x_b,y_b,theta_x_b,x_t,y_t,theta_x_t,x_p,y_p,q01,q02,q03,q04,q05,q06
0.2845055232684894,-0.17126358711080125,0.5134118718599232,0.04353444894434436,0.02637735853178466,0.45743115977590615,-0.0864048889651151,0.2781376524855186,3.2774962964881613,-1.7887769521651524,1.3001145257372837,-1.7284591189223977,-1.5862191237921088,0.8884487168042411
0.2845055232684894,-0.17126358711080125,0.5134118718599232,0.04353444894434436,0.02637735853178466,0.45743115977590615,-0.0864048889651151,0.2781376524855186,3.2774962964881613,-1.7887769521651524,1.3001145257372837,-1.7284591189223977,-1.5862191237921088,0.8884487168042411
0.4467926954048496,0.272295738349541,0.17623973670065599,0.06291621321268381,0.05297076010778611,-0.03554563858126589,-0.07226117963609906,-0.07857052295714123,3.0403269837576645,-1.632770456006942,1.6826326351490635,-1.3646124784419533,-1.7442527055240462,0.8690509932462468
0.4467926954048496,0.272295738349541,0.17623973670065599,0.06291621321268381,0.05297076010778611,-0.03554563858126589,-0.07226117963609906,-0.07857052295714123,3.0403269837576645,-1.632770456006942,1.6826326351490635,-1.3646124784419533,-1.7442527055240462,0.8690509932462468
0.4467926954048496,0.272295738349541,0.17623973670065599,0.06291621321268381,0.05297076010778611,-0.03554563858126589,-0.07226117963609906,-0.07857052295714123,3.0403269837576645,-1.632770456006942,1.6826326351490635,-1.3646124784419533,-1.7442527055240462,0.8690509932462468
0.4467926954048496,0.272295738349541,0.17623973670065599,0.06291621321268381,0.05297076010778611,-0.03554563858126589,-0.07226117963609906,-0.07857052295714123,3.0403269837576645,-1.632770456006942,1.6826326351490635,-1.3646124784419533,-1.7442527055240462,0.8690509932462468
