generation,piece1,piece2,piece3,piece4
0,8.640444977090688,1000000.0,1000000.0,44.73165145191736
1,8.640444977090688,1000000.0,1000000.0,44.73165145191736
2,13.298301873247334,67.63481664818784,27.502384860261383,1000000.0
3,13.298301873247334,67.63481664818784,27.502384860261383,1000000.0
4,13.298301873247334,67.63481664818784,27.502384860261383,1000000.0
5,13.298301873247334,67.63481664818784,27.502384860261383,1000000.0
