piece1_joint1,piece1_joint2,piece1_joint3,piece1_joint4,piece2_joint1,piece2_joint2,piece2_joint3,piece2_joint4,piece3_joint1,piece3_joint2,piece3_joint3,piece3_joint4
100.0,100.0,100.0,100.0,-0.07555075918815404,-0.0622020740465724,-0.0622020740465724,-0.0622020740465724,-0.24096503383295287,-0.06077745539845362,-0.06077745539845362,-0.050971493100274615
0.005203055000800014,0.09253466727152816,0.005203055000800014,0.005203055000800014,-0.09052516982188032,-0.06458453848716449,-0.06458453848716449,-0.06458453848716449,0.10589367043948396,0.10589367043948396,-0.19290199488991158,0.10589367043948396
100.0,100.0,100.0,100.0,-0.08527665586860371,-0.08527665586860371,-0.08527665586860371,0.05223528691922677,-0.09084621989479136,-0.024596641766313456,-0.4524558319555039,0.02925356096417439
100.0,100.0,100.0,100.0,0.2134900153032182,0.2134900153032182,0.2134900153032182,0.2134900153032182,0.15646970529598941,0.08663978811748421,-0.11512765745020805,0.2845894662578247
-0.23925759403364127,0.07183369324146197,-0.27060967409186876,0.07719514424286691,-0.007409513761347936,-0.007409513761347936,-0.007409513761347936,-0.007409513761347936,-0.0023292990553268472,-0.0023292990553268472,0.026822361819178964,-0.03452948599179188
-0.16594647611892233,0.04413059611983988,-0.17893996029317455,0.04413059611983988,,,,,,,,
