tau_ext_piece0_1,tau_ext_piece0_2,tau_ext_piece0_3,tau_ext_piece0_4,tau_ext_piece0_5,tau_ext_piece0_6,tau_ext_piece1_1,tau_ext_piece1_2,tau_ext_piece1_3,tau_ext_piece1_4,tau_ext_piece1_5,tau_ext_piece1_6,tau_ext_piece2_1,tau_ext_piece2_2,tau_ext_piece2_3,tau_ext_piece2_4,tau_ext_piece2_5,tau_ext_piece2_6,tau_ext_piece3_1,tau_ext_piece3_2,tau_ext_piece3_3,tau_ext_piece3_4,tau_ext_piece3_5,tau_ext_piece3_6
9.999807432988373,-19.111427761452124,-6.546157856192149,-0.13724987421553278,1.6465883848778153,-8.660331556799516,-10.272803857792503,5.047819391835516,5.45929534941906,5.22341767771458,5.596596066877723,-3.1037396383060587,-6.023249102926414,20.71525893877717,19.93668429226337,11.52029806623301,-2.1294463618843165,-8.516350778551821,-19.445368266464886,8.395564530382908,2.180605049873276,3.112524381168993,-7.116442598969374,8.65636435942594
9.933972381443054,18.085693010994476,10.530474446544021,-0.9962051614304371,-7.329090314165989,-8.656657484475524,-7.387332412383904,3.491058494283674,-1.2662612825379482,1.675495492198591,4.500219381747992,-4.268303221288178,-6.5976591400243425,20.737161908641642,17.52199470378971,9.212889218344557,-5.378040174692557,-8.660176844007093,-16.707717968760093,4.337351232947896,-4.496564029972939,-3.362846852026604,-3.354203348257686,7.654657706046273
10.11192230001205,12.10019916283493,8.201676993973068,-2.9328533678675632,-4.269826670585061,-8.61301627254684,-4.9485108490803364,1.9798428184972074,-2.880390601254526,3.490497502744706,1.807379983872156,4.895829354050432,7.955435420943868,-11.740001902725588,-2.13624550638524,5.106715049944,-12.319105339707644,-3.1657463256876133,-0.5101270608478177,-5.15575428150687,-12.464089708997381,-11.027721394902041,6.849440783773644,3.179204092336821
10.11192230001205,12.10019916283493,8.201676993973068,-2.9328533678675632,-4.269826670585061,-8.61301627254684,-4.9485108490803364,1.9798428184972074,-2.880390601254526,3.490497502744706,1.807379983872156,4.895829354050432,7.955435420943868,-11.740001902725588,-2.13624550638524,5.106715049944,-12.319105339707644,-3.1657463256876133,-0.5101270608478177,-5.15575428150687,-12.464089708997381,-11.027721394902041,6.849440783773644,3.179204092336821
