tau_ext_piece0_1,tau_ext_piece0_2,tau_ext_piece0_3,tau_ext_piece0_4,tau_ext_piece0_5,tau_ext_piece0_6,tau_ext_piece1_1,tau_ext_piece1_2,tau_ext_piece1_3,tau_ext_piece1_4,tau_ext_piece1_5,tau_ext_piece1_6,tau_ext_piece2_1,tau_ext_piece2_2,tau_ext_piece2_3,tau_ext_piece2_4,tau_ext_piece2_5,tau_ext_piece2_6,tau_ext_piece3_1,tau_ext_piece3_2,tau_ext_piece3_3,tau_ext_piece3_4,tau_ext_piece3_5,tau_ext_piece3_6
19.981168934788695,-14.78073567234006,-8.67720724313362,2.735637633715212,-10.320672889819388,-17.339496828803057,-7.227385715581398,-17.8731057343382,-23.795721016230946,-18.56467751946197,-5.417457798812553,-17.309385263624712,6.914479536462144,-22.17867680457521,-14.51232416070697,-6.2505329946573385,-21.127285494062498,-6.230982355292952,0.5025725181404848,13.370294749803652,18.482472522990115,12.279321816351516,9.657855702943726,-8.111416446534866
19.99803682133237,12.309806241077373,8.455456065028379,-2.667392282295349,-8.886136956362858,-17.32266610981969,-8.397977695444801,19.95733051722135,21.71152511179362,20.069767745059156,-7.083159940609253,-15.727205294121385,16.727193559886317,-7.695780665004824,4.917064104640611,10.529832742094161,-18.080698180147852,9.68654713592785,2.4446910207679418,-5.929843786642444,-17.509784538896234,-10.16348196284231,-9.04924886229014,-7.9681068868038984
19.99803682133237,12.309806241077373,8.455456065028379,-2.667392282295349,-8.886136956362858,-17.32266610981969,-8.397977695444801,19.95733051722135,21.71152511179362,20.069767745059156,-7.083159940609253,-15.727205294121385,16.727193559886317,-7.695780665004824,4.917064104640611,10.529832742094161,-18.080698180147852,9.68654713592785,2.4446910207679418,-5.929843786642444,-17.509784538896234,-10.16348196284231,-9.04924886229014,-7.9681068868038984
