tau_g_piece0_1,tau_g_piece0_2,tau_g_piece0_3,tau_g_piece0_4,tau_g_piece0_5,tau_g_piece0_6,tau_g_piece1_1,tau_g_piece1_2,tau_g_piece1_3,tau_g_piece1_4,tau_g_piece1_5,tau_g_piece1_6,tau_g_piece2_1,tau_g_piece2_2,tau_g_piece2_3,tau_g_piece2_4,tau_g_piece2_5,tau_g_piece2_6,tau_g_piece3_1,tau_g_piece3_2,tau_g_piece3_3,tau_g_piece3_4,tau_g_piece3_5,tau_g_piece3_6
0.0,-62.85705092869455,-14.759691643761876,-1.4062075963940472,3.8608171841015286,0.000361788054429546,0.0,22.795856273656163,19.30577597768755,0.09542454116222743,-2.5672859867644138,0.9250739192871511,0.0,49.10385490837511,29.150687513654738,4.659460135837186,-0.026836126005462813,-0.19603641106173475,0.0,54.55528264663046,24.259877352498346,-0.04088584720314259,-2.3465090538858746,-0.0005031928435332844
0.0,53.22255300284858,24.423849837687936,0.39214218710477056,-3.0854582496241174,0.005012816007727849,0.0,13.174895732317884,20.347735791051615,2.0189666655525116,-1.7054534503683514,1.3294370700158438,0.0,45.98672926285618,28.42462658832394,3.941205910275201,-0.19602090771245528,-0.00042945939867822247,0.0,57.44782395744098,24.63723029417309,0.26337986531760293,-2.650659976075351,0.6316321099256221
0.0,36.840729070806645,21.945527511900185,-1.259995012793766,0.5530854544492134,0.00887307418750833,0.0,30.02298246806359,-4.778888851017341,-6.861424075109234,0.21366698326471206,-1.737720369790088,0.0,-34.73728389861233,-22.483760924077657,1.7727751172117916,0.6871055969036137,1.243499931554212,0.0,56.698179303914785,22.22398707766311,-1.9969993764066842,-1.7214781351368293,1.3730569255462735
0.0,36.840729070806645,21.945527511900185,-1.259995012793766,0.5530854544492134,0.00887307418750833,0.0,30.02298246806359,-4.778888851017341,-6.861424075109234,0.21366698326471206,-1.737720369790088,0.0,-34.73728389861233,-22.483760924077657,1.7727751172117916,0.6871055969036137,1.243499931554212,0.0,56.698179303914785,22.22398707766311,-1.9969993764066842,-1.7214781351368293,1.3730569255462735
