tau_g_piece0_1,tau_g_piece0_2,tau_g_piece0_3,tau_g_piece0_4,tau_g_piece0_5,tau_g_piece0_6,tau_g_piece1_1,tau_g_piece1_2,tau_g_piece1_3,tau_g_piece1_4,tau_g_piece1_5,tau_g_piece1_6,tau_g_piece2_1,tau_g_piece2_2,tau_g_piece2_3,tau_g_piece2_4,tau_g_piece2_5,tau_g_piece2_6,tau_g_piece3_1,tau_g_piece3_2,tau_g_piece3_3,tau_g_piece3_4,tau_g_piece3_5,tau_g_piece3_6
0.0,-45.93584154627699,-22.54013079593315,1.2349911500978763,-0.3195716782691205,0.0011748088434569426,0.0,-30.082730477668356,-6.940002913430018,6.286527349404777,0.0005141856259486601,1.849009578674178,0.0,-48.03821620238485,-22.841951830275,1.6604001992502617,-1.3921846819017392,1.2458795644708718,0.0,50.27620656366592,9.906898065865297,-6.591989449550589,0.030803704829741763,-1.8389401542647823
0.0,36.786487352352964,22.03081454846767,-1.1442263654804599,0.8255662541663429,0.0005382522510474219,0.0,43.07574459928239,10.026001046449323,-6.167758116986468,-0.24682027836430162,1.8311207896925201,0.0,-47.68334072360747,-18.120938094149153,5.347708011825443,-0.05104533417767032,0.26751500759474633,0.0,-25.735421755961546,-12.991720097568962,5.25960558723828,-0.23010672644279312,-1.8388329522749043
0.0,36.786487352352964,22.03081454846767,-1.1442263654804599,0.8255662541663429,0.0005382522510474219,0.0,43.07574459928239,10.026001046449323,-6.167758116986468,-0.24682027836430162,1.8311207896925201,0.0,-47.68334072360747,-18.120938094149153,5.347708011825443,-0.05104533417767032,0.26751500759474633,0.0,-25.735421755961546,-12.991720097568962,5.25960558723828,-0.23010672644279312,-1.8388329522749043
