tau_ext_piece0_1,tau_ext_piece0_2,tau_ext_piece0_3,tau_ext_piece0_4,tau_ext_piece0_5,tau_ext_piece0_6,tau_ext_piece1_1,tau_ext_piece1_2,tau_ext_piece1_3,tau_ext_piece1_4,tau_ext_piece1_5,tau_ext_piece1_6,tau_ext_piece2_1,tau_ext_piece2_2,tau_ext_piece2_3,tau_ext_piece2_4,tau_ext_piece2_5,tau_ext_piece2_6,tau_ext_piece3_1,tau_ext_piece3_2,tau_ext_piece3_3,tau_ext_piece3_4,tau_ext_piece3_5,tau_ext_piece3_6
9.992874369104676,9.491386977029697,2.6162407708103914,-7.884112499936926,4.272638609814275,-8.68311071053244,-3.1480217344446406,-4.308729911551131,-2.31891276828829,-5.009600339269709,2.112905965252929,4.840212083699272,9.924994493032667,-8.388558220605624,3.279925808977194,7.181781323976006,12.792626375176017,-0.8864182375181584,-7.813177977187644,1.27096993848498,-9.223541474028847,-7.527694163653882,-2.700902726651148,8.30773240082172
9.992874369104676,9.491386977029697,2.6162407708103914,-7.884112499936926,4.272638609814275,-8.68311071053244,-3.1480217344446406,-4.308729911551131,-2.31891276828829,-5.009600339269709,2.112905965252929,4.840212083699272,9.924994493032667,-8.388558220605624,3.279925808977194,7.181781323976006,12.792626375176017,-0.8864182375181584,-7.813177977187644,1.27096993848498,-9.223541474028847,-7.527694163653882,-2.700902726651148,8.30773240082172
9.992874369104676,9.491386977029697,2.6162407708103914,-7.884112499936926,4.272638609814275,-8.68311071053244,-3.1480217344446406,-4.308729911551131,-2.31891276828829,-5.009600339269709,2.112905965252929,4.840212083699272,9.924994493032667,-8.388558220605624,3.279925808977194,7.181781323976006,12.792626375176017,-0.8864182375181584,-7.813177977187644,1.27096993848498,-9.223541474028847,-7.527694163653882,-2.700902726651148,8.30773240082172
9.992874369104676,9.491386977029697,2.6162407708103914,-7.884112499936926,4.272638609814275,-8.68311071053244,-3.1480217344446406,-4.308729911551131,-2.31891276828829,-5.009600339269709,2.112905965252929,4.840212083699272,9.924994493032667,-8.388558220605624,3.279925808977194,7.181781323976006,12.792626375176017,-0.8864182375181584,-7.813177977187644,1.27096993848498,-9.223541474028847,-7.527694163653882,-2.700902726651148,8.30773240082172
