tau_g_piece0_1,tau_g_piece0_2,tau_g_piece0_3,tau_g_piece0_4,tau_g_piece0_5,tau_g_piece0_6,tau_g_piece1_1,tau_g_piece1_2,tau_g_piece1_3,tau_g_piece1_4,tau_g_piece1_5,tau_g_piece1_6,tau_g_piece2_1,tau_g_piece2_2,tau_g_piece2_3,tau_g_piece2_4,tau_g_piece2_5,tau_g_piece2_6,tau_g_piece3_1,tau_g_piece3_2,tau_g_piece3_3,tau_g_piece3_4,tau_g_piece3_5,tau_g_piece3_6
0.0,40.285592814224614,13.790710537169382,-8.039616301949941,-0.5979150939462832,-0.008647696788670695,0.0,-30.638375941973166,5.217888033061175,5.769255428458016,1.0162831534337593,-1.7775168798680037,0.0,-39.477864168907516,-13.377985305634944,8.13945926463724,-0.40114754381085893,1.283126715430814,0.0,50.06243765288097,22.24134901185998,-1.9918892404310569,-1.0114582449196758,0.3759250631825628
0.0,40.285592814224614,13.790710537169382,-8.039616301949941,-0.5979150939462832,-0.008647696788670695,0.0,-30.638375941973166,5.217888033061175,5.769255428458016,1.0162831534337593,-1.7775168798680037,0.0,-39.477864168907516,-13.377985305634944,8.13945926463724,-0.40114754381085893,1.283126715430814,0.0,50.06243765288097,22.24134901185998,-1.9918892404310569,-1.0114582449196758,0.3759250631825628
0.0,40.285592814224614,13.790710537169382,-8.039616301949941,-0.5979150939462832,-0.008647696788670695,0.0,-30.638375941973166,5.217888033061175,5.769255428458016,1.0162831534337593,-1.7775168798680037,0.0,-39.477864168907516,-13.377985305634944,8.13945926463724,-0.40114754381085893,1.283126715430814,0.0,50.06243765288097,22.24134901185998,-1.9918892404310569,-1.0114582449196758,0.3759250631825628
0.0,40.285592814224614,13.790710537169382,-8.039616301949941,-0.5979150939462832,-0.008647696788670695,0.0,-30.638375941973166,5.217888033061175,5.769255428458016,1.0162831534337593,-1.7775168798680037,0.0,-39.477864168907516,-13.377985305634944,8.13945926463724,-0.40114754381085893,1.283126715430814,0.0,50.06243765288097,22.24134901185998,-1.9918892404310569,-1.0114582449196758,0.3759250631825628
