generation,piece1
0,6.78509529317072
1,6.78509529317072
2,6.78509529317072
3,6.78509529317072
4,6.78509529317072
5,8.484520032511668
6,8.484520032511668
7,8.484520032511668
8,8.484520032511668
9,8.484520032511668
10,8.484520032511668
