generation,piece1
0,6.76349142228431
1,6.76349142228431
2,6.76349142228431
3,6.76349142228431
4,6.76349142228431
5,8.450122396750375
6,8.450122396750375
7,8.450122396750375
8,8.450122396750375
9,8.450122396750375
10,8.450122396750375
