generation,piece1
0,2.6998395018119816
1,2.6998395018119816
2,2.6998395018119816
3,2.6998395018119816
4,2.6998395018119816
5,2.6665470752294818
6,2.6665470752294818
7,2.6665470752294818
8,2.6665470752294818
9,2.6665470752294818
10,2.6665470752294818
