generation,piece1
0,2.5561860224072244
1,2.5561860224072244
2,2.5561860224072244
3,2.5561860224072244
4,2.5561860224072244
5,2.4988584112448238
6,2.4988584112448238
7,2.4988584112448238
8,2.4988584112448238
9,2.4988584112448238
10,2.4988584112448238
