piece1_joint1,piece2_joint1,piece3_joint1
100.0,100.0,0.5937799254963373
0.41266272678847976,100.0,100.0
100.0,100.0,100.0
1.0358040549208773,100.0,100.0
0.7232322837987267,100.0,100.0
100.0,0.35780978198786734,100.0
100.0,100.0,0.8376459907814193
100.0,100.0,100.0
0.9175958356981804,100.0,0.6426648552968046
0.8581232607375525,100.0,0.8227095192343413
100.0,,
