piece1_joint1,piece2_joint1,piece3_joint1
100.0,100.0,0.1540313939434511
0.020371799867557508,100.0,100.0
100.0,100.0,100.0
0.18948723278990337,100.0,100.0
0.15800693060901866,100.0,100.0
100.0,0.12122625653721836,100.0
100.0,100.0,0.1562494426073829
100.0,100.0,100.0
0.1805135221136501,100.0,100.0
100.0,100.0,0.1962437698908929
100.0,,
