piece1_joint1,piece2_joint1,piece3_joint1
100.0,100.0,0.013970719260243097
-0.16588454521647125,100.0,100.0
100.0,100.0,100.0
0.2720688513329401,100.0,100.0
0.2578134189224419,100.0,100.0
100.0,0.08236430698311172,100.0
100.0,100.0,0.294387963176793
100.0,100.0,100.0
0.35946599028191883,100.0,-0.06046019185140449
0.34908001201762834,100.0,0.10045687206213043
100.0,,
