piece1_joint1,piece2_joint1,piece3_joint1
100.0,100.0,0.15616441795330835
0.020371799867557508,100.0,100.0
100.0,100.0,100.0
0.18426494303097066,100.0,100.0
0.154914047349426,100.0,100.0
100.0,0.11180031475655366,100.0
100.0,100.0,0.14319126906720991
100.0,100.0,100.0
0.18569395516133075,100.0,0.1705045381188711
0.1355315108488067,100.0,0.1919960503141082
100.0,,
