piece1_joint1,piece2_joint1,piece3_joint1
100.0,100.0,0.587647962203476
0.41266272678847976,100.0,100.0
100.0,100.0,100.0
1.0475300476573544,100.0,100.0
0.698742590667903,100.0,100.0
100.0,0.46069166813724144,100.0
100.0,100.0,0.8293674333271076
100.0,100.0,100.0
0.8847423048779739,100.0,100.0
100.0,100.0,1.226463118505077
100.0,,
