piece1_joint1,piece2_joint1,piece3_joint1
100.0,100.0,0.0414492704639442
-0.16588454521647125,100.0,100.0
100.0,100.0,100.0
0.2572592835815516,100.0,100.0
0.2053739339593794,100.0,100.0
100.0,0.04023965500463805,100.0
100.0,100.0,0.26720746165813797
100.0,100.0,100.0
0.3391397793384787,100.0,100.0
100.0,100.0,0.40400466151617576
100.0,,
