generation,piece1
0,69.2008726826132
1,69.2008726826132
2,69.2008726826132
3,69.2008726826132
4,69.2008726826132
5,86.17847386273142
6,86.17847386273142
7,86.17847386273142
8,86.17847386273142
9,86.17847386273142
10,86.17847386273142
