generation,piece1
0,68.9130072340467
1,68.9130072340467
2,68.9130072340467
3,68.9130072340467
4,68.9130072340467
5,85.75065317312615
6,85.75065317312615
7,85.75065317312615
8,85.75065317312615
9,85.75065317312615
10,85.75065317312615
