tau_ext_piece0_1,tau_ext_piece0_2,tau_ext_piece0_3,tau_ext_piece0_4,tau_ext_piece0_5,tau_ext_piece0_6,tau_ext_piece0_7
14.139496491297773,-36.48821723923498,-59.799220362004945,42.77553497681002,-47.09720272037097,-2.5247328594388616,0.037318632104304444
87.51229579338775,40.902046730328834,-8.278389043868742,-61.3281836607729,43.27670713324927,-19.355009607995036,-14.437800817097695
60.01044292331639,3.8569803771747173,-61.35508780180326,-17.709506718679243,-14.596763472488266,4.654973207331695,-7.203544357307572
