generation,piece1
0,6.570367553114181
1,8.322563183687624
2,9.602398427363452
3,9.602398427363452
