tau_ext_piece0_1,tau_ext_piece0_2,tau_ext_piece0_3,tau_ext_piece0_4,tau_ext_piece0_5,tau_ext_piece0_6,tau_ext_piece0_7
68.47213490600264,42.632831614788806,-10.602859717428213,-31.594401148515388,57.54727401793728,18.211073657057433,4.974815981738745
30.637069648810037,30.140268194443046,30.493286647956005,-31.064576820437004,51.11005536241009,-2.7380802295809703,17.31102376487071
37.68457956694809,-39.004746800161115,24.078499277571552,30.578704677897107,41.699729354945745,9.392761235622114,18.557089951230335
37.68457956694809,-39.004746800161115,24.078499277571552,30.578704677897107,41.699729354945745,9.392761235622114,18.557089951230335
