generation,piece1
0,2.7644678015557753
1,2.7262769103548967
2,3.462868051083374
3,3.462868051083374
