generation,piece1
0,2.0279211547084732
1,2.0279211547084732
2,2.0279211547084732
3,2.0279211547084732
4,2.6410501032708997
5,2.1734621191506855
6,2.1734621191506855
7,2.1734621191506855
8,2.1734621191506855
9,2.1734621191506855
