generation,piece1
0,1.6257608165352229
1,2.017835083009019
2,1.7180472041906427
