generation,piece1
0,7.087760032956363
1,7.087760032956363
2,7.087760032956363
3,7.087760032956363
4,11.189837041195554
5,8.177935224713515
6,8.177935224713515
7,8.177935224713515
8,8.177935224713515
9,8.177935224713515
