tau_g_piece0_1,tau_g_piece0_2,tau_g_piece0_3,tau_g_piece0_4,tau_g_piece0_5,tau_g_piece0_6,tau_g_piece0_7
0.0,-85.37874560590399,-23.134446078096616,14.892064242002458,-5.266553802417033,8.921788830285788,2.618557075828953
0.0,-58.0408438070614,-24.066627806037033,-13.411053053314522,1.4971214183458006,10.452984083311293,-1.8737981923180262
0.0,-71.43881442292896,-26.99100603992517,-0.8047730431403828,-2.792028007284289,10.97243381925043,-0.42613044023265445
