generation,piece1
0,6.477486403747418
1,8.241322431511442
2,6.918264931975096
