y_b,x_t,y_t,theta_x_t,theta_y_t,theta_x_p
-0.18010091377025406,0.07467828011607841,0.022880952923830022,0.5055708482086811,0.03745942675266983,-1.3621751784470095
0.13261775010214621,0.05288269128636669,0.040071195375477625,0.33472266291391617,0.09476584725435033,-1.4535891141491035
-0.022669126820615525,0.05102439921121459,0.04132231923777979,0.24043693610814876,0.10403142470754984,-1.3273856806372306
