tau_g_piece0_1,tau_g_piece0_2,tau_g_piece0_3,tau_g_piece0_4,tau_g_piece0_5,tau_g_piece0_6,tau_g_piece0_7
0.0,-83.08175065394651,0.6451006793446857,10.936548848735384,-3.251124895775174,8.652018693327264,-5.441013781652204
0.0,-61.55323696493944,-12.966548072529912,-9.91072725410918,3.0170645600912573,9.817824347795222,-3.545459727410835
0.0,57.793362838859885,-8.829093045372652,13.579807827621082,4.415925757798247,-9.462079022317981,-3.5353443664784305
0.0,57.793362838859885,-8.829093045372652,13.579807827621082,4.415925757798247,-9.462079022317981,-3.5353443664784305
