piece1_joint1,piece2_joint1,piece3_joint1
100.0,0.16032476981130903,0.16344932809572235
0.13510659718014978,0.1968732687983339,0.13631896279380726
100.0,100.0,0.18831226741031248
0.171441124804552,100.0,0.20361336095357233
0.19122016039566717,0.1176997662558765,100.0
0.15627290521651302,100.0,100.0
0.13063655325658158,0.16109191262996672,0.16339951598198263
0.15496684925348408,0.14680130029826094,100.0
0.15060976632091436,0.153294596491384,100.0
0.1217955506361648,100.0,100.0
