piece1_joint1,piece2_joint1,piece3_joint1
0.16978628282019004,0.15623956708417638,0.15195107720872286
0.12807282497193298,100.0,0.0012072466777357208
0.12228910586187804,0.001290523410716767,0.14938267098336477
