piece1_joint1,piece2_joint1,piece3_joint1
0.80222231607645,0.6621307996490208,0.37676924201567163
0.7339599423663106,100.0,1.2672987723532017
0.6048813264263728,1.1277901779576172,0.23055005670885995
