piece1_joint1,piece2_joint1,piece3_joint1
100.0,1.0773063981958508,0.8523591469652029
0.8624117033648021,0.8249350954868034,1.0690430502042954
100.0,100.0,0.9192078187149538
1.2835809960881706,100.0,1.1966319832578347
1.282284133632141,0.9826951459244129,100.0
0.5415786787428959,100.0,100.0
0.8196725847220488,1.020410307596347,0.7249467431167343
0.37097136953287824,0.5174777140225846,100.0
0.78320283655011,0.8068099923970734,100.0
0.9634629890010327,100.0,100.0
