piece1_joint1,piece2_joint1,piece3_joint1
0.831731076928441,0.9755977757655296,0.5958277874316494
0.5425817007328242,0.48707706462657513,100.0
0.4917054726312962,100.0,100.0
0.5781414432613562,0.6055415384457766,0.668843362922573
