piece1_joint1,piece2_joint1,piece3_joint1
0.31848629334662915,-0.03145513972695546,0.04026232485944831
-0.17764988169992552,-0.1267197368692725,100.0
-0.19360666853018285,100.0,100.0
0.015038951107891052,0.038453447763128645,0.12301039902284246
