piece1_joint1,piece2_joint1,piece3_joint1
-0.03817494307672542,0.00014551576623068972,0.20426195678618803
-0.18877016551109738,100.0,0.06438971246945482
0.31425647436877374,0.06299599692965675,0.17688122060495834
