piece1_joint1,piece2_joint1,piece3_joint1
0.1697160396411275,0.21471213265526967,0.13744505614968203
0.1133939883287511,0.11445098964868075,100.0
0.10646791543863535,100.0,100.0
0.13882900651032234,0.1514036657079454,0.14448391174968075
