piece1_joint1,piece2_joint1,piece3_joint1
100.0,0.39720361403136206,0.26240499228335645
0.30371456962643906,0.26211006885273425,0.28071880724338627
100.0,100.0,0.36904868315164785
0.4817886384885751,100.0,0.453057980699895
0.4772105304524145,-0.38535159243945605,100.0
-0.15123133369515596,100.0,100.0
-0.37763902865167537,0.31767423920866056,0.007451149298116785
0.039907012386786365,-0.07970718797262746,100.0
-0.19741890113806126,-0.37137776199356465,100.0
-0.38442451693544566,100.0,100.0
