generation,piece1
0,71.89156090691787
1,71.89156090691787
2,71.89156090691787
3,71.89156090691787
4,113.218895463591
5,82.8660833067105
6,82.8660833067105
7,82.8660833067105
8,82.8660833067105
9,82.8660833067105
