generation,piece1
0,65.58774444574179
1,83.42214185661894
2,70.04167292184628
