generation,piece1
0,67.0859094319197
1,84.58877029205368
2,97.75541829917621
3,97.75541829917621
