q1,q2,q3,q4,q5,q6
1.611013361877033256e+00,-1.531322402226361179e+00,2.176874468348350522e+00,-3.001342556842548248e+00,-1.599229983316794446e+00,-3.113147256452433176e+00
1.611012233913513336e+00,-1.531322786956601512e+00,2.176874880663051126e+00,-3.001342610629932128e+00,-1.599229186842209494e+00,-3.113148056075016878e+00
1.611008854216234409e+00,-1.531323939381209032e+00,2.176876115598201711e+00,-3.001342771407601528e+00,-1.599226800369510260e+00,-3.113150451951592679e+00
1.611003229075117282e+00,-1.531325856851011968e+00,2.176878170140373658e+00,-3.001343038298831534e+00,-1.599222828325280732e+00,-3.113154439595400280e+00
1.610995364780083206e+00,-1.531328536716839661e+00,2.176881041276137463e+00,-3.001343410426898561e+00,-1.599217275136104899e+00,-3.113160014519678498e+00
1.610985267621053207e+00,-1.531331976329520561e+00,2.176884725992065839e+00,-3.001343886915077697e+00,-1.599210145228566748e+00,-3.113167172237665703e+00
1.610972943887948317e+00,-1.531336173039884230e+00,2.176889221274730168e+00,-3.001344466886645801e+00,-1.599201443029250269e+00,-3.113175908262600267e+00
1.610958399870689561e+00,-1.531341124198758896e+00,2.176894524110701390e+00,-3.001345149464877959e+00,-1.599191172964739005e+00,-3.113186218107721448e+00
1.610941641859198192e+00,-1.531346827156973678e+00,2.176900631486551774e+00,-3.001345933773050145e+00,-1.599179339461617166e+00,-3.113198097286267618e+00
1.610922676143395238e+00,-1.531353279265357692e+00,2.176907540388852258e+00,-3.001346818934438776e+00,-1.599165946946468297e+00,-3.113211541311478037e+00
1.610901509013201283e+00,-1.531360477874739612e+00,2.176915247804174669e+00,-3.001347804072318937e+00,-1.599150999845876830e+00,-3.113226545696591074e+00
1.610878146758538243e+00,-1.531368420335948111e+00,2.176923750719090389e+00,-3.001348888309966156e+00,-1.599134502586426532e+00,-3.113243105954845547e+00
1.610852595669326481e+00,-1.531377103999812528e+00,2.176933046120171245e+00,-3.001350070770657297e+00,-1.599116459594701167e+00,-3.113261217599480268e+00
1.610824862035487470e+00,-1.531386526217161315e+00,2.176943130993988618e+00,-3.001351350577667887e+00,-1.599096875297284504e+00,-3.113280876143734055e+00
1.610794952146942016e+00,-1.531396684338823810e+00,2.176954002327114335e+00,-3.001352726854273456e+00,-1.599075754120760751e+00,-3.113302077100844834e+00
1.610762872293611148e+00,-1.531407575715628466e+00,2.176965657106119334e+00,-3.001354198723749533e+00,-1.599053100491713897e+00,-3.113324815984052751e+00
1.610728628765416337e+00,-1.531419197698404622e+00,2.176978092317575442e+00,-3.001355765309372980e+00,-1.599028918836727486e+00,-3.113349088306595291e+00
1.610692227852278391e+00,-1.531431547637980506e+00,2.176991304948054040e+00,-3.001357425734418438e+00,-1.599003213582385508e+00,-3.113374889581712157e+00
1.610653675844118116e+00,-1.531444622885185902e+00,2.177005291984127400e+00,-3.001359179122162324e+00,-1.598975989155272392e+00,-3.113402215322641720e+00
1.610612979030856762e+00,-1.531458420790848818e+00,2.177020050412366459e+00,-3.001361024595881055e+00,-1.598947249981971463e+00,-3.113431061042622350e+00
1.610570143702415580e+00,-1.531472938705798814e+00,2.177035577219342599e+00,-3.001362961278849273e+00,-1.598917000489066709e+00,-3.113461422254892863e+00
1.610525176148715598e+00,-1.531488173980864120e+00,2.177051869391627648e+00,-3.001364988294343839e+00,-1.598885245103142561e+00,-3.113493294472692519e+00
1.610478082659677845e+00,-1.531504123966874076e+00,2.177068923915793874e+00,-3.001367104765639837e+00,-1.598851988250782119e+00,-3.113526673209259688e+00
1.610428869525223128e+00,-1.531520786014657576e+00,2.177086737778410885e+00,-3.001369309816013242e+00,-1.598817234358570039e+00,-3.113561553977833185e+00
1.610377543035272696e+00,-1.531538157475043294e+00,2.177105307966052283e+00,-3.001371602568740027e+00,-1.598780987853089641e+00,-3.113597932291651826e+00
1.610324109479747801e+00,-1.531556235698860569e+00,2.177124631465288118e+00,-3.001373982147096164e+00,-1.598743253160925359e+00,-3.113635803663953983e+00
1.610268575148569248e+00,-1.531575018036937630e+00,2.177144705262691105e+00,-3.001376447674357184e+00,-1.598704034708660737e+00,-3.113675163607979357e+00
1.610210946331658066e+00,-1.531594501840103817e+00,2.177165526344831736e+00,-3.001378998273799503e+00,-1.598663336922879763e+00,-3.113716007636965433e+00
1.610151229318935728e+00,-1.531614684459187803e+00,2.177187091698281840e+00,-3.001381633068697763e+00,-1.598621164230166425e+00,-3.113758331264151913e+00
1.610089430400322819e+00,-1.531635563245018483e+00,2.177209398309613686e+00,-3.001384351182329269e+00,-1.598577521057104711e+00,-3.113802130002776725e+00
1.610025555865740587e+00,-1.531657135548424753e+00,2.177232443165398657e+00,-3.001387151737968662e+00,-1.598532411830278388e+00,-3.113847399366079571e+00
1.609959612005110063e+00,-1.531679398720235730e+00,2.177256223252207246e+00,-3.001390033858892359e+00,-1.598485840976271444e+00,-3.113894134867298380e+00
1.609891605108352497e+00,-1.531702350111280087e+00,2.177280735556612168e+00,-3.001392996668375890e+00,-1.598437812921667645e+00,-3.113942332019672410e+00
1.609821541465388695e+00,-1.531725987072386719e+00,2.177305977065184361e+00,-3.001396039289695672e+00,-1.598388332093051201e+00,-3.113991986336440032e+00
1.609749427366139907e+00,-1.531750306954384522e+00,2.177331944764495208e+00,-3.001399160846127234e+00,-1.598337402917005656e+00,-3.114043093330840062e+00
1.609675269100527162e+00,-1.531775307108102613e+00,2.177358635641116980e+00,-3.001402360460945662e+00,-1.598285029820115222e+00,-3.114095648516111314e+00
1.609599072958471488e+00,-1.531800984884369443e+00,2.177386046681620169e+00,-3.001405637257427372e+00,-1.598231217228963663e+00,-3.114149647405492605e+00
1.609520845229893915e+00,-1.531827337634014352e+00,2.177414174872577490e+00,-3.001408990358848783e+00,-1.598175969570135191e+00,-3.114205085512223192e+00
1.609440592204715470e+00,-1.531854362707865569e+00,2.177443017200559883e+00,-3.001412418888484979e+00,-1.598119291270213127e+00,-3.114261958349540116e+00
1.609358320172857404e+00,-1.531882057456752877e+00,2.177472570652138284e+00,-3.001415921969612377e+00,-1.598061186755781904e+00,-3.114320261430683967e+00
1.609274035424240745e+00,-1.531910419231504283e+00,2.177502832213885409e+00,-3.001419498725505619e+00,-1.598001660453425288e+00,-3.114379990268892673e+00
1.609187744248786078e+00,-1.531939445382949350e+00,2.177533798872372639e+00,-3.001423148279441566e+00,-1.597940716789727045e+00,-3.114441140377405048e+00
1.609099452936415320e+00,-1.531969133261916749e+00,2.177565467614170469e+00,-3.001426869754695748e+00,-1.597878360191271385e+00,-3.114503707269459909e+00
1.609009167777049054e+00,-1.531999480219235155e+00,2.177597835425851613e+00,-3.001430662274544581e+00,-1.597814595084641853e+00,-3.114567686458295626e+00
1.608916895060608088e+00,-1.532030483605733684e+00,2.177630899293987010e+00,-3.001434524962262707e+00,-1.597749425896422881e+00,-3.114633073457151458e+00
1.608822641077013893e+00,-1.532062140772241010e+00,2.177664656205148486e+00,-3.001438456941126987e+00,-1.597682857053197791e+00,-3.114699863779266220e+00
1.608726412116187721e+00,-1.532094449069586473e+00,2.177699103145906978e+00,-3.001442457334412506e+00,-1.597614892981550794e+00,-3.114768052937877840e+00
1.608628214468049933e+00,-1.532127405848598523e+00,2.177734237102835202e+00,-3.001446525265396126e+00,-1.597545538108065877e+00,-3.114837636446225577e+00
1.608528054422522002e+00,-1.532161008460106055e+00,2.177770055062503207e+00,-3.001450659857352488e+00,-1.597474796859326585e+00,-3.114908609817548690e+00
1.608425938269525401e+00,-1.532195254254938188e+00,2.177806554011483708e+00,-3.001454860233558009e+00,-1.597402673661917349e+00,-3.114980968565085107e+00
1.608321872298980271e+00,-1.532230140583923594e+00,2.177843730936348088e+00,-3.001459125517288662e+00,-1.597329172942421716e+00,-3.115054708202073641e+00
1.608215862800808527e+00,-1.532265664797891391e+00,2.177881582823667284e+00,-3.001463454831819533e+00,-1.597254299127423671e+00,-3.115129824241753553e+00
1.608107916064930976e+00,-1.532301824247670252e+00,2.177920106660013122e+00,-3.001467847300427483e+00,-1.597178056643507427e+00,-3.115206312197363214e+00
1.607998038381268202e+00,-1.532338616284089072e+00,2.177959299431957874e+00,-3.001472302046387597e+00,-1.597100449917256526e+00,-3.115284167582141883e+00
1.607886236039741901e+00,-1.532376038257976969e+00,2.177999158126071588e+00,-3.001476818192976292e+00,-1.597021483375254958e+00,-3.115363385909327487e+00
1.607772515330272878e+00,-1.532414087520162616e+00,2.178039679728926981e+00,-3.001481394863468655e+00,-1.596941161444086710e+00,-3.115443962692158841e+00
1.607656882542782162e+00,-1.532452761421474685e+00,2.178080861227095877e+00,-3.001486031181141101e+00,-1.596859488550335548e+00,-3.115525893443875649e+00
1.607539343967191003e+00,-1.532492057312742739e+00,2.178122699607148327e+00,-3.001490726269269160e+00,-1.596776469120585462e+00,-3.115609173677715837e+00
1.607419905893420209e+00,-1.532531972544795007e+00,2.178165191855657490e+00,-3.001495479251128806e+00,-1.596692107581420661e+00,-3.115693798906918222e+00
1.607298574611391251e+00,-1.532572504468460828e+00,2.178208334959193415e+00,-3.001500289249995568e+00,-1.596606408359424689e+00,-3.115779764644721173e+00
1.607175356411024714e+00,-1.532613650434568875e+00,2.178252125904329262e+00,-3.001505155389145862e+00,-1.596519375881181757e+00,-3.115867066404364394e+00
1.607050257582241626e+00,-1.532655407793948044e+00,2.178296561677635523e+00,-3.001510076791855663e+00,-1.596431014573275187e+00,-3.115955699699085812e+00
1.606923284414963460e+00,-1.532697773897426785e+00,2.178341639265683582e+00,-3.001515052581399612e+00,-1.596341328862289854e+00,-3.116045660042124688e+00
1.606794443199111244e+00,-1.532740746095834883e+00,2.178387355655045265e+00,-3.001520081881054569e+00,-1.596250323174808639e+00,-3.116136942946719390e+00
1.606663740224605785e+00,-1.532784321740000788e+00,2.178433707832292399e+00,-3.001525163814096064e+00,-1.596158001937415971e+00,-3.116229543926109180e+00
1.606531181781368334e+00,-1.532828498180753174e+00,2.178480692783996808e+00,-3.001530297503799627e+00,-1.596064369576696063e+00,-3.116323458493531984e+00
1.606396774159319918e+00,-1.532873272768921158e+00,2.178528307496728988e+00,-3.001535482073441230e+00,-1.595969430519232235e+00,-3.116418682162227949e+00
1.606260523648381566e+00,-1.532918642855333413e+00,2.178576548957061210e+00,-3.001540716646297291e+00,-1.595873189191608699e+00,-3.116515210445433670e+00
1.606122436538474085e+00,-1.532964605790819057e+00,2.178625414151564854e+00,-3.001546000345642895e+00,-1.595775650020409442e+00,-3.116613038856389739e+00
1.605982519119519170e+00,-1.533011158926206985e+00,2.178674900066811304e+00,-3.001551332294754459e+00,-1.595676817432218231e+00,-3.116712162908334083e+00
1.605840777681437404e+00,-1.533058299612326314e+00,2.178725003689372830e+00,-3.001556711616907513e+00,-1.595576695853619054e+00,-3.116812578114505516e+00
1.605697218514150038e+00,-1.533106025200005273e+00,2.178775722005820370e+00,-3.001562137435377586e+00,-1.595475289711195677e+00,-3.116914279988143299e+00
1.605551847907578100e+00,-1.533154333040073203e+00,2.178827052002724862e+00,-3.001567608873440651e+00,-1.595372603431532088e+00,-3.117017264042485358e+00
1.605404672151642398e+00,-1.533203220483358775e+00,2.178878990666659021e+00,-3.001573125054372682e+00,-1.595268641441212498e+00,-3.117121525790770953e+00
1.605255697536264403e+00,-1.533252684880691108e+00,2.178931534984193341e+00,-3.001578685101450095e+00,-1.595163408166820451e+00,-3.117227060746238454e+00
1.605104930351364922e+00,-1.533302723582898874e+00,2.178984681941900536e+00,-3.001584288137947976e+00,-1.595056908034939713e+00,-3.117333864422127121e+00
1.604952376886864984e+00,-1.533353333940810970e+00,2.179038428526351101e+00,-3.001589933287142298e+00,-1.594949145472154939e+00,-3.117441932331675325e+00
1.604798043432686061e+00,-1.533404513305256733e+00,2.179092771724116862e+00,-3.001595619672308590e+00,-1.594840124905049006e+00,-3.117551259988121881e+00
1.604641936278748737e+00,-1.533456259027064394e+00,2.179147708521770088e+00,-3.001601346416723270e+00,-1.594729850760206791e+00,-3.117661842904705605e+00
1.604484061714974263e+00,-1.533508568457063292e+00,2.179203235905881275e+00,-3.001607112643661868e+00,-1.594618327464211616e+00,-3.117773676594664867e+00
1.604324426031283890e+00,-1.533561438946082101e+00,2.179259350863022693e+00,-3.001612917476400355e+00,-1.594505559443647691e+00,-3.117886756571238926e+00
1.604163035517598423e+00,-1.533614867844949492e+00,2.179316050379765723e+00,-3.001618760038214262e+00,-1.594391551125098783e+00,-3.118001078347666599e+00
1.603999896463838892e+00,-1.533668852504495028e+00,2.179373331442680861e+00,-3.001624639452379562e+00,-1.594276306935148879e+00,-3.118116637437186256e+00
1.603835015159926325e+00,-1.533723390275546938e+00,2.179431191038341709e+00,-3.001630554842172227e+00,-1.594159831300381969e+00,-3.118233429353036268e+00
1.603668397895782194e+00,-1.533778478508934562e+00,2.179489626153318316e+00,-3.001636505330867788e+00,-1.594042128647381373e+00,-3.118351449608456338e+00
1.603500050961327306e+00,-1.533834114555486350e+00,2.179548633774182509e+00,-3.001642490041742661e+00,-1.593923203402731970e+00,-3.118470693716684838e+00
1.603329980646482467e+00,-1.533890295766031420e+00,2.179608210887505670e+00,-3.001648508098071932e+00,-1.593803059993017079e+00,-3.118591157190959695e+00
1.603158193241169149e+00,-1.533947019491398889e+00,2.179668354479860071e+00,-3.001654558623132019e+00,-1.593681702844820691e+00,-3.118712835544521056e+00
1.602984695035308382e+00,-1.534004283082417208e+00,2.179729061537816648e+00,-3.001660640740198449e+00,-1.593559136384726571e+00,-3.118835724290606404e+00
1.602809492318820750e+00,-1.534062083889915495e+00,2.179790329047946784e+00,-3.001666753572547197e+00,-1.593435365039319151e+00,-3.118959818942455886e+00
1.602632591381628169e+00,-1.534120419264722646e+00,2.179852153996822306e+00,-3.001672896243453792e+00,-1.593310393235181754e+00,-3.119085115013306542e+00
1.602453998513651001e+00,-1.534179286557667554e+00,2.179914533371015040e+00,-3.001679067876194651e+00,-1.593184225398898590e+00,-3.119211608016398074e+00
1.602273720004810276e+00,-1.534238683119578894e+00,2.179977464157096367e+00,-3.001685267594044859e+00,-1.593056865957053869e+00,-3.119339293464969298e+00
1.602091762145027687e+00,-1.534298606301285783e+00,2.180040943341637227e+00,-3.001691494520280834e+00,-1.592928319336230691e+00,-3.119468166872258585e+00
1.601908131224223819e+00,-1.534359053453617117e+00,2.180104967911210334e+00,-3.001697747778178105e+00,-1.592798589963013711e+00,-3.119598223751504751e+00
1.601722833532319701e+00,-1.534420021927401789e+00,2.180169534852386182e+00,-3.001704026491012645e+00,-1.592667682263986473e+00,-3.119729459615947054e+00
1.601535875359236583e+00,-1.534481509073468253e+00,2.180234641151736596e+00,-3.001710329782060427e+00,-1.592535600665733186e+00,-3.119861869978823421e+00
1.601347262994895493e+00,-1.534543512242646068e+00,2.180300283795832961e+00,-3.001716656774596537e+00,-1.592402349594837396e+00,-3.119995450353372668e+00
1.601157002729217460e+00,-1.534606028785763687e+00,2.180366459771247545e+00,-3.001723006591897391e+00,-1.592267933477883313e+00,-3.120130196252834498e+00
1.600965100852123291e+00,-1.534669056053650227e+00,2.180433166064551287e+00,-3.001729378357239408e+00,-1.592132356741454702e+00,-3.120266103190446838e+00
1.600771563653534679e+00,-1.534732591397134360e+00,2.180500399662315569e+00,-3.001735771193897229e+00,-1.591995623812135330e+00,-3.120403166679448503e+00
1.600576397423372432e+00,-1.534796632167044983e+00,2.180568157551113107e+00,-3.001742184225147270e+00,-1.591857739116509407e+00,-3.120541382233078753e+00
1.600379608451557356e+00,-1.534861175714211212e+00,2.180636436717513504e+00,-3.001748616574265061e+00,-1.591718707081160700e+00,-3.120680745364575515e+00
1.600181203028010701e+00,-1.534926219389461499e+00,2.180705234148089922e+00,-3.001755067364527463e+00,-1.591578532132673418e+00,-3.120821251587177603e+00
1.599981187442653496e+00,-1.534991760543625405e+00,2.180774546829412852e+00,-3.001761535719209117e+00,-1.591437218697630884e+00,-3.120962896414124721e+00
1.599779567985406770e+00,-1.535057796527531160e+00,2.180844371748055011e+00,-3.001768020761585998e+00,-1.591294771202617309e+00,-3.121105675358654796e+00
1.599576350946191772e+00,-1.535124324692008102e+00,2.180914705890587335e+00,-3.001774521614934521e+00,-1.591151194074216901e+00,-3.121249583934006200e+00
1.599371542614929309e+00,-1.535191342387884683e+00,2.180985546243580764e+00,-3.001781037402530217e+00,-1.591006491739013207e+00,-3.121394617653419079e+00
1.599165149281540854e+00,-1.535258846965990243e+00,2.181056889793607567e+00,-3.001787567247648614e+00,-1.590860668623590213e+00,-3.121540772030130917e+00
1.598957177235946547e+00,-1.535326835777153454e+00,2.181128733527238683e+00,-3.001794110273566130e+00,-1.590713729154531908e+00,-3.121688042577380529e+00
1.598747632768068749e+00,-1.535395306172203211e+00,2.181201074431046827e+00,-3.001800665603558294e+00,-1.590565677758422058e+00,-3.121836424808407617e+00
1.598536522167827600e+00,-1.535464255501968411e+00,2.181273909491602048e+00,-3.001807232360900635e+00,-1.590416518861844875e+00,-3.121985914236450110e+00
1.598323851725144351e+00,-1.535533681117277949e+00,2.181347235695477060e+00,-3.001813809668869570e+00,-1.590266256891384122e+00,-3.122136506374746379e+00
1.598109627729940252e+00,-1.535603580368960497e+00,2.181421050029242803e+00,-3.001820396650740186e+00,-1.590114896273623346e+00,-3.122288196736536126e+00
1.597893856472136331e+00,-1.535673950607845395e+00,2.181495349479471102e+00,-3.001826992429789343e+00,-1.589962441435146978e+00,-3.122440980835057722e+00
1.597676544241653396e+00,-1.535744789184761094e+00,2.181570131032733340e+00,-3.001833596129292125e+00,-1.589808896802538785e+00,-3.122594854183549540e+00
1.597457697328412918e+00,-1.535816093450536934e+00,2.181645391675600898e+00,-3.001840206872524508e+00,-1.589654266802382532e+00,-3.122749812295251282e+00
1.597237322022335482e+00,-1.535887860756001366e+00,2.181721128394645604e+00,-3.001846823782762019e+00,-1.589498555861262208e+00,-3.122905850683400875e+00
1.597015424613342560e+00,-1.535960088451983285e+00,2.181797338176439283e+00,-3.001853445983281077e+00,-1.589341768405761801e+00,-3.123062964861236690e+00
1.596792011391355182e+00,-1.536032773889311809e+00,2.181874018007552873e+00,-3.001860072597357210e+00,-1.589183908862465300e+00,-3.123221150341998431e+00
1.596567088646294152e+00,-1.536105914418815832e+00,2.181951164874558646e+00,-3.001866702748265947e+00,-1.589024981657956248e+00,-3.123380402638924469e+00
1.596340662668080723e+00,-1.536179507391324028e+00,2.182028775764026651e+00,-3.001873335559283706e+00,-1.588864991218818856e+00,-3.123540717265253175e+00
1.596112739746635922e+00,-1.536253550157665515e+00,2.182106847662530047e+00,-3.001879970153686461e+00,-1.588703941971637335e+00,-3.123702089734223808e+00
1.595883326171880778e+00,-1.536328040068669187e+00,2.182185377556639772e+00,-3.001886605654748852e+00,-1.588541838342995005e+00,-3.123864515559075183e+00
1.595652428233736320e+00,-1.536402974475163719e+00,2.182264362432927207e+00,-3.001893241185747740e+00,-1.588378684759475856e+00,-3.124027990253045228e+00
1.595420052222123797e+00,-1.536478350727977782e+00,2.182343799277964180e+00,-3.001899875869959100e+00,-1.588214485647664098e+00,-3.124192509329373202e+00
1.595186204426964238e+00,-1.536554166177940939e+00,2.182423685078322517e+00,-3.001906508830658016e+00,-1.588049245434143719e+00,-3.124358068301298363e+00
1.594950891138178672e+00,-1.536630418175881641e+00,2.182504016820573156e+00,-3.001913139191120461e+00,-1.587882968545498485e+00,-3.124524662682059084e+00
1.594714118645687906e+00,-1.536707104072629004e+00,2.182584791491287479e+00,-3.001919766074622853e+00,-1.587715659408311941e+00,-3.124692287984893291e+00
1.594475893239413189e+00,-1.536784221219011481e+00,2.182666006077037313e+00,-3.001926388604440721e+00,-1.587547322449168519e+00,-3.124860939723041131e+00
1.594236221209275772e+00,-1.536861766965858411e+00,2.182747657564394927e+00,-3.001933005903849150e+00,-1.587377962094651762e+00,-3.125030613409740532e+00
1.593995108845196462e+00,-1.536939738663998467e+00,2.182829742939930817e+00,-3.001939617096125446e+00,-1.587207582771345882e+00,-3.125201304558229864e+00
1.593752562437096509e+00,-1.537018133664260322e+00,2.182912259190216808e+00,-3.001946221304543805e+00,-1.587036188905834644e+00,-3.125373008681748832e+00
1.593508588274896942e+00,-1.537096949317473316e+00,2.182995203301825171e+00,-3.001952817652381533e+00,-1.586863784924702037e+00,-3.125545721293535806e+00
1.593263192648518567e+00,-1.537176182974466343e+00,2.183078572261326400e+00,-3.001959405262913272e+00,-1.586690375254532048e+00,-3.125719437906828713e+00
1.593016381847882856e+00,-1.537255831986067856e+00,2.183162363055291877e+00,-3.001965983259415882e+00,-1.586515964321908223e+00,-3.125894154034867700e+00
1.592768162162910617e+00,-1.537335893703106748e+00,2.183246572670294761e+00,-3.001972550765164005e+00,-1.586340556553414771e+00,-3.126069865190890251e+00
1.592518539883522877e+00,-1.537416365476412361e+00,2.183331198092905545e+00,-3.001979106903434502e+00,-1.586164156375635681e+00,-3.126246566888136069e+00
1.592267521299640887e+00,-1.537497244656813367e+00,2.183416236309695169e+00,-3.001985650797502903e+00,-1.585986768215154719e+00,-3.126424254639843081e+00
1.592015112701185675e+00,-1.537578528595138661e+00,2.183501684307236346e+00,-3.001992181570644735e+00,-1.585808396498555428e+00,-3.126602923959250990e+00
1.591761320378078270e+00,-1.537660214642216916e+00,2.183587539072100014e+00,-3.001998698346136418e+00,-1.585629045652422464e+00,-3.126782570359597724e+00
1.591506150620239479e+00,-1.537742300148877250e+00,2.183673797590857113e+00,-3.002005200247253036e+00,-1.585448720103339593e+00,-3.126963189354122097e+00
1.591249609717590552e+00,-1.537824782465948559e+00,2.183760456850080800e+00,-3.002011686397271006e+00,-1.585267424277890136e+00,-3.127144776456062925e+00
1.590991703960052961e+00,-1.537907658944259515e+00,2.183847513836341570e+00,-3.002018155919466302e+00,-1.585085162602658748e+00,-3.127327327178659466e+00
1.590732439637547291e+00,-1.537990926934639457e+00,2.183934965536210804e+00,-3.002024607937114009e+00,-1.584901939504228530e+00,-3.127510837035150093e+00
1.590471823039994570e+00,-1.538074583787916838e+00,2.184022808936260329e+00,-3.002031041573490544e+00,-1.584717759409184357e+00,-3.127695301538772732e+00
1.590209860457316271e+00,-1.538158626854920552e+00,2.184111041023061528e+00,-3.002037455951871436e+00,-1.584532626744109329e+00,-3.127880716202767530e+00
1.589946558179432978e+00,-1.538243053486479495e+00,2.184199658783186671e+00,-3.002043850195532215e+00,-1.584346545935587880e+00,-3.128067076540372415e+00
1.589681922496266164e+00,-1.538327861033423005e+00,2.184288659203206251e+00,-3.002050223427749742e+00,-1.584159521410203553e+00,-3.128254378064826646e+00
1.589415959697736858e+00,-1.538413046846579535e+00,2.184378039269692540e+00,-3.002056574771799102e+00,-1.583971557594540558e+00,-3.128442616289368594e+00
1.589148676073765643e+00,-1.538498608276777979e+00,2.184467795969216919e+00,-3.002062903350956269e+00,-1.583782658915182440e+00,-3.128631786727236630e+00
1.588880077914274214e+00,-1.538584542674847233e+00,2.184557926288350771e+00,-3.002069208288496771e+00,-1.583592829798713630e+00,-3.128821884891670457e+00
1.588610171509183155e+00,-1.538670847391616636e+00,2.184648427213665478e+00,-3.002075488707697026e+00,-1.583402074671717674e+00,-3.129012906295907559e+00
1.588338963148413940e+00,-1.538757519777914196e+00,2.184739295731732867e+00,-3.002081743731832120e+00,-1.583210397960778781e+00,-3.129204846453188082e+00
1.588066459121886931e+00,-1.538844557184569695e+00,2.184830528829124763e+00,-3.002087972484178913e+00,-1.583017804092480496e+00,-3.129397700876749955e+00
1.587792665719524043e+00,-1.538931956962411363e+00,2.184922123492412105e+00,-3.002094174088012046e+00,-1.582824297493406585e+00,-3.129591465079831547e+00
1.587517589231246085e+00,-1.539019716462268317e+00,2.185014076708167163e+00,-3.002100347666608382e+00,-1.582629882590141701e+00,-3.129786134575672563e+00
1.587241235946973861e+00,-1.539107833034969897e+00,2.185106385462960876e+00,-3.002106492343243005e+00,-1.582434563809269168e+00,-3.129981704877510484e+00
1.586963612156628622e+00,-1.539196304031344109e+00,2.185199046743364626e+00,-3.002112607241192332e+00,-1.582238345577373195e+00,-3.130178171498585904e+00
1.586684724150131398e+00,-1.539285126802220516e+00,2.185292057535950239e+00,-3.002118691483731894e+00,-1.582041232321037327e+00,-3.130375529952135416e+00
1.586404578217403216e+00,-1.539374298698427790e+00,2.185385414827289541e+00,-3.002124744194137218e+00,-1.581843228466845774e+00,-3.130573775751399612e+00
1.586123180648365105e+00,-1.539463817070794605e+00,2.185479115603953915e+00,-3.002130764495684723e+00,-1.581644338441382747e+00,-3.130772904409616419e+00
1.585840537732938316e+00,-1.539553679270150299e+00,2.185573156852515186e+00,-3.002136751511649493e+00,-1.581444566671231344e+00,-3.130972911440024209e+00
1.585556655761043876e+00,-1.539643882647323325e+00,2.185667535559543850e+00,-3.002142704365308390e+00,-1.581243917582976222e+00,-3.131173792355862684e+00
1.585271541687675034e+00,-1.539734424365955645e+00,2.185762248526532225e+00,-3.002148622195534688e+00,-1.581042396075029721e+00,-3.131375542203112428e+00
1.584985209861466515e+00,-1.539825299508719381e+00,2.185857290497423389e+00,-3.002154504314613170e+00,-1.580840012291143681e+00,-3.131578150833234098e+00
1.584697679245480773e+00,-1.539916501859536879e+00,2.185952654932032058e+00,-3.002160350143052270e+00,-1.580636779648727952e+00,-3.131781604855746970e+00
1.584408968872986989e+00,-1.540008025182571627e+00,2.186048335270633025e+00,-3.002166159103008880e+00,-1.580432711614999208e+00,-3.131985890830846220e+00
1.584119097777254570e+00,-1.540099863241986888e+00,2.186144324953502416e+00,-3.002171930616639894e+00,-1.580227821657173903e+00,-3.132190995318727023e+00
1.583828084991552254e+00,-1.540192009801945261e+00,2.186240617420916355e+00,-3.002177664106100430e+00,-1.580022123242468712e+00,-3.132396904879584110e+00
1.583535949549149446e+00,-1.540284458626610453e+00,2.186337206113150078e+00,-3.002183358993547824e+00,-1.579815629838100755e+00,-3.132603606073613101e+00
1.583242710483315552e+00,-1.540377203480144841e+00,2.186434084470479711e+00,-3.002189014701137637e+00,-1.579608354911286039e+00,-3.132811085461006950e+00
1.582948386827319309e+00,-1.540470238126711466e+00,2.186531245933180490e+00,-3.002194630651026763e+00,-1.579400311929241463e+00,-3.133019329601963499e+00
1.582652997614430346e+00,-1.540563556330474038e+00,2.186628683941529427e+00,-3.002200206265371651e+00,-1.579191514359184145e+00,-3.133228325056674812e+00
1.582356561877917400e+00,-1.540657151855595153e+00,2.186726391935800873e+00,-3.002205740966327419e+00,-1.578981975668330096e+00,-3.133438058385337399e+00
1.582059098651050100e+00,-1.540751018466237632e+00,2.186824363356272283e+00,-3.002211234176051402e+00,-1.578771709323895989e+00,-3.133648516148145990e+00
1.581760626967097405e+00,-1.540845149926564961e+00,2.186922591643218450e+00,-3.002216685316700495e+00,-1.578560728793098944e+00,-3.133859684905294873e+00
1.581461165859328499e+00,-1.540939540000740404e+00,2.187021070236915055e+00,-3.002222093810429371e+00,-1.578349047543155415e+00,-3.134071551216980112e+00
1.581160734361012121e+00,-1.541034182452926338e+00,2.187119792577638222e+00,-3.002227459079395366e+00,-1.578136679041281853e+00,-3.134284101643395548e+00
1.580859351505418564e+00,-1.541129071047286248e+00,2.187218752105663633e+00,-3.002232780545754931e+00,-1.577923636754695380e+00,-3.134497322744736802e+00
1.580557036325815901e+00,-1.541224199547982954e+00,2.187317942261267412e+00,-3.002238057631663626e+00,-1.577709934150612447e+00,-3.134711201081197718e+00
1.580253807855473980e+00,-1.541319561719179942e+00,2.187417356484724795e+00,-3.002243289759279232e+00,-1.577495584696249509e+00,-3.134925723212975246e+00
1.579949685127661541e+00,-1.541415151325039812e+00,2.187516988216312352e+00,-3.002248476350755979e+00,-1.577280601858823683e+00,-3.135140875700262342e+00
1.579644687175648210e+00,-1.541510962129725604e+00,2.187616830896305320e+00,-3.002253616828251204e+00,-1.577064999105550980e+00,-3.135356645103255069e+00
1.579338833032702727e+00,-1.541606987897400804e+00,2.187716877964979822e+00,-3.002258710613921799e+00,-1.576848789903648740e+00,-3.135573017982147714e+00
1.579032141732094718e+00,-1.541703222392228012e+00,2.187817122862611097e+00,-3.002263757129923327e+00,-1.576631987720332972e+00,-3.135789980897135010e+00
1.578724632307092923e+00,-1.541799659378370713e+00,2.187917559029475711e+00,-3.002268755798411792e+00,-1.576414606022821241e+00,-3.136007520408413018e+00
1.578416323790966969e+00,-1.541896292619991504e+00,2.188018179905848903e+00,-3.002273706041544976e+00,-1.576196658278329332e+00,-3.136225623076176028e+00
1.578107235216985593e+00,-1.541993115881253651e+00,2.188118978932007241e+00,-3.002278607281477552e+00,-1.575978157954074144e+00,-3.136444275460618769e+00
1.577797385618418202e+00,-1.542090122926320195e+00,2.188219949548225518e+00,-3.002283458940366856e+00,-1.575759118517272572e+00,-3.136663464121935974e+00
1.577486794028533978e+00,-1.542187307519354400e+00,2.188321085194780746e+00,-3.002288260440368450e+00,-1.575539553435141071e+00,-3.136883175620322817e+00
1.577175479480602327e+00,-1.542284663424518865e+00,2.188422379311947275e+00,-3.002293011203639228e+00,-1.575319476174896760e+00,-3.137103396515974474e+00
1.576863461007891765e+00,-1.542382184405977297e+00,2.188523825340001672e+00,-3.002297710652335638e+00,-1.575098900203755425e+00,-3.137324113369086120e+00
1.576550757643672362e+00,-1.542479864227891850e+00,2.188625416719220063e+00,-3.002302358208613242e+00,-1.574877838988934409e+00,-3.137545312739851600e+00
1.576237388421212193e+00,-1.542577696654426456e+00,2.188727146889877684e+00,-3.002306953294628489e+00,-1.574656305997650163e+00,-3.137766981188466975e+00
1.575923372373781772e+00,-1.542675675449743711e+00,2.188829009292251104e+00,-3.002311495332539160e+00,-1.574434314697119586e+00,-3.137989105275126533e+00
1.575608728534649172e+00,-1.542773794378006658e+00,2.188930997366615117e+00,-3.002315983744499039e+00,-1.574211878554558908e+00,-3.138211671560025451e+00
1.575293475937084020e+00,-1.542872047203378338e+00,2.189033104553246289e+00,-3.002320417952667242e+00,-1.573989011037185026e+00,-3.138434666603358902e+00
1.574977633614355721e+00,-1.542970427690022017e+00,2.189135324292420304e+00,-3.002324797379197552e+00,-1.573765725612214617e+00,-3.138658076965320731e+00
1.574661220599733014e+00,-1.543068929602100958e+00,2.189237650024412840e+00,-3.002329121446247306e+00,-1.573542035746864798e+00,-3.138881889206107001e+00
1.574344255926485081e+00,-1.543167546703777537e+00,2.189340075189499579e+00,-3.002333389575973399e+00,-1.573317954908351357e+00,-3.139106089885911555e+00
1.574026758627881772e+00,-1.543266272759215019e+00,2.189442593227956202e+00,-3.002337601190531391e+00,-1.573093496563891192e+00,-3.139330665564930900e+00
1.573708747737191382e+00,-1.543365101532577111e+00,2.189545197580059721e+00,-3.002341755712077287e+00,-1.572868674180701420e+00,-3.139555602803358436e+00
1.573390242287683760e+00,-1.543464026788026189e+00,2.189647881686084485e+00,-3.002345852562768869e+00,-1.572643501225998497e+00,-3.139780888161389782e+00
1.573071261312627644e+00,-1.543563042289725518e+00,2.189750638986306619e+00,-3.002349891164760365e+00,-1.572417991166998874e+00,-3.140006508199220114e+00
1.572751823845292440e+00,-1.543662141801837917e+00,2.189853462921002691e+00,-3.002353870940210445e+00,-1.572192157470919449e+00,-3.140232449477044163e+00
1.572431948918947331e+00,-1.543761319088526651e+00,2.189956346930447939e+00,-3.002357791311273338e+00,-1.571966013604976675e+00,-3.140458698555056216e+00
1.572111655566861499e+00,-1.543860567913954984e+00,2.190059284454917599e+00,-3.002361651700106382e+00,-1.571739573036387672e+00,-3.140685241993451893e+00
1.571790962822303905e+00,-1.543959882042285736e+00,2.190162268934688239e+00,-3.002365451528866469e+00,-1.571512849232368447e+00,-3.140912066352426368e+00
1.571469889718544177e+00,-1.544059255237681505e+00,2.190265293810035985e+00,-3.002369190219708273e+00,-1.571285855660136344e+00,-3.141139158192173042e+00
1.571148455288851276e+00,-1.544158681264306443e+00,2.190368352521236073e+00,-3.002372867194789130e+00,-1.571058605786907370e+00,-3.141366504072889310e+00
1.570826678566493939e+00,-1.544258153886322704e+00,2.190471438508564628e+00,-3.002376481876265490e+00,-1.570831113079898422e+00,-3.141594090554767238e+00
1.570504578584742017e+00,-1.544357666867893553e+00,2.190574545212296886e+00,-3.002380033686293359e+00,-1.570603391006326621e+00,-3.141821904198004223e+00
1.570182174376864248e+00,-1.544457213973182030e+00,2.190677666072709417e+00,-3.002383522047029185e+00,-1.570375453033407753e+00,-3.142049931562794107e+00
1.569859484976130259e+00,-1.544556788966351402e+00,2.190780794530077014e+00,-3.002386946380628530e+00,-1.570147312628359160e+00,-3.142278159209331623e+00
1.569536529415808568e+00,-1.544656385611564486e+00,2.190883924024676688e+00,-3.002390306109248730e+00,-1.569918983258397516e+00,-3.142506573697811945e+00
1.569213326729169022e+00,-1.544755997672984549e+00,2.190987047996783232e+00,-3.002393600655046235e+00,-1.569690478390739052e+00,-3.142735161588430248e+00
1.568889895949480362e+00,-1.544855618914774409e+00,2.191090159886673661e+00,-3.002396829440176163e+00,-1.569461811492601111e+00,-3.142963909441380821e+00
1.568566256110012214e+00,-1.544955243101097331e+00,2.191193253134623209e+00,-3.002399991886795405e+00,-1.569232996031199701e+00,-3.143192803816859726e+00
1.568242426244033094e+00,-1.545054863996116135e+00,2.191296321180906670e+00,-3.002403087417061300e+00,-1.569004045473751496e+00,-3.143421831275060807e+00
1.567918425384812853e+00,-1.545154475363994084e+00,2.191399357465801057e+00,-3.002406115453128521e+00,-1.568774973287473617e+00,-3.143650978376179239e+00
1.567594272565620228e+00,-1.545254070968894222e+00,2.191502355429581606e+00,-3.002409075417154405e+00,-1.568545792939582295e+00,-3.143880231680410198e+00
1.567269986819724625e+00,-1.545353644574979368e+00,2.191605308512524442e+00,-3.002411966731294513e+00,-1.568316517897294426e+00,-3.144109577747947970e+00
1.566945587180395005e+00,-1.545453189946413008e+00,2.191708210154905245e+00,-3.002414788817705738e+00,-1.568087161627826687e+00,-3.144339003138988620e+00
1.566621092680900995e+00,-1.545552700847357741e+00,2.191811053797000142e+00,-3.002417541098544529e+00,-1.567857737598395751e+00,-3.144568494413725546e+00
1.566296522354511112e+00,-1.545652171041977052e+00,2.191913832879084811e+00,-3.002420222995966448e+00,-1.567628259276218072e+00,-3.144798038132355256e+00
1.565971895234495204e+00,-1.545751594294433318e+00,2.192016540841434491e+00,-3.002422833932128832e+00,-1.567398740128510770e+00,-3.145027620855071593e+00
1.565647230354122010e+00,-1.545850964368890246e+00,2.192119171124325749e+00,-3.002425373329186797e+00,-1.567169193622489853e+00,-3.145257229142070177e+00
1.565322546746661159e+00,-1.545950275029510657e+00,2.192221717168033823e+00,-3.002427840609297682e+00,-1.566939633225372441e+00,-3.145486849553545294e+00
1.564997863445381165e+00,-1.546049520040458036e+00,2.192324172412834393e+00,-3.002430235194617492e+00,-1.566710072404374987e+00,-3.145716468649692565e+00
1.564673199483551880e+00,-1.546148693165894317e+00,2.192426530299004028e+00,-3.002432556507302230e+00,-1.566480524626714388e+00,-3.145946072990706721e+00
1.564348573894441818e+00,-1.546247788169983650e+00,2.192528784266818853e+00,-3.002434803969508792e+00,-1.566251003359607097e+00,-3.146175649136781605e+00
1.564024005711320831e+00,-1.546346798816888857e+00,2.192630927756553660e+00,-3.002436977003392737e+00,-1.566021522070270011e+00,-3.146405183648113724e+00
1.563699513967457433e+00,-1.546445718870772534e+00,2.192732954208484131e+00,-3.002439075031110516e+00,-1.565792094225919584e+00,-3.146634663084896921e+00
1.563375117696121697e+00,-1.546544542095798169e+00,2.192834857062886389e+00,-3.002441097474819021e+00,-1.565562733293772490e+00,-3.146864074007326817e+00
1.563050835930581917e+00,-1.546643262256128359e+00,2.192936629760036560e+00,-3.002443043756674701e+00,-1.565333452741045628e+00,-3.147093402975597698e+00
1.562726687704107720e+00,-1.546741873115926813e+00,2.193038265740210768e+00,-3.002444913298832230e+00,-1.565104266034955227e+00,-3.147322636549905184e+00
1.562402692049968067e+00,-1.546840368439356350e+00,2.193139758443683363e+00,-3.002446705523450721e+00,-1.564875186642718408e+00,-3.147551761290443118e+00
1.562078868001432586e+00,-1.546938741990579791e+00,2.193241101310732244e+00,-3.002448419852683514e+00,-1.564646228031551622e+00,-3.147780763757408451e+00
1.561755234591769792e+00,-1.547036987533759955e+00,2.193342287781631761e+00,-3.002450055708688392e+00,-1.564417403668671325e+00,-3.148009630510993251e+00
1.561431810854249536e+00,-1.547135098833060773e+00,2.193443311296658038e+00,-3.002451612513622248e+00,-1.564188727021294634e+00,-3.148238348111395357e+00
1.561108615822140333e+00,-1.547233069652644621e+00,2.193544165296086756e+00,-3.002453089689640198e+00,-1.563960211556637780e+00,-3.148466903118807281e+00
1.560785668528712034e+00,-1.547330893756674763e+00,2.193644843220193597e+00,-3.002454486658898691e+00,-1.563731870741917662e+00,-3.148695282093425529e+00
1.560462988007233154e+00,-1.547428564909314019e+00,2.193745338509255127e+00,-3.002455802843555510e+00,-1.563503718044351176e+00,-3.148923471595444834e+00
1.560140593290973543e+00,-1.547526076874725653e+00,2.193845644603546585e+00,-3.002457037665764439e+00,-1.563275766931154553e+00,-3.149151458185059038e+00
1.559818503413201940e+00,-1.547623423417072930e+00,2.193945754943344095e+00,-3.002458190547684591e+00,-1.563048030869544469e+00,-3.149379228422464205e+00
1.559496735754362318e+00,-1.547720598841052064e+00,2.194045663539462065e+00,-3.002459260962945908e+00,-1.562820522158552494e+00,-3.149606770037471026e+00
1.559175293015114372e+00,-1.547817602252174796e+00,2.194145369470030360e+00,-3.002460248842373502e+00,-1.562593242721822095e+00,-3.149834081147989906e+00
1.558854170211097623e+00,-1.547914435269231337e+00,2.194244874465974604e+00,-3.002461154356135697e+00,-1.562366189051372478e+00,-3.150061165310209521e+00
1.558533362290565716e+00,-1.548011099533049162e+00,2.194344180281476930e+00,-3.002461977676498694e+00,-1.562139357591595390e+00,-3.150288026128004848e+00
1.558212864201772074e+00,-1.548107596684455745e+00,2.194443288670722136e+00,-3.002462718975730915e+00,-1.561912744786882801e+00,-3.150514667205249975e+00
1.557892670892970344e+00,-1.548203928364278337e+00,2.194542201387895464e+00,-3.002463378426096785e+00,-1.561686347081626014e+00,-3.150741092145818545e+00
1.557572777312413725e+00,-1.548300096213344412e+00,2.194640920187180377e+00,-3.002463956199866058e+00,-1.561460160920217666e+00,-3.150967304553586423e+00
1.557253178408355643e+00,-1.548396101872481445e+00,2.194739446822761675e+00,-3.002464452469304490e+00,-1.561234182747049504e+00,-3.151193308032426366e+00
1.556933869129049963e+00,-1.548491946982516687e+00,2.194837783048822377e+00,-3.002464867406679172e+00,-1.561008409006513054e+00,-3.151419106186213792e+00
1.556614844422749888e+00,-1.548587633184277834e+00,2.194935930619548614e+00,-3.002465201184257193e+00,-1.560782836143000729e+00,-3.151644702618821903e+00
1.556296099237708841e+00,-1.548683162118592138e+00,2.195033891289124295e+00,-3.002465453974304754e+00,-1.560557460600904056e+00,-3.151870100934127006e+00
1.555977628522180467e+00,-1.548778535426287073e+00,2.195131666811733773e+00,-3.002465625949090278e+00,-1.560332278824614782e+00,-3.152095304736001857e+00
1.555659427224417746e+00,-1.548873754748190112e+00,2.195229258941560069e+00,-3.002465717280879520e+00,-1.560107287258525544e+00,-3.152320317628320989e+00
1.555341490292674766e+00,-1.548968821725128509e+00,2.195326669432789313e+00,-3.002465728141940460e+00,-1.559882482347027643e+00,-3.152545143214959822e+00
1.555023812675204953e+00,-1.549063737997929735e+00,2.195423900039604970e+00,-3.002465658704538853e+00,-1.559657860534513052e+00,-3.152769785099791555e+00
1.554706389320261728e+00,-1.549158505207421266e+00,2.195520952516191837e+00,-3.002465509140942679e+00,-1.559433418265373295e+00,-3.152994246886690721e+00
1.554389215176098293e+00,-1.549253124994430797e+00,2.195617828616732936e+00,-3.002465279623418581e+00,-1.559209151984001451e+00,-3.153218532179532296e+00
1.554072285190968072e+00,-1.549347598999785358e+00,2.195714530095414396e+00,-3.002464970324234095e+00,-1.558985058134788382e+00,-3.153442644582190368e+00
1.553755594313124710e+00,-1.549441928864311979e+00,2.195811058706419683e+00,-3.002464581415655420e+00,-1.558761133162125834e+00,-3.153666587698539026e+00
1.553439137490822075e+00,-1.549536116228839466e+00,2.195907416203932261e+00,-3.002464113069949647e+00,-1.558537373510406665e+00,-3.153890365132453244e+00
1.553122909672313146e+00,-1.549630162734193961e+00,2.196003604342138704e+00,-3.002463565459384309e+00,-1.558313775624021957e+00,-3.154113980487806668e+00
1.552806905805851567e+00,-1.549724070021203159e+00,2.196099624875221146e+00,-3.002462938756226052e+00,-1.558090335947363902e+00,-3.154337437368474273e+00
1.552491120839690319e+00,-1.549817839730694979e+00,2.196195479557365715e+00,-3.002462233132741964e+00,-1.557867050924824470e+00,-3.154560739378329703e+00
1.552175549722083714e+00,-1.549911473503496229e+00,2.196291170142754989e+00,-3.002461448761198248e+00,-1.557643917000795630e+00,-3.154783890121247936e+00
1.551860187401284952e+00,-1.550004972980434603e+00,2.196386698385574654e+00,-3.002460585813863325e+00,-1.557420930619668908e+00,-3.155006893201103502e+00
1.551545028825547012e+00,-1.550098339802337799e+00,2.196482066040008174e+00,-3.002459644463002952e+00,-1.557198088225836274e+00,-3.155229752221769601e+00
1.551230068943123985e+00,-1.550191575610033068e+00,2.196577274860241236e+00,-3.002458624880884663e+00,-1.556975386263690142e+00,-3.155452470787122543e+00
1.550915302702268850e+00,-1.550284682044347440e+00,2.196672326600455971e+00,-3.002457527239775548e+00,-1.556752821177621815e+00,-3.155675052501035083e+00
1.550600725051235473e+00,-1.550377660746108388e+00,2.196767223014838510e+00,-3.002456351711943139e+00,-1.556530389412023263e+00,-3.155897500967381308e+00
1.550286330938277057e+00,-1.550470513356144275e+00,2.196861965857572763e+00,-3.002455098469652306e+00,-1.556308087411286900e+00,-3.156119819790037528e+00
1.549972115311647469e+00,-1.550563241515281465e+00,2.196956556882842637e+00,-3.002453767685172359e+00,-1.556085911619804030e+00,-3.156342012572876499e+00
1.549658073119599910e+00,-1.550655846864347875e+00,2.197050997844833375e+00,-3.002452359530769499e+00,-1.555863858481966844e+00,-3.156564082919772751e+00
1.549344199310387360e+00,-1.550748331044170536e+00,2.197145290497727999e+00,-3.002450874178710372e+00,-1.555641924442167090e+00,-3.156786034434601707e+00
1.549030488832264130e+00,-1.550840695695577365e+00,2.197239436595712192e+00,-3.002449311801261622e+00,-1.555420105944796960e+00,-3.157007870721236120e+00
1.548716936633483199e+00,-1.550932942459395614e+00,2.197333437892969421e+00,-3.002447672570691228e+00,-1.555198399434247980e+00,-3.157229595383551857e+00
1.548403537662298435e+00,-1.551025072976452757e+00,2.197427296143684483e+00,-3.002445956659265835e+00,-1.554976801354912119e+00,-3.157451212025421672e+00
1.548090286866962817e+00,-1.551117088887576045e+00,2.197521013102041731e+00,-3.002444164239252533e+00,-1.554755308151181570e+00,-3.157672724250721874e+00
1.547777179195730213e+00,-1.551208991833592954e+00,2.197614590522225075e+00,-3.002442295482917967e+00,-1.554533916267447857e+00,-3.157894135663325663e+00
1.547464209596853824e+00,-1.551300783455330734e+00,2.197708030158418424e+00,-3.002440350562529225e+00,-1.554312622148102951e+00,-3.158115449867107571e+00
1.547151373018587295e+00,-1.551392465393617304e+00,2.197801333764807463e+00,-3.002438329650353399e+00,-1.554091422237539044e+00,-3.158336670465941687e+00
1.546838664409184050e+00,-1.551484039289279693e+00,2.197894503095575658e+00,-3.002436232918657577e+00,-1.553870312980147883e+00,-3.158557801063702986e+00
1.546526078716897290e+00,-1.551575506783145153e+00,2.197987539904907361e+00,-3.002434060539708405e+00,-1.553649290820321216e+00,-3.158778845264265112e+00
1.546213610889980883e+00,-1.551666869516042047e+00,2.198080445946987371e+00,-3.002431812685772972e+00,-1.553428352202451013e+00,-3.158999806671503041e+00
1.545901255876688252e+00,-1.551758129128796737e+00,2.198173222975999153e+00,-3.002429489529118367e+00,-1.553207493570929243e+00,-3.159220688889290862e+00
1.545589008625272820e+00,-1.551849287262236921e+00,2.198265872746128391e+00,-3.002427091242011681e+00,-1.552986711370147876e+00,-3.159441495521502663e+00
1.545276864083988011e+00,-1.551940345557190293e+00,2.198358397011558107e+00,-3.002424617996720002e+00,-1.552766002044498217e+00,-3.159662230172013864e+00
1.544964817201087470e+00,-1.552031305654484328e+00,2.198450797526473544e+00,-3.002422069965509976e+00,-1.552545362038372900e+00,-3.159882896444698108e+00
1.544652862924823955e+00,-1.552122169194946055e+00,2.198543076045058164e+00,-3.002419447320648693e+00,-1.552324787796163896e+00,-3.160103497943429485e+00
1.544340996203451999e+00,-1.552212937819403171e+00,2.198635234321497212e+00,-3.002416750234403242e+00,-1.552104275762262064e+00,-3.160324038272082525e+00
1.544029211985224359e+00,-1.552303613168682928e+00,2.198727274109974594e+00,-3.002413978879040712e+00,-1.551883822381060707e+00,-3.160544521034531762e+00
1.543717505218394903e+00,-1.552394196883613020e+00,2.198819197164675110e+00,-3.002411133426827750e+00,-1.551663424096950683e+00,-3.160764949834651727e+00
1.543405870851216388e+00,-1.552484690605020701e+00,2.198911005239782224e+00,-3.002408214050030999e+00,-1.551443077354324185e+00,-3.160985328276316064e+00
1.543094303831943348e+00,-1.552575095973733221e+00,2.199002700089480733e+00,-3.002405220920918438e+00,-1.551222778597573404e+00,-3.161205659963400638e+00
1.542782799108828540e+00,-1.552665414630578500e+00,2.199094283467954547e+00,-3.002402154211756713e+00,-1.551002524271089866e+00,-3.161425948499778649e+00
1.542471351630125609e+00,-1.552755648216383566e+00,2.199185757129388907e+00,-3.002399014094812468e+00,-1.550782310819265764e+00,-3.161646197489323740e+00
1.542159956344087979e+00,-1.552845798371975672e+00,2.199277122827967723e+00,-3.002395800742353238e+00,-1.550562134686492177e+00,-3.161866410535911776e+00
1.541848608198969073e+00,-1.552935866738182735e+00,2.199368382317874904e+00,-3.002392514326645223e+00,-1.550341992317162187e+00,-3.162086591243416400e+00
1.541537302143022758e+00,-1.553025854955832008e+00,2.199459537353295691e+00,-3.002389155019956402e+00,-1.550121880155667098e+00,-3.162306743215712590e+00
1.541226033124502237e+00,-1.553115764665750520e+00,2.199550589688413549e+00,-3.002385722994552975e+00,-1.549901794646398656e+00,-3.162526870056673989e+00
1.540914796091660710e+00,-1.553205597508766189e+00,2.199641541077413720e+00,-3.002382218422702476e+00,-1.549681732233749276e+00,-3.162746975370174685e+00
1.540603585992752045e+00,-1.553295355125706489e+00,2.199732393274479225e+00,-3.002378641476670662e+00,-1.549461689362110484e+00,-3.162967062760090098e+00
1.540292397776029443e+00,-1.553385039157398229e+00,2.199823148033795306e+00,-3.002374992328725956e+00,-1.549241662475873804e+00,-3.163187135830293872e+00
1.539981226389746549e+00,-1.553474651244669547e+00,2.199913807109546315e+00,-3.002371271151135446e+00,-1.549021648019431874e+00,-3.163407198184660540e+00
1.539670066782156788e+00,-1.553564193028347695e+00,2.200004372255916607e+00,-3.002367478116164889e+00,-1.548801642437176440e+00,-3.163627253427065078e+00
1.539358913901513803e+00,-1.553653666149259704e+00,2.200094845227090090e+00,-3.002363613396082265e+00,-1.548581642173499029e+00,-3.163847305161380241e+00
1.539047762696070798e+00,-1.553743072248233270e+00,2.200185227777251562e+00,-3.002359677163153773e+00,-1.548361643672791610e+00,-3.164067356991482338e+00
1.538736608114080973e+00,-1.553832412966095866e+00,2.200275521660584932e+00,-3.002355669589647391e+00,-1.548141643379446375e+00,-3.164287412521244569e+00
1.538425445103798639e+00,-1.553921689943674966e+00,2.200365728631274553e+00,-3.002351590847829321e+00,-1.547921637737855294e+00,-3.164507475354541022e+00
1.538114268613476776e+00,-1.554010904821797601e+00,2.200455850443505668e+00,-3.002347441109967097e+00,-1.547701623192409670e+00,-3.164727549095247117e+00
1.537803073591368808e+00,-1.554100059241291465e+00,2.200545888851461296e+00,-3.002343220548326919e+00,-1.547481596187502140e+00,-3.164947637347236942e+00
1.537491854985728157e+00,-1.554189154842984255e+00,2.200635845609327124e+00,-3.002338929335175877e+00,-1.547261553167524006e+00,-3.165167743714383697e+00
1.537180607744808469e+00,-1.554278193267703001e+00,2.200725722471285728e+00,-3.002334567642781948e+00,-1.547041490576867240e+00,-3.165387871800563246e+00
1.536869326816863168e+00,-1.554367176156275399e+00,2.200815521191523683e+00,-3.002330135643411335e+00,-1.546821404859924032e+00,-3.165608025209649679e+00
1.536558007150145677e+00,-1.554456105149528700e+00,2.200905243524223120e+00,-3.002325633509331126e+00,-1.546601292461086352e+00,-3.165828207545516637e+00
1.536246643692909641e+00,-1.554544981888290378e+00,2.200994891223570171e+00,-3.002321061412808856e+00,-1.546381149824745727e+00,-3.166048422412038654e+00
1.535935231393408262e+00,-1.554633808013387686e+00,2.201084466043747412e+00,-3.002316419526110725e+00,-1.546160973395293903e+00,-3.166268673413091150e+00
1.535623765199894963e+00,-1.554722585165648319e+00,2.201173969738940972e+00,-3.002311708021504266e+00,-1.545940759617123517e+00,-3.166488964152547325e+00
1.535312240060623834e+00,-1.554811314985899751e+00,2.201263404063334317e+00,-3.002306927071255682e+00,-1.545720504934626094e+00,-3.166709298234281267e+00
1.535000650923847854e+00,-1.554899999114968789e+00,2.201352770771111800e+00,-3.002302076847633394e+00,-1.545500205792192938e+00,-3.166929679262168840e+00
1.534688992737820223e+00,-1.554988639193683575e+00,2.201442071616457774e+00,-3.002297157522902271e+00,-1.545279858634216685e+00,-3.167150110840083688e+00
1.534377260450795255e+00,-1.555077236862871581e+00,2.201531308353556593e+00,-3.002292169269331179e+00,-1.545059459905089305e+00,-3.167370596571899455e+00
1.534065449011025262e+00,-1.555165793763359394e+00,2.201620482736592610e+00,-3.002287112259186763e+00,-1.544839006049202101e+00,-3.167591140061491561e+00
1.533753553390979629e+00,-1.555254311528049049e+00,2.201709596511377320e+00,-3.002281986663968727e+00,-1.544618493528059577e+00,-3.167811744895593584e+00
1.533441570718097724e+00,-1.555342791084449061e+00,2.201798650678604918e+00,-3.002276792586976661e+00,-1.544397920326045393e+00,-3.168032413135567715e+00
1.533129501942083195e+00,-1.555431232108916539e+00,2.201887644917360554e+00,-3.002271530010540701e+00,-1.544177287128668308e+00,-3.168253144137232358e+00
1.532817348405041580e+00,-1.555519634149363783e+00,2.201976578771045023e+00,-3.002266198904569805e+00,-1.543956594898739931e+00,-3.168473936978645877e+00
1.532505111449078417e+00,-1.555607996753702205e+00,2.202065451783064454e+00,-3.002260799238975597e+00,-1.543735844599072538e+00,-3.168694790737870193e+00
1.532192792416299021e+00,-1.555696319469843436e+00,2.202154263496820974e+00,-3.002255330983668369e+00,-1.543515037192478401e+00,-3.168915704492964114e+00
1.531880392648808709e+00,-1.555784601845699333e+00,2.202243013455719822e+00,-3.002249794108557968e+00,-1.543294173641769129e+00,-3.169136677321989115e+00
1.531567913488713240e+00,-1.555872843429181307e+00,2.202331701203164016e+00,-3.002244188583556461e+00,-1.543073254909757219e+00,-3.169357708303003562e+00
1.531255356278118152e+00,-1.555961043768201435e+00,2.202420326282557017e+00,-3.002238514378573253e+00,-1.542852281959253835e+00,-3.169578796514069374e+00
1.530942722359128982e+00,-1.556049202410671128e+00,2.202508888237303175e+00,-3.002232771463519079e+00,-1.542631255753071917e+00,-3.169799941033245805e+00
1.530630013073850826e+00,-1.556137318904501798e+00,2.202597386610806396e+00,-3.002226959808304674e+00,-1.542410177254023296e+00,-3.170021140938592552e+00
1.530317229764388776e+00,-1.556225392797605522e+00,2.202685820946470141e+00,-3.002221079382841218e+00,-1.542189047424919579e+00,-3.170242395308170202e+00
1.530004373772849480e+00,-1.556313423637893933e+00,2.202774190787697872e+00,-3.002215130157037670e+00,-1.541967867228573263e+00,-3.170463703220039342e+00
1.529691446441337588e+00,-1.556401410973278665e+00,2.202862495677894383e+00,-3.002209112100805655e+00,-1.541746637627795735e+00,-3.170685063752258781e+00
1.529378449111958860e+00,-1.556489354351671350e+00,2.202950735160461804e+00,-3.002203025184055907e+00,-1.541525359585399491e+00,-3.170906475982889994e+00
1.529065383126818611e+00,-1.556577253320983623e+00,2.203038908778806260e+00,-3.002196869376698274e+00,-1.541304034064196804e+00,-3.171127938989993122e+00
1.528752249828021936e+00,-1.556665107429127115e+00,2.203127016076328992e+00,-3.002190644648643048e+00,-1.541082662026999062e+00,-3.171349451851626533e+00
1.528439050557675039e+00,-1.556752916224013905e+00,2.203215056596435684e+00,-3.002184350969802296e+00,-1.540861244436618760e+00,-3.171571013645852588e+00
1.528125786657883234e+00,-1.556840679253554960e+00,2.203303029882528907e+00,-3.002177988310085421e+00,-1.540639782255867285e+00,-3.171792623450730098e+00
1.527812459470751616e+00,-1.556928396065662579e+00,2.203390935478013457e+00,-3.002171556639403160e+00,-1.540418276447557799e+00,-3.172014280344320092e+00
1.527499070338385945e+00,-1.557016066208248173e+00,2.203478772926291906e+00,-3.002165055927665804e+00,-1.540196727974501245e+00,-3.172235983404680937e+00
1.527185620602891536e+00,-1.557103689229223376e+00,2.203566541770769494e+00,-3.002158486144784533e+00,-1.539975137799510341e+00,-3.172457731709874551e+00
1.526872111606374149e+00,-1.557191264676499820e+00,2.203654241554848792e+00,-3.002151847260669193e+00,-1.539753506885396250e+00,-3.172679524337960633e+00
1.526558544690938879e+00,-1.557278792097989584e+00,2.203741871821934151e+00,-3.002145139245230521e+00,-1.539531836194971914e+00,-3.172901360366998880e+00
1.526244921198691484e+00,-1.557366271041603856e+00,2.203829432115429476e+00,-3.002138362068379696e+00,-1.539310126691048941e+00,-3.173123238875049434e+00
1.525931242471737059e+00,-1.557453701055254713e+00,2.203916921978737786e+00,-3.002131515700026565e+00,-1.539088379336439605e+00,-3.173345158940172883e+00
1.525617509852181586e+00,-1.557541081686853346e+00,2.204004340955263874e+00,-3.002124600110081865e+00,-1.538866595093955514e+00,-3.173567119640429368e+00
1.525303724682130158e+00,-1.557628412484311831e+00,2.204091688588411202e+00,-3.002117615268456330e+00,-1.538644774926408720e+00,-3.173789120053878143e+00
1.524989888303688534e+00,-1.557715692995541801e+00,2.204178964421582343e+00,-3.002110561145059808e+00,-1.538422919796611721e+00,-3.174011159258580683e+00
1.524676002058961810e+00,-1.557802922768454890e+00,2.204266167998183423e+00,-3.002103437709804368e+00,-1.538201030667376346e+00,-3.174233236332596242e+00
1.524362067290055522e+00,-1.557890101350962508e+00,2.204353298861615684e+00,-3.002096244932598523e+00,-1.537979108501514203e+00,-3.174455350353984517e+00
1.524048085339075653e+00,-1.557977228290976734e+00,2.204440356555284808e+00,-3.002088982783354343e+00,-1.537757154261837789e+00,-3.174677500400806096e+00
1.523734057548127074e+00,-1.558064303136408979e+00,2.204527340622593368e+00,-3.002081651231982118e+00,-1.537535168911158712e+00,-3.174899685551122008e+00
1.523419985259315546e+00,-1.558151325435171097e+00,2.204614250606946602e+00,-3.002074250248391696e+00,-1.537313153412289246e+00,-3.175121904882991064e+00
1.523105869814746383e+00,-1.558238294735174501e+00,2.204701086051746639e+00,-3.002066779802494256e+00,-1.537091108728041444e+00,-3.175344157474473850e+00
1.522791712556525345e+00,-1.558325210584331044e+00,2.204787846500398274e+00,-3.002059239864200979e+00,-1.536869035821227358e+00,-3.175566442403630951e+00
1.522477514826757528e+00,-1.558412072530552583e+00,2.204874531496304524e+00,-3.002051630403420823e+00,-1.536646935654659041e+00,-3.175788758748521623e+00
1.522163277967548689e+00,-1.558498880121750529e+00,2.204961140582870627e+00,-3.002043951390064969e+00,-1.536424809191148100e+00,-3.176011105587206895e+00
1.521849003321004368e+00,-1.558585632905836516e+00,2.205047673303498268e+00,-3.002036202794045039e+00,-1.536202657393507032e+00,-3.176233481997746022e+00
1.521534692229229435e+00,-1.558672330430722841e+00,2.205134129201593129e+00,-3.002028384585269549e+00,-1.535980481224547889e+00,-3.176455887058199590e+00
1.521220346034329873e+00,-1.558758972244320251e+00,2.205220507820557785e+00,-3.002020496733651012e+00,-1.535758281647082280e+00,-3.176678319846627740e+00
1.520905966078411442e+00,-1.558845557894540601e+00,2.205306808703797028e+00,-3.002012539209098829e+00,-1.535536059623922256e+00,-3.176900779441090616e+00
1.520591553703579013e+00,-1.558932086929296190e+00,2.205393031394712988e+00,-3.002004511981523738e+00,-1.535313816117880092e+00,-3.177123264919648360e+00
1.520277110251938346e+00,-1.559018558896498208e+00,2.205479175436711348e+00,-3.001996415020836917e+00,-1.535091552091767841e+00,-3.177345775360360669e+00
1.519962637065594535e+00,-1.559104973344058509e+00,2.205565240373194236e+00,-3.001988248296948214e+00,-1.534869268508397555e+00,-3.177568309841288130e+00
1.519648135486653562e+00,-1.559191329819888505e+00,2.205651225747567334e+00,-3.001980011779768365e+00,-1.534646966330580842e+00,-3.177790867440491329e+00
1.519333606857220742e+00,-1.559277627871900274e+00,2.205737131103232773e+00,-3.001971705439207661e+00,-1.534424646521129976e+00,-3.178013447236028632e+00
1.519019052519401392e+00,-1.559363867048005226e+00,2.205822955983594902e+00,-3.001963329245177281e+00,-1.534202310042857009e+00,-3.178236048305962402e+00
1.518704473815301048e+00,-1.559450046896114994e+00,2.205908699932057182e+00,-3.001954883167586630e+00,-1.533979957858573995e+00,-3.178458669728351005e+00
1.518389872087025472e+00,-1.559536166964141435e+00,2.205994362492023964e+00,-3.001946367176348218e+00,-1.533757590931092984e+00,-3.178681310581255470e+00
1.518075248676679534e+00,-1.559622226799996181e+00,2.206079943206899152e+00,-3.001937781241370562e+00,-1.533535210223225809e+00,-3.178903969942735941e+00
1.517760604926369217e+00,-1.559708225951590643e+00,2.206165441620085321e+00,-3.001929125332564841e+00,-1.533312816697784520e+00,-3.179126646890852115e+00
1.517445942178200058e+00,-1.559794163966836678e+00,2.206250857274987709e+00,-3.001920399419842678e+00,-1.533090411317581392e+00,-3.179349340503664578e+00
1.517131261774276929e+00,-1.559880040393646139e+00,2.206336189715009333e+00,-3.001911603473113033e+00,-1.532867995045428255e+00,-3.179572049859233029e+00
1.516816565056705812e+00,-1.559965854779930439e+00,2.206421438483554542e+00,-3.001902737462287529e+00,-1.532645568844137163e+00,-3.179794774035617166e+00
1.516501853367592023e+00,-1.560051606673601432e+00,2.206506603124025911e+00,-3.001893801357276459e+00,-1.532423133676519722e+00,-3.180017512110878908e+00
1.516187128049041100e+00,-1.560137295622570752e+00,2.206591683179828234e+00,-3.001884795127990113e+00,-1.532200690505388652e+00,-3.180240263163076175e+00
1.515872390443158135e+00,-1.560222921174750033e+00,2.206676678194364971e+00,-3.001875718744339228e+00,-1.531978240293555782e+00,-3.180463026270270444e+00
1.515557641892049334e+00,-1.560308482878051128e+00,2.206761587711040473e+00,-3.001866572176234094e+00,-1.531755784003832943e+00,-3.180685800510521410e+00
1.515242883737819568e+00,-1.560393980280385451e+00,2.206846411273256869e+00,-3.001857355393585891e+00,-1.531533322599032187e+00,-3.180908584961889662e+00
1.514928117322574597e+00,-1.560479412929664633e+00,2.206931148424420286e+00,-3.001848068366304023e+00,-1.531310857041965345e+00,-3.181131378702434009e+00
1.514613343988419736e+00,-1.560564780373800753e+00,2.207015798707932852e+00,-3.001838711064300558e+00,-1.531088388295445135e+00,-3.181354180810215926e+00
1.514298565077460301e+00,-1.560650082160704777e+00,2.207100361667198918e+00,-3.001829283457485342e+00,-1.530865917322282721e+00,-3.181576990363295998e+00
1.513983781931802275e+00,-1.560735317838289227e+00,2.207184836845621945e+00,-3.001819785515767780e+00,-1.530643445085290599e+00,-3.181799806439732148e+00
1.513668995893550751e+00,-1.560820486954465292e+00,2.207269223786606283e+00,-3.001810217209060827e+00,-1.530420972547280600e+00,-3.182022628117586738e+00
1.513354208304811266e+00,-1.560905589057144827e+00,2.207353522033554949e+00,-3.001800578507272554e+00,-1.530198500671065220e+00,-3.182245454474919022e+00
1.513039420507688915e+00,-1.560990623694239243e+00,2.207437731129872738e+00,-3.001790869380315474e+00,-1.529976030419455846e+00,-3.182468284589788254e+00
1.512724633844289901e+00,-1.561075590413660619e+00,2.207521850618961778e+00,-3.001781089798098989e+00,-1.529753562755264751e+00,-3.182691117540255910e+00
1.512409849656719096e+00,-1.561160488763320142e+00,2.207605880044228197e+00,-3.001771239730533392e+00,-1.529531098641304210e+00,-3.182913952404381686e+00
1.512095069287082483e+00,-1.561245318291129891e+00,2.207689818949073235e+00,-3.001761319147530305e+00,-1.529308639040385387e+00,-3.183136788260225281e+00
1.511780294077485154e+00,-1.561330078545001276e+00,2.207773666876903018e+00,-3.001751328019000464e+00,-1.529086184915321223e+00,-3.183359624185847725e+00
1.511465525370032648e+00,-1.561414769072846154e+00,2.207857423371119232e+00,-3.001741266314852385e+00,-1.528863737228923769e+00,-3.183582459259307829e+00
1.511150764506830502e+00,-1.561499389422576156e+00,2.207941087975127115e+00,-3.001731134004999024e+00,-1.528641296944004413e+00,-3.183805292558667066e+00
1.510836012829984254e+00,-1.561583939142102917e+00,2.208024660232330127e+00,-3.001720931059349784e+00,-1.528418865023375428e+00,-3.184028123161984691e+00
1.510521271681599220e+00,-1.561668417779338069e+00,2.208108139686131732e+00,-3.001710657447814512e+00,-1.528196442429849089e+00,-3.184250950147320847e+00
1.510206542403780938e+00,-1.561752824882193691e+00,2.208191525879935391e+00,-3.001700313140304832e+00,-1.527974030126237004e+00,-3.184473772592736562e+00
1.509891826338634724e+00,-1.561837159998580749e+00,2.208274818357146785e+00,-3.001689898106731480e+00,-1.527751629075351447e+00,-3.184696589576290648e+00
1.509577124828266337e+00,-1.561921422676411542e+00,2.208358016661166712e+00,-3.001679412317003859e+00,-1.527529240240004471e+00,-3.184919400176044135e+00
1.509262439214781093e+00,-1.562005612463597037e+00,2.208441120335401298e+00,-3.001668855741033148e+00,-1.527306864583007684e+00,-3.185142203470056721e+00
1.508947770840284308e+00,-1.562089728908049757e+00,2.208524128923253116e+00,-3.001658228348730528e+00,-1.527084503067173804e+00,-3.185364998536389436e+00
1.508633121046881742e+00,-1.562173771557680890e+00,2.208607041968126961e+00,-3.001647530110005402e+00,-1.526862156655314218e+00,-3.185587784453101090e+00
1.508318491176678711e+00,-1.562257739960402070e+00,2.208689859013425405e+00,-3.001636760994768949e+00,-1.526639826310241643e+00,-3.185810560298252270e+00
1.508003882571780974e+00,-1.562341633664125151e+00,2.208772579602553687e+00,-3.001625920972931905e+00,-1.526417512994767023e+00,-3.186033325149904005e+00
1.507689296562317427e+00,-1.562425452220668642e+00,2.208855203283029756e+00,-3.001615010014762053e+00,-1.526195217663236514e+00,-3.186256078094584776e+00
1.507374733832082869e+00,-1.562509195392679073e+00,2.208937729824522744e+00,-3.001604028109833067e+00,-1.525972940813054235e+00,-3.186478818675962277e+00
1.507060194102516570e+00,-1.562592863256717202e+00,2.209020159327462984e+00,-3.001592975276464514e+00,-1.525750682261263869e+00,-3.186701547118350852e+00
1.506745677016720686e+00,-1.562676455914896012e+00,2.209102491919205935e+00,-3.001581851535313650e+00,-1.525528441769528731e+00,-3.186924263701469417e+00
1.506431182217797371e+00,-1.562759973469328934e+00,2.209184727727108388e+00,-3.001570656907039947e+00,-1.525306219099510807e+00,-3.187146968705038663e+00
1.506116709348848559e+00,-1.562843416022128062e+00,2.209266866878525359e+00,-3.001559391412301103e+00,-1.525084014012872524e+00,-3.187369662408778836e+00
1.505802258052976406e+00,-1.562926783675407716e+00,2.209348909500813196e+00,-3.001548055071756593e+00,-1.524861826271276755e+00,-3.187592345092409296e+00
1.505487827973283510e+00,-1.563010076531279990e+00,2.209430855721326914e+00,-3.001536647906064115e+00,-1.524639655636385704e+00,-3.187815017035651621e+00
1.505173418752871362e+00,-1.563093294691857871e+00,2.209512705667423749e+00,-3.001525169935881809e+00,-1.524417501869861802e+00,-3.188037678518224727e+00
1.504859030034842782e+00,-1.563176438259255230e+00,2.209594459466458716e+00,-3.001513621181869151e+00,-1.524195364733367475e+00,-3.188260329819847971e+00
1.504544661462299260e+00,-1.563259507335584386e+00,2.209676117245787719e+00,-3.001502001664684283e+00,-1.523973243988565818e+00,-3.188482971220242490e+00
1.504230312678343839e+00,-1.563342502022958991e+00,2.209757679132766661e+00,-3.001490311404985345e+00,-1.523751139397118148e+00,-3.188705602999128530e+00
1.503915983326077788e+00,-1.563425422423491584e+00,2.209839145254751447e+00,-3.001478550423431813e+00,-1.523529050720688005e+00,-3.188928225436225006e+00
1.503601673048603704e+00,-1.563508268639295373e+00,2.209920515739098423e+00,-3.001466718740680495e+00,-1.523306977720937372e+00,-3.189150838811253053e+00
1.503287381489023966e+00,-1.563591040772483565e+00,2.210001790713162606e+00,-3.001454816377391310e+00,-1.523084920159528233e+00,-3.189373443403932029e+00
1.502973108290440285e+00,-1.563673738925169143e+00,2.210082970304300343e+00,-3.001442843354222401e+00,-1.522862877798123904e+00,-3.189596039493982627e+00
1.502658853095954816e+00,-1.563756363199465094e+00,2.210164054639867537e+00,-3.001430799691831464e+00,-1.522640850398387036e+00,-3.189818627361124204e+00
1.502344615548669937e+00,-1.563838913697483957e+00,2.210245043847220092e+00,-3.001418685410878417e+00,-1.522418837721978724e+00,-3.190041207285077451e+00
1.502030395291688025e+00,-1.563921390521340049e+00,2.210325938053713468e+00,-3.001406500532020072e+00,-1.522196839530562729e+00,-3.190263779545561729e+00
1.501716191968111014e+00,-1.564003793773145246e+00,2.210406737386703568e+00,-3.001394245075916789e+00,-1.521974855585801034e+00,-3.190486344422297282e+00
1.501402005221040836e+00,-1.564086123555013197e+00,2.210487441973545852e+00,-3.001381919063225823e+00,-1.521752885649356068e+00,-3.190708902195005248e+00
1.501087834693580314e+00,-1.564168379969056888e+00,2.210568051941597556e+00,-3.001369522514605759e+00,-1.521530929482890482e+00,-3.190931453143404095e+00
1.500773680028830492e+00,-1.564250563117389081e+00,2.210648567418213695e+00,-3.001357055450715183e+00,-1.521308986848066924e+00,-3.191153997547214516e+00
1.500459540869894415e+00,-1.564332673102123428e+00,2.210728988530749728e+00,-3.001344517892212682e+00,-1.521087057506547158e+00,-3.191376535686156313e+00
1.500145416859874015e+00,-1.564414710025372246e+00,2.210809315406562447e+00,-3.001331909859756841e+00,-1.520865141219994054e+00,-3.191599067839950177e+00
1.499831307641871669e+00,-1.564496673989249187e+00,2.210889548173007313e+00,-3.001319231374006247e+00,-1.520643237750070709e+00,-3.191821594288316355e+00
1.499517212858989090e+00,-1.564578565095866791e+00,2.210969686957439784e+00,-3.001306482455618596e+00,-1.520421346858438438e+00,-3.192044115310974206e+00
1.499203132154328655e+00,-1.564660383447338488e+00,2.211049731887216208e+00,-3.001293663125253364e+00,-1.520199468306760560e+00,-3.192266631187643089e+00
1.498889065170992740e+00,-1.564742129145777705e+00,2.211129683089692044e+00,-3.001280773403568691e+00,-1.519977601856699057e+00,-3.192489142198044139e+00
1.498575011552083280e+00,-1.564823802293296318e+00,2.211209540692223641e+00,-3.001267813311222721e+00,-1.519755747269916357e+00,-3.192711648621898046e+00
1.498260970940702430e+00,-1.564905402992008421e+00,2.211289304822166013e+00,-3.001254782868874038e+00,-1.519533904308075334e+00,-3.192934150738923282e+00
1.497946942979952345e+00,-1.564986931344026555e+00,2.211368975606875953e+00,-3.001241682097181673e+00,-1.519312072732838192e+00,-3.193156648828840538e+00
1.497632927312935625e+00,-1.565068387451464149e+00,2.211448553173709364e+00,-3.001228511016803768e+00,-1.519090252305867583e+00,-3.193379143171369616e+00
1.497318923582753536e+00,-1.565149771416433744e+00,2.211528037650021261e+00,-3.001215269648398465e+00,-1.518868442788826156e+00,-3.193601634046231208e+00
1.497004931432508679e+00,-1.565231083341048990e+00,2.211607429163168437e+00,-3.001201958012624793e+00,-1.518646643943375452e+00,-3.193824121733145560e+00
1.496690950505303430e+00,-1.565312323327422872e+00,2.211686727840505906e+00,-3.001188576130141339e+00,-1.518424855531179007e+00,-3.194046606511831587e+00
1.496376980444239946e+00,-1.565393491477667931e+00,2.211765933809390017e+00,-3.001175124021605800e+00,-1.518203077313898808e+00,-3.194269088662009981e+00
1.496063020892420159e+00,-1.565474587893897374e+00,2.211845047197176672e+00,-3.001161601707677207e+00,-1.517981309053197281e+00,-3.194491568463400544e+00
1.495749071492946003e+00,-1.565555612678224628e+00,2.211924068131221333e+00,-3.001148009209014589e+00,-1.517759550510736855e+00,-3.194714046195723967e+00
1.495435131888920299e+00,-1.565636565932762458e+00,2.212002996738879901e+00,-3.001134346546274756e+00,-1.517537801448180623e+00,-3.194936522138700052e+00
1.495121201723444981e+00,-1.565717447759623848e+00,2.212081833147509169e+00,-3.001120613740118070e+00,-1.517316061627189905e+00,-3.195158996572048160e+00
1.494807280639621538e+00,-1.565798258260922227e+00,2.212160577484463264e+00,-3.001106810811202230e+00,-1.517094330809428016e+00,-3.195381469775488981e+00
1.494493368280553236e+00,-1.565878997538770356e+00,2.212239229877099866e+00,-3.001092937780184933e+00,-1.516872608756557383e+00,-3.195603942028741873e+00
1.494179464289341563e+00,-1.565959665695281222e+00,2.212317790452773991e+00,-3.001078994667726096e+00,-1.516650895230240437e+00,-3.195826413611528416e+00
1.493865568309088454e+00,-1.566040262832568031e+00,2.212396259338841542e+00,-3.001064981494482975e+00,-1.516429189992138937e+00,-3.196048884803567525e+00
1.493551679982896507e+00,-1.566120789052743545e+00,2.212474636662657979e+00,-3.001050898281115487e+00,-1.516207492803916645e+00,-3.196271355884579002e+00
1.493237798953867879e+00,-1.566201244457921637e+00,2.212552922551579648e+00,-3.001036745048280885e+00,-1.515985803427234657e+00,-3.196493827134283539e+00
1.492923924865104723e+00,-1.566281629150214405e+00,2.212631117132962455e+00,-3.001022521816637756e+00,-1.515764121623756511e+00,-3.196716298832401382e+00
1.492610057359708753e+00,-1.566361943231735498e+00,2.212709220534162302e+00,-3.001008228606845574e+00,-1.515542447155144190e+00,-3.196938771258651890e+00
1.492296196080782789e+00,-1.566442186804597680e+00,2.212787232882534205e+00,-3.000993865439561148e+00,-1.515320779783060123e+00,-3.197161244692754423e+00
1.491982340671428542e+00,-1.566522359970913936e+00,2.212865154305435400e+00,-3.000979432335444841e+00,-1.515099119269166961e+00,-3.197383719414431003e+00
1.491668490774748612e+00,-1.566602462832797915e+00,2.212942984930220902e+00,-3.000964929315153906e+00,-1.514877465375127352e+00,-3.197606195703400100e+00
1.491354646033844711e+00,-1.566682495492361715e+00,2.213020724884246615e+00,-3.000950356399346930e+00,-1.514655817862603060e+00,-3.197828673839383296e+00
1.491040806091818993e+00,-1.566762458051719209e+00,2.213098374294868886e+00,-3.000935713608682942e+00,-1.514434176493257178e+00,-3.198051154102099058e+00
1.490726970591774059e+00,-1.566842350612982937e+00,2.213175933289442288e+00,-3.000921000963820529e+00,-1.514212541028752135e+00,-3.198273636771268080e+00
1.490413139176811619e+00,-1.566922173278266328e+00,2.213253401995324054e+00,-3.000906218485416943e+00,-1.513990911230749914e+00,-3.198496122126610164e+00
1.490099311490033607e+00,-1.567001926149682367e+00,2.213330780539870091e+00,-3.000891366194132104e+00,-1.513769286860913610e+00,-3.198718610447846000e+00
1.489785487174543066e+00,-1.567081609329343816e+00,2.213408069050434968e+00,-3.000876444110623265e+00,-1.513547667680905429e+00,-3.198941102014694948e+00
1.489471665873441708e+00,-1.567161222919364105e+00,2.213485267654376365e+00,-3.000861452255550343e+00,-1.513326053452387576e+00,-3.199163597106877699e+00
1.489157847229831466e+00,-1.567240767021855996e+00,2.213562376479047522e+00,-3.000846390649570594e+00,-1.513104443937022703e+00,-3.199386096004113611e+00
1.488844030886814718e+00,-1.567320241738932696e+00,2.213639395651806563e+00,-3.000831259313343047e+00,-1.512882838896473681e+00,-3.199608598986122932e+00
1.488530216487493840e+00,-1.567399647172706967e+00,2.213716325300009391e+00,-3.000816058267526287e+00,-1.512661238092402494e+00,-3.199831106332626351e+00
1.488216403674970323e+00,-1.567478983425292460e+00,2.213793165551010134e+00,-3.000800787532778013e+00,-1.512439641286472014e+00,-3.200053618323343230e+00
1.487902592092346987e+00,-1.567558250598801939e+00,2.213869916532166471e+00,-3.000785447129758143e+00,-1.512218048240344004e+00,-3.200276135237993813e+00
1.487588781382725545e+00,-1.567637448795348165e+00,2.213946578370832974e+00,-3.000770037079123931e+00,-1.511996458715681335e+00,-3.200498657356297905e+00
1.487274971189208816e+00,-1.567716578117044568e+00,2.214023151194365990e+00,-3.000754557401533962e+00,-1.511774872474146880e+00,-3.200721184957976639e+00
1.486961161154898514e+00,-1.567795638666003910e+00,2.214099635130121868e+00,-3.000739008117647710e+00,-1.511553289277402179e+00,-3.200943718322748488e+00
1.486647350922896349e+00,-1.567874630544339620e+00,2.214176030305455622e+00,-3.000723389248122430e+00,-1.511331708887110770e+00,-3.201166257730333697e+00
1.486333540136305142e+00,-1.567953553854164239e+00,2.214252336847723157e+00,-3.000707700813617151e+00,-1.511110131064934414e+00,-3.201388803460453403e+00
1.486019728438227050e+00,-1.568032408697591418e+00,2.214328554884280376e+00,-3.000691942834790460e+00,-1.510888555572535541e+00,-3.201611355792827407e+00
1.485705915471763783e+00,-1.568111195176733919e+00,2.214404684542484070e+00,-3.000676115332300942e+00,-1.510666982171576800e+00,-3.201833915007175513e+00
1.485392100880017496e+00,-1.568189913393704504e+00,2.214480725949689255e+00,-3.000660218326806294e+00,-1.510445410623721063e+00,-3.202056481383217523e+00
1.485078284306091456e+00,-1.568268563450616826e+00,2.214556679233252279e+00,-3.000644251838966436e+00,-1.510223840690630537e+00,-3.202279055200673685e+00
1.484764465393086263e+00,-1.568347145449583424e+00,2.214632544520528157e+00,-3.000628215889438621e+00,-1.510002272133966983e+00,-3.202501636739263802e+00
1.484450643784104962e+00,-1.568425659492717505e+00,2.214708321938873681e+00,-3.000612110498881879e+00,-1.509780704715394162e+00,-3.202724226278709008e+00
1.484136819122249484e+00,-1.568504105682132277e+00,2.214784011615643866e+00,-3.000595935687954352e+00,-1.509559138196573169e+00,-3.202946824098727774e+00
1.483822991050622209e+00,-1.568582484119940723e+00,2.214859613678195949e+00,-3.000579691477314626e+00,-1.509337572339167544e+00,-3.203169430479041235e+00
1.483509159212324846e+00,-1.568660794908255607e+00,2.214935128253884056e+00,-3.000563377887622174e+00,-1.509116006904839491e+00,-3.203392045699368751e+00
1.483195323250460218e+00,-1.568739038149190357e+00,2.215010555470064535e+00,-3.000546994939533363e+00,-1.508894441655250995e+00,-3.203614670039431012e+00
1.482881482808130036e+00,-1.568817213944857958e+00,2.215085895454094178e+00,-3.000530542653708999e+00,-1.508672876352064929e+00,-3.203837303778948264e+00
1.482567637528436233e+00,-1.568895322397371617e+00,2.215161148333328001e+00,-3.000514021050805447e+00,-1.508451310756943942e+00,-3.204059947197639424e+00
1.482253787054481409e+00,-1.568973363608843874e+00,2.215236314235122350e+00,-3.000497430151483069e+00,-1.508229744631550018e+00,-3.204282600575225182e+00
1.481939931029367497e+00,-1.569051337681388159e+00,2.215311393286833130e+00,-3.000480769976399564e+00,-1.508008177737545807e+00,-3.204505264191425784e+00
1.481626069096197096e+00,-1.569129244717117677e+00,2.215386385615815357e+00,-3.000464040546213074e+00,-1.507786609836594183e+00,-3.204727938325961478e+00
1.481312200971335757e+00,-1.569207084793929674e+00,2.215461291323703730e+00,-3.000447241878936300e+00,-1.507565040742090412e+00,-3.204950623206613169e+00
1.480998326672293475e+00,-1.569284857890187901e+00,2.215536110406406411e+00,-3.000430373981704424e+00,-1.507343470480075664e+00,-3.205173318847677422e+00
1.480684446293943912e+00,-1.569362563958685231e+00,2.215610842832669736e+00,-3.000413436858858862e+00,-1.507121899131218967e+00,-3.205396025208603561e+00
1.480370559931161623e+00,-1.569440202952214536e+00,2.215685488571240924e+00,-3.000396430514739254e+00,-1.506900326776190013e+00,-3.205618742248842690e+00
1.480056667678819826e+00,-1.569517774823568468e+00,2.215760047590865423e+00,-3.000379354953687905e+00,-1.506678753495658052e+00,-3.205841469927845466e+00
1.479742769631792410e+00,-1.569595279525540121e+00,2.215834519860291341e+00,-3.000362210180045341e+00,-1.506457179370292776e+00,-3.206064208205061217e+00
1.479428865884953703e+00,-1.569672717010922369e+00,2.215908905348264568e+00,-3.000344996198152092e+00,-1.506235604480762769e+00,-3.206286957039941932e+00
1.479114956533176928e+00,-1.569750087232508085e+00,2.215983204023531883e+00,-3.000327713012350017e+00,-1.506014028907738167e+00,-3.206509716391937381e+00
1.478801041671336192e+00,-1.569827390143090140e+00,2.216057415854840507e+00,-3.000310360626979644e+00,-1.505792452731887776e+00,-3.206732486220497780e+00
1.478487121394305825e+00,-1.569904625695461631e+00,2.216131540810936329e+00,-3.000292939046381502e+00,-1.505570876033881289e+00,-3.206955266485074674e+00
1.478173195796958828e+00,-1.569981793842415208e+00,2.216205578860567016e+00,-3.000275448274897450e+00,-1.505349298894387955e+00,-3.207178057145117389e+00
1.477859264974169529e+00,-1.570058894536743965e+00,2.216279529972478457e+00,-3.000257888316868460e+00,-1.505127721394077245e+00,-3.207400858160076584e+00
1.477545329020812259e+00,-1.570135927731240333e+00,2.216353394115417874e+00,-3.000240259176634172e+00,-1.504906143613618186e+00,-3.207623669489403362e+00
1.477231388031759796e+00,-1.570212893378697627e+00,2.216427171258131601e+00,-3.000222560858537335e+00,-1.504684565633680693e+00,-3.207846491092547936e+00
1.476917442101886691e+00,-1.570289791431908943e+00,2.216500861369366859e+00,-3.000204793366917144e+00,-1.504462987534933571e+00,-3.208069322928960965e+00
1.476603491326066608e+00,-1.570366621843666710e+00,2.216574464417869539e+00,-3.000186956706115904e+00,-1.504241409398046514e+00,-3.208292164958091774e+00
1.476289535799173658e+00,-1.570443384566764244e+00,2.216647980372386861e+00,-3.000169050880474142e+00,-1.504019831303688770e+00,-3.208515017139392356e+00
1.475975575616081059e+00,-1.570520079553993753e+00,2.216721409201665605e+00,-3.000151075894333275e+00,-1.503798253332529589e+00,-3.208737879432312923e+00
1.475661610871663587e+00,-1.570596706758148553e+00,2.216794750874452546e+00,-3.000133031752033386e+00,-1.503576675565238663e+00,-3.208960751796303246e+00
1.475347641660794240e+00,-1.570673266132022183e+00,2.216868005359493576e+00,-3.000114918457915891e+00,-1.503355098082485242e+00,-3.209183634190814427e+00
1.475033668078347349e+00,-1.570749757628406407e+00,2.216941172625536360e+00,-3.000096736016322208e+00,-1.503133520964938352e+00,-3.209406526575296681e+00
1.474719690219196577e+00,-1.570826181200094762e+00,2.217014252641327676e+00,-3.000078484431592418e+00,-1.502911944293267688e+00,-3.209629428909200666e+00
1.474405708178216035e+00,-1.570902536799879901e+00,2.217087245375612969e+00,-3.000060163708067940e+00,-1.502690368148142497e+00,-3.209852341151976596e+00
1.474091722050279163e+00,-1.570978824380554917e+00,2.217160150797140350e+00,-3.000041773850090188e+00,-1.502468792610232251e+00,-3.210075263263075129e+00
1.473777731930260071e+00,-1.571055043894912684e+00,2.217232968874655707e+00,-3.000023314861999690e+00,-1.502247217760205977e+00,-3.210298195201946925e+00
1.473463737913032645e+00,-1.571131195295746075e+00,2.217305699576906264e+00,-3.000004786748136976e+00,-1.502025643678733147e+00,-3.210521136928042196e+00
1.473149740093470550e+00,-1.571207278535847962e+00,2.217378342872637909e+00,-2.999986189512843904e+00,-1.501804070446483674e+00,-3.210744088400811602e+00
1.472835738566448116e+00,-1.571283293568010553e+00,2.217450898730598308e+00,-2.999967523160461003e+00,-1.501582498144126143e+00,-3.210967049579705801e+00
1.472521733426838342e+00,-1.571359240345028052e+00,2.217523367119533351e+00,-2.999948787695328800e+00,-1.501360926852330691e+00,-3.211190020424174119e+00
1.472207724769516002e+00,-1.571435118819692667e+00,2.217595748008191148e+00,-2.999929983121789601e+00,-1.501139356651765899e+00,-3.211413000893669434e+00
1.471893712689354095e+00,-1.571510928944797270e+00,2.217668041365316256e+00,-2.999911109444183488e+00,-1.500917787623101907e+00,-3.211635990947639741e+00
1.471579697281227173e+00,-1.571586670673134956e+00,2.217740247159656786e+00,-2.999892166666850990e+00,-1.500696219847007296e+00,-3.211858990545537029e+00
1.471265678640008678e+00,-1.571662343957497932e+00,2.217812365359959070e+00,-2.999873154794133967e+00,-1.500474653404151981e+00,-3.212081999646811070e+00
1.470951656860572943e+00,-1.571737948750679958e+00,2.217884395934970332e+00,-2.999854073830372947e+00,-1.500253088375204991e+00,-3.212305018210912966e+00
1.470637632037793185e+00,-1.571813485005473687e+00,2.217956338853436460e+00,-2.999834923779908902e+00,-1.500031524840835795e+00,-3.212528046197292042e+00
1.470323604266543738e+00,-1.571888952674671991e+00,2.218028194084104232e+00,-2.999815704647082359e+00,-1.499809962881713865e+00,-3.212751083565400290e+00
1.470009573641698264e+00,-1.571964351711067520e+00,2.218099961595721314e+00,-2.999796416436235624e+00,-1.499588402578508450e+00,-3.212974130274687479e+00
1.469695540258130206e+00,-1.572039682067453148e+00,2.218171641357033597e+00,-2.999777059151708780e+00,-1.499366844011889022e+00,-3.213197186284603379e+00
1.469381504210714118e+00,-1.572114943696622191e+00,2.218243233336788300e+00,-2.999757632797842355e+00,-1.499145287262524828e+00,-3.213420251554599982e+00
1.469067465594323663e+00,-1.572190136551367523e+00,2.218314737503731315e+00,-2.999738137378978209e+00,-1.498923732411085119e+00,-3.213643326044127058e+00
1.468753424503832727e+00,-1.572265260584481572e+00,2.218386153826609419e+00,-2.999718572899456870e+00,-1.498702179538239587e+00,-3.213866409712634820e+00
1.468439381034114755e+00,-1.572340315748757655e+00,2.218457482274170722e+00,-2.999698939363618866e+00,-1.498480628724657260e+00,-3.214089502519573927e+00
1.468125335280044075e+00,-1.572415301996988202e+00,2.218528722815160226e+00,-2.999679236775806057e+00,-1.498259080051007830e+00,-3.214312604424395037e+00
1.467811287336493908e+00,-1.572490219281966750e+00,2.218599875418324707e+00,-2.999659465140359416e+00,-1.498037533597960325e+00,-3.214535715386548365e+00
1.467497237298339030e+00,-1.572565067556485729e+00,2.218670940052412277e+00,-2.999639624461619469e+00,-1.497815989446184215e+00,-3.214758835365484568e+00
1.467183185260452660e+00,-1.572639846773338235e+00,2.218741916686168825e+00,-2.999619714743927190e+00,-1.497594447676349194e+00,-3.214981964320654306e+00
1.466869131317708908e+00,-1.572714556885317139e+00,2.218812805288341572e+00,-2.999599735991623550e+00,-1.497372908369124067e+00,-3.215205102211507793e+00
1.466555075564981658e+00,-1.572789197845215092e+00,2.218883605827675964e+00,-2.999579688209049966e+00,-1.497151371605178527e+00,-3.215428248997495242e+00
1.466241018097144133e+00,-1.572863769605824968e+00,2.218954318272919668e+00,-2.999559571400546076e+00,-1.496929837465181823e+00,-3.215651404638068200e+00
1.465926959009071107e+00,-1.572938272119940306e+00,2.219024942592819016e+00,-2.999539385570454630e+00,-1.496708306029803204e+00,-3.215874569092675994e+00
1.465612898395635577e+00,-1.573012705340353312e+00,2.219095478756120787e+00,-2.999519130723115712e+00,-1.496486777379712363e+00,-3.216097742320769726e+00
1.465298836351712319e+00,-1.573087069219857304e+00,2.219165926731571759e+00,-2.999498806862870293e+00,-1.496265251595578327e+00,-3.216320924281800053e+00
1.464984772972174332e+00,-1.573161363711244931e+00,2.219236286487919152e+00,-2.999478413994059789e+00,-1.496043728758070790e+00,-3.216544114935216747e+00
1.464670708351896167e+00,-1.573235588767309068e+00,2.219306557993908857e+00,-2.999457952121024729e+00,-1.495822208947859000e+00,-3.216767314240470466e+00
1.464356642585751045e+00,-1.573309744340842808e+00,2.219376741218287652e+00,-2.999437421248106084e+00,-1.495600692245612207e+00,-3.216990522157012755e+00
1.464042575768613297e+00,-1.573383830384638804e+00,2.219446836129803202e+00,-2.999416821379644826e+00,-1.495379178731999659e+00,-3.217213738644292498e+00
1.463728507995356365e+00,-1.573457846851490149e+00,2.219516842697201398e+00,-2.999396152519982373e+00,-1.495157668487690827e+00,-3.217436963661761240e+00
1.463414439360854580e+00,-1.573531793694189718e+00,2.219586760889228572e+00,-2.999375414673458362e+00,-1.494936161593355406e+00,-3.217660197168869196e+00
1.463100369959981384e+00,-1.573605670865530382e+00,2.219656590674631502e+00,-2.999354607844415987e+00,-1.494714658129662199e+00,-3.217883439125067024e+00
1.462786299887610886e+00,-1.573679478318304792e+00,2.219726332022157855e+00,-2.999333732037194888e+00,-1.494493158177280900e+00,-3.218106689489804939e+00
1.462472229238616972e+00,-1.573753216005306266e+00,2.219795984900553520e+00,-2.999312787256135593e+00,-1.494271661816880981e+00,-3.218329948222532710e+00
1.462158158107873085e+00,-1.573826883879327454e+00,2.219865549278565720e+00,-2.999291773505579961e+00,-1.494050169129131467e+00,-3.218553215282702773e+00
1.461844086590253777e+00,-1.573900481893161452e+00,2.219935025124940786e+00,-2.999270690789868521e+00,-1.493828680194702052e+00,-3.218776490629764009e+00
1.461530014780631825e+00,-1.573974009999600687e+00,2.220004412408425942e+00,-2.999249539113342689e+00,-1.493607195094261320e+00,-3.218999774223167076e+00
1.461215942773882226e+00,-1.574047468151438478e+00,2.220073711097767077e+00,-2.999228318480342548e+00,-1.493385713908479850e+00,-3.219223066022363522e+00
1.460901870664878199e+00,-1.574120856301467697e+00,2.220142921161710969e+00,-2.999207028895210403e+00,-1.493164236718026228e+00,-3.219446365986802672e+00
1.460587798548493854e+00,-1.574194174402481217e+00,2.220212042569004840e+00,-2.999185670362285894e+00,-1.492942763603569922e+00,-3.219669674075934740e+00
1.460273726519602855e+00,-1.574267422407271688e+00,2.220281075288395023e+00,-2.999164242885910436e+00,-1.492721294645780405e+00,-3.219892990249212161e+00
1.459959654673079310e+00,-1.574340600268631984e+00,2.220350019288628740e+00,-2.999142746470425891e+00,-1.492499829925327148e+00,-3.220116314466083818e+00
1.459645583103796440e+00,-1.574413707939355422e+00,2.220418874538452325e+00,-2.999121181120171897e+00,-1.492278369522879178e+00,-3.220339646686000368e+00
1.459331511906629242e+00,-1.574486745372234653e+00,2.220487641006612112e+00,-2.999099546839489872e+00,-1.492056913519105743e+00,-3.220562986868412025e+00
1.459017441176450491e+00,-1.574559712520062327e+00,2.220556318661855322e+00,-2.999077843632721674e+00,-1.491835461994676759e+00,-3.220786334972770337e+00
1.458703371008134297e+00,-1.574632609335631983e+00,2.220624907472929177e+00,-2.999056071504207388e+00,-1.491614015030261253e+00,-3.221009690958525518e+00
1.458389301496554991e+00,-1.574705435771735829e+00,2.220693407408579123e+00,-2.999034230458287542e+00,-1.491392572706528918e+00,-3.221233054785126448e+00
1.458075232736586013e+00,-1.574778191781166958e+00,2.220761818437552826e+00,-2.999012320499303996e+00,-1.491171135104148560e+00,-3.221456426412026008e+00
1.457761164823101252e+00,-1.574850877316718689e+00,2.220830140528596175e+00,-2.998990341631597722e+00,-1.490949702303789870e+00,-3.221679805798673080e+00
1.457447097850974371e+00,-1.574923492331183450e+00,2.220898373650456392e+00,-2.998968293859508805e+00,-1.490728274386122321e+00,-3.221903192904518320e+00
1.457133031915079702e+00,-1.574996036777354336e+00,2.220966517771880255e+00,-2.998946177187379547e+00,-1.490506851431814939e+00,-3.222126587689012833e+00
1.456818967110290686e+00,-1.575068510608023997e+00,2.221034572861614098e+00,-2.998923991619549589e+00,-1.490285433521537195e+00,-3.222349990111607720e+00
1.456504903531481654e+00,-1.575140913775985529e+00,2.221102538888405142e+00,-2.998901737160361236e+00,-1.490064020735958783e+00,-3.222573400131750976e+00
1.456190841273525827e+00,-1.575213246234031805e+00,2.221170415820999722e+00,-2.998879413814153683e+00,-1.489842613155748285e+00,-3.222796817708895922e+00
1.455876780431297535e+00,-1.575285507934955920e+00,2.221238203628145058e+00,-2.998857021585270122e+00,-1.489621210861576062e+00,-3.223020242802490998e+00
1.455562721099670442e+00,-1.575357698831550524e+00,2.221305902278587041e+00,-2.998834560478049749e+00,-1.489399813934110695e+00,-3.223243675371987749e+00
1.455248663373158724e+00,-1.575429818876720622e+00,2.221373511741188800e+00,-2.998812030496839309e+00,-1.489178422453767192e+00,-3.223467115377090408e+00
1.454934607307589500e+00,-1.575501868035466213e+00,2.221441031997320348e+00,-2.998789431646477599e+00,-1.488957036473570916e+00,-3.223690562804790272e+00
1.454620552886134011e+00,-1.575573846295500235e+00,2.221508463051839133e+00,-2.998766763932736001e+00,-1.488735655995107487e+00,-3.223914017693326972e+00
1.454306500083949683e+00,-1.575645753647040292e+00,2.221575804912191643e+00,-2.998744027361486264e+00,-1.488514281014290175e+00,-3.224137480086591179e+00
1.453992448876194832e+00,-1.575717590080303987e+00,2.221643057585827918e+00,-2.998721221938599246e+00,-1.488292911527031803e+00,-3.224360950028474004e+00
1.453678399238027552e+00,-1.575789355585509588e+00,2.221710221080193559e+00,-2.998698347669949360e+00,-1.488071547529245864e+00,-3.224584427562867450e+00
1.453364351144606159e+00,-1.575861050152874476e+00,2.221777295402736829e+00,-2.998675404561407021e+00,-1.487850189016845404e+00,-3.224807912733662185e+00
1.453050304571088303e+00,-1.575932673772617143e+00,2.221844280560905993e+00,-2.998652392618845308e+00,-1.487628835985743470e+00,-3.225031405584748878e+00
1.452736259492632520e+00,-1.576004226434954525e+00,2.221911176562148427e+00,-2.998629311848135526e+00,-1.487407488431853331e+00,-3.225254906160018642e+00
1.452422215884396905e+00,-1.576075708130105113e+00,2.221977983413911950e+00,-2.998606162255151197e+00,-1.487186146351088034e+00,-3.225478414503363034e+00
1.452108173721539552e+00,-1.576147118848286288e+00,2.222044701123643939e+00,-2.998582943845762738e+00,-1.486964809739360627e+00,-3.225701930658672723e+00
1.451794132979218555e+00,-1.576218458579716097e+00,2.222111329698793103e+00,-2.998559656625843672e+00,-1.486743478592584822e+00,-3.225925454669838821e+00
1.451480093632591784e+00,-1.576289727314612144e+00,2.222177869146806373e+00,-2.998536300601265747e+00,-1.486522152906673444e+00,-3.226148986580751998e+00
1.451166055656817777e+00,-1.576360925043192474e+00,2.222244319475131569e+00,-2.998512875777900710e+00,-1.486300832677538875e+00,-3.226372526435304700e+00
1.450852019027054407e+00,-1.576432051755674468e+00,2.222310680691215623e+00,-2.998489382161621197e+00,-1.486079517901095493e+00,-3.226596074277386705e+00
1.450537983718459989e+00,-1.576503107442276619e+00,2.222376952802507688e+00,-2.998465819758299844e+00,-1.485858208573255901e+00,-3.226819630150889129e+00
1.450223949706192395e+00,-1.576574092093216306e+00,2.222443135816454696e+00,-2.998442188573807066e+00,-1.485636904689933147e+00,-3.227043194099703083e+00
1.449909916965410162e+00,-1.576645005698711133e+00,2.222509229740504466e+00,-2.998418488614016386e+00,-1.485415606247040499e+00,-3.227266766167720125e+00
1.449595885471270718e+00,-1.576715848248978924e+00,2.222575234582104819e+00,-2.998394719884800885e+00,-1.485194313240491448e+00,-3.227490346398830923e+00
1.449281855198932822e+00,-1.576786619734238171e+00,2.222641150348703576e+00,-2.998370882392030534e+00,-1.484973025666198154e+00,-3.227713934836927479e+00
1.448967826123554348e+00,-1.576857320144706254e+00,2.222706977047748111e+00,-2.998346976141579301e+00,-1.484751743520074996e+00,-3.227937531525899129e+00
1.448653798220293387e+00,-1.576927949470600554e+00,2.222772714686686246e+00,-2.998323001139318045e+00,-1.484530466798034354e+00,-3.228161136509638318e+00
1.448339771464308035e+00,-1.576998507702139563e+00,2.222838363272965800e+00,-2.998298957391120290e+00,-1.484309195495989275e+00,-3.228384749832035716e+00
1.448025745830756827e+00,-1.577068994829540438e+00,2.222903922814035038e+00,-2.998274844902856451e+00,-1.484087929609853473e+00,-3.228608371536982435e+00
1.447711721294797416e+00,-1.577139410843021450e+00,2.222969393317340892e+00,-2.998250663680400052e+00,-1.483866669135540217e+00,-3.228832001668369145e+00
1.447397697831587671e+00,-1.577209755732800422e+00,2.223034774790331625e+00,-2.998226413729622841e+00,-1.483645414068961665e+00,-3.229055640270087402e+00
1.447083675416286574e+00,-1.577280029489094959e+00,2.223100067240454614e+00,-2.998202095056397454e+00,-1.483424164406031975e+00,-3.229279287386027875e+00
1.446769654024051555e+00,-1.577350232102123107e+00,2.223165270675157235e+00,-2.998177707666594749e+00,-1.483202920142663750e+00,-3.229502943060082121e+00
1.446455633630041149e+00,-1.577420363562102024e+00,2.223230385101887752e+00,-2.998153251566088695e+00,-1.482981681274770480e+00,-3.229726607336141253e+00
1.446141614209413007e+00,-1.577490423859250424e+00,2.223295410528093097e+00,-2.998128726760749707e+00,-1.482760447798264769e+00,-3.229950280258095052e+00
1.445827595737325888e+00,-1.577560412983785465e+00,2.223360346961222866e+00,-2.998104133256451309e+00,-1.482539219709060108e+00,-3.230173961869835964e+00
1.445513578188937220e+00,-1.577630330925925195e+00,2.223425194408722660e+00,-2.998079471059064360e+00,-1.482317997003070209e+00,-3.230397652215255544e+00
1.445199561539405764e+00,-1.577700177675887439e+00,2.223489952878041187e+00,-2.998054740174462385e+00,-1.482096779676207010e+00,-3.230621351338243130e+00
1.444885545763889168e+00,-1.577769953223890020e+00,2.223554622376626710e+00,-2.998029940608516686e+00,-1.481875567724384890e+00,-3.230845059282690723e+00
1.444571530837545970e+00,-1.577839657560150544e+00,2.223619202911925719e+00,-2.998005072367099455e+00,-1.481654361143516230e+00,-3.231068776092488992e+00
1.444257516735533819e+00,-1.577909290674886833e+00,2.223683694491386476e+00,-2.997980135456083772e+00,-1.481433159929514076e+00,-3.231292501811529494e+00
1.443943503433011255e+00,-1.577978852558316936e+00,2.223748097122457246e+00,-2.997955129881340053e+00,-1.481211964078292365e+00,-3.231516236483703342e+00
1.443629490905135926e+00,-1.578048343200658676e+00,2.223812410812585405e+00,-2.997930055648742709e+00,-1.480990773585763476e+00,-3.231739980152901204e+00
1.443315479127066370e+00,-1.578117762592129214e+00,2.223876635569217886e+00,-2.997904912764161711e+00,-1.480769588447841123e+00,-3.231963732863014194e+00
1.443001468073960458e+00,-1.578187110722947484e+00,2.223940771399803840e+00,-2.997879701233471028e+00,-1.480548408660437909e+00,-3.232187494657933424e+00
1.442687457720976951e+00,-1.578256387583330422e+00,2.224004818311789755e+00,-2.997854421062541519e+00,-1.480327234219467547e+00,-3.232411265581550008e+00
1.442373448043273054e+00,-1.578325593163495633e+00,2.224068776312623896e+00,-2.997829072257245819e+00,-1.480106065120842640e+00,-3.232635045677755059e+00
1.442059439016007305e+00,-1.578394727453661828e+00,2.224132645409754083e+00,-2.997803654823455677e+00,-1.479884901360476901e+00,-3.232858834990440133e+00
1.441745430614338019e+00,-1.578463790444046611e+00,2.224196425610627692e+00,-2.997778168767044615e+00,-1.479663742934282933e+00,-3.233082633563495456e+00
1.441431422813423291e+00,-1.578532782124866918e+00,2.224260116922692543e+00,-2.997752614093883050e+00,-1.479442589838174005e+00,-3.233306441440812140e+00
1.441117415588420547e+00,-1.578601702486341241e+00,2.224323719353396456e+00,-2.997726990809844505e+00,-1.479221442068063830e+00,-3.233530258666281298e+00
1.440803408914488992e+00,-1.578670551518687626e+00,2.224387232910187251e+00,-2.997701298920800284e+00,-1.479000299619865011e+00,-3.233754085283794932e+00
1.440489402766785831e+00,-1.578739329212123454e+00,2.224450657600512304e+00,-2.997675538432622577e+00,-1.478779162489490817e+00,-3.233977921337243266e+00
1.440175397120469603e+00,-1.578808035556866329e+00,2.224513993431819880e+00,-2.997649709351184466e+00,-1.478558030672854295e+00,-3.234201766870516970e+00
1.439861391950698399e+00,-1.578876670543134297e+00,2.224577240411556911e+00,-2.997623811682356809e+00,-1.478336904165868715e+00,-3.234425621927507599e+00
1.439547387232630316e+00,-1.578945234161145850e+00,2.224640398547172104e+00,-2.997597845432013131e+00,-1.478115782964447344e+00,-3.234649486552106712e+00
1.439233382941423445e+00,-1.579013726401117701e+00,2.224703467846112392e+00,-2.997571810606024290e+00,-1.477894667064502787e+00,-3.234873360788205421e+00
1.438919379052236103e+00,-1.579082147253268120e+00,2.224766448315826040e+00,-2.997545707210263810e+00,-1.477673556461949200e+00,-3.235097244679693063e+00
1.438605375540226161e+00,-1.579150496707815376e+00,2.224829339963760866e+00,-2.997519535250602107e+00,-1.477452451152698965e+00,-3.235321138270462527e+00
1.438291372380551936e+00,-1.579218774754976184e+00,2.224892142797363359e+00,-2.997493294732913149e+00,-1.477231351132665127e+00,-3.235545041604404037e+00
1.437977369548371298e+00,-1.579286981384969257e+00,2.224954856824082228e+00,-2.997466985663067796e+00,-1.477010256397761401e+00,-3.235768954725409596e+00
1.437663367018842564e+00,-1.579355116588012198e+00,2.225017482051365736e+00,-2.997440608046939126e+00,-1.476789166943900611e+00,-3.235992877677368540e+00
1.437349364767124049e+00,-1.579423180354322609e+00,2.225080018486660371e+00,-2.997414161890398443e+00,-1.476568082766995804e+00,-3.236216810504173758e+00
1.437035362768373403e+00,-1.579491172674118538e+00,2.225142466137414399e+00,-2.997387647199318828e+00,-1.476347003862960694e+00,-3.236440753249715030e+00
1.436721360997749164e+00,-1.579559093537617365e+00,2.225204825011076082e+00,-2.997361063979571139e+00,-1.476125930227707661e+00,-3.236664705957884358e+00
1.436407359430408981e+00,-1.579626942935037581e+00,2.225267095115091909e+00,-2.997334412237028900e+00,-1.475904861857150197e+00,-3.236888668672572411e+00
1.436093358041511614e+00,-1.579694720856596568e+00,2.225329276456911032e+00,-2.997307691977564303e+00,-1.475683798747201791e+00,-3.237112641437669414e+00
1.435779356806214935e+00,-1.579762427292511928e+00,2.225391369043979939e+00,-2.997280903207048208e+00,-1.475462740893774827e+00,-3.237336624297068255e+00
1.435465355699676593e+00,-1.579830062233001930e+00,2.225453372883747338e+00,-2.997254045931353694e+00,-1.475241688292783016e+00,-3.237560617294658716e+00
1.435151354697054904e+00,-1.579897625668284178e+00,2.225515287983660162e+00,-2.997227120156352509e+00,-1.475020640940139627e+00,-3.237784620474331465e+00
1.434837353773508628e+00,-1.579965117588576273e+00,2.225577114351166674e+00,-2.997200125887917288e+00,-1.474799598831757486e+00,-3.238008633879978504e+00
1.434523352904195415e+00,-1.580032537984096486e+00,2.225638851993714695e+00,-2.997173063131919779e+00,-1.474578561963550083e+00,-3.238232657555491389e+00
1.434209352064273357e+00,-1.580099886845062196e+00,2.225700500918751601e+00,-2.997145931894232618e+00,-1.474357530331429800e+00,-3.238456691544759902e+00
1.433895351228900772e+00,-1.580167164161691229e+00,2.225762061133724767e+00,-2.997118732180727996e+00,-1.474136503931310571e+00,-3.238680735891675599e+00
1.433581350373235530e+00,-1.580234369924201632e+00,2.225823532646082459e+00,-2.997091463997277216e+00,-1.473915482759105444e+00,-3.238904790640129150e+00
1.433267349472435948e+00,-1.580301504122811229e+00,2.225884915463272051e+00,-2.997064127349752916e+00,-1.473694466810727022e+00,-3.239128855834012111e+00
1.432953348501659896e+00,-1.580368566747737624e+00,2.225946209592741365e+00,-2.997036722244027729e+00,-1.473473456082089239e+00,-3.239352931517216483e+00
1.432639347436065913e+00,-1.580435557789198642e+00,2.226007415041939108e+00,-2.997009248685972960e+00,-1.473252450569104699e+00,-3.239577017733631603e+00
1.432325346250811648e+00,-1.580502477237412329e+00,2.226068531818311325e+00,-2.996981706681461688e+00,-1.473031450267686449e+00,-3.239801114527149029e+00
1.432011344921055640e+00,-1.580569325082596066e+00,2.226129559929306279e+00,-2.996954096236364773e+00,-1.472810455173748423e+00,-3.240025221941660316e+00
1.431697343421955537e+00,-1.580636101314967901e+00,2.226190499382372678e+00,-2.996926417356555739e+00,-1.472589465283202781e+00,-3.240249340021056579e+00
1.431383341728670100e+00,-1.580702805924745658e+00,2.226251350184957012e+00,-2.996898670047906332e+00,-1.472368480591963236e+00,-3.240473468809228041e+00
1.431069339816356978e+00,-1.580769438902147384e+00,2.226312112344507987e+00,-2.996870854316288746e+00,-1.472147501095943056e+00,-3.240697608350067149e+00
1.430755337660174265e+00,-1.580836000237390460e+00,2.226372785868472537e+00,-2.996842970167575171e+00,-1.471926526791055290e+00,-3.240921758687462795e+00
1.430441335235280498e+00,-1.580902489920692711e+00,2.226433370764298925e+00,-2.996815017607636467e+00,-1.471705557673212539e+00,-3.241145919865308755e+00
1.430127332516833549e+00,-1.580968907942272406e+00,2.226493867039434082e+00,-2.996786996642347045e+00,-1.471484593738328517e+00,-3.241370091927493924e+00
1.429813329479991513e+00,-1.581035254292346703e+00,2.226554274701326719e+00,-2.996758907277577766e+00,-1.471263634982316271e+00,-3.241594274917910301e+00
1.429499326099912482e+00,-1.581101528961133651e+00,2.226614593757424210e+00,-2.996730749519201265e+00,-1.471042681401089069e+00,-3.241818468880449000e+00
1.429185322351754550e+00,-1.581167731938851739e+00,2.226674824215173931e+00,-2.996702523373088844e+00,-1.470821732990559738e+00,-3.242042673859001134e+00
1.428871318210724439e+00,-1.581233863215699476e+00,2.226734966082003719e+00,-2.996674228845108701e+00,-1.470600789746675741e+00,-3.242266889897421844e+00
1.428557313660709926e+00,-1.581299922778651279e+00,2.226795019361708317e+00,-2.996645865940361642e+00,-1.470379851671448135e+00,-3.242491117033286407e+00
1.428243308704234549e+00,-1.581365910607754888e+00,2.226854984050285147e+00,-2.996617434662298241e+00,-1.470158918779906898e+00,-3.242715355290687107e+00
1.427929303346233691e+00,-1.581431826682161867e+00,2.226914860142722219e+00,-2.996588935014156796e+00,-1.469937991088767326e+00,-3.242939604691968736e+00
1.427615297591642740e+00,-1.581497670981023340e+00,2.226974647634007098e+00,-2.996560366999175162e+00,-1.469717068614744049e+00,-3.243163865259478307e+00
1.427301291445397524e+00,-1.581563443483490872e+00,2.227034346519128682e+00,-2.996531730620591638e+00,-1.469496151374552362e+00,-3.243388137015561057e+00
1.426987284912433207e+00,-1.581629144168716028e+00,2.227093956793074092e+00,-2.996503025881644522e+00,-1.469275239384906673e+00,-3.243612419982563999e+00
1.426673277997685174e+00,-1.581694773015849931e+00,2.227153478450832225e+00,-2.996474252785570780e+00,-1.469054332662522055e+00,-3.243836714182831482e+00
1.426359270706089477e+00,-1.581760330004044368e+00,2.227212911487390645e+00,-2.996445411335608711e+00,-1.468833431224114028e+00,-3.244061019638711851e+00
1.426045263042581279e+00,-1.581825815112450906e+00,2.227272255897736919e+00,-2.996416501534997501e+00,-1.468612535086396553e+00,-3.244285336372550343e+00
1.425731255012095744e+00,-1.581891228320220666e+00,2.227331511676859943e+00,-2.996387523386974117e+00,-1.468391644266085150e+00,-3.244509664406692639e+00
1.425417246619568701e+00,-1.581956569606505214e+00,2.227390678819747283e+00,-2.996358476894777301e+00,-1.468170758779894447e+00,-3.244734003763484864e+00
1.425103237869935313e+00,-1.582021838950456116e+00,2.227449757321386503e+00,-2.996329362061644463e+00,-1.467949878644539963e+00,-3.244958354465274031e+00
1.424789228768131411e+00,-1.582087036331224938e+00,2.227508747176766501e+00,-2.996300178890813459e+00,-1.467729003876735883e+00,-3.245182716534405376e+00
1.424475219319092378e+00,-1.582152161727963025e+00,2.227567648380874843e+00,-2.996270927385523475e+00,-1.467508134493197502e+00,-3.245407089993225025e+00
1.424161209527753380e+00,-1.582217215119821496e+00,2.227626460928699537e+00,-2.996241607549011476e+00,-1.467287270510639674e+00,-3.245631474864079546e+00
1.423847199399050467e+00,-1.582282196485952364e+00,2.227685184815229036e+00,-2.996212219384515762e+00,-1.467066411945777249e+00,-3.245855871169315510e+00
1.423533188937918359e+00,-1.582347105805506970e+00,2.227743820035450906e+00,-2.996182762895274632e+00,-1.466845558815325079e+00,-3.246080278931277263e+00
1.423219178149293329e+00,-1.582411943057636439e+00,2.227802366584353155e+00,-2.996153238084525494e+00,-1.466624711135998460e+00,-3.246304698172312708e+00
1.422905167038110319e+00,-1.582476708221492556e+00,2.227860824456923794e+00,-2.996123644955507093e+00,-1.466403868924512022e+00,-3.246529128914767082e+00
1.422591155609304936e+00,-1.582541401276226445e+00,2.227919193648151275e+00,-2.996093983511457282e+00,-1.466183032197580616e+00,-3.246753571180986508e+00
1.422277143867812566e+00,-1.582606022200990115e+00,2.227977474153023607e+00,-2.996064253755613471e+00,-1.465962200971919538e+00,-3.246978024993318002e+00
1.421963131818568815e+00,-1.582670570974934687e+00,2.228035665966527912e+00,-2.996034455691214848e+00,-1.465741375264243196e+00,-3.247202490374105910e+00
1.421649119466509070e+00,-1.582735047577211285e+00,2.228093769083653086e+00,-2.996004589321498379e+00,-1.465520555091267108e+00,-3.247426967345698134e+00
1.421335106816568938e+00,-1.582799451986971917e+00,2.228151783499386696e+00,-2.995974654649702806e+00,-1.465299740469705680e+00,-3.247651455930439468e+00
1.421021093873683805e+00,-1.582863784183368150e+00,2.228209709208717637e+00,-2.995944651679065984e+00,-1.465078931416273988e+00,-3.247875956150676480e+00
1.420707080642789277e+00,-1.582928044145550883e+00,2.228267546206632588e+00,-2.995914580412825767e+00,-1.464858127947687105e+00,-3.248100468028755294e+00
1.420393067128820519e+00,-1.582992231852671683e+00,2.228325294488120889e+00,-2.995884440854220010e+00,-1.464637330080659439e+00,-3.248324991587022481e+00
1.420079053336713582e+00,-1.583056347283882337e+00,2.228382954048169662e+00,-2.995854233006487455e+00,-1.464416537831906728e+00,-3.248549526847823721e+00
1.419765039271403184e+00,-1.583120390418334411e+00,2.228440524881767359e+00,-2.995823956872865068e+00,-1.464195751218143160e+00,-3.248774073833504694e+00
1.419451024937825157e+00,-1.583184361235178805e+00,2.228498006983901547e+00,-2.995793612456592037e+00,-1.463974970256084251e+00,-3.248998632566412414e+00
1.419137010340914884e+00,-1.583248259713567307e+00,2.228555400349560234e+00,-2.995763199760905771e+00,-1.463754194962444410e+00,-3.249223203068892118e+00
1.418822995485608196e+00,-1.583312085832651483e+00,2.228612704973732317e+00,-2.995732718789044124e+00,-1.463533425353938933e+00,-3.249447785363290819e+00
1.418508980376840034e+00,-1.583375839571582455e+00,2.228669920851404918e+00,-2.995702169544246285e+00,-1.463312661447282670e+00,-3.249672379471953754e+00
1.418194965019546228e+00,-1.583439520909512011e+00,2.228727047977566933e+00,-2.995671552029748330e+00,-1.463091903259190252e+00,-3.249896985417227491e+00
1.417880949418662162e+00,-1.583503129825591493e+00,2.228784086347205484e+00,-2.995640866248789447e+00,-1.462871150806376752e+00,-3.250121603221458155e+00
1.417566933579123223e+00,-1.583566666298972248e+00,2.228841035955309025e+00,-2.995610112204608377e+00,-1.462650404105557467e+00,-3.250346232906991428e+00
1.417252917505865462e+00,-1.583630130308805839e+00,2.228897896796865563e+00,-2.995579289900441644e+00,-1.462429663173446803e+00,-3.250570874496174323e+00
1.416938901203823375e+00,-1.583693521834243834e+00,2.228954668866863109e+00,-2.995548399339528434e+00,-1.462208928026759835e+00,-3.250795528011352520e+00
1.416624884677933016e+00,-1.583756840854437797e+00,2.229011352160289228e+00,-2.995517440525106156e+00,-1.461988198682211637e+00,-3.251020193474871256e+00
1.416310867933129991e+00,-1.583820087348538852e+00,2.229067946672132816e+00,-2.995486413460413555e+00,-1.461767475156516838e+00,-3.251244870909077544e+00
1.415996850974349242e+00,-1.583883261295698563e+00,2.229124452397381440e+00,-2.995455318148688040e+00,-1.461546757466390956e+00,-3.251469560336317510e+00
1.415682833806526597e+00,-1.583946362675068498e+00,2.229180869331023107e+00,-2.995424154593167021e+00,-1.461326045628548176e+00,-3.251694261778936834e+00
1.415368816434597443e+00,-1.584009391465799998e+00,2.229237197468045828e+00,-2.995392922797090129e+00,-1.461105339659703795e+00,-3.251918975259281641e+00
1.415054798863497165e+00,-1.584072347647044632e+00,2.229293436803437167e+00,-2.995361622763694331e+00,-1.460884639576572885e+00,-3.252143700799698944e+00
1.414740781098161815e+00,-1.584135231197953519e+00,2.229349587332186466e+00,-2.995330254496217481e+00,-1.460663945395869856e+00,-3.252368438422533981e+00
1.414426763143526111e+00,-1.584198042097678671e+00,2.229405649049280402e+00,-2.995298817997898322e+00,-1.460443257134310002e+00,-3.252593188150131986e+00
1.414112745004525884e+00,-1.584260780325370987e+00,2.229461621949707428e+00,-2.995267313271974707e+00,-1.460222574808608398e+00,-3.252817950004841308e+00
1.413798726686096519e+00,-1.584323445860182700e+00,2.229517506028455998e+00,-2.995235740321684492e+00,-1.460001898435479450e+00,-3.253042724009006736e+00
1.413484708193173400e+00,-1.584386038681264486e+00,2.229573301280513675e+00,-2.995204099150265531e+00,-1.459781228031638678e+00,-3.253267510184973954e+00
1.413170689530692359e+00,-1.584448558767768134e+00,2.229629007700868470e+00,-2.995172389760956122e+00,-1.459560563613800710e+00,-3.253492308555089974e+00
1.412856670703588335e+00,-1.584511006098845209e+00,2.229684625284508837e+00,-2.995140612156994564e+00,-1.459339905198680398e+00,-3.253717119141700476e+00
1.412542651716797160e+00,-1.584573380653646835e+00,2.229740154026421894e+00,-2.995108766341618711e+00,-1.459119252802992595e+00,-3.253941941967151585e+00
1.412228632575254217e+00,-1.584635682411325019e+00,2.229795593921596986e+00,-2.995076852318065974e+00,-1.458898606443452373e+00,-3.254166777053789428e+00
1.411914613283895337e+00,-1.584697911351030664e+00,2.229850944965021231e+00,-2.995044870089575095e+00,-1.458677966136774584e+00,-3.254391624423961016e+00
1.411600593847655682e+00,-1.584760067451915555e+00,2.229906207151682640e+00,-2.995012819659383929e+00,-1.458457331899674303e+00,-3.254616484100010698e+00
1.411286574271470196e+00,-1.584822150693131038e+00,2.229961380476569666e+00,-2.994980701030730330e+00,-1.458236703748866603e+00,-3.254841356104285488e+00
1.410972554560275150e+00,-1.584884161053828455e+00,2.230016464934669873e+00,-2.994948514206853041e+00,-1.458016081701065891e+00,-3.255066240459131954e+00
1.410658534719005708e+00,-1.584946098513159374e+00,2.230071460520971716e+00,-2.994916259190989027e+00,-1.457795465772987464e+00,-3.255291137186895334e+00
1.410344514752597478e+00,-1.585007963050275581e+00,2.230126367230462758e+00,-2.994883935986377033e+00,-1.457574855981346174e+00,-3.255516046309921752e+00
1.410030494665985623e+00,-1.585069754644328199e+00,2.230181185058131454e+00,-2.994851544596254911e+00,-1.457354252342856871e+00,-3.255740967850558221e+00
1.409716474464105973e+00,-1.585131473274468572e+00,2.230235913998965813e+00,-2.994819085023860961e+00,-1.457133654874234407e+00,-3.255965901831150422e+00
1.409402454151893691e+00,-1.585193118919848265e+00,2.230290554047953400e+00,-2.994786557272432592e+00,-1.456913063592193858e+00,-3.256190848274044036e+00
1.409088433734284607e+00,-1.585254691559619067e+00,2.230345105200082667e+00,-2.994753961345208548e+00,-1.456692478513450073e+00,-3.256415807201585633e+00
1.408774413216213661e+00,-1.585316191172932321e+00,2.230399567450341181e+00,-2.994721297245425795e+00,-1.456471899654717683e+00,-3.256640778636121336e+00
1.408460392602616906e+00,-1.585377617738938927e+00,2.230453940793717837e+00,-2.994688564976323963e+00,-1.456251327032712428e+00,-3.256865762599996827e+00
1.408146371898429505e+00,-1.585438971236790895e+00,2.230508225225199315e+00,-2.994655764541139575e+00,-1.456030760664148493e+00,-3.257090759115558232e+00
1.407832351108586844e+00,-1.585500251645639569e+00,2.230562420739775398e+00,-2.994622895943111374e+00,-1.455810200565741175e+00,-3.257315768205152562e+00
1.407518330238024751e+00,-1.585561458944636515e+00,2.230616527332432764e+00,-2.994589959185477657e+00,-1.455589646754204880e+00,-3.257540789891125055e+00
1.407204309291678390e+00,-1.585622593112932854e+00,2.230670544998159865e+00,-2.994556954271475835e+00,-1.455369099246255349e+00,-3.257765824195822280e+00
1.406890288274483369e+00,-1.585683654129680598e+00,2.230724473731944713e+00,-2.994523881204344207e+00,-1.455148558058606767e+00,-3.257990871141589917e+00
1.406576267191374852e+00,-1.585744641974030422e+00,2.230778313528774870e+00,-2.994490739987321071e+00,-1.454928023207974208e+00,-3.258215930750774536e+00
1.406262246047289111e+00,-1.585805556625134338e+00,2.230832064383638791e+00,-2.994457530623644281e+00,-1.454707494711072968e+00,-3.258441003045721374e+00
1.405948224847160866e+00,-1.585866398062143912e+00,2.230885726291524929e+00,-2.994424253116551693e+00,-1.454486972584617455e+00,-3.258666088048777887e+00
1.405634203595925724e+00,-1.585927166264210264e+00,2.230939299247420848e+00,-2.994390907469281604e+00,-1.454266456845323408e+00,-3.258891185782288868e+00
1.405320182298519294e+00,-1.585987861210485184e+00,2.230992783246314559e+00,-2.994357493685071425e+00,-1.454045947509904568e+00,-3.259116296268600887e+00
1.405006160959876960e+00,-1.586048482880120236e+00,2.231046178283193626e+00,-2.994324011767160343e+00,-1.453825444595076899e+00,-3.259341419530060513e+00
1.404692139584934329e+00,-1.586109031252266099e+00,2.231099484353046947e+00,-2.994290461718784879e+00,-1.453604948117554807e+00,-3.259566555589013426e+00
1.404378118178626789e+00,-1.586169506306074783e+00,2.231152701450862086e+00,-2.994256843543184221e+00,-1.453384458094053144e+00,-3.259791704467805751e+00
1.404064096745889723e+00,-1.586229908020697632e+00,2.231205829571627053e+00,-2.994223157243596667e+00,-1.453163974541287207e+00,-3.260016866188783613e+00
1.403750075291658517e+00,-1.586290236375286211e+00,2.231258868710330301e+00,-2.994189402823258739e+00,-1.452943497475971846e+00,-3.260242040774293137e+00
1.403436053820869001e+00,-1.586350491348992087e+00,2.231311818861959395e+00,-2.994155580285410512e+00,-1.452723026914821691e+00,-3.260467228246680449e+00
1.403122032338456782e+00,-1.586410672920966602e+00,2.231364680021502345e+00,-2.994121689633288064e+00,-1.452502562874551595e+00,-3.260692428628292117e+00
1.402808010849356801e+00,-1.586470781070361102e+00,2.231417452183947159e+00,-2.994087730870130137e+00,-1.452282105371877075e+00,-3.260917641941472933e+00
1.402493989358504445e+00,-1.586530815776326930e+00,2.231470135344282291e+00,-2.994053703999175919e+00,-1.452061654423512538e+00,-3.261142868208570800e+00
1.402179967870830213e+00,-1.586590777017633958e+00,2.231522729497054769e+00,-2.994019609023272022e+00,-1.451841210046231678e+00,-3.261368107452056631e+00
1.401865946391233519e+00,-1.586650664770964392e+00,2.231575234634406879e+00,-2.993985445943144086e+00,-1.451620772257126601e+00,-3.261593359695092786e+00
1.401551924924604453e+00,-1.586710479012292785e+00,2.231627650747664671e+00,-2.993951214758791668e+00,-1.451400341073398215e+00,-3.261818624961074775e+00
1.401237903475832214e+00,-1.586770219717593688e+00,2.231679977828152861e+00,-2.993916915470217877e+00,-1.451179916512247203e+00,-3.262043903273398548e+00
1.400923882049806002e+00,-1.586829886862841210e+00,2.231732215867197056e+00,-2.993882548077423156e+00,-1.450959498590874697e+00,-3.262269194655459170e+00
1.400609860651416350e+00,-1.586889480424009014e+00,2.231784364856121972e+00,-2.993848112580409282e+00,-1.450739087326481380e+00,-3.262494499130653480e+00
1.400295839285551791e+00,-1.586949000377071872e+00,2.231836424786254103e+00,-2.993813608979177587e+00,-1.450518682736267939e+00,-3.262719816722377431e+00
1.399981817957102859e+00,-1.587008446698003006e+00,2.231888395648916390e+00,-2.993779037273729848e+00,-1.450298284837435281e+00,-3.262945147454025641e+00
1.399667796670958531e+00,-1.587067819362776966e+00,2.231940277435436215e+00,-2.993744397464066953e+00,-1.450077893647184313e+00,-3.263170491348994950e+00
1.399353775432008673e+00,-1.587127118347368304e+00,2.231992070137137407e+00,-2.993709689550190678e+00,-1.449857509182715498e+00,-3.263395848430679980e+00
1.399039754245142708e+00,-1.587186343627750018e+00,2.232043773745346460e+00,-2.993674913532101023e+00,-1.449637131461230188e+00,-3.263621218722478012e+00
1.398725733115250280e+00,-1.587245495179896881e+00,2.232095388251387647e+00,-2.993640069409801097e+00,-1.449416760499929069e+00,-3.263846602247783668e+00
1.398411712047220812e+00,-1.587304572979783002e+00,2.232146913646585684e+00,-2.993605157183292231e+00,-1.449196396316012603e+00,-3.264071999029994231e+00
1.398097691045944169e+00,-1.587363577003382042e+00,2.232198349922266623e+00,-2.993570176852574427e+00,-1.448976038926682142e+00,-3.264297409092504321e+00
1.397783670116309773e+00,-1.587422507226668555e+00,2.232249697069755179e+00,-2.993535128417649904e+00,-1.448755688349138371e+00,-3.264522832458709889e+00
1.397469649263207492e+00,-1.587481363625616426e+00,2.232300955080376514e+00,-2.993500011878519551e+00,-1.448535344600581531e+00,-3.264748269152006888e+00
1.397155628491526080e+00,-1.587540146176199762e+00,2.232352123945456679e+00,-2.993464827235186032e+00,-1.448315007698212753e+00,-3.264973719195791269e+00
1.396841607806156071e+00,-1.587598854854392894e+00,2.232403203656319501e+00,-2.993429574487649791e+00,-1.448094677659233609e+00,-3.265199182613458539e+00
1.396527587211986443e+00,-1.587657489636169483e+00,2.232454194204291920e+00,-2.993394253635911717e+00,-1.447874354500843896e+00,-3.265424659428405096e+00
1.396213566713907284e+00,-1.587716050497503861e+00,2.232505095580697319e+00,-2.993358864679973586e+00,-1.447654038240244745e+00,-3.265650149664026447e+00
1.395899546316808015e+00,-1.587774537414369691e+00,2.232555907776862192e+00,-2.993323407619837617e+00,-1.447433728894637506e+00,-3.265875653343718099e+00
1.395585526025577616e+00,-1.587832950362742190e+00,2.232606630784110813e+00,-2.993287882455504256e+00,-1.447213426481222420e+00,-3.266101170490876004e+00
1.395271505845106397e+00,-1.587891289318593913e+00,2.232657264593769231e+00,-2.993252289186975279e+00,-1.446993131017200396e+00,-3.266326701128896559e+00
1.394957485780283557e+00,-1.587949554257900076e+00,2.232707809197161719e+00,-2.993216627814251130e+00,-1.446772842519772340e+00,-3.266552245281175271e+00
1.394643465835998963e+00,-1.588007745156634343e+00,2.232758264585614327e+00,-2.993180898337334472e+00,-1.446552561006138937e+00,-3.266777802971107203e+00
1.394329446017141816e+00,-1.588065861990770822e+00,2.232808630750451329e+00,-2.993145100756226196e+00,-1.446332286493501318e+00,-3.267003374222089196e+00
1.394015426328601981e+00,-1.588123904736283620e+00,2.232858907682998773e+00,-2.993109235070927632e+00,-1.446112018999059945e+00,-3.267228959057516757e+00
1.393701406775269325e+00,-1.588181873369146846e+00,2.232909095374581820e+00,-2.993073301281439669e+00,-1.445891758540016170e+00,-3.267454557500785395e+00
1.393387387362032603e+00,-1.588239767865334384e+00,2.232959193816525190e+00,-2.993037299387764971e+00,-1.445671505133570234e+00,-3.267680169575291060e+00
1.393073368093782127e+00,-1.588297588200820565e+00,2.233009203000154042e+00,-2.993001229389903539e+00,-1.445451258796923044e+00,-3.267905795304430150e+00
1.392759348975407319e+00,-1.588355334351579495e+00,2.233059122916793982e+00,-2.992965091287857593e+00,-1.445231019547275952e+00,-3.268131434711597283e+00
1.392445330011797600e+00,-1.588413006293585061e+00,2.233108953557770171e+00,-2.992928885081628465e+00,-1.445010787401829200e+00,-3.268357087820189744e+00
1.392131311207842614e+00,-1.588470604002811815e+00,2.233158694914406883e+00,-2.992892610771216599e+00,-1.444790562377783916e+00,-3.268582754653602596e+00
1.391817292568432007e+00,-1.588528127455233419e+00,2.233208346978030612e+00,-2.992856268356624660e+00,-1.444570344492340785e+00,-3.268808435235231791e+00
1.391503274098455201e+00,-1.588585576626823981e+00,2.233257909739966074e+00,-2.992819857837852648e+00,-1.444350133762700494e+00,-3.269034129588472837e+00
1.391189255802801839e+00,-1.588642951493557387e+00,2.233307383191538875e+00,-2.992783379214903672e+00,-1.444129930206063950e+00,-3.269259837736721686e+00
1.390875237686361565e+00,-1.588700252031408189e+00,2.233356767324072845e+00,-2.992746832487777287e+00,-1.443909733839632503e+00,-3.269485559703374289e+00
1.390561219754024247e+00,-1.588757478216350050e+00,2.233406062128894476e+00,-2.992710217656476601e+00,-1.443689544680605952e+00,-3.269711295511825710e+00
1.390247202010678862e+00,-1.588814630024357522e+00,2.233455267597328486e+00,-2.992673534721002060e+00,-1.443469362746186313e+00,-3.269937045185473234e+00
1.389933184461215276e+00,-1.588871707431404046e+00,2.233504383720700037e+00,-2.992636783681354995e+00,-1.443249188053573384e+00,-3.270162808747711924e+00
1.389619167110523135e+00,-1.588928710413464396e+00,2.233553410490334290e+00,-2.992599964537536295e+00,-1.443029020619968517e+00,-3.270388586221937732e+00
1.389305149963492081e+00,-1.588985638946512458e+00,2.233602347897556406e+00,-2.992563077289548179e+00,-1.442808860462572396e+00,-3.270614377631545722e+00
1.388991133025011759e+00,-1.589042493006521894e+00,2.233651195933691991e+00,-2.992526121937392425e+00,-1.442588707598586151e+00,-3.270840182999933177e+00
1.388677116299971148e+00,-1.589099272569467258e+00,2.233699954590066206e+00,-2.992489098481069476e+00,-1.442368562045210023e+00,-3.271066002350494717e+00
1.388363099793260558e+00,-1.589155977611322657e+00,2.233748623858003768e+00,-2.992452006920580665e+00,-1.442148423819645142e+00,-3.271291835706626738e+00
1.388049083509768966e+00,-1.589212608108061975e+00,2.233797203728829839e+00,-2.992414847255927768e+00,-1.441928292939092415e+00,-3.271517683091723860e+00
1.387735067454386684e+00,-1.589269164035659099e+00,2.233845694193870024e+00,-2.992377619487112117e+00,-1.441708169420752528e+00,-3.271743544529183811e+00
1.387421051632002689e+00,-1.589325645370088358e+00,2.233894095244449929e+00,-2.992340323614135489e+00,-1.441488053281826165e+00,-3.271969420042401211e+00
1.387107036047506625e+00,-1.589382052087323860e+00,2.233942406871893827e+00,-2.992302959636998771e+00,-1.441267944539514678e+00,-3.272195309654772011e+00
1.386793020705788582e+00,-1.589438384163339935e+00,2.233990629067526879e+00,-2.992265527555702853e+00,-1.441047843211018309e+00,-3.272421213389692607e+00
1.386479005611737314e+00,-1.589494641574110023e+00,2.234038761822674690e+00,-2.992228027370249954e+00,-1.440827749313538186e+00,-3.272647131270558063e+00
1.386164990770243133e+00,-1.589550824295608678e+00,2.234086805128662867e+00,-2.992190459080641407e+00,-1.440607662864275218e+00,-3.272873063320764775e+00
1.385850976186195016e+00,-1.589606932303810005e+00,2.234134758976816126e+00,-2.992152822686878100e+00,-1.440387583880429867e+00,-3.273099009563708250e+00
1.385536961864483274e+00,-1.589662965574687670e+00,2.234182623358459185e+00,-2.992115118188961809e+00,-1.440167512379203041e+00,-3.273324970022784441e+00
1.385222947809996885e+00,-1.589718924084216445e+00,2.234230398264918538e+00,-2.992077345586893422e+00,-1.439947448377795869e+00,-3.273550944721388856e+00
1.384908934027625493e+00,-1.589774807808369772e+00,2.234278083687518013e+00,-2.992039504880675160e+00,-1.439727391893409036e+00,-3.273776933682917445e+00
1.384594920522258965e+00,-1.589830616723122203e+00,2.234325679617583660e+00,-2.992001596070307468e+00,-1.439507342943243451e+00,-3.274002936930766605e+00
1.384280907298786722e+00,-1.589886350804447401e+00,2.234373186046439752e+00,-2.991963619155792564e+00,-1.439287301544499575e+00,-3.274228954488331844e+00
1.383966894362098188e+00,-1.589942010028319697e+00,2.234420602965412783e+00,-2.991925574137130450e+00,-1.439067267714378318e+00,-3.274454986379008226e+00
1.383652881717083449e+00,-1.589997594370713196e+00,2.234467930365827026e+00,-2.991887461014324234e+00,-1.438847241470080807e+00,-3.274681032626192589e+00
1.383338869368631485e+00,-1.590053103807602009e+00,2.234515168239008087e+00,-2.991849279787374360e+00,-1.438627222828807728e+00,-3.274907093253280443e+00
1.383024857321632162e+00,-1.590108538314960018e+00,2.234562316576281127e+00,-2.991811030456282605e+00,-1.438407211807759989e+00,-3.275133168283667295e+00
1.382710845580975123e+00,-1.590163897868761333e+00,2.234609375368970863e+00,-2.991772713021049412e+00,-1.438187208424138053e+00,-3.275359257740749541e+00
1.382396834151550014e+00,-1.590219182444980284e+00,2.234656344608402900e+00,-2.991734327481677447e+00,-1.437967212695143049e+00,-3.275585361647921356e+00
1.382082823038245811e+00,-1.590274392019590755e+00,2.234703224285902401e+00,-2.991695873838167152e+00,-1.437747224637975885e+00,-3.275811480028581357e+00
1.381768812245952827e+00,-1.590329526568566854e+00,2.234750014392794082e+00,-2.991657352090520749e+00,-1.437527244269837023e+00,-3.276037612906123275e+00
1.381454801779560482e+00,-1.590384586067882910e+00,2.234796714920403993e+00,-2.991618762238738238e+00,-1.437307271607927595e+00,-3.276263760303943506e+00
1.381140791643958199e+00,-1.590439570493512589e+00,2.234843325860057295e+00,-2.991580104282822283e+00,-1.437087306669448505e+00,-3.276489922245438446e+00
1.380826781844035622e+00,-1.590494479821430440e+00,2.234889847203078261e+00,-2.991541378222773773e+00,-1.436867349471600219e+00,-3.276716098754002271e+00
1.380512772384682174e+00,-1.590549314027610128e+00,2.234936278940792498e+00,-2.991502584058594483e+00,-1.436647400031583865e+00,-3.276942289853032708e+00
1.380198763270787499e+00,-1.590604073088025761e+00,2.234982621064526054e+00,-2.991463721790284858e+00,-1.436427458366600129e+00,-3.277168495565924378e+00
1.379884754507241462e+00,-1.590658756978651667e+00,2.235028873565602758e+00,-2.991424791417847118e+00,-1.436207524493849697e+00,-3.277394715916073675e+00
1.379570746098933487e+00,-1.590713365675461732e+00,2.235075036435348217e+00,-2.991385792941282595e+00,-1.435987598430533696e+00,-3.277620950926876109e+00
1.379256738050752995e+00,-1.590767899154430509e+00,2.235121109665088923e+00,-2.991346726360592623e+00,-1.435767680193852813e+00,-3.277847200621727630e+00
1.378942730367589631e+00,-1.590822357391531217e+00,2.235167093246147374e+00,-2.991307591675777644e+00,-1.435547769801007512e+00,-3.278073465024024191e+00
1.378628723054333260e+00,-1.590876740362738850e+00,2.235212987169850951e+00,-2.991268388886840324e+00,-1.435327867269199142e+00,-3.278299744157160855e+00
1.378314716115873306e+00,-1.590931048044026852e+00,2.235258791427524816e+00,-2.991229117993781106e+00,-1.435107972615628613e+00,-3.278526038044534907e+00
1.378000709557098746e+00,-1.590985280411369551e+00,2.235304506010493242e+00,-2.991189778996602211e+00,-1.434888085857496387e+00,-3.278752346709540966e+00
1.377686703382900113e+00,-1.591039437440741056e+00,2.235350130910081834e+00,-2.991150371895304083e+00,-1.434668207012003149e+00,-3.278978670175575427e+00
1.377372697598166384e+00,-1.591093519108115695e+00,2.235395666117615754e+00,-2.991110896689888943e+00,-1.434448336096350252e+00,-3.279205008466033355e+00
1.377058692207787427e+00,-1.591147525389467132e+00,2.235441111624420163e+00,-2.991071353380357678e+00,-1.434228473127737935e+00,-3.279431361604311590e+00
1.376744687216652885e+00,-1.591201456260769476e+00,2.235486467421820223e+00,-2.991031741966712065e+00,-1.434008618123367329e+00,-3.279657729613804307e+00
1.376430682629651958e+00,-1.591255311697997055e+00,2.235531733501141094e+00,-2.990992062448952993e+00,-1.433788771100439563e+00,-3.279884112517909678e+00
1.376116678451674513e+00,-1.591309091677123755e+00,2.235576909853707939e+00,-2.990952314827081349e+00,-1.433568932076154656e+00,-3.280110510340022323e+00
1.375802674687325533e+00,-1.591362796174236705e+00,2.235621996470951611e+00,-2.990912499101124666e+00,-1.433349101067497688e+00,-3.280336923103708724e+00
1.375488671327331991e+00,-1.591416425170932847e+00,2.235666993349435749e+00,-2.990872615272268664e+00,-1.433129278080891744e+00,-3.280563350840890013e+00
1.375174668342567186e+00,-1.591469978656693263e+00,2.235711900493069226e+00,-2.990832663343368392e+00,-1.432909463107652659e+00,-3.280789793595438208e+00
1.374860665702375639e+00,-1.591523456621603883e+00,2.235756717906325353e+00,-2.990792643317404131e+00,-1.432689656137933198e+00,-3.281016251412142370e+00
1.374546663376102984e+00,-1.591576859055751747e+00,2.235801445593678327e+00,-2.990752555197358387e+00,-1.432469857161886129e+00,-3.281242724335793781e+00
1.374232661333094185e+00,-1.591630185949223675e+00,2.235846083559601460e+00,-2.990712398986210996e+00,-1.432250066169664215e+00,-3.281469212411182834e+00
1.373918659542695098e+00,-1.591683437292106484e+00,2.235890631808568063e+00,-2.990672174686943574e+00,-1.432030283151420669e+00,-3.281695715683100811e+00
1.373604657974250021e+00,-1.591736613074486550e+00,2.235935090345052334e+00,-2.990631882302537736e+00,-1.431810508097308254e+00,-3.281922234196337662e+00
1.373290656597105031e+00,-1.591789713286451136e+00,2.235979459173527584e+00,-2.990591521835974653e+00,-1.431590740997479294e+00,-3.282148767995684668e+00
1.372976655380604427e+00,-1.591842737918086836e+00,2.236023738298468455e+00,-2.990551093290235496e+00,-1.431370981842087442e+00,-3.282375317125931780e+00
1.372662654294094287e+00,-1.591895686959480027e+00,2.236067927724346927e+00,-2.990510596668300991e+00,-1.431151230621285242e+00,-3.282601881631869833e+00
1.372348653306919575e+00,-1.591948560400718193e+00,2.236112027455637641e+00,-2.990470031973153198e+00,-1.430931487325225904e+00,-3.282828461558289668e+00
1.372034652388425036e+00,-1.592001358231887709e+00,2.236156037496814797e+00,-2.990429399207773287e+00,-1.430711751944061527e+00,-3.283055056949982120e+00
1.371720651507956523e+00,-1.592054080443075392e+00,2.236199957852350373e+00,-2.990388698375141541e+00,-1.430492024467945988e+00,-3.283281667851737140e+00
1.371406650634858782e+00,-1.592106727024367618e+00,2.236243788526719456e+00,-2.990347929478240019e+00,-1.430272304887031387e+00,-3.283508294308346009e+00
1.371092649738477443e+00,-1.592159297965851872e+00,2.236287529524395801e+00,-2.990307092520049448e+00,-1.430052593191470489e+00,-3.283734936364598678e+00
1.370778648788157250e+00,-1.592211793257614527e+00,2.236331180849851830e+00,-2.990266187503552775e+00,-1.429832889371416726e+00,-3.283961594065286871e+00
1.370464647753243836e+00,-1.592264212889742403e+00,2.236374742507562186e+00,-2.990225214431728507e+00,-1.429613193417023087e+00,-3.284188267455200094e+00
1.370150646603082167e+00,-1.592316556852322096e+00,2.236418214502000623e+00,-2.990184173307559146e+00,-1.429393505318441893e+00,-3.284414956579130074e+00
1.369836645307017431e+00,-1.592368825135440646e+00,2.236461596837640009e+00,-2.990143064134026307e+00,-1.429173825065826353e+00,-3.284641661481866315e+00
1.369522643834395037e+00,-1.592421017729184651e+00,2.236504889518954542e+00,-2.990101886914111162e+00,-1.428954152649329457e+00,-3.284868382208200099e+00
1.369208642154559952e+00,-1.592473134623641151e+00,2.236548092550417088e+00,-2.990060641650794437e+00,-1.428734488059103525e+00,-3.285095118802921377e+00
1.368894640236857807e+00,-1.592525175808896076e+00,2.236591205936503179e+00,-2.990019328347057304e+00,-1.428514831285301989e+00,-3.285321871310822317e+00
1.368580638050633347e+00,-1.592577141275037578e+00,2.236634229681684793e+00,-2.989977947005881820e+00,-1.428295182318077394e+00,-3.285548639776691981e+00
1.368266635565231759e+00,-1.592629031012151142e+00,2.236677163790435241e+00,-2.989936497630249157e+00,-1.428075541147582950e+00,-3.285775424245321652e+00
1.367952632749998676e+00,-1.592680845010324475e+00,2.236720008267230053e+00,-2.989894980223139154e+00,-1.427855907763970977e+00,-3.286002224761502166e+00
1.367638629574279063e+00,-1.592732583259643508e+00,2.236762763116541652e+00,-2.989853394787533869e+00,-1.427636282157395131e+00,-3.286229041370023918e+00
1.367324626007418109e+00,-1.592784245750195726e+00,2.236805428342843793e+00,-2.989811741326415362e+00,-1.427416664318007511e+00,-3.286455874115676856e+00
1.367010622018761223e+00,-1.592835832472067503e+00,2.236848003950610231e+00,-2.989770019842764359e+00,-1.427197054235961549e+00,-3.286682723043252707e+00
1.366696617577653372e+00,-1.592887343415345658e+00,2.236890489944314275e+00,-2.989728230339561144e+00,-1.426977451901409788e+00,-3.286909588197541865e+00
1.366382612653439743e+00,-1.592938778570116787e+00,2.236932886328430570e+00,-2.989686372819787774e+00,-1.426757857304505217e+00,-3.287136469623334722e+00
1.366068607215465747e+00,-1.592990137926468153e+00,2.236975193107431092e+00,-2.989644447286425422e+00,-1.426538270435400824e+00,-3.287363367365422118e+00
1.365754601233076349e+00,-1.593041421474486352e+00,2.237017410285790930e+00,-2.989602453742456145e+00,-1.426318691284249374e+00,-3.287590281468594444e+00
1.365440594675617181e+00,-1.593092629204257982e+00,2.237059537867983838e+00,-2.989560392190859783e+00,-1.426099119841203855e+00,-3.287817211977642540e+00
1.365126587512433209e+00,-1.593143761105869416e+00,2.237101575858483127e+00,-2.989518262634617951e+00,-1.425879556096417033e+00,-3.288044158937356354e+00
1.364812579712869622e+00,-1.593194817169408362e+00,2.237143524261761218e+00,-2.989476065076712707e+00,-1.425660000040041453e+00,-3.288271122392527612e+00
1.364498571246271608e+00,-1.593245797384960971e+00,2.237185383082293200e+00,-2.989433799520124335e+00,-1.425440451662230323e+00,-3.288498102387946265e+00
1.364184562081984575e+00,-1.593296701742614063e+00,2.237227152324553270e+00,-2.989391465967834449e+00,-1.425220910953136855e+00,-3.288725098968403593e+00
1.363870552189353491e+00,-1.593347530232454234e+00,2.237268831993013407e+00,-2.989349064422823776e+00,-1.425001377902913591e+00,-3.288952112178689546e+00
1.363556541537723543e+00,-1.593398282844568747e+00,2.237310422092147810e+00,-2.989306594888073931e+00,-1.424781852501713297e+00,-3.289179142063595407e+00
1.363242530096439920e+00,-1.593448959569044199e+00,2.237351922626431122e+00,-2.989264057366567418e+00,-1.424562334739688962e+00,-3.289406188667910236e+00
1.362928517834848252e+00,-1.593499560395967185e+00,2.237393333600335765e+00,-2.989221451861283185e+00,-1.424342824606993574e+00,-3.289633252036427091e+00
1.362614504722293285e+00,-1.593550085315424525e+00,2.237434655018335938e+00,-2.989178778375203738e+00,-1.424123322093779898e+00,-3.289860332213934591e+00
1.362300490728120650e+00,-1.593600534317503037e+00,2.237475886884904952e+00,-2.989136036911310246e+00,-1.423903827190200477e+00,-3.290087429245224460e+00
1.361986475821675535e+00,-1.593650907392289540e+00,2.237517029204517893e+00,-2.989093227472583880e+00,-1.423684339886408745e+00,-3.290314543175086204e+00
1.361672459972302462e+00,-1.593701204529870630e+00,2.237558081981646296e+00,-2.989050350062005812e+00,-1.423464860172557467e+00,-3.290541674048312437e+00
1.361358443149347286e+00,-1.593751425720333126e+00,2.237599045220764360e+00,-2.989007404682557212e+00,-1.423245388038799408e+00,-3.290768821909691777e+00
1.361044425322154972e+00,-1.593801570953763846e+00,2.237639918926347171e+00,-2.988964391337219251e+00,-1.423025923475287113e+00,-3.290995986804016393e+00
1.360730406460070929e+00,-1.593851640220249832e+00,2.237680703102867152e+00,-2.988921310028973544e+00,-1.422806466472174014e+00,-3.291223168776075791e+00
1.360416386532440125e+00,-1.593901633509877458e+00,2.237721397754797614e+00,-2.988878160760801261e+00,-1.422587017019612876e+00,-3.291450367870661253e+00
1.360102365508607969e+00,-1.593951550812733542e+00,2.237762002886613644e+00,-2.988834943535682687e+00,-1.422367575107756243e+00,-3.291677584132562728e+00
1.359788343357919871e+00,-1.594001392118904681e+00,2.237802518502787663e+00,-2.988791658356600323e+00,-1.422148140726757326e+00,-3.291904817606571942e+00
1.359474320049720353e+00,-1.594051157418478137e+00,2.237842944607793871e+00,-2.988748305226535784e+00,-1.421928713866768668e+00,-3.292132068337478401e+00
1.359160295553355491e+00,-1.594100846701540730e+00,2.237883281206105135e+00,-2.988704884148468022e+00,-1.421709294517943700e+00,-3.292359336370073830e+00
1.358846269838169585e+00,-1.594150459958178390e+00,2.237923528302196541e+00,-2.988661395125380427e+00,-1.421489882670434746e+00,-3.292586621749147735e+00
1.358532242873508711e+00,-1.594199997178478601e+00,2.237963685900540955e+00,-2.988617838160252838e+00,-1.421270478314394792e+00,-3.292813924519492286e+00
1.358218214628717391e+00,-1.594249458352527959e+00,2.238003754005611690e+00,-2.988574213256068202e+00,-1.421051081439977049e+00,-3.293041244725895655e+00
1.357904185073141257e+00,-1.594298843470413063e+00,2.238043732621882942e+00,-2.988530520415805913e+00,-1.420831692037333838e+00,-3.293268582413150902e+00
1.357590154176125496e+00,-1.594348152522221174e+00,2.238083621753827579e+00,-2.988486759642448476e+00,-1.420612310096618591e+00,-3.293495937626047532e+00
1.357276121907015076e+00,-1.594397385498038222e+00,2.238123421405920688e+00,-2.988442930938976172e+00,-1.420392935607983853e+00,-3.293723310409376825e+00
1.356962088235155406e+00,-1.594446542387951915e+00,2.238163131582634247e+00,-2.988399034308371061e+00,-1.420173568561582611e+00,-3.293950700807927845e+00
1.356648053129891895e+00,-1.594495623182048405e+00,2.238202752288443342e+00,-2.988355069753613424e+00,-1.419954208947567853e+00,-3.294178108866493648e+00
1.356334016560569289e+00,-1.594544627870414732e+00,2.238242283527821286e+00,-2.988311037277685323e+00,-1.419734856756092123e+00,-3.294405534629862409e+00
1.356019978496532996e+00,-1.594593556443137272e+00,2.238281725305240943e+00,-2.988266936883568370e+00,-1.419515511977308853e+00,-3.294632978142826740e+00
1.355705938907128205e+00,-1.594642408890303287e+00,2.238321077625176514e+00,-2.988222768574242849e+00,-1.419296174601369920e+00,-3.294860439450176148e+00
1.355391897761700548e+00,-1.594691185201999151e+00,2.238360340492101752e+00,-2.988178532352689931e+00,-1.419076844618429201e+00,-3.295087918596701915e+00
1.355077855029594325e+00,-1.594739885368312127e+00,2.238399513910490413e+00,-2.988134228221891675e+00,-1.418857522018639239e+00,-3.295315415627193989e+00
1.354763810680155611e+00,-1.594788509379328367e+00,2.238438597884815806e+00,-2.988089856184828363e+00,-1.418638206792153023e+00,-3.295542930586443209e+00
1.354449764682729151e+00,-1.594837057225135135e+00,2.238477592419552131e+00,-2.988045416244482499e+00,-1.418418898929123095e+00,-3.295770463519240856e+00
1.354135717006660578e+00,-1.594885528895818805e+00,2.238516497519172255e+00,-2.988000908403834366e+00,-1.418199598419702445e+00,-3.295998014470376436e+00
1.353821667621294411e+00,-1.594933924381466639e+00,2.238555313188150375e+00,-2.987956332665865133e+00,-1.417980305254044282e+00,-3.296225583484642119e+00
1.353507616495976285e+00,-1.594982243672164568e+00,2.238594039430959359e+00,-2.987911689033556417e+00,-1.417761019422300706e+00,-3.296453170606826966e+00
1.353193563600051830e+00,-1.595030486758000521e+00,2.238632676252074738e+00,-2.987866977509889388e+00,-1.417541740914625592e+00,-3.296680775881722258e+00
1.352879508902865346e+00,-1.595078653629060206e+00,2.238671223655968046e+00,-2.987822198097845217e+00,-1.417322469721171263e+00,-3.296908399354118835e+00
1.352565452373762911e+00,-1.595126744275431108e+00,2.238709681647114369e+00,-2.987777350800405074e+00,-1.417103205832090707e+00,-3.297136041068807533e+00
1.352251393982089045e+00,-1.595174758687199379e+00,2.238748050229986131e+00,-2.987732435620550575e+00,-1.416883949237536688e+00,-3.297363701070578301e+00
1.351937333697189603e+00,-1.595222696854452504e+00,2.238786329409057974e+00,-2.987687452561262447e+00,-1.416664699927662197e+00,-3.297591379404221978e+00
1.351623271488409328e+00,-1.595270558767276636e+00,2.238824519188803652e+00,-2.987642401625522304e+00,-1.416445457892619997e+00,-3.297819076114528958e+00
1.351309207325093409e+00,-1.595318344415759038e+00,2.238862619573696033e+00,-2.987597282816310873e+00,-1.416226223122562855e+00,-3.298046791246291409e+00
1.350995141176587477e+00,-1.595366053789985861e+00,2.238900630568209316e+00,-2.987552096136609769e+00,-1.416006995607643981e+00,-3.298274524844297506e+00
1.350681073012236277e+00,-1.595413686880044368e+00,2.238938552176817254e+00,-2.987506841589400608e+00,-1.415787775338016141e+00,-3.298502276953340306e+00
1.350367002801385441e+00,-1.595461243676021157e+00,2.238976384403993158e+00,-2.987461519177664115e+00,-1.415568562303832323e+00,-3.298730047618208427e+00
1.350052930513379712e+00,-1.595508724168003045e+00,2.239014127254210340e+00,-2.987416128904381463e+00,-1.415349356495245070e+00,-3.298957836883693595e+00
1.349738856117564723e+00,-1.595556128346076630e+00,2.239051780731943442e+00,-2.987370670772533821e+00,-1.415130157902407593e+00,-3.299185644794586647e+00
1.349424779583285439e+00,-1.595603456200328951e+00,2.239089344841665330e+00,-2.987325144785102804e+00,-1.414910966515472213e+00,-3.299413471395677533e+00
1.349110700883000113e+00,-1.595650707723079043e+00,2.239126819590318451e+00,-2.987279550948134244e+00,-1.414691782326131797e+00,-3.299641316728259000e+00
1.348796620025342063e+00,-1.595697882932591627e+00,2.239164205013533415e+00,-2.987233889303289480e+00,-1.414472605343968681e+00,-3.299869180792964318e+00
1.348482537042281937e+00,-1.595744981863867151e+00,2.239201501165445585e+00,-2.987188159915204810e+00,-1.414253435590105745e+00,-3.300097063564201072e+00
1.348168451966177406e+00,-1.595792004552185617e+00,2.239238708100498965e+00,-2.987142362848897115e+00,-1.414034273085857940e+00,-3.300324965015939416e+00
1.347854364829387031e+00,-1.595838951032826358e+00,2.239275825873139336e+00,-2.987096498169387271e+00,-1.413815117852540659e+00,-3.300552885122149060e+00
1.347540275664269149e+00,-1.595885821341069155e+00,2.239312854537809372e+00,-2.987050565941692160e+00,-1.413595969911468853e+00,-3.300780823856801494e+00
1.347226184503182544e+00,-1.595932615512193564e+00,2.239349794148953965e+00,-2.987004566230830882e+00,-1.413376829283957248e+00,-3.301008781193865094e+00
1.346912091378484888e+00,-1.595979333581478476e+00,2.239386644761017120e+00,-2.986958499101822540e+00,-1.413157695991321683e+00,-3.301236757107310904e+00
1.346597996322535185e+00,-1.596025975584204559e+00,2.239423406428443286e+00,-2.986912364619684901e+00,-1.412938570054876442e+00,-3.301464751571109080e+00
1.346283899367691550e+00,-1.596072541555650925e+00,2.239460079205676024e+00,-2.986866162849436179e+00,-1.412719451495937140e+00,-3.301692764559229776e+00
1.345969800546312101e+00,-1.596119031531097132e+00,2.239496663147160671e+00,-2.986819893856095920e+00,-1.412500340335818505e+00,-3.301920796045643591e+00
1.345655699890755619e+00,-1.596165445545822514e+00,2.239533158307340788e+00,-2.986773557704682336e+00,-1.412281236595836154e+00,-3.302148846004319349e+00
1.345341597433380221e+00,-1.596211783635106629e+00,2.239569564740660379e+00,-2.986727154460212752e+00,-1.412062140297304813e+00,-3.302376914409228981e+00
1.345027493206544023e+00,-1.596258045834229922e+00,2.239605882501563894e+00,-2.986680684187707602e+00,-1.411843051461539433e+00,-3.302605001234341309e+00
1.344713387242606251e+00,-1.596304232178470839e+00,2.239642111644495781e+00,-2.986634146952184210e+00,-1.411623970109855630e+00,-3.302833106453626932e+00
1.344399279573924577e+00,-1.596350342703109826e+00,2.239678252223899602e+00,-2.986587542818661234e+00,-1.411404896263567466e+00,-3.303061230041056451e+00
1.344085170232857784e+00,-1.596396377443425774e+00,2.239714304294220693e+00,-2.986540871852158219e+00,-1.411185829943991443e+00,-3.303289371970599575e+00
1.343771059251763766e+00,-1.596442336434698683e+00,2.239750267909902615e+00,-2.986494134117692045e+00,-1.410966771172441625e+00,-3.303517532216226016e+00
1.343456946663001084e+00,-1.596488219712208112e+00,2.239786143125388929e+00,-2.986447329680282259e+00,-1.410747719970233405e+00,-3.303745710751907261e+00
1.343142832498928518e+00,-1.596534027311233617e+00,2.239821929995124972e+00,-2.986400458604947517e+00,-1.410528676358681954e+00,-3.303973907551612132e+00
1.342828716791903965e+00,-1.596579759267054532e+00,2.239857628573554305e+00,-2.986353520956706031e+00,-1.410309640359102445e+00,-3.304202122589310786e+00
1.342514599574285761e+00,-1.596625415614950860e+00,2.239893238915121376e+00,-2.986306516800575572e+00,-1.410090611992809162e+00,-3.304430355838974709e+00
1.342200480878432467e+00,-1.596670996390201713e+00,2.239928761074270192e+00,-2.986259446201576573e+00,-1.409871591281118164e+00,-3.304658607274573612e+00
1.341886360736702422e+00,-1.596716501628087315e+00,2.239964195105445643e+00,-2.986212309224725914e+00,-1.409652578245344401e+00,-3.304886876870076762e+00
1.341572239181453963e+00,-1.596761931363886333e+00,2.239999541063090849e+00,-2.986165105935042696e+00,-1.409433572906802601e+00,-3.305115164599455202e+00
1.341258116245045873e+00,-1.596807285632878992e+00,2.240034799001651145e+00,-2.986117836397545577e+00,-1.409214575286808158e+00,-3.305343470436679087e+00
1.340943991959835824e+00,-1.596852564470345071e+00,2.240069968975570092e+00,-2.986070500677253214e+00,-1.408995585406675799e+00,-3.305571794355718129e+00
1.340629866358182820e+00,-1.596897767911563237e+00,2.240105051039292139e+00,-2.986023098839182932e+00,-1.408776603287720919e+00,-3.305800136330542482e+00
1.340315739472444756e+00,-1.596942895991814160e+00,2.240140045247261291e+00,-2.985975630948354720e+00,-1.408557628951258467e+00,-3.306028496335122746e+00
1.340001611334980192e+00,-1.596987948746376507e+00,2.240174951653921998e+00,-2.985928097069786791e+00,-1.408338662418603615e+00,-3.306256874343428631e+00
1.339687481978147465e+00,-1.597032926210530279e+00,2.240209770313718263e+00,-2.985880497268496914e+00,-1.408119703711071757e+00,-3.306485270329431181e+00
1.339373351434304915e+00,-1.597077828419555479e+00,2.240244501281094536e+00,-2.985832831609504634e+00,-1.407900752849977177e+00,-3.306713684267099662e+00
1.339059219735810879e+00,-1.597122655408730774e+00,2.240279144610495266e+00,-2.985785100157828165e+00,-1.407681809856635491e+00,-3.306942116130403786e+00
1.338745086915024141e+00,-1.597167407213336388e+00,2.240313700356363569e+00,-2.985737302978485275e+00,-1.407462874752361870e+00,-3.307170565893315484e+00
1.338430953004302593e+00,-1.597212083868651433e+00,2.240348168573145227e+00,-2.985689440136495509e+00,-1.407243947558471486e+00,-3.307399033529803578e+00
1.338116818036004796e+00,-1.597256685409955690e+00,2.240382549315283356e+00,-2.985641511696877082e+00,-1.407025028296278846e+00,-3.307627519013838224e+00
1.337802682042489089e+00,-1.597301211872529381e+00,2.240416842637221961e+00,-2.985593517724647761e+00,-1.406806116987099564e+00,-3.307856022319390021e+00
1.337488545056114253e+00,-1.597345663291650952e+00,2.240451048593406380e+00,-2.985545458284827980e+00,-1.406587213652248369e+00,-3.308084543420429124e+00
1.337174407109237961e+00,-1.597390039702600850e+00,2.240485167238280617e+00,-2.985497333442434620e+00,-1.406368318313040877e+00,-3.308313082290925689e+00
1.336860268234218774e+00,-1.597434341140658187e+00,2.240519198626287789e+00,-2.985449143262486338e+00,-1.406149430990791815e+00,-3.308541638904849869e+00
1.336546128463415251e+00,-1.597478567641102964e+00,2.240553142811873233e+00,-2.985400887810002235e+00,-1.405930551706815912e+00,-3.308770213236171820e+00
1.336231987829185286e+00,-1.597522719239214295e+00,2.240586999849480954e+00,-2.985352567150000525e+00,-1.405711680482429227e+00,-3.308998805258861697e+00
1.335917846363888328e+00,-1.597566795970271958e+00,2.240620769793554956e+00,-2.985304181347499419e+00,-1.405492817338946043e+00,-3.309227414946889212e+00
1.335603704099881606e+00,-1.597610797869555288e+00,2.240654452698538801e+00,-2.985255730467518465e+00,-1.405273962297681312e+00,-3.309456042274225407e+00
1.335289561069524122e+00,-1.597654724972344509e+00,2.240688048618877826e+00,-2.985207214575075430e+00,-1.405055115379950648e+00,-3.309684687214839549e+00
1.334975417305174439e+00,-1.597698577313918511e+00,2.240721557609016035e+00,-2.985158633735188083e+00,-1.404836276607069223e+00,-3.309913349742702682e+00
1.334661272839190005e+00,-1.597742354929557518e+00,2.240754979723396989e+00,-2.985109988012877302e+00,-1.404617446000351988e+00,-3.310142029831784516e+00
1.334347127703930047e+00,-1.597786057854540420e+00,2.240788315016466026e+00,-2.985061277473159524e+00,-1.404398623581113670e+00,-3.310370727456055651e+00
1.334032981931752904e+00,-1.597829686124146997e+00,2.240821563542666262e+00,-2.985012502181053407e+00,-1.404179809370669663e+00,-3.310599442589484909e+00
1.333718835555016469e+00,-1.597873239773657250e+00,2.240854725356442145e+00,-2.984963662201578938e+00,-1.403961003390335138e+00,-3.310828175206044222e+00
1.333404688606079080e+00,-1.597916718838350292e+00,2.240887800512238570e+00,-2.984914757599752999e+00,-1.403742205661424824e+00,-3.311056925279702856e+00
1.333090541117299743e+00,-1.597960123353505901e+00,2.240920789064499097e+00,-2.984865788440595136e+00,-1.403523416205254337e+00,-3.311285692784430523e+00
1.332776393121036351e+00,-1.598003453354403636e+00,2.240953691067668174e+00,-2.984816754789124005e+00,-1.403304635043138182e+00,-3.311514477694198266e+00
1.332462244649647021e+00,-1.598046708876323052e+00,2.240986506576190251e+00,-2.984767656710356931e+00,-1.403085862196391975e+00,-3.311743279982976240e+00
1.332148095735491200e+00,-1.598089889954543930e+00,2.241019235644508889e+00,-2.984718494269313460e+00,-1.402867097686330444e+00,-3.311972099624733712e+00
1.331833946410926117e+00,-1.598132996624345603e+00,2.241051878327068536e+00,-2.984669267531012249e+00,-1.402648341534268539e+00,-3.312200936593441725e+00
1.331519796708310777e+00,-1.598176028921007186e+00,2.241084434678314086e+00,-2.984619976560471510e+00,-1.402429593761522097e+00,-3.312429790863069989e+00
1.331205646660003294e+00,-1.598218986879809345e+00,2.241116904752689099e+00,-2.984570621422709458e+00,-1.402210854389405625e+00,-3.312658662407589105e+00
1.330891496298362009e+00,-1.598261870536030971e+00,2.241149288604638024e+00,-2.984521202182745192e+00,-1.401992123439234073e+00,-3.312887551200969227e+00
1.330577345655745258e+00,-1.598304679924951843e+00,2.241181586288604866e+00,-2.984471718905596926e+00,-1.401773400932323055e+00,-3.313116457217180066e+00
1.330263194764512047e+00,-1.598347415081851297e+00,2.241213797859034074e+00,-2.984422171656282874e+00,-1.401554686889987078e+00,-3.313345380430191778e+00
1.329949043657019825e+00,-1.598390076042008889e+00,2.241245923370369653e+00,-2.984372560499822580e+00,-1.401335981333541758e+00,-3.313574320813974960e+00
1.329634892365627152e+00,-1.598432662840704843e+00,2.241277962877056051e+00,-2.984322885501233369e+00,-1.401117284284301823e+00,-3.313803278342499770e+00
1.329320740922693034e+00,-1.598475175513218050e+00,2.241309916433537275e+00,-2.984273146725534342e+00,-1.400898595763582666e+00,-3.314032252989735472e+00
1.329006589360575585e+00,-1.598517614094828287e+00,2.241341784094257772e+00,-2.984223344237744158e+00,-1.400679915792699237e+00,-3.314261244729653999e+00
1.328692437711632701e+00,-1.598559978620815114e+00,2.241373565913661547e+00,-2.984173478102881472e+00,-1.400461244392966487e+00,-3.314490253536224174e+00
1.328378286008223164e+00,-1.598602269126458086e+00,2.241405261946193050e+00,-2.984123548385964053e+00,-1.400242581585699142e+00,-3.314719279383415707e+00
1.328064134282705533e+00,-1.598644485647036984e+00,2.241436872246295842e+00,-2.984073555152011448e+00,-1.400023927392213263e+00,-3.314948322245200529e+00
1.327749982567437481e+00,-1.598686628217831363e+00,2.241468396868415258e+00,-2.984023498466041424e+00,-1.399805281833823578e+00,-3.315177382095547021e+00
1.327435830894778235e+00,-1.598728696874120336e+00,2.241499835866995305e+00,-2.983973378393072640e+00,-1.399586644931844814e+00,-3.315406458908426224e+00
1.327121679297085466e+00,-1.598770691651184128e+00,2.241531189296478654e+00,-2.983923194998124195e+00,-1.399368016707592366e+00,-3.315635552657808738e+00
1.326807527806717735e+00,-1.598812612584301851e+00,2.241562457211311976e+00,-2.983872948346213416e+00,-1.399149397182380961e+00,-3.315864663317664274e+00
1.326493376456033824e+00,-1.598854459708753284e+00,2.241593639665937499e+00,-2.983822638502360292e+00,-1.398930786377526214e+00,-3.316093790861962098e+00
1.326179225277391627e+00,-1.598896233059818206e+00,2.241624736714799671e+00,-2.983772265531582590e+00,-1.398712184314342855e+00,-3.316322935264674143e+00
1.325865074303149704e+00,-1.598937932672775508e+00,2.241655748412344273e+00,-2.983721829498898526e+00,-1.398493591014146276e+00,-3.316552096499769231e+00
1.325550923565666395e+00,-1.598979558582905636e+00,2.241686674813013980e+00,-2.983671330469328087e+00,-1.398275006498251205e+00,-3.316781274541218405e+00
1.325236773097300036e+00,-1.599021110825487701e+00,2.241717515971253238e+00,-2.983620768507888155e+00,-1.398056430787973037e+00,-3.317010469362990488e+00
1.324922622930408966e+00,-1.599062589435801485e+00,2.241748271941506943e+00,-2.983570143679596942e+00,-1.397837863904626499e+00,-3.317239680939056967e+00
1.324608473097351968e+00,-1.599103994449126098e+00,2.241778942778218653e+00,-2.983519456049474883e+00,-1.397619305869526984e+00,-3.317468909243387998e+00
1.324294323630486714e+00,-1.599145325900741321e+00,2.241809528535832374e+00,-2.983468705682539746e+00,-1.397400756703989666e+00,-3.317698154249952847e+00
1.323980174562171763e+00,-1.599186583825927377e+00,2.241840029268793888e+00,-2.983417892643808855e+00,-1.397182216429329271e+00,-3.317927415932722557e+00
1.323666025924766121e+00,-1.599227768259962934e+00,2.241870445031545422e+00,-2.983367016998302645e+00,-1.396963685066861194e+00,-3.318156694265666840e+00
1.323351877750627681e+00,-1.599268879238128216e+00,2.241900775878532315e+00,-2.983316078811038441e+00,-1.396745162637900384e+00,-3.318385989222755406e+00
1.323037730072114782e+00,-1.599309916795702113e+00,2.241931021864198570e+00,-2.983265078147034455e+00,-1.396526649163761791e+00,-3.318615300777959742e+00
1.322723582921585761e+00,-1.599350880967964850e+00,2.241961183042988637e+00,-2.983214015071310676e+00,-1.396308144665760809e+00,-3.318844628905248673e+00
1.322409436324585963e+00,-1.599391771787519012e+00,2.241991259466026953e+00,-2.983162889644766391e+00,-1.396089649160992208e+00,-3.319073973584589332e+00
1.322095290277872648e+00,-1.599432589275653793e+00,2.242021251170416285e+00,-2.983111701910901914e+00,-1.395871162648717023e+00,-3.319303334821288587e+00
1.321781144770599825e+00,-1.599473333450672552e+00,2.242051158189555693e+00,-2.983060451908621236e+00,-1.395652685123487391e+00,-3.319532712627341287e+00
1.321466999791921726e+00,-1.599514004330877981e+00,2.242080980556842462e+00,-2.983009139676830124e+00,-1.395434216579855669e+00,-3.319762107014746277e+00
1.321152855330993248e+00,-1.599554601934572773e+00,2.242110718305676098e+00,-2.982957765254432125e+00,-1.395215757012373103e+00,-3.319991517995498853e+00
1.320838711376968622e+00,-1.599595126280059398e+00,2.242140371469454774e+00,-2.982906328680331676e+00,-1.394997306415592275e+00,-3.320220945581597860e+00
1.320524567919001413e+00,-1.599635577385640772e+00,2.242169940081577106e+00,-2.982854829993434098e+00,-1.394778864784064876e+00,-3.320450389785039480e+00
1.320210424946247407e+00,-1.599675955269619587e+00,2.242199424175441713e+00,-2.982803269232643828e+00,-1.394560432112343262e+00,-3.320679850617820339e+00
1.319896282447859726e+00,-1.599716259950298092e+00,2.242228823784446767e+00,-2.982751646436864856e+00,-1.394342008394978905e+00,-3.320909328091938395e+00
1.319582140412993487e+00,-1.599756491445979645e+00,2.242258138941990886e+00,-2.982699961645002507e+00,-1.394123593626524160e+00,-3.321138822219389830e+00
1.319267998830802480e+00,-1.599796649774966939e+00,2.242287369681472686e+00,-2.982648214895960770e+00,-1.393905187801530721e+00,-3.321368333012171714e+00
1.318953857690441600e+00,-1.599836734955562223e+00,2.242316516036290341e+00,-2.982596406228644526e+00,-1.393686790914550944e+00,-3.321597860482282005e+00
1.318639716981064636e+00,-1.599876747006068411e+00,2.242345578039843357e+00,-2.982544535681958209e+00,-1.393468402960136299e+00,-3.321827404641716885e+00
1.318325576691826706e+00,-1.599916685944788197e+00,2.242374555725530350e+00,-2.982492603294806699e+00,-1.393250023932839143e+00,-3.322056965502473869e+00
1.318011436811881376e+00,-1.599956551790024495e+00,2.242403449126748605e+00,-2.982440609106093543e+00,-1.393031653827211613e+00,-3.322286543076549137e+00
1.317697297330383988e+00,-1.599996344560079775e+00,2.242432258276897183e+00,-2.982388553154724509e+00,-1.392813292637805178e+00,-3.322516137375941092e+00
1.317383158236487661e+00,-1.600036064273256509e+00,2.242460983209374703e+00,-2.982336435479604475e+00,-1.392594940359172195e+00,-3.322745748412645916e+00
1.317069019519347739e+00,-1.600075710947857832e+00,2.242489623957579781e+00,-2.982284256119636101e+00,-1.392376596985864579e+00,-3.322975376198660680e+00
1.316754881168118230e+00,-1.600115284602186438e+00,2.242518180554911034e+00,-2.982232015113725598e+00,-1.392158262512434241e+00,-3.323205020745982452e+00
1.316440743171953365e+00,-1.600154785254544576e+00,2.242546653034766635e+00,-2.982179712500777402e+00,-1.391939936933433097e+00,-3.323434682066608303e+00
1.316126605520007820e+00,-1.600194212923235604e+00,2.242575041430545646e+00,-2.982127348319695059e+00,-1.391721620243413282e+00,-3.323664360172535304e+00
1.315812468201435825e+00,-1.600233567626561770e+00,2.242603345775646240e+00,-2.982074922609384338e+00,-1.391503312436926487e+00,-3.323894055075760523e+00
1.315498331205391613e+00,-1.600272849382825990e+00,2.242631566103466589e+00,-2.982022435408749228e+00,-1.391285013508525070e+00,-3.324123766788281031e+00
1.315184194521029637e+00,-1.600312058210330735e+00,2.242659702447406644e+00,-2.981969886756694166e+00,-1.391066723452760723e+00,-3.324353495322093899e+00
1.314870058137504349e+00,-1.600351194127378696e+00,2.242687754840863246e+00,-2.981917276692124030e+00,-1.390848442264185580e+00,-3.324583240689196195e+00
1.314555922043970204e+00,-1.600390257152273232e+00,2.242715723317235454e+00,-2.981864605253943257e+00,-1.390630169937351779e+00,-3.324813002901584991e+00
1.314241786229580988e+00,-1.600429247303316149e+00,2.242743607909922332e+00,-2.981811872481056280e+00,-1.390411906466811010e+00,-3.325042781971256911e+00
1.313927650683492043e+00,-1.600468164598810583e+00,2.242771408652321607e+00,-2.981759078412367980e+00,-1.390193651847115408e+00,-3.325272577910209026e+00
1.313613515394856712e+00,-1.600507009057059449e+00,2.242799125577832342e+00,-2.981706223086783236e+00,-1.389975406072816888e+00,-3.325502390730438851e+00
1.313299380352830337e+00,-1.600545780696365217e+00,2.242826758719853597e+00,-2.981653306543205151e+00,-1.389757169138467363e+00,-3.325732220443943010e+00
1.312985245546566260e+00,-1.600584479535030580e+00,2.242854308111782657e+00,-2.981600328820540380e+00,-1.389538941038618969e+00,-3.325962067062719019e+00
1.312671110965219601e+00,-1.600623105591358009e+00,2.242881773787019029e+00,-2.981547289957692026e+00,-1.389320721767823619e+00,-3.326191930598763058e+00
1.312356976597944369e+00,-1.600661658883650640e+00,2.242909155778961328e+00,-2.981494189993564969e+00,-1.389102511320633448e+00,-3.326421811064073086e+00
1.312042842433895018e+00,-1.600700139430210722e+00,2.242936454121007284e+00,-2.981441028967063644e+00,-1.388884309691599928e+00,-3.326651708470646174e+00
1.311728708462225779e+00,-1.600738547249341615e+00,2.242963668846555514e+00,-2.981387806917093375e+00,-1.388666116875275414e+00,-3.326881622830478502e+00
1.311414574672091549e+00,-1.600776882359345565e+00,2.242990799989005524e+00,-2.981334523882557708e+00,-1.388447932866212042e+00,-3.327111554155567141e+00
1.311100441052646115e+00,-1.600815144778525267e+00,2.243017847581755042e+00,-2.981281179902362410e+00,-1.388229757658961505e+00,-3.327341502457910494e+00
1.310786307593043931e+00,-1.600853334525183636e+00,2.243044811658202686e+00,-2.981227775015410586e+00,-1.388011591248075938e+00,-3.327571467749504297e+00
1.310472174282439450e+00,-1.600891451617623140e+00,2.243071692251747073e+00,-2.981174309260608002e+00,-1.387793433628107032e+00,-3.327801450042345621e+00
1.310158041109987348e+00,-1.600929496074146474e+00,2.243098489395786377e+00,-2.981120782676859093e+00,-1.387575284793607144e+00,-3.328031449348431536e+00
1.309843908064841633e+00,-1.600967467913056552e+00,2.243125203123720546e+00,-2.981067195303067852e+00,-1.387357144739128190e+00,-3.328261465679760001e+00
1.309529775136156537e+00,-1.601005367152656067e+00,2.243151833468946421e+00,-2.981013547178138712e+00,-1.387139013459222081e+00,-3.328491499048327196e+00
1.309215642313086958e+00,-1.601043193811247711e+00,2.243178380464863508e+00,-2.980959838340976997e+00,-1.386920890948440954e+00,-3.328721549466130636e+00
1.308901509584786460e+00,-1.601080947907134178e+00,2.243204844144869536e+00,-2.980906068830486699e+00,-1.386702777201336501e+00,-3.328951616945166947e+00
1.308587376940410163e+00,-1.601118629458617937e+00,2.243231224542363567e+00,-2.980852238685573141e+00,-1.386484672212460634e+00,-3.329181701497433199e+00
1.308273244369112076e+00,-1.601156238484001904e+00,2.243257521690744216e+00,-2.980798347945139870e+00,-1.386266575976365711e+00,-3.329411803134926462e+00
1.307959111860046653e+00,-1.601193775001588770e+00,2.243283735623410102e+00,-2.980744396648092653e+00,-1.386048488487603425e+00,-3.329641921869644694e+00
1.307644979402367902e+00,-1.601231239029681230e+00,2.243309866373759398e+00,-2.980690384833334594e+00,-1.385830409740725910e+00,-3.329872057713583189e+00
1.307330846985231165e+00,-1.601268630586581976e+00,2.243335913975190721e+00,-2.980636312539771460e+00,-1.385612339730285081e+00,-3.330102210678739905e+00
1.307016714597789564e+00,-1.601305949690593922e+00,2.243361878461103132e+00,-2.980582179806307686e+00,-1.385394278450832850e+00,-3.330332380777112355e+00
1.306702582229198217e+00,-1.601343196360019316e+00,2.243387759864894360e+00,-2.980527986671847263e+00,-1.385176225896921132e+00,-3.330562568020697167e+00
1.306388449868611135e+00,-1.601380370613161297e+00,2.243413558219963466e+00,-2.980473733175295070e+00,-1.384958182063102283e+00,-3.330792772421490966e+00
1.306074317505183435e+00,-1.601417472468322334e+00,2.243439273559709068e+00,-2.980419419355555988e+00,-1.384740146943927996e+00,-3.331022993991491266e+00
1.305760185128068462e+00,-1.601454501943805342e+00,2.243464905917528895e+00,-2.980365045251534006e+00,-1.384522120533950185e+00,-3.331253232742695136e+00
1.305446052726421113e+00,-1.601491459057912348e+00,2.243490455326822453e+00,-2.980310610902133561e+00,-1.384304102827721206e+00,-3.331483488687099204e+00
1.305131920289395620e+00,-1.601528343828947154e+00,2.243515921820987913e+00,-2.980256116346260420e+00,-1.384086093819792751e+00,-3.331713761836700982e+00
1.304817787806146656e+00,-1.601565156275211788e+00,2.243541305433423450e+00,-2.980201561622818129e+00,-1.383868093504716734e+00,-3.331944052203497098e+00
1.304503655265828010e+00,-1.601601896415009163e+00,2.243566606197528568e+00,-2.980146946770711569e+00,-1.383650101877045291e+00,-3.332174359799485064e+00
1.304189522657594358e+00,-1.601638564266641751e+00,2.243591824146700553e+00,-2.980092271828845174e+00,-1.383432118931330113e+00,-3.332404684636661063e+00
1.303875389970600152e+00,-1.601675159848412466e+00,2.243616959314338910e+00,-2.980037536836123380e+00,-1.383214144662123557e+00,-3.332635026727023053e+00
1.303561257193999845e+00,-1.601711683178624002e+00,2.243642011733841368e+00,-2.979982741831451065e+00,-1.382996179063977538e+00,-3.332865386082568104e+00
1.303247124316947447e+00,-1.601748134275579050e+00,2.243666981438607433e+00,-2.979927886853732666e+00,-1.382778222131443746e+00,-3.333095762715292398e+00
1.302932991328597634e+00,-1.601784513157579859e+00,2.243691868462034833e+00,-2.979872971941872617e+00,-1.382560273859074540e+00,-3.333326156637193893e+00
1.302618858218104414e+00,-1.601820819842930010e+00,2.243716672837522630e+00,-2.979817997134775798e+00,-1.382342334241421833e+00,-3.333556567860268771e+00
1.302304724974622685e+00,-1.601857054349931309e+00,2.243741394598468553e+00,-2.979762962471347088e+00,-1.382124403273037316e+00,-3.333786996396514546e+00
1.301990591587306234e+00,-1.601893216696887334e+00,2.243766033778272107e+00,-2.979707867990490033e+00,-1.381906480948472904e+00,-3.334017442257928288e+00
1.301676458045309959e+00,-1.601929306902100114e+00,2.243790590410331909e+00,-2.979652713731109515e+00,-1.381688567262281175e+00,-3.334247905456507066e+00
1.301362324337787646e+00,-1.601965324983872785e+00,2.243815064528045689e+00,-2.979597499732111299e+00,-1.381470662209013600e+00,-3.334478386004247508e+00
1.301048190453894193e+00,-1.602001270960507817e+00,2.243839456164812507e+00,-2.979542226032398489e+00,-1.381252765783222536e+00,-3.334708883913146682e+00
1.300734056382783610e+00,-1.602037144850307904e+00,2.243863765354030093e+00,-2.979486892670875964e+00,-1.381034877979459452e+00,-3.334939399195202103e+00
1.300419922113610793e+00,-1.602072946671575515e+00,2.243887992129097952e+00,-2.979431499686449047e+00,-1.380816998792276928e+00,-3.335169931862410841e+00
1.300105787635529309e+00,-1.602108676442614010e+00,2.243912136523414258e+00,-2.979376047118021731e+00,-1.380599128216226434e+00,-3.335400481926769523e+00
1.299791652937694053e+00,-1.602144334181725638e+00,2.243936198570377183e+00,-2.979320535004498005e+00,-1.380381266245860328e+00,-3.335631049400275661e+00
1.299477518009259036e+00,-1.602179919907213312e+00,2.243960178303386233e+00,-2.979264963384783638e+00,-1.380163412875730300e+00,-3.335861634294925437e+00
1.299163382839379155e+00,-1.602215433637379505e+00,2.243984075755839136e+00,-2.979209332297782620e+00,-1.379945568100388265e+00,-3.336092236622716811e+00
1.298849247417208197e+00,-1.602250875390527129e+00,2.244007890961134954e+00,-2.979153641782399387e+00,-1.379727731914386801e+00,-3.336322856395646852e+00
1.298535111731900837e+00,-1.602286245184958657e+00,2.244031623952671417e+00,-2.979097891877538817e+00,-1.379509904312277158e+00,-3.336553493625711297e+00
1.298220975772611530e+00,-1.602321543038977225e+00,2.244055274763847585e+00,-2.979042082622105347e+00,-1.379292085288611691e+00,-3.336784148324908550e+00
1.297906839528494505e+00,-1.602356768970884859e+00,2.244078843428062520e+00,-2.978986214055002968e+00,-1.379074274837942315e+00,-3.337014820505234347e+00
1.297592702988703994e+00,-1.602391922998984697e+00,2.244102329978713506e+00,-2.978930286215137890e+00,-1.378856472954820722e+00,-3.337245510178687535e+00
1.297278566142394673e+00,-1.602427005141579652e+00,2.244125734449200049e+00,-2.978874299141412774e+00,-1.378638679633799491e+00,-3.337476217357263852e+00
1.296964428978720552e+00,-1.602462015416972196e+00,2.244149056872919878e+00,-2.978818252872732941e+00,-1.378420894869430313e+00,-3.337706942052960812e+00
1.296650291486836304e+00,-1.602496953843465022e+00,2.244172297283272943e+00,-2.978762147448003716e+00,-1.378203118656265103e+00,-3.337937684277775041e+00
1.296336153655895940e+00,-1.602531820439360821e+00,2.244195455713656973e+00,-2.978705982906128646e+00,-1.377985350988855995e+00,-3.338168444043704053e+00
1.296022015475931877e+00,-1.602566615221976187e+00,2.244218532196407878e+00,-2.978649759285496135e+00,-1.377767591862493424e+00,-3.338399221362351454e+00
1.295707876947029602e+00,-1.602601338197334524e+00,2.244241526751692639e+00,-2.978593476618585978e+00,-1.377549841280932386e+00,-3.338630016240818232e+00
1.295393738075692802e+00,-1.602635989364249669e+00,2.244264439391912003e+00,-2.978537134934102770e+00,-1.377332099253329334e+00,-3.338860828683330784e+00
1.295079598868528858e+00,-1.602670568721418443e+00,2.244287270129338374e+00,-2.978480734260690710e+00,-1.377114365788929096e+00,-3.339091658694068876e+00
1.294765459332144486e+00,-1.602705076267538109e+00,2.244310018976246379e+00,-2.978424274626994883e+00,-1.376896640896976276e+00,-3.339322506277212277e+00
1.294451319473147510e+00,-1.602739512001306155e+00,2.244332685944909755e+00,-2.978367756061660376e+00,-1.376678924586714592e+00,-3.339553371436941198e+00
1.294137179298145313e+00,-1.602773875921419178e+00,2.244355271047602240e+00,-2.978311178593330943e+00,-1.376461216867389092e+00,-3.339784254177435407e+00
1.293823038813744608e+00,-1.602808168026575109e+00,2.244377774296597572e+00,-2.978254542250651227e+00,-1.376243517748243939e+00,-3.340015154502874672e+00
1.293508898026553222e+00,-1.602842388315470989e+00,2.244400195704169043e+00,-2.978197847062265868e+00,-1.376025827238523513e+00,-3.340246072417438761e+00
1.293194756943177870e+00,-1.602876536786803863e+00,2.244422535282591280e+00,-2.978141093056819511e+00,-1.375808145347472422e+00,-3.340477007925308328e+00
1.292880615570226377e+00,-1.602910613439270771e+00,2.244444793044137576e+00,-2.978084280262957240e+00,-1.375590472084335047e+00,-3.340707961030662254e+00
1.292566473914305680e+00,-1.602944618271569199e+00,2.244466969001082113e+00,-2.978027408709322810e+00,-1.375372807458355773e+00,-3.340938931737680750e+00
1.292252331982022939e+00,-1.602978551282396191e+00,2.244489063165698628e+00,-2.977970478424561307e+00,-1.375155151478778759e+00,-3.341169920050544029e+00
1.291938189779986201e+00,-1.603012412470448789e+00,2.244511075550260859e+00,-2.977913489437316485e+00,-1.374937504154848833e+00,-3.341400925973431857e+00
1.291624047314801738e+00,-1.603046201834424700e+00,2.244533006167041655e+00,-2.977856441776234764e+00,-1.374719865495810156e+00,-3.341631949510524002e+00
1.291309904593077151e+00,-1.603079919373020967e+00,2.244554855028316531e+00,-2.977799335469958564e+00,-1.374502235510907555e+00,-3.341862990666000233e+00
1.290995761621420268e+00,-1.603113565084934411e+00,2.244576622146358336e+00,-2.977742170547133416e+00,-1.374284614209384525e+00,-3.342094049444039872e+00
1.290681618406437803e+00,-1.603147138968862517e+00,2.244598307533440362e+00,-2.977684947036403962e+00,-1.374067001600486559e+00,-3.342325125848824019e+00
1.290367474954737137e+00,-1.603180641023502551e+00,2.244619911201837681e+00,-2.977627664966414844e+00,-1.373849397693457819e+00,-3.342556219884532442e+00
1.290053331272925430e+00,-1.603214071247551553e+00,2.244641433163823141e+00,-2.977570324365810706e+00,-1.373631802497542020e+00,-3.342787331555344021e+00
1.289739187367610063e+00,-1.603247429639706789e+00,2.244662873431670924e+00,-2.977512925263235299e+00,-1.373414216021984435e+00,-3.343018460865439856e+00
1.289425043245398861e+00,-1.603280716198665745e+00,2.244684232017654324e+00,-2.977455467687334156e+00,-1.373196638276028780e+00,-3.343249607818998825e+00
1.289110898912898096e+00,-1.603313930923124797e+00,2.244705508934047966e+00,-2.977397951666751030e+00,-1.372979069268920105e+00,-3.343480772420200697e+00
1.288796754376715592e+00,-1.603347073811782320e+00,2.244726704193125144e+00,-2.977340377230131896e+00,-1.372761509009902348e+00,-3.343711954673226572e+00
1.288482609643458510e+00,-1.603380144863334467e+00,2.244747817807159151e+00,-2.977282744406119175e+00,-1.372543957508220558e+00,-3.343943154582255328e+00
1.288168464719734230e+00,-1.603413144076478947e+00,2.244768849788425058e+00,-2.977225053223359286e+00,-1.372326414773118008e+00,-3.344174372151467622e+00
1.287854319612150134e+00,-1.603446071449912802e+00,2.244789800149195713e+00,-2.977167303710495538e+00,-1.372108880813840637e+00,-3.344405607385042334e+00
1.287540174327313158e+00,-1.603478926982333741e+00,2.244810668901745299e+00,-2.977109495896173907e+00,-1.371891355639631938e+00,-3.344636860287159674e+00
1.287226028871830907e+00,-1.603511710672438140e+00,2.244831456058347108e+00,-2.977051629809037703e+00,-1.371673839259735850e+00,-3.344868130861999855e+00
1.286911883252310318e+00,-1.603544422518923929e+00,2.244852161631275766e+00,-2.976993705477731567e+00,-1.371456331683397867e+00,-3.345099419113743089e+00
1.286597737475359216e+00,-1.603577062520487484e+00,2.244872785632804124e+00,-2.976935722930901029e+00,-1.371238832919861927e+00,-3.345330725046568254e+00
1.286283591547584093e+00,-1.603609630675826736e+00,2.244893328075206806e+00,-2.976877682197189401e+00,-1.371021342978372637e+00,-3.345562048664656452e+00
1.285969445475592998e+00,-1.603642126983638949e+00,2.244913788970757551e+00,-2.976819583305242656e+00,-1.370803861868173934e+00,-3.345793389972186116e+00
1.285655299265992646e+00,-1.603674551442620722e+00,2.244934168331729651e+00,-2.976761426283704548e+00,-1.370586389598510646e+00,-3.346024748973337903e+00
1.285341152925390418e+00,-1.603706904051469762e+00,2.244954466170397289e+00,-2.976703211161218832e+00,-1.370368926178627378e+00,-3.346256125672292470e+00
1.285027006460394139e+00,-1.603739184808882889e+00,2.244974682499033314e+00,-2.976644937966431925e+00,-1.370151471617767847e+00,-3.346487520073228250e+00
1.284712859877610303e+00,-1.603771393713557369e+00,2.244994817329913239e+00,-2.976586606727987583e+00,-1.369934025925177545e+00,-3.346718932180325901e+00
1.284398713183646512e+00,-1.603803530764190688e+00,2.245014870675309915e+00,-2.976528217474529558e+00,-1.369716589110099525e+00,-3.346950361997765633e+00
1.284084566385110149e+00,-1.603835595959480109e+00,2.245034842547496634e+00,-2.976469770234702938e+00,-1.369499161181779501e+00,-3.347181809529726326e+00
1.283770419488608372e+00,-1.603867589298122676e+00,2.245054732958748023e+00,-2.976411265037153253e+00,-1.369281742149460968e+00,-3.347413274780389081e+00
1.283456272500748563e+00,-1.603899510778815207e+00,2.245074541921337818e+00,-2.976352701910523813e+00,-1.369064332022388975e+00,-3.347644757753932776e+00
1.283142125428137659e+00,-1.603931360400255413e+00,2.245094269447539315e+00,-2.976294080883459703e+00,-1.368846930809807461e+00,-3.347876258454537179e+00
1.282827978277383485e+00,-1.603963138161140334e+00,2.245113915549626693e+00,-2.976235401984605566e+00,-1.368629538520961253e+00,-3.348107776886383391e+00
1.282513831055093201e+00,-1.603994844060167013e+00,2.245133480239873691e+00,-2.976176665242605157e+00,-1.368412155165094513e+00,-3.348339313053650734e+00
1.282199683767873521e+00,-1.604026478096033159e+00,2.245152963530553158e+00,-2.976117870686104450e+00,-1.368194780751451844e+00,-3.348570866960518089e+00
1.281885536422332050e+00,-1.604058040267435148e+00,2.245172365433941053e+00,-2.976059018343747642e+00,-1.367977415289277410e+00,-3.348802438611166554e+00
1.281571389025076169e+00,-1.604089530573071132e+00,2.245191685962309336e+00,-2.976000108244178044e+00,-1.367760058787815813e+00,-3.349034028009775898e+00
1.281257241582713480e+00,-1.604120949011637487e+00,2.245210925127932633e+00,-2.975941140416041186e+00,-1.367542711256311438e+00,-3.349265635160525445e+00
1.280943094101850699e+00,-1.604152295581831922e+00,2.245230082943084238e+00,-2.975882114887982155e+00,-1.367325372704008668e+00,-3.349497260067595406e+00
1.280628946589094985e+00,-1.604183570282351257e+00,2.245249159420038776e+00,-2.975823031688644704e+00,-1.367108043140152107e+00,-3.349728902735165548e+00
1.280314799051054386e+00,-1.604214773111892978e+00,2.245268154571069097e+00,-2.975763890846673920e+00,-1.366890722573985917e+00,-3.349960563167416083e+00
1.280000651494335395e+00,-1.604245904069154349e+00,2.245287068408448938e+00,-2.975704692390714001e+00,-1.366673411014754702e+00,-3.350192241368526780e+00
1.279686503925545393e+00,-1.604276963152832414e+00,2.245305900944453370e+00,-2.975645436349409145e+00,-1.366456108471702846e+00,-3.350423937342676961e+00
1.279372356351292428e+00,-1.604307950361624435e+00,2.245324652191354797e+00,-2.975586122751404439e+00,-1.366238814954074288e+00,-3.350655651094047283e+00
1.279058208778182992e+00,-1.604338865694227456e+00,2.245343322161427846e+00,-2.975526751625344968e+00,-1.366021530471114520e+00,-3.350887382626816624e+00
1.278744061212824246e+00,-1.604369709149338963e+00,2.245361910866945809e+00,-2.975467322999874487e+00,-1.365804255032067038e+00,-3.351119131945166529e+00
1.278429913661824013e+00,-1.604400480725655775e+00,2.245380418320182869e+00,-2.975407836903638081e+00,-1.365586988646176669e+00,-3.351350899053274990e+00
1.278115766131789455e+00,-1.604431180421875602e+00,2.245398844533412319e+00,-2.975348293365279506e+00,-1.365369731322687574e+00,-3.351582683955323549e+00
1.277801618629327729e+00,-1.604461808236695486e+00,2.245417189518909229e+00,-2.975288692413444736e+00,-1.365152483070844580e+00,-3.351814486655490644e+00
1.277487471161045995e+00,-1.604492364168812246e+00,2.245435453288946004e+00,-2.975229034076776635e+00,-1.364935243899891848e+00,-3.352046307157957372e+00
1.277173323733551635e+00,-1.604522848216923370e+00,2.245453635855796826e+00,-2.975169318383920736e+00,-1.364718013819073761e+00,-3.352278145466902615e+00
1.276859176353452252e+00,-1.604553260379725899e+00,2.245471737231735876e+00,-2.975109545363521679e+00,-1.364500792837634702e+00,-3.352510001586507471e+00
1.276545029027354561e+00,-1.604583600655917541e+00,2.245489757429036448e+00,-2.975049715044223664e+00,-1.364283580964819054e+00,-3.352741875520950376e+00
1.276230881761865943e+00,-1.604613869044194896e+00,2.245507696459972724e+00,-2.974989827454672220e+00,-1.364066378209871644e+00,-3.352973767274412431e+00
1.275916734563594224e+00,-1.604644065543255449e+00,2.245525554336817997e+00,-2.974929882623510657e+00,-1.363849184582036189e+00,-3.353205676851072514e+00
1.275602587439146118e+00,-1.604674190151796465e+00,2.245543331071846449e+00,-2.974869880579383619e+00,-1.363632000090557961e+00,-3.353437604255111726e+00
1.275288440395129008e+00,-1.604704242868515207e+00,2.245561026677332706e+00,-2.974809821350936634e+00,-1.363414824744680898e+00,-3.353669549490708501e+00
1.274974293438150275e+00,-1.604734223692108275e+00,2.245578641165548728e+00,-2.974749704966813901e+00,-1.363197658553649383e+00,-3.353901512562043941e+00
1.274660146574817077e+00,-1.604764132621273598e+00,2.245596174548769586e+00,-2.974689531455659619e+00,-1.362980501526708021e+00,-3.354133493473297367e+00
1.274345999811737018e+00,-1.604793969654707997e+00,2.245613626839268573e+00,-2.974629300846118429e+00,-1.362763353673100974e+00,-3.354365492228648105e+00
1.274031853155516814e+00,-1.604823734791108958e+00,2.245630998049320315e+00,-2.974569013166834530e+00,-1.362546215002072847e+00,-3.354597508832277697e+00
1.273717706612764067e+00,-1.604853428029173301e+00,2.245648288191197217e+00,-2.974508668446453896e+00,-1.362329085522868244e+00,-3.354829543288364135e+00
1.273403560190086159e+00,-1.604883049367598513e+00,2.245665497277174349e+00,-2.974448266713619837e+00,-1.362111965244731326e+00,-3.355061595601088964e+00
1.273089413894090249e+00,-1.604912598805081414e+00,2.245682625319524561e+00,-2.974387807996977440e+00,-1.361894854176906478e+00,-3.355293665774630618e+00
1.272775267731383275e+00,-1.604942076340320156e+00,2.245699672330522922e+00,-2.974327292325170902e+00,-1.361677752328638080e+00,-3.355525753813169754e+00
1.272461121708573284e+00,-1.604971481972010672e+00,2.245716638322442282e+00,-2.974266719726844865e+00,-1.361460659709170962e+00,-3.355757859720886582e+00
1.272146975832266769e+00,-1.605000815698851113e+00,2.245733523307555490e+00,-2.974206090230644417e+00,-1.361243576327749061e+00,-3.355989983501959983e+00
1.271832830109071555e+00,-1.605030077519538301e+00,2.245750327298138949e+00,-2.974145403865213755e+00,-1.361026502193617205e+00,-3.356222125160570613e+00
1.271518684545594580e+00,-1.605059267432769499e+00,2.245767050306463730e+00,-2.974084660659197077e+00,-1.360809437316019554e+00,-3.356454284700898683e+00
1.271204539148443224e+00,-1.605088385437241749e+00,2.245783692344805349e+00,-2.974023860641239470e+00,-1.360592381704200493e+00,-3.356686462127122628e+00
1.270890393924224870e+00,-1.605117431531652317e+00,2.245800253425436654e+00,-2.973963003839985575e+00,-1.360375335367404404e+00,-3.356918657443423548e+00
1.270576248879546899e+00,-1.605146405714698910e+00,2.245816733560632716e+00,-2.973902090284080035e+00,-1.360158298314876113e+00,-3.357150870653981656e+00
1.270262104021016025e+00,-1.605175307985077904e+00,2.245833132762665496e+00,-2.973841120002166161e+00,-1.359941270555860005e+00,-3.357383101762975830e+00
1.269947959355219869e+00,-1.605204138341482567e+00,2.245849451043806511e+00,-2.973780093022885485e+00,-1.359724252099586250e+00,-3.357615350774601826e+00
1.269633814881648615e+00,-1.605232896780935281e+00,2.245865688414776962e+00,-2.973719009373089417e+00,-1.359507242950460659e+00,-3.357847617698553666e+00
1.269319670582239379e+00,-1.605261583296330619e+00,2.245881844882474887e+00,-2.973657869075214233e+00,-1.359290243100952145e+00,-3.358079902558124719e+00
1.269005526436263187e+00,-1.605290197879936098e+00,2.245897920453217012e+00,-2.973596672151023412e+00,-1.359073252541718846e+00,-3.358312205378675586e+00
1.268691382422991509e+00,-1.605318740524018351e+00,2.245913915133320948e+00,-2.973535418622282211e+00,-1.358856271263417348e+00,-3.358544526185563761e+00
1.268377238521695816e+00,-1.605347211220844672e+00,2.245929828929102090e+00,-2.973474108510753666e+00,-1.358639299256704680e+00,-3.358776865004149847e+00
1.268063094711646910e+00,-1.605375609962682137e+00,2.245945661846877606e+00,-2.973412741838203033e+00,-1.358422336512238759e+00,-3.359009221859791783e+00
1.267748950972116040e+00,-1.605403936741798709e+00,2.245961413892964220e+00,-2.973351318626393791e+00,-1.358205383020675727e+00,-3.359241596777849281e+00
1.267434807282374898e+00,-1.605432191550460352e+00,2.245977085073678658e+00,-2.973289838897089865e+00,-1.357988438772673279e+00,-3.359473989783681613e+00
1.267120663621694066e+00,-1.605460374380935029e+00,2.245992675395337201e+00,-2.973228302672056067e+00,-1.357771503758888221e+00,-3.359706400902648493e+00
1.266806519969345235e+00,-1.605488485225489370e+00,2.246008184864257906e+00,-2.973166709973056321e+00,-1.357554577969978027e+00,-3.359938830160108303e+00
1.266492376304599654e+00,-1.605516524076390894e+00,2.246023613486755721e+00,-2.973105060821855439e+00,-1.357337661396599726e+00,-3.360171277581420313e+00
1.266178232606728349e+00,-1.605544490925906898e+00,2.246038961269148260e+00,-2.973043355240216457e+00,-1.357120754029410570e+00,-3.360403743191943793e+00
1.265864088855002789e+00,-1.605572385766304011e+00,2.246054228217752691e+00,-2.972981593249905075e+00,-1.356903855859067365e+00,-3.360636227017038458e+00
1.265549945028694001e+00,-1.605600208589850197e+00,2.246069414338884407e+00,-2.972919774872684329e+00,-1.356686966876227363e+00,-3.360868729082063133e+00
1.265235801107073454e+00,-1.605627959388811865e+00,2.246084519638861465e+00,-2.972857900130318587e+00,-1.356470087071547814e+00,-3.361101249412376202e+00
1.264921657069411953e+00,-1.605655638155456755e+00,2.246099544123999259e+00,-2.972795969044571773e+00,-1.356253216435685527e+00,-3.361333788033338710e+00
1.264607512894980967e+00,-1.605683244882051497e+00,2.246114487800615844e+00,-2.972733981637209588e+00,-1.356036354959297974e+00,-3.361566344970308151e+00
1.264293368563052189e+00,-1.605710779560863610e+00,2.246129350675026615e+00,-2.972671937929994179e+00,-1.355819502633042628e+00,-3.361798920248644684e+00
1.263979224052896200e+00,-1.605738242184160169e+00,2.246144132753549183e+00,-2.972609837944690803e+00,-1.355602659447575853e+00,-3.362031513893707135e+00
1.263665079343784470e+00,-1.605765632744208471e+00,2.246158834042499830e+00,-2.972547681703063827e+00,-1.355385825393555121e+00,-3.362264125930854330e+00
1.263350934414988469e+00,-1.605792951233275145e+00,2.246173454548195725e+00,-2.972485469226877175e+00,-1.355169000461637463e+00,-3.362496756385446428e+00
1.263036789245779223e+00,-1.605820197643627933e+00,2.246187994276953148e+00,-2.972423200537895216e+00,-1.354952184642480129e+00,-3.362729405282841810e+00
1.262722643815427981e+00,-1.605847371967533910e+00,2.246202453235088381e+00,-2.972360875657881429e+00,-1.354735377926740147e+00,-3.362962072648399747e+00
1.262408498103205767e+00,-1.605874474197260149e+00,2.246216831428919036e+00,-2.972298494608601516e+00,-1.354518580305074993e+00,-3.363194758507479509e+00
1.262094352088384275e+00,-1.605901504325073725e+00,2.246231128864760951e+00,-2.972236057411818066e+00,-1.354301791768141472e+00,-3.363427462885441255e+00
1.261780205750234751e+00,-1.605928462343241714e+00,2.246245345548931294e+00,-2.972173564089296338e+00,-1.354085012306596614e+00,-3.363660185807642478e+00
1.261466059068027779e+00,-1.605955348244031855e+00,2.246259481487747234e+00,-2.972111014662799811e+00,-1.353868241911097670e+00,-3.363892927299443336e+00
1.261151912021035271e+00,-1.605982162019710557e+00,2.246273536687524608e+00,-2.972048409154092852e+00,-1.353651480572301891e+00,-3.364125687386203101e+00
1.260837764588528032e+00,-1.606008903662545562e+00,2.246287511154580585e+00,-2.971985747584939830e+00,-1.353434728280866528e+00,-3.364358466093281042e+00
1.260523616749777309e+00,-1.606035573164803720e+00,2.246301404895231446e+00,-2.971923029977105557e+00,-1.353217985027448389e+00,-3.364591263446035541e+00
1.260209468484054796e+00,-1.606062170518752552e+00,2.246315217915794360e+00,-2.971860256352353069e+00,-1.353001250802704725e+00,-3.364824079469826756e+00
1.259895319770631517e+00,-1.606088695716658465e+00,2.246328950222585608e+00,-2.971797426732447178e+00,-1.352784525597292564e+00,-3.365056914190013959e+00
1.259581170588778498e+00,-1.606115148750789645e+00,2.246342601821922358e+00,-2.971734541139152252e+00,-1.352567809401869159e+00,-3.365289767631954643e+00
1.259267020917767432e+00,-1.606141529613412278e+00,2.246356172720121336e+00,-2.971671599594231772e+00,-1.352351102207091760e+00,-3.365522639821010298e+00
1.258952870736868901e+00,-1.606167838296794326e+00,2.246369662923497934e+00,-2.971608602119450993e+00,-1.352134404003617174e+00,-3.365755530782538418e+00
1.258638720025354374e+00,-1.606194074793202198e+00,2.246383072438370654e+00,-2.971545548736572950e+00,-1.351917714782102875e+00,-3.365988440541899163e+00
1.258324568762495099e+00,-1.606220239094904079e+00,2.246396401271055776e+00,-2.971482439467363346e+00,-1.351701034533206114e+00,-3.366221369124450913e+00
1.258010416927562991e+00,-1.606246331194165933e+00,2.246409649427868693e+00,-2.971419274333584326e+00,-1.351484363247583476e+00,-3.366454316555553827e+00
1.257696264499828409e+00,-1.606272351083255723e+00,2.246422816915127907e+00,-2.971356053357001592e+00,-1.351267700915892211e+00,-3.366687282860566288e+00
1.257382111458563045e+00,-1.606298298754440523e+00,2.246435903739148809e+00,-2.971292776559379512e+00,-1.351051047528789573e+00,-3.366920268064848010e+00
1.257067957783037704e+00,-1.606324174199987409e+00,2.246448909906249014e+00,-2.971229443962481120e+00,-1.350834403076933032e+00,-3.367153272193758262e+00
1.256753803452524298e+00,-1.606349977412163232e+00,2.246461835422744358e+00,-2.971166055588071675e+00,-1.350617767550979398e+00,-3.367386295272655428e+00
1.256439648446293411e+00,-1.606375708383235512e+00,2.246474680294951565e+00,-2.971102611457914211e+00,-1.350401140941585476e+00,-3.367619337326899664e+00
1.256125492743616734e+00,-1.606401367105471545e+00,2.246487444529188249e+00,-2.971039111593774429e+00,-1.350184523239409407e+00,-3.367852398381849355e+00
1.255811336323765293e+00,-1.606426953571138183e+00,2.246500128131770246e+00,-2.970975556017415364e+00,-1.349967914435107108e+00,-3.368085478462864213e+00
1.255497179166010335e+00,-1.606452467772502724e+00,2.246512731109014727e+00,-2.970911944750601830e+00,-1.349751314519336498e+00,-3.368318577595303509e+00
1.255183021249623110e+00,-1.606477909701832019e+00,2.246525253467237970e+00,-2.970848277815097305e+00,-1.349534723482754384e+00,-3.368551695804526513e+00
1.254868862553874864e+00,-1.606503279351394253e+00,2.246537695212757146e+00,-2.970784555232666602e+00,-1.349318141316018016e+00,-3.368784833115891164e+00
1.254554703058036846e+00,-1.606528576713455170e+00,2.246550056351888980e+00,-2.970720777025074089e+00,-1.349101568009784202e+00,-3.369017989554758508e+00
1.254240542741380304e+00,-1.606553801780282953e+00,2.246562336890949307e+00,-2.970656943214083245e+00,-1.348885003554711082e+00,-3.369251165146486926e+00
1.253926381583176486e+00,-1.606578954544144233e+00,2.246574536836256186e+00,-2.970593053821459328e+00,-1.348668447941454573e+00,-3.369484359916435245e+00
1.253612219562696639e+00,-1.606604034997306529e+00,2.246586656194125009e+00,-2.970529108868965817e+00,-1.348451901160672373e+00,-3.369717573889963180e+00
1.253298056659212234e+00,-1.606629043132036694e+00,2.246598694970873833e+00,-2.970465108378366637e+00,-1.348235363203021508e+00,-3.369950807092429113e+00
1.252983892851993852e+00,-1.606653978940602467e+00,2.246610653172817607e+00,-2.970401052371426154e+00,-1.348018834059159232e+00,-3.370184059549193645e+00
1.252669728120313186e+00,-1.606678842415270259e+00,2.246622530806274387e+00,-2.970336940869909625e+00,-1.347802313719742573e+00,-3.370417331285614715e+00
1.252355562443441706e+00,-1.606703633548307586e+00,2.246634327877560899e+00,-2.970272773895579199e+00,-1.347585802175429004e+00,-3.370650622327052481e+00
1.252041395800649992e+00,-1.606728352331981746e+00,2.246646044392992536e+00,-2.970208551470201019e+00,-1.347369299416874888e+00,-3.370883932698864882e+00
1.251727228171209960e+00,-1.606752998758559370e+00,2.246657680358887355e+00,-2.970144273615538122e+00,-1.347152805434737921e+00,-3.371117262426412076e+00
1.251413059534392413e+00,-1.606777572820308420e+00,2.246669235781562080e+00,-2.970079940353355319e+00,-1.346936320219675132e+00,-3.371350611535052888e+00
1.251098889869468822e+00,-1.606802074509495304e+00,2.246680710667332104e+00,-2.970015551705416978e+00,-1.346719843762343771e+00,-3.371583980050147478e+00
1.250784719155709990e+00,-1.606826503818387986e+00,2.246692105022515040e+00,-2.969951107693486136e+00,-1.346503376053400425e+00,-3.371817367997054227e+00
1.250470547372388053e+00,-1.606850860739252873e+00,2.246703418853427614e+00,-2.969886608339328493e+00,-1.346286917083503232e+00,-3.372050775401131517e+00
1.250156374498773371e+00,-1.606875145264357707e+00,2.246714652166386550e+00,-2.969822053664706640e+00,-1.346070466843308333e+00,-3.372284202287739951e+00
1.249842200514137414e+00,-1.606899357385969118e+00,2.246725804967708129e+00,-2.969757443691386722e+00,-1.345854025323473424e+00,-3.372517648682237468e+00
1.249528025397751874e+00,-1.606923497096354625e+00,2.246736877263709076e+00,-2.969692778441131331e+00,-1.345637592514655312e+00,-3.372751114609985112e+00
1.249213849128887333e+00,-1.606947564387781302e+00,2.246747869060707004e+00,-2.969628057935705279e+00,-1.345421168407511470e+00,-3.372984600096339936e+00
1.248899671686815704e+00,-1.606971559252516446e+00,2.246758780365017305e+00,-2.969563282196872045e+00,-1.345204752992698705e+00,-3.373218105166662095e+00
1.248585493050807571e+00,-1.606995481682826910e+00,2.246769611182957149e+00,-2.969498451246397330e+00,-1.344988346260874490e+00,-3.373451629846311306e+00
1.248271313200134403e+00,-1.607019331670980211e+00,2.246780361520843705e+00,-2.969433565106044171e+00,-1.344771948202695633e+00,-3.373685174160646394e+00
1.247957132114067669e+00,-1.607043109209242981e+00,2.246791031384993254e+00,-2.969368623797576490e+00,-1.344555558808819384e+00,-3.373918738135025741e+00
1.247642949771878174e+00,-1.607066814289883183e+00,2.246801620781722963e+00,-2.969303627342759988e+00,-1.344339178069902996e+00,-3.374152321794809506e+00
1.247328766152837609e+00,-1.607090446905167225e+00,2.246812129717348228e+00,-2.969238575763357701e+00,-1.344122805976603274e+00,-3.374385925165356515e+00
1.247014581236216779e+00,-1.607114007047362625e+00,2.246822558198187547e+00,-2.969173469081133998e+00,-1.343906442519577693e+00,-3.374619548272026481e+00
1.246700395001287598e+00,-1.607137494708736680e+00,2.246832906230556315e+00,-2.969108307317852802e+00,-1.343690087689483281e+00,-3.374853191140178232e+00
1.246386207427320647e+00,-1.607160909881556243e+00,2.246843173820771256e+00,-2.969043090495279369e+00,-1.343473741476977068e+00,-3.375086853795169706e+00
1.246072018493587397e+00,-1.607184252558088611e+00,2.246853360975149982e+00,-2.968977818635176291e+00,-1.343257403872716305e+00,-3.375320536262362836e+00
1.245757828179359095e+00,-1.607207522730601079e+00,2.246863467700008776e+00,-2.968912491759309269e+00,-1.343041074867358020e+00,-3.375554238567114229e+00
1.245443636463906767e+00,-1.607230720391360723e+00,2.246873494001663918e+00,-2.968847109889441782e+00,-1.342824754451559244e+00,-3.375787960734784487e+00
1.245129443326501884e+00,-1.607253845532634617e+00,2.246883439886432132e+00,-2.968781673047337755e+00,-1.342608442615977449e+00,-3.376021702790732437e+00
1.244815248746415914e+00,-1.607276898146690058e+00,2.246893305360631032e+00,-2.968716181254762443e+00,-1.342392139351269886e+00,-3.376255464760317349e+00
1.244501052702919441e+00,-1.607299878225793899e+00,2.246903090430576455e+00,-2.968650634533478883e+00,-1.342175844648093141e+00,-3.376489246668897604e+00
1.244186855175284379e+00,-1.607322785762213657e+00,2.246912795102585125e+00,-2.968585032905251886e+00,-1.341959558497104466e+00,-3.376723048541834249e+00
1.243872656161124635e+00,-1.607345620739795589e+00,2.246922419374047131e+00,-2.968519376389262110e+00,-1.341743280903185287e+00,-3.376956870393792443e+00
1.243558455760217285e+00,-1.607368383095484576e+00,2.246931963192637660e+00,-2.968453664990303498e+00,-1.341527011950443216e+00,-3.377190712179889420e+00
1.243244254107698898e+00,-1.607391072749992489e+00,2.246941426488822113e+00,-2.968387898708189088e+00,-1.341310751750403263e+00,-3.377424573834628685e+00
1.242930051338740460e+00,-1.607413689624016095e+00,2.246950809193051235e+00,-2.968322077542727921e+00,-1.341094500414618862e+00,-3.377658455292495532e+00
1.242615847588511624e+00,-1.607436233638251943e+00,2.246960111235775770e+00,-2.968256201493728597e+00,-1.340878258054643446e+00,-3.377892356487974368e+00
1.242301642992183597e+00,-1.607458704713396358e+00,2.246969332547444687e+00,-2.968190270561001043e+00,-1.340662024782029560e+00,-3.378126277355550044e+00
1.241987437684926698e+00,-1.607481102770145887e+00,2.246978473058509618e+00,-2.968124284744353414e+00,-1.340445800708330415e+00,-3.378360217829708745e+00
1.241673231801911914e+00,-1.607503427729197298e+00,2.246987532699419088e+00,-2.968058244043594307e+00,-1.340229585945098778e+00,-3.378594177844933988e+00
1.241359025478309119e+00,-1.607525679511246697e+00,2.246996511400624730e+00,-2.967992148458533208e+00,-1.340013380603887860e+00,-3.378828157335710625e+00
1.241044818849289078e+00,-1.607547858036990629e+00,2.247005409092576844e+00,-2.967925997988978715e+00,-1.339797184796250429e+00,-3.379062156236523506e+00
1.240730612050022774e+00,-1.607569963227125642e+00,2.247014225705723955e+00,-2.967859792634739868e+00,-1.339580998633739917e+00,-3.379296174481857928e+00
1.240416405215680307e+00,-1.607591995002348284e+00,2.247022961170517252e+00,-2.967793532395625711e+00,-1.339364822227908647e+00,-3.379530212006197853e+00
1.240102198481432660e+00,-1.607613953283355324e+00,2.247031615417407036e+00,-2.967727217271444395e+00,-1.339148655690310052e+00,-3.379764268744029021e+00
1.239787991982449933e+00,-1.607635837990842864e+00,2.247040188376844050e+00,-2.967660847262005852e+00,-1.338932499132497123e+00,-3.379998344629835838e+00
1.239473785853902887e+00,-1.607657649045507231e+00,2.247048679979276820e+00,-2.967594422367117790e+00,-1.338716352666022624e+00,-3.380232439598102712e+00
1.239159580230962066e+00,-1.607679386368045416e+00,2.247057090155157422e+00,-2.967527942586590584e+00,-1.338500216402439991e+00,-3.380466553583315381e+00
1.238845375248798009e+00,-1.607701049879153521e+00,2.247065418834934380e+00,-2.967461407920231498e+00,-1.338284090453301545e+00,-3.380700686519957365e+00
1.238531171042581702e+00,-1.607722639499528317e+00,2.247073665949058885e+00,-2.967394818367850906e+00,-1.338067974930160720e+00,-3.380934838342514404e+00
1.238216967747483022e+00,-1.607744155149866128e+00,2.247081831427980791e+00,-2.967328173929256518e+00,-1.337851869944570282e+00,-3.381169008985471791e+00
1.237902765498672508e+00,-1.607765596750863946e+00,2.247089915202150845e+00,-2.967261474604257820e+00,-1.337635775608083444e+00,-3.381403198383313047e+00
1.237588564431321370e+00,-1.607786964223217208e+00,2.247097917202018458e+00,-2.967194720392664298e+00,-1.337419692032253193e+00,-3.381637406470524354e+00
1.237274364680600147e+00,-1.607808257487623349e+00,2.247105837358034375e+00,-2.967127911294283660e+00,-1.337203619328632520e+00,-3.381871633181588788e+00
1.236960166381678716e+00,-1.607829476464778695e+00,2.247113675600648008e+00,-2.967061047308925392e+00,-1.336987557608773747e+00,-3.382105878450992531e+00
1.236645969669727840e+00,-1.607850621075379127e+00,2.247121431860310548e+00,-2.966994128436398093e+00,-1.336771506984231195e+00,-3.382340142213219991e+00
1.236331774679918505e+00,-1.607871691240121859e+00,2.247129106067471849e+00,-2.966927154676511247e+00,-1.336555467566556743e+00,-3.382574424402755575e+00
1.236017581547421251e+00,-1.607892686879703437e+00,2.247136698152581769e+00,-2.966860126029072564e+00,-1.336339439467303603e+00,-3.382808724954085466e+00
1.235703390407405955e+00,-1.607913607914819742e+00,2.247144208046090608e+00,-2.966793042493892418e+00,-1.336123422798024762e+00,-3.383043043801692740e+00
1.235389201395043601e+00,-1.607934454266167323e+00,2.247151635678449111e+00,-2.966725904070778963e+00,-1.335907417670273434e+00,-3.383277380880063134e+00
1.235075014645504954e+00,-1.607955225854443393e+00,2.247158980980106691e+00,-2.966658710759541240e+00,-1.335691424195602384e+00,-3.383511736123681057e+00
1.234760830293960554e+00,-1.607975922600343832e+00,2.247166243881513648e+00,-2.966591462559987846e+00,-1.335475442485564823e+00,-3.383746109467031804e+00
1.234446648475580721e+00,-1.607996544424564966e+00,2.247173424313120726e+00,-2.966524159471927824e+00,-1.335259472651713741e+00,-3.383980500844599781e+00
1.234132469325535775e+00,-1.608017091247804231e+00,2.247180522205377340e+00,-2.966456801495170659e+00,-1.335043514805601683e+00,-3.384214910190870285e+00
1.233818292978996922e+00,-1.608037562990757063e+00,2.247187537488734677e+00,-2.966389388629524060e+00,-1.334827569058782304e+00,-3.384449337440327721e+00
1.233504119571134039e+00,-1.608057959574120677e+00,2.247194470093642149e+00,-2.966321920874797957e+00,-1.334611635522807926e+00,-3.384683782527456497e+00
1.233189949237118554e+00,-1.608078280918590952e+00,2.247201319950549614e+00,-2.966254398230800504e+00,-1.334395714309231984e+00,-3.384918245386741908e+00
1.232875782112120122e+00,-1.608098526944864881e+00,2.247208086989908704e+00,-2.966186820697341187e+00,-1.334179805529607465e+00,-3.385152725952669694e+00
1.232561618331309727e+00,-1.608118697573638789e+00,2.247214771142167944e+00,-2.966119188274228602e+00,-1.333963909295487138e+00,-3.385387224159722486e+00
1.232247458029857912e+00,-1.608138792725609223e+00,2.247221372337778522e+00,-2.966051500961271792e+00,-1.333748025718423991e+00,-3.385621739942386910e+00
1.231933301342935216e+00,-1.608158812321472730e+00,2.247227890507189851e+00,-2.965983758758279354e+00,-1.333532154909971235e+00,-3.385856273235146929e+00
1.231619148405712183e+00,-1.608178756281925414e+00,2.247234325580853564e+00,-2.965915961665060330e+00,-1.333316296981681637e+00,-3.386090823972487840e+00
1.231304999353359353e+00,-1.608198624527664045e+00,2.247240677489218630e+00,-2.965848109681424205e+00,-1.333100452045108630e+00,-3.386325392088894048e+00
1.230990854321047268e+00,-1.608218416979385612e+00,2.247246946162735348e+00,-2.965780202807179577e+00,-1.332884620211804094e+00,-3.386559977518850850e+00
1.230676713443946912e+00,-1.608238133557785554e+00,2.247253131531854020e+00,-2.965712241042134156e+00,-1.332668801593322572e+00,-3.386794580196842652e+00
1.230362576857228163e+00,-1.608257774183561084e+00,2.247259233527025390e+00,-2.965644224386097871e+00,-1.332452996301215720e+00,-3.387029200057353862e+00
1.230048444696062004e+00,-1.608277338777408971e+00,2.247265252078698428e+00,-2.965576152838879764e+00,-1.332237204447037193e+00,-3.387263837034870217e+00
1.229734317095618534e+00,-1.608296827260024875e+00,2.247271187117325209e+00,-2.965508026400288433e+00,-1.332021426142339982e+00,-3.387498491063876127e+00
1.229420194191069182e+00,-1.608316239552105786e+00,2.247277038573353813e+00,-2.965439845070133362e+00,-1.331805661498676852e+00,-3.387733162078855997e+00
1.229106076117583601e+00,-1.608335575574348253e+00,2.247282806377235431e+00,-2.965371608848222262e+00,-1.331589910627600792e+00,-3.387967850014295568e+00
1.228791963010332777e+00,-1.608354835247448600e+00,2.247288490459421251e+00,-2.965303317734364619e+00,-1.331374173640664793e+00,-3.388202554804678357e+00
1.228477855004487251e+00,-1.608374018492103374e+00,2.247294090750359796e+00,-2.965234971728369473e+00,-1.331158450649422065e+00,-3.388437276384490549e+00
1.228163752235217565e+00,-1.608393125229009124e+00,2.247299607180501813e+00,-2.965166570830045867e+00,-1.330942741765425152e+00,-3.388672014688215661e+00
1.227849654837694482e+00,-1.608412155378862174e+00,2.247305039680297600e+00,-2.965098115039202398e+00,-1.330727047100227489e+00,-3.388906769650338990e+00
1.227535562947088321e+00,-1.608431108862359071e+00,2.247310388180197016e+00,-2.965029604355648107e+00,-1.330511366765382064e+00,-3.389141541205346719e+00
1.227221476698569402e+00,-1.608449985600196364e+00,2.247315652610650805e+00,-2.964961038779191593e+00,-1.330295700872441644e+00,-3.389376329287721035e+00
1.226907396227308711e+00,-1.608468785513070598e+00,2.247320832902108823e+00,-2.964892418309641897e+00,-1.330080049532959219e+00,-3.389611133831949452e+00
1.226593321668476566e+00,-1.608487508521678100e+00,2.247325928985021370e+00,-2.964823742946807617e+00,-1.329864412858487999e+00,-3.389845954772514158e+00
1.226279253157243954e+00,-1.608506154546715639e+00,2.247330940789838305e+00,-2.964755012690498237e+00,-1.329648790960580751e+00,-3.390080792043901781e+00
1.225965190828780749e+00,-1.608524723508879761e+00,2.247335868247010371e+00,-2.964686227540522800e+00,-1.329433183950790243e+00,-3.390315645580596726e+00
1.225651134818257937e+00,-1.608543215328866127e+00,2.247340711286987869e+00,-2.964617387496689460e+00,-1.329217591940669907e+00,-3.390550515317083846e+00
1.225337085260845837e+00,-1.608561629927372616e+00,2.247345469840220211e+00,-2.964548492558807258e+00,-1.329002015041772733e+00,-3.390785401187847548e+00
1.225023042291715436e+00,-1.608579967225094220e+00,2.247350143837158143e+00,-2.964479542726685679e+00,-1.328786453365651488e+00,-3.391020303127372681e+00
1.224709006046036830e+00,-1.608598227142728820e+00,2.247354733208251520e+00,-2.964410538000133322e+00,-1.328570907023859160e+00,-3.391255221070144543e+00
1.224394976658980783e+00,-1.608616409600971853e+00,2.247359237883951089e+00,-2.964341478378958783e+00,-1.328355376127949183e+00,-3.391490154950647540e+00
1.224080954265717835e+00,-1.608634514520520309e+00,2.247363657794706260e+00,-2.964272363862971105e+00,-1.328139860789473214e+00,-3.391725104703366966e+00
1.223766939001418752e+00,-1.608652541822070736e+00,2.247367992870967779e+00,-2.964203194451978884e+00,-1.327924361119986019e+00,-3.391960070262786786e+00
1.223452931001253852e+00,-1.608670491426319460e+00,2.247372243043185502e+00,-2.964133970145791608e+00,-1.327708877231039475e+00,-3.392195051563392294e+00
1.223138930400393676e+00,-1.608688363253962805e+00,2.247376408241809731e+00,-2.964064690944218317e+00,-1.327493409234187016e+00,-3.392430048539668785e+00
1.222824937334008544e+00,-1.608706157225697542e+00,2.247380488397291654e+00,-2.963995356847066720e+00,-1.327277957240981188e+00,-3.392665061126100223e+00
1.222510951937269663e+00,-1.608723873262220438e+00,2.247384483440079794e+00,-2.963925967854146748e+00,-1.327062521362975200e+00,-3.392900089257171459e+00
1.222196974345347353e+00,-1.608741511284227377e+00,2.247388393300624898e+00,-2.963856523965266998e+00,-1.326847101711722265e+00,-3.393135132867368231e+00
1.221883004693411934e+00,-1.608759071212415126e+00,2.247392217909377266e+00,-2.963787025180236956e+00,-1.326631698398775150e+00,-3.393370191891174059e+00
1.221569043116633724e+00,-1.608776552967480233e+00,2.247395957196787641e+00,-2.963717471498864775e+00,-1.326416311535687065e+00,-3.393605266263074682e+00
1.221255089750184153e+00,-1.608793956470119024e+00,2.247399611093304994e+00,-2.963647862920959497e+00,-1.326200941234010333e+00,-3.393840355917554952e+00
1.220941144729232875e+00,-1.608811281641028046e+00,2.247403179529380957e+00,-2.963578199446329275e+00,-1.325985587605298832e+00,-3.394075460789099274e+00
1.220627208188951540e+00,-1.608828528400904068e+00,2.247406662435464941e+00,-2.963508481074784484e+00,-1.325770250761105107e+00,-3.394310580812192502e+00
1.220313280264509581e+00,-1.608845696670443415e+00,2.247410059742007249e+00,-2.963438707806133277e+00,-1.325554930812981924e+00,-3.394545715921319040e+00
1.219999361091077983e+00,-1.608862786370342191e+00,2.247413371379457736e+00,-2.963368879640184250e+00,-1.325339627872482717e+00,-3.394780866050964629e+00
1.219685450803827287e+00,-1.608879797421297830e+00,2.247416597278266703e+00,-2.963298996576746891e+00,-1.325124342051160253e+00,-3.395016031135613677e+00
1.219371549537928257e+00,-1.608896729744005771e+00,2.247419737368884451e+00,-2.963229058615629796e+00,-1.324909073460567743e+00,-3.395251211109750589e+00
1.219057657428551211e+00,-1.608913583259162783e+00,2.247422791581761281e+00,-2.963159065756641564e+00,-1.324693822212257510e+00,-3.395486405907860661e+00
1.218743774610040687e+00,-1.608930357887088380e+00,2.247425759846816362e+00,-2.963089017998938424e+00,-1.324478588417334235e+00,-3.395721615465259191e+00
1.218429901126683035e+00,-1.608947053506937008e+00,2.247428642036000568e+00,-2.963018915270441145e+00,-1.324263372137949313e+00,-3.395956839807850347e+00
1.218116036852952000e+00,-1.608963669920246087e+00,2.247431437911968199e+00,-2.962948757364751717e+00,-1.324048173343948420e+00,-3.396192079132347885e+00
1.217802181644502157e+00,-1.608980206919950806e+00,2.247434147225258361e+00,-2.962878544060586705e+00,-1.323832991994949415e+00,-3.396427333654396197e+00
1.217488335356988305e+00,-1.608996664298986801e+00,2.247436769726411043e+00,-2.962808275136663561e+00,-1.323617828050569711e+00,-3.396662603589639229e+00
1.217174497846065684e+00,-1.609013041850289483e+00,2.247439305165966239e+00,-2.962737950371698847e+00,-1.323402681470426501e+00,-3.396897889153721373e+00
1.216860668967389980e+00,-1.609029339366793820e+00,2.247441753294464384e+00,-2.962667569544410462e+00,-1.323187552214137419e+00,-3.397133190562285243e+00
1.216546848576614881e+00,-1.609045556641435892e+00,2.247444113862445469e+00,-2.962597132433514080e+00,-1.322972440241319436e+00,-3.397368508030975676e+00
1.216233036529395850e+00,-1.609061693467150889e+00,2.247446386620449044e+00,-2.962526638817728042e+00,-1.322757345511590188e+00,-3.397603841775435729e+00
1.215919232681388129e+00,-1.609077749636874000e+00,2.247448571319015986e+00,-2.962456088475768023e+00,-1.322542267984567088e+00,-3.397839192011310239e+00
1.215605436888246738e+00,-1.609093724943540860e+00,2.247450667708685845e+00,-2.962385481186351921e+00,-1.322327207619867329e+00,-3.398074558954241819e+00
1.215291649005626251e+00,-1.609109619180087325e+00,2.247452675539998612e+00,-2.962314816728196742e+00,-1.322112164377108545e+00,-3.398309942819875751e+00
1.214977868889182133e+00,-1.609125432139448364e+00,2.247454594563494723e+00,-2.962244094880018608e+00,-1.321897138215907930e+00,-3.398545343823854648e+00
1.214664096394568960e+00,-1.609141163614559611e+00,2.247456424529713281e+00,-2.962173315420535413e+00,-1.321682129095882896e+00,-3.398780762181823345e+00
1.214350331377441750e+00,-1.609156813398356478e+00,2.247458165189195611e+00,-2.962102478128464167e+00,-1.321467136976650636e+00,-3.399016198109425346e+00
1.214036573693455523e+00,-1.609172381283774378e+00,2.247459816292480372e+00,-2.962031582782520989e+00,-1.321252161817828785e+00,-3.399251651822303710e+00
1.213722823198265743e+00,-1.609187867063748500e+00,2.247461377590108889e+00,-2.961960629161423331e+00,-1.321037203579034758e+00,-3.399487123536104161e+00
1.213409079747526542e+00,-1.609203270531214702e+00,2.247462848832620264e+00,-2.961889617043888201e+00,-1.320822262219885745e+00,-3.399722613466468424e+00
1.213095343196893605e+00,-1.609218591479108174e+00,2.247464229770555377e+00,-2.961818546208632608e+00,-1.320607337699999384e+00,-3.399958121829041779e+00
1.212781613402021508e+00,-1.609233829700364549e+00,2.247465520154453777e+00,-2.961747416434374003e+00,-1.320392429978992421e+00,-3.400193648839467286e+00
1.212467890218565714e+00,-1.609248984987919018e+00,2.247466719734855012e+00,-2.961676227499828062e+00,-1.320177539016483159e+00,-3.400429194713389336e+00
1.212154173502180576e+00,-1.609264057134707437e+00,2.247467828262300404e+00,-2.961604979183713127e+00,-1.319962664772088123e+00,-3.400664759666451431e+00
1.211840463108521337e+00,-1.609279045933664998e+00,2.247468845487329059e+00,-2.961533671264745315e+00,-1.319747807205425172e+00,-3.400900343914297519e+00
1.211526758893243239e+00,-1.609293951177727111e+00,2.247469771160481411e+00,-2.961462303521642525e+00,-1.319532966276111718e+00,-3.401135947672571991e+00
1.211213060712000855e+00,-1.609308772659829190e+00,2.247470605032297009e+00,-2.961390875733120875e+00,-1.319318141943764733e+00,-3.401371571156917906e+00
1.210899368420449429e+00,-1.609323510172906646e+00,2.247471346853316287e+00,-2.961319387677897375e+00,-1.319103334168002295e+00,-3.401607214582979655e+00
1.210585681874243980e+00,-1.609338163509895336e+00,2.247471996374079239e+00,-2.961247839134689475e+00,-1.318888542908440931e+00,-3.401842878166400741e+00
1.210272000929039304e+00,-1.609352732463729785e+00,2.247472553345125412e+00,-2.961176229882214628e+00,-1.318673768124698276e+00,-3.402078562122825556e+00
1.209958325440490423e+00,-1.609367216827346292e+00,2.247473017516996130e+00,-2.961104559699188510e+00,-1.318459009776392188e+00,-3.402314266667897158e+00
1.209644655264252133e+00,-1.609381616393680492e+00,2.247473388640230052e+00,-2.961032828364329017e+00,-1.318244267823139637e+00,-3.402549992017259939e+00
1.209330990255980121e+00,-1.609395930955666909e+00,2.247473666465368947e+00,-2.960961035656352269e+00,-1.318029542224558037e+00,-3.402785738386557401e+00
1.209017330271328516e+00,-1.609410160306241844e+00,2.247473850742950141e+00,-2.960889181353976163e+00,-1.317814832940264802e+00,-3.403021505991433937e+00
1.208703675165953006e+00,-1.609424304238340042e+00,2.247473941223516292e+00,-2.960817265235917262e+00,-1.317600139929877345e+00,-3.403257295047533049e+00
1.208390024795507944e+00,-1.609438362544897583e+00,2.247473937657606058e+00,-2.960745287080893018e+00,-1.317385463153012859e+00,-3.403493105770498683e+00
1.208076379015648794e+00,-1.609452335018849212e+00,2.247473839795759876e+00,-2.960673246667619996e+00,-1.317170802569288979e+00,-3.403728938375974344e+00
1.207762737682030130e+00,-1.609466221453131007e+00,2.247473647388517737e+00,-2.960601143774815203e+00,-1.316956158138322897e+00,-3.403964793079604423e+00
1.207449100650307416e+00,-1.609480021640677716e+00,2.247473360186419633e+00,-2.960528978181195647e+00,-1.316741529819732026e+00,-3.404200670097032866e+00
1.207135467776135229e+00,-1.609493735374425860e+00,2.247472977940006000e+00,-2.960456749665478338e+00,-1.316526917573133781e+00,-3.404436569643902732e+00
1.206821838915168810e+00,-1.609507362447309964e+00,2.247472500399815942e+00,-2.960384458006380282e+00,-1.316312321358145798e+00,-3.404672491935858858e+00
1.206508213923062733e+00,-1.609520902652265661e+00,2.247471927316390783e+00,-2.960312102982618043e+00,-1.316097741134384824e+00,-3.404908437188544301e+00
1.206194592655472908e+00,-1.609534355782228809e+00,2.247471258440269626e+00,-2.960239684372909519e+00,-1.315883176861468939e+00,-3.405144405617603010e+00
1.205880974968053021e+00,-1.609547721630134376e+00,2.247470493521992463e+00,-2.960167201955970828e+00,-1.315668628499014892e+00,-3.405380397438679374e+00
1.205567360716459202e+00,-1.609560999988918217e+00,2.247469632312100174e+00,-2.960094655510519424e+00,-1.315454096006640761e+00,-3.405616412867416898e+00
1.205253749756345805e+00,-1.609574190651515080e+00,2.247468674561131863e+00,-2.960022044815272313e+00,-1.315239579343962850e+00,-3.405852452119459528e+00
1.204940141943367848e+00,-1.609587293410861042e+00,2.247467620019628409e+00,-2.959949369648946504e+00,-1.315025078470599462e+00,-3.406088515410451212e+00
1.204626537133180575e+00,-1.609600308059891294e+00,2.247466468438128917e+00,-2.959876629790258562e+00,-1.314810593346168011e+00,-3.406324602956035452e+00
1.204312935181438782e+00,-1.609613234391541470e+00,2.247465219567174266e+00,-2.959803825017925938e+00,-1.314596123930285243e+00,-3.406560714971856640e+00
1.203999335943797266e+00,-1.609626072198746982e+00,2.247463873157304448e+00,-2.959730955110665196e+00,-1.314381670182569239e+00,-3.406796851673557835e+00
1.203685739275911493e+00,-1.609638821274443021e+00,2.247462428959059011e+00,-2.959658019847193788e+00,-1.314167232062636526e+00,-3.407033013276783429e+00
1.203372145033436258e+00,-1.609651481411565443e+00,2.247460886722978390e+00,-2.959585019006228279e+00,-1.313952809530104959e+00,-3.407269199997176923e+00
1.203058553072026138e+00,-1.609664052403049217e+00,2.247459246199602134e+00,-2.959511952366485232e+00,-1.313738402544592399e+00,-3.407505412050383153e+00
1.202744963247337040e+00,-1.609676534041829976e+00,2.247457507139470678e+00,-2.959438819706682544e+00,-1.313524011065715369e+00,-3.407741649652044735e+00
1.202431375415022874e+00,-1.609688926120843355e+00,2.247455669293124458e+00,-2.959365620805537223e+00,-1.313309635053091950e+00,-3.407977913017806504e+00
1.202117789430739103e+00,-1.609701228433024767e+00,2.247453732411102578e+00,-2.959292355441765832e+00,-1.313095274466338891e+00,-3.408214202363311518e+00
1.201804205150140969e+00,-1.609713440771309179e+00,2.247451696243945918e+00,-2.959219023394085379e+00,-1.312880929265073826e+00,-3.408450517904204169e+00
1.201490622428883048e+00,-1.609725562928632669e+00,2.247449560542194469e+00,-2.959145624441212874e+00,-1.312666599408914170e+00,-3.408686859856128404e+00
1.201177041122620581e+00,-1.609737594697930207e+00,2.247447325056387779e+00,-2.959072158361865323e+00,-1.312452284857477336e+00,-3.408923228434727726e+00
1.200863461087008366e+00,-1.609749535872137649e+00,2.247444989537065396e+00,-2.958998624934759736e+00,-1.312237985570380738e+00,-3.409159623855646082e+00
1.200549882177701644e+00,-1.609761386244190184e+00,2.247442553734769088e+00,-2.958925023938613563e+00,-1.312023701507241569e+00,-3.409396046334527419e+00
1.200236304250354991e+00,-1.609773145607023448e+00,2.247440017400037071e+00,-2.958851355152142482e+00,-1.311809432627677463e+00,-3.409632496087015241e+00
1.199922727160623648e+00,-1.609784813753572408e+00,2.247437380283410668e+00,-2.958777618354064387e+00,-1.311595178891305391e+00,-3.409868973328753938e+00
1.199609150764162635e+00,-1.609796390476772920e+00,2.247434642135429428e+00,-2.958703813323096732e+00,-1.311380940257742989e+00,-3.410105478275387014e+00
1.199295574916626750e+00,-1.609807875569560620e+00,2.247431802706633341e+00,-2.958629939837955636e+00,-1.311166716686607892e+00,-3.410342011142557972e+00
1.198981999473671234e+00,-1.609819268824870253e+00,2.247428861747562845e+00,-2.958555997677358995e+00,-1.310952508137517070e+00,-3.410578572145911647e+00
1.198668424290950885e+00,-1.609830570035638120e+00,2.247425819008757042e+00,-2.958481986620022486e+00,-1.310738314570088159e+00,-3.410815161501091097e+00
1.198354849224120944e+00,-1.609841778994798966e+00,2.247422674240757257e+00,-2.958407906444664004e+00,-1.310524135943938129e+00,-3.411051779423740715e+00
1.198041274128835765e+00,-1.609852895495288649e+00,2.247419427194102148e+00,-2.958333756930000114e+00,-1.310309972218684837e+00,-3.411288426129503559e+00
1.197727698860751033e+00,-1.609863919330042359e+00,2.247416077619333485e+00,-2.958259537854748267e+00,-1.310095823353945477e+00,-3.411525101834024465e+00
1.197414123275521547e+00,-1.609874850291995729e+00,2.247412625266989483e+00,-2.958185248997625028e+00,-1.309881689309337238e+00,-3.411761806752946935e+00
1.197100547228801881e+00,-1.609885688174084173e+00,2.247409069887611466e+00,-2.958110890137348292e+00,-1.309667570044477980e+00,-3.411998541101914473e+00
1.196786970576247500e+00,-1.609896432769242880e+00,2.247405411231739425e+00,-2.958036461052633737e+00,-1.309453465518984672e+00,-3.412235305096571469e+00
1.196473393173512978e+00,-1.609907083870407929e+00,2.247401649049912020e+00,-2.957961961522198813e+00,-1.309239375692474505e+00,-3.412472098952560984e+00
1.196159814876254002e+00,-1.609917641270513844e+00,2.247397783092671020e+00,-2.957887391324760529e+00,-1.309025300524565338e+00,-3.412708922885527851e+00
1.195846235540124480e+00,-1.609928104762496703e+00,2.247393813110555527e+00,-2.957812750239036337e+00,-1.308811239974874363e+00,-3.412945777111115575e+00
1.195532655020780322e+00,-1.609938474139291920e+00,2.247389738854105978e+00,-2.957738038043742801e+00,-1.308597194003018993e+00,-3.413182661844967658e+00
1.195219073173876323e+00,-1.609948749193834905e+00,2.247385560073861477e+00,-2.957663254517596485e+00,-1.308383162568616420e+00,-3.413419577302728047e+00
1.194905489855067282e+00,-1.609958929719060849e+00,2.247381276520363791e+00,-2.957588399439314841e+00,-1.308169145631284502e+00,-3.413656523700041134e+00
1.194591904920007996e+00,-1.609969015507905610e+00,2.247376887944151136e+00,-2.957513472587615322e+00,-1.307955143150639987e+00,-3.413893501252549978e+00
1.194278318224353930e+00,-1.609979006353304154e+00,2.247372394095765724e+00,-2.957438473741214491e+00,-1.307741155086300511e+00,-3.414130510175898969e+00
1.193964729623842258e+00,-1.609988902048224535e+00,2.247367794725785739e+00,-2.957363402678877318e+00,-1.307527181397934113e+00,-3.414367550685658337e+00
1.193651139016957075e+00,-1.609998702402354542e+00,2.247363089605992847e+00,-2.957288259204253755e+00,-1.307313222071351477e+00,-3.414604622959326097e+00
1.193337546414712014e+00,-1.610008407269399200e+00,2.247358278563966305e+00,-2.957213043186504020e+00,-1.307099277161184681e+00,-3.414841727074176880e+00
1.193023951846416963e+00,-1.610018016510218253e+00,2.247353361436361219e+00,-2.957137754505439808e+00,-1.306885346733255293e+00,-3.415078863091188133e+00
1.192710355341381590e+00,-1.610027529985673223e+00,2.247348338059832695e+00,-2.957062393040871928e+00,-1.306671430853385329e+00,-3.415316031071337299e+00
1.192396756928916224e+00,-1.610036947556625186e+00,2.247343208271034065e+00,-2.956986958672612520e+00,-1.306457529587397026e+00,-3.415553231075603602e+00
1.192083156638331420e+00,-1.610046269083935000e+00,2.247337971906621767e+00,-2.956911451280472392e+00,-1.306243643001111732e+00,-3.415790463164964041e+00
1.191769554498936845e+00,-1.610055494428463296e+00,2.247332628803249133e+00,-2.956835870744263683e+00,-1.306029771160351682e+00,-3.416027727400397396e+00
1.191455950540042830e+00,-1.610064623451071375e+00,2.247327178797571712e+00,-2.956760216943797204e+00,-1.305815914130938893e+00,-3.416265023842880666e+00
1.191142344790959262e+00,-1.610073656012620313e+00,2.247321621726243723e+00,-2.956684489758885093e+00,-1.305602071978694712e+00,-3.416502352553392630e+00
1.190828737280996696e+00,-1.610082591973970745e+00,2.247315957425918942e+00,-2.956608689069338158e+00,-1.305388244769441819e+00,-3.416739713592910732e+00
1.190515128039464576e+00,-1.610091431195983525e+00,2.247310185733253363e+00,-2.956532814754968097e+00,-1.305174432569001564e+00,-3.416977107022413307e+00
1.190201517095673900e+00,-1.610100173539520174e+00,2.247304306484901204e+00,-2.956456866695586605e+00,-1.304960635443195960e+00,-3.417214532902878243e+00
1.189887904478933667e+00,-1.610108818865441327e+00,2.247298319517516241e+00,-2.956380844771005822e+00,-1.304746853457846800e+00,-3.417451991295282987e+00
1.189574290218555097e+00,-1.610117367034607616e+00,2.247292224667754024e+00,-2.956304748861035669e+00,-1.304533086678776543e+00,-3.417689482260606759e+00
1.189260674343847857e+00,-1.610125817907880563e+00,2.247286021772269216e+00,-2.956228578845489174e+00,-1.304319335171806316e+00,-3.417927005859825673e+00
1.188947056884122055e+00,-1.610134171346120802e+00,2.247279710667715591e+00,-2.956152334604176701e+00,-1.304105599002758575e+00,-3.418164562153919395e+00
1.188633437868687803e+00,-1.610142427210189409e+00,2.247273291190749145e+00,-2.956076016016909946e+00,-1.303891878237454893e+00,-3.418402151203864925e+00
1.188319817326854988e+00,-1.610150585360947018e+00,2.247266763178023208e+00,-2.955999622963500606e+00,-1.303678172941717728e+00,-3.418639773070640597e+00
1.188006195287934386e+00,-1.610158645659254928e+00,2.247260126466192887e+00,-2.955923155323760376e+00,-1.303464483181368205e+00,-3.418877427815224301e+00
1.187692571781235662e+00,-1.610166607965974217e+00,2.247253380891912844e+00,-2.955846612977500509e+00,-1.303250809022228784e+00,-3.419115115498593482e+00
1.187378946836068927e+00,-1.610174472141965740e+00,2.247246526291837743e+00,-2.955769995804531813e+00,-1.303037150530121036e+00,-3.419352836181727362e+00
1.187065320481744291e+00,-1.610182238048090131e+00,2.247239562502622690e+00,-2.955693303684666873e+00,-1.302823507770867417e+00,-3.419590589925602497e+00
1.186751692747572084e+00,-1.610189905545208688e+00,2.247232489360920571e+00,-2.955616536497716496e+00,-1.302609880810289056e+00,-3.419828376791198110e+00
1.186438063662862197e+00,-1.610197474494182268e+00,2.247225306703387826e+00,-2.955539694123492822e+00,-1.302396269714208188e+00,-3.420066196839491646e+00
1.186124433256924737e+00,-1.610204944755871725e+00,2.247218014366678673e+00,-2.955462776441806216e+00,-1.302182674548446828e+00,-3.420304050131460105e+00
1.185810801559070260e+00,-1.610212316191138138e+00,2.247210612187447776e+00,-2.955385783332469707e+00,-1.301969095378827213e+00,-3.420541936728082710e+00
1.185497168598608209e+00,-1.610219588660842360e+00,2.247203100002348908e+00,-2.955308714675293214e+00,-1.301755532271170468e+00,-3.420779856690337350e+00
1.185183534404849359e+00,-1.610226762025845915e+00,2.247195477648038064e+00,-2.955231570350088877e+00,-1.301541985291299053e+00,-3.421017810079201471e+00
1.184869899007103378e+00,-1.610233836147008768e+00,2.247187744961168576e+00,-2.955154350236668392e+00,-1.301328454505034538e+00,-3.421255796955652961e+00
1.184556262434680596e+00,-1.610240810885192664e+00,2.247179901778395994e+00,-2.955077054214843013e+00,-1.301114939978199381e+00,-3.421493817380670599e+00
1.184242624716890901e+00,-1.610247686101258013e+00,2.247171947936374536e+00,-2.954999682164423991e+00,-1.300901441776614709e+00,-3.421731871415231829e+00
1.183928985883044849e+00,-1.610254461656066116e+00,2.247163883271757978e+00,-2.954922233965223022e+00,-1.300687959966102980e+00,-3.421969959120314098e+00
1.183615345962452325e+00,-1.610261137410478050e+00,2.247155707621203202e+00,-2.954844709497051802e+00,-1.300474494612485765e+00,-3.422208080556896626e+00
1.183301704984423441e+00,-1.610267713225354447e+00,2.247147420821363095e+00,-2.954767108639721584e+00,-1.300261045781585523e+00,-3.422446235785955970e+00
1.182988062978268307e+00,-1.610274188961556385e+00,2.247139022708891876e+00,-2.954689431273044065e+00,-1.300047613539223157e+00,-3.422684424868470465e+00
1.182674419973296809e+00,-1.610280564479944942e+00,2.247130513120445983e+00,-2.954611677276830495e+00,-1.299834197951222015e+00,-3.422922647865418888e+00
1.182360775998819724e+00,-1.610286839641380752e+00,2.247121891892678747e+00,-2.954533846530892127e+00,-1.299620799083402556e+00,-3.423160904837779128e+00
1.182047131084146496e+00,-1.610293014306725112e+00,2.247113158862245275e+00,-2.954455938915041102e+00,-1.299407417001587461e+00,-3.423399195846527743e+00
1.181733485258587457e+00,-1.610299088336838658e+00,2.247104313865799785e+00,-2.954377954309088228e+00,-1.299194051771598524e+00,-3.423637520952643509e+00
1.181419838551452939e+00,-1.610305061592582909e+00,2.247095356739996941e+00,-2.954299892592845644e+00,-1.298980703459257535e+00,-3.423875880217105649e+00
1.181106190992052829e+00,-1.610310933934818278e+00,2.247086287321491405e+00,-2.954221753646123716e+00,-1.298767372130386510e+00,-3.424114273700890276e+00
1.180792542609697238e+00,-1.610316705224405842e+00,2.247077105446937839e+00,-2.954143537348735471e+00,-1.298554057850807242e+00,-3.424352701464975723e+00
1.180478893433696275e+00,-1.610322375322206678e+00,2.247067810952991795e+00,-2.954065243580490829e+00,-1.298340760686341966e+00,-3.424591163570341212e+00
1.180165243493360494e+00,-1.610327944089081642e+00,2.247058403676306604e+00,-2.953986872221202375e+00,-1.298127480702811809e+00,-3.424829660077963300e+00
1.179851592817999340e+00,-1.610333411385891811e+00,2.247048883453537371e+00,-2.953908423150680918e+00,-1.297914217966039674e+00,-3.425068191048820321e+00
1.179537941436923587e+00,-1.610338777073498040e+00,2.247039250121339204e+00,-2.953829896248738596e+00,-1.297700972541846687e+00,-3.425306756543891051e+00
1.179224289379442903e+00,-1.610344041012761185e+00,2.247029503516365878e+00,-2.953751291395186662e+00,-1.297487744496055306e+00,-3.425545356624151605e+00
1.178910636674867618e+00,-1.610349203064542323e+00,2.247019643475272499e+00,-2.953672608469835925e+00,-1.297274533894487103e+00,-3.425783991350582092e+00
1.178596983352507621e+00,-1.610354263089702753e+00,2.247009669834713730e+00,-2.953593847352498969e+00,-1.297061340802964091e+00,-3.426022660784159068e+00
1.178283329441673466e+00,-1.610359220949102443e+00,2.246999582431343789e+00,-2.953515007922987046e+00,-1.296848165287308063e+00,-3.426261364985861313e+00
1.177969674971674818e+00,-1.610364076503603581e+00,2.246989381101817784e+00,-2.953436090061110519e+00,-1.296635007413341034e+00,-3.426500104016665826e+00
1.177656019971822010e+00,-1.610368829614066133e+00,2.246979065682789933e+00,-2.953357093646681975e+00,-1.296421867246884574e+00,-3.426738877937551386e+00
1.177342364471425151e+00,-1.610373480141351843e+00,2.246968636010915343e+00,-2.953278018559511775e+00,-1.296208744853761363e+00,-3.426977686809495882e+00
1.177028708499794574e+00,-1.610378027946321344e+00,2.246958091922848233e+00,-2.953198864679413393e+00,-1.295995640299792528e+00,-3.427216530693476759e+00
1.176715052086239943e+00,-1.610382472889835270e+00,2.246947433255243709e+00,-2.953119631886196306e+00,-1.295782553650800528e+00,-3.427455409650472351e+00
1.176401395260071592e+00,-1.610386814832755142e+00,2.246936659844755546e+00,-2.953040320059673540e+00,-1.295569484972606489e+00,-3.427694323741461435e+00
1.176087738050599629e+00,-1.610391053635941150e+00,2.246925771528039739e+00,-2.952960929079655017e+00,-1.295356434331033535e+00,-3.427933273027420569e+00
1.175774080487134388e+00,-1.610395189160255036e+00,2.246914768141749175e+00,-2.952881458825953764e+00,-1.295143401791902571e+00,-3.428172257569327641e+00
1.175460422598985533e+00,-1.610399221266557213e+00,2.246903649522539848e+00,-2.952801909178380146e+00,-1.294930387421035611e+00,-3.428411277428162318e+00
1.175146764415463840e+00,-1.610403149815709423e+00,2.246892415507065532e+00,-2.952722280016746303e+00,-1.294717391284254893e+00,-3.428650332664901157e+00
1.174833105965878755e+00,-1.610406974668571412e+00,2.246881065931981780e+00,-2.952642571220863044e+00,-1.294504413447382207e+00,-3.428889423340522491e+00
1.174519447279540829e+00,-1.610410695686005367e+00,2.246869600633942365e+00,-2.952562782670542507e+00,-1.294291453976239570e+00,-3.429128549516004210e+00
1.174205788385759952e+00,-1.610414312728871478e+00,2.246858019449602395e+00,-2.952482914245595502e+00,-1.294078512936648773e+00,-3.429367711252324202e+00
1.173892129313846455e+00,-1.610417825658030822e+00,2.246846322215616532e+00,-2.952402965825833725e+00,-1.293865590394431386e+00,-3.429606908610460358e+00
1.173578470093110449e+00,-1.610421234334344254e+00,2.246834508768638550e+00,-2.952322937291069316e+00,-1.293652686415409869e+00,-3.429846141651391456e+00
1.173264810752862042e+00,-1.610424538618673296e+00,2.246822578945324445e+00,-2.952242828521113971e+00,-1.293439801065405570e+00,-3.430085410436094495e+00
1.172951151322410901e+00,-1.610427738371878137e+00,2.246810532582327546e+00,-2.952162639395777610e+00,-1.293226934410241169e+00,-3.430324715025547810e+00
1.172637491831067802e+00,-1.610430833454820521e+00,2.246798369516303850e+00,-2.952082369794872818e+00,-1.293014086515737571e+00,-3.430564055480729291e+00
1.172323832308142633e+00,-1.610433823728361080e+00,2.246786089583906243e+00,-2.952002019598210403e+00,-1.292801257447717678e+00,-3.430803431862617270e+00
1.172010172782945281e+00,-1.610436709053360227e+00,2.246773692621790719e+00,-2.951921588685602948e+00,-1.292588447272002616e+00,-3.431042844232189193e+00
1.171696513284785857e+00,-1.610439489290679704e+00,2.246761178466611941e+00,-2.951841076936860819e+00,-1.292375656054415067e+00,-3.431282292650422505e+00
1.171382853842975136e+00,-1.610442164301179702e+00,2.246748546955024128e+00,-2.951760484231796156e+00,-1.292162883860775935e+00,-3.431521777178297317e+00
1.171069194486822562e+00,-1.610444733945722184e+00,2.246735797923681499e+00,-2.951679810450220209e+00,-1.291950130756908122e+00,-3.431761297876789296e+00
1.170755535245638468e+00,-1.610447198085167342e+00,2.246722931209239160e+00,-2.951599055471944233e+00,-1.291737396808632532e+00,-3.432000854806877221e+00
1.170441876148732741e+00,-1.610449556580376473e+00,2.246709946648351774e+00,-2.951518219176779922e+00,-1.291524682081772069e+00,-3.432240448029539426e+00
1.170128217225416156e+00,-1.610451809292210212e+00,2.246696844077673560e+00,-2.951437301444538530e+00,-1.291311986642147858e+00,-3.432480077605753355e+00
1.169814558504997937e+00,-1.610453956081529858e+00,2.246683623333859625e+00,-2.951356302155032196e+00,-1.291099310555582580e+00,-3.432719743596497342e+00
1.169500900016789080e+00,-1.610455996809196044e+00,2.246670284253564187e+00,-2.951275221188072173e+00,-1.290886653887897140e+00,-3.432959446062749276e+00
1.169187241788350651e+00,-1.610457931340247617e+00,2.246656826678036456e+00,-2.951194058426359845e+00,-1.290674016702889393e+00,-3.433199185065233028e+00
1.168873583827641616e+00,-1.610459759586558182e+00,2.246643250500026223e+00,-2.951112813784998234e+00,-1.290461399041654023e+00,-3.433438960661831629e+00
1.168559926130309456e+00,-1.610461481489414481e+00,2.246629555644628962e+00,-2.951031487199439418e+00,-1.290248800931028672e+00,-3.433678772908641541e+00
1.168246268691811363e+00,-1.610463096990559118e+00,2.246615742037440189e+00,-2.950950078605451665e+00,-1.290036222397630716e+00,-3.433918621861731690e+00
1.167932611507604079e+00,-1.610464606031735135e+00,2.246601809604057198e+00,-2.950868587938800580e+00,-1.289823663468076864e+00,-3.434158507577172781e+00
1.167618954573144796e+00,-1.610466008554685136e+00,2.246587758270075508e+00,-2.950787015135255764e+00,-1.289611124168984047e+00,-3.434398430111033296e+00
1.167305297883890036e+00,-1.610467304501151720e+00,2.246573587961090634e+00,-2.950705360130582378e+00,-1.289398604526968972e+00,-3.434638389519382162e+00
1.166991641435297433e+00,-1.610468493812877266e+00,2.246559298602698984e+00,-2.950623622860548689e+00,-1.289186104568649460e+00,-3.434878385858290084e+00
1.166677985222823732e+00,-1.610469576431605043e+00,2.246544890120496962e+00,-2.950541803260922080e+00,-1.288973624320641553e+00,-3.435118419183824656e+00
1.166364329241925679e+00,-1.610470552299077207e+00,2.246530362440080530e+00,-2.950459901267469931e+00,-1.288761163809562627e+00,-3.435358489552057026e+00
1.166050673488060019e+00,-1.610471421357036581e+00,2.246515715487045206e+00,-2.950377916815959178e+00,-1.288548723062029833e+00,-3.435598597019055678e+00
1.165737017956684829e+00,-1.610472183547225766e+00,2.246500949186988727e+00,-2.950295849842157647e+00,-1.288336302104659881e+00,-3.435838741640889982e+00
1.165423362643255745e+00,-1.610472838811387586e+00,2.246486063465505723e+00,-2.950213700281831830e+00,-1.288123900964069479e+00,-3.436078923473628866e+00
1.165109707543231066e+00,-1.610473387091264641e+00,2.246471058248191710e+00,-2.950131468070749552e+00,-1.287911519666875781e+00,-3.436319142573343477e+00
1.164796052652066427e+00,-1.610473828328599755e+00,2.246455933460644872e+00,-2.950049153144678193e+00,-1.287699158239695718e+00,-3.436559398996100967e+00
1.164482397965219906e+00,-1.610474162465135084e+00,2.246440689028459392e+00,-2.949966755439385135e+00,-1.287486816709146442e+00,-3.436799692797972483e+00
1.164168743478147583e+00,-1.610474389442613896e+00,2.246425324877232566e+00,-2.949884274890637759e+00,-1.287274495101845107e+00,-3.437040024035026065e+00
1.163855089186307312e+00,-1.610474509202778348e+00,2.246409840932560353e+00,-2.949801711434202556e+00,-1.287062193444408198e+00,-3.437280392763332415e+00
1.163541435085155396e+00,-1.610474521687371485e+00,2.246394237120037385e+00,-2.949719065005848240e+00,-1.286849911763452647e+00,-3.437520799038959129e+00
1.163227781170149022e+00,-1.610474426838135908e+00,2.246378513365261398e+00,-2.949636335541340859e+00,-1.286637650085595830e+00,-3.437761242917977356e+00
1.162914127436745382e+00,-1.610474224596813997e+00,2.246362669593828354e+00,-2.949553522976448239e+00,-1.286425408437454454e+00,-3.438001724456455133e+00
1.162600473880401220e+00,-1.610473914905148796e+00,2.246346705731333326e+00,-2.949470627246937759e+00,-1.286213186845645229e+00,-3.438242243710463164e+00
1.162286820496573503e+00,-1.610473497704882684e+00,2.246330621703373609e+00,-2.949387648288576802e+00,-1.286000985336785529e+00,-3.438482800736069489e+00
1.161973167280719199e+00,-1.610472972937758263e+00,2.246314417435544719e+00,-2.949304586037131859e+00,-1.285788803937492286e+00,-3.438723395589344811e+00
1.161659514228295720e+00,-1.610472340545518799e+00,2.246298092853442174e+00,-2.949221440428371199e+00,-1.285576642674382430e+00,-3.438964028326357170e+00
1.161345861334759366e+00,-1.610471600469906450e+00,2.246281647882662824e+00,-2.949138211398062204e+00,-1.285364501574072671e+00,-3.439204699003176824e+00
1.161032208595567772e+00,-1.610470752652663817e+00,2.246265082448803074e+00,-2.949054898881971365e+00,-1.285152380663180161e+00,-3.439445407675872701e+00
1.160718556006177016e+00,-1.610469797035533501e+00,2.246248396477457998e+00,-2.948971502815866952e+00,-1.284940279968321830e+00,-3.439686154400514617e+00
1.160404903562045176e+00,-1.610468733560258769e+00,2.246231589894224889e+00,-2.948888023135515457e+00,-1.284728199516114389e+00,-3.439926939233171499e+00
1.160091251258628331e+00,-1.610467562168581779e+00,2.246214662624698377e+00,-2.948804459776684261e+00,-1.284516139333175211e+00,-3.440167762229913162e+00
1.159777599091384115e+00,-1.610466282802244908e+00,2.246197614594475311e+00,-2.948720812675141634e+00,-1.284304099446121228e+00,-3.440408623446808090e+00
1.159463947055769051e+00,-1.610464895402991425e+00,2.246180445729152542e+00,-2.948637081766653623e+00,-1.284092079881569148e+00,-3.440649522939926985e+00
1.159150295147240550e+00,-1.610463399912563931e+00,2.246163155954324697e+00,-2.948553266986988497e+00,-1.283880080666136347e+00,-3.440890460765338332e+00
1.158836643361254914e+00,-1.610461796272704804e+00,2.246145745195589072e+00,-2.948469368271913194e+00,-1.283668101826439090e+00,-3.441131436979111502e+00
1.158522991693269999e+00,-1.610460084425157090e+00,2.246128213378541183e+00,-2.948385385557194649e+00,-1.283456143389094972e+00,-3.441372451637316754e+00
1.158209340138742105e+00,-1.610458264311662946e+00,2.246110560428776992e+00,-2.948301318778600688e+00,-1.283244205380720704e+00,-3.441613504796021683e+00
1.157895688693128644e+00,-1.610456335873965417e+00,2.246092786271892905e+00,-2.948217167871898692e+00,-1.283032287827932771e+00,-3.441854596511297881e+00
1.157582037351885917e+00,-1.610454299053807103e+00,2.246074890833485327e+00,-2.948132932772856041e+00,-1.282820390757348994e+00,-3.442095726839212499e+00
1.157268386110471559e+00,-1.610452153792930385e+00,2.246056874039149331e+00,-2.948048613417239228e+00,-1.282608514195585858e+00,-3.442336895835837129e+00
1.156954734964342313e+00,-1.610449900033078530e+00,2.246038735814481324e+00,-2.947964209740816077e+00,-1.282396658169260517e+00,-3.442578103557238922e+00
1.156641083908955370e+00,-1.610447537715993471e+00,2.246020476085079043e+00,-2.947879721679353970e+00,-1.282184822704989458e+00,-3.442819350059489469e+00
1.156327432939767474e+00,-1.610445066783418477e+00,2.246002094776536229e+00,-2.947795149168620288e+00,-1.281973007829390498e+00,-3.443060635398656366e+00
1.156013782052235372e+00,-1.610442487177095927e+00,2.245983591814450175e+00,-2.947710492144382854e+00,-1.281761213569079683e+00,-3.443301959630810316e+00
1.155700131241816919e+00,-1.610439798838768422e+00,2.245964967124416845e+00,-2.947625750542407719e+00,-1.281549439950674607e+00,-3.443543322812019358e+00
1.155386480503967972e+00,-1.610437001710178784e+00,2.245946220632032642e+00,-2.947540924298463150e+00,-1.281337687000791759e+00,-3.443784724998353752e+00
1.155072829834146164e+00,-1.610434095733069615e+00,2.245927352262892196e+00,-2.947456013348316084e+00,-1.281125954746048512e+00,-3.444026166245882425e+00
1.154759179227808463e+00,-1.610431080849183516e+00,2.245908361942593690e+00,-2.947371017627733902e+00,-1.280914243213061798e+00,-3.444267646610676081e+00
1.154445528680411615e+00,-1.610427957000263310e+00,2.245889249596731752e+00,-2.947285937072483986e+00,-1.280702552428448326e+00,-3.444509166148801871e+00
1.154131878187413029e+00,-1.610424724128051599e+00,2.245870015150903232e+00,-2.947200771618333270e+00,-1.280490882418825027e+00,-3.444750724916330498e+00
1.153818227744269009e+00,-1.610421382174290983e+00,2.245850658530703647e+00,-2.947115521201049582e+00,-1.280279233210809275e+00,-3.444992322969331333e+00
1.153504577346437188e+00,-1.610417931080724285e+00,2.245831179661729848e+00,-2.947030185756400744e+00,-1.280067604831017558e+00,-3.445233960363874193e+00
1.153190926989373866e+00,-1.610414370789093885e+00,2.245811578469576908e+00,-2.946944765220152362e+00,-1.279855997306067028e+00,-3.445475637156026671e+00
1.152877276668536899e+00,-1.610410701241142606e+00,2.245791854879841232e+00,-2.946859259528073149e+00,-1.279644410662574616e+00,-3.445717353401860361e+00
1.152563626379382589e+00,-1.610406922378613270e+00,2.245772008818119669e+00,-2.946773668615930486e+00,-1.279432844927157475e+00,-3.445959109157442413e+00
1.152249976117367902e+00,-1.610403034143248480e+00,2.245752040210007294e+00,-2.946687992419490865e+00,-1.279221300126432315e+00,-3.446200904478844862e+00
1.151936325877950251e+00,-1.610399036476790391e+00,2.245731948981101400e+00,-2.946602230874522554e+00,-1.279009776287016065e+00,-3.446442739422134416e+00
1.151622675656586159e+00,-1.610394929320982493e+00,2.245711735056997060e+00,-2.946516383916791604e+00,-1.278798273435525878e+00,-3.446684614043382222e+00
1.151309025448733037e+00,-1.610390712617566722e+00,2.245691398363289792e+00,-2.946430451482066282e+00,-1.278586791598578687e+00,-3.446926528398656764e+00
1.150995375249847408e+00,-1.610386386308286344e+00,2.245670938825577778e+00,-2.946344433506113525e+00,-1.278375330802791199e+00,-3.447168482544028301e+00
1.150681725055386906e+00,-1.610381950334883960e+00,2.245650356369455203e+00,-2.946258329924700714e+00,-1.278163891074780567e+00,-3.447410476535564428e+00
1.150368074860807610e+00,-1.610377404639101506e+00,2.245629650920518916e+00,-2.946172140673595674e+00,-1.277952472441163723e+00,-3.447652510429337180e+00
1.150054424661567376e+00,-1.610372749162682471e+00,2.245608822404365323e+00,-2.946085865688565342e+00,-1.277741074928558040e+00,-3.447894584281413266e+00
1.149740774453122727e+00,-1.610367983847369455e+00,2.245587870746589498e+00,-2.945999504905376210e+00,-1.277529698563579785e+00,-3.448136698147864276e+00
1.149427124230930630e+00,-1.610363108634904394e+00,2.245566795872788735e+00,-2.945913058259796991e+00,-1.277318343372846332e+00,-3.448378852084757806e+00
1.149113473990448053e+00,-1.610358123467030778e+00,2.245545597708558105e+00,-2.945826525687593733e+00,-1.277107009382974612e+00,-3.448621046148164559e+00
1.148799823727132408e+00,-1.610353028285490540e+00,2.245524276179494017e+00,-2.945739907124535151e+00,-1.276895696620581111e+00,-3.448863280394152575e+00
1.148486173436439994e+00,-1.610347823032026948e+00,2.245502831211193318e+00,-2.945653202506387291e+00,-1.276684405112283427e+00,-3.449105554878792557e+00
1.148172523113828225e+00,-1.610342507648382604e+00,2.245481262729251526e+00,-2.945566411768917980e+00,-1.276473134884698046e+00,-3.449347869658153432e+00
1.147858872754753845e+00,-1.610337082076299886e+00,2.245459570659263715e+00,-2.945479534847894598e+00,-1.276261885964442566e+00,-3.449590224788304571e+00
1.147545222354674044e+00,-1.610331546257521618e+00,2.245437754926828067e+00,-2.945392571679084526e+00,-1.276050658378133251e+00,-3.449832620325314902e+00
1.147231571909045789e+00,-1.610325900133790400e+00,2.245415815457538766e+00,-2.945305522198254700e+00,-1.275839452152387254e+00,-3.450075056325254241e+00
1.146917921413326047e+00,-1.610320143646848834e+00,2.245393752176992663e+00,-2.945218386341172501e+00,-1.275628267313821729e+00,-3.450317532844192403e+00
1.146604270862971342e+00,-1.610314276738439743e+00,2.245371565010786608e+00,-2.945131164043605754e+00,-1.275417103889053827e+00,-3.450560049938196983e+00
1.146290620253439529e+00,-1.610308299350305727e+00,2.245349253884515228e+00,-2.945043855241321396e+00,-1.275205961904699370e+00,-3.450802607663340016e+00
1.145976969580186910e+00,-1.610302211424189611e+00,2.245326818723775819e+00,-2.944956459870086807e+00,-1.274994841387376843e+00,-3.451045206075688654e+00
1.145663318838670452e+00,-1.610296012901833773e+00,2.245304259454163454e+00,-2.944868977865668924e+00,-1.274783742363702510e+00,-3.451287845231313156e+00
1.145349668024348011e+00,-1.610289703724981036e+00,2.245281576001274981e+00,-2.944781409163835573e+00,-1.274572664860293081e+00,-3.451530525186282894e+00
1.145036017132675221e+00,-1.610283283835374002e+00,2.245258768290705920e+00,-2.944693753700354133e+00,-1.274361608903765930e+00,-3.451773245996667239e+00
1.144722366159109939e+00,-1.610276753174755493e+00,2.245235836248054007e+00,-2.944606011410991098e+00,-1.274150574520737544e+00,-3.452016007718535118e+00
1.144408715096141949e+00,-1.610270111689366290e+00,2.245212779803676728e+00,-2.944518182233446080e+00,-1.273939561735127901e+00,-3.452258810408934231e+00
1.144095063913741717e+00,-1.610263359359588309e+00,2.245189598924097307e+00,-2.944430266120072304e+00,-1.273728570550381578e+00,-3.452501654132329900e+00
1.143781412571550193e+00,-1.610256496181463381e+00,2.245166293592421258e+00,-2.944342263029946949e+00,-1.273517600960553109e+00,-3.452744538956590503e+00
1.143467761029155039e+00,-1.610249522151114387e+00,2.245142863791841581e+00,-2.944254172922182722e+00,-1.273306652959647067e+00,-3.452987464949603069e+00
1.143154109246143468e+00,-1.610242437264665094e+00,2.245119309505551719e+00,-2.944165995755890552e+00,-1.273095726541668471e+00,-3.453230432179254183e+00
1.142840457182102476e+00,-1.610235241518239269e+00,2.245095630716744672e+00,-2.944077731490182703e+00,-1.272884821700622782e+00,-3.453473440713428655e+00
1.142526804796619944e+00,-1.610227934907959568e+00,2.245071827408613885e+00,-2.943989380084171437e+00,-1.272673938430514351e+00,-3.453716490620015733e+00
1.142213152049282643e+00,-1.610220517429950204e+00,2.245047899564352356e+00,-2.943900941496968571e+00,-1.272463076725348419e+00,-3.453959581966899783e+00
1.141899498899678456e+00,-1.610212989080334278e+00,2.245023847167153974e+00,-2.943812415687686368e+00,-1.272252236579130003e+00,-3.454202714821966946e+00
1.141585845307393932e+00,-1.610205349855235113e+00,2.244999670200211295e+00,-2.943723802615435758e+00,-1.272041417985864120e+00,-3.454445889253105584e+00
1.141272191232016731e+00,-1.610197599750776476e+00,2.244975368646716873e+00,-2.943635102239329449e+00,-1.271830620939555345e+00,-3.454689105328200505e+00
1.140958536633134068e+00,-1.610189738763081468e+00,2.244950942489865042e+00,-2.943546314518479257e+00,-1.271619845434209140e+00,-3.454932363115138738e+00
1.140644881470333605e+00,-1.610181766888273636e+00,2.244926391712848357e+00,-2.943457439411997001e+00,-1.271409091463830299e+00,-3.455175662681807758e+00
1.140331225703202112e+00,-1.610173684122476523e+00,2.244901716298860261e+00,-2.943368476878995832e+00,-1.271198359022423841e+00,-3.455419004096091928e+00
1.140017569291327248e+00,-1.610165490461813675e+00,2.244876916231093755e+00,-2.943279426878585792e+00,-1.270987648103994561e+00,-3.455662387425879611e+00
1.139703912194296009e+00,-1.610157185902408195e+00,2.244851991492742282e+00,-2.943190289369880031e+00,-1.270776958702547477e+00,-3.455905812739055616e+00
1.139390254371696054e+00,-1.610148770440383625e+00,2.244826942066999287e+00,-2.943101064311990367e+00,-1.270566290812087828e+00,-3.456149280103508303e+00
1.139076595783114598e+00,-1.610140244071863735e+00,2.244801767937057324e+00,-2.943011751664028175e+00,-1.270355644426620412e+00,-3.456392789587122927e+00
1.138762936388138414e+00,-1.610131606792971182e+00,2.244776469086109838e+00,-2.942922351385106161e+00,-1.270145019540150244e+00,-3.456636341257785627e+00
1.138449276146355160e+00,-1.610122858599830398e+00,2.244751045497349828e+00,-2.942832863434335700e+00,-1.269934416146682121e+00,-3.456879935183383434e+00
1.138135615017352720e+00,-1.610113999488564263e+00,2.244725497153971183e+00,-2.942743287770829053e+00,-1.269723834240221061e+00,-3.457123571431802933e+00
1.137821952960717420e+00,-1.610105029455296322e+00,2.244699824039166014e+00,-2.942653624353698483e+00,-1.269513273814772303e+00,-3.457367250070930265e+00
1.137508289936037142e+00,-1.610095948496150120e+00,2.244674026136128653e+00,-2.942563873142055364e+00,-1.269302734864340421e+00,-3.457610971168652458e+00
1.137194625902899103e+00,-1.610086756607248759e+00,2.244648103428052099e+00,-2.942474034095011959e+00,-1.269092217382930654e+00,-3.457854734792854767e+00
1.136880960820890296e+00,-1.610077453784716006e+00,2.244622055898128909e+00,-2.942384107171679641e+00,-1.268881721364548021e+00,-3.458098541011425109e+00
1.136567294649598603e+00,-1.610068040024675184e+00,2.244595883529552527e+00,-2.942294092331172006e+00,-1.268671246803197095e+00,-3.458342389892249180e+00
1.136253627348610573e+00,-1.610058515323249617e+00,2.244569586305516395e+00,-2.942203989532599095e+00,-1.268460793692883559e+00,-3.458586281503213122e+00
1.135939958877513867e+00,-1.610048879676563072e+00,2.244543164209213515e+00,-2.942113798735073615e+00,-1.268250362027611988e+00,-3.458830215912203521e+00
1.135626289195895922e+00,-1.610039133080738649e+00,2.244516617223836885e+00,-2.942023519897708272e+00,-1.268039951801386955e+00,-3.459074193187107849e+00
1.135312618263343731e+00,-1.610029275531900117e+00,2.244489945332580394e+00,-2.941933152979613553e+00,-1.267829563008213922e+00,-3.459318213395810915e+00
1.134998946039445178e+00,-1.610019307026170576e+00,2.244463148518636597e+00,-2.941842697939902607e+00,-1.267619195642098129e+00,-3.459562276606201081e+00
1.134685272483786589e+00,-1.610009227559673572e+00,2.244436226765198938e+00,-2.941752154737686364e+00,-1.267408849697043705e+00,-3.459806382886162712e+00
1.134371597555956068e+00,-1.609999037128532651e+00,2.244409180055459974e+00,-2.941661523332078421e+00,-1.267198525167056333e+00,-3.460050532303584170e+00
1.134057921215540832e+00,-1.609988735728871356e+00,2.244382008372613591e+00,-2.941570803682188817e+00,-1.266988222046140811e+00,-3.460294724926351151e+00
1.133744243422127873e+00,-1.609978323356812790e+00,2.244354711699853677e+00,-2.941479995747131149e+00,-1.266777940328301932e+00,-3.460538960822349352e+00
1.133430564135304408e+00,-1.609967800008480499e+00,2.244327290020371901e+00,-2.941389099486015457e+00,-1.266567680007544938e+00,-3.460783240059466692e+00
1.133116883314658097e+00,-1.609957165679998248e+00,2.244299743317362150e+00,-2.941298114857955781e+00,-1.266357441077874624e+00,-3.461027562705587979e+00
1.132803200919776154e+00,-1.609946420367489139e+00,2.244272071574017868e+00,-2.941207041822063051e+00,-1.266147223533295785e+00,-3.461271928828601130e+00
1.132489516910245575e+00,-1.609935564067076497e+00,2.244244274773532055e+00,-2.941115880337449084e+00,-1.265937027367813661e+00,-3.461516338496392287e+00
1.132175831245654019e+00,-1.609924596774884309e+00,2.244216352899097711e+00,-2.941024630363226144e+00,-1.265726852575433492e+00,-3.461760791776847146e+00
1.131862143885588479e+00,-1.609913518487035455e+00,2.244188305933908278e+00,-2.940933291858506049e+00,-1.265516699150159630e+00,-3.462005288737852737e+00
1.131548454789636615e+00,-1.609902329199653481e+00,2.244160133861156758e+00,-2.940841864782401061e+00,-1.265306567085997314e+00,-3.462249829447295202e+00
1.131234763917385422e+00,-1.609891028908862154e+00,2.244131836664036594e+00,-2.940750349094022997e+00,-1.265096456376951783e+00,-3.462494413973062013e+00
1.130921071228422337e+00,-1.609879617610784797e+00,2.244103414325740786e+00,-2.940658744752483678e+00,-1.264886367017027613e+00,-3.462739042383038868e+00
1.130607376682334353e+00,-1.609868095301544288e+00,2.244074866829463222e+00,-2.940567051716894476e+00,-1.264676299000229820e+00,-3.462983714745111019e+00
1.130293680238709131e+00,-1.609856461977264841e+00,2.244046194158395569e+00,-2.940475269946368098e+00,-1.264466252320563866e+00,-3.463228431127167717e+00
1.129979981857134108e+00,-1.609844717634069555e+00,2.244017396295732603e+00,-2.940383399400017250e+00,-1.264256226972034103e+00,-3.463473191597093326e+00
1.129666281497196056e+00,-1.609832862268081755e+00,2.243988473224666880e+00,-2.940291440036952419e+00,-1.264046222948645770e+00,-3.463717996222773987e+00
1.129352579118482414e+00,-1.609820895875425428e+00,2.243959424928390956e+00,-2.940199391816286312e+00,-1.263836240244403664e+00,-3.463962845072097618e+00
1.129038874680580840e+00,-1.609808818452223456e+00,2.243930251390098718e+00,-2.940107254697130745e+00,-1.263626278853313467e+00,-3.464207738212949916e+00
1.128725168143078328e+00,-1.609796629994599160e+00,2.243900952592983611e+00,-2.940015028638597094e+00,-1.263416338769378866e+00,-3.464452675713217911e+00
1.128411459465562316e+00,-1.609784330498676530e+00,2.243871528520238190e+00,-2.939922713599798509e+00,-1.263206419986606210e+00,-3.464697657640787298e+00
1.128097748607619799e+00,-1.609771919960578668e+00,2.243841979155055899e+00,-2.939830309539846365e+00,-1.262996522498999408e+00,-3.464942684063544664e+00
1.127784035528838436e+00,-1.609759398376428896e+00,2.243812304480630626e+00,-2.939737816417852034e+00,-1.262786646300564364e+00,-3.465187755049377039e+00
1.127470320188805220e+00,-1.609746765742351204e+00,2.243782504480154483e+00,-2.939645234192928669e+00,-1.262576791385304986e+00,-3.465432870666170562e+00
1.127156602547107589e+00,-1.609734022054468250e+00,2.243752579136820913e+00,-2.939552562824187198e+00,-1.262366957747227181e+00,-3.465678030981811375e+00
1.126842882563332982e+00,-1.609721167308904244e+00,2.243722528433823360e+00,-2.939459802270740774e+00,-1.262157145380335299e+00,-3.465923236064186064e+00
1.126529160197068613e+00,-1.609708201501782288e+00,2.243692352354355268e+00,-2.939366952491698992e+00,-1.261947354278635025e+00,-3.466168485981181213e+00
1.126215435407901477e+00,-1.609695124629225482e+00,2.243662050881609193e+00,-2.939274013446175893e+00,-1.261737584436130488e+00,-3.466413780800683853e+00
1.125901708155419234e+00,-1.609681936687357817e+00,2.243631623998779023e+00,-2.939180985093283738e+00,-1.261527835846827150e+00,-3.466659120590579679e+00
1.125587978399209099e+00,-1.609668637672302172e+00,2.243601071689057314e+00,-2.939087867392133013e+00,-1.261318108504729807e+00,-3.466904505418755278e+00
1.125274246098858510e+00,-1.609655227580182757e+00,2.243570393935637952e+00,-2.938994660301836426e+00,-1.261108402403843698e+00,-3.467149935353097234e+00
1.124960511213954240e+00,-1.609641706407122452e+00,2.243539590721713051e+00,-2.938901363781505793e+00,-1.260898717538173397e+00,-3.467395410461491245e+00
1.124646773704084168e+00,-1.609628074149244803e+00,2.243508662030476941e+00,-2.938807977790252934e+00,-1.260689053901724144e+00,-3.467640930811825228e+00
1.124333033528835069e+00,-1.609614330802673354e+00,2.243477607845122623e+00,-2.938714502287190111e+00,-1.260479411488500956e+00,-3.467886496471985325e+00
1.124019290647794822e+00,-1.609600476363531429e+00,2.243446428148843097e+00,-2.938620937231428698e+00,-1.260269790292508407e+00,-3.468132107509856343e+00
1.123705545020550423e+00,-1.609586510827942352e+00,2.243415122924831362e+00,-2.938527282582081845e+00,-1.260060190307752181e+00,-3.468377763993326646e+00
1.123391796606688864e+00,-1.609572434192029888e+00,2.243383692156280418e+00,-2.938433538298260483e+00,-1.259850611528236630e+00,-3.468623465990281929e+00
1.123078045365797806e+00,-1.609558246451916919e+00,2.243352135826384153e+00,-2.938339704339076874e+00,-1.259641053947966771e+00,-3.468869213568609222e+00
1.122764291257464464e+00,-1.609543947603727654e+00,2.243320453918335122e+00,-2.938245780663642837e+00,-1.259431517560948066e+00,-3.469115006796194223e+00
1.122450534241276277e+00,-1.609529537643584973e+00,2.243288646415326770e+00,-2.938151767231070188e+00,-1.259222002361185089e+00,-3.469360845740923072e+00
1.122136774276820237e+00,-1.609515016567612866e+00,2.243256713300552541e+00,-2.938057664000471192e+00,-1.259012508342682857e+00,-3.469606730470683242e+00
1.121823011323683783e+00,-1.609500384371934212e+00,2.243224654557205433e+00,-2.937963470930958110e+00,-1.258803035499446388e+00,-3.469852661053360876e+00
1.121509245341454575e+00,-1.609485641052672333e+00,2.243192470168478447e+00,-2.937869187981642316e+00,-1.258593583825480700e+00,-3.470098637556842114e+00
1.121195476289719162e+00,-1.609470786605951220e+00,2.243160160117565027e+00,-2.937774815111636073e+00,-1.258384153314790366e+00,-3.470344660049013985e+00
1.120881704128065426e+00,-1.609455821027894196e+00,2.243127724387658617e+00,-2.937680352280051199e+00,-1.258174743961381070e+00,-3.470590728597762187e+00
1.120567928816080361e+00,-1.609440744314624361e+00,2.243095162961951328e+00,-2.937585799445999957e+00,-1.257965355759257164e+00,-3.470836843270973748e+00
1.120254150313351627e+00,-1.609425556462265483e+00,2.243062475823637936e+00,-2.937491156568592832e+00,-1.257755988702424110e+00,-3.471083004136534811e+00
1.119940368579465995e+00,-1.609410257466940664e+00,2.243029662955910553e+00,-2.937396423606944307e+00,-1.257546642784886703e+00,-3.471329211262331960e+00
1.119626583574011125e+00,-1.609394847324773892e+00,2.242996724341962622e+00,-2.937301600520164868e+00,-1.257337318000649740e+00,-3.471575464716252224e+00
1.119312795254800541e+00,-1.609379326033525404e+00,2.242963659966888734e+00,-2.937206687268798522e+00,-1.257128014341949429e+00,-3.471821764566490831e+00
1.118999003515561697e+00,-1.609363693650122995e+00,2.242930469884497846e+00,-2.937111683865126111e+00,-1.256918731737117101e+00,-3.472068110892443826e+00
1.118685208169483136e+00,-1.609347950305848318e+00,2.242897154234951174e+00,-2.937016590386449355e+00,-1.256709470034170772e+00,-3.472314503787580886e+00
1.118371409024635277e+00,-1.609332096136709689e+00,2.242863713163897987e+00,-2.936921406914201338e+00,-1.256500229076025876e+00,-3.472560943346263862e+00
1.118057605889088535e+00,-1.609316131278714090e+00,2.242830146816989334e+00,-2.936826133529815586e+00,-1.256291008705597623e+00,-3.472807429662858159e+00
1.117743798570913327e+00,-1.609300055867870061e+00,2.242796455339872264e+00,-2.936730770314724293e+00,-1.256081808765801000e+00,-3.473053962831726516e+00
1.117429986878179848e+00,-1.609283870040184583e+00,2.242762638878197823e+00,-2.936635317350361873e+00,-1.255872629099550553e+00,-3.473300542947231673e+00
1.117116170618958293e+00,-1.609267573931665751e+00,2.242728697577615726e+00,-2.936539774718160967e+00,-1.255663469549761491e+00,-3.473547170103738591e+00
1.116802349601319300e+00,-1.609251167678321881e+00,2.242694631583774800e+00,-2.936444142499554211e+00,-1.255454329959349025e+00,-3.473793844395609565e+00
1.116488523633333285e+00,-1.609234651416159734e+00,2.242660441042324759e+00,-2.936348420775975132e+00,-1.255245210171227921e+00,-3.474040565917209555e+00
1.116174692523070222e+00,-1.609218025281187403e+00,2.242626126098915318e+00,-2.936252609628857257e+00,-1.255036110028313168e+00,-3.474287334762900858e+00
1.115860856078600971e+00,-1.609201289409412317e+00,2.242591686899196635e+00,-2.936156709139633225e+00,-1.254827029373520419e+00,-3.474534151027047990e+00
1.115547014107995505e+00,-1.609184443936843234e+00,2.242557123588817092e+00,-2.936060719389737006e+00,-1.254617968049763777e+00,-3.474781014804014134e+00
1.115233166419324462e+00,-1.609167488999486695e+00,2.242522436313426404e+00,-2.935964640460600794e+00,-1.254408925899958893e+00,-3.475027926188162031e+00
1.114919312820657815e+00,-1.609150424733351015e+00,2.242487625218675173e+00,-2.935868472433657672e+00,-1.254199902767020314e+00,-3.475274885273856640e+00
1.114605453120066203e+00,-1.609133251274443843e+00,2.242452690450212227e+00,-2.935772215390342055e+00,-1.253990898493863249e+00,-3.475521892155460257e+00
1.114291587125620264e+00,-1.609115968758772608e+00,2.242417632153687279e+00,-2.935675869412086136e+00,-1.253781912923402686e+00,-3.475768946927337399e+00
1.113977714645389749e+00,-1.609098577322345403e+00,2.242382450474749600e+00,-2.935579434580323444e+00,-1.253572945898553836e+00,-3.476016049683851250e+00
1.113663835487445519e+00,-1.609081077101169877e+00,2.242347145559048904e+00,-2.935482910976486615e+00,-1.253363997262231244e+00,-3.476263200519365437e+00
1.113349949459857324e+00,-1.609063468231253902e+00,2.242311717552234018e+00,-2.935386298682010064e+00,-1.253155066857350564e+00,-3.476510399528243145e+00
1.113036056370696025e+00,-1.609045750848604683e+00,2.242276166599955545e+00,-2.935289597778325099e+00,-1.252946154526826339e+00,-3.476757646804848445e+00
1.112722156028032039e+00,-1.609027925089230759e+00,2.242240492847862754e+00,-2.935192808346866133e+00,-1.252737260113573781e+00,-3.477004942443544966e+00
1.112408248239935560e+00,-1.609009991089138891e+00,2.242204696441604916e+00,-2.935095930469066250e+00,-1.252528383460507655e+00,-3.477252286538695003e+00
1.112094332814476783e+00,-1.608991948984337617e+00,2.242168777526832191e+00,-2.934998964226358975e+00,-1.252319524410543172e+00,-3.477499679184663961e+00
1.111780409559726124e+00,-1.608973798910834141e+00,2.242132736249192959e+00,-2.934901909700176503e+00,-1.252110682806595099e+00,-3.477747120475813691e+00
1.111466478283754222e+00,-1.608955541004636558e+00,2.242096572754337824e+00,-2.934804766971952805e+00,-1.251901858491578867e+00,-3.477994610506509154e+00
1.111152538794631051e+00,-1.608937175401752517e+00,2.242060287187916501e+00,-2.934707536123120075e+00,-1.251693051308409244e+00,-3.478242149371113090e+00
1.110838590900427691e+00,-1.608918702238189224e+00,2.242023879695577371e+00,-2.934610217235112728e+00,-1.251484261100000994e+00,-3.478489737163989570e+00
1.110524634409213451e+00,-1.608900121649955217e+00,2.241987350422970593e+00,-2.934512810389362958e+00,-1.251275487709269996e+00,-3.478737373979501335e+00
1.110210669129059191e+00,-1.608881433773057479e+00,2.241950699515745882e+00,-2.934415315667304736e+00,-1.251066730979129904e+00,-3.478985059912012900e+00
1.109896694868035327e+00,-1.608862638743504547e+00,2.241913927119552508e+00,-2.934317733150371144e+00,-1.250857990752497040e+00,-3.479232795055887451e+00
1.109582711434212277e+00,-1.608843736697303628e+00,2.241877033380040185e+00,-2.934220062919994376e+00,-1.250649266872285503e+00,-3.479480579505488169e+00
1.109268718635660678e+00,-1.608824727770462371e+00,2.241840018442858629e+00,-2.934122305057608848e+00,-1.250440559181410949e+00,-3.479728413355178240e+00
1.108954716280449837e+00,-1.608805612098988647e+00,2.241802882453656665e+00,-2.934024459644646310e+00,-1.250231867522787699e+00,-3.479976296699322624e+00
1.108640704176650837e+00,-1.608786389818890328e+00,2.241765625558084896e+00,-2.933926526762541176e+00,-1.250023191739331407e+00,-3.480224229632284061e+00
1.108326682132334318e+00,-1.608767061066174842e+00,2.241728247901791704e+00,-2.933828506492725641e+00,-1.249814531673956619e+00,-3.480472212248426178e+00
1.108012649955570250e+00,-1.608747625976850060e+00,2.241690749630428137e+00,-2.933730398916634563e+00,-1.249605887169578766e+00,-3.480720244642112604e+00
1.107698607454428830e+00,-1.608728084686923854e+00,2.241653130889642576e+00,-2.933632204115698805e+00,-1.249397258069112393e+00,-3.480968326907706523e+00
1.107384554436981139e+00,-1.608708437332403873e+00,2.241615391825084291e+00,-2.933533922171353669e+00,-1.249188644215472932e+00,-3.481216459139572006e+00
1.107070490711296262e+00,-1.608688684049297768e+00,2.241577532582403443e+00,-2.933435553165030463e+00,-1.248980045451575149e+00,-3.481464641432072682e+00
1.106756416085445949e+00,-1.608668824973612965e+00,2.241539553307249744e+00,-2.933337097178164043e+00,-1.248771461620334033e+00,-3.481712873879571735e+00
1.106442330367499727e+00,-1.608648860241358003e+00,2.241501454145272021e+00,-2.933238554292186162e+00,-1.248562892564664795e+00,-3.481961156576431904e+00
1.106128233365527791e+00,-1.608628789988539864e+00,2.241463235242120877e+00,-2.933139924588531233e+00,-1.248354338127481977e+00,-3.482209489617018150e+00
1.105814124887601224e+00,-1.608608614351166421e+00,2.241424896743444695e+00,-2.933041208148631451e+00,-1.248145798151701236e+00,-3.482457873095693657e+00
1.105500004741789777e+00,-1.608588333465245768e+00,2.241386438794894076e+00,-2.932942405053920343e+00,-1.247937272480237336e+00,-3.482706307106822052e+00
1.105185872736164310e+00,-1.608567947466785109e+00,2.241347861542117847e+00,-2.932843515385830990e+00,-1.247728760956005045e+00,-3.482954791744766077e+00
1.104871728678794796e+00,-1.608547456491792538e+00,2.241309165130765724e+00,-2.932744539225796920e+00,-1.247520263421919573e+00,-3.483203327103890246e+00
1.104557572377751873e+00,-1.608526860676275705e+00,2.241270349706487419e+00,-2.932645476655250771e+00,-1.247311779720896130e+00,-3.483451913278557743e+00
1.104243403641105514e+00,-1.608506160156242482e+00,2.241231415414932648e+00,-2.932546327755626514e+00,-1.247103309695849260e+00,-3.483700550363132198e+00
1.103929222276926359e+00,-1.608485355067700295e+00,2.241192362401750238e+00,-2.932447092608355899e+00,-1.246894853189694397e+00,-3.483949238451976793e+00
1.103615028093284822e+00,-1.608464445546656796e+00,2.241153190812590346e+00,-2.932347771294873784e+00,-1.246686410045346083e+00,-3.484197977639455157e+00
1.103300820898250656e+00,-1.608443431729120299e+00,2.241113900793101799e+00,-2.932248363896612364e+00,-1.246477980105719974e+00,-3.484446768019931362e+00
1.102986600499895387e+00,-1.608422313751098010e+00,2.241074492488934755e+00,-2.932148870495004278e+00,-1.246269563213730391e+00,-3.484695609687768592e+00
1.102672366706288098e+00,-1.608401091748597578e+00,2.241034966045739374e+00,-2.932049291171483940e+00,-1.246061159212292990e+00,-3.484944502737330918e+00
1.102358119325500541e+00,-1.608379765857626875e+00,2.240995321609164037e+00,-2.931949626007484433e+00,-1.245852767944322093e+00,-3.485193447262980637e+00
1.102043858165601575e+00,-1.608358336214193995e+00,2.240955559324858903e+00,-2.931849875084437507e+00,-1.245644389252733131e+00,-3.485442443359083153e+00
1.101729583034662285e+00,-1.608336802954306144e+00,2.240915679338472799e+00,-2.931750038483777576e+00,-1.245436022980441093e+00,-3.485691491119999874e+00
1.101415293740752865e+00,-1.608315166213971414e+00,2.240875681795656327e+00,-2.931650116286938168e+00,-1.245227668970360968e+00,-3.485940590640096648e+00
1.101100990091944398e+00,-1.608293426129197456e+00,2.240835566842059201e+00,-2.931550108575351032e+00,-1.245019327065407966e+00,-3.486189742013734438e+00
1.100786671896306412e+00,-1.608271582835991920e+00,2.240795334623329360e+00,-2.931450015430451028e+00,-1.244810997108496631e+00,-3.486438945335279094e+00
1.100472338961909546e+00,-1.608249636470362232e+00,2.240754985285116963e+00,-2.931349836933669017e+00,-1.244602678942542173e+00,-3.486688200699092910e+00
1.100157991096823773e+00,-1.608227587168316708e+00,2.240714518973072611e+00,-2.931249573166440747e+00,-1.244394372410459582e+00,-3.486937508199540403e+00
1.099843628109119953e+00,-1.608205435065862554e+00,2.240673935832844688e+00,-2.931149224210197524e+00,-1.244186077355164066e+00,-3.487186867930983869e+00
1.099529249806868503e+00,-1.608183180299007864e+00,2.240633236010083351e+00,-2.931048790146373761e+00,-1.243977793619570393e+00,-3.487436279987787824e+00
1.099214855998139395e+00,-1.608160823003760509e+00,2.240592419650437872e+00,-2.930948271056401211e+00,-1.243769521046593773e+00,-3.487685744464315896e+00
1.098900446491003269e+00,-1.608138363316127695e+00,2.240551486899557965e+00,-2.930847667021715175e+00,-1.243561259479148973e+00,-3.487935261454930380e+00
1.098586021093530318e+00,-1.608115801372117515e+00,2.240510437903092900e+00,-2.930746978123746072e+00,-1.243353008760151424e+00,-3.488184831053996238e+00
1.098271579613790738e+00,-1.608093137307737175e+00,2.240469272806692391e+00,-2.930646204443929648e+00,-1.243144768732515670e+00,-3.488434453355875764e+00
1.097957121859855611e+00,-1.608070371258995435e+00,2.240427991756006154e+00,-2.930545346063697210e+00,-1.242936539239156923e+00,-3.488684128454934363e+00
1.097642647639794244e+00,-1.608047503361898833e+00,2.240386594896683903e+00,-2.930444403064483172e+00,-1.242728320122990171e+00,-3.488933856445534332e+00
1.097328156761677498e+00,-1.608024533752456131e+00,2.240345082374374464e+00,-2.930343375527720173e+00,-1.242520111226930402e+00,-3.489183637422038853e+00
1.097013649033576232e+00,-1.608001462566674089e+00,2.240303454334727551e+00,-2.930242263534841296e+00,-1.242311912393892603e+00,-3.489433471478811999e+00
1.096699124263559977e+00,-1.607978289940561245e+00,2.240261710923393323e+00,-2.930141067167280511e+00,-1.242103723466791765e+00,-3.489683358710217842e+00
1.096384582259699370e+00,-1.607955016010125027e+00,2.240219852286020163e+00,-2.930039786506469124e+00,-1.241895544288543096e+00,-3.489933299210619122e+00
1.096070022830065049e+00,-1.607931640911372861e+00,2.240177878568259118e+00,-2.929938421633841994e+00,-1.241687374702061586e+00,-3.490183293074379911e+00
1.095755445782727211e+00,-1.607908164780312843e+00,2.240135789915758568e+00,-2.929836972630831760e+00,-1.241479214550261778e+00,-3.490433340395862949e+00
1.095440850925756049e+00,-1.607884587752952621e+00,2.240093586474168230e+00,-2.929735439578871947e+00,-1.241271063676059105e+00,-3.490683441269432308e+00
1.095126238067221980e+00,-1.607860909965300067e+00,2.240051268389138261e+00,-2.929633822559394751e+00,-1.241062921922368778e+00,-3.490933595789452060e+00
1.094811607015195642e+00,-1.607837131553362608e+00,2.240008835806317933e+00,-2.929532121653834587e+00,-1.240854789132105340e+00,-3.491183804050285833e+00
1.094496957577747009e+00,-1.607813252653148117e+00,2.239966288871356515e+00,-2.929430336943623647e+00,-1.240646665148183780e+00,-3.491434066146295923e+00
1.094182289562946719e+00,-1.607789273400664243e+00,2.239923627729904609e+00,-2.929328468510195460e+00,-1.240438549813519531e+00,-3.491684382171846845e+00
1.093867602778864745e+00,-1.607765193931918857e+00,2.239880852527610156e+00,-2.929226516434983552e+00,-1.240230442971027358e+00,-3.491934752221302229e+00
1.093552897033572169e+00,-1.607741014382919609e+00,2.239837963410122867e+00,-2.929124480799420560e+00,-1.240022344463622694e+00,-3.492185176389024814e+00
1.093238172146030696e+00,-1.607716734891345256e+00,2.239794960526355627e+00,-2.929022361692896759e+00,-1.239814254139976368e+00,-3.492435654758067276e+00
1.092923428104439987e+00,-1.607692355620836233e+00,2.239751844075904330e+00,-2.928920159328423978e+00,-1.239606171938206103e+00,-3.492686187235740203e+00
1.092608665030548432e+00,-1.607667876755520364e+00,2.239708614298363543e+00,-2.928817874016571565e+00,-1.239398097867012272e+00,-3.492936773590666455e+00
1.092293883049735070e+00,-1.607643298480082361e+00,2.239665271434415406e+00,-2.928715506070556973e+00,-1.239190031937014380e+00,-3.493187413587701684e+00
1.091979082287378278e+00,-1.607618620979207380e+00,2.239621815724739395e+00,-2.928613055803601650e+00,-1.238981974158831934e+00,-3.493438106991700653e+00
1.091664262868857760e+00,-1.607593844437580133e+00,2.239578247410019429e+00,-2.928510523528925269e+00,-1.238773924543084659e+00,-3.493688853567518571e+00
1.091349424919551447e+00,-1.607568969039884887e+00,2.239534566730934539e+00,-2.928407909559745725e+00,-1.238565883100391396e+00,-3.493939653080008867e+00
1.091034568564839269e+00,-1.607543994970807466e+00,2.239490773928168199e+00,-2.928305214209284024e+00,-1.238357849841372094e+00,-3.494190505294028082e+00
1.090719693930099377e+00,-1.607518922415031470e+00,2.239446869242400329e+00,-2.928202437790759394e+00,-1.238149824776646035e+00,-3.494441409974430535e+00
1.090404801140711255e+00,-1.607493751557242501e+00,2.239402852914313957e+00,-2.928099580617391062e+00,-1.237941807916832948e+00,-3.494692366886070101e+00
1.090089890322052835e+00,-1.607468482582125269e+00,2.239358725184588561e+00,-2.927996643002399590e+00,-1.237733799272551671e+00,-3.494943375793802876e+00
1.089774961599504488e+00,-1.607443115674364043e+00,2.239314486293906725e+00,-2.927893625259003763e+00,-1.237525798854422154e+00,-3.495194436462482290e+00
1.089460015098443479e+00,-1.607417651018644200e+00,2.239270136482949258e+00,-2.927790527700422807e+00,-1.237317806673063458e+00,-3.495445548656964885e+00
1.089145050944249737e+00,-1.607392088799650232e+00,2.239225675992398745e+00,-2.927687350639877728e+00,-1.237109822739095311e+00,-3.495696712142103646e+00
1.088830069262302080e+00,-1.607366429202067071e+00,2.239181105062935551e+00,-2.927584094390586422e+00,-1.236901847063136994e+00,-3.495947926682755114e+00
1.088515070177978883e+00,-1.607340672410579208e+00,2.239136423935241371e+00,-2.927480759265769450e+00,-1.236693879655808015e+00,-3.496199192043773163e+00
1.088200053816659851e+00,-1.607314818609872020e+00,2.239091632849997460e+00,-2.927377345578646928e+00,-1.236485920527727878e+00,-3.496450507990012557e+00
1.087885020303723138e+00,-1.607288867984629777e+00,2.239046732047885513e+00,-2.927273853642437196e+00,-1.236277969689516087e+00,-3.496701874286328504e+00
1.087569969764547784e+00,-1.607262820719537189e+00,2.239001721769587228e+00,-2.927170283770360815e+00,-1.236070027151792150e+00,-3.496953290697575767e+00
1.087254902324512829e+00,-1.607236676999279634e+00,2.238956602255783412e+00,-2.927066636275636125e+00,-1.235862092925175126e+00,-3.497204756988609109e+00
1.086939818108997313e+00,-1.607210437008541382e+00,2.238911373747155764e+00,-2.926962911471484130e+00,-1.235654167020284744e+00,-3.497456272924282850e+00
1.086624717243380056e+00,-1.607184100932007587e+00,2.238866036484385091e+00,-2.926859109671124504e+00,-1.235446249447740286e+00,-3.497707838269452640e+00
1.086309599853039654e+00,-1.607157668954362739e+00,2.238820590708154423e+00,-2.926755231187775141e+00,-1.235238340218161479e+00,-3.497959452788972357e+00
1.085994466063355368e+00,-1.607131141260291773e+00,2.238775036659144124e+00,-2.926651276334657048e+00,-1.235030439342167385e+00,-3.498211116247698094e+00
1.085679315999705574e+00,-1.607104518034479401e+00,2.238729374578035003e+00,-2.926547245424990340e+00,-1.234822546830377954e+00,-3.498462828410483727e+00
1.085364149787469978e+00,-1.607077799461610335e+00,2.238683604705509644e+00,-2.926443138771992469e+00,-1.234614662693411802e+00,-3.498714589042184464e+00
1.085048967552026733e+00,-1.607050985726369507e+00,2.238637727282248857e+00,-2.926338956688884441e+00,-1.234406786941889544e+00,-3.498966397907655068e+00
1.084733769418755100e+00,-1.607024077013442076e+00,2.238591742548934338e+00,-2.926234699488886815e+00,-1.234198919586429577e+00,-3.499218254771749859e+00
1.084418555513033899e+00,-1.606997073507512086e+00,2.238545650746247784e+00,-2.926130367485216599e+00,-1.233991060637651627e+00,-3.499470159399324487e+00
1.084103325960241948e+00,-1.606969975393264694e+00,2.238499452114869559e+00,-2.926025960991095687e+00,-1.233783210106175643e+00,-3.499722111555233273e+00
1.083788080885758287e+00,-1.606942782855385055e+00,2.238453146895481805e+00,-2.925921480319742862e+00,-1.233575368002620465e+00,-3.499974111004331867e+00
1.083472820414961513e+00,-1.606915496078557215e+00,2.238406735328766217e+00,-2.925816925784377798e+00,-1.233367534337606042e+00,-3.500226157511473701e+00
1.083157544673230888e+00,-1.606888115247466331e+00,2.238360217655404050e+00,-2.925712297698219722e+00,-1.233159709121751213e+00,-3.500478250841513983e+00
1.082842253785945230e+00,-1.606860640546797336e+00,2.238313594116076111e+00,-2.925607596374488750e+00,-1.232951892365675928e+00,-3.500730390759308364e+00
1.082526947878483359e+00,-1.606833072161234943e+00,2.238266864951464097e+00,-2.925502822126403668e+00,-1.232744084079999247e+00,-3.500982577029710718e+00
1.082211627076223870e+00,-1.606805410275463641e+00,2.238220030402250149e+00,-2.925397975267185480e+00,-1.232536284275340899e+00,-3.501234809417576699e+00
1.081896291504546248e+00,-1.606777655074169031e+00,2.238173090709114632e+00,-2.925293056110051637e+00,-1.232328492962320388e+00,-3.501487087687760180e+00
1.081580941288829090e+00,-1.606749806742034936e+00,2.238126046112740131e+00,-2.925188064968224033e+00,-1.232120710151556997e+00,-3.501739411605117258e+00
1.081265576554450991e+00,-1.606721865463746735e+00,2.238078896853807009e+00,-2.925083002154921452e+00,-1.231912935853670010e+00,-3.501991780934501808e+00
1.080950197426791437e+00,-1.606693831423988694e+00,2.238031643172997853e+00,-2.924977867983362234e+00,-1.231705170079279155e+00,-3.502244195440768593e+00
1.080634804031228802e+00,-1.606665704807445971e+00,2.237984285310992139e+00,-2.924872662766767828e+00,-1.231497412839003713e+00,-3.502496654888773264e+00
1.080319396493142348e+00,-1.606637485798803722e+00,2.237936823508473783e+00,-2.924767386818356574e+00,-1.231289664143463414e+00,-3.502749159043369698e+00
1.080003974937910671e+00,-1.606609174582745991e+00,2.237889258006122262e+00,-2.924662040451348588e+00,-1.231081924003277317e+00,-3.503001707669412657e+00
1.079688539490913257e+00,-1.606580771343958158e+00,2.237841589044619717e+00,-2.924556623978963543e+00,-1.230874192429065150e+00,-3.503254300531757792e+00
1.079373090277528258e+00,-1.606552276267124935e+00,2.237793816864647400e+00,-2.924451137714420668e+00,-1.230666469431445975e+00,-3.503506937395259868e+00
1.079057627423134935e+00,-1.606523689536930588e+00,2.237745941706887454e+00,-2.924345581970940078e+00,-1.230458755021039741e+00,-3.503759618024772760e+00
1.078742151053111886e+00,-1.606495011338060275e+00,2.237697963812020685e+00,-2.924239957061740558e+00,-1.230251049208465508e+00,-3.504012342185152118e+00
1.078426661292838595e+00,-1.606466241855199151e+00,2.237649883420727459e+00,-2.924134263300042225e+00,-1.230043352004343005e+00,-3.504265109641253151e+00
1.078111158267693215e+00,-1.606437381273031262e+00,2.237601700773691693e+00,-2.924028500999064750e+00,-1.229835663419291292e+00,-3.504517920157929733e+00
1.077795642103055229e+00,-1.606408429776241986e+00,2.237553416111592419e+00,-2.923922670472027807e+00,-1.229627983463930097e+00,-3.504770773500037073e+00
1.077480112924303457e+00,-1.606379387549516036e+00,2.237505029675112667e+00,-2.923816772032150624e+00,-1.229420312148879146e+00,-3.505023669432429934e+00
1.077164570856816495e+00,-1.606350254777537900e+00,2.237456541704932800e+00,-2.923710805992652872e+00,-1.229212649484757502e+00,-3.505276607719963522e+00
1.076849016025973382e+00,-1.606321031644992514e+00,2.237407952441734960e+00,-2.923604772666754226e+00,-1.229004995482184448e+00,-3.505529588127492158e+00
1.076533448557152939e+00,-1.606291718336564811e+00,2.237359262126200399e+00,-2.923498672367673912e+00,-1.228797350151779710e+00,-3.505782610419870604e+00
1.076217868575734649e+00,-1.606262315036939281e+00,2.237310470999010370e+00,-2.923392505408632491e+00,-1.228589713504162795e+00,-3.506035674361954513e+00
1.075902276207096220e+00,-1.606232821930801302e+00,2.237261579300846126e+00,-2.923286272102848748e+00,-1.228382085549952984e+00,-3.506288779718597759e+00
1.075586671576617581e+00,-1.606203239202834920e+00,2.237212587272389808e+00,-2.923179972763542356e+00,-1.228174466299769785e+00,-3.506541926254655106e+00
1.075271054809677329e+00,-1.606173567037725292e+00,2.237163495154322224e+00,-2.923073607703932542e+00,-1.227966855764232479e+00,-3.506795113734982206e+00
1.074955426031654060e+00,-1.606143805620157572e+00,2.237114303187324627e+00,-2.922967177237240755e+00,-1.227759253953961016e+00,-3.507048341924433377e+00
1.074639785367927258e+00,-1.606113955134815807e+00,2.237065011612079157e+00,-2.922860681676684003e+00,-1.227551660879574014e+00,-3.507301610587863383e+00
1.074324132943875298e+00,-1.606084015766384931e+00,2.237015620669266625e+00,-2.922754121335483735e+00,-1.227344076551691421e+00,-3.507554919490127432e+00
1.074008468884877443e+00,-1.606053987699550323e+00,2.236966130599569169e+00,-2.922647496526858735e+00,-1.227136500980932965e+00,-3.507808268396079843e+00
1.073692793316312066e+00,-1.606023871118996249e+00,2.236916541643666712e+00,-2.922540807564028231e+00,-1.226928934177917707e+00,-3.508061657070575823e+00
1.073377106363558653e+00,-1.605993666209407644e+00,2.236866854042242725e+00,-2.922434054760212785e+00,-1.226721376153264931e+00,-3.508315085278470580e+00
1.073061408151995577e+00,-1.605963373155469665e+00,2.236817068035977130e+00,-2.922327238428631624e+00,-1.226513826917594363e+00,-3.508568552784617989e+00
1.072745698807002324e+00,-1.605932992141866356e+00,2.236767183865552067e+00,-2.922220358882503533e+00,-1.226306286481525731e+00,-3.508822059353873701e+00
1.072429978453957267e+00,-1.605902523353283096e+00,2.236717201771648345e+00,-2.922113416435049960e+00,-1.226098754855677875e+00,-3.509075604751091593e+00
1.072114247218239225e+00,-1.605871966974404375e+00,2.236667121994948548e+00,-2.922006411399488801e+00,-1.225891232050670299e+00,-3.509329188741127314e+00
1.071798505225227682e+00,-1.605841323189915348e+00,2.236616944776132154e+00,-2.921899344089039730e+00,-1.225683718077122730e+00,-3.509582811088835186e+00
1.071482752600301014e+00,-1.605810592184500063e+00,2.236566670355882636e+00,-2.921792214816923750e+00,-1.225476212945654675e+00,-3.509836471559070858e+00
1.071166989468838482e+00,-1.605779774142844341e+00,2.236516298974879913e+00,-2.921685023896358757e+00,-1.225268716666885638e+00,-3.510090169916688208e+00
1.070851215956218461e+00,-1.605748869249631783e+00,2.236465830873807015e+00,-2.921577771640565757e+00,-1.225061229251434680e+00,-3.510343905926542440e+00
1.070535432187820657e+00,-1.605717877689548434e+00,2.236415266293342974e+00,-2.921470458362763534e+00,-1.224853750709921307e+00,-3.510597679353488321e+00
1.070219638289023223e+00,-1.605686799647278118e+00,2.236364605474171707e+00,-2.921363084376171315e+00,-1.224646281052965247e+00,-3.510851489962381056e+00
1.069903834385205643e+00,-1.605655635307505991e+00,2.236313848656973580e+00,-2.921255649994010106e+00,-1.224438820291185781e+00,-3.511105337518074521e+00
1.069588020601746070e+00,-1.605624384854917208e+00,2.236262996082429400e+00,-2.921148155529497803e+00,-1.224231368435202194e+00,-3.511359221785424811e+00
1.069272197064024210e+00,-1.605593048474195594e+00,2.236212047991221752e+00,-2.921040601295854522e+00,-1.224023925495634213e+00,-3.511613142529286247e+00
1.068956363897417994e+00,-1.605561626350026971e+00,2.236161004624030557e+00,-2.920932987606301268e+00,-1.223816491483101121e+00,-3.511867099514513146e+00
1.068640521227307350e+00,-1.605530118667095829e+00,2.236109866221539733e+00,-2.920825314774055936e+00,-1.223609066408222423e+00,-3.512121092505960274e+00
1.068324669179070652e+00,-1.605498525610086213e+00,2.236058633024427422e+00,-2.920717583112338200e+00,-1.223401650281617625e+00,-3.512375121268483280e+00
1.068008807878086497e+00,-1.605466847363683724e+00,2.236007305273377987e+00,-2.920609792934369509e+00,-1.223194243113906010e+00,-3.512629185566936485e+00
1.067692937449734369e+00,-1.605435084112573518e+00,2.235955883209071349e+00,-2.920501944553366869e+00,-1.222986844915707083e+00,-3.512883285166174652e+00
1.067377058019393088e+00,-1.605403236041439197e+00,2.235904367072189203e+00,-2.920394038282550842e+00,-1.222779455697640349e+00,-3.513137419831052988e+00
1.067061169712441249e+00,-1.605371303334966138e+00,2.235852757103412358e+00,-2.920286074435142432e+00,-1.222572075470325093e+00,-3.513391589326426256e+00
1.066745272659777033e+00,-1.605339286174993330e+00,2.235801053540578565e+00,-2.920178053324119727e+00,-1.222364704248606770e+00,-3.513645793413827434e+00
1.066429367161374042e+00,-1.605307184656168396e+00,2.235749256534353968e+00,-2.920069975255126682e+00,-1.222157342176775963e+00,-3.513900031753051323e+00
1.066113453713644743e+00,-1.605274998771838213e+00,2.235697366134132391e+00,-2.919961840525280294e+00,-1.221949989549520721e+00,-3.514154303885684616e+00
1.065797532824032334e+00,-1.605242728509660655e+00,2.235645382383619317e+00,-2.919853649431220610e+00,-1.221742646669972565e+00,-3.514408609346677981e+00
1.065481604999979792e+00,-1.605210373857294703e+00,2.235593305326520674e+00,-2.919745402269586343e+00,-1.221535313841264792e+00,-3.514662947670981641e+00
1.065165670748930316e+00,-1.605177934802397566e+00,2.235541135006541946e+00,-2.919637099337015318e+00,-1.221327991366529586e+00,-3.514917318393545820e+00
1.064849730578327325e+00,-1.605145411332628447e+00,2.235488871467389060e+00,-2.919528740930148913e+00,-1.221120679548899357e+00,-3.515171721049320741e+00
1.064533784995613130e+00,-1.605112803435644775e+00,2.235436514752767945e+00,-2.919420327345625399e+00,-1.220913378691506290e+00,-3.515426155173256184e+00
1.064217834508231819e+00,-1.605080111099105533e+00,2.235384064906384527e+00,-2.919311858880083488e+00,-1.220706089097483904e+00,-3.515680620300302373e+00
1.063901879623626145e+00,-1.605047334310668372e+00,2.235331521971944291e+00,-2.919203335830162338e+00,-1.220498811069963496e+00,-3.515935115965409530e+00
1.063585920849238864e+00,-1.605014473057991831e+00,2.235278885993153164e+00,-2.919094758492501551e+00,-1.220291544912078363e+00,-3.516189641703528324e+00
1.063269958692513617e+00,-1.604981527328733781e+00,2.235226157013716630e+00,-2.918986127163739841e+00,-1.220084290926960247e+00,-3.516444197049608533e+00
1.062953993660893381e+00,-1.604948497110552985e+00,2.235173335077341950e+00,-2.918877442140517253e+00,-1.219877049417742221e+00,-3.516698781538599938e+00
1.062638026261821134e+00,-1.604915382391107315e+00,2.235120420227733273e+00,-2.918768703719471169e+00,-1.219669820687556694e+00,-3.516953394705454095e+00
1.062322057002740294e+00,-1.604882183158055309e+00,2.235067412508596973e+00,-2.918659912197242523e+00,-1.219462605039535852e+00,-3.517208036085119893e+00
1.062006086391093840e+00,-1.604848899399054840e+00,2.235014311963638978e+00,-2.918551067870469584e+00,-1.219255402776812547e+00,-3.517462705212547114e+00
1.061690114934324525e+00,-1.604815531101764225e+00,2.234961118636565214e+00,-2.918442171035791510e+00,-1.219048214202518965e+00,-3.517717401622687756e+00
1.061374143139875992e+00,-1.604782078253841782e+00,2.234907832571081610e+00,-2.918333221989847903e+00,-1.218841039619787514e+00,-3.517972124850489823e+00
1.061058171515191217e+00,-1.604748540842945603e+00,2.234854453810893204e+00,-2.918224221029277476e+00,-1.218633879331751046e+00,-3.518226874430904871e+00
1.060742200567713178e+00,-1.604714918856734451e+00,2.234800982399706371e+00,-2.918115168450718944e+00,-1.218426733641541748e+00,-3.518481649898883568e+00
1.060426230804885517e+00,-1.604681212282865754e+00,2.234747418381226591e+00,-2.918006064550811907e+00,-1.218219602852292027e+00,-3.518736450789374359e+00
1.060110262734150544e+00,-1.604647421108998495e+00,2.234693761799160239e+00,-2.917896909626196411e+00,-1.218012487267134514e+00,-3.518991276637328802e+00
1.059794296862951901e+00,-1.604613545322790102e+00,2.234640012697212796e+00,-2.917787703973509839e+00,-1.217805387189201616e+00,-3.519246126977697120e+00
1.059478333698732566e+00,-1.604579584911899781e+00,2.234586171119089304e+00,-2.917678447889392679e+00,-1.217598302921626185e+00,-3.519501001345428204e+00
1.059162373748935959e+00,-1.604545539863985182e+00,2.234532237108497466e+00,-2.917569141670483202e+00,-1.217391234767540187e+00,-3.519755899275473610e+00
1.058846417521004613e+00,-1.604511410166704399e+00,2.234478210709140988e+00,-2.917459785613420564e+00,-1.217184183030076250e+00,-3.520010820302782228e+00
1.058530465522382391e+00,-1.604477195807715972e+00,2.234424091964727577e+00,-2.917350380014845257e+00,-1.216977148012367005e+00,-3.520265763962305172e+00
1.058214518260511605e+00,-1.604442896774677996e+00,2.234369880918961826e+00,-2.917240925171395105e+00,-1.216770130017544416e+00,-3.520520729788993108e+00
1.057898576242836119e+00,-1.604408513055248786e+00,2.234315577615549220e+00,-2.917131421379709266e+00,-1.216563129348741779e+00,-3.520775717317794928e+00
1.057582639976798466e+00,-1.604374044637086438e+00,2.234261182098197018e+00,-2.917021868936427342e+00,-1.216356146309090835e+00,-3.521030726083661300e+00
1.057266709969842733e+00,-1.604339491507849491e+00,2.234206694410609817e+00,-2.916912268138188935e+00,-1.216149181201724216e+00,-3.521285755621542890e+00
1.056950786729410563e+00,-1.604304853655195817e+00,2.234152114596494432e+00,-2.916802619281631426e+00,-1.215942234329774996e+00,-3.521540805466389035e+00
1.056634870762946488e+00,-1.604270131066783733e+00,2.234097442699555014e+00,-2.916692922663395748e+00,-1.215735305996374915e+00,-3.521795875153150845e+00
1.056318962577892817e+00,-1.604235323730271778e+00,2.234042678763499268e+00,-2.916583178580119728e+00,-1.215528396504656827e+00,-3.522050964216777658e+00
1.056003062681692750e+00,-1.604200431633317825e+00,2.233987822832031789e+00,-2.916473387328443856e+00,-1.215321506157753140e+00,-3.522306072192219695e+00
1.055687171581789707e+00,-1.604165454763580190e+00,2.233932874948858505e+00,-2.916363549205006400e+00,-1.215114635258796261e+00,-3.522561198614428069e+00
1.055371289785626665e+00,-1.604130393108717412e+00,2.233877835157685787e+00,-2.916253664506446075e+00,-1.214907784110918820e+00,-3.522816343018351670e+00
1.055055417800646822e+00,-1.604095246656387141e+00,2.233822703502219120e+00,-2.916143733529402926e+00,-1.214700953017253005e+00,-3.523071504938941612e+00
1.054739556134293155e+00,-1.604060015394248140e+00,2.233767480026164876e+00,-2.916033756570516555e+00,-1.214494142280931666e+00,-3.523326683911148116e+00
1.054423705294008862e+00,-1.604024699309958724e+00,2.233712164773227649e+00,-2.915923733926423900e+00,-1.214287352205086989e+00,-3.523581879469920519e+00
1.054107865787237142e+00,-1.603989298391176099e+00,2.233656757787114255e+00,-2.915813665893766338e+00,-1.214080583092851384e+00,-3.523837091150209933e+00
1.053792038121421193e+00,-1.603953812625559916e+00,2.233601259111529735e+00,-2.915703552769182583e+00,-1.213873835247357924e+00,-3.524092318486965691e+00
1.053476222804003548e+00,-1.603918242000767380e+00,2.233545668790180905e+00,-2.915593394849310016e+00,-1.213667108971738351e+00,-3.524347561015138464e+00
1.053160420342428072e+00,-1.603882586504457253e+00,2.233489986866772803e+00,-2.915483192430790016e+00,-1.213460404569125295e+00,-3.524602818269678473e+00
1.052844631244137741e+00,-1.603846846124287406e+00,2.233434213385011358e+00,-2.915372945810260852e+00,-1.213253722342651608e+00,-3.524858089785535498e+00
1.052528856016575531e+00,-1.603811020847916602e+00,2.233378348388602497e+00,-2.915262655284361237e+00,-1.213047062595449477e+00,-3.525113375097660207e+00
1.052213095167184420e+00,-1.603775110663002490e+00,2.233322391921252148e+00,-2.915152321149730774e+00,-1.212840425630651309e+00,-3.525368673741002823e+00
1.051897349203408050e+00,-1.603739115557203609e+00,2.233266344026665351e+00,-2.915041943703009064e+00,-1.212633811751389956e+00,-3.525623985250513126e+00
1.051581618632688953e+00,-1.603703035518178055e+00,2.233210204748548922e+00,-2.914931523240833933e+00,-1.212427221260797383e+00,-3.525879309161140895e+00
1.051265903962470327e+00,-1.603666870533584143e+00,2.233153974130608788e+00,-2.914821060059845870e+00,-1.212220654462006664e+00,-3.526134645007837243e+00
1.050950205700195816e+00,-1.603630620591080191e+00,2.233097652216549989e+00,-2.914710554456683145e+00,-1.212014111658149540e+00,-3.526389992325551948e+00
1.050634524353307730e+00,-1.603594285678324294e+00,2.233041239050078453e+00,-2.914600006727984915e+00,-1.211807593152358864e+00,-3.526645350649234789e+00
1.050318860429250156e+00,-1.603557865782974989e+00,2.232984734674900107e+00,-2.914489417170390784e+00,-1.211601099247767488e+00,-3.526900719513836879e+00
1.050003214435465404e+00,-1.603521360892690151e+00,2.232928139134720880e+00,-2.914378786080539463e+00,-1.211394630247507598e+00,-3.527156098454307553e+00
1.049687586879397116e+00,-1.603484770995128095e+00,2.232871452473246698e+00,-2.914268113755070999e+00,-1.211188186454711380e+00,-3.527411487005597923e+00
1.049371978268488270e+00,-1.603448096077946916e+00,2.232814674734183491e+00,-2.914157400490623218e+00,-1.210981768172511464e+00,-3.527666884702656436e+00
1.049056389110181842e+00,-1.603411336128805154e+00,2.232757805961236297e+00,-2.914046646583835720e+00,-1.210775375704040480e+00,-3.527922291080434647e+00
1.048740819911921252e+00,-1.603374491135360680e+00,2.232700846198111488e+00,-2.913935852331348553e+00,-1.210569009352431058e+00,-3.528177705673882780e+00
1.048425271181149254e+00,-1.603337561085272478e+00,2.232643795488514993e+00,-2.913825018029799985e+00,-1.210362669420814941e+00,-3.528433128017950615e+00
1.048109743425309270e+00,-1.603300545966197532e+00,2.232586653876150962e+00,-2.913714143975828286e+00,-1.210156356212325424e+00,-3.528688557647588375e+00
1.047794237151844277e+00,-1.603263445765795492e+00,2.232529421404727987e+00,-2.913603230466074390e+00,-1.209950070030094693e+00,-3.528943994097745840e+00
1.047478752868197471e+00,-1.603226260471723563e+00,2.232472098117950665e+00,-2.913492277797176566e+00,-1.209743811177254935e+00,-3.529199436903374121e+00
1.047163291081812053e+00,-1.603188990071640285e+00,2.232414684059524479e+00,-2.913381286265773529e+00,-1.209537579956939446e+00,-3.529454885599422997e+00
1.046847852300130999e+00,-1.603151634553203975e+00,2.232357179273155356e+00,-2.913270256168505323e+00,-1.209331376672279745e+00,-3.529710339720841805e+00
1.046532437030597507e+00,-1.603114193904072948e+00,2.232299583802549225e+00,-2.913159187802011107e+00,-1.209125201626408685e+00,-3.529965798802582100e+00
1.046217045780654775e+00,-1.603076668111905301e+00,2.232241897691412014e+00,-2.913048081462928263e+00,-1.208919055122458674e+00,-3.530221262379592773e+00
1.045901679057745781e+00,-1.603039057164359127e+00,2.232184120983449205e+00,-2.912936937447898167e+00,-1.208712937463562342e+00,-3.530476729986824935e+00
1.045586337369313723e+00,-1.603001361049092965e+00,2.232126253722366727e+00,-2.912825756053559090e+00,-1.208506848952852319e+00,-3.530732201159228367e+00
1.045271021222801577e+00,-1.602963579753764467e+00,2.232068295951870951e+00,-2.912714537576549301e+00,-1.208300789893460570e+00,-3.530987675431753292e+00
1.044955731125652543e+00,-1.602925713266032837e+00,2.232010247715666917e+00,-2.912603282313509290e+00,-1.208094760588519945e+00,-3.531243152339349933e+00
1.044640467585310040e+00,-1.602887761573555503e+00,2.231952109057460998e+00,-2.912491990561077770e+00,-1.207888761341163075e+00,-3.531498631416968959e+00
1.044325231109217045e+00,-1.602849724663990783e+00,2.231893880020957788e+00,-2.912380662615893012e+00,-1.207682792454522147e+00,-3.531754112199559259e+00
1.044010022204816313e+00,-1.602811602524997436e+00,2.231835560649864547e+00,-2.912269298774595061e+00,-1.207476854231729346e+00,-3.532009594222071946e+00
1.043694841379551486e+00,-1.602773395144233337e+00,2.231777150987886760e+00,-2.912157899333823075e+00,-1.207270946975917747e+00,-3.532265077019457689e+00
1.043379689140865318e+00,-1.602735102509356135e+00,2.231718651078729909e+00,-2.912046464590216210e+00,-1.207065070990219535e+00,-3.532520560126664932e+00
1.043064565996201010e+00,-1.602696724608025258e+00,2.231660060966099923e+00,-2.911934994840413626e+00,-1.206859226577767341e+00,-3.532776043078645678e+00
1.042749472453002202e+00,-1.602658261427898134e+00,2.231601380693702730e+00,-2.911823490381053148e+00,-1.206653414041693351e+00,-3.533031525410349261e+00
1.042434409018711206e+00,-1.602619712956633524e+00,2.231542610305244256e+00,-2.911711951508775709e+00,-1.206447633685130194e+00,-3.533287006656725904e+00
1.042119376200771441e+00,-1.602581079181888857e+00,2.231483749844429987e+00,-2.911600378520219579e+00,-1.206241885811210501e+00,-3.533542486352726275e+00
1.041804374506626552e+00,-1.602542360091323115e+00,2.231424799354965405e+00,-2.911488771712023471e+00,-1.206036170723066459e+00,-3.533797964033299710e+00
1.041489404443719069e+00,-1.602503555672594393e+00,2.231365758880557326e+00,-2.911377131380828320e+00,-1.205830488723830918e+00,-3.534053439233396432e+00
1.041174466519491970e+00,-1.602464665913360120e+00,2.231306628464910791e+00,-2.911265457823271507e+00,-1.205624840116636065e+00,-3.534308911487967553e+00
1.040859561064115590e+00,-1.602425690756297483e+00,2.231247408095235141e+00,-2.911153751269921042e+00,-1.205419225089897406e+00,-3.534564380477674739e+00
1.040544687288666559e+00,-1.602386629860115708e+00,2.231188097402089454e+00,-2.911042011534253682e+00,-1.205213643107845511e+00,-3.534819846803035848e+00
1.040229843968731194e+00,-1.602347482773021303e+00,2.231128695877241608e+00,-2.910930238267434245e+00,-1.205008093352896381e+00,-3.535075311422526845e+00
1.039915029878917929e+00,-1.602308249042972310e+00,2.231069203012150393e+00,-2.910818431120264282e+00,-1.204802575006833631e+00,-3.535330775295427053e+00
1.039600243793836087e+00,-1.602268928217926991e+00,2.231009618298271935e+00,-2.910706589743544015e+00,-1.204597087251440879e+00,-3.535586239381014462e+00
1.039285484488093214e+00,-1.602229519845843164e+00,2.230949941227065025e+00,-2.910594713788074106e+00,-1.204391629268501740e+00,-3.535841704638569727e+00
1.038970750736298632e+00,-1.602190023474678648e+00,2.230890171289985791e+00,-2.910482802904656996e+00,-1.204186200239799387e+00,-3.536097172027371283e+00
1.038656041313060552e+00,-1.602150438652392372e+00,2.230830307978492577e+00,-2.910370856744092016e+00,-1.203980799347117880e+00,-3.536352642506698007e+00
1.038341354992987631e+00,-1.602110764926941711e+00,2.230770350784042400e+00,-2.910258874957182051e+00,-1.203775425772240393e+00,-3.536608117035829224e+00
1.038026690550688969e+00,-1.602071001846284926e+00,2.230710299198091384e+00,-2.910146857194726877e+00,-1.203570078696950763e+00,-3.536863596574045587e+00
1.037712046760772777e+00,-1.602031148958379836e+00,2.230650152712099654e+00,-2.910034803107527601e+00,-1.203364757303032606e+00,-3.537119082080623755e+00
1.037397422397847713e+00,-1.601991205811185592e+00,2.230589910817522448e+00,-2.909922712346385776e+00,-1.203159460772269318e+00,-3.537374574514844383e+00
1.037082816236522431e+00,-1.601951171952659125e+00,2.230529573005818111e+00,-2.909810584562101621e+00,-1.202954188286444515e+00,-3.537630074835986793e+00
1.036768227051405145e+00,-1.601911046930758697e+00,2.230469138768444104e+00,-2.909698419405477132e+00,-1.202748939027341368e+00,-3.537885584003329864e+00
1.036453653617105397e+00,-1.601870830293442793e+00,2.230408607596857440e+00,-2.909586216527312530e+00,-1.202543712176744162e+00,-3.538141102976152474e+00
1.036139094708230957e+00,-1.601830521588669232e+00,2.230347978982516022e+00,-2.909473975578409810e+00,-1.202338506916436067e+00,-3.538396632713734391e+00
1.035824549099390701e+00,-1.601790120364396053e+00,2.230287252416876420e+00,-2.909361696209568748e+00,-1.202133322428200701e+00,-3.538652174175354048e+00
1.035510015565193509e+00,-1.601749626168581520e+00,2.230226427391397426e+00,-2.909249378071590453e+00,-1.201928157893821680e+00,-3.538907728320291657e+00
1.035195492880247370e+00,-1.601709038549183894e+00,2.230165503397534721e+00,-2.909137020815277364e+00,-1.201723012495082399e+00,-3.539163296107825207e+00
1.034880979819161384e+00,-1.601668357054160552e+00,2.230104479926747096e+00,-2.909024624091428812e+00,-1.201517885413766695e+00,-3.539418878497234466e+00
1.034566475156543985e+00,-1.601627581231470421e+00,2.230043356470491567e+00,-2.908912187550846795e+00,-1.201312775831657964e+00,-3.539674476447799201e+00
1.034251977667004052e+00,-1.601586710629071098e+00,2.229982132520224702e+00,-2.908799710844331976e+00,-1.201107682930539822e+00,-3.539930090918797401e+00
1.033937486125150018e+00,-1.601545744794920845e+00,2.229920807567405738e+00,-2.908687193622685907e+00,-1.200902605892195663e+00,-3.540185722869508833e+00
1.033622999305590540e+00,-1.601504683276977259e+00,2.229859381103490801e+00,-2.908574635536709252e+00,-1.200697543898409325e+00,-3.540441373259213265e+00
1.033308515982933828e+00,-1.601463525623199491e+00,2.229797852619937348e+00,-2.908462036237202231e+00,-1.200492496130964204e+00,-3.540697043047189130e+00
1.032994034931789207e+00,-1.601422271381544249e+00,2.229736221608203728e+00,-2.908349395374967283e+00,-1.200287461771644137e+00,-3.540952733192715307e+00
1.032679554926764443e+00,-1.601380920099970684e+00,2.229674487559745621e+00,-2.908236712600804186e+00,-1.200082440002231854e+00,-3.541208444655071563e+00
1.032365074742469080e+00,-1.601339471326436614e+00,2.229612649966021820e+00,-2.908123987565515378e+00,-1.199877430004512302e+00,-3.541464178393537221e+00
1.032050593153510887e+00,-1.601297924608900081e+00,2.229550708318489338e+00,-2.908011219919900192e+00,-1.199672430960267766e+00,-3.541719935367391159e+00
1.031736108934499407e+00,-1.601256279495318902e+00,2.229488662108606079e+00,-2.907898409314760624e+00,-1.199467442051282529e+00,-3.541975716535912699e+00
1.031421620860042188e+00,-1.601214535533651340e+00,2.229426510827828611e+00,-2.907785555400898225e+00,-1.199262462459339762e+00,-3.542231522858380721e+00
1.031107127704748327e+00,-1.601172692271855658e+00,2.229364253967615284e+00,-2.907672657829112328e+00,-1.199057491366223527e+00,-3.542487355294074547e+00
1.030792628243226927e+00,-1.601130749257889896e+00,2.229301891019422666e+00,-2.907559716250205817e+00,-1.198852527953716995e+00,-3.542743214802273943e+00
1.030478121250085533e+00,-1.601088706039711873e+00,2.229239421474708216e+00,-2.907446730314978467e+00,-1.198647571403603784e+00,-3.542999102342256901e+00
1.030163605499933688e+00,-1.601046562165279852e+00,2.229176844824930726e+00,-2.907333699674231386e+00,-1.198442620897667288e+00,-3.543255018873303186e+00
1.029849079767379827e+00,-1.601004317182551873e+00,2.229114160561545432e+00,-2.907220623978766572e+00,-1.198237675617691789e+00,-3.543510965354692566e+00
1.029534542827032162e+00,-1.600961970639486198e+00,2.229051368176011128e+00,-2.907107502879384242e+00,-1.198032734745460015e+00,-3.543766942745703474e+00
1.029219993453499571e+00,-1.600919522084040425e+00,2.228988467159784825e+00,-2.906994336026885506e+00,-1.197827797462755806e+00,-3.544022952005615679e+00
1.028905430424257972e+00,-1.600876971063939891e+00,2.228925457004268917e+00,-2.906881123072995621e+00,-1.197622862953266143e+00,-3.544278994091438761e+00
1.028590852940843403e+00,-1.600834317092360015e+00,2.228862337192655030e+00,-2.906767863806208219e+00,-1.197417930682185716e+00,-3.544535069624613843e+00
1.028276261073514997e+00,-1.600791559611701498e+00,2.228799107191316242e+00,-2.906654558295195478e+00,-1.197213000691401019e+00,-3.544791178539138610e+00
1.027961654998945429e+00,-1.600748698055696417e+00,2.228735766464565504e+00,-2.906541206642947905e+00,-1.197008073093439817e+00,-3.545047320684803438e+00
1.027647034893806710e+00,-1.600705731858075520e+00,2.228672314476715766e+00,-2.906427808952458669e+00,-1.196803148000830097e+00,-3.545303495911398262e+00
1.027332400934771961e+00,-1.600662660452570440e+00,2.228608750692080420e+00,-2.906314365326718718e+00,-1.196598225526099624e+00,-3.545559704068714790e+00
1.027017753298512748e+00,-1.600619483272912147e+00,2.228545074574971530e+00,-2.906200875868720779e+00,-1.196393305781775496e+00,-3.545815945006542957e+00
1.026703092161701969e+00,-1.600576199752832496e+00,2.228481285589702932e+00,-2.906087340681456244e+00,-1.196188388880386144e+00,-3.546072218574673141e+00
1.026388417701011635e+00,-1.600532809326062456e+00,2.228417383200586688e+00,-2.905973759867916950e+00,-1.195983474934458668e+00,-3.546328524622896161e+00
1.026073730093114422e+00,-1.600489311426333661e+00,2.228353366871936192e+00,-2.905860133531094736e+00,-1.195778564056521498e+00,-3.546584863001002397e+00
1.025759029514682119e+00,-1.600445705487377079e+00,2.228289236068064394e+00,-2.905746461773981881e+00,-1.195573656359102177e+00,-3.546841233558781337e+00
1.025444316142387402e+00,-1.600401990942924568e+00,2.228224990253285132e+00,-2.905632744699570669e+00,-1.195368751954727804e+00,-3.547097636146025579e+00
1.025129590152902948e+00,-1.600358167226706874e+00,2.228160628891909578e+00,-2.905518982410852047e+00,-1.195163850955926810e+00,-3.547354070612523724e+00
1.024814851722900766e+00,-1.600314233772455630e+00,2.228096151448251572e+00,-2.905405175010818297e+00,-1.194958953475226737e+00,-3.547610536808067483e+00
1.024500101029052868e+00,-1.600270190013902472e+00,2.228031557386624950e+00,-2.905291322602461257e+00,-1.194754059625155129e+00,-3.547867034582447232e+00
1.024185338248032151e+00,-1.600226035384777923e+00,2.227966846171341775e+00,-2.905177425288773208e+00,-1.194549169518239973e+00,-3.548123563785452905e+00
1.023870563556511071e+00,-1.600181769318814284e+00,2.227902017266714552e+00,-2.905063483172745542e+00,-1.194344283267008811e+00,-3.548380124266874880e+00
1.023555777131161415e+00,-1.600137391249742302e+00,2.227837070137056674e+00,-2.904949496357370542e+00,-1.194139400983989185e+00,-3.548636715876504866e+00
1.023240979148655638e+00,-1.600092900611293389e+00,2.227772004246681092e+00,-2.904835464945639600e+00,-1.193934522781709529e+00,-3.548893338464132352e+00
1.022926169785666417e+00,-1.600048296837198958e+00,2.227706819059901200e+00,-2.904721389040544999e+00,-1.193729648772697161e+00,-3.549149991879548161e+00
1.022611349218866206e+00,-1.600003579361190420e+00,2.227641514041029058e+00,-2.904607268745078574e+00,-1.193524779069479180e+00,-3.549406675972542669e+00
1.022296517624926571e+00,-1.599958747616999188e+00,2.227576088654378061e+00,-2.904493104162232164e+00,-1.193319913784584241e+00,-3.549663390592906698e+00
1.021981675180520410e+00,-1.599913801038356231e+00,2.227510542364261603e+00,-2.904378895394997162e+00,-1.193115053030539663e+00,-3.549920135590430181e+00
1.021666822062320623e+00,-1.599868739058993183e+00,2.227444874634992189e+00,-2.904264642546366737e+00,-1.192910196919873433e+00,-3.550176910814904385e+00
1.021351958446998331e+00,-1.599823561112641235e+00,2.227379084930882769e+00,-2.904150345719331394e+00,-1.192705345565112873e+00,-3.550433716116119687e+00
1.021037084511226434e+00,-1.599778266633032020e+00,2.227313172716246292e+00,-2.904036005016884303e+00,-1.192500499078785969e+00,-3.550690551343865575e+00
1.020722200431677829e+00,-1.599732855053896730e+00,2.227247137455395709e+00,-2.903921620542016857e+00,-1.192295657573420486e+00,-3.550947416347933761e+00
1.020407306385024304e+00,-1.599687325808966332e+00,2.227180978612643969e+00,-2.903807192397720449e+00,-1.192090821161544190e+00,-3.551204310978114176e+00
1.020092402547938093e+00,-1.599641678331972905e+00,2.227114695652304022e+00,-2.903692720686986917e+00,-1.191885989955684177e+00,-3.551461235084197643e+00
1.019777489097091872e+00,-1.599595912056647196e+00,2.227048288038688817e+00,-2.903578205512808985e+00,-1.191681164068369103e+00,-3.551718188515974983e+00
1.019462566209157872e+00,-1.599550026416720838e+00,2.226981755236111749e+00,-2.903463646978178492e+00,-1.191476343612126287e+00,-3.551975171123235242e+00
1.019147634060808549e+00,-1.599504020845924801e+00,2.226915096708884878e+00,-2.903349045186086830e+00,-1.191271528699483273e+00,-3.552232182755771017e+00
1.018832692828716135e+00,-1.599457894777990941e+00,2.226848311921321599e+00,-2.903234400239525836e+00,-1.191066719442968269e+00,-3.552489223263371354e+00
1.018517742689552863e+00,-1.599411647646650225e+00,2.226781400337734862e+00,-2.903119712241487793e+00,-1.190861915955108374e+00,-3.552746292495827074e+00
1.018202783819991186e+00,-1.599365278885634067e+00,2.226714361422438060e+00,-2.903004981294963649e+00,-1.190657118348431576e+00,-3.553003390302928999e+00
1.017887816396703560e+00,-1.599318787928673880e+00,2.226647194639744143e+00,-2.902890207502946573e+00,-1.190452326735466082e+00,-3.553260516534467062e+00
1.017572840596362216e+00,-1.599272174209501074e+00,2.226579899453964728e+00,-2.902775390968428404e+00,-1.190247541228738992e+00,-3.553517671040232528e+00
1.017257856570861430e+00,-1.599225437088120039e+00,2.226512475255051804e+00,-2.902660531782856879e+00,-1.190042761926200843e+00,-3.553774853692942770e+00
1.016942864346743303e+00,-1.599178575551552628e+00,2.226444921056758286e+00,-2.902545629979286002e+00,-1.189837988852054051e+00,-3.554032064481305930e+00
1.016627863911003127e+00,-1.599131588469148380e+00,2.226377235754151585e+00,-2.902430685572343627e+00,-1.189633222007234759e+00,-3.554289303430623104e+00
1.016312855250620872e+00,-1.599084474710211312e+00,2.226309418242253368e+00,-2.902315698576651837e+00,-1.189428461392670888e+00,-3.554546570566209596e+00
1.015997838352576066e+00,-1.599037233144047221e+00,2.226241467416085307e+00,-2.902200669006834488e+00,-1.189223707009288811e+00,-3.554803865913380267e+00
1.015682813203849122e+00,-1.598989862639960347e+00,2.226173382170669957e+00,-2.902085596877511442e+00,-1.189018958858016672e+00,-3.555061189497451313e+00
1.015367779791419345e+00,-1.598942362067255152e+00,2.226105161401028543e+00,-2.901970482203307000e+00,-1.188814216939781288e+00,-3.555318541343737149e+00
1.015052738102267371e+00,-1.598894730295236544e+00,2.226036804002182734e+00,-2.901855324998841468e+00,-1.188609481255510136e+00,-3.555575921477553081e+00
1.014737688123372950e+00,-1.598846966193209429e+00,2.225968308869154644e+00,-2.901740125278738258e+00,-1.188404751806130255e+00,-3.555833329924214414e+00
1.014422629841716050e+00,-1.598799068630478493e+00,2.225899674896967273e+00,-2.901624883057619009e+00,-1.188200028592568902e+00,-3.556090766709036455e+00
1.014107563244276644e+00,-1.598751036476348641e+00,2.225830900980640958e+00,-2.901509598350105801e+00,-1.187995311615754002e+00,-3.556348231857334508e+00
1.013792488318034035e+00,-1.598702868600124116e+00,2.225761986015198701e+00,-2.901394271170821160e+00,-1.187790600876612146e+00,-3.556605725394422990e+00
1.013477405049969082e+00,-1.598654563871110046e+00,2.225692928895661282e+00,-2.901278901534387167e+00,-1.187585896376071037e+00,-3.556863247345618984e+00
1.013162313427061534e+00,-1.598606121158611337e+00,2.225623728517051703e+00,-2.901163489455425015e+00,-1.187381198115057712e+00,-3.557120797736235129e+00
1.012847213436290916e+00,-1.598557539331932453e+00,2.225554383774391631e+00,-2.901048034948558563e+00,-1.187176506094499873e+00,-3.557378376591589397e+00
1.012532105064637422e+00,-1.598508817260377635e+00,2.225484893562702737e+00,-2.900932538028408558e+00,-1.186971820315324333e+00,-3.557635983936995316e+00
1.012216988299081244e+00,-1.598459953813252676e+00,2.225415256777006690e+00,-2.900816998709597971e+00,-1.186767140778458574e+00,-3.557893619797768192e+00
1.011901863126602130e+00,-1.598410947859861819e+00,2.225345472312325601e+00,-2.900701417006748439e+00,-1.186562467484830075e+00,-3.558151284199224218e+00
1.011586729534180051e+00,-1.598361798269509526e+00,2.225275539063681585e+00,-2.900585792934482487e+00,-1.186357800435365650e+00,-3.558408977166676479e+00
1.011271587508794534e+00,-1.598312503911500704e+00,2.225205455926096310e+00,-2.900470126507421753e+00,-1.186153139630993225e+00,-3.558666698725442945e+00
1.010956437037426214e+00,-1.598263063655140259e+00,2.225135221794591889e+00,-2.900354417740188762e+00,-1.185948485072639613e+00,-3.558924448900837145e+00
1.010641278107054841e+00,-1.598213476369732877e+00,2.225064835564189547e+00,-2.900238666647405594e+00,-1.185743836761232517e+00,-3.559182227718175273e+00
1.010326110704660163e+00,-1.598163740924583243e+00,2.224994296129912286e+00,-2.900122873243694777e+00,-1.185539194697698751e+00,-3.559440035202770858e+00
1.010010934817221928e+00,-1.598113856188996262e+00,2.224923602386780885e+00,-2.900007037543677946e+00,-1.185334558882966016e+00,-3.559697871379941425e+00
1.009695750431720995e+00,-1.598063821032276399e+00,2.224852753229818347e+00,-2.899891159561977627e+00,-1.185129929317961350e+00,-3.559955736275000060e+00
1.009380557535136225e+00,-1.598013634323728560e+00,2.224781747554045452e+00,-2.899775239313215014e+00,-1.184925306003612011e+00,-3.560213629913263400e+00
1.009065356114448475e+00,-1.597963294932657208e+00,2.224710584254484758e+00,-2.899659276812013520e+00,-1.184720688940845701e+00,-3.560471552320046751e+00
1.008750146156637051e+00,-1.597912801728367693e+00,2.224639262226158376e+00,-2.899543272072994782e+00,-1.184516078130589234e+00,-3.560729503520664085e+00
1.008434927648682145e+00,-1.597862153580164257e+00,2.224567780364087977e+00,-2.899427225110780881e+00,-1.184311473573770312e+00,-3.560987483540432041e+00
1.008119700577563949e+00,-1.597811349357352029e+00,2.224496137563294784e+00,-2.899311135939993900e+00,-1.184106875271315751e+00,-3.561245492404664592e+00
1.007804464930261767e+00,-1.597760387929235026e+00,2.224424332718801356e+00,-2.899195004575256807e+00,-1.183902283224153251e+00,-3.561503530138677931e+00
1.007489220693756238e+00,-1.597709268165118823e+00,2.224352364725629361e+00,-2.899078831031190351e+00,-1.183697697433209850e+00,-3.561761596767786475e+00
1.007173967855026886e+00,-1.597657988934307438e+00,2.224280232478801356e+00,-2.898962615322417946e+00,-1.183493117899413249e+00,-3.562019692317305974e+00
1.006858706365806766e+00,-1.597606549073825377e+00,2.224207934838880352e+00,-2.898846357448813471e+00,-1.183288544601569736e+00,-3.562277816842760014e+00
1.006543435322336588e+00,-1.597554946637204321e+00,2.224135469830098799e+00,-2.898730057052326448e+00,-1.183083976981591290e+00,-3.562535971132852808e+00
1.006228152939711906e+00,-1.597503178870988805e+00,2.224062834615275097e+00,-2.898613713406244852e+00,-1.182879413928395129e+00,-3.562794156731457829e+00
1.005912857392647242e+00,-1.597451242984741393e+00,2.223990026317752111e+00,-2.898497325766961730e+00,-1.182674854305555412e+00,-3.563052375217056422e+00
1.005597546855857560e+00,-1.597399136188024871e+00,2.223917042060873150e+00,-2.898380893390870128e+00,-1.182470296976647406e+00,-3.563310628168129490e+00
1.005282219504057384e+00,-1.597346855690401579e+00,2.223843878967981968e+00,-2.898264415534365313e+00,-1.182265740805246157e+00,-3.563568917163157490e+00
1.004966873511961900e+00,-1.597294398701434526e+00,2.223770534162420542e+00,-2.898147891453839442e+00,-1.182061184654925601e+00,-3.563827243780621323e+00
1.004651507054285409e+00,-1.597241762430685830e+00,2.223697004767531737e+00,-2.898031320405686007e+00,-1.181856627389261671e+00,-3.564085609599001003e+00
1.004336118305743097e+00,-1.597188944087718721e+00,2.223623287906659307e+00,-2.897914701646299829e+00,-1.181652067871828082e+00,-3.564344016196777876e+00
1.004020705441049488e+00,-1.597135940882095317e+00,2.223549380703146117e+00,-2.897798034432072622e+00,-1.181447504966200546e+00,-3.564602465152432842e+00
1.003705266634919990e+00,-1.597082750023378184e+00,2.223475280280335031e+00,-2.897681318019399210e+00,-1.181242937535953219e+00,-3.564860958044445916e+00
1.003389800062068904e+00,-1.597029368721130771e+00,2.223400983761569361e+00,-2.897564551664672639e+00,-1.181038364444661593e+00,-3.565119496451298442e+00
1.003074303897211417e+00,-1.596975794184915198e+00,2.223326488270191970e+00,-2.897447734624286397e+00,-1.180833784555899824e+00,-3.565378081951470879e+00
1.002758776315061384e+00,-1.596922023624293807e+00,2.223251790929545280e+00,-2.897330866154633977e+00,-1.180629196733242736e+00,-3.565636716123444128e+00
1.002443215490335104e+00,-1.596868054248829827e+00,2.223176888862973488e+00,-2.897213945512109756e+00,-1.180424599840266042e+00,-3.565895400545698646e+00
1.002127619597746211e+00,-1.596813883268085377e+00,2.223101779193819905e+00,-2.897096971953105893e+00,-1.180219992740543233e+00,-3.566154136796715779e+00
1.001811986812009669e+00,-1.596759507891623686e+00,2.223026459045425618e+00,-2.896979944734017209e+00,-1.180015374297650022e+00,-3.566412926454975540e+00
1.001496315307840668e+00,-1.596704925329006652e+00,2.222950925541135270e+00,-2.896862863111235864e+00,-1.179810743375161231e+00,-3.566671771098959276e+00
1.001180603259953950e+00,-1.596650132789797283e+00,2.222875175804290837e+00,-2.896745726341156679e+00,-1.179606098836651018e+00,-3.566930672307146555e+00
1.000864848843064481e+00,-1.596595127483558585e+00,2.222799206958236518e+00,-2.896628533680173145e+00,-1.179401439545694652e+00,-3.567189631658019167e+00
1.000549050231886561e+00,-1.596539906619852900e+00,2.222723016126314288e+00,-2.896511284384677420e+00,-1.179196764365866956e+00,-3.567448650730057569e+00
1.000233205601135156e+00,-1.596484467408242569e+00,2.222646600431867903e+00,-2.896393977711064327e+00,-1.178992072160742755e+00,-3.567707731101742219e+00
9.999173131255255642e-01,-1.596428807058290600e+00,2.222569956998239782e+00,-2.896276612915726467e+00,-1.178787361793896871e+00,-3.567966874351554907e+00
9.996013709797719748e-01,-1.596372922779559556e+00,2.222493082948774124e+00,-2.896159189255058664e+00,-1.178582632128903684e+00,-3.568226082057974757e+00
9.992853773385895755e-01,-1.596316811781612000e+00,2.222415975406812905e+00,-2.896041705985453074e+00,-1.178377882029338464e+00,-3.568485355799483560e+00
9.989693303766928878e-01,-1.596260471274010717e+00,2.222338631495699435e+00,-2.895924162363303633e+00,-1.178173110358776032e+00,-3.568744697154562218e+00
9.986532282687970996e-01,-1.596203898466318050e+00,2.222261048338777023e+00,-2.895806557645004720e+00,-1.177968315980790992e+00,-3.569004107701689854e+00
9.983370691896167326e-01,-1.596147090568097004e+00,2.222183223059387647e+00,-2.895688891086949379e+00,-1.177763497758957945e+00,-3.569263589019349148e+00
9.980208513138666415e-01,-1.596090044788910145e+00,2.222105152780875059e+00,-2.895571161945530214e+00,-1.177558654556852602e+00,-3.569523142686020556e+00
9.977045728162615701e-01,-1.596032758338320034e+00,2.222026834626583014e+00,-2.895453369477142047e+00,-1.177353785238048678e+00,-3.569782770280184092e+00
9.973882320064263451e-01,-1.595975228381689259e+00,2.221948265686275459e+00,-2.895335512988816085e+00,-1.177148888754378175e+00,-3.570042473271010763e+00
9.970718303055041698e-01,-1.595917451064970294e+00,2.221869442275274942e+00,-2.895217592955505737e+00,-1.176943966093194183e+00,-3.570302250606596228e+00
9.967553722509410186e-01,-1.595859421513136311e+00,2.221790359933272008e+00,-2.895099611021877628e+00,-1.176739020280501924e+00,-3.570562098710083010e+00
9.964388625160488511e-01,-1.595801134806648314e+00,2.221711014166140252e+00,-2.894981568883597145e+00,-1.176534054431188192e+00,-3.570822013894530134e+00
9.961223057741404041e-01,-1.595742586025966192e+00,2.221631400479753271e+00,-2.894863468236330117e+00,-1.176329071660140668e+00,-3.571081992472995292e+00
9.958057066985277483e-01,-1.595683770251551392e+00,2.221551514379984216e+00,-2.894745310775741931e+00,-1.176124075082246589e+00,-3.571342030758536623e+00
9.954890699625227324e-01,-1.595624682563863583e+00,2.221471351372708014e+00,-2.894627098197497528e+00,-1.175919067812393193e+00,-3.571602125064212707e+00
9.951724002394377600e-01,-1.595565318043363767e+00,2.221390906963797818e+00,-2.894508832197262738e+00,-1.175714052965467493e+00,-3.571862271703083014e+00
9.948557022025854568e-01,-1.595505671770512279e+00,2.221310176659127222e+00,-2.894390514470702502e+00,-1.175509033656356728e+00,-3.572122466988203460e+00
9.945389805252774496e-01,-1.595445738825769677e+00,2.221229155964569379e+00,-2.894272146713482208e+00,-1.175304012999948133e+00,-3.572382707232634402e+00
9.942222398808264749e-01,-1.595385514289596296e+00,2.221147840385999217e+00,-2.894153730621268128e+00,-1.175098994111129169e+00,-3.572642988749433535e+00
9.939054849425442706e-01,-1.595324993242453138e+00,2.221066225429289442e+00,-2.894035267889724761e+00,-1.174893980104787072e+00,-3.572903307851658994e+00
9.935887203837434622e-01,-1.595264170764800538e+00,2.220984306600313651e+00,-2.893916760214517936e+00,-1.174688974095808858e+00,-3.573163660852369805e+00
9.932719508777361206e-01,-1.595203041937099053e+00,2.220902079404946328e+00,-2.893798209291312595e+00,-1.174483979199081762e+00,-3.573424044064623661e+00
9.929551810978344273e-01,-1.595141601839808576e+00,2.220819539349060623e+00,-2.893679616815774125e+00,-1.174278998529493245e+00,-3.573684453801478256e+00
9.926384157173507861e-01,-1.595079845553390774e+00,2.220736681938530577e+00,-2.893560984483567911e+00,-1.174074035201930544e+00,-3.573944886375993502e+00
9.923216594095969345e-01,-1.595017768158305316e+00,2.220653502679229785e+00,-2.893442313990360226e+00,-1.173869092331280450e+00,-3.574205338101227536e+00
9.920049168478857204e-01,-1.594955364735013204e+00,2.220569997077031843e+00,-2.893323607031816014e+00,-1.173664173032430869e+00,-3.574465805290237164e+00
9.916881927055291035e-01,-1.594892630363974551e+00,2.220486160637810347e+00,-2.893204865303599771e+00,-1.173459280420268591e+00,-3.574726284256082298e+00
9.913714916558392654e-01,-1.594829560125650136e+00,2.220401988867438892e+00,-2.893086090501377772e+00,-1.173254417609681077e+00,-3.574986771311821077e+00
9.910548183721282767e-01,-1.594766149100500519e+00,2.220317477271791518e+00,-2.892967284320815402e+00,-1.173049587715555342e+00,-3.575247262770510748e+00
9.907381775277086522e-01,-1.594702392368986033e+00,2.220232621356742264e+00,-2.892848448457577604e+00,-1.172844793852778622e+00,-3.575507754945210781e+00
9.904215737958925736e-01,-1.594638285011567236e+00,2.220147416628164727e+00,-2.892729584607330207e+00,-1.172640039136238377e+00,-3.575768244148979758e+00
9.901050118499922226e-01,-1.594573822108704908e+00,2.220061858591931614e+00,-2.892610694465738153e+00,-1.172435326680821843e+00,-3.576028726694874482e+00
9.897884963633195587e-01,-1.594508998740859385e+00,2.219975942753916964e+00,-2.892491779728467272e+00,-1.172230659601416036e+00,-3.576289198895954868e+00
9.894720320091872079e-01,-1.594443809988491667e+00,2.219889664619995262e+00,-2.892372842091182505e+00,-1.172026041012908415e+00,-3.576549657065278609e+00
9.891556229871142358e-01,-1.594378250580177125e+00,2.219803019310706116e+00,-2.892253883046751461e+00,-1.171821473732057584e+00,-3.576810097920862574e+00
9.888392640017906743e-01,-1.594312308192727068e+00,2.219715994224500832e+00,-2.892134900023948685e+00,-1.171616954601122584e+00,-3.577070526296106667e+00
9.885229409824440872e-01,-1.594245963985454928e+00,2.219628569622795311e+00,-2.892015886695370241e+00,-1.171412474940513038e+00,-3.577330954524941209e+00
9.882066395286623894e-01,-1.594179198872852421e+00,2.219540725498912348e+00,-2.891896836592515285e+00,-1.171208025863217372e+00,-3.577591395223044035e+00
9.878903452400329410e-01,-1.594111993769411484e+00,2.219452441846174739e+00,-2.891777743246883858e+00,-1.171003598482223573e+00,-3.577851861006092982e+00
9.875740437161435459e-01,-1.594044329589623610e+00,2.219363698657904393e+00,-2.891658600189976003e+00,-1.170799183910520735e+00,-3.578112364489766328e+00
9.872577205565815639e-01,-1.593976187247980736e+00,2.219274475927424550e+00,-2.891539400953289096e+00,-1.170594773261095956e+00,-3.578372918289743687e+00
9.869413613609346880e-01,-1.593907547658975021e+00,2.219184753648057118e+00,-2.891420139068324513e+00,-1.170390357646938773e+00,-3.578633535021700229e+00
9.866249517287907222e-01,-1.593838391737097071e+00,2.219094511813124893e+00,-2.891300808066580519e+00,-1.170185928181036505e+00,-3.578894227301316011e+00
9.863084772597371375e-01,-1.593768700396839710e+00,2.219003730415950670e+00,-2.891181401479558044e+00,-1.169981475976377805e+00,-3.579155007744269756e+00
9.859919235533612936e-01,-1.593698454552693988e+00,2.218912389449855471e+00,-2.891061912838754466e+00,-1.169776992145950878e+00,-3.579415888966238413e+00
9.856752762092511055e-01,-1.593627635119152064e+00,2.218820468908163868e+00,-2.890942335675670272e+00,-1.169572467802744153e+00,-3.579676883582900704e+00
9.853585208269941553e-01,-1.593556223010705875e+00,2.218727948784196879e+00,-2.890822663521805502e+00,-1.169367894059746060e+00,-3.579938004209934910e+00
9.850416430061780249e-01,-1.593484199141846691e+00,2.218634809071276415e+00,-2.890702889908658424e+00,-1.169163262029944361e+00,-3.580199263463018422e+00
9.847246283463901850e-01,-1.593411544427066229e+00,2.218541029762727046e+00,-2.890583008367729079e+00,-1.168958562826327485e+00,-3.580460673957829965e+00
9.844074624472183288e-01,-1.593338239780856425e+00,2.218446590851870237e+00,-2.890463012430517065e+00,-1.168753787561884305e+00,-3.580722248310047817e+00
9.840901309082501491e-01,-1.593264266117709216e+00,2.218351472332027896e+00,-2.890342895628521536e+00,-1.168548927349602584e+00,-3.580983999135349816e+00
9.837726193290732279e-01,-1.593189604352116318e+00,2.218255654196523707e+00,-2.890222651493241646e+00,-1.168343973302470529e+00,-3.581245939049414684e+00
9.834549133092749251e-01,-1.593114235398569001e+00,2.218159116438678691e+00,-2.890102273556177437e+00,-1.168138916533476568e+00,-3.581508080667919813e+00
9.831369984484432667e-01,-1.593038140171559203e+00,2.218061839051816531e+00,-2.889981755348827619e+00,-1.167933748155608908e+00,-3.581770436606543484e+00
9.828188603461655015e-01,-1.592961299585579082e+00,2.217963802029259579e+00,-2.889861090402692678e+00,-1.167728459281856201e+00,-3.582033019480964420e+00
9.825004846020294336e-01,-1.592883694555120355e+00,2.217864985364329744e+00,-2.889740272249270880e+00,-1.167523041025206210e+00,-3.582295841906860012e+00
9.821818695355699624e-01,-1.592805305907161184e+00,2.217765369788713858e+00,-2.889619299014026144e+00,-1.167317492782377730e+00,-3.582558906139438282e+00
9.818630678733766270e-01,-1.592726114094362710e+00,2.217664939192306228e+00,-2.889498188472191753e+00,-1.167111849382101996e+00,-3.582822170119047023e+00
9.815441468859018581e-01,-1.592646099469323673e+00,2.217563678309240505e+00,-2.889376963651693053e+00,-1.166906155124647126e+00,-3.583085579939973009e+00
9.812251738437505200e-01,-1.592565242384641699e+00,2.217461571873655668e+00,-2.889255647580511344e+00,-1.166700454310378943e+00,-3.583349081696380445e+00
9.809062160175271439e-01,-1.592483523192915085e+00,2.217358604619695139e+00,-2.889134263286627924e+00,-1.166494791239664153e+00,-3.583612621482431315e+00
9.805873406778363721e-01,-1.592400922246741457e+00,2.217254761281499231e+00,-2.889012833798024094e+00,-1.166289210212870131e+00,-3.583876145392289825e+00
9.802686150952830690e-01,-1.592317419898719111e+00,2.217150026593209589e+00,-2.888891382142680708e+00,-1.166083755530362254e+00,-3.584139599520118402e+00
9.799501065404717659e-01,-1.592232996501445896e+00,2.217044385288968300e+00,-2.888769931348578179e+00,-1.165878471492507229e+00,-3.584402929960082140e+00
9.796318822840068830e-01,-1.592147632407519664e+00,2.216937822102915678e+00,-2.888648504443698695e+00,-1.165673402399671765e+00,-3.584666082806343024e+00
9.793140095964933955e-01,-1.592061307969538486e+00,2.216830321769193812e+00,-2.888527124456023554e+00,-1.165468592552222793e+00,-3.584929004153063925e+00
9.789965557485360570e-01,-1.591974003540099991e+00,2.216721869021943458e+00,-2.888405814413532280e+00,-1.165264086250526132e+00,-3.585191640094408605e+00
9.786795880107391765e-01,-1.591885699471802695e+00,2.216612448595306706e+00,-2.888284597344207061e+00,-1.165059927794948491e+00,-3.585453936724541713e+00
9.783631736537075074e-01,-1.591796376117243783e+00,2.216502045223424311e+00,-2.888163496276028752e+00,-1.164856161485856356e+00,-3.585715840137624788e+00
9.780473799480456920e-01,-1.591706013829021771e+00,2.216390643640438363e+00,-2.888042534236978209e+00,-1.164652831623616214e+00,-3.585977296427821592e+00
9.777322741643585946e-01,-1.591614592959734509e+00,2.216278228580489618e+00,-2.887921734255037176e+00,-1.164449982508594994e+00,-3.586238251689295886e+00
9.774179235732507465e-01,-1.591522093861979847e+00,2.216164784777719721e+00,-2.887801119358186064e+00,-1.164247658441158517e+00,-3.586498652016210542e+00
9.771043954453265679e-01,-1.591428496888355637e+00,2.216050296966269872e+00,-2.887680712574405728e+00,-1.164045903721673714e+00,-3.586758443502729765e+00
9.767917617063857083e-01,-1.591333783645214384e+00,2.215934751440198802e+00,-2.887560538753219053e+00,-1.163844765632241707e+00,-3.587017568360443054e+00
9.764801507675858749e-01,-1.591237950951756019e+00,2.215818153421336589e+00,-2.887440644846428928e+00,-1.163644327634834275e+00,-3.587275921690449731e+00
9.761697286394880324e-01,-1.591141005753591076e+00,2.215700520730760736e+00,-2.887321092518187804e+00,-1.163444697274507167e+00,-3.587533367234813308e+00
9.758606620134140375e-01,-1.591042955179675644e+00,2.215581871417665827e+00,-2.887201943699027940e+00,-1.163245982532354228e+00,-3.587789768167822135e+00
9.755531175806860800e-01,-1.590943806358966262e+00,2.215462223531245556e+00,-2.887083260319480704e+00,-1.163048291389470856e+00,-3.588044987663763230e+00
9.752472620326261277e-01,-1.590843566420419242e+00,2.215341595120694951e+00,-2.886965104310075692e+00,-1.162851731826950896e+00,-3.588298888896926275e+00
9.749432620605563704e-01,-1.590742242492990455e+00,2.215220004235207707e+00,-2.886847537601345604e+00,-1.162656411825889968e+00,-3.588551335041597845e+00
9.746412843557985539e-01,-1.590639841705635993e+00,2.215097468923978408e+00,-2.886730622123820034e+00,-1.162462439367381473e+00,-3.588802189272066734e+00
9.743414956096750901e-01,-1.590536371187312392e+00,2.214974007236202524e+00,-2.886614419808031240e+00,-1.162269922432521030e+00,-3.589051314762621736e+00
9.740440625135078356e-01,-1.590431838066975745e+00,2.214849637221072864e+00,-2.886498992584509260e+00,-1.162078969002402262e+00,-3.589298574687549426e+00
9.737491517586189804e-01,-1.590326249473581699e+00,2.214724376927784899e+00,-2.886384402383786352e+00,-1.161889687058121012e+00,-3.589543832221138597e+00
9.734569300363304922e-01,-1.590219612536087235e+00,2.214598244405532768e+00,-2.886270711136392553e+00,-1.161702184580771124e+00,-3.589786950537676713e+00
9.731675640379645609e-01,-1.590111934383448222e+00,2.214471257703510609e+00,-2.886157980772859677e+00,-1.161516569551447331e+00,-3.590027792811453011e+00
9.728812204548431541e-01,-1.590003222144620754e+00,2.214343434870913008e+00,-2.886046273223717318e+00,-1.161332949951244586e+00,-3.590266222216754510e+00
9.725980655991978141e-01,-1.589893482835167182e+00,2.214214793817919080e+00,-2.885935650276536535e+00,-1.161151433516188547e+00,-3.590502102239950588e+00
9.723182231605408399e-01,-1.589782710721279413e+00,2.214085336824662686e+00,-2.885826157645050571e+00,-1.160972100428240283e+00,-3.590735331455944035e+00
9.720417357401961445e-01,-1.589670875813933737e+00,2.213955036435675261e+00,-2.885717810463104716e+00,-1.160794978448743464e+00,-3.590965875194310097e+00
9.717686368547762132e-01,-1.589557945406673500e+00,2.213823861864063325e+00,-2.885610620438527008e+00,-1.160620089466100291e+00,-3.591193706263480667e+00
9.714989600208941978e-01,-1.589443886793042493e+00,2.213691782322934287e+00,-2.885504599279146376e+00,-1.160447455368713410e+00,-3.591418797471887636e+00
9.712327387551624724e-01,-1.589328667266584949e+00,2.213558767025393781e+00,-2.885399758692790417e+00,-1.160277098044985244e+00,-3.591641121627962896e+00
9.709700065741941888e-01,-1.589212254120844214e+00,2.213424785184548771e+00,-2.885296110387288060e+00,-1.160109039383318885e+00,-3.591860651540137450e+00
9.707107969946021653e-01,-1.589094614649364745e+00,2.213289806013504446e+00,-2.885193666070467344e+00,-1.159943301272116312e+00,-3.592077360016844523e+00
9.704551435329989983e-01,-1.588975716145689443e+00,2.213153798725368659e+00,-2.885092437450156755e+00,-1.159779905599779948e+00,-3.592291219866515117e+00
9.702030797059975065e-01,-1.588855525903362764e+00,2.213016732533246600e+00,-2.884992436234184332e+00,-1.159618874254712217e+00,-3.592502203897580682e+00
9.699546390302108412e-01,-1.588734011215928277e+00,2.212878576650244344e+00,-2.884893674130378560e+00,-1.159460229125316211e+00,-3.592710284918473551e+00
9.697098550222513769e-01,-1.588611139376929993e+00,2.212739300289469746e+00,-2.884796162846568368e+00,-1.159303992099994129e+00,-3.592915435737625174e+00
9.694687611987322651e-01,-1.588486877679911258e+00,2.212598872664027549e+00,-2.884699914090580908e+00,-1.159150185067148398e+00,-3.593117629163466997e+00
9.692313905967480103e-01,-1.588361192635121988e+00,2.212457262166371397e+00,-2.884604939372617860e+00,-1.158998829609685588e+00,-3.593316838407318414e+00
9.689977660531485792e-01,-1.588234034090681313e+00,2.212314419732111404e+00,-2.884511245998965467e+00,-1.158849940812037627e+00,-3.593513045250660287e+00
9.687679006447180718e-01,-1.588105335951611519e+00,2.212170279593346223e+00,-2.884418837253413415e+00,-1.158703527540595468e+00,-3.593706239675300118e+00
9.685418070568120319e-01,-1.587975031483535027e+00,2.212024775312276592e+00,-2.884327716258426211e+00,-1.158559598412375324e+00,-3.593896411991921891e+00
9.683194979747855591e-01,-1.587843053952074479e+00,2.211877840451104582e+00,-2.884237886136471474e+00,-1.158418162044393407e+00,-3.594083552511207813e+00
9.681009860839943082e-01,-1.587709336622852518e+00,2.211729408572030930e+00,-2.884149350010014157e+00,-1.158279227053665039e+00,-3.594267651543841868e+00
9.678862840697937120e-01,-1.587573812761491565e+00,2.211579413237257263e+00,-2.884062111001520545e+00,-1.158142802057206877e+00,-3.594448699400506708e+00
9.676754046175390922e-01,-1.587436415633613818e+00,2.211427788008985207e+00,-2.883976172233456037e+00,-1.158008895672034466e+00,-3.594626686391884540e+00
9.674683604125855485e-01,-1.587297078504842140e+00,2.211274466449416831e+00,-2.883891536828287361e+00,-1.157877516515164018e+00,-3.594801602828660680e+00
9.672651641402890688e-01,-1.587155734640798732e+00,2.211119382120752874e+00,-2.883808207908479915e+00,-1.157748673203611744e+00,-3.594973439021515560e+00
9.670658284860047527e-01,-1.587012317307106235e+00,2.210962468585194518e+00,-2.883726188596499984e+00,-1.157622374354392969e+00,-3.595142185281134495e+00
9.668703661347296530e-01,-1.586866759768882584e+00,2.210803659404403376e+00,-2.883645482014753902e+00,-1.157498628584259448e+00,-3.595307831918435060e+00
9.666787881196581278e-01,-1.586718992966264619e+00,2.210642885650669687e+00,-2.883566091016048549e+00,-1.157377443290063201e+00,-3.595470370328489818e+00
9.664911000152885956e-01,-1.586568940156044549e+00,2.210480070169684730e+00,-2.883488017562236383e+00,-1.157258821837268803e+00,-3.595629795489167169e+00
9.663073062700709981e-01,-1.586416523010053981e+00,2.210315134110112822e+00,-2.883411263431379989e+00,-1.157142766759724717e+00,-3.595786103117412758e+00
9.661274113324547219e-01,-1.586261663200124961e+00,2.210147998620617837e+00,-2.883335830401542843e+00,-1.157029280591278741e+00,-3.595939288930172228e+00
9.659514196508894868e-01,-1.586104282398088650e+00,2.209978584849863203e+00,-2.883261720250787974e+00,-1.156918365865778675e+00,-3.596089348644391670e+00
9.657793356738247903e-01,-1.585944302275776652e+00,2.209806813946514570e+00,-2.883188934757179300e+00,-1.156810025117073204e+00,-3.596236277977017171e+00
9.656111638497104632e-01,-1.585781644505020349e+00,2.209632607059234033e+00,-2.883117475698778964e+00,-1.156704260879010349e+00,-3.596380072644994375e+00
9.654469086269960032e-01,-1.585616230757651790e+00,2.209455885336687686e+00,-2.883047344853649996e+00,-1.156601075685438129e+00,-3.596520728365269370e+00
9.652865744541307969e-01,-1.585447982705501913e+00,2.209276569927538958e+00,-2.882978543999855425e+00,-1.156500472070204566e+00,-3.596658240854787802e+00
9.651301657795650080e-01,-1.585276822020402987e+00,2.209094581980452165e+00,-2.882911074915458727e+00,-1.156402452567158123e+00,-3.596792605830494871e+00
9.649776875686411071e-01,-1.585102675784749060e+00,2.208909848078079108e+00,-2.882844939957977193e+00,-1.156307019895515209e+00,-3.596923818314234467e+00
9.648291489295037771e-01,-1.584925514445594485e+00,2.208722338355476378e+00,-2.882780146129150012e+00,-1.156214178260184688e+00,-3.597051867756720256e+00
9.646845609613340367e-01,-1.584745329291099125e+00,2.208532043879039009e+00,-2.882716702662733166e+00,-1.156123932580101821e+00,-3.597176740931177008e+00
9.645439347759671156e-01,-1.584562111741888657e+00,2.208338955848199614e+00,-2.882654618806670399e+00,-1.156036287778739124e+00,-3.597298424593812882e+00
9.644072814852385767e-01,-1.584375853218587649e+00,2.208143065462389920e+00,-2.882593903808906344e+00,-1.155951248779570006e+00,-3.597416905500833817e+00
9.642746122009839826e-01,-1.584186545141820668e+00,2.207944363921043873e+00,-2.882534566917382524e+00,-1.155868820506068095e+00,-3.597532170408445751e+00
9.641459380350386743e-01,-1.583994178932213170e+00,2.207742842423592311e+00,-2.882476617380043127e+00,-1.155789007881705910e+00,-3.597644206072857287e+00
9.640212700992382144e-01,-1.583798746010390168e+00,2.207538492169468292e+00,-2.882420064444831453e+00,-1.155711815829956191e+00,-3.597752999250273920e+00
9.639006195054181658e-01,-1.583600237796976007e+00,2.207331304358104873e+00,-2.882364917359691692e+00,-1.155637249274293232e+00,-3.597858536696902920e+00
9.637839948998795370e-01,-1.583398645560155416e+00,2.207121269877174718e+00,-2.882311184480336852e+00,-1.155565311532992689e+00,-3.597960807178143039e+00
9.636713052762551079e-01,-1.583193954406722170e+00,2.206908367013602046e+00,-2.882258838100092646e+00,-1.155495941045034947e+00,-3.598059880667466182e+00
9.635623279305185473e-01,-1.582986141300781302e+00,2.206692557401578547e+00,-2.882207802853431478e+00,-1.155428990507078257e+00,-3.598155934460240513e+00
9.634568311275214514e-01,-1.582775182648055612e+00,2.206473801533339163e+00,-2.882158000106634255e+00,-1.155364306736028412e+00,-3.598249153211397378e+00
9.633545831321144171e-01,-1.582561054854267679e+00,2.206252059901119722e+00,-2.882109351225982774e+00,-1.155301736548791869e+00,-3.598339721575866346e+00
9.632553522091491516e-01,-1.582343734325140305e+00,2.206027292997155609e+00,-2.882061777577758832e+00,-1.155241126762275083e+00,-3.598427824208579651e+00
9.631589066234764740e-01,-1.582123197466396514e+00,2.205799461313681764e+00,-2.882015200528242893e+00,-1.155182324193383181e+00,-3.598513645764466862e+00
9.630650146399474254e-01,-1.581899420683759105e+00,2.205568525342935793e+00,-2.881969541443717198e+00,-1.155125175659023729e+00,-3.598597370898459769e+00
9.629734445234134910e-01,-1.581672380382950660e+00,2.205334445577150859e+00,-2.881924721690462654e+00,-1.155069527976102517e+00,-3.598679184265489273e+00
9.628839645387250457e-01,-1.581442052969693757e+00,2.205097182508563236e+00,-2.881880662634761503e+00,-1.155015227961525337e+00,-3.598759270520485387e+00
9.627963429507341298e-01,-1.581208414849711863e+00,2.204856696629409196e+00,-2.881837285642895097e+00,-1.154962122432199312e+00,-3.598837814318379014e+00
9.627103480242912292e-01,-1.580971442428727114e+00,2.204612948431923236e+00,-2.881794512081144344e+00,-1.154910058205029566e+00,-3.598915000314101054e+00
9.626257480242479403e-01,-1.580731112112462533e+00,2.204365898408341629e+00,-2.881752263315791041e+00,-1.154858882096923223e+00,-3.598991013162583297e+00
9.625423112154547489e-01,-1.580487400306640922e+00,2.204115507050899314e+00,-2.881710460713116984e+00,-1.154808440924786073e+00,-3.599066037518755312e+00
9.624598058627633623e-01,-1.580240283416985081e+00,2.203861734851832566e+00,-2.881669025639402637e+00,-1.154758581505524795e+00,-3.599140258037548445e+00
9.623780002310245996e-01,-1.579989737849217590e+00,2.203604542303376324e+00,-2.881627879460930686e+00,-1.154709150656045180e+00,-3.599213859373893598e+00
9.622966625850898348e-01,-1.579735740009061473e+00,2.203343889897766417e+00,-2.881586943543981594e+00,-1.154659995193253463e+00,-3.599287026182722116e+00
9.622155611898097760e-01,-1.579478266302239753e+00,2.203079738127237786e+00,-2.881546139254838046e+00,-1.154610961934056546e+00,-3.599359943118964011e+00
9.621344872065751286e-01,-1.579217313878510609e+00,2.202812069742449808e+00,-2.881505395984785167e+00,-1.154561912711346228e+00,-3.599432776377188947e+00
9.620533424177423187e-01,-1.578952980109124438e+00,2.202540975032071024e+00,-2.881464681896628743e+00,-1.154512781905351781e+00,-3.599505602963679607e+00
9.619720619689930974e-01,-1.578685392592170222e+00,2.202266576718275637e+00,-2.881423976846682944e+00,-1.154463525776604937e+00,-3.599578472985501154e+00
9.618905810128977052e-01,-1.578414678931979065e+00,2.201988997529933378e+00,-2.881383260693676007e+00,-1.154414100590156700e+00,-3.599651436544161864e+00
9.618088347020268269e-01,-1.578140966732881623e+00,2.201708360195914871e+00,-2.881342513296334396e+00,-1.154364462611057407e+00,-3.599724543741172234e+00
9.617267581889512584e-01,-1.577864383599208775e+00,2.201424787445090736e+00,-2.881301714513385903e+00,-1.154314568104357397e+00,-3.599797844678040537e+00
9.616442866262412403e-01,-1.577585057135291402e+00,2.201138402006331596e+00,-2.881260844203559213e+00,-1.154264373335107230e+00,-3.599871389456276383e+00
9.615613551664676795e-01,-1.577303114945459939e+00,2.200849326608506740e+00,-2.881219882225580342e+00,-1.154213834568357022e+00,-3.599945228177390266e+00
9.614778989622010386e-01,-1.577018684634045265e+00,2.200557683980488566e+00,-2.881178808438177530e+00,-1.154162908069157334e+00,-3.600019410942889575e+00
9.613938531660117803e-01,-1.576731893805377815e+00,2.200263596851145920e+00,-2.881137602700078570e+00,-1.154111550102558281e+00,-3.600093987854285693e+00
9.613091529304705896e-01,-1.576442870063789359e+00,2.199967187949350311e+00,-2.881096244870010814e+00,-1.154059716933610868e+00,-3.600169009013086452e+00
9.612237334081480400e-01,-1.576151741013609664e+00,2.199668580003971474e+00,-2.881054714806701611e+00,-1.154007364827365212e+00,-3.600244524520801903e+00
9.611375297516145944e-01,-1.575858634259169389e+00,2.199367895743880030e+00,-2.881012992368879200e+00,-1.153954450048871649e+00,-3.600320584478941655e+00
9.610504771134410484e-01,-1.575563677404800300e+00,2.199065257897947046e+00,-2.880971057415270487e+00,-1.153900928863180519e+00,-3.600397238989014870e+00
9.609625106461978650e-01,-1.575266998054832168e+00,2.198760789195042253e+00,-2.880928889804603266e+00,-1.153846757535342160e+00,-3.600474538152530712e+00
9.608735655024553957e-01,-1.574968723813596316e+00,2.198454612364036276e+00,-2.880886469395604887e+00,-1.153791892330407576e+00,-3.600552532070999234e+00
9.607835768347845473e-01,-1.574668982285423402e+00,2.198146850133799290e+00,-2.880843776047003590e+00,-1.153736289513426438e+00,-3.600631270845929155e+00
9.606924878725056072e-01,-1.574367899316455599e+00,2.197837624013330604e+00,-2.880800792261391852e+00,-1.153679910718695245e+00,-3.600710798197866325e+00
9.606003366329511906e-01,-1.574065580118889196e+00,2.197527041195314279e+00,-2.880757531569527519e+00,-1.153622780593496433e+00,-3.600791082960936862e+00
9.605072227150739383e-01,-1.573762116499515251e+00,2.197215199571450395e+00,-2.880714027660463916e+00,-1.153564964723220454e+00,-3.600872045317260906e+00
9.604132467635911885e-01,-1.573457600037476922e+00,2.196902196875495150e+00,-2.880670314565576540e+00,-1.153506529388458324e+00,-3.600953604622759929e+00
9.603185094232202790e-01,-1.573152122311918255e+00,2.196588130841200748e+00,-2.880626426316243549e+00,-1.153447540869801724e+00,-3.601035680233357628e+00
9.602231113386786587e-01,-1.572845774901981297e+00,2.196273099202321610e+00,-2.880582396943839552e+00,-1.153388065447841226e+00,-3.601118191504975474e+00
9.601271531546835547e-01,-1.572538649386810761e+00,2.195957199692613493e+00,-2.880538260479741375e+00,-1.153328169403168513e+00,-3.601201057793536719e+00
9.600307355159520828e-01,-1.572230837345548915e+00,2.195640530045827710e+00,-2.880494050955326291e+00,-1.153267919016375043e+00,-3.601284198454963725e+00
9.599339590672019140e-01,-1.571922430357339584e+00,2.195323187995720460e+00,-2.880449802401968906e+00,-1.153207380568051832e+00,-3.601367532845178854e+00
9.598369244531503863e-01,-1.571613520001325925e+00,2.195005271276045278e+00,-2.880405548851047381e+00,-1.153146620338790118e+00,-3.601450980320104467e+00
9.597397323185146156e-01,-1.571304197856651541e+00,2.194686877620556142e+00,-2.880361324333936768e+00,-1.153085704609181583e+00,-3.601534460235663815e+00
9.596424833080119399e-01,-1.570994555502459367e+00,2.194368104763006144e+00,-2.880317162882013893e+00,-1.153024699659817243e+00,-3.601617891947779260e+00
9.595452780663599190e-01,-1.570684684517893004e+00,2.194049050437150594e+00,-2.880273098526656028e+00,-1.152963671771288556e+00,-3.601701194812372719e+00
9.594482172382756691e-01,-1.570374676482095611e+00,2.193729812376742583e+00,-2.880229165299237781e+00,-1.152902687224186540e+00,-3.601784288185367000e+00
9.593514014684766389e-01,-1.570064622974210788e+00,2.193410488315536977e+00,-2.880185397231136868e+00,-1.152841812299102875e+00,-3.601867091422684908e+00
9.592549314016800555e-01,-1.569754615573381251e+00,2.193091175987287755e+00,-2.880141828353729228e+00,-1.152781113276628355e+00,-3.601949523880247916e+00
9.591589076826032567e-01,-1.569444745858751267e+00,2.192771973125748008e+00,-2.880098492698391244e+00,-1.152720656437354885e+00,-3.602031504913980164e+00
9.590634309559638027e-01,-1.569135105409463327e+00,2.192452977464673047e+00,-2.880055424296498856e+00,-1.152660508061873257e+00,-3.602112953879803570e+00
9.589686018664786982e-01,-1.568825785804661477e+00,2.192134286737816407e+00,-2.880012657179428892e+00,-1.152600734430775153e+00,-3.602193790133640050e+00
9.588745149372643883e-01,-1.568516871179927774e+00,2.191815990818363424e+00,-2.879970223155466247e+00,-1.152541397834599524e+00,-3.602273938011545606e+00
9.587812077149151513e-01,-1.568208376390250125e+00,2.191498106417619329e+00,-2.879928133341581820e+00,-1.152482523426663796e+00,-3.602353368201938189e+00
9.586886867651934763e-01,-1.567900278619475118e+00,2.191180610465311318e+00,-2.879886387603897369e+00,-1.152424116167018120e+00,-3.602432076597207988e+00
9.585969583444704512e-01,-1.567592554675245387e+00,2.190863479493886157e+00,-2.879844985696176973e+00,-1.152366180814051511e+00,-3.602510059341446524e+00
9.585060287091168307e-01,-1.567285181365204005e+00,2.190546690035791499e+00,-2.879803927372185157e+00,-1.152308722126154095e+00,-3.602587312578743983e+00
9.584159041155034808e-01,-1.566978135496992941e+00,2.190230218623472780e+00,-2.879763212385688220e+00,-1.152251744861714888e+00,-3.602663832453192772e+00
9.583265908200014893e-01,-1.566671393878255492e+00,2.189914041789378096e+00,-2.879722840490449354e+00,-1.152195253779123130e+00,-3.602739615108883076e+00
9.582380950789815000e-01,-1.566364933316633845e+00,2.189598136065952438e+00,-2.879682811440234413e+00,-1.152139253636768723e+00,-3.602814656689907302e+00
9.581504231488146006e-01,-1.566058730619770412e+00,2.189282477985644348e+00,-2.879643124988807479e+00,-1.152083749193040907e+00,-3.602888953340356082e+00
9.580635812858715461e-01,-1.565752762595308045e+00,2.188967044080899260e+00,-2.879603780889933518e+00,-1.152028745206328919e+00,-3.602962501204320489e+00
9.579775757465233132e-01,-1.565447006050889156e+00,2.188651810884164384e+00,-2.879564778897377941e+00,-1.151974246435022664e+00,-3.603035296425892486e+00
9.578924127871407679e-01,-1.565141437794156376e+00,2.188336754927886485e+00,-2.879526118764905274e+00,-1.151920257637511158e+00,-3.603107335149161816e+00
9.578080986640946648e-01,-1.564836034632752115e+00,2.188021852744512330e+00,-2.879487800246279150e+00,-1.151866783572183861e+00,-3.603178613518222217e+00
9.577246396337562029e-01,-1.564530773374319450e+00,2.187707080866488685e+00,-2.879449823095266314e+00,-1.151813828997430234e+00,-3.603249127677162100e+00
9.576420419524959149e-01,-1.564225630826500568e+00,2.187392415826262315e+00,-2.879412187065630402e+00,-1.151761398671639514e+00,-3.603318873770074759e+00
9.575603118766849997e-01,-1.563920583796938102e+00,2.187077834156279099e+00,-2.879374891911136380e+00,-1.151709497353201606e+00,-3.603387847941050381e+00
9.574794556626942121e-01,-1.563615609093274905e+00,2.186763312388987135e+00,-2.879337937385548329e+00,-1.151658129800505748e+00,-3.603456046334180485e+00
9.573994795668944180e-01,-1.563310683523153388e+00,2.186448827056832300e+00,-2.879301323242632105e+00,-1.151607300771941178e+00,-3.603523465093557032e+00
9.573203898456564831e-01,-1.563005783894215517e+00,2.186134354692261361e+00,-2.879265049236152230e+00,-1.151557015025897357e+00,-3.603590100363269766e+00
9.572421927553516063e-01,-1.562700887014105033e+00,2.185819871827721972e+00,-2.879229115119873672e+00,-1.151507277320763967e+00,-3.603655948287411537e+00
9.571648945523500984e-01,-1.562395969690463682e+00,2.185505354995659566e+00,-2.879193520647560511e+00,-1.151458092414930023e+00,-3.603721005010072531e+00
9.570885015124269701e-01,-1.562091008778848433e+00,2.185190780777997777e+00,-2.879158265582589582e+00,-1.151409465078561567e+00,-3.603785266657979935e+00
9.570130231642260954e-01,-1.561785989167281175e+00,2.184876134051068952e+00,-2.879123351299577305e+00,-1.151361402056025884e+00,-3.603848726446844175e+00
9.569384759109387240e-01,-1.561480912719427350e+00,2.184561417220431512e+00,-2.879088782578305139e+00,-1.151313914263926375e+00,-3.603911371440294165e+00
9.568648770293199934e-01,-1.561175783456087096e+00,2.184246634919126517e+00,-2.879054564631255975e+00,-1.151267013149043006e+00,-3.603973187920200605e+00
9.567922437961257076e-01,-1.560870605398058997e+00,2.183931791780192366e+00,-2.879020702670912701e+00,-1.151220710158154859e+00,-3.604034162168433308e+00
9.567205934881108931e-01,-1.560565382566143189e+00,2.183616892436667456e+00,-2.878987201909758209e+00,-1.151175016738041901e+00,-3.604094280466862088e+00
9.566499433820310205e-01,-1.560260118981138477e+00,2.183301941521591516e+00,-2.878954067560275387e+00,-1.151129944335482991e+00,-3.604153529097358089e+00
9.565803107546415607e-01,-1.559954818663844778e+00,2.182986943668003388e+00,-2.878921304834948014e+00,-1.151085504397257875e+00,-3.604211894341790678e+00
9.565117128826978732e-01,-1.559649485635061117e+00,2.182671903508941025e+00,-2.878888918946257203e+00,-1.151041708370145855e+00,-3.604269362482031003e+00
9.564441670429552067e-01,-1.559344123915587632e+00,2.182356825677445933e+00,-2.878856915106686731e+00,-1.150998567700926234e+00,-3.604325919799947542e+00
9.563776905121690319e-01,-1.559038737526222684e+00,2.182041714806554733e+00,-2.878825298528719934e+00,-1.150956093836378979e+00,-3.604381552577411885e+00
9.563123005670948196e-01,-1.558733330487765967e+00,2.181726575529308043e+00,-2.878794074424839255e+00,-1.150914298223282506e+00,-3.604436247096294288e+00
9.562480144844877072e-01,-1.558427906821017173e+00,2.181411412478743372e+00,-2.878763248007528031e+00,-1.150873192308417448e+00,-3.604489989638464120e+00
9.561848495411033877e-01,-1.558122470546775551e+00,2.181096230287901783e+00,-2.878732824489267816e+00,-1.150832787538562219e+00,-3.604542766485792082e+00
9.561228230136971096e-01,-1.557817025685840795e+00,2.180781033589820339e+00,-2.878702809082543279e+00,-1.150793095360497009e+00,-3.604594563920148875e+00
9.560619521790240105e-01,-1.557511576259011710e+00,2.180465827017538771e+00,-2.878673206999836864e+00,-1.150754127221000678e+00,-3.604645368223403423e+00
9.560022543138397833e-01,-1.557206126287088210e+00,2.180150615204096809e+00,-2.878644023453631018e+00,-1.150715894566853192e+00,-3.604695165677426871e+00
9.559437466948997875e-01,-1.556900679790869324e+00,2.179835402782532849e+00,-2.878615263656409073e+00,-1.150678408844833189e+00,-3.604743942564089032e+00
9.558864465989591608e-01,-1.556595240791154522e+00,2.179520194385886178e+00,-2.878586932820653033e+00,-1.150641681501721081e+00,-3.604791685165260606e+00
9.558303713027733739e-01,-1.556289813308743497e+00,2.179204994647194749e+00,-2.878559036158846229e+00,-1.150605723984295503e+00,-3.604838379762811851e+00
9.557755380830980085e-01,-1.555984401364435277e+00,2.178889808199499623e+00,-2.878531578883472442e+00,-1.150570547739336424e+00,-3.604884012638611246e+00
9.557219642166882023e-01,-1.555679008979029776e+00,2.178574639675837865e+00,-2.878504566207013671e+00,-1.150536164213622703e+00,-3.604928570074531269e+00
9.556696669802995370e-01,-1.555373640173325800e+00,2.178259493709249206e+00,-2.878478003341953251e+00,-1.150502584853934529e+00,-3.604972038352440400e+00
9.556186636506870391e-01,-1.555068298968122820e+00,2.177944374932773375e+00,-2.878451895500773627e+00,-1.150469821107050539e+00,-3.605014403754209784e+00
9.555689715825850250e-01,-1.554762988979209393e+00,2.177629287553915827e+00,-2.878426247926505699e+00,-1.150437884459960980e+00,-3.605055652479075778e+00
9.555206087581358254e-01,-1.554457710563683870e+00,2.177314232356377666e+00,-2.878401066107961537e+00,-1.150406786723183306e+00,-3.605095770061407912e+00
9.554735934620077753e-01,-1.554152462507363275e+00,2.176999208472964131e+00,-2.878376355652467300e+00,-1.150376539863234626e+00,-3.605134741714991709e+00
9.554279439808168739e-01,-1.553847243585944726e+00,2.176684215025845415e+00,-2.878352122168108540e+00,-1.150347155847636804e+00,-3.605172552651545015e+00
9.553836786011798976e-01,-1.553542052575125343e+00,2.176369251137193483e+00,-2.878328371262974361e+00,-1.150318646643911924e+00,-3.605209188082788785e+00
9.553408156097131787e-01,-1.553236888250602910e+00,2.176054315929180749e+00,-2.878305108545153423e+00,-1.150291024219581848e+00,-3.605244633220440864e+00
9.552993732930330495e-01,-1.552931749388074323e+00,2.175739408523977847e+00,-2.878282339622732167e+00,-1.150264300542168439e+00,-3.605278873276221763e+00
9.552593699377559533e-01,-1.552626634763236479e+00,2.175424528043756300e+00,-2.878260070103799251e+00,-1.150238487579193336e+00,-3.605311893461849326e+00
9.552208238304981114e-01,-1.552321543151786942e+00,2.175109673610688077e+00,-2.878238305596443336e+00,-1.150213597298178403e+00,-3.605343678989044953e+00
9.551837532578763001e-01,-1.552016473329423052e+00,2.174794844346944700e+00,-2.878217051708750418e+00,-1.150189641666645946e+00,-3.605374215069526489e+00
9.551481765065065188e-01,-1.551711424071841927e+00,2.174480039374698137e+00,-2.878196314048809157e+00,-1.150166632652117826e+00,-3.605403486915014444e+00
9.551141118630055438e-01,-1.551406394154740909e+00,2.174165257816119468e+00,-2.878176098224708213e+00,-1.150144582222115464e+00,-3.605431479737226219e+00
9.550815776139897073e-01,-1.551101382353817115e+00,2.173850498793380659e+00,-2.878156409844534913e+00,-1.150123502344160942e+00,-3.605458178747883213e+00
9.550505920460750087e-01,-1.550796387444767888e+00,2.173535761428652791e+00,-2.878137254516377475e+00,-1.150103404985776345e+00,-3.605483569158704160e+00
9.550211734458782242e-01,-1.550491408203290788e+00,2.173221044844108274e+00,-2.878118637848323225e+00,-1.150084302114483314e+00,-3.605507636181408238e+00
9.549933401000156863e-01,-1.550186443405082271e+00,2.172906348161916856e+00,-2.878100565448459935e+00,-1.150066205697803712e+00,-3.605530365027715067e+00
9.549671102951040602e-01,-1.549881491825840341e+00,2.172591670504252725e+00,-2.878083042924876267e+00,-1.150049127703259622e+00,-3.605551740909343383e+00
9.549425023177592342e-01,-1.549576552241261673e+00,2.172277010993285629e+00,-2.878066075885659547e+00,-1.150033080098372906e+00,-3.605571749038013252e+00
9.549195344545978736e-01,-1.549271623427044053e+00,2.171962368751187977e+00,-2.878049669938897992e+00,-1.150018074850665206e+00,-3.605590374625443850e+00
9.548982249922364218e-01,-1.548966704158883934e+00,2.171647742900130851e+00,-2.878033830692678485e+00,-1.150004123927658828e+00,-3.605607602883354357e+00
9.548785922172913221e-01,-1.548661793212479543e+00,2.171333132562286217e+00,-2.878018563755090575e+00,-1.149991239296875190e+00,-3.605623419023463949e+00
9.548606544163787957e-01,-1.548356889363527555e+00,2.171018536859825154e+00,-2.878003874734221146e+00,-1.149979432925836376e+00,-3.605637808257492694e+00
9.548444298761152860e-01,-1.548051991387725312e+00,2.170703954914919631e+00,-2.877989769238157525e+00,-1.149968716782064249e+00,-3.605650755797159324e+00
9.548299368831173473e-01,-1.547747098060769932e+00,2.170389385849741171e+00,-2.877976252874989260e+00,-1.149959102833080671e+00,-3.605662246854183905e+00
9.548171937239372520e-01,-1.547442208158364307e+00,2.170074828786465293e+00,-2.877963331252781920e+00,-1.149950603046365982e+00,-3.605672266640337131e+00
9.548062155831730236e-01,-1.547137320705507468e+00,2.169760283006337165e+00,-2.877951008960236479e+00,-1.149943227373551258e+00,-3.605680802901439996e+00
9.547970062435632288e-01,-1.546832435643541670e+00,2.169445748375306238e+00,-2.877939286839167110e+00,-1.149936978356606687e+00,-3.605687852697723184e+00
9.547895668687843562e-01,-1.546527553124296350e+00,2.169131224893626531e+00,-2.877928164870708905e+00,-1.149931856835467947e+00,-3.605693415228981458e+00
9.547838986225131164e-01,-1.546222673299602501e+00,2.168816712561555171e+00,-2.877917643035999617e+00,-1.149927863650070492e+00,-3.605697489695009139e+00
9.547800026684258867e-01,-1.545917796321289561e+00,2.168502211379347955e+00,-2.877907721316174339e+00,-1.149924999640349998e+00,-3.605700075295600993e+00
9.547778801701997109e-01,-1.545612922341187412e+00,2.168187721347261121e+00,-2.877898399692369935e+00,-1.149923265646242143e+00,-3.605701171230550450e+00
9.547775322915110774e-01,-1.545308051511126823e+00,2.167873242465550021e+00,-2.877889678145721497e+00,-1.149922662507682602e+00,-3.605700776699654053e+00
9.547789601960363637e-01,-1.545003183982937456e+00,2.167558774734471339e+00,-2.877881556657366779e+00,-1.149923191064607053e+00,-3.605698890902705678e+00
9.547821650474527244e-01,-1.544698319908449191e+00,2.167244318154280425e+00,-2.877874035208440429e+00,-1.149924852156950950e+00,-3.605695513039499200e+00
9.547871480094364260e-01,-1.544393459439492355e+00,2.166929872725234851e+00,-2.877867113780079755e+00,-1.149927646624649746e+00,-3.605690642309829830e+00
9.547939102456640681e-01,-1.544088602727896831e+00,2.166615438447587749e+00,-2.877860792353420294e+00,-1.149931575307639564e+00,-3.605684277913493219e+00
9.548024529198125832e-01,-1.543783749925492721e+00,2.166301015321597578e+00,-2.877855070909598467e+00,-1.149936639045855857e+00,-3.605676419050282355e+00
9.548127771955584597e-01,-1.543478901184110352e+00,2.165986603347519690e+00,-2.877849949429750698e+00,-1.149942838679233859e+00,-3.605667064919992004e+00
9.548248842365781863e-01,-1.543174056655579607e+00,2.165672202525609435e+00,-2.877845427895012076e+00,-1.149950175047709910e+00,-3.605656214722418262e+00
9.548387752065488066e-01,-1.542869216491730366e+00,2.165357812856123942e+00,-2.877841506286519913e+00,-1.149958648991219023e+00,-3.605643867657355006e+00
9.548544512691465869e-01,-1.542564380844392735e+00,2.165043434339317674e+00,-2.877838184585410630e+00,-1.149968261349697318e+00,-3.605630022924596112e+00
9.548719135880482378e-01,-1.542259549865397483e+00,2.164729066975448202e+00,-2.877835462772819319e+00,-1.149979012963079805e+00,-3.605614679723936344e+00
9.548911633269304700e-01,-1.541954723706573382e+00,2.164414710764770433e+00,-2.877833340829882847e+00,-1.149990904671302605e+00,-3.605597837255171800e+00
9.549122016494699938e-01,-1.541649902519751425e+00,2.164100365707541052e+00,-2.877831818737737191e+00,-1.150003937314301172e+00,-3.605579494718095912e+00
9.549350297193431869e-01,-1.541345086456761493e+00,2.163786031804015408e+00,-2.877830896477518330e+00,-1.150018111732011183e+00,-3.605559651312503000e+00
9.549596487002270928e-01,-1.541040275669433468e+00,2.163471709054450187e+00,-2.877830574030362687e+00,-1.150033428764368093e+00,-3.605538306238188273e+00
9.549860597557980890e-01,-1.540735470309597455e+00,2.163157397459101183e+00,-2.877830851377406685e+00,-1.150049889251307800e+00,-3.605515458694946052e+00
9.550142640497327751e-01,-1.540430670529084001e+00,2.162843097018224192e+00,-2.877831728499786301e+00,-1.150067494032765536e+00,-3.605491107882571988e+00
9.550442627457079725e-01,-1.540125876479722100e+00,2.162528807732075009e+00,-2.877833205378637071e+00,-1.150086243948677645e+00,-3.605465253000859072e+00
9.550760570074000588e-01,-1.539821088313342967e+00,2.162214529600910318e+00,-2.877835281995096306e+00,-1.150106139838978914e+00,-3.605437893249602954e+00
9.551096475005302899e-01,-1.539516306176533567e+00,2.161900262604793621e+00,-2.877837958162342780e+00,-1.150127182221444277e+00,-3.605409028238004243e+00
9.551450269242163227e-01,-1.539211530132005290e+00,2.161586006400749493e+00,-2.877841231006494027e+00,-1.150149366459711553e+00,-3.605378664125183708e+00
9.551821815699237384e-01,-1.538906760175008381e+00,2.161271760385975682e+00,-2.877845095492419514e+00,-1.150172683771873094e+00,-3.605346812338460438e+00
9.552210975475946553e-01,-1.538601996298881280e+00,2.160957523950310044e+00,-2.877849546523764790e+00,-1.150197125258581643e+00,-3.605313484454395478e+00
9.552617609671705257e-01,-1.538297238496962427e+00,2.160643296483589992e+00,-2.877854579004174962e+00,-1.150222682020490605e+00,-3.605278692049550315e+00
9.553041579385932458e-01,-1.537992486762589817e+00,2.160329077375651607e+00,-2.877860187837295136e+00,-1.150249345158251391e+00,-3.605242446700487324e+00
9.553482745718048230e-01,-1.537687741089102555e+00,2.160014866016334079e+00,-2.877866367926769975e+00,-1.150277105772517849e+00,-3.605204759983767548e+00
9.553940969767470426e-01,-1.537383001469838861e+00,2.159700661795473486e+00,-2.877873114176245029e+00,-1.150305954963942279e+00,-3.605165643475952919e+00
9.554416112633619118e-01,-1.537078267898137396e+00,2.159386464102908576e+00,-2.877880421489364515e+00,-1.150335883833177419e+00,-3.605125108753604923e+00
9.554908035415909939e-01,-1.536773540367336377e+00,2.159072272328475872e+00,-2.877888284769773541e+00,-1.150366883480875568e+00,-3.605083167393285493e+00
9.555416599213764073e-01,-1.536468818870774244e+00,2.158758085862013232e+00,-2.877896698921117213e+00,-1.150398945007690132e+00,-3.605039830971555670e+00
9.555941665126598261e-01,-1.536164103401789882e+00,2.158443904093357624e+00,-2.877905658847040637e+00,-1.150432059514273186e+00,-3.604995111064978275e+00
9.556483094253832578e-01,-1.535859393953721952e+00,2.158129726412347349e+00,-2.877915159451188920e+00,-1.150466218101277915e+00,-3.604949019250113906e+00
9.557040747694884875e-01,-1.535554690519908227e+00,2.157815552208818932e+00,-2.877925195637205835e+00,-1.150501411869356394e+00,-3.604901567103524052e+00
9.557614486549171895e-01,-1.535249993093687593e+00,2.157501380872609786e+00,-2.877935762308737822e+00,-1.150537631919162029e+00,-3.604852766201770642e+00
9.558204171916115932e-01,-1.534945301668398487e+00,2.157187211793558212e+00,-2.877946854369429097e+00,-1.150574869351347118e+00,-3.604802628121416497e+00
9.558809664895131508e-01,-1.534640616237379129e+00,2.156873044361501179e+00,-2.877958466722924769e+00,-1.150613115266564623e+00,-3.604751164439021327e+00
9.559430826585639807e-01,-1.534335936793968624e+00,2.156558877966276100e+00,-2.877970594272870386e+00,-1.150652360765466620e+00,-3.604698386731147952e+00
9.560067518087059790e-01,-1.534031263331504746e+00,2.156244711997719943e+00,-2.877983231922909724e+00,-1.150692596948706514e+00,-3.604644306574357415e+00
9.560719600498808202e-01,-1.533726595843326379e+00,2.155930545845670565e+00,-2.877996374576688776e+00,-1.150733814916936604e+00,-3.604588935545212092e+00
9.561386934920304004e-01,-1.533421934322772184e+00,2.155616378899966268e+00,-2.878010017137851762e+00,-1.150776005770810073e+00,-3.604532285220273469e+00
9.562069382450965049e-01,-1.533117278763180158e+00,2.155302210550443132e+00,-2.878024154510044230e+00,-1.150819160610978997e+00,-3.604474367176102145e+00
9.562766804190213632e-01,-1.532812629157889184e+00,2.154988040186939013e+00,-2.878038781596911289e+00,-1.150863270538095895e+00,-3.604415192989261385e+00
9.563479061237463164e-01,-1.532507985500237480e+00,2.154673867199291770e+00,-2.878053893302097155e+00,-1.150908326652814617e+00,-3.604354774236312231e+00
9.564206014692134827e-01,-1.532203347783563929e+00,2.154359690977338371e+00,-2.878069484529246935e+00,-1.150954320055786795e+00,-3.604293122493815282e+00
9.564947525653647586e-01,-1.531898716001206751e+00,2.154045510910916228e+00,-2.878085550182006624e+00,-1.151001241847665391e+00,-3.604230249338333358e+00
9.565703461392590645e-01,-1.531594090234788874e+00,2.153731326498907528e+00,-2.878102085377357788e+00,-1.151049083527219796e+00,-3.604166165836999447e+00
9.566473729235409618e-01,-1.531289471138975067e+00,2.153417137947982951e+00,-2.878119086617018763e+00,-1.151097839177313231e+00,-3.604100879750343545e+00
9.567258252497899962e-01,-1.530984859597172010e+00,2.153102945747343178e+00,-2.878136550955460837e+00,-1.151147503912319126e+00,-3.604034397518981692e+00
9.568056954537594860e-01,-1.530680256493384572e+00,2.152788750386929184e+00,-2.878154475448596816e+00,-1.151198072849303200e+00,-3.603966725580080244e+00
9.568869758712027496e-01,-1.530375662711618068e+00,2.152474552356679283e+00,-2.878172857152342612e+00,-1.151249541105331176e+00,-3.603897870370809553e+00
9.569696588378734381e-01,-1.530071079135876921e+00,2.152160352146534450e+00,-2.878191693122610584e+00,-1.151301903797468773e+00,-3.603827838328336419e+00
9.570537366895252029e-01,-1.529766506650165780e+00,2.151846150246432998e+00,-2.878210980415315312e+00,-1.151355156042781935e+00,-3.603756635889831195e+00
9.571392017619111403e-01,-1.529461946138489514e+00,2.151531947146314572e+00,-2.878230716086370045e+00,-1.151409292958336605e+00,-3.603684269492460679e+00
9.572260463907849015e-01,-1.529157398484852992e+00,2.151217743336118815e+00,-2.878250897191689806e+00,-1.151464309661198726e+00,-3.603610745573394780e+00
9.573142629119000269e-01,-1.528852864573261083e+00,2.150903539305786261e+00,-2.878271520787188287e+00,-1.151520201268434018e+00,-3.603536070569801186e+00
9.574038436610097236e-01,-1.528548345287718657e+00,2.150589335545256109e+00,-2.878292583928779180e+00,-1.151576962897107981e+00,-3.603460250918848917e+00
9.574947809738677540e-01,-1.528243841512229917e+00,2.150275132544467116e+00,-2.878314083672376622e+00,-1.151634589664286779e+00,-3.603383293057705661e+00
9.575870671862275474e-01,-1.527939354130799954e+00,2.149960930793359815e+00,-2.878336017073893860e+00,-1.151693076687036132e+00,-3.603305203423540881e+00
9.576806946338424220e-01,-1.527634884027434081e+00,2.149646730781872961e+00,-2.878358381189245918e+00,-1.151752419082421763e+00,-3.603225988453522266e+00
9.577756556524659182e-01,-1.527330432086136502e+00,2.149332532999947087e+00,-2.878381173074346044e+00,-1.151812611967509836e+00,-3.603145654584819280e+00
9.578719425778515761e-01,-1.527025999190912087e+00,2.149018337937520506e+00,-2.878404389785109263e+00,-1.151873650459366294e+00,-3.603064208254599166e+00
9.579695477457528252e-01,-1.526721586225765259e+00,2.148704146084533306e+00,-2.878428028377447934e+00,-1.151935529675056413e+00,-3.602981655900030944e+00
9.580684634919230946e-01,-1.526417194074701777e+00,2.148389957930926020e+00,-2.878452085907277525e+00,-1.151998244731646359e+00,-3.602898003958284079e+00
9.581686821521158137e-01,-1.526112823621725623e+00,2.148075773966636959e+00,-2.878476559430511283e+00,-1.152061790746201630e+00,-3.602813258866525370e+00
9.582701960620845227e-01,-1.525808475750841664e+00,2.147761594681606656e+00,-2.878501446003063347e+00,-1.152126162835788392e+00,-3.602727427061925169e+00
9.583729975575827620e-01,-1.525504151346054771e+00,2.147447420565773868e+00,-2.878526742680847406e+00,-1.152191356117472587e+00,-3.602640514981649833e+00
9.584770789743638497e-01,-1.525199851291369813e+00,2.147133252109078239e+00,-2.878552446519777597e+00,-1.152257365708319936e+00,-3.602552529062870157e+00
9.585824326481814373e-01,-1.524895576470791436e+00,2.146819089801460301e+00,-2.878578554575768056e+00,-1.152324186725395938e+00,-3.602463475742752497e+00
9.586890509147887318e-01,-1.524591327768324733e+00,2.146504934132858367e+00,-2.878605063904732031e+00,-1.152391814285766980e+00,-3.602373361458467649e+00
9.587969261099393847e-01,-1.524287106067974129e+00,2.146190785593212969e+00,-2.878631971562584990e+00,-1.152460243506498561e+00,-3.602282192647181969e+00
9.589060505693866032e-01,-1.523982912253744271e+00,2.145876644672462863e+00,-2.878659274605238849e+00,-1.152529469504656179e+00,-3.602189975746064921e+00
9.590164162940022496e-01,-1.523678746948864182e+00,2.145562511528018135e+00,-2.878686969937675588e+00,-1.152599487172364823e+00,-3.602096717452334396e+00
9.591280139862138343e-01,-1.523374609765449250e+00,2.145248385027965554e+00,-2.878715053879656871e+00,-1.152670290529581143e+00,-3.602002425471499070e+00
9.592408340337941208e-01,-1.523070500070590638e+00,2.144934263727947155e+00,-2.878743522609126693e+00,-1.152741873384906857e+00,-3.601907107753410386e+00
9.593548668245165389e-01,-1.522766417231379066e+00,2.144620146183602305e+00,-2.878772372304031268e+00,-1.152814229546944347e+00,-3.601810772247918901e+00
9.594701027461536302e-01,-1.522462360614904586e+00,2.144306030950575259e+00,-2.878801599142314593e+00,-1.152887352824295331e+00,-3.601713426904876947e+00
9.595865321864786024e-01,-1.522158329588259251e+00,2.143991916584507162e+00,-2.878831199301921995e+00,-1.152961237025561969e+00,-3.601615079674134190e+00
9.597041455332644411e-01,-1.521854323518533114e+00,2.143677801641038716e+00,-2.878861168960797912e+00,-1.153035875959345979e+00,-3.601515738505542963e+00
9.598229331742841319e-01,-1.521550341772816894e+00,2.143363684675812397e+00,-2.878891504296888115e+00,-1.153111263434249967e+00,-3.601415411348953821e+00
9.599428854973106606e-01,-1.521246383718201978e+00,2.143049564244470240e+00,-2.878922201488136601e+00,-1.153187393258875648e+00,-3.601314106154217765e+00
9.600639928901169018e-01,-1.520942448721778639e+00,2.142735438902652945e+00,-2.878953256712489139e+00,-1.153264259241824963e+00,-3.601211830871185793e+00
9.601862457404760631e-01,-1.520638536150637599e+00,2.142421307206002989e+00,-2.878984666147890170e+00,-1.153341855191699850e+00,-3.601108593449708906e+00
9.603096344361610193e-01,-1.520334645371870463e+00,2.142107167710162408e+00,-2.879016425972284576e+00,-1.153420174917102692e+00,-3.601004401839638991e+00
9.604341493649446448e-01,-1.520030775752567509e+00,2.141793018970772344e+00,-2.879048532363617241e+00,-1.153499212226635429e+00,-3.600899263990826160e+00
9.605597809146002586e-01,-1.519726926659819233e+00,2.141478859543474833e+00,-2.879080981499833047e+00,-1.153578960928899777e+00,-3.600793187853122745e+00
9.606865194729004021e-01,-1.519423097460716798e+00,2.141164687983910575e+00,-2.879113769558877767e+00,-1.153659414832498342e+00,-3.600686181376378858e+00
9.608143554276186160e-01,-1.519119287522351147e+00,2.140850502847722492e+00,-2.879146892718694950e+00,-1.153740567746032397e+00,-3.600578252510445054e+00
9.609432791665273310e-01,-1.518815496211812999e+00,2.140536302690552173e+00,-2.879180347157230369e+00,-1.153822413478104325e+00,-3.600469409205173665e+00
9.610732810773998658e-01,-1.518511722896192850e+00,2.140222086068040763e+00,-2.879214129052429350e+00,-1.153904945837316731e+00,-3.600359659410415247e+00
9.612043515480093170e-01,-1.518207966942581644e+00,2.139907851535830297e+00,-2.879248234582235444e+00,-1.153988158632270666e+00,-3.600249011076020800e+00
9.613364809661282262e-01,-1.517904227718070542e+00,2.139593597649562806e+00,-2.879282659924594867e+00,-1.154072045671568958e+00,-3.600137472151841767e+00
9.614696597195300232e-01,-1.517600504589750043e+00,2.139279322964879437e+00,-2.879317401257452058e+00,-1.154156600763813101e+00,-3.600025050587729147e+00
9.616038781959875825e-01,-1.517296796924710867e+00,2.138965026037422223e+00,-2.879352454758751012e+00,-1.154241817717605700e+00,-3.599911754333533498e+00
9.617391267832737789e-01,-1.516993104090044175e+00,2.138650705422832754e+00,-2.879387816606438832e+00,-1.154327690341548251e+00,-3.599797591339106706e+00
9.618753958691618200e-01,-1.516689425452840467e+00,2.138336359676753062e+00,-2.879423482978458182e+00,-1.154414212444242915e+00,-3.599682569554298883e+00
9.620126758414243584e-01,-1.516385760380190462e+00,2.138021987354824294e+00,-2.879459450052755276e+00,-1.154501377834291631e+00,-3.599566696928961917e+00
9.621509571117979887e-01,-1.516082108243377746e+00,2.137707587018981226e+00,-2.879495714016114594e+00,-1.154589180336016208e+00,-3.599449981393644471e+00
9.622902323413925485e-01,-1.515778468807192692e+00,2.137393157821831480e+00,-2.879532271885133277e+00,-1.154677615249297684e+00,-3.599332429067004568e+00
9.624304982477477344e-01,-1.515474842546062906e+00,2.137078699981179497e+00,-2.879569122172851436e+00,-1.154766680534983658e+00,-3.599214042800210400e+00
9.625717519736576300e-01,-1.515171230008810710e+00,2.136764213826499059e+00,-2.879606263549193024e+00,-1.154856374432881472e+00,-3.599094825101885498e+00
9.627139906619166521e-01,-1.514867631744257981e+00,2.136449699687263948e+00,-2.879643694684078881e+00,-1.154946695182799354e+00,-3.598974778480652503e+00
9.628572114553189953e-01,-1.514564048301226817e+00,2.136135157892947056e+00,-2.879681414247431182e+00,-1.155037641024544870e+00,-3.598853905445133172e+00
9.630014114966586325e-01,-1.514260480228539096e+00,2.135820588773023943e+00,-2.879719420909173433e+00,-1.155129210197927137e+00,-3.598732208503951036e+00
9.631465879287298693e-01,-1.513956928075017361e+00,2.135505992656967500e+00,-2.879757713339225589e+00,-1.155221400942753052e+00,-3.598609690165728292e+00
9.632927378943267893e-01,-1.513653392389483043e+00,2.135191369874251510e+00,-2.879796290207510268e+00,-1.155314211498831289e+00,-3.598486352939088029e+00
9.634398585362438094e-01,-1.513349873720758465e+00,2.134876720754349755e+00,-2.879835150183950088e+00,-1.155407640105969191e+00,-3.598362199332652001e+00
9.635879469972746802e-01,-1.513046372617665947e+00,2.134562045626736015e+00,-2.879874291938465891e+00,-1.155501685003976098e+00,-3.598237231855043738e+00
9.637370004202140406e-01,-1.512742889629026921e+00,2.134247344820884518e+00,-2.879913714140980741e+00,-1.155596344432658684e+00,-3.598111453014885441e+00
9.638870159478559740e-01,-1.512439425303664153e+00,2.133932618666269487e+00,-2.879953415461416810e+00,-1.155691616631825180e+00,-3.597984865320800196e+00
9.640379907229945644e-01,-1.512135980190398854e+00,2.133617867492362929e+00,-2.879993394569695386e+00,-1.155787499841284705e+00,-3.597857471281409758e+00
9.641899218884237843e-01,-1.511832554838053788e+00,2.133303091628640846e+00,-2.880033650135738199e+00,-1.155883992300844376e+00,-3.597729273405338102e+00
9.643428065869382726e-01,-1.511529149795450833e+00,2.132988291404575687e+00,-2.880074180829467867e+00,-1.155981092250311981e+00,-3.597600274201206538e+00
9.644966419613317798e-01,-1.511225765611411864e+00,2.132673467149641677e+00,-2.880114985320806120e+00,-1.156078797929495972e+00,-3.597470476177638599e+00
9.646514251543989449e-01,-1.510922402834758760e+00,2.132358619193312155e+00,-2.880156062279675577e+00,-1.156177107578205021e+00,-3.597339881843256482e+00
9.648071533089335183e-01,-1.510619062014314062e+00,2.132043747865061789e+00,-2.880197410375997080e+00,-1.156276019436245805e+00,-3.597208493706682830e+00
9.649638235677299170e-01,-1.510315743698899649e+00,2.131728853494364362e+00,-2.880239028279693247e+00,-1.156375531743427443e+00,-3.597076314276540732e+00
9.651214330735822244e-01,-1.510012448437337618e+00,2.131413936410693211e+00,-2.880280914660686253e+00,-1.156475642739557275e+00,-3.596943346061452829e+00
9.652799789692849686e-01,-1.509709176778449624e+00,2.131098996943522117e+00,-2.880323068188897828e+00,-1.156576350664443753e+00,-3.596809591570040876e+00
9.654394583976316779e-01,-1.509405929271057767e+00,2.130784035422324862e+00,-2.880365487534249702e+00,-1.156677653757894886e+00,-3.596675053310927961e+00
9.655998685014171024e-01,-1.509102706463985033e+00,2.130469052176575673e+00,-2.880408171366665382e+00,-1.156779550259718681e+00,-3.596539733792737614e+00
9.657612064234351035e-01,-1.508799508906052189e+00,2.130154047535748774e+00,-2.880451118356064821e+00,-1.156882038409722924e+00,-3.596403635524090703e+00
9.659234693064799870e-01,-1.508496337146081778e+00,2.129839021829316170e+00,-2.880494327172371083e+00,-1.156985116447715845e+00,-3.596266761013612090e+00
9.660866542933460588e-01,-1.508193191732896343e+00,2.129523975386753865e+00,-2.880537796485505897e+00,-1.157088782613505229e+00,-3.596129112769922642e+00
9.662507585268271804e-01,-1.507890073215317317e+00,2.129208908537534750e+00,-2.880581524965390994e+00,-1.157193035146899529e+00,-3.595990693301645891e+00
9.664157791497178795e-01,-1.507586982142166798e+00,2.128893821611132164e+00,-2.880625511281949880e+00,-1.157297872287706531e+00,-3.595851505117403590e+00
9.665817133048122400e-01,-1.507283919062267108e+00,2.128578714937020333e+00,-2.880669754105102509e+00,-1.157403292275734463e+00,-3.595711550725819716e+00
9.667485581349042345e-01,-1.506980884524439901e+00,2.128263588844673482e+00,-2.880714252104771944e+00,-1.157509293350790669e+00,-3.595570832635516023e+00
9.669163107827883907e-01,-1.506677879077507942e+00,2.127948443663564948e+00,-2.880759003950879471e+00,-1.157615873752684266e+00,-3.595429353355114710e+00
9.670849683912584593e-01,-1.506374903270292442e+00,2.127633279723168513e+00,-2.880804008313347708e+00,-1.157723031721222373e+00,-3.595287115393239752e+00
9.672545281031090791e-01,-1.506071957651615945e+00,2.127318097352958404e+00,-2.880849263862098830e+00,-1.157830765496213443e+00,-3.595144121258512904e+00
9.674249870611342228e-01,-1.505769042770300326e+00,2.127002896882408400e+00,-2.880894769267055011e+00,-1.157939073317465484e+00,-3.595000373459557252e+00
9.675963424081278630e-01,-1.505466159175167684e+00,2.126687678640991841e+00,-2.880940523198137093e+00,-1.158047953424786281e+00,-3.594855874504994553e+00
9.677685912868846385e-01,-1.505163307415040119e+00,2.126372442958182507e+00,-2.880986524325268139e+00,-1.158157404057984285e+00,-3.594710626903448336e+00
9.679417308401984110e-01,-1.504860488038739508e+00,2.126057190163455513e+00,-2.881032771318369434e+00,-1.158267423456867062e+00,-3.594564633163541245e+00
9.681157582108634863e-01,-1.504557701595088171e+00,2.125741920586282863e+00,-2.881079262847363598e+00,-1.158378009861243063e+00,-3.594417895793895035e+00
9.682906705416738369e-01,-1.504254948632907762e+00,2.125426634556139227e+00,-2.881125997582172360e+00,-1.158489161510920074e+00,-3.594270417303133680e+00
9.684664649754239907e-01,-1.503952229701021048e+00,2.125111332402498832e+00,-2.881172974192717895e+00,-1.158600876645706101e+00,-3.594122200199878936e+00
9.686431386549080313e-01,-1.503649545348249017e+00,2.124796014454835014e+00,-2.881220191348921489e+00,-1.158713153505409377e+00,-3.593973246992753889e+00
9.688206887229200426e-01,-1.503346896123414655e+00,2.124480681042621999e+00,-2.881267647720705760e+00,-1.158825990329837907e+00,-3.593823560190380295e+00
9.689991123222539970e-01,-1.503044282575339619e+00,2.124165332495332681e+00,-2.881315341977992883e+00,-1.158939385358799257e+00,-3.593673142301381684e+00
9.691784065957045335e-01,-1.502741705252845561e+00,2.123849969142441729e+00,-2.881363272790704144e+00,-1.159053336832102099e+00,-3.593521995834380256e+00
9.693585686860656248e-01,-1.502439164704755248e+00,2.123534591313422926e+00,-2.881411438828762606e+00,-1.159167842989554220e+00,-3.593370123297999097e+00
9.695395957361313544e-01,-1.502136661479890778e+00,2.123219199337749608e+00,-2.881459838762088665e+00,-1.159282902070963406e+00,-3.593217527200860850e+00
9.697214848886959171e-01,-1.501834196127073140e+00,2.122903793544895557e+00,-2.881508471260605830e+00,-1.159398512316137886e+00,-3.593064210051587715e+00
9.699042332865537297e-01,-1.501531769195125765e+00,2.122588374264335442e+00,-2.881557334994235386e+00,-1.159514671964885890e+00,-3.592910174358802777e+00
9.700878380724986538e-01,-1.501229381232869642e+00,2.122272941825542603e+00,-2.881606428632899508e+00,-1.159631379257015205e+00,-3.592755422631127349e+00
9.702722963893253283e-01,-1.500927032789127091e+00,2.121957496557990375e+00,-2.881655750846520370e+00,-1.159748632432333837e+00,-3.592599957377186737e+00
9.704576088128243905e-01,-1.500624724041192515e+00,2.121642038647347128e+00,-2.881705301499053462e+00,-1.159866431982703450e+00,-3.592443778340231209e+00
9.706437907479597005e-01,-1.500322453561507841e+00,2.121326567658093243e+00,-2.881755085612204059e+00,-1.159984788127955468e+00,-3.592286873318230267e+00
9.708308616028505922e-01,-1.500020219489283324e+00,2.121011082987020124e+00,-2.881805109600017900e+00,-1.160103713713999563e+00,-3.592129226884499982e+00
9.710188407856792381e-01,-1.499718019963721227e+00,2.120695584030916070e+00,-2.881855379876563372e+00,-1.160223221586788034e+00,-3.591970823612310681e+00
9.712077477046274776e-01,-1.499415853124025588e+00,2.120380070186570709e+00,-2.881905902855907531e+00,-1.160343324592271408e+00,-3.591811648074929586e+00
9.713976017678774832e-01,-1.499113717109399779e+00,2.120064540850770562e+00,-2.881956684952119652e+00,-1.160464035576401765e+00,-3.591651684845626580e+00
9.715884223836110944e-01,-1.498811610059046728e+00,2.119748995420305704e+00,-2.882007732579266790e+00,-1.160585367385129851e+00,-3.591490918497669327e+00
9.717802289600104837e-01,-1.498509530112169585e+00,2.119433433291963542e+00,-2.882059052151417333e+00,-1.160707332864407304e+00,-3.591329333604326823e+00
9.719730409052574904e-01,-1.498207475407971723e+00,2.119117853862533263e+00,-2.882110650082639225e+00,-1.160829944860185092e+00,-3.591166914738868066e+00
9.721668776275339541e-01,-1.497905444085656290e+00,2.118802256528803163e+00,-2.882162532786999964e+00,-1.160953216218415074e+00,-3.591003646474560718e+00
9.723617585350222692e-01,-1.497603434284426882e+00,2.118486640687562428e+00,-2.882214706678567939e+00,-1.161077159785048440e+00,-3.590839513384674220e+00
9.725577030359041641e-01,-1.497301444143486204e+00,2.118171005735598467e+00,-2.882267178171411093e+00,-1.161201788406036384e+00,-3.590674500042476236e+00
9.727547305383615894e-01,-1.496999471802038295e+00,2.117855351069700465e+00,-2.882319953679596924e+00,-1.161327114927330095e+00,-3.590508591021236651e+00
9.729528604505764955e-01,-1.496697515399285638e+00,2.117539676086656275e+00,-2.882373039617194710e+00,-1.161453152194881433e+00,-3.590341770894222684e+00
9.731521121807311658e-01,-1.496395573074431384e+00,2.117223980183254639e+00,-2.882426442398270616e+00,-1.161579913054640922e+00,-3.590174024234704220e+00
9.733525051370074399e-01,-1.496093642966679127e+00,2.116908262756284742e+00,-2.882480168436894363e+00,-1.161707410352560865e+00,-3.590005335615948923e+00
9.735540587275872682e-01,-1.495791723215232460e+00,2.116592523202534437e+00,-2.882534224147132118e+00,-1.161835656934591787e+00,-3.589835689611225789e+00
9.737567923606527120e-01,-1.495489811959294313e+00,2.116276760918792466e+00,-2.882588615943052712e+00,-1.161964665646685546e+00,-3.589665070793802482e+00
9.739607254443856110e-01,-1.495187907338067612e+00,2.115960975301847125e+00,-2.882643350238724533e+00,-1.162094449334793111e+00,-3.589493463736949330e+00
9.741658773869682486e-01,-1.494886007490755730e+00,2.115645165748486711e+00,-2.882698433448215081e+00,-1.162225020844866119e+00,-3.589320853013933554e+00
9.743722675965823532e-01,-1.494584110556562040e+00,2.115329331655499967e+00,-2.882753871985592298e+00,-1.162356393022855761e+00,-3.589147223198023706e+00
9.745799154814099863e-01,-1.494282214674690135e+00,2.115013472419675633e+00,-2.882809672264924128e+00,-1.162488578714713228e+00,-3.588972558862489670e+00
9.747888404496330983e-01,-1.493980317984342721e+00,2.114697587437802451e+00,-2.882865840700278959e+00,-1.162621590766390378e+00,-3.588796844580598666e+00
9.749990619094338618e-01,-1.493678418624723170e+00,2.114381676106667829e+00,-2.882922383705724734e+00,-1.162755442023837960e+00,-3.588620064925620134e+00
9.752105992689940051e-01,-1.493376514735034410e+00,2.114065737823060953e+00,-2.882979307695328508e+00,-1.162890145333007830e+00,-3.588442204470822183e+00
9.754234719364957007e-01,-1.493074604454480703e+00,2.113749771983770120e+00,-2.883036619083159113e+00,-1.163025713539850514e+00,-3.588263247789473809e+00
9.756376993201208991e-01,-1.492772685922264309e+00,2.113433777985584072e+00,-2.883094324283283605e+00,-1.163162159490318315e+00,-3.588083179454843119e+00
9.758533008280515508e-01,-1.492470757277588600e+00,2.113117755225291106e+00,-2.883152429709771258e+00,-1.163299496030362201e+00,-3.587901984040199110e+00
9.760702958684698283e-01,-1.492168816659657393e+00,2.112801703099680406e+00,-2.883210941776689129e+00,-1.163437736005933143e+00,-3.587719646118810335e+00
9.762887038495572378e-01,-1.491866862207673172e+00,2.112485621005538938e+00,-2.883269866898105604e+00,-1.163576892262982776e+00,-3.587536150263944901e+00
9.765085441794963961e-01,-1.491564892060839975e+00,2.112169508339656776e+00,-2.883329211488088184e+00,-1.163716977647462958e+00,-3.587351481048872248e+00
9.767298362664690314e-01,-1.491262904358360064e+00,2.111853364498821328e+00,-2.883388981960705255e+00,-1.163858005005323992e+00,-3.587165623046860041e+00
9.769525995186569833e-01,-1.490960897239437699e+00,2.111537188879821780e+00,-2.883449184730024761e+00,-1.163999987182517959e+00,-3.586978560831177720e+00
9.771768533442424243e-01,-1.490658868843275586e+00,2.111220980879446429e+00,-2.883509826210114202e+00,-1.164142937024995827e+00,-3.586790278975092949e+00
9.774026171514073047e-01,-1.490356817309076654e+00,2.110904739894484017e+00,-2.883570912815041964e+00,-1.164286867378709234e+00,-3.586600762051876057e+00
9.776299103483336861e-01,-1.490054740776044939e+00,2.110588465321722396e+00,-2.883632450958875992e+00,-1.164431791089609369e+00,-3.586409994634793375e+00
9.778587523432032969e-01,-1.489752637383383149e+00,2.110272156557949863e+00,-2.883694447055683785e+00,-1.164577721003647426e+00,-3.586217961297114787e+00
9.780891625441984205e-01,-1.489450505270294656e+00,2.109955812999956049e+00,-2.883756907519534618e+00,-1.164724669966774817e+00,-3.586024646612108402e+00
9.783211603595010075e-01,-1.489148342575982609e+00,2.109639434044528805e+00,-2.883819838764494214e+00,-1.164872650824943179e+00,-3.585830035153043216e+00
9.785547651972930083e-01,-1.488846147439650380e+00,2.109323019088456874e+00,-2.883883247204632738e+00,-1.165021676424103481e+00,-3.585634111493188225e+00
9.787899964657562624e-01,-1.488543918000501121e+00,2.109006567528528553e+00,-2.883947139254016800e+00,-1.165171759610207358e+00,-3.585436860205810650e+00
9.790268735730728311e-01,-1.488241652397738202e+00,2.108690078761532138e+00,-2.884011521326715233e+00,-1.165322913229205781e+00,-3.585238265864180374e+00
9.792654159274248871e-01,-1.487939348770564774e+00,2.108373552184255928e+00,-2.884076399836795535e+00,-1.165475150127050163e+00,-3.585038313041565061e+00
9.795056429369943807e-01,-1.487637005258183986e+00,2.108056987193489551e+00,-2.884141781198325205e+00,-1.165628483149692363e+00,-3.584836986311234597e+00
9.797475740099630404e-01,-1.487334619999798990e+00,2.107740383186020416e+00,-2.884207671825373076e+00,-1.165782925143082904e+00,-3.584634270246455756e+00
9.799912285545130386e-01,-1.487032191134613601e+00,2.107423739558637266e+00,-2.884274078132006647e+00,-1.165938488953174090e+00,-3.584430149420498868e+00
9.802366259788263259e-01,-1.486729716801830303e+00,2.107107055708128840e+00,-2.884341006532293861e+00,-1.166095187425916224e+00,-3.584224608406631152e+00
9.804837845998851664e-01,-1.486427197392948818e+00,2.106790333420907935e+00,-2.884408463168145698e+00,-1.166253032728187922e+00,-3.584017632724418867e+00
9.807327139220007872e-01,-1.486124651489297399e+00,2.106473593782299591e+00,-2.884476451983491341e+00,-1.166412031542585215e+00,-3.583809215535843418e+00
9.809834191866678710e-01,-1.485822106470888970e+00,2.106156867212795714e+00,-2.884544975859066440e+00,-1.166572187898877067e+00,-3.583599353699633117e+00
9.812359056075776742e-01,-1.485519589775125660e+00,2.105840184193771947e+00,-2.884614037668672637e+00,-1.166733505809528726e+00,-3.583388044098629432e+00
9.814901783984213424e-01,-1.485217128839407819e+00,2.105523575206605713e+00,-2.884683640286109796e+00,-1.166895989287007218e+00,-3.583175283615670281e+00
9.817462427728900209e-01,-1.484914751101137576e+00,2.105207070732674435e+00,-2.884753786585179558e+00,-1.167059642343778458e+00,-3.582961069133598020e+00
9.820041039446749664e-01,-1.484612483997715504e+00,2.104890701253355090e+00,-2.884824479439682232e+00,-1.167224468992309250e+00,-3.582745397535251008e+00
9.822637671274672133e-01,-1.484310354966543288e+00,2.104574497250025544e+00,-2.884895721723419459e+00,-1.167390473245064619e+00,-3.582528265703471160e+00
9.825252375349581291e-01,-1.484008391445021724e+00,2.104258489204061444e+00,-2.884967516310190661e+00,-1.167557659114512036e+00,-3.582309670521097722e+00
9.827885203808389702e-01,-1.483706620870552273e+00,2.103942707596841544e+00,-2.885039866073798365e+00,-1.167726030613116750e+00,-3.582089608870970832e+00
9.830536208788005492e-01,-1.483405070680536175e+00,2.103627182909741933e+00,-2.885112773888041993e+00,-1.167895591753345785e+00,-3.581868077635931069e+00
9.833205442425344556e-01,-1.483103768312374893e+00,2.103311945624140478e+00,-2.885186242626724074e+00,-1.168066346547664835e+00,-3.581645073698818571e+00
9.835892956857316127e-01,-1.482802741203468999e+00,2.102997026221413712e+00,-2.885260275163643140e+00,-1.168238299008540038e+00,-3.581420593942473030e+00
9.838598804220834992e-01,-1.482502016791220401e+00,2.102682455182939503e+00,-2.885334874372602165e+00,-1.168411453148437973e+00,-3.581194635249735025e+00
9.841323036652809275e-01,-1.482201622513030115e+00,2.102368262990093939e+00,-2.885410043127401014e+00,-1.168585812979824778e+00,-3.580967194503444695e+00
9.844065706290153761e-01,-1.481901585806298938e+00,2.102054480124255775e+00,-2.885485784301841328e+00,-1.168761382515166369e+00,-3.580738268586442175e+00
9.846826865269779905e-01,-1.481601934108428553e+00,2.101741137066800214e+00,-2.885562100769723415e+00,-1.168938165766929327e+00,-3.580507854381567601e+00
9.849606565728598051e-01,-1.481302694856820423e+00,2.101428264299106452e+00,-2.885638995404847584e+00,-1.169116166747579788e+00,-3.580275948771661554e+00
9.852404859803521875e-01,-1.481003895488875344e+00,2.101115892302550581e+00,-2.885716471081015477e+00,-1.169295389469583890e+00,-3.580042548639563282e+00
9.855221799631462831e-01,-1.480705563441994776e+00,2.100804051558509133e+00,-2.885794530672027847e+00,-1.169475837945407992e+00,-3.579807650868113811e+00
9.858057437349332375e-01,-1.480407726153579517e+00,2.100492772548359532e+00,-2.885873177051685889e+00,-1.169657516187518009e+00,-3.579571252340153720e+00
9.860911825094043071e-01,-1.480110411061031472e+00,2.100182085753480088e+00,-2.885952413093789026e+00,-1.169840428208380523e+00,-3.579333349938521369e+00
9.863784921613232282e-01,-1.479813651687716280e+00,2.099872028005409952e+00,-2.886032239004827638e+00,-1.170024571999596086e+00,-3.579093948263595060e+00
9.866676234143602064e-01,-1.479517510980934647e+00,2.099562666836944036e+00,-2.886112642095585823e+00,-1.170209916443570419e+00,-3.578853089227871376e+00
9.869585133652455378e-01,-1.479222060768351499e+00,2.099254079046746657e+00,-2.886193605784825866e+00,-1.170396421637335704e+00,-3.578610826004927414e+00
9.872510991078656817e-01,-1.478927372879485169e+00,2.098946341435415697e+00,-2.886275113490499145e+00,-1.170584047676090034e+00,-3.578367211770690837e+00
9.875453177361076529e-01,-1.478633519143852881e+00,2.098639530803550368e+00,-2.886357148630557923e+00,-1.170772754655031722e+00,-3.578122299701087083e+00
9.878411063438583550e-01,-1.478340571390972746e+00,2.098333723951747665e+00,-2.886439694622951357e+00,-1.170962502669359528e+00,-3.577876142972043816e+00
9.881384020250046918e-01,-1.478048601450363098e+00,2.098028997680605912e+00,-2.886522734885632158e+00,-1.171153251814272211e+00,-3.577628794759486919e+00
9.884371418734332337e-01,-1.477757681151541380e+00,2.097725428790723878e+00,-2.886606252836550812e+00,-1.171344962184967864e+00,-3.577380308239343609e+00
9.887372629830311066e-01,-1.477467882324025927e+00,2.097423094082699002e+00,-2.886690231893659142e+00,-1.171537593876645245e+00,-3.577130736587541104e+00
9.890387024476848810e-01,-1.477179276797334406e+00,2.097122070357129164e+00,-2.886774655474907192e+00,-1.171731106984502668e+00,-3.576880132980004845e+00
9.893413973612819046e-01,-1.476891936400984484e+00,2.096822434414613134e+00,-2.886859506998247227e+00,-1.171925461603739116e+00,-3.576628550592662048e+00
9.896452848177084149e-01,-1.476605932964494938e+00,2.096524263055748349e+00,-2.886944769881629735e+00,-1.172120617829552236e+00,-3.576376042601439487e+00
9.899503019108515378e-01,-1.476321338317382548e+00,2.096227633081133135e+00,-2.887030427543005651e+00,-1.172316535757141676e+00,-3.576122662182263934e+00
9.902563857345981768e-01,-1.476038224289166534e+00,2.095932621291365372e+00,-2.887116463400326349e+00,-1.172513175481704861e+00,-3.575868462511061718e+00
9.905634733828352356e-01,-1.475756662709363454e+00,2.095639304487042942e+00,-2.887202860871544097e+00,-1.172710497098441218e+00,-3.575613496763760057e+00
9.908715019494493959e-01,-1.475476725407492307e+00,2.095347759468764615e+00,-2.887289603374607605e+00,-1.172908460702549061e+00,-3.575357818116284836e+00
9.911804085283274501e-01,-1.475198484213070538e+00,2.095058063037128715e+00,-2.887376674327470472e+00,-1.173107026389226482e+00,-3.575101479744563271e+00
9.914901302133563021e-01,-1.474922010955616258e+00,2.094770291992732236e+00,-2.887464057148082741e+00,-1.173306154253672240e+00,-3.574844534824522579e+00
9.918006040984230776e-01,-1.474647377464646913e+00,2.094484523136173504e+00,-2.887551735254394902e+00,-1.173505804391084872e+00,-3.574587036532088646e+00
9.921117672774143470e-01,-1.474374655569681281e+00,2.094200833268050843e+00,-2.887639692064359664e+00,-1.173705936896663138e+00,-3.574329038043187801e+00
9.924235568442167921e-01,-1.474103917100236583e+00,2.093919299188962579e+00,-2.887727910995927072e+00,-1.173906511865605129e+00,-3.574070592533748147e+00
9.927359110717141055e-01,-1.473835230626579618e+00,2.093639994181447417e+00,-2.887816375716949491e+00,-1.174107490103518669e+00,-3.573811752114321560e+00
9.930487854997432917e-01,-1.473568616985715618e+00,2.093362940004423578e+00,-2.887905073555196100e+00,-1.174308842820286580e+00,-3.573552553292569378e+00
9.933621487713940601e-01,-1.473304060791644998e+00,2.093088119317441542e+00,-2.887993994615813520e+00,-1.174510549121210445e+00,-3.573293020735695880e+00
9.936759698560850840e-01,-1.473041545756252901e+00,2.092815513806303152e+00,-2.888083129073115263e+00,-1.174712588308222561e+00,-3.573033178816023003e+00
9.939902177232357028e-01,-1.472781055591425803e+00,2.092545105156808471e+00,-2.888172467101415286e+00,-1.174914939683256332e+00,-3.572773051905875796e+00
9.943048613422644788e-01,-1.472522574009049068e+00,2.092276875054760676e+00,-2.888261998875028880e+00,-1.175117582548244277e+00,-3.572512664377576197e+00
9.946198696825903074e-01,-1.472266084721009616e+00,2.092010805185960720e+00,-2.888351714568270445e+00,-1.175320496205118692e+00,-3.572252040603447920e+00
9.949352117136323059e-01,-1.472011571439192812e+00,2.091746877236210000e+00,-2.888441604355454384e+00,-1.175523659955812983e+00,-3.571991204955815125e+00
9.952508564048092587e-01,-1.471759017875484465e+00,2.091485072891310359e+00,-2.888531658410894654e+00,-1.175727053102259667e+00,-3.571730181807000637e+00
9.955667727255400612e-01,-1.471508407741770608e+00,2.091225373837062751e+00,-2.888621866908906544e+00,-1.175930654946391485e+00,-3.571468995529327728e+00
9.958829296452436086e-01,-1.471259724749936826e+00,2.090967761759270793e+00,-2.888712220023803567e+00,-1.176134444790141176e+00,-3.571207670495120112e+00
9.961992961333390184e-01,-1.471012952611869817e+00,2.090712218343733664e+00,-2.888802707929900571e+00,-1.176338401935441258e+00,-3.570946231076701505e+00
9.965158411592450749e-01,-1.470768075039454947e+00,2.090458725276253205e+00,-2.888893320801511511e+00,-1.176542505684224693e+00,-3.570684701646393400e+00
9.968325336923806734e-01,-1.470525075744578469e+00,2.090207264242631702e+00,-2.888984048812951677e+00,-1.176746735338424887e+00,-3.570423106576521732e+00
9.971493427021647094e-01,-1.470283938439125748e+00,2.089957816928670997e+00,-2.889074882138534583e+00,-1.176951070199973470e+00,-3.570161470239408441e+00
9.974662371580160780e-01,-1.470044646834983260e+00,2.089710365020172045e+00,-2.889165810952575519e+00,-1.177155489570803404e+00,-3.569899817007376797e+00
9.977831860293537858e-01,-1.469807184644036813e+00,2.089464890202936243e+00,-2.889256825429388886e+00,-1.177359972752848094e+00,-3.569638171252750958e+00
9.981001582855967280e-01,-1.469571535578171773e+00,2.089221374162766320e+00,-2.889347915743288198e+00,-1.177564499048039837e+00,-3.569376557347853307e+00
9.984171228961636890e-01,-1.469337683349274837e+00,2.088979798585462344e+00,-2.889439072068588743e+00,-1.177769047758311372e+00,-3.569114999665008447e+00
9.987340488304735642e-01,-1.469105611669231815e+00,2.088740145156827044e+00,-2.889530284579604480e+00,-1.177973598185595661e+00,-3.568853522576539206e+00
9.990509050579454708e-01,-1.468875304249928293e+00,2.088502395562660929e+00,-2.889621543450650254e+00,-1.178178129631825222e+00,-3.568592150454768852e+00
9.993676605479984154e-01,-1.468646744803250082e+00,2.088266531488766731e+00,-2.889712838856040911e+00,-1.178382621398933017e+00,-3.568330907672020214e+00
9.996842842892401659e-01,-1.468419917033691791e+00,2.088032534613455393e+00,-2.889804160975804947e+00,-1.178587052801299162e+00,-3.568069818584899355e+00
1.000000755184601742e+00,-1.468194800826709168e+00,2.087800382745636174e+00,-2.889895502943095273e+00,-1.178791409584458272e+00,-3.567808899428823732e+00
1.000317078220451128e+00,-1.467971366020310198e+00,2.087570043514265006e+00,-2.889986865660384208e+00,-1.178995694413567996e+00,-3.567548145073311527e+00
1.000633262621683395e+00,-1.467749580819804667e+00,2.087341482894063738e+00,-2.890078251292649281e+00,-1.179199912703204900e+00,-3.567287546915944851e+00
1.000949317613192502e+00,-1.467529413430502361e+00,2.087114666859759105e+00,-2.890169662004867579e+00,-1.179404069867944438e+00,-3.567027096354308480e+00
1.001265252419873741e+00,-1.467310832057713510e+00,2.086889561386075620e+00,-2.890261099962016633e+00,-1.179608171322363397e+00,-3.566766784785986300e+00
1.001581076266621517e+00,-1.467093804906747900e+00,2.086666132447735578e+00,-2.890352567329073974e+00,-1.179812222481037010e+00,-3.566506603608561754e+00
1.001896798378330455e+00,-1.466878300182915096e+00,2.086444346019466156e+00,-2.890444066271018020e+00,-1.180016228758541619e+00,-3.566246544219618730e+00
1.002212427979895404e+00,-1.466664286091525549e+00,2.086224168075989649e+00,-2.890535598952825858e+00,-1.180220195569453123e+00,-3.565986598016741560e+00
1.002527974296210989e+00,-1.466451730837888601e+00,2.086005564592032790e+00,-2.890627167539474129e+00,-1.180424128328347644e+00,-3.565726756397512798e+00
1.002843446552171613e+00,-1.466240602627314482e+00,2.085788501542318762e+00,-2.890718774195941698e+00,-1.180628032449801301e+00,-3.565467010759517663e+00
1.003158853972672349e+00,-1.466030869665113201e+00,2.085572944901572079e+00,-2.890810421087204762e+00,-1.180831913348390438e+00,-3.565207352500338711e+00
1.003474205782607598e+00,-1.465822500156594543e+00,2.085358860644518142e+00,-2.890902110378241741e+00,-1.181035776438690510e+00,-3.564947773017561161e+00
1.003789511206871987e+00,-1.465615462307068295e+00,2.085146214745880133e+00,-2.890993844234029719e+00,-1.181239627135277415e+00,-3.564688263708767568e+00
1.004104779470360143e+00,-1.465409724321844243e+00,2.084934973180383899e+00,-2.891085624819547562e+00,-1.181443470852727939e+00,-3.564428815971542708e+00
1.004420019797966912e+00,-1.465205254406232838e+00,2.084725101922753510e+00,-2.891177454299770577e+00,-1.181647313005617317e+00,-3.564169421203469135e+00
1.004735241414587588e+00,-1.465002020765543200e+00,2.084516566947713478e+00,-2.891269334839678073e+00,-1.181851159008521890e+00,-3.563910070802132068e+00
1.005050453545115241e+00,-1.464799991605085783e+00,2.084309334229987876e+00,-2.891361268604246249e+00,-1.182055014276018001e+00,-3.563650756165114508e+00
1.005365665414446052e+00,-1.464599135130170371e+00,2.084103369744301659e+00,-2.891453257758453965e+00,-1.182258884222681328e+00,-3.563391468690000341e+00
1.005680886247473760e+00,-1.464399419546106751e+00,2.083898639465379787e+00,-2.891545304467277866e+00,-1.182462774263087768e+00,-3.563132199774373454e+00
1.005996125269093655e+00,-1.464200813058204709e+00,2.083695109367946330e+00,-2.891637410895695925e+00,-1.182666689811814109e+00,-3.562872940815817291e+00
1.006311391704199920e+00,-1.464003283871774697e+00,2.083492745426725801e+00,-2.891729579208685230e+00,-1.182870636283435140e+00,-3.562613683211917071e+00
1.006626694777687625e+00,-1.463806800192125834e+00,2.083291513616443158e+00,-2.891821811571223755e+00,-1.183074619092528090e+00,-3.562354418360254904e+00
1.006942043714450952e+00,-1.463611330224568796e+00,2.083091379911821583e+00,-2.891914110148287698e+00,-1.183278643653668194e+00,-3.562095137658415567e+00
1.007257447588262744e+00,-1.463416842386171313e+00,2.082892310511537115e+00,-2.892006477066657588e+00,-1.183482715285133935e+00,-3.561835832630902310e+00
1.007572909341067247e+00,-1.463223313686157656e+00,2.082694280701076206e+00,-2.892098912903158681e+00,-1.183686835397892212e+00,-3.561576499952045172e+00
1.007888423797429933e+00,-1.463030732508141085e+00,2.082497277795149593e+00,-2.892191416182777974e+00,-1.183891000230368862e+00,-3.561317143113564843e+00
1.008203985223860899e+00,-1.462839088017702460e+00,2.082301289935453159e+00,-2.892283985289439752e+00,-1.184095205665387063e+00,-3.561057766075867992e+00
1.008519587886870683e+00,-1.462648369380421531e+00,2.082106305263683232e+00,-2.892376618607068739e+00,-1.184299447585770437e+00,-3.560798372799359068e+00
1.008835226052969158e+00,-1.462458565761880269e+00,2.081912311921535697e+00,-2.892469314519590551e+00,-1.184503721874342386e+00,-3.560538967244443409e+00
1.009150893988667308e+00,-1.462269666327658868e+00,2.081719298050707767e+00,-2.892562071410931690e+00,-1.184708024413926308e+00,-3.560279553371526351e+00
1.009466585960474783e+00,-1.462081660243337522e+00,2.081527251792894440e+00,-2.892654887665015995e+00,-1.184912351087345828e+00,-3.560020135141012787e+00
1.009782296234903232e+00,-1.461894536674497536e+00,2.081336161289792930e+00,-2.892747761665769080e+00,-1.185116697777424566e+00,-3.559760716513307610e+00
1.010098019078461862e+00,-1.461708284786719325e+00,2.081146014683099121e+00,-2.892840691797115671e+00,-1.185321060366985257e+00,-3.559501301448816601e+00
1.010413748757661878e+00,-1.461522893745583529e+00,2.080956800114509342e+00,-2.892933676442982271e+00,-1.185525434738851969e+00,-3.559241893907945542e+00
1.010729479539013154e+00,-1.461338352716671007e+00,2.080768505725719919e+00,-2.893026713987292720e+00,-1.185729816775847878e+00,-3.558982497851097992e+00
1.011045205689026671e+00,-1.461154650865562399e+00,2.080581119658427180e+00,-2.893119802813973074e+00,-1.185934202360796386e+00,-3.558723117238680178e+00
1.011360921474212082e+00,-1.460971777357838342e+00,2.080394630054326122e+00,-2.893212941306948061e+00,-1.186138587376521336e+00,-3.558463756031097436e+00
1.011676621161080369e+00,-1.460789721359079474e+00,2.080209025055115291e+00,-2.893306127850143739e+00,-1.186342967705845686e+00,-3.558204418188754659e+00
1.011992299016141406e+00,-1.460608472034866656e+00,2.080024292802489239e+00,-2.893399360827484834e+00,-1.186547339231593279e+00,-3.557945107672056295e+00
1.012307949305906618e+00,-1.460428018550780305e+00,2.079840421438144737e+00,-2.893492638622896074e+00,-1.186751697836587294e+00,-3.557685828441409015e+00
1.012623566296885436e+00,-1.460248350072401502e+00,2.079657399103777671e+00,-2.893585959620303516e+00,-1.186956039403651131e+00,-3.557426584457216379e+00
1.012939144255588397e+00,-1.460069455765310664e+00,2.079475213941084810e+00,-2.893679322203631887e+00,-1.187160359815608190e+00,-3.557167379679885499e+00
1.013254677448526264e+00,-1.459891324795088430e+00,2.079293854091762039e+00,-2.893772724756807246e+00,-1.187364654955282539e+00,-3.556908218069819938e+00
1.013570160142209353e+00,-1.459713946327315437e+00,2.079113307697505686e+00,-2.893866165663753875e+00,-1.187568920705496911e+00,-3.556649103587424587e+00
1.013885586603147759e+00,-1.459537309527572768e+00,2.078933562900012078e+00,-2.893959643308396501e+00,-1.187773152949074928e+00,-3.556390040193106561e+00
1.014200951097852466e+00,-1.459361403561440840e+00,2.078754607840977986e+00,-2.894053156074661626e+00,-1.187977347568840436e+00,-3.556131031847269419e+00
1.014516247892833123e+00,-1.459186217594500290e+00,2.078576430662098851e+00,-2.894146702346474864e+00,-1.188181500447616168e+00,-3.555872082510319387e+00
1.014831473123456229e+00,-1.459011740267260437e+00,2.078399019020149563e+00,-2.894240281118677593e+00,-1.188385608679245253e+00,-3.555613194609258176e+00
1.015146640534688505e+00,-1.458837955272657361e+00,2.078222356002655147e+00,-2.894333897142588707e+00,-1.188589680768594947e+00,-3.555354356122354176e+00
1.015461773541477042e+00,-1.458664843586761517e+00,2.078046422188021936e+00,-2.894427558330585182e+00,-1.188793731486684102e+00,-3.555095547093622521e+00
1.015776895658545120e+00,-1.458492386157609566e+00,2.077871198128767194e+00,-2.894521272627661013e+00,-1.188997775669185630e+00,-3.554836747485212278e+00
1.016092030400617574e+00,-1.458320563933238390e+00,2.077696664377407298e+00,-2.894615047978810196e+00,-1.189201828151772888e+00,-3.554577937259272957e+00
1.016407201282418127e+00,-1.458149357861684425e+00,2.077522801486459958e+00,-2.894708892329025840e+00,-1.189405903770119455e+00,-3.554319096377952736e+00
1.016722431818670058e+00,-1.457978748890985443e+00,2.077349590008441993e+00,-2.894802813623302384e+00,-1.189610017359898464e+00,-3.554060204803400680e+00
1.017037745524097758e+00,-1.457808717969177215e+00,2.077177010495870224e+00,-2.894896819806633381e+00,-1.189814183756783050e+00,-3.553801242497765855e+00
1.017353165913425173e+00,-1.457639246044297288e+00,2.077005043501262360e+00,-2.894990918824012827e+00,-1.190018417796447237e+00,-3.553542189423195996e+00
1.017668716501376469e+00,-1.457470314064381878e+00,2.076833669577134334e+00,-2.895085118620433828e+00,-1.190222734314564157e+00,-3.553283025541841056e+00
1.017984420802674483e+00,-1.457301902977468533e+00,2.076662869276003853e+00,-2.895179427140890827e+00,-1.190427148146806502e+00,-3.553023730815849657e+00
1.018300302332044494e+00,-1.457133993731593691e+00,2.076492623150388184e+00,-2.895273852330377373e+00,-1.190631674128848960e+00,-3.552764285207370420e+00
1.018616384604209779e+00,-1.456966567274794233e+00,2.076322911752803702e+00,-2.895368402133887464e+00,-1.190836327096363556e+00,-3.552504668678552413e+00
1.018932691133894286e+00,-1.456799604555106598e+00,2.076153715635767671e+00,-2.895463084496414652e+00,-1.191041121885024534e+00,-3.552244861191544256e+00
1.019249245435821738e+00,-1.456633086520568554e+00,2.075985015351797802e+00,-2.895557907362952932e+00,-1.191246073330505029e+00,-3.551984842708495016e+00
1.019566071024716747e+00,-1.456466994119216096e+00,2.075816791453409138e+00,-2.895652878678495856e+00,-1.191451196268478396e+00,-3.551724593191552870e+00
1.019883191415302592e+00,-1.456301308299086550e+00,2.075649024493121164e+00,-2.895748006388037421e+00,-1.191656505534617772e+00,-3.551464092602867773e+00
1.020200630122303220e+00,-1.456136010008215909e+00,2.075481695023448925e+00,-2.895843298436571178e+00,-1.191862015964596733e+00,-3.551203320904587901e+00
1.020518410660443021e+00,-1.455971080194642386e+00,2.075314783596910573e+00,-2.895938762769090680e+00,-1.192067742394088636e+00,-3.550942258058861878e+00
1.020836556544445495e+00,-1.455806499806401533e+00,2.075148270766022929e+00,-2.896034407330590810e+00,-1.192273699658766617e+00,-3.550680884027838768e+00
1.021155091289034589e+00,-1.455642249791531118e+00,2.074982137083302813e+00,-2.896130240066064676e+00,-1.192479902594304697e+00,-3.550419178773667639e+00
1.021474038408934248e+00,-1.455478311098067135e+00,2.074816363101267491e+00,-2.896226268920505831e+00,-1.192686366036375567e+00,-3.550157122258497111e+00
1.021793418381647722e+00,-1.455314665290592169e+00,2.074650929913053776e+00,-2.896322500970204494e+00,-1.192893102807332850e+00,-3.549894696851983333e+00
1.022113196408661162e+00,-1.455151305154520625e+00,2.074485828450840064e+00,-2.896418927481442473e+00,-1.193100089088034776e+00,-3.549631928739299447e+00
1.022433289475169316e+00,-1.454988233263001529e+00,2.074321058229224413e+00,-2.896515525929709955e+00,-1.193307269097613421e+00,-3.549368882325119046e+00
1.022753612949360846e+00,-1.454825452517430451e+00,2.074156619050628425e+00,-2.896612273328003084e+00,-1.193514585983314280e+00,-3.549105623295865541e+00
1.023074082199424195e+00,-1.454662965819202958e+00,2.073992510717476367e+00,-2.896709146689318004e+00,-1.193721982892384181e+00,-3.548842217337961458e+00
1.023394612593548469e+00,-1.454500776069714396e+00,2.073828733032189842e+00,-2.896806123026650415e+00,-1.193929402972069065e+00,-3.548578730137830206e+00
1.023715119499921888e+00,-1.454338886170360334e+00,2.073665285797192226e+00,-2.896903179352996016e+00,-1.194136789369615537e+00,-3.548315227381892090e+00
1.024035518286733115e+00,-1.454177299022536340e+00,2.073502168814906899e+00,-2.897000292681350953e+00,-1.194344085232270203e+00,-3.548051774756571852e+00
1.024355724322171035e+00,-1.454016017527638205e+00,2.073339381887755017e+00,-2.897097440024710480e+00,-1.194551233707278559e+00,-3.547788437948291573e+00
1.024675652974423867e+00,-1.453855044587060386e+00,2.073176924818159961e+00,-2.897194598396071186e+00,-1.194758177941887656e+00,-3.547525282643474664e+00
1.024995219611680275e+00,-1.453694383102199561e+00,2.073014797408545107e+00,-2.897291744808428771e+00,-1.194964861083343655e+00,-3.547262374528542761e+00
1.025314339602128921e+00,-1.453534035974450633e+00,2.072852999461332502e+00,-2.897388856274778490e+00,-1.195171226278892496e+00,-3.546999779289918830e+00
1.025632928313958470e+00,-1.453374006105209393e+00,2.072691530778944635e+00,-2.897485909808117377e+00,-1.195377216675781007e+00,-3.546737562614026285e+00
1.025950901115357805e+00,-1.453214296395870964e+00,2.072530391163806218e+00,-2.897582882421439798e+00,-1.195582775421255572e+00,-3.546475790187287203e+00
1.026268173374514925e+00,-1.453054909747830914e+00,2.072369580418337076e+00,-2.897679751127742787e+00,-1.195787845662562132e+00,-3.546214527696124108e+00
1.026584660459618936e+00,-1.452895849062485034e+00,2.072209098344961475e+00,-2.897776492940021598e+00,-1.195992370546947070e+00,-3.545953840826959524e+00
1.026900277738858058e+00,-1.452737117241228892e+00,2.072048944746101906e+00,-2.897873084871272376e+00,-1.196196293221656548e+00,-3.545693795266217307e+00
1.027214940580420954e+00,-1.452578717185457613e+00,2.071889119424181747e+00,-2.897969503934490820e+00,-1.196399556833937616e+00,-3.545434456700319092e+00
1.027528564352496732e+00,-1.452420651796566542e+00,2.071729622181622599e+00,-2.898065727142672632e+00,-1.196602104531035993e+00,-3.545175890815687403e+00
1.027841064639843038e+00,-1.452262924624970086e+00,2.071570453566111691e+00,-2.898161731596911483e+00,-1.196803879625767841e+00,-3.544918163167980474e+00
1.028152373922632368e+00,-1.452105589853540435e+00,2.071411672266247006e+00,-2.898257501271100267e+00,-1.197004838347686340e+00,-3.544661329111305825e+00
1.028462453399022092e+00,-1.451948787727677992e+00,2.071253435795649800e+00,-2.898353031821177428e+00,-1.197204958881570525e+00,-3.544405426659687830e+00
1.028771267058900873e+00,-1.451792666859091030e+00,2.071095911274917434e+00,-2.898448320038716552e+00,-1.197404221546510383e+00,-3.544150492141488584e+00
1.029078778892157597e+00,-1.451637375859488710e+00,2.070939265824646380e+00,-2.898543362715289451e+00,-1.197602606661596347e+00,-3.543896561885069296e+00
1.029384952888680926e+00,-1.451483063340578861e+00,2.070783666565435333e+00,-2.898638156642468378e+00,-1.197800094545917071e+00,-3.543643672218791174e+00
1.029689753038359745e+00,-1.451329877914071087e+00,2.070629280617879431e+00,-2.898732698611827363e+00,-1.197996665518563653e+00,-3.543391859471014982e+00
1.029993143331082939e+00,-1.451177968191673440e+00,2.070476275102577368e+00,-2.898826985414937329e+00,-1.198192299898625635e+00,-3.543141159970103260e+00
1.030295087756739614e+00,-1.451027482785094413e+00,2.070324817140125617e+00,-2.898921013843372751e+00,-1.198386978005192338e+00,-3.542891610044415440e+00
1.030595550305217767e+00,-1.450878570306042947e+00,2.070175073851121983e+00,-2.899014780688705439e+00,-1.198580680157354639e+00,-3.542643246022314507e+00
1.030894494966406949e+00,-1.450731379366227980e+00,2.070027212356162050e+00,-2.899108282742508091e+00,-1.198773386674202079e+00,-3.542396104232160337e+00
1.031191885730196267e+00,-1.450586058577357118e+00,2.069881399775844066e+00,-2.899201516796353406e+00,-1.198965077874824425e+00,-3.542150221002315025e+00
1.031487686586473718e+00,-1.450442756551139967e+00,2.069737803230765838e+00,-2.899294479641814970e+00,-1.199155734078311442e+00,-3.541905632661139780e+00
1.031781861525127963e+00,-1.450301621899284799e+00,2.069596589841522505e+00,-2.899387168070463705e+00,-1.199345335603753337e+00,-3.541662375536994922e+00
1.032074374536048778e+00,-1.450162803233500108e+00,2.069457926728712760e+00,-2.899479578873873642e+00,-1.199533862770240100e+00,-3.541420485958242548e+00
1.032365189609125045e+00,-1.450026449165494613e+00,2.069321981012933520e+00,-2.899571708843617035e+00,-1.199721295896861495e+00,-3.541180000253243865e+00
1.032654270734244539e+00,-1.449892708306977251e+00,2.069188919814782146e+00,-2.899663554771266583e+00,-1.199907615302707731e+00,-3.540940954750360081e+00
1.032941605426103360e+00,-1.449761718714014380e+00,2.069058899551333930e+00,-2.899755119853062446e+00,-1.200092816759550374e+00,-3.540703366868457991e+00
1.033227323335788483e+00,-1.449633554665706869e+00,2.068932011969213391e+00,-2.899846445982108722e+00,-1.200276989403945782e+00,-3.540467139775639094e+00
1.033511607227532547e+00,-1.449508266609148111e+00,2.068808324649165975e+00,-2.899937589511651037e+00,-1.200460257260752783e+00,-3.540232133947080584e+00
1.033794639957383632e+00,-1.449385904950234893e+00,2.068687905130158544e+00,-2.900028606819931909e+00,-1.200642744415139740e+00,-3.539998209784160466e+00
1.034076604381390485e+00,-1.449266520094863564e+00,2.068570820951161071e+00,-2.900119554285193857e+00,-1.200824574952276569e+00,-3.539765227688254523e+00
1.034357683355601409e+00,-1.449150162448929802e+00,2.068457139651142196e+00,-2.900210488285678068e+00,-1.201005872957331411e+00,-3.539533048060740761e+00
1.034638059736064486e+00,-1.449036882418330396e+00,2.068346928769070114e+00,-2.900301465199628836e+00,-1.201186762515473738e+00,-3.539301531302995407e+00
1.034917916378828018e+00,-1.448926730408961250e+00,2.068240255843914799e+00,-2.900392541405286462e+00,-1.201367367711872580e+00,-3.539070537816396467e+00
1.035197436139940308e+00,-1.448819756826718708e+00,2.068137188414644001e+00,-2.900483773280894351e+00,-1.201547812631697187e+00,-3.538839928002319724e+00
1.035476801875449882e+00,-1.448716012077499338e+00,2.068037794020226805e+00,-2.900575217204695022e+00,-1.201728221360116144e+00,-3.538609562262141850e+00
1.035756196441404597e+00,-1.448615546567199042e+00,2.067942140199632739e+00,-2.900666929554930551e+00,-1.201908717982298480e+00,-3.538379300997239962e+00
1.036035802693852981e+00,-1.448518410701714387e+00,2.067850294491828667e+00,-2.900758966709843012e+00,-1.202089426583413667e+00,-3.538149004608991177e+00
1.036315803488843335e+00,-1.448424654886941276e+00,2.067762324435785892e+00,-2.900851385047674924e+00,-1.202270471248630512e+00,-3.537918533498772611e+00
1.036596381682423740e+00,-1.448334329528776054e+00,2.067678297570471280e+00,-2.900944240946668806e+00,-1.202451976063117822e+00,-3.537687748067960936e+00
1.036877720130642944e+00,-1.448247485033115289e+00,2.067598281434854357e+00,-2.901037590785066733e+00,-1.202634065112044848e+00,-3.537456508717932380e+00
1.037160001689548583e+00,-1.448164171805855105e+00,2.067522343567904652e+00,-2.901131490941111668e+00,-1.202816862480580840e+00,-3.537224675850064504e+00
1.037443393051754370e+00,-1.448084428115584910e+00,2.067450536770073288e+00,-2.901225992099993878e+00,-1.203000481155096502e+00,-3.536992121964824154e+00
1.037727965507657668e+00,-1.448008220592289508e+00,2.067382826849960775e+00,-2.901321111344533410e+00,-1.203184968612996952e+00,-3.536758790975717659e+00
1.038013755468248478e+00,-1.447935489674611498e+00,2.067319147811619295e+00,-2.901416853472398749e+00,-1.203370348381364696e+00,-3.536524652905125521e+00
1.038300799292754650e+00,-1.447866175762324126e+00,2.067259433611902786e+00,-2.901513223263026742e+00,-1.203556643951737781e+00,-3.536289677814174581e+00
1.038589133340403592e+00,-1.447800219255199972e+00,2.067203618207666072e+00,-2.901610225495853790e+00,-1.203743878815654922e+00,-3.536053835763991238e+00
1.038878793970423375e+00,-1.447737560553013392e+00,2.067151635555762201e+00,-2.901707864950314963e+00,-1.203932076464655054e+00,-3.535817096815703664e+00
1.039169817542041407e+00,-1.447678140055536966e+00,2.067103419613044668e+00,-2.901806146405847553e+00,-1.204121260390276893e+00,-3.535579431030439590e+00
1.039462240414485539e+00,-1.447621898162544385e+00,2.067058904336367409e+00,-2.901905074641887516e+00,-1.204311454084058486e+00,-3.535340808469324081e+00
1.039756098946982732e+00,-1.447568775273808672e+00,2.067018023682585248e+00,-2.902004654437872144e+00,-1.204502681037538769e+00,-3.535101199193485755e+00
1.040051429498761504e+00,-1.447518711789103296e+00,2.066980711608550347e+00,-2.902104890573236951e+00,-1.204694964742256680e+00,-3.534860573264051009e+00
1.040348268429049261e+00,-1.447471648108201725e+00,2.066946902071117531e+00,-2.902205787827418337e+00,-1.204888328689750265e+00,-3.534618900742147574e+00
1.040646652097073410e+00,-1.447427524630876539e+00,2.066916529027140736e+00,-2.902307350979853595e+00,-1.205082796371558684e+00,-3.534376151688902290e+00
1.040946616862062024e+00,-1.447386281756902315e+00,2.066889526433472568e+00,-2.902409584809978238e+00,-1.205278391279220429e+00,-3.534132296165442000e+00
1.041248199083242287e+00,-1.447347859886051191e+00,2.066865828246967851e+00,-2.902512494097228224e+00,-1.205475136904273992e+00,-3.533887304232893545e+00
1.041551435119842051e+00,-1.447312199418096634e+00,2.066845368424479190e+00,-2.902616083621040399e+00,-1.205673056738258531e+00,-3.533641145952385543e+00
1.041856361331089165e+00,-1.447279240752812557e+00,2.066828080922861854e+00,-2.902720358160851166e+00,-1.205872174272711872e+00,-3.533393791385043503e+00
1.042163014076211036e+00,-1.447248924289971539e+00,2.066813899698968893e+00,-2.902825322496097371e+00,-1.206072512999173174e+00,-3.533145210591996044e+00
1.042471429714435516e+00,-1.447221190429347715e+00,2.066802758709653798e+00,-2.902930981406214528e+00,-1.206274096409180929e+00,-3.532895373634367786e+00
1.042781617066774968e+00,-1.447195977738110040e+00,2.066794588101702246e+00,-2.903037330567814323e+00,-1.206476929716334467e+00,-3.532644272360948801e+00
1.043093426952000469e+00,-1.447173214268751007e+00,2.066789296161387401e+00,-2.903144313429471435e+00,-1.206680913263408206e+00,-3.532392023628596167e+00
1.043406653941469919e+00,-1.447152824330629528e+00,2.066786783392834170e+00,-2.903251854847039404e+00,-1.206885910060080391e+00,-3.532138788795945672e+00
1.043721092538151929e+00,-1.447134732228553045e+00,2.066786950290704805e+00,-2.903359879653764519e+00,-1.207091783070638025e+00,-3.531884729275741375e+00
1.044036537245014218e+00,-1.447118862267329664e+00,2.066789697349660671e+00,-2.903468312682894847e+00,-1.207298395259368329e+00,-3.531630006480728223e+00
1.044352782565025617e+00,-1.447105138751766606e+00,2.066794925064364463e+00,-2.903577078767676234e+00,-1.207505609590557194e+00,-3.531374781823650721e+00
1.044669623001154068e+00,-1.447093485986671979e+00,2.066802533929478436e+00,-2.903686102741354969e+00,-1.207713289028492287e+00,-3.531119216717252485e+00
1.044986853056368181e+00,-1.447083828276853223e+00,2.066812424439663953e+00,-2.903795309437178673e+00,-1.207921296537459499e+00,-3.530863472574278461e+00
1.045304267233635898e+00,-1.447076089927118447e+00,2.066824497089583712e+00,-2.903904623688394082e+00,-1.208129495081746274e+00,-3.530607710807472266e+00
1.045621660035925826e+00,-1.447070195242274870e+00,2.066838652373899521e+00,-2.904013970328247041e+00,-1.208337747625639169e+00,-3.530352092829577959e+00
1.045938826591946036e+00,-1.447066068571783104e+00,2.066854790879538939e+00,-2.904123274410919997e+00,-1.208545917544938675e+00,-3.530096779551131547e+00
1.046255638898317963e+00,-1.447063639750380881e+00,2.066872824527537844e+00,-2.904232488130964462e+00,-1.208753918767063062e+00,-3.529841870189595721e+00
1.046572118864966594e+00,-1.447062849310584598e+00,2.066892687343527601e+00,-2.904341616614020349e+00,-1.208961763808816592e+00,-3.529587343644193798e+00
1.046888305713361111e+00,-1.447063639020260029e+00,2.066914315905710620e+00,-2.904450671098055992e+00,-1.209169476571813506e+00,-3.529333164920154253e+00
1.047204238664971143e+00,-1.447065950647271171e+00,2.066937646792290639e+00,-2.904559662821037502e+00,-1.209377080957667383e+00,-3.529079299022707783e+00
1.047519956941265429e+00,-1.447069725959484021e+00,2.066962616581469625e+00,-2.904668603020931883e+00,-1.209584600867992465e+00,-3.528825710957081974e+00
1.047835499763713374e+00,-1.447074906724762799e+00,2.066989161851451318e+00,-2.904777502935705247e+00,-1.209792060204401887e+00,-3.528572365728507076e+00
1.048150906353784162e+00,-1.447081434710972614e+00,2.067017219180438126e+00,-2.904886373803325483e+00,-1.209999482868510112e+00,-3.528319228342212455e+00
1.048466215932947199e+00,-1.447089251685978573e+00,2.067046725146633790e+00,-2.904995226861758262e+00,-1.210206892761930941e+00,-3.528066263803425695e+00
1.048781467722671223e+00,-1.447098299417646006e+00,2.067077616328240719e+00,-2.905104073348971028e+00,-1.210414313786277951e+00,-3.527813437117377937e+00
1.049096700944425642e+00,-1.447108519673839355e+00,2.067109829303462654e+00,-2.905212924502930338e+00,-1.210621769843165385e+00,-3.527560713289297656e+00
1.049411954819680304e+00,-1.447119854222423729e+00,2.067143300650501558e+00,-2.905321791561603195e+00,-1.210829284834207265e+00,-3.527308057324412882e+00
1.049727268569903504e+00,-1.447132244831264014e+00,2.067177966947560730e+00,-2.905430685762956156e+00,-1.211036882661016501e+00,-3.527055434227955200e+00
1.050042680376074289e+00,-1.447145633918349272e+00,2.067213765442487805e+00,-2.905539618018729620e+00,-1.211244586560517478e+00,-3.526802809876584455e+00
1.050358204542739093e+00,-1.447159978820244941e+00,2.067250648749647812e+00,-2.905648591754636634e+00,-1.211452404516788262e+00,-3.526550170143966767e+00
1.050673831528444735e+00,-1.447175251773078486e+00,2.067288584830338394e+00,-2.905757602919907701e+00,-1.211660329280504600e+00,-3.526297520875287805e+00
1.050989550757333024e+00,-1.447191425659298591e+00,2.067327542311584221e+00,-2.905866647139454084e+00,-1.211868352941538607e+00,-3.526044868782066910e+00
1.051305351653546216e+00,-1.447208473361353276e+00,2.067367489820411297e+00,-2.905975720038187493e+00,-1.212076467589763284e+00,-3.525792220575822533e+00
1.051621223641226566e+00,-1.447226367761691446e+00,2.067408395983842517e+00,-2.906084817241018303e+00,-1.212284665315051191e+00,-3.525539582968074015e+00
1.051937156144516772e+00,-1.447245081742761341e+00,2.067450229428903441e+00,-2.906193934372858223e+00,-1.212492938207274884e+00,-3.525286962670341140e+00
1.052253138587558201e+00,-1.447264588187011203e+00,2.067492958782619628e+00,-2.906303067058618517e+00,-1.212701278356307366e+00,-3.525034366394143248e+00
1.052569160394493997e+00,-1.447284859976890159e+00,2.067536552672015304e+00,-2.906412210923210448e+00,-1.212909677852020973e+00,-3.524781800850998792e+00
1.052885210989465747e+00,-1.447305869994846228e+00,2.067580979724115142e+00,-2.906521361591545283e+00,-1.213118128784288485e+00,-3.524529272752427111e+00
1.053201279796616152e+00,-1.447327591123328316e+00,2.067626208565943813e+00,-2.906630514688534284e+00,-1.213326623242982460e+00,-3.524276788809947991e+00
1.053517356240087466e+00,-1.447349996244783998e+00,2.067672207824526875e+00,-2.906739665839087827e+00,-1.213535153317975901e+00,-3.524024355735080771e+00
1.053833429744021277e+00,-1.447373058241662624e+00,2.067718946126888557e+00,-2.906848810668118954e+00,-1.213743711099140921e+00,-3.523771980239344348e+00
1.054149489732560507e+00,-1.447396749996411991e+00,2.067766392100053974e+00,-2.906957944800536708e+00,-1.213952288676350966e+00,-3.523519669034258062e+00
1.054465525629847189e+00,-1.447421044391481004e+00,2.067814514371047352e+00,-2.907067063861254130e+00,-1.214160878139477928e+00,-3.523267428831341253e+00
1.054781526866446884e+00,-1.447445914314914983e+00,2.067863281573667056e+00,-2.907176163477650288e+00,-1.214369471582787297e+00,-3.523015266337269136e+00
1.055097486824713160e+00,-1.447471336097945871e+00,2.067912666508267883e+00,-2.907285240795475900e+00,-1.214578063802862484e+00,-3.522763185279189191e+00
1.055413409557718563e+00,-1.447497295369188697e+00,2.067962653225853487e+00,-2.907394297060436728e+00,-1.214786656893155792e+00,-3.522511181338838782e+00
1.055729300901710577e+00,-1.447523779310937675e+00,2.068013227657516051e+00,-2.907503334203373146e+00,-1.214995254166494121e+00,-3.522259248853496949e+00
1.056045166692937132e+00,-1.447550775105485021e+00,2.068064375734345095e+00,-2.907612354155129086e+00,-1.215203858935703485e+00,-3.522007382160441402e+00
1.056361012767646157e+00,-1.447578269935124728e+00,2.068116083387432358e+00,-2.907721358846545368e+00,-1.215412474513611008e+00,-3.521755575596950294e+00
1.056676844962084916e+00,-1.447606250982149678e+00,2.068168336547867359e+00,-2.907830350208465919e+00,-1.215621104213042702e+00,-3.521503823500301333e+00
1.056992669112501559e+00,-1.447634705428853641e+00,2.068221121146741837e+00,-2.907939330171732450e+00,-1.215829751346825471e+00,-3.521252120207773117e+00
1.057308491055143795e+00,-1.447663620457529499e+00,2.068274423115147087e+00,-2.908048300667187558e+00,-1.216038419227785328e+00,-3.521000460056644243e+00
1.057624316626259109e+00,-1.447692983250470578e+00,2.068328228384171741e+00,-2.908157263625673838e+00,-1.216247111168749173e+00,-3.520748837384191532e+00
1.057940151662095429e+00,-1.447722780989970426e+00,2.068382522884908425e+00,-2.908266220978033889e+00,-1.216455830482543465e+00,-3.520497246527693136e+00
1.058256001998900908e+00,-1.447753000858321704e+00,2.068437292548447104e+00,-2.908375174655110307e+00,-1.216664580481994662e+00,-3.520245681824427653e+00
1.058571873472922364e+00,-1.447783630037818403e+00,2.068492523305879072e+00,-2.908484126587744800e+00,-1.216873364479929220e+00,-3.519994137611674123e+00
1.058887771920408616e+00,-1.447814655710753629e+00,2.068548201088294292e+00,-2.908593078706780855e+00,-1.217082185789173820e+00,-3.519742608226708480e+00
1.059203703177606481e+00,-1.447846065059420484e+00,2.068604311826784503e+00,-2.908702032943059734e+00,-1.217291047722554698e+00,-3.519491088006810653e+00
1.059519673080764335e+00,-1.447877845266112518e+00,2.068660841452439225e+00,-2.908810991227424925e+00,-1.217499953592898754e+00,-3.519239571289257462e+00
1.059835687466129661e+00,-1.447909983513122611e+00,2.068717775896349753e+00,-2.908919955490718579e+00,-1.217708906713032224e+00,-3.518988052411327061e+00
1.060151752169950168e+00,-1.447942466982744536e+00,2.068775101089607826e+00,-2.909028927663782849e+00,-1.217917910395781567e+00,-3.518736525710298046e+00
1.060467873028473562e+00,-1.447975282857271395e+00,2.068832802963302520e+00,-2.909137909677461664e+00,-1.218126967953973461e+00,-3.518484985523449016e+00
1.060784055382148150e+00,-1.448008418535621677e+00,2.068890867654552768e+00,-2.909246903266846207e+00,-1.218336082388935315e+00,-3.518233426613342818e+00
1.061100298253950358e+00,-1.448041864176949245e+00,2.068949283925666016e+00,-2.909355907672804609e+00,-1.218545252732874395e+00,-3.517981849161543551e+00
1.061416596311695271e+00,-1.448075611843269384e+00,2.069008042348714937e+00,-2.909464920416721778e+00,-1.218754475281753180e+00,-3.517730257085380341e+00
1.061732944136961176e+00,-1.448109653634275684e+00,2.069067133531606206e+00,-2.909573938985936969e+00,-1.218963746277353266e+00,-3.517478654376155145e+00
1.062049336311326808e+00,-1.448143981649661738e+00,2.069126548082246941e+00,-2.909682960867788992e+00,-1.219173061961456028e+00,-3.517227045025169474e+00
1.062365767416370677e+00,-1.448178587989121135e+00,2.069186276608543817e+00,-2.909791983549616212e+00,-1.219382418575843507e+00,-3.516975433023725728e+00
1.062682232033671070e+00,-1.448213464752348134e+00,2.069246309718404842e+00,-2.909901004518757439e+00,-1.219591812362296857e+00,-3.516723822363125418e+00
1.062998724744806278e+00,-1.448248604039035659e+00,2.069306638019736244e+00,-2.910010021262551927e+00,-1.219801239562597894e+00,-3.516472217034671388e+00
1.063315240131355477e+00,-1.448283997948877966e+00,2.069367252120445588e+00,-2.910119031268338485e+00,-1.220010696418528440e+00,-3.516220621029664262e+00
1.063631772774896733e+00,-1.448319638581568425e+00,2.069428142628439993e+00,-2.910228032023454592e+00,-1.220220179171869423e+00,-3.515969038339406438e+00
1.063948317257008114e+00,-1.448355518036800405e+00,2.069489300151625244e+00,-2.910337021015239944e+00,-1.220429684064403109e+00,-3.515717472955200762e+00
1.064264868159268573e+00,-1.448391628414268384e+00,2.069550715297910681e+00,-2.910445995731032909e+00,-1.220639207337911092e+00,-3.515465928868346968e+00
1.064581420063256623e+00,-1.448427961813665066e+00,2.069612378675202091e+00,-2.910554953658172739e+00,-1.220848745234174526e+00,-3.515214410070149231e+00
1.064897967550550550e+00,-1.448464510334685151e+00,2.069674280891405704e+00,-2.910663892283997356e+00,-1.221058293994975230e+00,-3.514962920551907732e+00
1.065214505202728867e+00,-1.448501266077021565e+00,2.069736412554429972e+00,-2.910772809095846458e+00,-1.221267849862094801e+00,-3.514711464304926203e+00
1.065531027601370084e+00,-1.448538221140367899e+00,2.069798764272181568e+00,-2.910881701581057968e+00,-1.221477409077315057e+00,-3.514460045320504822e+00
1.065847529328052712e+00,-1.448575367624418408e+00,2.069861326652567168e+00,-2.910990567226970249e+00,-1.221686967882417374e+00,-3.514208667589946433e+00
1.066164004964355261e+00,-1.448612697628866464e+00,2.069924090303494335e+00,-2.911099403520923889e+00,-1.221896522519183570e+00,-3.513957335104552104e+00
1.066480449091856020e+00,-1.448650203253405655e+00,2.069987045832870631e+00,-2.911208207950255478e+00,-1.222106069229394798e+00,-3.513706051855625567e+00
1.066796856292133722e+00,-1.448687876597729796e+00,2.070050183848601399e+00,-2.911316978002305156e+00,-1.222315604254833099e+00,-3.513454821834466557e+00
1.067113221146766877e+00,-1.448725709761532476e+00,2.070113494958595535e+00,-2.911425711164411290e+00,-1.222525123837279848e+00,-3.513203649032377918e+00
1.067429538237333775e+00,-1.448763694844507288e+00,2.070176969770759712e+00,-2.911534404923912689e+00,-1.222734624218516641e+00,-3.512952537440662049e+00
1.067745802421805390e+00,-1.448801824134476224e+00,2.070240599124984815e+00,-2.911643056872420754e+00,-1.222944101828006058e+00,-3.512701490839732710e+00
1.068062012395819105e+00,-1.448840092531391344e+00,2.070304377082245129e+00,-2.911751666049370080e+00,-1.223153555701123940e+00,-3.512450510081870814e+00
1.068378169663904531e+00,-1.448878496847094466e+00,2.070368300061107281e+00,-2.911860232553892924e+00,-1.223362986780585526e+00,-3.512199593876175641e+00
1.068694275794926041e+00,-1.448917033937215937e+00,2.070432364534137815e+00,-2.911968756509392797e+00,-1.223572396052792444e+00,-3.511948740882657294e+00
1.069010332357748227e+00,-1.448955700657387657e+00,2.070496566973903718e+00,-2.912077238039276317e+00,-1.223781784504146319e+00,-3.511697949761328097e+00
1.069326340921235463e+00,-1.448994493863240862e+00,2.070560903852970647e+00,-2.912185677266946104e+00,-1.223991153121047670e+00,-3.511447219172199929e+00
1.069642303054253007e+00,-1.449033410410407008e+00,2.070625371643904700e+00,-2.912294074315806114e+00,-1.224200502889899012e+00,-3.511196547775282895e+00
1.069958220325664788e+00,-1.449072447154516885e+00,2.070689966819272865e+00,-2.912402429309262963e+00,-1.224409834797100638e+00,-3.510945934230589316e+00
1.070274094304335843e+00,-1.449111600951202172e+00,2.070754685851642130e+00,-2.912510742370718830e+00,-1.224619149829054177e+00,-3.510695377198130185e+00
1.070589926559130767e+00,-1.449150868656094104e+00,2.070819525213578149e+00,-2.912619013623578557e+00,-1.224828448972161032e+00,-3.510444875337917381e+00
1.070905718658913486e+00,-1.449190247124824360e+00,2.070884481377647468e+00,-2.912727243191246984e+00,-1.225037733212822832e+00,-3.510194427309961007e+00
1.071221472172549039e+00,-1.449229733213023730e+00,2.070949550816416185e+00,-2.912835431197128955e+00,-1.225247003537440760e+00,-3.509944031774274276e+00
1.071537188668902241e+00,-1.449269323776323670e+00,2.071014730002451731e+00,-2.912943577764627978e+00,-1.225456260932415775e+00,-3.509693687390867289e+00
1.071852869716837020e+00,-1.449309015670355638e+00,2.071080015408319319e+00,-2.913051683017148008e+00,-1.225665506384149506e+00,-3.509443392819751484e+00
1.072168516885218859e+00,-1.449348805750750868e+00,2.071145403506586380e+00,-2.913159747078094330e+00,-1.225874740879043800e+00,-3.509193146720939183e+00
1.072484131742911684e+00,-1.449388690873140817e+00,2.071210890769818569e+00,-2.913267770070871343e+00,-1.226083965403499176e+00,-3.508942947754441377e+00
1.072799715858780312e+00,-1.449428667893156719e+00,2.071276473670581542e+00,-2.913375752118882556e+00,-1.226293180943917482e+00,-3.508692794580268615e+00
1.073115270801689114e+00,-1.449468733666429587e+00,2.071342148681444062e+00,-2.913483693345533254e+00,-1.226502388486699902e+00,-3.508442685858432331e+00
1.073430798140503128e+00,-1.449508885048590878e+00,2.071407912274970897e+00,-2.913591593874227392e+00,-1.226711589018247839e+00,-3.508192620248945293e+00
1.073746299444086727e+00,-1.449549118895272493e+00,2.071473760923728147e+00,-2.913699453828369812e+00,-1.226920783524962921e+00,-3.507942596411818048e+00
1.074061776281304281e+00,-1.449589432062104999e+00,2.071539691100283687e+00,-2.913807273331364023e+00,-1.227129972993245666e+00,-3.507692613007062032e+00
1.074377230221020385e+00,-1.449629821404719854e+00,2.071605699277202728e+00,-2.913915052506614867e+00,-1.227339158409498143e+00,-3.507442668694688237e+00
1.074692662832100076e+00,-1.449670283778748736e+00,2.071671781927051814e+00,-2.914022791477526741e+00,-1.227548340760121537e+00,-3.507192762134708541e+00
1.075008075683407283e+00,-1.449710816039822880e+00,2.071737935522397489e+00,-2.914130490367503157e+00,-1.227757521031517030e+00,-3.506942891987134381e+00
1.075323470343807042e+00,-1.449751415043573077e+00,2.071804156535806296e+00,-2.914238149299950287e+00,-1.227966700210086248e+00,-3.506693056911976747e+00
1.075638848381993196e+00,-1.449792077645813304e+00,2.071870441440043731e+00,-2.914345768398236114e+00,-1.228175879282121130e+00,-3.506443255569389628e+00
1.075954211049654274e+00,-1.449832801040156882e+00,2.071936787077096387e+00,-2.914453347720905363e+00,-1.228385059030630444e+00,-3.506193486883221411e+00
1.076269558624242340e+00,-1.449873583458362702e+00,2.072003191423664070e+00,-2.914560887127275013e+00,-1.228594239613885586e+00,-3.505943750587725560e+00
1.076584891196670002e+00,-1.449914423330966651e+00,2.072069652673711460e+00,-2.914668386438518777e+00,-1.228803421070536972e+00,-3.505694046572322531e+00
1.076900208857849428e+00,-1.449955319088504169e+00,2.072136169021205454e+00,-2.914775845475807703e+00,-1.229012603439235685e+00,-3.505444374726435885e+00
1.077215511698693673e+00,-1.449996269161510698e+00,2.072202738660109844e+00,-2.914883264060313284e+00,-1.229221786758632362e+00,-3.505194734939487855e+00
1.077530799810114681e+00,-1.450037271980521458e+00,2.072269359784390641e+00,-2.914990642013208788e+00,-1.229430971067377865e+00,-3.504945127100900226e+00
1.077846073283024841e+00,-1.450078325976072557e+00,2.072336030588013855e+00,-2.915097979155665264e+00,-1.229640156404122386e+00,-3.504695551100094786e+00
1.078161332208337209e+00,-1.450119429578699215e+00,2.072402749264943278e+00,-2.915205275308855981e+00,-1.229849342807516788e+00,-3.504446006826495985e+00
1.078476576676964394e+00,-1.450160581218936873e+00,2.072469514009145808e+00,-2.915312530293951543e+00,-1.230058530316212373e+00,-3.504196494169523834e+00
1.078791806779817897e+00,-1.450201779327321194e+00,2.072536323014586568e+00,-2.915419743932124774e+00,-1.230267718968859336e+00,-3.503947013018601009e+00
1.079107022607810773e+00,-1.450243022334387621e+00,2.072603174475230237e+00,-2.915526916044548056e+00,-1.230476908804108538e+00,-3.503697563263150183e+00
1.079422224251855633e+00,-1.450284308670671596e+00,2.072670066585043713e+00,-2.915634046452392436e+00,-1.230686099860610838e+00,-3.503448144792594032e+00
1.079737411802864866e+00,-1.450325636766708559e+00,2.072736997537990344e+00,-2.915741134976830295e+00,-1.230895292177016653e+00,-3.503198757496353899e+00
1.080052585351751082e+00,-1.450367005053034397e+00,2.072803965528036585e+00,-2.915848181439034459e+00,-1.231104485791977066e+00,-3.502949401263852458e+00
1.080367744989426226e+00,-1.450408411960184329e+00,2.072870968749148890e+00,-2.915955185660175530e+00,-1.231313680744142491e+00,-3.502700075984512385e+00
1.080682890806803353e+00,-1.450449855918693798e+00,2.072938005395291050e+00,-2.916062147461427223e+00,-1.231522877072163791e+00,-3.502450781547755465e+00
1.080998022894794852e+00,-1.450491335359098466e+00,2.073005073660429076e+00,-2.916169066663960585e+00,-1.231732074814692046e+00,-3.502201517843003487e+00
1.081313141344313111e+00,-1.450532848711933775e+00,2.073072171738528091e+00,-2.916275943088947109e+00,-1.231941274010377230e+00,-3.501952284759680012e+00
1.081628246246270297e+00,-1.450574394407735390e+00,2.073139297823554106e+00,-2.916382776557560508e+00,-1.232150474697870424e+00,-3.501703082187205940e+00
1.081943337691579465e+00,-1.450615970877038752e+00,2.073206450109472243e+00,-2.916489566890970941e+00,-1.232359676915822488e+00,-3.501453910015004833e+00
1.082258415771152782e+00,-1.450657576550379080e+00,2.073273626790247626e+00,-2.916596313910352123e+00,-1.232568880702884284e+00,-3.501204768132497591e+00
1.082573480575902636e+00,-1.450699209858292260e+00,2.073340826059845821e+00,-2.916703017436875101e+00,-1.232778086097706227e+00,-3.500955656429107776e+00
1.082888532196741860e+00,-1.450740869231313734e+00,2.073408046112232395e+00,-2.916809677291711811e+00,-1.232987293138938734e+00,-3.500706574794256731e+00
1.083203570724582621e+00,-1.450782553099979166e+00,2.073475285141372471e+00,-2.916916293296035079e+00,-1.233196501865233552e+00,-3.500457523117367131e+00
1.083518596250337751e+00,-1.450824259894823776e+00,2.073542541341232059e+00,-2.917022865271016396e+00,-1.233405712315240210e+00,-3.500208501287860763e+00
1.083833608864919196e+00,-1.450865988046383226e+00,2.073609812905775840e+00,-2.917129393037827700e+00,-1.233614924527610457e+00,-3.499959509195160745e+00
1.084148608659240010e+00,-1.450907735985192737e+00,2.073677098028969379e+00,-2.917235876417641816e+00,-1.233824138540994042e+00,-3.499710546728687977e+00
1.084463595724211915e+00,-1.450949502141788194e+00,2.073744394904778243e+00,-2.917342315231629346e+00,-1.234033354394042492e+00,-3.499461613777866020e+00
1.084778570154675270e+00,-1.450991284959862737e+00,2.073811701742391822e+00,-2.917448709302958409e+00,-1.234242572128421145e+00,-3.499212710229764767e+00
1.085093532138470263e+00,-1.451033083194737783e+00,2.073879017111566636e+00,-2.917555058502033116e+00,-1.234451791857200886e+00,-3.498963835915737786e+00
1.085408481957958582e+00,-1.451074895918450958e+00,2.073946339948512296e+00,-2.917661362747268061e+00,-1.234661013766023885e+00,-3.498714990610515940e+00
1.085723419899731867e+00,-1.451116722217214106e+00,2.074013669205839516e+00,-2.917767621959228563e+00,-1.234870238043780599e+00,-3.498466174086294789e+00
1.086038346250381759e+00,-1.451158561177239736e+00,2.074081003836158121e+00,-2.917873836058476389e+00,-1.235079464879360378e+00,-3.498217386115269001e+00
1.086353261296499895e+00,-1.451200411884739916e+00,2.074148342792079269e+00,-2.917980004965575080e+00,-1.235288694461654124e+00,-3.497968626469634579e+00
1.086668165324677471e+00,-1.451242273425926488e+00,2.074215685026213229e+00,-2.918086128601089069e+00,-1.235497926979551186e+00,-3.497719894921587969e+00
1.086983058621506792e+00,-1.451284144887011740e+00,2.074283029491171160e+00,-2.918192206885581452e+00,-1.235707162621941801e+00,-3.497471191243323396e+00
1.087297941473579055e+00,-1.451326025354208182e+00,2.074350375139562441e+00,-2.918298239739616218e+00,-1.235916401577716206e+00,-3.497222515207038196e+00
1.087612814167486119e+00,-1.451367913913727214e+00,2.074417720923998232e+00,-2.918404227083756464e+00,-1.236125644035764415e+00,-3.496973866584926594e+00
1.087927676989819625e+00,-1.451409809651781568e+00,2.074485065797089245e+00,-2.918510168838565288e+00,-1.236334890184975777e+00,-3.496725245149184591e+00
1.088242530227170768e+00,-1.451451711654583088e+00,2.074552408711445750e+00,-2.918616064924608011e+00,-1.236544140214241638e+00,-3.496476650672007302e+00
1.088557374166131186e+00,-1.451493619008344504e+00,2.074619748619678461e+00,-2.918721915262445510e+00,-1.236753394312451126e+00,-3.496228082925591618e+00
1.088872209093293186e+00,-1.451535530799276996e+00,2.074687084474397647e+00,-2.918827719772643547e+00,-1.236962652668495144e+00,-3.495979541682132208e+00
1.089187035295248185e+00,-1.451577446113593739e+00,2.074754415228213578e+00,-2.918933478375764778e+00,-1.237171915471262817e+00,-3.495731026713825074e+00
1.089501853058587155e+00,-1.451619364037506132e+00,2.074821739833737411e+00,-2.919039190992372301e+00,-1.237381182909644162e+00,-3.495482537792865774e+00
1.089816662669902181e+00,-1.451661283657226464e+00,2.074889057243579416e+00,-2.919144857543030547e+00,-1.237590455172530302e+00,-3.495234074691448978e+00
1.090131464415785123e+00,-1.451703204058967023e+00,2.074956366410349862e+00,-2.919250477948303057e+00,-1.237799732448810364e+00,-3.494985637181771576e+00
1.090446258582827177e+00,-1.451745124328940317e+00,2.075023666286659463e+00,-2.919356052128752488e+00,-1.238009014927374807e+00,-3.494737225036028683e+00
1.090761045457620204e+00,-1.451787043553357304e+00,2.075090955825119376e+00,-2.919461580004942824e+00,-1.238218302797113424e+00,-3.494488838026416300e+00
1.091075825326755844e+00,-1.451828960818431824e+00,2.075158233978339428e+00,-2.919567061497438054e+00,-1.238427596246916451e+00,-3.494240475925129097e+00
1.091390598476825513e+00,-1.451870875210374390e+00,2.075225499698929443e+00,-2.919672496526801275e+00,-1.238636895465674126e+00,-3.493992138504363520e+00
1.091705365194421073e+00,-1.451912785815398177e+00,2.075292751939501024e+00,-2.919777885013596030e+00,-1.238846200642276241e+00,-3.493743825536315573e+00
1.092020125766133942e+00,-1.451954691719715029e+00,2.075359989652664883e+00,-2.919883226878386306e+00,-1.239055511965612588e+00,-3.493495536793179479e+00
1.092334880478555759e+00,-1.451996592009537235e+00,2.075427211791031290e+00,-2.919988522041734313e+00,-1.239264829624574071e+00,-3.493247272047151686e+00
1.092649629618278606e+00,-1.452038485771076415e+00,2.075494417307209627e+00,-2.920093770424205371e+00,-1.239474153808050039e+00,-3.492999031070427751e+00
1.092964373471893680e+00,-1.452080372090545302e+00,2.075561605153811939e+00,-2.920198971946361688e+00,-1.239683484704930505e+00,-3.492750813635203677e+00
1.093279112325992175e+00,-1.452122250054155961e+00,2.075628774283447608e+00,-2.920304126528767252e+00,-1.239892822504105929e+00,-3.492502619513674134e+00
1.093593846467166397e+00,-1.452164118748120236e+00,2.075695923648727792e+00,-2.920409234091986495e+00,-1.240102167394466326e+00,-3.492254448478035123e+00
1.093908576182008208e+00,-1.452205977258650638e+00,2.075763052202263648e+00,-2.920514294556581181e+00,-1.240311519564901488e+00,-3.492006300300482646e+00
1.094223301757108580e+00,-1.452247824671959009e+00,2.075830158896664557e+00,-2.920619307843115742e+00,-1.240520879204301874e+00,-3.491758174753212263e+00
1.094538023476556710e+00,-1.452289660075308131e+00,2.075897242685579958e+00,-2.920724273871380117e+00,-1.240730246499940348e+00,-3.491510071610480992e+00
1.094852741429159781e+00,-1.452331482637933213e+00,2.075964302603726441e+00,-2.920829192500700167e+00,-1.240939621512927360e+00,-3.491261990807419391e+00
1.095167455371764964e+00,-1.452373291668415112e+00,2.076031337823624145e+00,-2.920934063487627519e+00,-1.241149004089907804e+00,-3.491013932552629928e+00
1.095482165028943911e+00,-1.452415086488882734e+00,2.076098347531193156e+00,-2.921038886578720906e+00,-1.241358394056675918e+00,-3.490765897081300473e+00
1.095796870125268940e+00,-1.452456866421464543e+00,2.076165330912351781e+00,-2.921143661520537282e+00,-1.241567791239025498e+00,-3.490517884628620227e+00
1.096111570385312151e+00,-1.452498630788289224e+00,2.076232287153018330e+00,-2.921248388059636714e+00,-1.241777195462750338e+00,-3.490269895429778835e+00
1.096426265533646083e+00,-1.452540378911485242e+00,2.076299215439112889e+00,-2.921353065942575711e+00,-1.241986606553644901e+00,-3.490021929719964611e+00
1.096740955294842834e+00,-1.452582110113182168e+00,2.076366114956553766e+00,-2.921457694915913006e+00,-1.242196024337502536e+00,-3.489773987734367200e+00
1.097055639393474502e+00,-1.452623823715507134e+00,2.076432984891260158e+00,-2.921562274726207331e+00,-1.242405448640117926e+00,-3.489526069708174472e+00
1.097370317554113184e+00,-1.452665519040589714e+00,2.076499824429150376e+00,-2.921666805120016974e+00,-1.242614879287283980e+00,-3.489278175876576515e+00
1.097684989501331865e+00,-1.452707195410558594e+00,2.076566632756144504e+00,-2.921771285843898891e+00,-1.242824316104795823e+00,-3.489030306474762089e+00
1.097999654959701754e+00,-1.452748852147542014e+00,2.076633409058161295e+00,-2.921875716644412702e+00,-1.243033758918446807e+00,-3.488782461737919949e+00
1.098314313653795393e+00,-1.452790488573668659e+00,2.076700152521118170e+00,-2.921980097268115806e+00,-1.243243207554031171e+00,-3.488534641901239297e+00
1.098628965308185101e+00,-1.452832104011067660e+00,2.076766862330936547e+00,-2.922084427461566936e+00,-1.243452661837342488e+00,-3.488286847199909335e+00
1.098943609647443864e+00,-1.452873697781867257e+00,2.076833537673532959e+00,-2.922188706971324379e+00,-1.243662121594175218e+00,-3.488039077869118820e+00
1.099258246396142447e+00,-1.452915269208196136e+00,2.076900177734827935e+00,-2.922292935543945980e+00,-1.243871586650322936e+00,-3.487791334144056510e+00
1.099572875278854056e+00,-1.452956817612182983e+00,2.076966781700739784e+00,-2.922397112925989582e+00,-1.244081056831579879e+00,-3.487543616259911605e+00
1.099887496020150346e+00,-1.452998342315956259e+00,2.077033348757187703e+00,-2.922501238864014361e+00,-1.244290531963739843e+00,-3.487295924451873752e+00
1.100202108344604079e+00,-1.453039842641644874e+00,2.077099878090090890e+00,-2.922605313104578162e+00,-1.244500011872597289e+00,-3.487048258955129931e+00
1.100516711976787354e+00,-1.453081317911377290e+00,2.077166368885367209e+00,-2.922709335394239272e+00,-1.244709496383945124e+00,-3.486800620004872009e+00
1.100831306641271823e+00,-1.453122767447282415e+00,2.077232820328937191e+00,-2.922813305479555535e+00,-1.244918985323578475e+00,-3.486553007836286966e+00
1.101145892062630471e+00,-1.453164190571488712e+00,2.077299231606717811e+00,-2.922917223107085238e+00,-1.245128478517290693e+00,-3.486305422684564892e+00
1.101460467965434953e+00,-1.453205586606124644e+00,2.077365601904630044e+00,-2.923021088023387115e+00,-1.245337975790875795e+00,-3.486057864784893656e+00
1.101775034074257809e+00,-1.453246954873319119e+00,2.077431930408591754e+00,-2.923124899975019453e+00,-1.245547476970128020e+00,-3.485810334372462904e+00
1.102089590113671580e+00,-1.453288294695200822e+00,2.077498216304522138e+00,-2.923228658708540095e+00,-1.245756981880840719e+00,-3.485562831682461837e+00
1.102404135808247698e+00,-1.453329605393897994e+00,2.077564458778340839e+00,-2.923332363970506886e+00,-1.245966490348808797e+00,-3.485315356950079657e+00
1.102718670882558705e+00,-1.453370886291539765e+00,2.077630657015964832e+00,-2.923436015507478558e+00,-1.246176002199825605e+00,-3.485067910410503789e+00
1.103033195061177141e+00,-1.453412136710254599e+00,2.077696810203314648e+00,-2.923539613066013843e+00,-1.246385517259685161e+00,-3.484820492298925210e+00
1.103347708068674660e+00,-1.453453355972170957e+00,2.077762917526309483e+00,-2.923643156392669695e+00,-1.246595035354181702e+00,-3.484573102850531789e+00
1.103662209629624247e+00,-1.453494543399417527e+00,2.077828978170867202e+00,-2.923746645234005737e+00,-1.246804556309108580e+00,-3.484325742300513173e+00
1.103976699468597333e+00,-1.453535698314123215e+00,2.077894991322907448e+00,-2.923850079336578922e+00,-1.247014079950260701e+00,-3.484078410884057675e+00
1.104291177310166461e+00,-1.453576820038416484e+00,2.077960956168348972e+00,-2.923953458446948428e+00,-1.247223606103430971e+00,-3.483831108836354939e+00
1.104605642878903948e+00,-1.453617907894425798e+00,2.078026871893110972e+00,-2.924056782311671654e+00,-1.247433134594414517e+00,-3.483583836392593724e+00
1.104920095899381671e+00,-1.453658961204280287e+00,2.078092737683111757e+00,-2.924160050677307332e+00,-1.247642665249004246e+00,-3.483336593787963231e+00
1.105234536320173433e+00,-1.453699979333293646e+00,2.078158552785859925e+00,-2.924263263358706677e+00,-1.247852198044117733e+00,-3.483089381085030745e+00
1.105548965086736501e+00,-1.453740961838971169e+00,2.078224316722957266e+00,-2.924366420474643569e+00,-1.248061733629222125e+00,-3.482842197578144283e+00
1.105863383421748170e+00,-1.453781908332262951e+00,2.078290029092226820e+00,-2.924469522228410057e+00,-1.248271272840810964e+00,-3.482595042348016534e+00
1.106177792547895722e+00,-1.453822818424121754e+00,2.078355689491495184e+00,-2.924572568823302632e+00,-1.248480816515386005e+00,-3.482347914475354855e+00
1.106492193687866887e+00,-1.453863691725500562e+00,2.078421297518588506e+00,-2.924675560462615120e+00,-1.248690365489448340e+00,-3.482100813040863940e+00
1.106806588064349839e+00,-1.453904527847351025e+00,2.078486852771332938e+00,-2.924778497349645345e+00,-1.248899920599498614e+00,-3.481853737125252035e+00
1.107120976900031861e+00,-1.453945326400626792e+00,2.078552354847554628e+00,-2.924881379687686245e+00,-1.249109482682038808e+00,-3.481606685809223389e+00
1.107435361417600461e+00,-1.453986086996279292e+00,2.078617803345080173e+00,-2.924984207680034753e+00,-1.249319052573569788e+00,-3.481359658173484029e+00
1.107749742839744256e+00,-1.454026809245261731e+00,2.078683197861735721e+00,-2.925086981529986030e+00,-1.249528631110592869e+00,-3.481112653298741311e+00
1.108064122389150086e+00,-1.454067492758527091e+00,2.078748537995346979e+00,-2.925189701440834344e+00,-1.249738219129609140e+00,-3.480865670265700373e+00
1.108378501288505902e+00,-1.454108137147026802e+00,2.078813823343740985e+00,-2.925292367615877520e+00,-1.249947817467119915e+00,-3.480618708155067242e+00
1.108692880760499211e+00,-1.454148742021714291e+00,2.078879053504743890e+00,-2.925394980258408495e+00,-1.250157426959626727e+00,-3.480371766047548832e+00
1.109007262027818630e+00,-1.454189306993542319e+00,2.078944228076181400e+00,-2.925497539571724648e+00,-1.250367048443630447e+00,-3.480124843023849834e+00
1.109321646313151222e+00,-1.454229831673462314e+00,2.079009346655880996e+00,-2.925600045759119805e+00,-1.250576682755632163e+00,-3.479877938164677609e+00
1.109636034839184493e+00,-1.454270315672427927e+00,2.079074408841667498e+00,-2.925702499023890457e+00,-1.250786330732133411e+00,-3.479631050550737736e+00
1.109950428828606173e+00,-1.454310758601391695e+00,2.079139414231367500e+00,-2.925804899569332207e+00,-1.250995993209635282e+00,-3.479384179262736243e+00
1.110264829504104656e+00,-1.454351160071305271e+00,2.079204362422807595e+00,-2.925907247598739325e+00,-1.251205671024639310e+00,-3.479137323381379154e+00
1.110579238088367005e+00,-1.454391519693122303e+00,2.079269253013814822e+00,-2.926009543315407857e+00,-1.251415365013646586e+00,-3.478890481987372496e+00
1.110893655804081392e+00,-1.454431837077794443e+00,2.079334085602213555e+00,-2.926111786922633407e+00,-1.251625076013157978e+00,-3.478643654161422294e+00
1.111208083873934882e+00,-1.454472111836274895e+00,2.079398859785831721e+00,-2.926213978623711576e+00,-1.251834804859674799e+00,-3.478396838984235018e+00
1.111522523520616312e+00,-1.454512343579515754e+00,2.079463575162495026e+00,-2.926316118621937079e+00,-1.252044552389698806e+00,-3.478150035536516249e+00
1.111836975966812080e+00,-1.454552531918470226e+00,2.079528231330029620e+00,-2.926418207120605963e+00,-1.252254319439730423e+00,-3.477903242898973346e+00
1.112151442435210802e+00,-1.454592676464089962e+00,2.079592827886261652e+00,-2.926520244323012943e+00,-1.252464106846271852e+00,-3.477656460152310114e+00
1.112465924148499763e+00,-1.454632776827328611e+00,2.079657364429017719e+00,-2.926622230432454064e+00,-1.252673915445823294e+00,-3.477409686377234355e+00
1.112780422329366914e+00,-1.454672832619137601e+00,2.079721840556123968e+00,-2.926724165652225373e+00,-1.252883746074886950e+00,-3.477162920654451650e+00
1.113094938200499984e+00,-1.454712843450470139e+00,2.079786255865406552e+00,-2.926826050185621142e+00,-1.253093599569963246e+00,-3.476916162064668026e+00
1.113409472984586479e+00,-1.454752808932279207e+00,2.079850609954691620e+00,-2.926927884235936972e+00,-1.253303476767553493e+00,-3.476669409688589507e+00
1.113724027904314351e+00,-1.454792728675516456e+00,2.079914902421805323e+00,-2.927029668006468466e+00,-1.253513378504159670e+00,-3.476422662606922565e+00
1.114038604182371328e+00,-1.454832602291134869e+00,2.079979132864574698e+00,-2.927131401700511670e+00,-1.253723305616281980e+00,-3.476175919900372779e+00
1.114353203041445139e+00,-1.454872429390087207e+00,2.080043300880825452e+00,-2.927233085521360856e+00,-1.253933258940422846e+00,-3.475929180649646177e+00
1.114667825704223070e+00,-1.454912209583325788e+00,2.080107406068384179e+00,-2.927334719672312513e+00,-1.254143239313082248e+00,-3.475682443935449673e+00
1.114982473393393292e+00,-1.454951942481802929e+00,2.080171448025076586e+00,-2.927436304356661356e+00,-1.254353247570762386e+00,-3.475435708838488402e+00
1.115297147331643091e+00,-1.454991627696472056e+00,2.080235426348729266e+00,-2.927537839777702988e+00,-1.254563284549963909e+00,-3.475188974439468392e+00
1.115611848741660861e+00,-1.455031264838284599e+00,2.080299340637168815e+00,-2.927639326138733455e+00,-1.254773351087187905e+00,-3.474942239819096557e+00
1.115926578846133665e+00,-1.455070853518194207e+00,2.080363190488220049e+00,-2.927740763643047028e+00,-1.254983448018936354e+00,-3.474695504058078033e+00
1.116241338628844781e+00,-1.455110393324720253e+00,2.080426975458480765e+00,-2.927842152409996235e+00,-1.255193576024175028e+00,-3.474448766428087421e+00
1.116556127959333455e+00,-1.455149883741759576e+00,2.080490694912247474e+00,-2.927943492167427664e+00,-1.255403735047135871e+00,-3.474202027091465084e+00
1.116870946382554131e+00,-1.455189324222731173e+00,2.080554348157801048e+00,-2.928044782529136025e+00,-1.255613924818018035e+00,-3.473955286470006065e+00
1.117185793443423725e+00,-1.455228714221050268e+00,2.080617934503414812e+00,-2.928146023108905815e+00,-1.255824145066994912e+00,-3.473708544985537383e+00
1.117500668686859377e+00,-1.455268053190132527e+00,2.080681453257362978e+00,-2.928247213520520642e+00,-1.256034395524241454e+00,-3.473461803059885611e+00
1.117815571657777562e+00,-1.455307340583393838e+00,2.080744903727919759e+00,-2.928348353377764113e+00,-1.256244675919931497e+00,-3.473215061114875546e+00
1.118130501901095641e+00,-1.455346575854248981e+00,2.080808285223358922e+00,-2.928449442294418947e+00,-1.256454985984239103e+00,-3.472968319572334650e+00
1.118445458961730310e+00,-1.455385758456113399e+00,2.080871597051955124e+00,-2.928550479884270086e+00,-1.256665325447339443e+00,-3.472721578854088609e+00
1.118760442384598486e+00,-1.455424887842403203e+00,2.080934838521980357e+00,-2.928651465761099804e+00,-1.256875694039405911e+00,-3.472474839381963552e+00
1.119075451714617087e+00,-1.455463963466533617e+00,2.080998008941710609e+00,-2.928752399538692153e+00,-1.257086091490613011e+00,-3.472228101577785608e+00
1.119390486496703030e+00,-1.455502984781920084e+00,2.081061107619418760e+00,-2.928853280830832073e+00,-1.257296517531134805e+00,-3.471981365863380908e+00
1.119705546275773456e+00,-1.455541951241977827e+00,2.081124133863378578e+00,-2.928954109251300508e+00,-1.257506971891145575e+00,-3.471734632660575137e+00
1.120020630596744615e+00,-1.455580862300122735e+00,2.081187086981864720e+00,-2.929054884413882842e+00,-1.257717454300820048e+00,-3.471487902391195757e+00
1.120335739004534314e+00,-1.455619717409770031e+00,2.081249966283150954e+00,-2.929155605932362683e+00,-1.257927964490331618e+00,-3.471241175477068008e+00
1.120650871044058805e+00,-1.455658516024335380e+00,2.081312771075510604e+00,-2.929256273420522305e+00,-1.258138502189855235e+00,-3.470994452340018022e+00
1.120966026260235227e+00,-1.455697257597234007e+00,2.081375500667218326e+00,-2.929356886492146206e+00,-1.258349067129564514e+00,-3.470747733401871926e+00
1.121281204197980719e+00,-1.455735941581881576e+00,2.081438154366547444e+00,-2.929457444761018881e+00,-1.258559659039634182e+00,-3.470501019084456740e+00
1.121596404402211977e+00,-1.455774567431693312e+00,2.081500731481772615e+00,-2.929557947840921717e+00,-1.258770277650238523e+00,-3.470254309809597260e+00
1.121911626417845698e+00,-1.455813134600085101e+00,2.081563231321167162e+00,-2.929658395345639654e+00,-1.258980922691551596e+00,-3.470007605999120059e+00
1.122226869789799020e+00,-1.455851642540472390e+00,2.081625653193005299e+00,-2.929758786888956745e+00,-1.259191593893747463e+00,-3.469760908074852601e+00
1.122542134062988861e+00,-1.455890090706270179e+00,2.081687996405560348e+00,-2.929859122084654821e+00,-1.259402290987000406e+00,-3.469514216458619238e+00
1.122857418782332140e+00,-1.455928478550894356e+00,2.081750260267106967e+00,-2.929959400546518822e+00,-1.259613013701484929e+00,-3.469267531572246988e+00
1.123172723492745773e+00,-1.455966805527760588e+00,2.081812444085919367e+00,-2.930059621888332355e+00,-1.259823761767375094e+00,-3.469020853837561535e+00
1.123488047739146900e+00,-1.456005071090283431e+00,2.081874547170270429e+00,-2.930159785723878141e+00,-1.260034534914845183e+00,-3.468774183676389899e+00
1.123803391066451773e+00,-1.456043274691879441e+00,2.081936568828434364e+00,-2.930259891666940675e+00,-1.260245332874069479e+00,-3.468527521510557765e+00
1.124118753019577976e+00,-1.456081415785963395e+00,2.081998508368686274e+00,-2.930359939331302677e+00,-1.260456155375221821e+00,-3.468280867761891706e+00
1.124434133143442205e+00,-1.456119493825951183e+00,2.082060365099298593e+00,-2.930459928330748198e+00,-1.260667002148476712e+00,-3.468034222852216963e+00
1.124749530982961154e+00,-1.456157508265258027e+00,2.082122138328546423e+00,-2.930559858279061292e+00,-1.260877872924008880e+00,-3.467787587203360111e+00
1.125064946083052186e+00,-1.456195458557299593e+00,2.082183827364702200e+00,-2.930659728790024232e+00,-1.261088767431991720e+00,-3.467540961237147279e+00
1.125380377988631553e+00,-1.456233344155491327e+00,2.082245431516041467e+00,-2.930759539477421516e+00,-1.261299685402599957e+00,-3.467294345375404596e+00
1.125695826244617281e+00,-1.456271164513248895e+00,2.082306950090837105e+00,-2.930859289955036751e+00,-1.261510626566008098e+00,-3.467047740039958637e+00
1.126011290395924958e+00,-1.456308919083987075e+00,2.082368382397363327e+00,-2.930958979836652656e+00,-1.261721590652389535e+00,-3.466801145652635086e+00
1.126326769987472165e+00,-1.456346607321121978e+00,2.082429727743894787e+00,-2.931058608736053728e+00,-1.261932577391918997e+00,-3.466554562635260517e+00
1.126642264564176044e+00,-1.456384228678068604e+00,2.082490985438704367e+00,-2.931158176267023574e+00,-1.262143586514770988e+00,-3.466307991409661060e+00
1.126957773670952845e+00,-1.456421782608243065e+00,2.082552154790066279e+00,-2.931257682043345358e+00,-1.262354617751119568e+00,-3.466061432397661957e+00
1.127273296852720597e+00,-1.456459268565060361e+00,2.082613235106254734e+00,-2.931357125678802689e+00,-1.262565670831138576e+00,-3.465814886021090668e+00
1.127588833654394662e+00,-1.456496686001935936e+00,2.082674225695543502e+00,-2.931456506787179173e+00,-1.262776745485002516e+00,-3.465568352701772437e+00
1.127904383620893070e+00,-1.456534034372285680e+00,2.082735125866206793e+00,-2.931555824982257974e+00,-1.262987841442885451e+00,-3.465321832861533391e+00
1.128219946297132736e+00,-1.456571313129525036e+00,2.082795934926517933e+00,-2.931655079877823145e+00,-1.263198958434962327e+00,-3.465075326922200549e+00
1.128535521228030136e+00,-1.456608521727068783e+00,2.082856652184751134e+00,-2.931754271087658292e+00,-1.263410096191406540e+00,-3.464828835305599597e+00
1.128851107958502187e+00,-1.456645659618333033e+00,2.082917276949180607e+00,-2.931853398225546581e+00,-1.263621254442392594e+00,-3.464582358433556664e+00
1.129166706033465806e+00,-1.456682726256733229e+00,2.082977808528079677e+00,-2.931952460905272062e+00,-1.263832432918094995e+00,-3.464335896727897435e+00
1.129482314997838577e+00,-1.456719721095684816e+00,2.083038246229723001e+00,-2.932051458740618344e+00,-1.264043631348687580e+00,-3.464089450610448484e+00
1.129797934396536530e+00,-1.456756643588603017e+00,2.083098589362384345e+00,-2.932150391345368590e+00,-1.264254849464344854e+00,-3.463843020503035941e+00
1.130113563774477026e+00,-1.456793493188903721e+00,2.083158837234337035e+00,-2.932249258333306408e+00,-1.264466086995241101e+00,-3.463596606827486823e+00
1.130429202676576983e+00,-1.456830269350001927e+00,2.083218989153855727e+00,-2.932348059318215849e+00,-1.264677343671550158e+00,-3.463350210005625929e+00
1.130744850647753097e+00,-1.456866971525313526e+00,2.083279044429213744e+00,-2.932446793913879635e+00,-1.264888619223446531e+00,-3.463103830459279386e+00
1.131060507232922507e+00,-1.456903599168253960e+00,2.083339002368685744e+00,-2.932545461734082259e+00,-1.265099913381104724e+00,-3.462857468610275102e+00
1.131376171977001910e+00,-1.456940151732238231e+00,2.083398862280545494e+00,-2.932644062392606443e+00,-1.265311225874698353e+00,-3.462611124880436986e+00
1.131691844424908444e+00,-1.456976628670682228e+00,2.083458623473065874e+00,-2.932742595503236682e+00,-1.265522556434402368e+00,-3.462364799691592943e+00
1.132007524121559028e+00,-1.457013029437001395e+00,2.083518285254521540e+00,-2.932841060679755696e+00,-1.265733904790390385e+00,-3.462118493465568658e+00
1.132323210611870357e+00,-1.457049353484611398e+00,2.083577846933186706e+00,-2.932939457535947092e+00,-1.265945270672836687e+00,-3.461872206624188930e+00
1.132638903440759348e+00,-1.457085600266927239e+00,2.083637307817336026e+00,-2.933037785685595367e+00,-1.266156653811916000e+00,-3.461625939589282108e+00
1.132954602153143364e+00,-1.457121769237364806e+00,2.083696667215241494e+00,-2.933136044742483239e+00,-1.266368053937802385e+00,-3.461379692782672990e+00
1.133270306293938656e+00,-1.457157859849339543e+00,2.083755924435178652e+00,-2.933234234320394318e+00,-1.266579470780669681e+00,-3.461133466626187705e+00
1.133586015408062586e+00,-1.457193871556266673e+00,2.083815078785420383e+00,-2.933332354033112210e+00,-1.266790904070692836e+00,-3.460887261541652826e+00
1.133901729040432071e+00,-1.457229803811561641e+00,2.083874129574240897e+00,-2.933430403494421412e+00,-1.267002353538045023e+00,-3.460641077950894928e+00
1.134217446735963808e+00,-1.457265656068640336e+00,2.083933076109914850e+00,-2.933528382318104200e+00,-1.267213818912901413e+00,-3.460394916275739252e+00
1.134533168039574713e+00,-1.457301427780917757e+00,2.083991917700715124e+00,-2.933626290117944624e+00,-1.267425299925436066e+00,-3.460148776938012816e+00
1.134848892496181927e+00,-1.457337118401809795e+00,2.084050653654916818e+00,-2.933724126507726737e+00,-1.267636796305823044e+00,-3.459902660359540416e+00
1.135164619650702145e+00,-1.457372727384731448e+00,2.084109283280792813e+00,-2.933821891101233259e+00,-1.267848307784236406e+00,-3.459656566962150404e+00
1.135480349048052284e+00,-1.457408254183098828e+00,2.084167805886616875e+00,-2.933919583512247797e+00,-1.268059834090850657e+00,-3.459410497167667131e+00
1.135796080233149707e+00,-1.457443698250326936e+00,2.084226220780664107e+00,-2.934017203354554848e+00,-1.268271374955840303e+00,-3.459164451397916729e+00
1.136111812750910666e+00,-1.457479059039831659e+00,2.084284527271207832e+00,-2.934114750241937575e+00,-1.268482930109378959e+00,-3.458918430074726658e+00
1.136427546146252521e+00,-1.457514336005027999e+00,2.084342724666521818e+00,-2.934212223788178697e+00,-1.268694499281641130e+00,-3.458672433619921716e+00
1.136743279964091968e+00,-1.457549528599331845e+00,2.084400812274879833e+00,-2.934309623607063600e+00,-1.268906082202801100e+00,-3.458426462455329364e+00
1.137059013749346148e+00,-1.457584636276158196e+00,2.084458789404556533e+00,-2.934406949312373669e+00,-1.269117678603033594e+00,-3.458180517002774401e+00
1.137374747046931756e+00,-1.457619658488922720e+00,2.084516655363825244e+00,-2.934504200517894290e+00,-1.269329288212511786e+00,-3.457934597684084288e+00
1.137690479401765709e+00,-1.457654594691041083e+00,2.084574409460960176e+00,-2.934601376837407738e+00,-1.269540910761410624e+00,-3.457688704921083822e+00
1.138006210358764925e+00,-1.457689444335928952e+00,2.084632051004235098e+00,-2.934698477884698065e+00,-1.269752545979904168e+00,-3.457442839135600021e+00
1.138321939462846544e+00,-1.457724206877001105e+00,2.084689579301923779e+00,-2.934795503273549766e+00,-1.269964193598166702e+00,-3.457197000749459459e+00
1.138637666258927261e+00,-1.457758881767673875e+00,2.084746993662300873e+00,-2.934892452617745118e+00,-1.270175853346372286e+00,-3.456951190184486933e+00
1.138953390291923995e+00,-1.457793468461362041e+00,2.084804293393639707e+00,-2.934989325531067728e+00,-1.270387524954695646e+00,-3.456705407862509905e+00
1.139269111122199529e+00,-1.457827966380531581e+00,2.084861477764453408e+00,-2.935086121603322606e+00,-1.270599208168956551e+00,-3.456459654203382303e+00
1.139584828381238424e+00,-1.457862374805135364e+00,2.084918545860171335e+00,-2.935182840313897312e+00,-1.270810902807020915e+00,-3.456213929617875102e+00
1.139900541720982652e+00,-1.457896692974133934e+00,2.084975496713560972e+00,-2.935279481110419475e+00,-1.271022608707477408e+00,-3.455968234514150250e+00
1.140216250793376629e+00,-1.457930920126484731e+00,2.085032329357384473e+00,-2.935376043440514504e+00,-1.271234325708916479e+00,-3.455722569300367475e+00
1.140531955250364327e+00,-1.457965055501143192e+00,2.085089042824403549e+00,-2.935472526751807365e+00,-1.271446053649928798e+00,-3.455476934384686061e+00
1.140847654743890160e+00,-1.457999098337066979e+00,2.085145636147380355e+00,-2.935568930491922579e+00,-1.271657792369104589e+00,-3.455231330175266624e+00
1.141163348925897880e+00,-1.458033047873212862e+00,2.085202108359077489e+00,-2.935665254108484667e+00,-1.271869541705034967e+00,-3.454985757080270226e+00
1.141479037448331457e+00,-1.458066903348537169e+00,2.085258458492257549e+00,-2.935761497049118596e+00,-1.272081301496309935e+00,-3.454740215507855705e+00
1.141794719963135307e+00,-1.458100664001997115e+00,2.085314685579681360e+00,-2.935857658761450217e+00,-1.272293071581520607e+00,-3.454494705866183679e+00
1.142110396122253624e+00,-1.458134329072549251e+00,2.085370788654112406e+00,-2.935953738693103610e+00,-1.272504851799257208e+00,-3.454249228563413432e+00
1.142426065577629934e+00,-1.458167897799150570e+00,2.085426766748311511e+00,-2.936049736291704182e+00,-1.272716641988110409e+00,-3.454003784007706468e+00
1.142741727981208877e+00,-1.458201369420757176e+00,2.085482618895041718e+00,-2.936145651004876456e+00,-1.272928441986670212e+00,-3.453758372607222071e+00
1.143057382984934200e+00,-1.458234743176326731e+00,2.085538344127065180e+00,-2.936241482280244952e+00,-1.273140251633527731e+00,-3.453512994770120859e+00
1.143373030240750543e+00,-1.458268018304815117e+00,2.085593941477144053e+00,-2.936337229565435081e+00,-1.273352070767274080e+00,-3.453267650904562114e+00
1.143688669400601432e+00,-1.458301194045179772e+00,2.085649409978040492e+00,-2.936432892308071807e+00,-1.273563899226498597e+00,-3.453022341418706453e+00
1.144004300116431061e+00,-1.458334269636377245e+00,2.085704748662516650e+00,-2.936528469955780096e+00,-1.273775736849792395e+00,-3.452777066720713606e+00
1.144319922040183846e+00,-1.458367244317364309e+00,2.085759956563334239e+00,-2.936623961956184026e+00,-1.273987583475746366e+00,-3.452531827218744631e+00
1.144635534823803535e+00,-1.458400117327097512e+00,2.085815032713256745e+00,-2.936719367756909893e+00,-1.274199438942950513e+00,-3.452286623320958370e+00
1.144951138119234546e+00,-1.458432887904534070e+00,2.085869976145044546e+00,-2.936814686805580887e+00,-1.274411303089995728e+00,-3.452041455435515882e+00
1.145266731578420627e+00,-1.458465555288630311e+00,2.085924785891460687e+00,-2.936909918549822862e+00,-1.274623175755472460e+00,-3.451796323970576452e+00
1.145582314853306194e+00,-1.458498118718343006e+00,2.085979460985267320e+00,-2.937005062437261227e+00,-1.274835056777971154e+00,-3.451551229334301141e+00
1.145897887595835440e+00,-1.458530577432629372e+00,2.086034000459227045e+00,-2.937100117915519615e+00,-1.275046945996082703e+00,-3.451306171934849232e+00
1.146213449457951672e+00,-1.458562930670445734e+00,2.086088403346101572e+00,-2.937195084432224323e+00,-1.275258843248397334e+00,-3.451061152180381786e+00
1.146529000091599526e+00,-1.458595177670749088e+00,2.086142668678653056e+00,-2.937289961434998986e+00,-1.275470748373505714e+00,-3.450816170479057199e+00
1.146844539148723419e+00,-1.458627317672496426e+00,2.086196795489643652e+00,-2.937384748371469012e+00,-1.275682661209998514e+00,-3.450571227239037420e+00
1.147160066281267543e+00,-1.458659349914643855e+00,2.086250782811835514e+00,-2.937479444689259367e+00,-1.275894581596465960e+00,-3.450326322868481732e+00
1.147475581141175205e+00,-1.458691273636148367e+00,2.086304629677991240e+00,-2.937574049835995016e+00,-1.276106509371499165e+00,-3.450081457775549421e+00
1.147791083380391042e+00,-1.458723088075967178e+00,2.086358335120872542e+00,-2.937668563259300480e+00,-1.276318444373688132e+00,-3.449836632368402434e+00
1.148106572650858803e+00,-1.458754792473056616e+00,2.086411898173242019e+00,-2.937762984406800282e+00,-1.276530386441623532e+00,-3.449591847055199612e+00
1.148422048604523127e+00,-1.458786386066373453e+00,2.086465317867860936e+00,-2.937857312726120718e+00,-1.276742335413896257e+00,-3.449347102244101126e+00
1.148737510893327540e+00,-1.458817868094874903e+00,2.086518593237492336e+00,-2.937951547664885421e+00,-1.276954291129096530e+00,-3.449102398343267595e+00
1.149052959169216459e+00,-1.458849237797517073e+00,2.086571723314897930e+00,-2.938045688670720246e+00,-1.277166253425815023e+00,-3.448857735760858301e+00
1.149368393084133855e+00,-1.458880494413256956e+00,2.086624707132840317e+00,-2.938139735191249269e+00,-1.277378222142642183e+00,-3.448613114905034305e+00
1.149683812290023921e+00,-1.458911637181051768e+00,2.086677543724081652e+00,-2.938233686674097456e+00,-1.277590197118168902e+00,-3.448368536183954891e+00
1.149999216438830851e+00,-1.458942665339857614e+00,2.086730232121383199e+00,-2.938327542566890216e+00,-1.277802178190985405e+00,-3.448124000005780676e+00
1.150314605182498617e+00,-1.458973578128631710e+00,2.086782771357508004e+00,-2.938421302317252071e+00,-1.278014165199682362e+00,-3.447879506778671832e+00
1.150629978172971191e+00,-1.459004374786330827e+00,2.086835160465218664e+00,-2.938514965372807985e+00,-1.278226157982850442e+00,-3.447635056910788087e+00
1.150945335062192765e+00,-1.459035054551911292e+00,2.086887398477276445e+00,-2.938608531181182482e+00,-1.278438156379080093e+00,-3.447390650810289614e+00
1.151260675502107533e+00,-1.459065616664330323e+00,2.086939484426443947e+00,-2.938701999190001413e+00,-1.278650160226961541e+00,-3.447146288885336585e+00
1.151575999144659690e+00,-1.459096060362544689e+00,2.086991417345482880e+00,-2.938795368846888856e+00,-1.278862169365085677e+00,-3.446901971544089172e+00
1.151891305641793206e+00,-1.459126384885510719e+00,2.087043196267155842e+00,-2.938888639599470221e+00,-1.279074183632043171e+00,-3.446657699194707547e+00
1.152206594645452054e+00,-1.459156589472185184e+00,2.087094820224224989e+00,-2.938981810895370028e+00,-1.279286202866424471e+00,-3.446413472245351439e+00
1.152521865807580426e+00,-1.459186673361525743e+00,2.087146288249452475e+00,-2.939074882182212800e+00,-1.279498226906820246e+00,-3.446169291104181465e+00
1.152837118780122294e+00,-1.459216635792488059e+00,2.087197599375600010e+00,-2.939167852907624390e+00,-1.279710255591820944e+00,-3.445925156179356907e+00
1.153152353215021853e+00,-1.459246476004029569e+00,2.087248752635430193e+00,-2.939260722519228874e+00,-1.279922288760016791e+00,-3.445681067879038828e+00
1.153467568764223516e+00,-1.459276193235106822e+00,2.087299747061705180e+00,-2.939353490464651220e+00,-1.280134326249998677e+00,-3.445437026611386955e+00
1.153782765079671035e+00,-1.459305786724676368e+00,2.087350581687187123e+00,-2.939446156191516835e+00,-1.280346367900357274e+00,-3.445193032784561016e+00
1.154097941813308603e+00,-1.459335255711695201e+00,2.087401255544638179e+00,-2.939538719147450685e+00,-1.280558413549682806e+00,-3.444949086806721628e+00
1.154413098617080191e+00,-1.459364599435120535e+00,2.087451767666820945e+00,-2.939631178780077292e+00,-1.280770463036566165e+00,-3.444705189086028962e+00
1.154728235142929993e+00,-1.459393817133908478e+00,2.087502117086496689e+00,-2.939723534537020733e+00,-1.280982516199598020e+00,-3.444461340030642305e+00
1.155043351042802202e+00,-1.459422908047015799e+00,2.087552302836428453e+00,-2.939815785865907749e+00,-1.281194572877368154e+00,-3.444217540048722714e+00
1.155358445968640790e+00,-1.459451871413399715e+00,2.087602323949377503e+00,-2.939907932214361086e+00,-1.281406632908468124e+00,-3.443973789548429920e+00
1.155673519572389951e+00,-1.459480706472016553e+00,2.087652179458106882e+00,-2.939999973030007485e+00,-1.281618696131487711e+00,-3.443730088937923650e+00
1.155988571505993878e+00,-1.459509412461823308e+00,2.087701868395378302e+00,-2.940091907760471024e+00,-1.281830762385017808e+00,-3.443486438625365409e+00
1.156303601421396321e+00,-1.459537988621776750e+00,2.087751389793953916e+00,-2.940183735853376668e+00,-1.282042831507649083e+00,-3.443242839018913148e+00
1.156618608970541917e+00,-1.459566434190833650e+00,2.087800742686596323e+00,-2.940275456756348937e+00,-1.282254903337971541e+00,-3.442999290526728373e+00
1.156933593805374194e+00,-1.459594748407950560e+00,2.087849926106066789e+00,-2.940367069917013687e+00,-1.282466977714576517e+00,-3.442755793556971255e+00
1.157248555577837124e+00,-1.459622930512084693e+00,2.087898939085128358e+00,-2.940458574782994994e+00,-1.282679054476054015e+00,-3.442512348517801080e+00
1.157563493939875565e+00,-1.459650979742192156e+00,2.087947780656543628e+00,-2.940549970801917823e+00,-1.282891133460994926e+00,-3.442268955817378462e+00
1.157878408543433268e+00,-1.459678895337230164e+00,2.087996449853072978e+00,-2.940641257421408028e+00,-1.283103214507989476e+00,-3.442025615863863131e+00
1.158193299040454205e+00,-1.459706676536155712e+00,2.088044945707480338e+00,-2.940732434089089242e+00,-1.283315297455628556e+00,-3.441782329065416146e+00
1.158508165082882790e+00,-1.459734322577925125e+00,2.088093267252526974e+00,-2.940823500252586431e+00,-1.283527382142502615e+00,-3.441539095830196793e+00
1.158823006322662552e+00,-1.459761832701495177e+00,2.088141413520975043e+00,-2.940914455359525448e+00,-1.283739468407201656e+00,-3.441295916566364799e+00
1.159137822411738128e+00,-1.459789206145822860e+00,2.088189383545587141e+00,-2.941005298857530370e+00,-1.283951556088317236e+00,-3.441052791682081224e+00
1.159452613002053489e+00,-1.459816442149864724e+00,2.088237176359125424e+00,-2.941096030194226163e+00,-1.284163645024439138e+00,-3.440809721585505798e+00
1.159767377745552386e+00,-1.459843539952577984e+00,2.088284790994351603e+00,-2.941186648817238236e+00,-1.284375735054158474e+00,-3.440566706684798248e+00
1.160082116294179233e+00,-1.459870498792918747e+00,2.088332226484028276e+00,-2.941277154174191111e+00,-1.284587826016065248e+00,-3.440323747388119635e+00
1.160396828299878447e+00,-1.459897317909844006e+00,2.088379481860917153e+00,-2.941367545712709308e+00,-1.284799917748750575e+00,-3.440080844103628799e+00
1.160711513414593554e+00,-1.459923996542310753e+00,2.088426556157781278e+00,-2.941457822880418682e+00,-1.285012010090804235e+00,-3.439837997239487244e+00
1.161026171290268971e+00,-1.459950533929275540e+00,2.088473448407382360e+00,-2.941547985124943754e+00,-1.285224102880817565e+00,-3.439595207203852922e+00
1.161340801578848447e+00,-1.459976929309695359e+00,2.088520157642481667e+00,-2.941638031893908156e+00,-1.285436195957381011e+00,-3.439352474404888227e+00
1.161655403932276398e+00,-1.460003181922526760e+00,2.088566682895842685e+00,-2.941727962634939075e+00,-1.285648289159084801e+00,-3.439109799250752442e+00
1.161969978002496795e+00,-1.460029291006726737e+00,2.088613023200227126e+00,-2.941817776795658812e+00,-1.285860382324519602e+00,-3.438867182149605739e+00
1.162284523441454276e+00,-1.460055255801251617e+00,2.088659177588397142e+00,-2.941907473823694996e+00,-1.286072475292275863e+00,-3.438624623509607403e+00
1.162599039947216806e+00,-1.460081075589622301e+00,2.088705145151021902e+00,-2.941997053204374879e+00,-1.286284567927865385e+00,-3.438382123695453707e+00
1.162913527708537176e+00,-1.460106750129434694e+00,2.088750925594796914e+00,-2.942086514824131527e+00,-1.286496660383187329e+00,-3.438139682609450798e+00
1.163227987210383008e+00,-1.460132279464474880e+00,2.088796518998300211e+00,-2.942175858811536759e+00,-1.286708752983028559e+00,-3.437897299874771662e+00
1.163542418941821088e+00,-1.460157663642489334e+00,2.088841925445255487e+00,-2.942265085298511718e+00,-1.286920846054568024e+00,-3.437654975110726152e+00
1.163856823391917983e+00,-1.460182902711223862e+00,2.088887145019386438e+00,-2.942354194416977986e+00,-1.287132939924984232e+00,-3.437412707936624567e+00
1.164171201049739146e+00,-1.460207996718424717e+00,2.088932177804416312e+00,-2.942443186298857150e+00,-1.287345034921455689e+00,-3.437170497971777650e+00
1.164485552404351809e+00,-1.460232945711837260e+00,2.088977023884068362e+00,-2.942532061076070793e+00,-1.287557131371160901e+00,-3.436928344835496141e+00
1.164799877944821649e+00,-1.460257749739207744e+00,2.089021683342066282e+00,-2.942620818880539613e+00,-1.287769229601279042e+00,-3.436686248147089007e+00
1.165114178160215452e+00,-1.460282408848281976e+00,2.089066156262133322e+00,-2.942709459844186082e+00,-1.287981329938988173e+00,-3.436444207525868322e+00
1.165428453539599563e+00,-1.460306923086806208e+00,2.089110442727993178e+00,-2.942797984098931341e+00,-1.288193432711467468e+00,-3.436202222591143496e+00
1.165742704572040100e+00,-1.460331292502526024e+00,2.089154542823369098e+00,-2.942886391776695643e+00,-1.288405538245895432e+00,-3.435960292962224827e+00
1.166056931746603631e+00,-1.460355517143187454e+00,2.089198456631984335e+00,-2.942974683009402348e+00,-1.288617646869450351e+00,-3.435718418258423501e+00
1.166371135552356053e+00,-1.460379597056536527e+00,2.089242184237562583e+00,-2.943062857928971265e+00,-1.288829758909311174e+00,-3.435476598099048928e+00
1.166685316478363932e+00,-1.460403532290319495e+00,2.089285725723827536e+00,-2.943150916667325312e+00,-1.289041874692656631e+00,-3.435234832103411851e+00
1.166999475013694276e+00,-1.460427322892281721e+00,2.089329081174501557e+00,-2.943238859356384740e+00,-1.289253994546665227e+00,-3.434993119890823454e+00
1.167313611647412319e+00,-1.460450968910169234e+00,2.089372250673309672e+00,-2.943326686128071579e+00,-1.289466118798515692e+00,-3.434751461080592705e+00
1.167627726868585292e+00,-1.460474470391728508e+00,2.089415234303974245e+00,-2.943414397114306968e+00,-1.289678247775386755e+00,-3.434509855292030789e+00
1.167941821166278649e+00,-1.460497827384705127e+00,2.089458032150218969e+00,-2.943501992447012494e+00,-1.289890381804456920e+00,-3.434268302144448448e+00
1.168255895029559843e+00,-1.460521039936844900e+00,2.089500644295767096e+00,-2.943589472258109740e+00,-1.290102521212904696e+00,-3.434026801257155093e+00
1.168569948947494330e+00,-1.460544108095893856e+00,2.089543070824342763e+00,-2.943676836679519848e+00,-1.290314666327909254e+00,-3.433785352249461909e+00
1.168883983409148675e+00,-1.460567031909598246e+00,2.089585311819667446e+00,-2.943764085843164846e+00,-1.290526817476648658e+00,-3.433543954740679194e+00
1.169197998903589442e+00,-1.460589811425703655e+00,2.089627367365467503e+00,-2.943851219880965875e+00,-1.290738974986301857e+00,-3.433302608350116802e+00
1.169511995919882530e+00,-1.460612446691956112e+00,2.089669237545464409e+00,-2.943938238924844075e+00,-1.290951139184047358e+00,-3.433061312697085921e+00
1.169825974947094949e+00,-1.460634937756101648e+00,2.089710922443381413e+00,-2.944025143106720588e+00,-1.291163310397063890e+00,-3.432820067400895514e+00
1.170139936474292597e+00,-1.460657284665886069e+00,2.089752422142943988e+00,-2.944111932558517886e+00,-1.291375488952530404e+00,-3.432578872080857657e+00
1.170453880990541817e+00,-1.460679487469055626e+00,2.089793736727872719e+00,-2.944198607412157553e+00,-1.291587675177625183e+00,-3.432337726356281760e+00
1.170767808984908953e+00,-1.460701546213356128e+00,2.089834866281893078e+00,-2.944285167799559400e+00,-1.291799869399526735e+00,-3.432096629846478564e+00
1.171081720946460569e+00,-1.460723460946533159e+00,2.089875810888728314e+00,-2.944371613852646341e+00,-1.292012071945414231e+00,-3.431855582170758368e+00
1.171395617364262787e+00,-1.460745231716332970e+00,2.089916570632100790e+00,-2.944457945703339075e+00,-1.292224283142465735e+00,-3.431614582948431469e+00
1.171709498727381948e+00,-1.460766858570501592e+00,2.089957145595735089e+00,-2.944544163483560073e+00,-1.292436503317860419e+00,-3.431373631798808166e+00
1.172023365524884397e+00,-1.460788341556784831e+00,2.089997535863354905e+00,-2.944630267325229145e+00,-1.292648732798776345e+00,-3.431132728341199201e+00
1.172337218245836477e+00,-1.460809680722928938e+00,2.090037741518681269e+00,-2.944716257360269651e+00,-1.292860971912392909e+00,-3.430891872194914427e+00
1.172651057379304973e+00,-1.460830876116679278e+00,2.090077762645440540e+00,-2.944802133720601400e+00,-1.293073220985888394e+00,-3.430651062979264587e+00
1.172964883414355564e+00,-1.460851927785782101e+00,2.090117599327355080e+00,-2.944887896538145977e+00,-1.293285480346441307e+00,-3.430410300313559979e+00
1.173278696840054813e+00,-1.460872835777983436e+00,2.090157251648147252e+00,-2.944973545944826299e+00,-1.293497750321230377e+00,-3.430169583817111345e+00
1.173592498145469065e+00,-1.460893600141029536e+00,2.090196719691542526e+00,-2.945059082072562173e+00,-1.293710031237434332e+00,-3.429928913109228539e+00
1.173906287819665106e+00,-1.460914220922665319e+00,2.090236003541262821e+00,-2.945144505053276074e+00,-1.293922323422231901e+00,-3.429688287809222302e+00
1.174220066351708613e+00,-1.460934698170637924e+00,2.090275103281031388e+00,-2.945229815018888697e+00,-1.294134627202801591e+00,-3.429447707536402490e+00
1.174533834230665930e+00,-1.460955031932692494e+00,2.090314018994572365e+00,-2.945315012101322960e+00,-1.294346942906321907e+00,-3.429207171910080287e+00
1.174847591945604064e+00,-1.460975222256575279e+00,2.090352750765609446e+00,-2.945400096432498227e+00,-1.294559270859971800e+00,-3.428966680549565105e+00
1.175161339985588915e+00,-1.460995269190031864e+00,2.090391298677865883e+00,-2.945485068144336971e+00,-1.294771611390930000e+00,-3.428726233074168128e+00
1.175475078839686605e+00,-1.461015172780808946e+00,2.090429662815064482e+00,-2.945569927368760776e+00,-1.294983964826374789e+00,-3.428485829103199212e+00
1.175788808996963919e+00,-1.461034933076652109e+00,2.090467843260928937e+00,-2.945654674237691673e+00,-1.295196331493485120e+00,-3.428245468255969541e+00
1.176102530946486979e+00,-1.461054550125306939e+00,2.090505840099183388e+00,-2.945739308883049468e+00,-1.295408711719439276e+00,-3.428005150151788971e+00
1.176416245177322351e+00,-1.461074023974519909e+00,2.090543653413550640e+00,-2.945823831436756635e+00,-1.295621105831416209e+00,-3.427764874409966911e+00
1.176729952178535932e+00,-1.461093354672036382e+00,2.090581283287753500e+00,-2.945908242030735202e+00,-1.295833514156594868e+00,-3.427524640649815435e+00
1.177043652439194510e+00,-1.461112542265603054e+00,2.090618729805517440e+00,-2.945992540796905423e+00,-1.296045937022152872e+00,-3.427284448490644841e+00
1.177357346448363984e+00,-1.461131586802965288e+00,2.090655993050563932e+00,-2.946076727867188882e+00,-1.296258374755270060e+00,-3.427044297551763652e+00
1.177671034695111363e+00,-1.461150488331869113e+00,2.090693073106616673e+00,-2.946160803373507608e+00,-1.296470827683124494e+00,-3.426804187452483497e+00
1.177984717668502102e+00,-1.461169246900060559e+00,2.090729970057400244e+00,-2.946244767447783186e+00,-1.296683296132894903e+00,-3.426564117812115562e+00
1.178298395857603209e+00,-1.461187862555285877e+00,2.090766683986637453e+00,-2.946328620221936312e+00,-1.296895780431760015e+00,-3.426324088249969257e+00
1.178612069751481028e+00,-1.461206335345290208e+00,2.090803214978051106e+00,-2.946412361827889015e+00,-1.297108280906898337e+00,-3.426084098385354881e+00
1.178925739839201681e+00,-1.461224665317820470e+00,2.090839563115365340e+00,-2.946495992397562880e+00,-1.297320797885488597e+00,-3.425844147837582732e+00
1.179239406609831287e+00,-1.461242852520621804e+00,2.090875728482303852e+00,-2.946579512062878603e+00,-1.297533331694709302e+00,-3.425604236225963550e+00
1.179553070552436411e+00,-1.461260897001440906e+00,2.090911711162588560e+00,-2.946662920955757770e+00,-1.297745882661739181e+00,-3.425364363169808080e+00
1.179866732156083398e+00,-1.461278798808023138e+00,2.090947511239944934e+00,-2.946746219208122852e+00,-1.297958451113756961e+00,-3.425124528288426173e+00
1.180180391909838811e+00,-1.461296557988114531e+00,2.090983128798095336e+00,-2.946829406951894548e+00,-1.298171037377941595e+00,-3.424884731201128130e+00
1.180494050302768994e+00,-1.461314174589461112e+00,2.091018563920763018e+00,-2.946912484318993997e+00,-1.298383641781471143e+00,-3.424644971527224691e+00
1.180807707823939623e+00,-1.461331648659808913e+00,2.091053816691671674e+00,-2.946995451441342784e+00,-1.298596264651524557e+00,-3.424405248886025710e+00
1.181121364962417708e+00,-1.461348980246903739e+00,2.091088887194545443e+00,-2.947078308450862494e+00,-1.298808906315280343e+00,-3.424165562896841930e+00
1.181435022207269370e+00,-1.461366169398491843e+00,2.091123775513106242e+00,-2.947161055479475156e+00,-1.299021567099917451e+00,-3.423925913178984537e+00
1.181748680047560729e+00,-1.461383216162318366e+00,2.091158481731078655e+00,-2.947243692659101022e+00,-1.299234247332614389e+00,-3.423686299351762496e+00
1.182062338972359017e+00,-1.461400120586130447e+00,2.091193005932185933e+00,-2.947326220121663010e+00,-1.299446947340549441e+00,-3.423446721034486995e+00
1.182375999470729244e+00,-1.461416882717673227e+00,2.091227348200151326e+00,-2.947408637999081371e+00,-1.299659667450902001e+00,-3.423207177846467886e+00
1.182689662031738864e+00,-1.461433502604692736e+00,2.091261508618698528e+00,-2.947490946423278135e+00,-1.299872407990849910e+00,-3.422967669407016356e+00
1.183003327144453554e+00,-1.461449980294935003e+00,2.091295487271550346e+00,-2.947573145526173999e+00,-1.300085169287572562e+00,-3.422728195335441814e+00
1.183316995297939656e+00,-1.461466315836145835e+00,2.091329284242431807e+00,-2.947655235439690991e+00,-1.300297951668248242e+00,-3.422488755251055892e+00
1.183630666981264179e+00,-1.461482509276071484e+00,2.091362899615064386e+00,-2.947737216295751583e+00,-1.300510755460055456e+00,-3.422249348773167998e+00
1.183944342683493023e+00,-1.461498560662457979e+00,2.091396333473172220e+00,-2.947819088226275142e+00,-1.300723580990173156e+00,-3.422009975521087988e+00
1.184258022893692308e+00,-1.461514470043050684e+00,2.091429585900479005e+00,-2.947900851363184138e+00,-1.300936428585779625e+00,-3.421770635114127934e+00
1.184571708100928822e+00,-1.461530237465595849e+00,2.091462656980708434e+00,-2.947982505838401046e+00,-1.301149298574053592e+00,-3.421531327171597248e+00
1.184885398794268463e+00,-1.461545862977839727e+00,2.091495546797582872e+00,-2.948064051783845674e+00,-1.301362191282174008e+00,-3.421292051312805782e+00
1.185199095462778018e+00,-1.461561346627527902e+00,2.091528255434827344e+00,-2.948145489331439606e+00,-1.301575107037319601e+00,-3.421052807157065168e+00
1.185512798511122901e+00,-1.461576688480995756e+00,2.091560782996306767e+00,-2.948226818606769939e+00,-1.301788046106600927e+00,-3.420813594382800193e+00
1.185826507939977459e+00,-1.461591888693560159e+00,2.091593129682306706e+00,-2.948308039705092476e+00,-1.302001008469607424e+00,-3.420574412951403520e+00
1.186140223629281065e+00,-1.461606947447130489e+00,2.091625295721927458e+00,-2.948389152712601824e+00,-1.302213994020001264e+00,-3.420335262908831275e+00
1.186453945458950887e+00,-1.461621864923619674e+00,2.091657281344272423e+00,-2.948470157715491702e+00,-1.302427002651429522e+00,-3.420096144301055130e+00
1.186767673308904092e+00,-1.461636641304941753e+00,2.091689086778445894e+00,-2.948551054799953164e+00,-1.302640034257539048e+00,-3.419857057174047199e+00
1.187081407059058291e+00,-1.461651276773010766e+00,2.091720712253554382e+00,-2.948631844052179929e+00,-1.302853088731976250e+00,-3.419618001573779154e+00
1.187395146589330874e+00,-1.461665771509740086e+00,2.091752157998701289e+00,-2.948712525558363495e+00,-1.303066165968388646e+00,-3.419378977546223108e+00
1.187708891779639675e+00,-1.461680125697043753e+00,2.091783424242992240e+00,-2.948793099404697582e+00,-1.303279265860422642e+00,-3.419139985137350291e+00
1.188022642509901416e+00,-1.461694339516835583e+00,2.091814511215531525e+00,-2.948873565677373243e+00,-1.303492388301725091e+00,-3.418901024393132815e+00
1.188336398660033710e+00,-1.461708413151028951e+00,2.091845419145422991e+00,-2.948953924462583753e+00,-1.303705533185943066e+00,-3.418662095359543684e+00
1.188650160109953946e+00,-1.461722346781538340e+00,2.091876148261772705e+00,-2.949034175846521499e+00,-1.303918700406722753e+00,-3.418423198082553238e+00
1.188963926739579735e+00,-1.461736140590276678e+00,2.091906698793684960e+00,-2.949114319915379312e+00,-1.304131889857711890e+00,-3.418184332608133591e+00
1.189277698428828467e+00,-1.461749794759158005e+00,2.091937070970264489e+00,-2.949194356755349578e+00,-1.304345101432556886e+00,-3.417945498982258190e+00
1.189591475057617087e+00,-1.461763309470096583e+00,2.091967265020615141e+00,-2.949274286452624239e+00,-1.304558335024904370e+00,-3.417706697250896486e+00
1.189905256505863651e+00,-1.461776684905005341e+00,2.091997281173842538e+00,-2.949354109093396570e+00,-1.304771590528401637e+00,-3.417467927460021926e+00
1.190219042653485548e+00,-1.461789921245798762e+00,2.092027119659051859e+00,-2.949433824763858958e+00,-1.304984867836695317e+00,-3.417229189655605737e+00
1.190532833380399502e+00,-1.461803018674390442e+00,2.092056780705346508e+00,-2.949513433550203789e+00,-1.305198166843432039e+00,-3.416990483883620477e+00
1.190846628566523124e+00,-1.461815977372693753e+00,2.092086264541832552e+00,-2.949592935538623006e+00,-1.305411487442258434e+00,-3.416751810190037819e+00
1.191160428091774470e+00,-1.461828797522622736e+00,2.092115571397613394e+00,-2.949672330815309440e+00,-1.305624829526822461e+00,-3.416513168620828544e+00
1.191474231836070263e+00,-1.461841479306091429e+00,2.092144701501795101e+00,-2.949751619466455921e+00,-1.305838192990769864e+00,-3.416274559221965212e+00
1.191788039679327893e+00,-1.461854022905012984e+00,2.092173655083481076e+00,-2.949830801578255723e+00,-1.306051577727747937e+00,-3.416035982039420382e+00
1.192101851501465193e+00,-1.461866428501301662e+00,2.092202432371776943e+00,-2.949909877236899458e+00,-1.306264983631403309e+00,-3.415797437119165281e+00
1.192415667182399108e+00,-1.461878696276871059e+00,2.092231033595787437e+00,-2.949988846528581732e+00,-1.306478410595382833e+00,-3.415558924507171135e+00
1.192729486602047917e+00,-1.461890826413634770e+00,2.092259458984616405e+00,-2.950067709539493599e+00,-1.306691858513334026e+00,-3.415320444249410947e+00
1.193043309640327898e+00,-1.461902819093507278e+00,2.092287708767369914e+00,-2.950146466355827446e+00,-1.306905327278902407e+00,-3.415081996391856389e+00
1.193357136177157107e+00,-1.461914674498401290e+00,2.092315783173150923e+00,-2.950225117063776992e+00,-1.307118816785735937e+00,-3.414843580980478688e+00
1.193670966092452712e+00,-1.461926392810231068e+00,2.092343682431065499e+00,-2.950303661749534179e+00,-1.307332326927480803e+00,-3.414605198061250402e+00
1.193984799266132546e+00,-1.461937974210910651e+00,2.092371406770218822e+00,-2.950382100499290949e+00,-1.307545857597784522e+00,-3.414366847680142758e+00
1.194298635578113554e+00,-1.461949418882353413e+00,2.092398956419714295e+00,-2.950460433399240578e+00,-1.307759408690293279e+00,-3.414128529883127872e+00
1.194612474908313127e+00,-1.461960727006473171e+00,2.092426331608657097e+00,-2.950538660535574564e+00,-1.307972980098653926e+00,-3.413890244716178302e+00
1.194926317136648874e+00,-1.461971898765184186e+00,2.092453532566151519e+00,-2.950616781994487514e+00,-1.308186571716513757e+00,-3.413651992225264831e+00
1.195240162143038187e+00,-1.461982934340399165e+00,2.092480559521303185e+00,-2.950694797862169594e+00,-1.308400183437519404e+00,-3.413413772456359130e+00
1.195554009807398455e+00,-1.461993833914032814e+00,2.092507412703216829e+00,-2.950772708224814522e+00,-1.308613815155317717e+00,-3.413175585455434646e+00
1.195867860009646844e+00,-1.462004597667998507e+00,2.092534092340996743e+00,-2.950850513168614242e+00,-1.308827466763555547e+00,-3.412937431268462163e+00
1.196181712629701188e+00,-1.462015225784210060e+00,2.092560598663746774e+00,-2.950928212779762028e+00,-1.309041138155879525e+00,-3.412699309941413350e+00
1.196495567547478656e+00,-1.462025718444581734e+00,2.092586931900572544e+00,-2.951005807144450266e+00,-1.309254829225936723e+00,-3.412461221520260324e+00
1.196809424642896413e+00,-1.462036075831026460e+00,2.092613092280579679e+00,-2.951083296348870899e+00,-1.309468539867373771e+00,-3.412223166050975198e+00
1.197123283795872517e+00,-1.462046298125458055e+00,2.092639080032871135e+00,-2.951160680479216758e+00,-1.309682269973837743e+00,-3.411985143579530533e+00
1.197437144886323468e+00,-1.462056385509791223e+00,2.092664895386553425e+00,-2.951237959621680673e+00,-1.309896019438975490e+00,-3.411747154151896222e+00
1.197751007794167544e+00,-1.462066338165938673e+00,2.092690538570729064e+00,-2.951315133862454143e+00,-1.310109788156433641e+00,-3.411509197814044825e+00
1.198064872399321690e+00,-1.462076156275814443e+00,2.092716009814504563e+00,-2.951392203287731331e+00,-1.310323576019859049e+00,-3.411271274611949789e+00
1.198378738581703296e+00,-1.462085840021332794e+00,2.092741309346984213e+00,-2.951469167983703290e+00,-1.310537382922898342e+00,-3.411033384591581008e+00
1.198692606221229973e+00,-1.462095389584407101e+00,2.092766437397272750e+00,-2.951546028036563296e+00,-1.310751208759199038e+00,-3.410795527798911486e+00
1.199006475197819110e+00,-1.462104805146950959e+00,2.092791394194474464e+00,-2.951622783532503291e+00,-1.310965053422407545e+00,-3.410557704279912450e+00
1.199320345391387876e+00,-1.462114086890878628e+00,2.092816179967694534e+00,-2.951699434557716106e+00,-1.311178916806170935e+00,-3.410319914080556458e+00
1.199634216681853882e+00,-1.462123234998103261e+00,2.092840794946037253e+00,-2.951775981198394572e+00,-1.311392798804135396e+00,-3.410082157246814738e+00
1.199948088949134295e+00,-1.462132249650539340e+00,2.092865239358607798e+00,-2.951852423540730630e+00,-1.311606699309948665e+00,-3.409844433824659404e+00
1.200261962073147171e+00,-1.462141131030099794e+00,2.092889513434510462e+00,-2.951928761670917112e+00,-1.311820618217256706e+00,-3.409606743860062128e+00
1.200575835933809010e+00,-1.462149879318698886e+00,2.092913617402850424e+00,-2.952004995675146404e+00,-1.312034555419706816e+00,-3.409369087398995024e+00
1.200889710411038092e+00,-1.462158494698250655e+00,2.092937551492732418e+00,-2.952081125639610892e+00,-1.312248510810946067e+00,-3.409131464487430208e+00
1.201203585384750916e+00,-1.462166977350668473e+00,2.092961315933260291e+00,-2.952157151650503852e+00,-1.312462484284620867e+00,-3.408893875171338461e+00
1.201517460734865539e+00,-1.462175327457865714e+00,2.092984910953539668e+00,-2.952233073794017226e+00,-1.312676475734378290e+00,-3.408656319496692788e+00
1.201831336341299128e+00,-1.462183545201757084e+00,2.093008336782674839e+00,-2.952308892156342957e+00,-1.312890485053865186e+00,-3.408418797509464415e+00
1.202145212083969072e+00,-1.462191630764255512e+00,2.093031593649770983e+00,-2.952384606823675206e+00,-1.313104512136728186e+00,-3.408181309255625901e+00
1.202459087842792984e+00,-1.462199584327275259e+00,2.093054681783932836e+00,-2.952460217882204585e+00,-1.313318556876613918e+00,-3.407943854781148474e+00
1.202772963497688030e+00,-1.462207406072729921e+00,2.093077601414263800e+00,-2.952535725418124812e+00,-1.313532619167170123e+00,-3.407706434132004247e+00
1.203086838928571822e+00,-1.462215096182533314e+00,2.093100352769870387e+00,-2.952611129517627830e+00,-1.313746698902042986e+00,-3.407469047354164893e+00
1.203400714015361750e+00,-1.462222654838598812e+00,2.093122936079856000e+00,-2.952686430266906470e+00,-1.313960795974879137e+00,-3.407231694493602081e+00
1.203714588637974536e+00,-1.462230082222841121e+00,2.093145351573326707e+00,-2.952761627752153561e+00,-1.314174910279325870e+00,-3.406994375596288371e+00
1.204028462676328903e+00,-1.462237378517172948e+00,2.093167599479385466e+00,-2.952836722059560604e+00,-1.314389041709029815e+00,-3.406757090708194990e+00
1.204342336010341130e+00,-1.462244543903508776e+00,2.093189680027138788e+00,-2.952911713275320871e+00,-1.314603190157638046e+00,-3.406519839875294497e+00
1.204656208519929050e+00,-1.462251578563761756e+00,2.093211593445689633e+00,-2.952986601485627194e+00,-1.314817355518796749e+00,-3.406282623143558119e+00
1.204970080085010053e+00,-1.462258482679846150e+00,2.093233339964144069e+00,-2.953061386776671071e+00,-1.315031537686153440e+00,-3.406045440558957971e+00
1.205283950585501529e+00,-1.462265256433675997e+00,2.093254919811606385e+00,-2.953136069234645777e+00,-1.315245736553354972e+00,-3.405808292167465279e+00
1.205597819901320866e+00,-1.462271900007164227e+00,2.093276333217181318e+00,-2.953210648945743699e+00,-1.315459952014047529e+00,-3.405571178015052602e+00
1.205911687912385455e+00,-1.462278413582224879e+00,2.093297580409973158e+00,-2.953285125996156779e+00,-1.315674183961878851e+00,-3.405334098147692501e+00
1.206225554498612462e+00,-1.462284797340772213e+00,2.093318661619087528e+00,-2.953359500472078292e+00,-1.315888432290494903e+00,-3.405097052611355313e+00
1.206539419539919944e+00,-1.462291051464719382e+00,2.093339577073628277e+00,-2.953433772459701068e+00,-1.316102696893542978e+00,-3.404860041452013597e+00
1.206853282916225067e+00,-1.462297176135980425e+00,2.093360327002700583e+00,-2.953507942045216605e+00,-1.316316977664670151e+00,-3.404623064715639469e+00
1.207167144507444778e+00,-1.462303171536469160e+00,2.093380911635409625e+00,-2.953582009314817736e+00,-1.316531274497522608e+00,-3.404386122448204599e+00
1.207481004194035590e+00,-1.462309037848446014e+00,2.093401331201326876e+00,-2.953655974355085423e+00,-1.316745587286067831e+00,-3.404149214695183723e+00
1.207794861900618466e+00,-1.462314775282598234e+00,2.093421585968355814e+00,-2.953729837284432502e+00,-1.316959915950536297e+00,-3.403912341461326818e+00
1.208108717628126438e+00,-1.462320384098729997e+00,2.093441676270630936e+00,-2.953803598276272258e+00,-1.317174260456537072e+00,-3.403675502681017484e+00
1.208422571385067590e+00,-1.462325864561522248e+00,2.093461602448862369e+00,-2.953877257509478937e+00,-1.317388620774183838e+00,-3.403438698281650687e+00
1.208736423179950226e+00,-1.462331216935655487e+00,2.093481364843759795e+00,-2.953950815162925903e+00,-1.317602996873591170e+00,-3.403201928190624059e+00
1.209050273021283539e+00,-1.462336441485810878e+00,2.093500963796032899e+00,-2.954024271415487402e+00,-1.317817388724873195e+00,-3.402965192335333455e+00
1.209364120917575613e+00,-1.462341538476668701e+00,2.093520399646391361e+00,-2.954097626446037683e+00,-1.318031796298144265e+00,-3.402728490643175618e+00
1.209677966877335420e+00,-1.462346508172910120e+00,2.093539672735545309e+00,-2.954170880433451440e+00,-1.318246219563518506e+00,-3.402491823041546848e+00
1.209991810909071486e+00,-1.462351350839215858e+00,2.093558783404204426e+00,-2.954244033556601590e+00,-1.318460658491110493e+00,-3.402255189457842999e+00
1.210305653021292338e+00,-1.462356066740266858e+00,2.093577731993078395e+00,-2.954317085994362824e+00,-1.318675113051033909e+00,-3.402018589819461258e+00
1.210619493222506948e+00,-1.462360656140743620e+00,2.093596518842877785e+00,-2.954390037925608947e+00,-1.318889583213403549e+00,-3.401782024053797482e+00
1.210933331521222955e+00,-1.462365119305326422e+00,2.093615144294311392e+00,-2.954462889529214209e+00,-1.319104068948333541e+00,-3.401545492088249301e+00
1.211247167925949775e+00,-1.462369456498696874e+00,2.093633608688089343e+00,-2.954535640984052414e+00,-1.319318570225937792e+00,-3.401308993850211682e+00
1.211561002445196156e+00,-1.462373667985535697e+00,2.093651912364921319e+00,-2.954608292468997810e+00,-1.319533087016330875e+00,-3.401072529267081812e+00
1.211874835087470181e+00,-1.462377754030523391e+00,2.093670055665517893e+00,-2.954680844162924203e+00,-1.319747619289627361e+00,-3.400836098266255991e+00
1.212188665861280823e+00,-1.462381714898340679e+00,2.093688038930588302e+00,-2.954753296244705840e+00,-1.319962167015940713e+00,-3.400599700775130518e+00
1.212502494775136386e+00,-1.462385550853668503e+00,2.093705862500842674e+00,-2.954825648893216972e+00,-1.320176730165385504e+00,-3.400363336721102137e+00
1.212816321837545397e+00,-1.462389262161187586e+00,2.093723526716990690e+00,-2.954897902287331402e+00,-1.320391308708076528e+00,-3.400127006031567589e+00
1.213130147057017272e+00,-1.462392849085578650e+00,2.093741031919741591e+00,-2.954970056605922935e+00,-1.320605902614127247e+00,-3.399890708633922287e+00
1.213443970442059872e+00,-1.462396311891522638e+00,2.093758378449806390e+00,-2.955042112027865819e+00,-1.320820511853652457e+00,-3.399654444455562974e+00
1.213757792001181501e+00,-1.462399650843700050e+00,2.093775566647893438e+00,-2.955114068732034305e+00,-1.321035136396766285e+00,-3.399418213423886392e+00
1.214071611742891577e+00,-1.462402866206791829e+00,2.093792596854714194e+00,-2.955185926897302640e+00,-1.321249776213582416e+00,-3.399182015466288842e+00
1.214385429675698624e+00,-1.462405958245478921e+00,2.093809469410977009e+00,-2.955257686702544184e+00,-1.321464431274216089e+00,-3.398945850510167066e+00
1.214699245808110506e+00,-1.462408927224441824e+00,2.093826184657392897e+00,-2.955329348326633188e+00,-1.321679101548780988e+00,-3.398709718482916919e+00
1.215013060148636637e+00,-1.462411773408361704e+00,2.093842742934671097e+00,-2.955400911948444342e+00,-1.321893787007391019e+00,-3.398473619311935146e+00
1.215326872705785100e+00,-1.462414497061918617e+00,2.093859144583521292e+00,-2.955472377746850565e+00,-1.322108487620161199e+00,-3.398237552924618488e+00
1.215640683488064866e+00,-1.462417098449793951e+00,2.093875389944653165e+00,-2.955543745900726993e+00,-1.322323203357205434e+00,-3.398001519248362801e+00
1.215954492503984241e+00,-1.462419577836668427e+00,2.093891479358777286e+00,-2.955615016588946542e+00,-1.322537934188637854e+00,-3.397765518210564384e+00
1.216268299762052196e+00,-1.462421935487222546e+00,2.093907413166603337e+00,-2.955686189990384793e+00,-1.322752680084572807e+00,-3.397529549738620425e+00
1.216582105270777037e+00,-1.462424171666137473e+00,2.093923191708840115e+00,-2.955757266283914220e+00,-1.322967441015124646e+00,-3.397293613759926778e+00
1.216895909038667511e+00,-1.462426286638093487e+00,2.093938815326198633e+00,-2.955828245648410402e+00,-1.323182216950407497e+00,-3.397057710201879743e+00
1.217209711074231926e+00,-1.462428280667771752e+00,2.093954284359388573e+00,-2.955899128262746256e+00,-1.323397007860535934e+00,-3.396821838991876508e+00
1.217523511385979251e+00,-1.462430154019853212e+00,2.093969599149118732e+00,-2.955969914305795587e+00,-1.323611813715623420e+00,-3.396586000057312926e+00
1.217837309982418015e+00,-1.462431906959018146e+00,2.093984760036100123e+00,-2.956040603956433532e+00,-1.323826634485785192e+00,-3.396350193325586186e+00
1.218151106872056744e+00,-1.462433539749947498e+00,2.093999767361041542e+00,-2.956111197393533452e+00,-1.324041470141134713e+00,-3.396114418724091255e+00
1.218464902063404187e+00,-1.462435052657321988e+00,2.094014621464654446e+00,-2.956181694795969594e+00,-1.324256320651787000e+00,-3.395878676180225320e+00
1.218778695564968428e+00,-1.462436445945822783e+00,2.094029322687646744e+00,-2.956252096342615321e+00,-1.324471185987855293e+00,-3.395642965621385567e+00
1.219092487385258661e+00,-1.462437719880130382e+00,2.094043871370729448e+00,-2.956322402212346212e+00,-1.324686066119454830e+00,-3.395407286974967409e+00
1.219406277532783633e+00,-1.462438874724925508e+00,2.094058267854612687e+00,-2.956392612584035184e+00,-1.324900961016699297e+00,-3.395171640168367588e+00
1.219720066016051652e+00,-1.462439910744888660e+00,2.094072512480004811e+00,-2.956462727636556931e+00,-1.325115870649703043e+00,-3.394936025128982848e+00
1.220033852843571021e+00,-1.462440828204701448e+00,2.094086605587616390e+00,-2.956532747548783924e+00,-1.325330794988580418e+00,-3.394700441784209044e+00
1.220347638023850712e+00,-1.462441627369043928e+00,2.094100547518157551e+00,-2.956602672499592188e+00,-1.325545734003445775e+00,-3.394464890061442919e+00
1.220661421565399252e+00,-1.462442308502597266e+00,2.094114338612337978e+00,-2.956672502667855085e+00,-1.325760687664413018e+00,-3.394229369888081216e+00
1.220975203476725390e+00,-1.462442871870041960e+00,2.094127979210867352e+00,-2.956742238232445974e+00,-1.325975655941596720e+00,-3.393993881191519790e+00
1.221288983766337655e+00,-1.462443317736058734e+00,2.094141469654455801e+00,-2.956811879372239993e+00,-1.326190638805110789e+00,-3.393758423899155385e+00
1.221602762442744350e+00,-1.462443646365328753e+00,2.094154810283812562e+00,-2.956881426266110058e+00,-1.326405636225070017e+00,-3.393522997938384300e+00
1.221916539514454447e+00,-1.462443858022532517e+00,2.094168001439647764e+00,-2.956950879092931306e+00,-1.326620648171588313e+00,-3.393287603236603278e+00
1.222230314989976474e+00,-1.462443952972350747e+00,2.094181043462671532e+00,-2.957020238031577097e+00,-1.326835674614779803e+00,-3.393052239721208174e+00
1.222544088877818957e+00,-1.462443931479464387e+00,2.094193936693593106e+00,-2.957089503260921681e+00,-1.327050715524759061e+00,-3.392816907319595732e+00
1.222857861186490425e+00,-1.462443793808554382e+00,2.094206681473123499e+00,-2.957158674959839306e+00,-1.327265770871639772e+00,-3.392581605959162694e+00
1.223171631924500069e+00,-1.462443540224301008e+00,2.094219278141971063e+00,-2.957227753307203777e+00,-1.327480840625536951e+00,-3.392346335567304916e+00
1.223485401100355308e+00,-1.462443170991385655e+00,2.094231727040845925e+00,-2.957296738481889786e+00,-1.327695924756564505e+00,-3.392111096071419141e+00
1.223799168722566000e+00,-1.462442686374488376e+00,2.094244028510458655e+00,-2.957365630662769806e+00,-1.327911023234836563e+00,-3.391875887398902112e+00
1.224112934799639785e+00,-1.462442086638290561e+00,2.094256182891518492e+00,-2.957434430028718975e+00,-1.328126136030467475e+00,-3.391640709477149684e+00
1.224426699340086300e+00,-1.462441372047472710e+00,2.094268190524735562e+00,-2.957503136758611539e+00,-1.328341263113571591e+00,-3.391405562233558157e+00
1.224740462352413184e+00,-1.462440542866715765e+00,2.094280051750819105e+00,-2.957571751031320861e+00,-1.328556404454263040e+00,-3.391170445595524718e+00
1.225054223845129631e+00,-1.462439599360700448e+00,2.094291766910479691e+00,-2.957640273025722077e+00,-1.328771560022656173e+00,-3.390935359490445222e+00
1.225367983826743723e+00,-1.462438541794107261e+00,2.094303336344426558e+00,-2.957708702920687660e+00,-1.328986729788864896e+00,-3.390700303845716412e+00
1.225681742305764876e+00,-1.462437370431617145e+00,2.094314760393370722e+00,-2.957777040895093190e+00,-1.329201913723004003e+00,-3.390465278588734588e+00
1.225995499290700730e+00,-1.462436085537911268e+00,2.094326039398020534e+00,-2.957845287127811584e+00,-1.329417111795187179e+00,-3.390230283646896048e+00
1.226309254790060921e+00,-1.462434687377669906e+00,2.094337173699085675e+00,-2.957913441797717979e+00,-1.329632323975529440e+00,-3.389995318947597536e+00
1.226623008812352866e+00,-1.462433176215574226e+00,2.094348163637277604e+00,-2.957981505083685292e+00,-1.329847550234144249e+00,-3.389760384418234906e+00
1.226936761366086204e+00,-1.462431552316304284e+00,2.094359009553304674e+00,-2.958049477164588215e+00,-1.330062790541146400e+00,-3.389525479986205792e+00
1.227250512459769016e+00,-1.462429815944541911e+00,2.094369711787877453e+00,-2.958117358219300108e+00,-1.330278044866649800e+00,-3.389290605578905158e+00
1.227564262101910275e+00,-1.462427967364967163e+00,2.094380270681705625e+00,-2.958185148426696109e+00,-1.330493313180769022e+00,-3.389055761123730193e+00
1.227878010301017841e+00,-1.462426006842260762e+00,2.094390686575498428e+00,-2.958252847965650023e+00,-1.330708595453617971e+00,-3.388820946548077195e+00
1.228191757065601353e+00,-1.462423934641103873e+00,2.094400959809966878e+00,-2.958320457015035210e+00,-1.330923891655311220e+00,-3.388586161779342909e+00
1.228505502404168670e+00,-1.462421751026177219e+00,2.094411090725819324e+00,-2.958387975753726362e+00,-1.331139201755962675e+00,-3.388351406744923189e+00
1.228819246325228542e+00,-1.462419456262161299e+00,2.094421079663767227e+00,-2.958455404360596841e+00,-1.331354525725686910e+00,-3.388116681372214778e+00
1.229132988837354334e+00,-1.462417050613792124e+00,2.094430926964592210e+00,-2.958522743014578182e+00,-1.331569863534635134e+00,-3.387881985588551803e+00
1.229446729974089880e+00,-1.462414534366952568e+00,2.094440632997244034e+00,-2.958589991916420026e+00,-1.331785215167330172e+00,-3.387647319297317328e+00
1.229760469831600700e+00,-1.462411907860562854e+00,2.094450198201310176e+00,-2.958657151321599788e+00,-1.332000580644334686e+00,-3.387412682341825132e+00
1.230074208515710810e+00,-1.462409171441722222e+00,2.094459623027274731e+00,-2.958724221494032580e+00,-1.332215959991770893e+00,-3.387178074556123963e+00
1.230387946132245558e+00,-1.462406325457531686e+00,2.094468907925619572e+00,-2.958791202697633516e+00,-1.332431353235761229e+00,-3.386943495774263013e+00
1.230701682787030293e+00,-1.462403370255090929e+00,2.094478053346829682e+00,-2.958858095196319482e+00,-1.332646760402427466e+00,-3.386708945830290585e+00
1.231015418585888810e+00,-1.462400306181500520e+00,2.094487059741386936e+00,-2.958924899254006924e+00,-1.332862181517892042e+00,-3.386474424558255425e+00
1.231329153634646678e+00,-1.462397133583859921e+00,2.094495927559776316e+00,-2.958991615134610065e+00,-1.333077616608277172e+00,-3.386239931792206725e+00
1.231642888039128358e+00,-1.462393852809270367e+00,2.094504657252479696e+00,-2.959058243102046681e+00,-1.333293065699704405e+00,-3.386005467366194122e+00
1.231956621905159199e+00,-1.462390464204830876e+00,2.094513249269981170e+00,-2.959124783420232330e+00,-1.333508528818296845e+00,-3.385771031114264584e+00
1.232270355338563217e+00,-1.462386968117642683e+00,2.094521704062763501e+00,-2.959191236353083454e+00,-1.333724005990176043e+00,-3.385536622870468193e+00
1.232584088445165538e+00,-1.462383364894805027e+00,2.094530022081311671e+00,-2.959257602164515166e+00,-1.333939497241464212e+00,-3.385302242468853251e+00
1.232897821330791510e+00,-1.462379654883418700e+00,2.094538203776106666e+00,-2.959323881118443467e+00,-1.334155002598283568e+00,-3.385067889743469838e+00
1.233211554101265595e+00,-1.462375838430583608e+00,2.094546249597634358e+00,-2.959390073478785688e+00,-1.334370522086756106e+00,-3.384833564528364924e+00
1.233525286862412251e+00,-1.462371915883400320e+00,2.094554159996375731e+00,-2.959456179509456941e+00,-1.334586055733004262e+00,-3.384599266657587702e+00
1.233839019720056607e+00,-1.462367887588968296e+00,2.094561935422815768e+00,-2.959522199474372783e+00,-1.334801603563150474e+00,-3.384364995965187806e+00
1.234152752780024009e+00,-1.462363753894388552e+00,2.094569576327437233e+00,-2.959588133637450547e+00,-1.335017165603316291e+00,-3.384130752285213983e+00
1.234466486148138475e+00,-1.462359515146760547e+00,2.094577083160723774e+00,-2.959653982262605343e+00,-1.335232741879623930e+00,-3.383896535451714094e+00
1.234780219930225353e+00,-1.462355171693184852e+00,2.094584456373158599e+00,-2.959719745613753172e+00,-1.335448332418196049e+00,-3.383662345298738217e+00
1.235093954232108882e+00,-1.462350723880761594e+00,2.094591696415224469e+00,-2.959785423954810479e+00,-1.335663937245154420e+00,-3.383428181660334211e+00
1.235407689159614630e+00,-1.462346172056590676e+00,2.094598803737406367e+00,-2.959851017549692820e+00,-1.335879556386621259e+00,-3.383194044370551268e+00
1.235721424818567060e+00,-1.462341516567772892e+00,2.094605778790185724e+00,-2.959916526662317082e+00,-1.336095189868719002e+00,-3.382959933263437691e+00
1.236035161314790853e+00,-1.462336757761407702e+00,2.094612622024047077e+00,-2.959981951556598823e+00,-1.336310837717569200e+00,-3.382725848173044003e+00
1.236348898754111136e+00,-1.462331895984595898e+00,2.094619333889473634e+00,-2.960047292496453597e+00,-1.336526499959294512e+00,-3.382491788933416732e+00
1.236662637242352369e+00,-1.462326931584436940e+00,2.094625914836948155e+00,-2.960112549745797850e+00,-1.336742176620016931e+00,-3.382257755378605957e+00
1.236976376885340123e+00,-1.462321864908031843e+00,2.094632365316954736e+00,-2.960177723568547581e+00,-1.336957867725858673e+00,-3.382023747342659981e+00
1.237290117788898414e+00,-1.462316696302480068e+00,2.094638685779977028e+00,-2.960242814228619235e+00,-1.337173573302941954e+00,-3.381789764659627995e+00
1.237603860058852145e+00,-1.462311426114882407e+00,2.094644876676496903e+00,-2.960307821989928367e+00,-1.337389293377388988e+00,-3.381555807163559635e+00
1.237917603801026445e+00,-1.462306054692338542e+00,2.094650938456999789e+00,-2.960372747116390535e+00,-1.337605027975321548e+00,-3.381321874688501428e+00
1.238231349121246216e+00,-1.462300582381948599e+00,2.094656871571967116e+00,-2.960437589871923070e+00,-1.337820777122862292e+00,-3.381087967068504785e+00
1.238545096125336142e+00,-1.462295009530813372e+00,2.094662676471883866e+00,-2.960502350520441084e+00,-1.338036540846132993e+00,-3.380854084137616233e+00
1.238858844919121127e+00,-1.462289336486032543e+00,2.094668353607231470e+00,-2.960567029325860577e+00,-1.338252319171255644e+00,-3.380620225729886741e+00
1.239172595608425631e+00,-1.462283563594706015e+00,2.094673903428495354e+00,-2.960631626552097995e+00,-1.338468112124353127e+00,-3.380386391679363278e+00
1.239486348299074780e+00,-1.462277691203934804e+00,2.094679326386157836e+00,-2.960696142463068892e+00,-1.338683919731547434e+00,-3.380152581820095925e+00
1.239800103096893480e+00,-1.462271719660818370e+00,2.094684622930702123e+00,-2.960760577322690157e+00,-1.338899742018960337e+00,-3.379918795986132096e+00
1.240113860107706412e+00,-1.462265649312457505e+00,2.094689793512611864e+00,-2.960824931394877346e+00,-1.339115579012713830e+00,-3.379685034011522315e+00
1.240427619437338702e+00,-1.462259480505951448e+00,2.094694838582370711e+00,-2.960889204943545572e+00,-1.339331430738930795e+00,-3.379451295730314442e+00
1.240741381191614812e+00,-1.462253213588401213e+00,2.094699758590461425e+00,-2.960953398232612610e+00,-1.339547297223732780e+00,-3.379217580976557223e+00
1.241055145476359645e+00,-1.462246848906906926e+00,2.094704553987368101e+00,-2.961017511525993573e+00,-1.339763178493242224e+00,-3.378983889584299849e+00
1.241368912397397883e+00,-1.462240386808568049e+00,2.094709225223573057e+00,-2.961081545087603573e+00,-1.339979074573581119e+00,-3.378750221387591068e+00
1.241682682060554654e+00,-1.462233827640485595e+00,2.094713772749561276e+00,-2.961145499181360830e+00,-1.340194985490871904e+00,-3.378516576220479628e+00
1.241996454571654640e+00,-1.462227171749759247e+00,2.094718197015814631e+00,-2.961209374071179123e+00,-1.340410911271236793e+00,-3.378282953917013831e+00
1.242310230036522745e+00,-1.462220419483489575e+00,2.094722498472817218e+00,-2.961273170020976231e+00,-1.340626851940797559e+00,-3.378049354311243757e+00
1.242624008560983651e+00,-1.462213571188776484e+00,2.094726677571051798e+00,-2.961336887294666820e+00,-1.340842807525676417e+00,-3.377815777237216821e+00
1.242937790250862262e+00,-1.462206627212720100e+00,2.094730734761002022e+00,-2.961400526156167778e+00,-1.341058778051995803e+00,-3.377582222528982214e+00
1.243251575211983928e+00,-1.462199587902420550e+00,2.094734670493151985e+00,-2.961464086869395107e+00,-1.341274763545877713e+00,-3.377348690020589572e+00
1.243565363550172220e+00,-1.462192453604978404e+00,2.094738485217983559e+00,-2.961527569698264362e+00,-1.341490764033444139e+00,-3.377115179546087198e+00
1.243879155371253376e+00,-1.462185224667493344e+00,2.094742179385981729e+00,-2.961590974906691986e+00,-1.341706779540817296e+00,-3.376881690939523839e+00
1.244192950781050966e+00,-1.462177901437065941e+00,2.094745753447628811e+00,-2.961654302758594426e+00,-1.341922810094119844e+00,-3.376648224034948242e+00
1.244506749885390784e+00,-1.462170484260795877e+00,2.094749207853408901e+00,-2.961717553517885904e+00,-1.342138855719473334e+00,-3.376414778666408711e+00
1.244820552790097290e+00,-1.462162973485784168e+00,2.094752543053803873e+00,-2.961780727448484640e+00,-1.342354916443000201e+00,-3.376181354667955770e+00
1.245134359600995166e+00,-1.462155369459129828e+00,2.094755759499299153e+00,-2.961843824814306192e+00,-1.342570992290822884e+00,-3.375947951873635944e+00
1.245448170423909318e+00,-1.462147672527934539e+00,2.094758857640376615e+00,-2.961906845879265227e+00,-1.342787083289062933e+00,-3.375714570117499758e+00
1.245761985364664870e+00,-1.462139883039296651e+00,2.094761837927519910e+00,-2.961969790907279076e+00,-1.343003189463842784e+00,-3.375481209233595514e+00
1.246075804529086506e+00,-1.462132001340318066e+00,2.094764700811213132e+00,-2.962032660162263742e+00,-1.343219310841284875e+00,-3.375247869055971961e+00
1.246389628022998464e+00,-1.462124027778097801e+00,2.094767446741939043e+00,-2.962095453908134779e+00,-1.343435447447510978e+00,-3.375014549418678733e+00
1.246703455952226092e+00,-1.462115962699736871e+00,2.094770076170180850e+00,-2.962158172408808188e+00,-1.343651599308643529e+00,-3.374781250155762802e+00
1.247017288422594516e+00,-1.462107806452334513e+00,2.094772589546422648e+00,-2.962220815928199968e+00,-1.343867766450804302e+00,-3.374547971101273802e+00
1.247331125539928198e+00,-1.462099559382991742e+00,2.094774987321146309e+00,-2.962283384730227009e+00,-1.344083948900115733e+00,-3.374314712089261370e+00
1.247644967410052042e+00,-1.462091221838808019e+00,2.094777269944837261e+00,-2.962345879078803979e+00,-1.344300146682700037e+00,-3.374081472953774252e+00
1.247958814138790729e+00,-1.462082794166884359e+00,2.094779437867976490e+00,-2.962408299237848208e+00,-1.344516359824679208e+00,-3.373848253528859864e+00
1.248272665831969164e+00,-1.462074276714320220e+00,2.094781491541049867e+00,-2.962470645471274810e+00,-1.344732588352175906e+00,-3.373615053648568285e+00
1.248586522595412251e+00,-1.462065669828215952e+00,2.094783431414539265e+00,-2.962532918043000230e+00,-1.344948832291311458e+00,-3.373381873146948262e+00
1.248900384534944896e+00,-1.462056973855672126e+00,2.094785257938927892e+00,-2.962595117216940466e+00,-1.345165091668208524e+00,-3.373148711858047655e+00
1.249214251756391780e+00,-1.462048189143788202e+00,2.094786971564700284e+00,-2.962657243257011963e+00,-1.345381366508989318e+00,-3.372915569615916542e+00
1.249528124365577586e+00,-1.462039316039665193e+00,2.094788572742338761e+00,-2.962719296427129834e+00,-1.345597656839775613e+00,-3.372682446254603228e+00
1.249842002468327662e+00,-1.462030354890402339e+00,2.094790061922326974e+00,-2.962781276991210522e+00,-1.345813962686690290e+00,-3.372449341608156015e+00
1.250155886170466024e+00,-1.462021306043100877e+00,2.094791439555148127e+00,-2.962843185213170472e+00,-1.346030284075854899e+00,-3.372216255510623650e+00
1.250469775577818243e+00,-1.462012169844860043e+00,2.094792706091286316e+00,-2.962905021356924795e+00,-1.346246621033391433e+00,-3.371983187796056214e+00
1.250783670723397689e+00,-1.462002946651649093e+00,2.094793861989322270e+00,-2.962966785677032533e+00,-1.346462973534231056e+00,-3.371750138350618542e+00
1.251097571292543842e+00,-1.461993636861784962e+00,2.094794907746511559e+00,-2.963028478383363584e+00,-1.346679341308863354e+00,-3.371517107309336403e+00
1.251411476866938433e+00,-1.461984240886209818e+00,2.094795843871635643e+00,-2.963090099672466948e+00,-1.346895724014898432e+00,-3.371284094881432658e+00
1.251725387028244985e+00,-1.461974759135868940e+00,2.094796670873480426e+00,-2.963151649740887628e+00,-1.347112121309934629e+00,-3.371051101276142603e+00
1.252039301358127465e+00,-1.461965192021706716e+00,2.094797389260831810e+00,-2.963213128785172401e+00,-1.347328532851569838e+00,-3.370818126702701090e+00
1.252353219438249843e+00,-1.461955539954668648e+00,2.094797999542474809e+00,-2.963274537001866271e+00,-1.347544958297402840e+00,-3.370585171370342970e+00
1.252667140850275640e+00,-1.461945803345698902e+00,2.094798502227193993e+00,-2.963335874587515573e+00,-1.347761397305030640e+00,-3.370352235488303982e+00
1.252981065175869047e+00,-1.461935982605742312e+00,2.094798897823776151e+00,-2.963397141738666196e+00,-1.347977849532051797e+00,-3.370119319265818980e+00
1.253294991996693586e+00,-1.461926078145744157e+00,2.094799186841005412e+00,-2.963458338651864032e+00,-1.348194314636064650e+00,-3.369886422912122370e+00
1.253608920894413226e+00,-1.461916090376649047e+00,2.094799369787667676e+00,-2.963519465523654084e+00,-1.348410792274666647e+00,-3.369653546636451225e+00
1.253922851450691933e+00,-1.461906019709401372e+00,2.094799447172548401e+00,-2.963580522550582685e+00,-1.348627282105456349e+00,-3.369420690648038619e+00
1.254236783247193454e+00,-1.461895866554946632e+00,2.094799419504432159e+00,-2.963641509929196172e+00,-1.348843783786031647e+00,-3.369187855156121181e+00
1.254550715865581090e+00,-1.461885631324229440e+00,2.094799287292105294e+00,-2.963702427856040433e+00,-1.349060296973990436e+00,-3.368955040369932874e+00
1.254864648887519918e+00,-1.461875314428194184e+00,2.094799051044352822e+00,-2.963763276527660917e+00,-1.349276821326931275e+00,-3.368722246498709438e+00
1.255178581894672352e+00,-1.461864916277786364e+00,2.094798711269959313e+00,-2.963824056140603069e+00,-1.349493356502451613e+00,-3.368489473751686614e+00
1.255492514468703247e+00,-1.461854437283950148e+00,2.094798268477711112e+00,-2.963884766891412781e+00,-1.349709902158149788e+00,-3.368256722338098363e+00
1.255806446191276127e+00,-1.461843877857630813e+00,2.094797723176393678e+00,-2.963945408976637275e+00,-1.349926457951624137e+00,-3.368023992467181316e+00
1.256120376644054737e+00,-1.461833238409772973e+00,2.094797075874791137e+00,-2.964005982592820221e+00,-1.350143023540472553e+00,-3.367791284348168546e+00
1.256434305408702823e+00,-1.461822519351321459e+00,2.094796327081689835e+00,-2.964066487936509287e+00,-1.350359598582292708e+00,-3.367558598190297126e+00
1.256748232066884130e+00,-1.461811721093221106e+00,2.094795477305874343e+00,-2.964126925204249918e+00,-1.350576182734682940e+00,-3.367325934202801463e+00
1.257062156200262848e+00,-1.461800844046416969e+00,2.094794527056130562e+00,-2.964187294592586674e+00,-1.350792775655241584e+00,-3.367093292594916409e+00
1.257376077390502722e+00,-1.461789888621853439e+00,2.094793476841243951e+00,-2.964247596298067222e+00,-1.351009377001566536e+00,-3.366860673575877705e+00
1.257689995219267498e+00,-1.461778855230475571e+00,2.094792327169999080e+00,-2.964307830517235676e+00,-1.351225986431255466e+00,-3.366628077354920201e+00
1.258003909268221143e+00,-1.461767744283228199e+00,2.094791078551182739e+00,-2.964367997446639702e+00,-1.351442603601906933e+00,-3.366395504141279194e+00
1.258317819119026959e+00,-1.461756556191056156e+00,2.094789731493578611e+00,-2.964428097282823860e+00,-1.351659228171118388e+00,-3.366162954144189090e+00
1.258631724353349801e+00,-1.461745291364904276e+00,2.094788286505972597e+00,-2.964488130222334483e+00,-1.351875859796489054e+00,-3.365930427572886074e+00
1.258945624552852305e+00,-1.461733950215716948e+00,2.094786744097151043e+00,-2.964548096461717019e+00,-1.352092498135615939e+00,-3.365697924636604998e+00
1.259259519299199326e+00,-1.461722533154439674e+00,2.094785104775898077e+00,-2.964607996197517359e+00,-1.352309142846097378e+00,-3.365465445544580270e+00
1.259573408174054165e+00,-1.461711040592016841e+00,2.094783369050999156e+00,-2.964667829626281836e+00,-1.352525793585531488e+00,-3.365232990506048516e+00
1.259887290759080791e+00,-1.461699472939393285e+00,2.094781537431240181e+00,-2.964727596944555899e+00,-1.352742450011516384e+00,-3.365000559730243257e+00
1.260201166635942949e+00,-1.461687830607514060e+00,2.094779610425405725e+00,-2.964787298348885880e+00,-1.352959111781650403e+00,-3.364768153426400232e+00
1.260515035386304161e+00,-1.461676114007323779e+00,2.094777588542281688e+00,-2.964846934035816783e+00,-1.353175778553530995e+00,-3.364535771803755626e+00
1.260828896591829063e+00,-1.461664323549767275e+00,2.094775472290653529e+00,-2.964906504201894499e+00,-1.353392449984756496e+00,-3.364303415071543402e+00
1.261142749834180732e+00,-1.461652459645789603e+00,2.094773262179306261e+00,-2.964966009043666251e+00,-1.353609125732925023e+00,-3.364071083438998855e+00
1.261456594695023581e+00,-1.461640522706335155e+00,2.094770958717025344e+00,-2.965025448757676596e+00,-1.353825805455634690e+00,-3.363838777115357281e+00
1.261770430756021133e+00,-1.461628513142349206e+00,2.094768562412595791e+00,-2.965084823540471426e+00,-1.354042488810483169e+00,-3.363606496309853977e+00
1.262084257598837134e+00,-1.461616431364776147e+00,2.094766073774803061e+00,-2.965144133588596187e+00,-1.354259175455069020e+00,-3.363374241231723794e+00
1.262398074805135550e+00,-1.461604277784561035e+00,2.094763493312433056e+00,-2.965203379098598546e+00,-1.354475865046990357e+00,-3.363142012090202027e+00
1.262711881956580351e+00,-1.461592052812648923e+00,2.094760821534270345e+00,-2.965262560267023062e+00,-1.354692557243844409e+00,-3.362909809094523972e+00
1.263025678634834836e+00,-1.461579756859984203e+00,2.094758058949100832e+00,-2.965321677290415181e+00,-1.354909251703230399e+00,-3.362677632453924925e+00
1.263339464421563418e+00,-1.461567390337511707e+00,2.094755206065709530e+00,-2.965380730365321682e+00,-1.355125948082745779e+00,-3.362445482377639738e+00
1.263653238898429843e+00,-1.461554953656176714e+00,2.094752263392882341e+00,-2.965439719688287568e+00,-1.355342646039988441e+00,-3.362213359074902819e+00
1.263967001647097632e+00,-1.461542447226923391e+00,2.094749231439403836e+00,-2.965498645455859172e+00,-1.355559345232556723e+00,-3.361981262754950350e+00
1.264280752249231199e+00,-1.461529871460697239e+00,2.094746110714059473e+00,-2.965557507864582387e+00,-1.355776045318048739e+00,-3.361749193627017629e+00
1.264594490286493622e+00,-1.461517226768442423e+00,2.094742901725635154e+00,-2.965616307111003103e+00,-1.355992745954062162e+00,-3.361517151900339506e+00
1.264908215340549313e+00,-1.461504513561104224e+00,2.094739604982915449e+00,-2.965675043391666321e+00,-1.356209446798195550e+00,-3.361285137784150390e+00
1.265221926993061352e+00,-1.461491732249627473e+00,2.094736220994686704e+00,-2.965733716903119266e+00,-1.356426147508047020e+00,-3.361053151487686463e+00
1.265535624825694816e+00,-1.461478883244956561e+00,2.094732750269733046e+00,-2.965792327841906495e+00,-1.356642847741213798e+00,-3.360821193220182135e+00
1.265849308420112562e+00,-1.461465966958036544e+00,2.094729193316839932e+00,-2.965850876404574343e+00,-1.356859547155294887e+00,-3.360589263190873144e+00
1.266162977357978781e+00,-1.461452983799812477e+00,2.094725550644794154e+00,-2.965909362787669146e+00,-1.357076245407887960e+00,-3.360357361608993898e+00
1.266476631220956994e+00,-1.461439934181228972e+00,2.094721822762379837e+00,-2.965967787187736349e+00,-1.357292942156590909e+00,-3.360125488683781025e+00
1.266790269590711171e+00,-1.461426818513230419e+00,2.094718010178381995e+00,-2.966026149801321843e+00,-1.357509637059002072e+00,-3.359893644624467601e+00
1.267103892048905722e+00,-1.461413637206762539e+00,2.094714113401586530e+00,-2.966084450824970187e+00,-1.357726329772719343e+00,-3.359661829640290698e+00
1.267417498177203505e+00,-1.461400390672769500e+00,2.094710132940778902e+00,-2.966142690455229936e+00,-1.357943019955341057e+00,-3.359430043940483834e+00
1.267731087557269154e+00,-1.461387079322196580e+00,2.094706069304745011e+00,-2.966200868888644759e+00,-1.358159707264465332e+00,-3.359198287734283195e+00
1.268044659770766192e+00,-1.461373703565987947e+00,2.094701923002268984e+00,-2.966258986321761437e+00,-1.358376391357689617e+00,-3.358966561230924075e+00
1.268358214399357919e+00,-1.461360263815088878e+00,2.094697694542135835e+00,-2.966317042951125416e+00,-1.358593071892612469e+00,-3.358734864639640438e+00
1.268671751024709415e+00,-1.461346760480444207e+00,2.094693384433133243e+00,-2.966375038973282141e+00,-1.358809748526831784e+00,-3.358503198169668913e+00
1.268985269228483093e+00,-1.461333193972998545e+00,2.094688993184044445e+00,-2.966432974584778837e+00,-1.359026420917945677e+00,-3.358271562030243018e+00
1.269298768592343807e+00,-1.461319564703696949e+00,2.094684521303654900e+00,-2.966490849982160061e+00,-1.359243088723552262e+00,-3.358039956430599826e+00
1.269612248697955081e+00,-1.461305873083484030e+00,2.094679969300750511e+00,-2.966548665361972148e+00,-1.359459751601248989e+00,-3.357808381579972856e+00
1.269925709126980662e+00,-1.461292119523304622e+00,2.094675337684117178e+00,-2.966606420920760545e+00,-1.359676409208635306e+00,-3.357576837687598292e+00
1.270239149461084738e+00,-1.461278304434103559e+00,2.094670626962538584e+00,-2.966664116855072031e+00,-1.359893061203308218e+00,-3.357345324962710542e+00
1.270552569281930388e+00,-1.461264428226825896e+00,2.094665837644801520e+00,-2.966721753361451164e+00,-1.360109707242865840e+00,-3.357113843614545790e+00
1.270865968171182248e+00,-1.461250491312416022e+00,2.094660970239691000e+00,-2.966779330636444278e+00,-1.360326346984906509e+00,-3.356882393852337554e+00
1.271179345710503616e+00,-1.461236494101819217e+00,2.094656025255991594e+00,-2.966836848876598598e+00,-1.360542980087028120e+00,-3.356650975885322019e+00
1.271492701481558463e+00,-1.461222437005979868e+00,2.094651003202490092e+00,-2.966894308278457792e+00,-1.360759606206829009e+00,-3.356419589922734925e+00
1.271806035066021412e+00,-1.461208320435834596e+00,2.094645904587959517e+00,-2.966951709038563312e+00,-1.360976225001914841e+00,-3.356188236173804018e+00
1.272119346186136868e+00,-1.461194144686050578e+00,2.094640729771533927e+00,-2.967009051281547460e+00,-1.361192836238878545e+00,-3.355956914766281773e+00
1.272432635057127337e+00,-1.461179909643545605e+00,2.094635478587566713e+00,-2.967066334879861156e+00,-1.361409440066523535e+00,-3.355725625542181234e+00
1.272745902002221818e+00,-1.461165615105902482e+00,2.094630150755435238e+00,-2.967123559650703957e+00,-1.361626036717392685e+00,-3.355494368280911743e+00
1.273059147344649977e+00,-1.461151260870703794e+00,2.094624745994515536e+00,-2.967180725411276310e+00,-1.361842626424028646e+00,-3.355263142761884421e+00
1.273372371407641257e+00,-1.461136846735532790e+00,2.094619264024184080e+00,-2.967237831978779550e+00,-1.362059209418975181e+00,-3.355031948764508609e+00
1.273685574514424879e+00,-1.461122372497971167e+00,2.094613704563817347e+00,-2.967294879170412347e+00,-1.362275785934774941e+00,-3.354800786068193652e+00
1.273998756988230063e+00,-1.461107837955602617e+00,2.094608067332793588e+00,-2.967351866803375593e+00,-1.362492356203970800e+00,-3.354569654452351557e+00
1.274311919152286698e+00,-1.461093242906009504e+00,2.094602352050488836e+00,-2.967408794694869734e+00,-1.362708920459106077e+00,-3.354338553696389891e+00
1.274625061329823783e+00,-1.461078587146774632e+00,2.094596558436279565e+00,-2.967465662662094328e+00,-1.362925478932723422e+00,-3.354107483579719773e+00
1.274938183844070982e+00,-1.461063870475480586e+00,2.094590686209542696e+00,-2.967522470522249822e+00,-1.363142031857366598e+00,-3.353876443881750991e+00
1.275251287018257740e+00,-1.461049092689709950e+00,2.094584735089655148e+00,-2.967579218092536664e+00,-1.363358579465578257e+00,-3.353645434381893775e+00
1.275564371175613054e+00,-1.461034253587045972e+00,2.094578704795994728e+00,-2.967635905190154411e+00,-1.363575121989901051e+00,-3.353414454859557470e+00
1.275877436639366813e+00,-1.461019352965070572e+00,2.094572595047936581e+00,-2.967692531632303954e+00,-1.363791659662878297e+00,-3.353183505094152750e+00
1.276190483732748460e+00,-1.461004390621367222e+00,2.094566405564858513e+00,-2.967749097236185296e+00,-1.364008192717053314e+00,-3.352952584865089403e+00
1.276503512778986993e+00,-1.460989366353518504e+00,2.094560136066136558e+00,-2.967805601818998884e+00,-1.364224721384968753e+00,-3.352721693951776771e+00
1.276816524101312078e+00,-1.460974279959106781e+00,2.094553786271148521e+00,-2.967862045197944276e+00,-1.364441245899167487e+00,-3.352490832133625975e+00
1.277129518022952936e+00,-1.460959131235715081e+00,2.094547355899269991e+00,-2.967918427190221475e+00,-1.364657766492193502e+00,-3.352259999190046802e+00
1.277442494867139455e+00,-1.460943919980926209e+00,2.094540844669879665e+00,-2.967974747613031816e+00,-1.364874283396588561e+00,-3.352029194900447262e+00
1.277755454957100634e+00,-1.460928645992322750e+00,2.094534252302351351e+00,-2.968031006283574413e+00,-1.365090796844896870e+00,-3.351798419044239807e+00
1.278068398616065915e+00,-1.460913309067486843e+00,2.094527578516065081e+00,-2.968087203019050158e+00,-1.365307307069660192e+00,-3.351567671400833337e+00
1.278381326167264742e+00,-1.460897909004002182e+00,2.094520823030395551e+00,-2.968143337636659496e+00,-1.365523814303422734e+00,-3.351336951749638526e+00
1.278694237933926559e+00,-1.460882445599451129e+00,2.094513985564720571e+00,-2.968199409953601542e+00,-1.365740318778727147e+00,-3.351106259870063830e+00
1.279007134239280807e+00,-1.460866918651416269e+00,2.094507065838416615e+00,-2.968255419787076743e+00,-1.365956820728116083e+00,-3.350875595541520369e+00
1.279320015406556710e+00,-1.460851327957480184e+00,2.094500063570859716e+00,-2.968311366954286434e+00,-1.366173320384132861e+00,-3.350644958543417484e+00
1.279632881758984153e+00,-1.460835673315226124e+00,2.094492978481428125e+00,-2.968367251272429730e+00,-1.366389817979320798e+00,-3.350414348655166297e+00
1.279945733619792136e+00,-1.460819954522236452e+00,2.094485810289497429e+00,-2.968423072558706632e+00,-1.366606313746222545e+00,-3.350183765656175705e+00
1.280258571312210325e+00,-1.460804171376093752e+00,2.094478558714445438e+00,-2.968478830630318033e+00,-1.366822807917381200e+00,-3.349953209325855941e+00
1.280571395159467718e+00,-1.460788323674381051e+00,2.094471223475647292e+00,-2.968534525304464378e+00,-1.367039300725339634e+00,-3.349722679443617235e+00
1.280884205484793981e+00,-1.460772411214681155e+00,2.094463804292482134e+00,-2.968590156398344337e+00,-1.367255792402641168e+00,-3.349492175788869375e+00
1.281197002611418778e+00,-1.460756433794576425e+00,2.094456300884324662e+00,-2.968645723729159691e+00,-1.367472283181828896e+00,-3.349261698141021704e+00
1.281509786862570888e+00,-1.460740391211649891e+00,2.094448712970553572e+00,-2.968701227114110441e+00,-1.367688773295445914e+00,-3.349031246279485341e+00
1.281822558561480419e+00,-1.460724283263483914e+00,2.094441040270544008e+00,-2.968756666370395703e+00,-1.367905262976034653e+00,-3.348800819983669630e+00
1.282135318031376370e+00,-1.460708109747661521e+00,2.094433282503673333e+00,-2.968812041315216810e+00,-1.368121752456138429e+00,-3.348570419032984358e+00
1.282448065595488629e+00,-1.460691870461765296e+00,2.094425439389318466e+00,-2.968867351765773765e+00,-1.368338241968300784e+00,-3.348340043206839756e+00
1.282760801577045751e+00,-1.460675565203377824e+00,2.094417510646856773e+00,-2.968922597539265684e+00,-1.368554731745064368e+00,-3.348109692284646055e+00
1.283073526299277844e+00,-1.460659193770082354e+00,2.094409495995663395e+00,-2.968977778452894345e+00,-1.368771222018971834e+00,-3.347879366045812599e+00
1.283386240085414132e+00,-1.460642755959461470e+00,2.094401395155117029e+00,-2.969032894323858862e+00,-1.368987713022566943e+00,-3.347649064269750507e+00
1.283698943258683833e+00,-1.460626251569097311e+00,2.094393207844593263e+00,-2.969087944969359683e+00,-1.369204204988392126e+00,-3.347418786735867791e+00
1.284011636142316837e+00,-1.460609680396573129e+00,2.094384933783469460e+00,-2.969142930206597697e+00,-1.369420698148990700e+00,-3.347188533223576457e+00
1.284324319059542141e+00,-1.460593042239471506e+00,2.094376572691122096e+00,-2.969197849852771576e+00,-1.369637192736905762e+00,-3.346958303512285404e+00
1.284636992333588967e+00,-1.460576336895375249e+00,2.094368124286928090e+00,-2.969252703725083098e+00,-1.369853688984680185e+00,-3.346728097381404865e+00
1.284949656287687425e+00,-1.460559564161866497e+00,2.094359588290263918e+00,-2.969307491640731378e+00,-1.370070187124856842e+00,-3.346497914610344626e+00
1.285262311245066735e+00,-1.460542723836528944e+00,2.094350964420506944e+00,-2.969362213416917751e+00,-1.370286687389979052e+00,-3.346267754978514475e+00
1.285574957528955897e+00,-1.460525815716944509e+00,2.094342252397034088e+00,-2.969416868870840887e+00,-1.370503190012589911e+00,-3.346037618265325086e+00
1.285887595462584354e+00,-1.460508839600696662e+00,2.094333451939221380e+00,-2.969471457819702120e+00,-1.370719695225232071e+00,-3.345807504250185804e+00
1.286200225369181549e+00,-1.460491795285367544e+00,2.094324562766446629e+00,-2.969525980080701011e+00,-1.370936203260449071e+00,-3.345577412712507304e+00
1.286512847571977369e+00,-1.460474682568539961e+00,2.094315584598084978e+00,-2.969580435471038005e+00,-1.371152714350783786e+00,-3.345347343431698484e+00
1.286825462394201036e+00,-1.460457501247796941e+00,2.094306517153515124e+00,-2.969634823807913548e+00,-1.371369228728779088e+00,-3.345117296187170020e+00
1.287138070159081549e+00,-1.460440251120720401e+00,2.094297360152112653e+00,-2.969689144908527645e+00,-1.371585746626977853e+00,-3.344887270758331699e+00
1.287450671189848794e+00,-1.460422931984894257e+00,2.094288113313254929e+00,-2.969743398590080297e+00,-1.371802268277923398e+00,-3.344657266924593753e+00
1.287763265809731994e+00,-1.460405543637900205e+00,2.094278776356318428e+00,-2.969797584669771950e+00,-1.372018793914158818e+00,-3.344427284465365968e+00
1.288075854341960369e+00,-1.460388085877321718e+00,2.094269349000680069e+00,-2.969851702964802609e+00,-1.372235323768226767e+00,-3.344197323160058577e+00
1.288388437109763585e+00,-1.460370558500741156e+00,2.094259830965716329e+00,-2.969905753292372719e+00,-1.372451858072670561e+00,-3.343967382788080922e+00
1.288701014436371084e+00,-1.460352961305740882e+00,2.094250221970805459e+00,-2.969959735469682283e+00,-1.372668397060033296e+00,-3.343737463128843235e+00
1.289013586645012310e+00,-1.460335294089904368e+00,2.094240521735322158e+00,-2.970013649313931747e+00,-1.372884940962857847e+00,-3.343507563961755746e+00
1.289326154058916485e+00,-1.460317556650813753e+00,2.094230729978644234e+00,-2.970067494642320227e+00,-1.373101490013687309e+00,-3.343277685066228688e+00
1.289638717001313051e+00,-1.460299748786052065e+00,2.094220846420148607e+00,-2.970121271272049501e+00,-1.373318044445064778e+00,-3.343047826221670960e+00
1.289951275795431229e+00,-1.460281870293201889e+00,2.094210870779212197e+00,-2.970174979020319128e+00,-1.373534604489533129e+00,-3.342817987207492791e+00
1.290263830764500907e+00,-1.460263920969846252e+00,2.094200802775211478e+00,-2.970228617704328666e+00,-1.373751170379635456e+00,-3.342588167803105303e+00
1.290576382231751307e+00,-1.460245900613567516e+00,2.094190642127522928e+00,-2.970282187141279451e+00,-1.373967742347915078e+00,-3.342358367787917395e+00
1.290888930520411648e+00,-1.460227809021948486e+00,2.094180388555523908e+00,-2.970335687148370596e+00,-1.374184320626914646e+00,-3.342128586941339297e+00
1.291201475953711597e+00,-1.460209645992571748e+00,2.094170041778590896e+00,-2.970389117542802992e+00,-1.374400905449177257e+00,-3.341898825042781240e+00
1.291514018854880597e+00,-1.460191411323020105e+00,2.094159601516101255e+00,-2.970442478141776643e+00,-1.374617497047246006e+00,-3.341669081871652569e+00
1.291826559547147646e+00,-1.460173104810876366e+00,2.094149067487431459e+00,-2.970495768762491995e+00,-1.374834095653663990e+00,-3.341439357207363958e+00
1.292139098353742632e+00,-1.460154726253723778e+00,2.094138439411957098e+00,-2.970548989222148162e+00,-1.375050701500973860e+00,-3.341209650829325195e+00
1.292451635597894555e+00,-1.460136275449144039e+00,2.094127717009056866e+00,-2.970602139337946923e+00,-1.375267314821719378e+00,-3.340979962516946067e+00
1.292764171602833301e+00,-1.460117752194720619e+00,2.094116899998106796e+00,-2.970655218927087837e+00,-1.375483935848443195e+00,-3.340750292049636361e+00
1.293076706691787869e+00,-1.460099156288035882e+00,2.094105988098484250e+00,-2.970708227806770019e+00,-1.375700564813688187e+00,-3.340520639206806308e+00
1.293389241187987704e+00,-1.460080487526672632e+00,2.094094981029564373e+00,-2.970761165794195247e+00,-1.375917201949997226e+00,-3.340291003767866140e+00
1.293701775414662247e+00,-1.460061745708213676e+00,2.094083878510724972e+00,-2.970814032706562635e+00,-1.376133847489914075e+00,-3.340061385512225201e+00
1.294014309695041609e+00,-1.460042930630241376e+00,2.094072680261343855e+00,-2.970866828361073075e+00,-1.376350501665980941e+00,-3.339831784219294164e+00
1.294326844352354122e+00,-1.460024042090338980e+00,2.094061386000796610e+00,-2.970919552574927014e+00,-1.376567164710741364e+00,-3.339602199668482374e+00
1.294639379709829674e+00,-1.460005079886089074e+00,2.094049995448460155e+00,-2.970972205165323121e+00,-1.376783836856738441e+00,-3.339372631639200062e+00
1.294951916090697930e+00,-1.459986043815074019e+00,2.094038508323710968e+00,-2.971024785949463620e+00,-1.377000518336514601e+00,-3.339143079910857015e+00
1.295264453818187667e+00,-1.459966933674877065e+00,2.094026924345926854e+00,-2.971077294744546737e+00,-1.377217209382613827e+00,-3.338913544262863908e+00
1.295576993215528994e+00,-1.459947749263080574e+00,2.094015243234483847e+00,-2.971129731367773807e+00,-1.377433910227578551e+00,-3.338684024474629641e+00
1.295889534605950688e+00,-1.459928490377267352e+00,2.094003464708759310e+00,-2.971182095636345277e+00,-1.377650621103951645e+00,-3.338454520325565777e+00
1.296202078312682859e+00,-1.459909156815019982e+00,2.093991588488128830e+00,-2.971234387367461149e+00,-1.377867342244276205e+00,-3.338225031595080328e+00
1.296514624658954506e+00,-1.459889748373921714e+00,2.093979614291971103e+00,-2.971286606378320538e+00,-1.378084073881095994e+00,-3.337995558062583967e+00
1.296827173967995073e+00,-1.459870264851554689e+00,2.093967541839661273e+00,-2.971338752486124779e+00,-1.378300816246953220e+00,-3.337766099507487816e+00
1.297139726563033335e+00,-1.459850706045501711e+00,2.093955370850577147e+00,-2.971390825508074318e+00,-1.378517569574390755e+00,-3.337536655709200328e+00
1.297452282767299847e+00,-1.459831071753346032e+00,2.093943101044094757e+00,-2.971442825261367826e+00,-1.378734334095952585e+00,-3.337307226447131736e+00
1.297764842904023830e+00,-1.459811361772669569e+00,2.093930732139591466e+00,-2.971494751563206638e+00,-1.378951110044180917e+00,-3.337077811500692714e+00
1.298077407296434060e+00,-1.459791575901055793e+00,2.093918263856443751e+00,-2.971546604230791200e+00,-1.379167897651619512e+00,-3.336848410649292607e+00
1.298389976267760426e+00,-1.459771713936086845e+00,2.093905695914029419e+00,-2.971598383081320627e+00,-1.379384697150810357e+00,-3.336619023672342088e+00
1.298702550141231926e+00,-1.459751775675345531e+00,2.093893028031723613e+00,-2.971650087931996698e+00,-1.379601508774297436e+00,-3.336389650349250058e+00
1.299015129240078448e+00,-1.459731760916415100e+00,2.093880259928904142e+00,-2.971701718600018083e+00,-1.379818332754623400e+00,-3.336160290459427191e+00
1.299327713887528990e+00,-1.459711669456877692e+00,2.093867391324947036e+00,-2.971753274902585229e+00,-1.380035169324331346e+00,-3.335930943782283720e+00
1.299640304406813440e+00,-1.459691501094316335e+00,2.093854421939230104e+00,-2.971804756656899027e+00,-1.380252018715964368e+00,-3.335701610097229430e+00
1.299952901121160798e+00,-1.459671255626313835e+00,2.093841351491130265e+00,-2.971856163680159479e+00,-1.380468881162065342e+00,-3.335472289183673666e+00
1.300265504353800949e+00,-1.459650932850452332e+00,2.093828179700023107e+00,-2.971907495789566145e+00,-1.380685756895177363e+00,-3.335242980821026659e+00
1.300578114427962451e+00,-1.459630532564314853e+00,2.093814906285285549e+00,-2.971958752802319914e+00,-1.380902646147843305e+00,-3.335013684788699084e+00
1.300890731666875633e+00,-1.459610054565484649e+00,2.093801530966295843e+00,-2.972009934535620790e+00,-1.381119549152606707e+00,-3.334784400866100285e+00
1.301203356393769273e+00,-1.459589498651543860e+00,2.093788053462429577e+00,-2.972061040806668775e+00,-1.381336466142010000e+00,-3.334555128832640047e+00
1.301515988931873258e+00,-1.459568864620075512e+00,2.093774473493063670e+00,-2.972112071432664759e+00,-1.381553397348596501e+00,-3.334325868467728604e+00
1.301828629604416365e+00,-1.459548152268661969e+00,2.093760790777575487e+00,-2.972163026230807858e+00,-1.381770343004909529e+00,-3.334096619550775742e+00
1.302141278734628704e+00,-1.459527361394886480e+00,2.093747005035340614e+00,-2.972213905018298075e+00,-1.381987303343491735e+00,-3.333867381861192136e+00
1.302453936645739274e+00,-1.459506491796331185e+00,2.093733115985737303e+00,-2.972264707612337187e+00,-1.382204278596885993e+00,-3.333638155178387130e+00
1.302766603660977962e+00,-1.459485543270578667e+00,2.093719123348141586e+00,-2.972315433830124753e+00,-1.382421268997635622e+00,-3.333408939281770955e+00
1.303079280103573545e+00,-1.459464515615212621e+00,2.093705026841930827e+00,-2.972366083488859889e+00,-1.382638274778283716e+00,-3.333179733950753398e+00
1.303391966296755911e+00,-1.459443408627815186e+00,2.093690826186480169e+00,-2.972416656405744817e+00,-1.382855296171373150e+00,-3.332950538964744247e+00
1.303704662563753836e+00,-1.459422222105968947e+00,2.093676521101168309e+00,-2.972467152397977763e+00,-1.383072333409447019e+00,-3.332721354103153732e+00
1.304017369227797651e+00,-1.459400955847256709e+00,2.093662111305371720e+00,-2.972517571282759175e+00,-1.383289386725048420e+00,-3.332492179145392086e+00
1.304330086612116135e+00,-1.459379609649261500e+00,2.093647596518466436e+00,-2.972567912877290386e+00,-1.383506456350720226e+00,-3.332263013870868651e+00
1.304642815039938730e+00,-1.459358183309565682e+00,2.093632976459829820e+00,-2.972618176998771400e+00,-1.383723542519005534e+00,-3.332033858058994102e+00
1.304955554834495102e+00,-1.459336676625752283e+00,2.093618250848837903e+00,-2.972668363464401331e+00,-1.383940645462447661e+00,-3.331804711489177784e+00
1.305268306319014693e+00,-1.459315089395403442e+00,2.093603419404868937e+00,-2.972718472091381514e+00,-1.384157765413589036e+00,-3.331575573940829482e+00
1.305581069816726503e+00,-1.459293421416102410e+00,2.093588481847298510e+00,-2.972768502696911508e+00,-1.384374902604973201e+00,-3.331346445193360317e+00
1.305893845650860197e+00,-1.459271672485431992e+00,2.093573437895503986e+00,-2.972818455098191315e+00,-1.384592057269143028e+00,-3.331117325026179188e+00
1.306206634144645218e+00,-1.459249842400974551e+00,2.093558287268861395e+00,-2.972868329112421382e+00,-1.384809229638641170e+00,-3.330888213218696770e+00
1.306519435621311231e+00,-1.459227930960312891e+00,2.093543029686748547e+00,-2.972918124556802599e+00,-1.385026419946011611e+00,-3.330659109550321961e+00
1.306832250404087015e+00,-1.459205937961030042e+00,2.093527664868541915e+00,-2.972967841248534082e+00,-1.385243628423796558e+00,-3.330430013800466327e+00
1.307145078816202455e+00,-1.459183863200708364e+00,2.093512192533618421e+00,-2.973017479004817165e+00,-1.385460855304539329e+00,-3.330200925748538765e+00
1.307457921180886773e+00,-1.459161706476930442e+00,2.093496612401354096e+00,-2.973067037642850519e+00,-1.385678100820783021e+00,-3.329971845173949063e+00
1.307770777821370078e+00,-1.459139467587279526e+00,2.093480924191125858e+00,-2.973116516979835477e+00,-1.385895365205070284e+00,-3.329742771856107897e+00
1.308083649060880260e+00,-1.459117146329337977e+00,2.093465127622311961e+00,-2.973165916832972044e+00,-1.386112648689944882e+00,-3.329513705574424165e+00
1.308396535222647872e+00,-1.459094742500688824e+00,2.093449222414287547e+00,-2.973215237019460222e+00,-1.386329951507948799e+00,-3.329284646108309431e+00
1.308709436629902356e+00,-1.459072255898914428e+00,2.093433208286430425e+00,-2.973264477356500457e+00,-1.386547273891626020e+00,-3.329055593237172594e+00
1.309022353605873157e+00,-1.459049686321597594e+00,2.093417084958116181e+00,-2.973313637661293196e+00,-1.386764616073519196e+00,-3.328826546740423442e+00
1.309335286473788829e+00,-1.459027033566321352e+00,2.093400852148723068e+00,-2.973362717751037554e+00,-1.386981978286171646e+00,-3.328597506397472650e+00
1.309648235556879481e+00,-1.459004297430667840e+00,2.093384509577627117e+00,-2.973411717442934421e+00,-1.387199360762125577e+00,-3.328368471987730004e+00
1.309961201178374557e+00,-1.458981477712220309e+00,2.093368056964205248e+00,-2.973460636554184244e+00,-1.387416763733925196e+00,-3.328139443290605737e+00
1.310274183661503056e+00,-1.458958574208561343e+00,2.093351494027834825e+00,-2.973509474901987026e+00,-1.387634187434112709e+00,-3.327910420085508303e+00
1.310587183329494643e+00,-1.458935586717273525e+00,2.093334820487890990e+00,-2.973558232303542326e+00,-1.387851632095231214e+00,-3.327681402151850154e+00
1.310900200505578983e+00,-1.458912515035939883e+00,2.093318036063752441e+00,-2.973606908576051477e+00,-1.388069097949824027e+00,-3.327452389269039301e+00
1.311213235512984854e+00,-1.458889358962142779e+00,2.093301140474795208e+00,-2.973655503536713596e+00,-1.388286585230434245e+00,-3.327223381216485976e+00
1.311526288674942586e+00,-1.458866118293465020e+00,2.093284133440395323e+00,-2.973704017002729572e+00,-1.388504094169604297e+00,-3.326994377773600853e+00
1.311839360314680736e+00,-1.458842792827489188e+00,2.093267014679931037e+00,-2.973752448791299408e+00,-1.388721624999877724e+00,-3.326765378719793720e+00
1.312152450755428967e+00,-1.458819382361798533e+00,2.093249783912778383e+00,-2.973800798719623550e+00,-1.388939177953797621e+00,-3.326536383834473920e+00
1.312465560320416724e+00,-1.458795886693975419e+00,2.093232440858313836e+00,-2.973849066604901559e+00,-1.389156753263906863e+00,-3.326307392897052129e+00
1.312778689332873450e+00,-1.458772305621602650e+00,2.093214985235914760e+00,-2.973897252264334323e+00,-1.389374351162748544e+00,-3.326078405686938133e+00
1.313091838116028809e+00,-1.458748638942262810e+00,2.093197416764957630e+00,-2.973945355515120959e+00,-1.389591971882865762e+00,-3.325849421983541720e+00
1.313405006993111579e+00,-1.458724886453538705e+00,2.093179735164819366e+00,-2.973993376174462799e+00,-1.389809615656801167e+00,-3.325620441566272678e+00
1.313718196287351869e+00,-1.458701047953013141e+00,2.093161940154877332e+00,-2.974041314059559848e+00,-1.390027282717098078e+00,-3.325391464214542570e+00
1.314031406321978901e+00,-1.458677123238268702e+00,2.093144031454507559e+00,-2.974089168987612108e+00,-1.390244973296299369e+00,-3.325162489707758073e+00
1.314344637420221895e+00,-1.458653112106887972e+00,2.093126008783086522e+00,-2.974136940775820026e+00,-1.390462687626948579e+00,-3.324933517825332530e+00
1.314657889905310073e+00,-1.458629014356454201e+00,2.093107871859992475e+00,-2.974184629241383160e+00,-1.390680425941588139e+00,-3.324704548346674393e+00
1.314971164100458667e+00,-1.458604829784553525e+00,2.093089620404604556e+00,-2.974232234201502401e+00,-1.390898188472750707e+00,-3.324475581051203665e+00
1.315284460199597216e+00,-1.458580558221055368e+00,2.093071254174497575e+00,-2.974279755478505649e+00,-1.391115975361118862e+00,-3.324246615808907013e+00
1.315597777952449698e+00,-1.458556199606752202e+00,2.093052773058467597e+00,-2.974327192912335160e+00,-1.391333786431785624e+00,-3.324017652800947964e+00
1.315911117013411680e+00,-1.458531753906239015e+00,2.093034176973469940e+00,-2.974374546346712389e+00,-1.391551621442119302e+00,-3.323788692275267742e+00
1.316224477036878726e+00,-1.458507221084112571e+00,2.093015465836463473e+00,-2.974421815625359677e+00,-1.391769480149487759e+00,-3.323559734479806682e+00
1.316537857677246182e+00,-1.458482601104968523e+00,2.092996639564403960e+00,-2.974469000592000700e+00,-1.391987362311258636e+00,-3.323330779662506895e+00
1.316851258588909390e+00,-1.458457893933402749e+00,2.092977698074249826e+00,-2.974516101090355580e+00,-1.392205267684799574e+00,-3.323101828071310049e+00
1.317164679426264362e+00,-1.458433099534011568e+00,2.092958641282955945e+00,-2.974563116964147991e+00,-1.392423196027478660e+00,-3.322872879954157366e+00
1.317478119843706219e+00,-1.458408217871390411e+00,2.092939469107481631e+00,-2.974610048057099387e+00,-1.392641147096663534e+00,-3.322643935558990069e+00
1.317791579495630527e+00,-1.458383248910135599e+00,2.092920181464782647e+00,-2.974656894212933000e+00,-1.392859120649721838e+00,-3.322414995133751159e+00
1.318105058036432853e+00,-1.458358192614842563e+00,2.092900778271815643e+00,-2.974703655275369396e+00,-1.393077116444021879e+00,-3.322186058926380525e+00
1.318418555120509206e+00,-1.458333048950108068e+00,2.092881259445538600e+00,-2.974750331088132693e+00,-1.393295134236931299e+00,-3.321957127184820280e+00
1.318732070402254264e+00,-1.458307817880527102e+00,2.092861624902907280e+00,-2.974796921494943902e+00,-1.393513173785817294e+00,-3.321728200157012090e+00
1.319045603536063815e+00,-1.458282499370696650e+00,2.092841874560880555e+00,-2.974843426339525809e+00,-1.393731234848048173e+00,-3.321499278090896734e+00
1.319359154176333870e+00,-1.458257093385211478e+00,2.092822008336413742e+00,-2.974889845465600313e+00,-1.393949317180991576e+00,-3.321270361234417212e+00
1.319672721977459329e+00,-1.458231599888668573e+00,2.092802026146464378e+00,-2.974936178716889756e+00,-1.394167420542015590e+00,-3.321041449835513859e+00
1.319986306593835979e+00,-1.458206018845663587e+00,2.092781927907990003e+00,-2.974982425937116481e+00,-1.394385544688487855e+00,-3.320812544142127898e+00
1.320299907679859386e+00,-1.458180350220791954e+00,2.092761713537946822e+00,-2.975028586970002387e+00,-1.394603689377776012e+00,-3.320583644402201440e+00
1.320613524889925117e+00,-1.458154593978650437e+00,2.092741382953291929e+00,-2.975074661659270259e+00,-1.394821854367247926e+00,-3.320354750863676152e+00
1.320927157878428737e+00,-1.458128750083834246e+00,2.092720936070982862e+00,-2.975120649848641996e+00,-1.395040039414271460e+00,-3.320125863774493258e+00
1.321240806299765369e+00,-1.458102818500939923e+00,2.092700372807976716e+00,-2.975166551381839941e+00,-1.395258244276214254e+00,-3.319896983382593980e+00
1.321554469808330579e+00,-1.458076799194562678e+00,2.092679693081229697e+00,-2.975212366102585992e+00,-1.395476468710444840e+00,-3.319668109935919986e+00
1.321868148058520598e+00,-1.458050692129299497e+00,2.092658896807699342e+00,-2.975258093854603381e+00,-1.395694712474329746e+00,-3.319439243682413831e+00
1.322181840704730105e+00,-1.458024497269745368e+00,2.092637983904342303e+00,-2.975303734481613116e+00,-1.395912975325237504e+00,-3.319210384870015407e+00
1.322495547401355109e+00,-1.457998214580496610e+00,2.092616954288115672e+00,-2.975349287827338429e+00,-1.396131257020535976e+00,-3.318981533746667267e+00
1.322809267802790956e+00,-1.457971844026149100e+00,2.092595807875977432e+00,-2.975394753735500331e+00,-1.396349557317592582e+00,-3.318752690560310192e+00
1.323123001563433210e+00,-1.457945385571298935e+00,2.092574544584882457e+00,-2.975440132049822495e+00,-1.396567875973775630e+00,-3.318523855558886293e+00
1.323436748337677438e+00,-1.457918839180541770e+00,2.092553164331790061e+00,-2.975485422614025932e+00,-1.396786212746452538e+00,-3.318295028990336792e+00
1.323750507779918983e+00,-1.457892204818474147e+00,2.092531667033656007e+00,-2.975530625271833873e+00,-1.397004567392991392e+00,-3.318066211102603802e+00
1.324064279544553413e+00,-1.457865482449691275e+00,2.092510052607437387e+00,-2.975575739866968217e+00,-1.397222939670759390e+00,-3.317837402143627656e+00
1.324378063285976515e+00,-1.457838672038789696e+00,2.092488320970091742e+00,-2.975620766243150861e+00,-1.397441329337125060e+00,-3.317608602361350911e+00
1.324691858658583632e+00,-1.457811773550364842e+00,2.092466472038575276e+00,-2.975665704244104148e+00,-1.397659736149455822e+00,-3.317379812003713901e+00
1.325005665316770109e+00,-1.457784786949012812e+00,2.092444505729845972e+00,-2.975710553713550421e+00,-1.397878159865119541e+00,-3.317151031318659626e+00
1.325319482914931735e+00,-1.457757712199329925e+00,2.092422421960860035e+00,-2.975755314495212023e+00,-1.398096600241483856e+00,-3.316922260554128865e+00
1.325633311107464074e+00,-1.457730549265911613e+00,2.092400220648574116e+00,-2.975799986432811295e+00,-1.398315057035916853e+00,-3.316693499958062841e+00
1.325947149548762249e+00,-1.457703298113354196e+00,2.092377901709946197e+00,-2.975844569370071024e+00,-1.398533530005785952e+00,-3.316464749778403664e+00
1.326260997893222049e+00,-1.457675958706253549e+00,2.092355465061932929e+00,-2.975889063150711777e+00,-1.398752018908459460e+00,-3.316236010263092115e+00
1.326574855795239039e+00,-1.457648531009205550e+00,2.092332910621490960e+00,-2.975933467618456785e+00,-1.398970523501304575e+00,-3.316007281660070749e+00
1.326888722909208784e+00,-1.457621014986805852e+00,2.092310238305578274e+00,-2.975977782617027945e+00,-1.399189043541690047e+00,-3.315778564217279456e+00
1.327202598889526630e+00,-1.457593410603650774e+00,2.092287448031150632e+00,-2.976022007990148044e+00,-1.399407578786982631e+00,-3.315549858182661680e+00
1.327516483390587920e+00,-1.457565717824336193e+00,2.092264539715166460e+00,-2.976066143581539869e+00,-1.399626128994550411e+00,-3.315321163804157312e+00
1.327830376066788665e+00,-1.457537936613457985e+00,2.092241513274580633e+00,-2.976110189234923986e+00,-1.399844693921761252e+00,-3.315092481329708907e+00
1.328144276572524207e+00,-1.457510066935612247e+00,2.092218368626352465e+00,-2.976154144794023626e+00,-1.400063273325983459e+00,-3.314863811007257244e+00
1.328458184562189892e+00,-1.457482108755394856e+00,2.092195105687437273e+00,-2.976198010102560687e+00,-1.400281866964584232e+00,-3.314635153084744434e+00
1.328772099690181507e+00,-1.457454062037401910e+00,2.092171724374793040e+00,-2.976241785004258400e+00,-1.400500474594931211e+00,-3.314406507810111702e+00
1.329086021610894175e+00,-1.457425926746228617e+00,2.092148224605376416e+00,-2.976285469342837775e+00,-1.400719095974392703e+00,-3.314177875431300713e+00
1.329399949978724127e+00,-1.457397702846471743e+00,2.092124606296144496e+00,-2.976329062962021155e+00,-1.400937730860336128e+00,-3.313949256196252247e+00
1.329713884448065819e+00,-1.457369390302726941e+00,2.092100869364054372e+00,-2.976372565705531326e+00,-1.401156379010129571e+00,-3.313720650352909303e+00
1.330027824673315706e+00,-1.457340989079590088e+00,2.092077013726062695e+00,-2.976415977417090630e+00,-1.401375040181140452e+00,-3.313492058149212216e+00
1.330341770308868909e+00,-1.457312499141657502e+00,2.092053039299127004e+00,-2.976459297940420523e+00,-1.401593714130737300e+00,-3.313263479833102210e+00
1.330655721009120995e+00,-1.457283920453524617e+00,2.092028946000203504e+00,-2.976502527119243791e+00,-1.401812400616287091e+00,-3.313034915652521395e+00
1.330969676428467752e+00,-1.457255252979787530e+00,2.092004733746249734e+00,-2.976545664797282775e+00,-1.402031099395158131e+00,-3.312806365855411439e+00
1.331283636221304079e+00,-1.457226496685042338e+00,2.091980402454223231e+00,-2.976588710818259376e+00,-1.402249810224718063e+00,-3.312577830689714009e+00
1.331597600042026208e+00,-1.457197651533884919e+00,2.091955952041080202e+00,-2.976631665025896378e+00,-1.402468532862334527e+00,-3.312349310403369884e+00
1.331911567545029262e+00,-1.457168717490910925e+00,2.091931382423777741e+00,-2.976674527263915238e+00,-1.402687267065375609e+00,-3.312120805244320731e+00
1.332225538384708585e+00,-1.457139694520716899e+00,2.091906693519272498e+00,-2.976717297376038296e+00,-1.402906012591208729e+00,-3.311892315460508218e+00
1.332539512215460187e+00,-1.457110582587898051e+00,2.091881885244522898e+00,-2.976759975205988340e+00,-1.403124769197201971e+00,-3.311663841299874012e+00
1.332853488691679189e+00,-1.457081381657051367e+00,2.091856957516484261e+00,-2.976802560597487712e+00,-1.403343536640723199e+00,-3.311435383010359779e+00
1.333167467467761602e+00,-1.457052091692771834e+00,2.091831910252114124e+00,-2.976845053394258311e+00,-1.403562314679140277e+00,-3.311206940839906299e+00
1.333481448198102326e+00,-1.457022712659655550e+00,2.091806743368370913e+00,-2.976887453440021591e+00,-1.403781103069820402e+00,-3.310978515036456571e+00
1.333795430537097149e+00,-1.456993244522298836e+00,2.091781456782209503e+00,-2.976929760578501227e+00,-1.403999901570131881e+00,-3.310750105847950042e+00
1.334109414139141414e+00,-1.456963687245297345e+00,2.091756050410587875e+00,-2.976971974653417785e+00,-1.404218709937442577e+00,-3.310521713522328824e+00
1.334423398658631355e+00,-1.456934040793247176e+00,2.091730524170463124e+00,-2.977014095508495828e+00,-1.404437527929119911e+00,-3.310293338307535915e+00
1.334737383749961648e+00,-1.456904305130743982e+00,2.091704877978792343e+00,-2.977056122987455034e+00,-1.404656355302531745e+00,-3.310064980451510763e+00
1.335051369067528082e+00,-1.456874480222384305e+00,2.091679111752532183e+00,-2.977098056934019521e+00,-1.404875191815046387e+00,-3.309836640202196811e+00
1.335365354265726445e+00,-1.456844566032763355e+00,2.091653225408638850e+00,-2.977139897191910745e+00,-1.405094037224031256e+00,-3.309608317807534394e+00
1.335679338998952081e+00,-1.456814562526477674e+00,2.091627218864071214e+00,-2.977181643604851491e+00,-1.405312891286853993e+00,-3.309380013515464292e+00
1.335993322921600335e+00,-1.456784469668123139e+00,2.091601092035785037e+00,-2.977223296016563214e+00,-1.405531753760882463e+00,-3.309151727573929502e+00
1.336307305688066771e+00,-1.456754287422294958e+00,2.091574844840737857e+00,-2.977264854270768257e+00,-1.405750624403484750e+00,-3.308923460230871694e+00
1.336621286952747178e+00,-1.456724015753590118e+00,2.091548477195886768e+00,-2.977306318211188962e+00,-1.405969502972028273e+00,-3.308695211734230757e+00
1.336935266370037345e+00,-1.456693654626603829e+00,2.091521989018187533e+00,-2.977347687681548560e+00,-1.406188389223881341e+00,-3.308466982331949247e+00
1.337249243594331727e+00,-1.456663204005932410e+00,2.091495380224599021e+00,-2.977388962525567617e+00,-1.406407282916410928e+00,-3.308238772271968831e+00
1.337563218299939738e+00,-1.456632663858583587e+00,2.091468650736417079e+00,-2.977430142594408746e+00,-1.406626183820544052e+00,-3.308010581787113935e+00
1.337877190350847956e+00,-1.456602034174540483e+00,2.091441800516288918e+00,-2.977471227810093435e+00,-1.406845091836353534e+00,-3.307782410966224607e+00
1.338191159716104250e+00,-1.456571314956511820e+00,2.091414829549761212e+00,-2.977512218133894883e+00,-1.407064006935446310e+00,-3.307554259818384246e+00
1.338505126365872044e+00,-1.456540506207341323e+00,2.091387737822624437e+00,-2.977553113527500628e+00,-1.407282929090188706e+00,-3.307326128351833372e+00
1.338819090270314760e+00,-1.456509607929872718e+00,2.091360525320670405e+00,-2.977593913952598648e+00,-1.407501858272947048e+00,-3.307098016574809840e+00
1.339133051399595598e+00,-1.456478620126950174e+00,2.091333192029688703e+00,-2.977634619370878699e+00,-1.407720794456088109e+00,-3.306869924495551949e+00
1.339447009723877979e+00,-1.456447542801417194e+00,2.091305737935470699e+00,-2.977675229744028318e+00,-1.407939737611977771e+00,-3.306641852122299330e+00
1.339760965213324662e+00,-1.456416375956117504e+00,2.091278163023806869e+00,-2.977715745033735484e+00,-1.408158687712982360e+00,-3.306413799463290282e+00
1.340074917838099733e+00,-1.456385119593894828e+00,2.091250467280488134e+00,-2.977756165201689953e+00,-1.408377644731468425e+00,-3.306185766526763548e+00
1.340388867568366171e+00,-1.456353773717593336e+00,2.091222650691304974e+00,-2.977796490209579261e+00,-1.408596608639801850e+00,-3.305957753320958314e+00
1.340702814374287399e+00,-1.456322338330056754e+00,2.091194713242047865e+00,-2.977836720019092276e+00,-1.408815579410349628e+00,-3.305729759854112881e+00
1.341016758226026395e+00,-1.456290813434128584e+00,2.091166654918508172e+00,-2.977876854591916977e+00,-1.409034557015477862e+00,-3.305501786134465547e+00
1.341330699093746803e+00,-1.456259199032652774e+00,2.091138475706476374e+00,-2.977916893889742234e+00,-1.409253541427552436e+00,-3.305273832170256387e+00
1.341644636947611824e+00,-1.456227495128473048e+00,2.091110175591742504e+00,-2.977956837874256024e+00,-1.409472532618940122e+00,-3.305045897969722812e+00
1.341958571757784879e+00,-1.456195701724433578e+00,2.091081754560097927e+00,-2.977996686507147217e+00,-1.409691530562007244e+00,-3.304817983541104010e+00
1.342272503494429170e+00,-1.456163818823377420e+00,2.091053212597334010e+00,-2.978036439750104236e+00,-1.409910535229119688e+00,-3.304590088892639166e+00
1.342586432127707452e+00,-1.456131846428149190e+00,2.091024549689239898e+00,-2.978076097564815061e+00,-1.410129546592644667e+00,-3.304362214032566136e+00
1.342900357627784036e+00,-1.456099784541592390e+00,2.090995765821607844e+00,-2.978115659912969004e+00,-1.410348564624947398e+00,-3.304134358969124552e+00
1.343214279964821678e+00,-1.456067633166550745e+00,2.090966860980227437e+00,-2.978155126756254045e+00,-1.410567589298395097e+00,-3.303906523710552712e+00
1.343528199108983801e+00,-1.456035392305867759e+00,2.090937835150890489e+00,-2.978194498056358164e+00,-1.410786620585353424e+00,-3.303678708265089803e+00
1.343842115030433604e+00,-1.456003061962387823e+00,2.090908688319386144e+00,-2.978233773774970228e+00,-1.411005658458189593e+00,-3.303450912640973680e+00
1.344156027699334510e+00,-1.455970642138954219e+00,2.090879420471505767e+00,-2.978272953873778661e+00,-1.411224702889268823e+00,-3.303223136846443531e+00
1.344469937085849942e+00,-1.455938132838411114e+00,2.090850031593041169e+00,-2.978312038314471888e+00,-1.411443753850958327e+00,-3.302995380889738097e+00
1.344783843160142878e+00,-1.455905534063602236e+00,2.090820521669781940e+00,-2.978351027058738776e+00,-1.411662811315623989e+00,-3.302767644779097012e+00
1.345097745892376961e+00,-1.455872845817371086e+00,2.090790890687518999e+00,-2.978389920068266417e+00,-1.411881875255631913e+00,-3.302539928522756796e+00
1.345411645252715171e+00,-1.455840068102561835e+00,2.090761138632042826e+00,-2.978428717304745010e+00,-1.412100945643349537e+00,-3.302312232128958858e+00
1.345725541211321152e+00,-1.455807200922017985e+00,2.090731265489144786e+00,-2.978467418729862093e+00,-1.412320022451141854e+00,-3.302084555605939720e+00
1.346039433738358326e+00,-1.455774244278583707e+00,2.090701271244615800e+00,-2.978506024305306088e+00,-1.412539105651375859e+00,-3.301856898961940345e+00
1.346353322803989006e+00,-1.455741198175102502e+00,2.090671155884245458e+00,-2.978544533992765420e+00,-1.412758195216417656e+00,-3.301629262205197257e+00
1.346667208378377723e+00,-1.455708062614418097e+00,2.090640919393824682e+00,-2.978582947753928512e+00,-1.412977291118634016e+00,-3.301401645343950086e+00
1.346981090431687456e+00,-1.455674837599374438e+00,2.090610561759144836e+00,-2.978621265550484232e+00,-1.413196393330390599e+00,-3.301174048386438020e+00
1.347294968934080961e+00,-1.455641523132815474e+00,2.090580082965996844e+00,-2.978659487344120560e+00,-1.413415501824054177e+00,-3.300946471340898913e+00
1.347608843855722105e+00,-1.455608119217584484e+00,2.090549483000170294e+00,-2.978697613096525920e+00,-1.413634616571991076e+00,-3.300718914215572397e+00
1.347922715166773866e+00,-1.455574625856525861e+00,2.090518761847456108e+00,-2.978735642769389624e+00,-1.413853737546567402e+00,-3.300491377018696326e+00
1.348236582837399888e+00,-1.455541043052483330e+00,2.090487919493646096e+00,-2.978773576324399208e+00,-1.414072864720149703e+00,-3.300263859758510776e+00
1.348550446837763372e+00,-1.455507370808300394e+00,2.090456955924530735e+00,-2.978811413723242651e+00,-1.414291998065103861e+00,-3.300036362443252269e+00
1.348864307138027074e+00,-1.455473609126820778e+00,2.090425871125899615e+00,-2.978849154927610154e+00,-1.414511137553797093e+00,-3.299808885081162213e+00
1.349178163708355305e+00,-1.455439758010888651e+00,2.090394665083544101e+00,-2.978886799899187920e+00,-1.414730283158594837e+00,-3.299581427680477574e+00
1.349492016518910820e+00,-1.455405817463347518e+00,2.090363337783255115e+00,-2.978924348599666594e+00,-1.414949434851863863e+00,-3.299353990249437540e+00
1.349805865539857042e+00,-1.455371787487041546e+00,2.090331889210823135e+00,-2.978961800990732822e+00,-1.415168592605970277e+00,-3.299126572796280854e+00
1.350119710741356727e+00,-1.455337668084814240e+00,2.090300319352039082e+00,-2.978999157034076362e+00,-1.415387756393280627e+00,-3.298899175329246258e+00
1.350433552093573963e+00,-1.455303459259509324e+00,2.090268628192693434e+00,-2.979036416691384748e+00,-1.415606926186161019e+00,-3.298671797856572940e+00
1.350747389566671730e+00,-1.455269161013970303e+00,2.090236815718577112e+00,-2.979073579924346404e+00,-1.415826101956978222e+00,-3.298444440386498755e+00
1.351061223130813449e+00,-1.455234773351041788e+00,2.090204881915481039e+00,-2.979110646694651088e+00,-1.416045283678097899e+00,-3.298217102927262889e+00
1.351375052756162098e+00,-1.455200296273567284e+00,2.090172826769194803e+00,-2.979147616963985890e+00,-1.416264471321886598e+00,-3.297989785487104086e+00
1.351688878412881545e+00,-1.455165729784390294e+00,2.090140650265510214e+00,-2.979184490694039678e+00,-1.416483664860711311e+00,-3.297762488074261533e+00
1.352002700071134544e+00,-1.455131073886354987e+00,2.090108352390217306e+00,-2.979221267846500432e+00,-1.416702864266937478e+00,-3.297535210696972641e+00
1.352316517701084742e+00,-1.455096328582304865e+00,2.090075933129107888e+00,-2.979257948383057464e+00,-1.416922069512931648e+00,-3.297307953363477928e+00
1.352630331272895114e+00,-1.455061493875083656e+00,2.090043392467971550e+00,-2.979294532265398310e+00,-1.417141280571060369e+00,-3.297080716082015250e+00
1.352944140756729530e+00,-1.455026569767535527e+00,2.090010730392599214e+00,-2.979331019455212726e+00,-1.417360497413689968e+00,-3.296853498860822906e+00
1.353257946122750743e+00,-1.454991556262504204e+00,2.089977946888782245e+00,-2.979367409914187359e+00,-1.417579720013186551e+00,-3.296626301708140527e+00
1.353571747341122622e+00,-1.454956453362833191e+00,2.089945041942311565e+00,-2.979403703604012410e+00,-1.417798948341916665e+00,-3.296399124632205968e+00
1.353885544382007700e+00,-1.454921261071366434e+00,2.089912015538975876e+00,-2.979439900486375414e+00,-1.418018182372246416e+00,-3.296171967641258416e+00
1.354199337215569843e+00,-1.454885979390947659e+00,2.089878867664568318e+00,-2.979476000522964352e+00,-1.418237422076542131e+00,-3.295944830743536613e+00
1.354513125811972474e+00,-1.454850608324421035e+00,2.089845598304877594e+00,-2.979512003675468979e+00,-1.418456667427170803e+00,-3.295717713947279304e+00
1.354826910141378571e+00,-1.454815147874629844e+00,2.089812207445696401e+00,-2.979547909905576386e+00,-1.418675918396498092e+00,-3.295490617260725230e+00
1.355140690173951556e+00,-1.454779598044418254e+00,2.089778695072813441e+00,-2.979583719174974998e+00,-1.418895174956890104e+00,-3.295263540692113580e+00
1.355454465879854409e+00,-1.454743958836629769e+00,2.089745061172020524e+00,-2.979619431445355016e+00,-1.419114437080713609e+00,-3.295036484249682207e+00
1.355768237229250994e+00,-1.454708230254108559e+00,2.089711305729108570e+00,-2.979655046678403085e+00,-1.419333704740334934e+00,-3.294809447941670300e+00
1.356082004192304513e+00,-1.454672412299698125e+00,2.089677428729868058e+00,-2.979690564835808519e+00,-1.419552977908120184e+00,-3.294582431776316600e+00
1.356395766739178166e+00,-1.454636504976242417e+00,2.089643430160089466e+00,-2.979725985879260186e+00,-1.419772256556435908e+00,-3.294355435761859852e+00
1.356709524840034709e+00,-1.454600508286584937e+00,2.089609310005563714e+00,-2.979761309770445177e+00,-1.419991540657648210e+00,-3.294128459906539241e+00
1.357023278465038674e+00,-1.454564422233569854e+00,2.089575068252080836e+00,-2.979796536471052804e+00,-1.420210830184123640e+00,-3.293901504218592180e+00
1.357337027584352152e+00,-1.454528246820040671e+00,2.089540704885433531e+00,-2.979831665942771490e+00,-1.420430125108228525e+00,-3.293674568706259187e+00
1.357650772168139230e+00,-1.454491982048841781e+00,2.089506219891410055e+00,-2.979866698147289217e+00,-1.420649425402329191e+00,-3.293447653377777229e+00
1.357964512186562889e+00,-1.454455627922816241e+00,2.089471613255802218e+00,-2.979901633046294851e+00,-1.420868731038791521e+00,-3.293220758241386381e+00
1.358278247609786549e+00,-1.454419184444808000e+00,2.089436884964400942e+00,-2.979936470601476817e+00,-1.421088041989982509e+00,-3.292993883305324498e+00
1.358591978407973411e+00,-1.454382651617661226e+00,2.089402035002996705e+00,-2.979971210774523538e+00,-1.421307358228267814e+00,-3.292767028577831212e+00
1.358905704551287119e+00,-1.454346029444219424e+00,2.089367063357380427e+00,-2.980005853527123438e+00,-1.421526679726014208e+00,-3.292540194067144377e+00
1.359219426009890208e+00,-1.454309317927326317e+00,2.089331970013342143e+00,-2.980040398820964498e+00,-1.421746006455588462e+00,-3.292313379781503624e+00
1.359533142753946766e+00,-1.454272517069826076e+00,2.089296754956674107e+00,-2.980074846617735584e+00,-1.421965338389356015e+00,-3.292086585729146808e+00
1.359846854753619994e+00,-1.454235626874562204e+00,2.089261418173165463e+00,-2.980109196879125566e+00,-1.422184675499683415e+00,-3.291859811918313117e+00
1.360160561979072869e+00,-1.454198647344378426e+00,2.089225959648606690e+00,-2.980143449566821978e+00,-1.422404017758936989e+00,-3.291633058357241737e+00
1.360474264400468591e+00,-1.454161578482118911e+00,2.089190379368789596e+00,-2.980177604642514133e+00,-1.422623365139483509e+00,-3.291406325054170079e+00
1.360787962003293217e+00,-1.454124420291069697e+00,2.089154677321064746e+00,-2.980211662072638212e+00,-1.422842717624232423e+00,-3.291179612005927346e+00
1.361101655023741142e+00,-1.454087172781757475e+00,2.089118853518299179e+00,-2.980245621901327358e+00,-1.423062075368618062e+00,-3.290952919022621881e+00
1.361415343902601549e+00,-1.454049835970618654e+00,2.089082907994185057e+00,-2.980279484236119103e+00,-1.423281438668862586e+00,-3.290726245761990132e+00
1.361729029086639731e+00,-1.454012409874261280e+00,2.089046840783022496e+00,-2.980313249186403723e+00,-1.423500807825302195e+00,-3.290499591877317442e+00
1.362042711022623642e+00,-1.453974894509293625e+00,2.089010651919112949e+00,-2.980346916861569717e+00,-1.423720183138273976e+00,-3.290272957021886935e+00
1.362356390157318575e+00,-1.453937289892324403e+00,2.088974341436756976e+00,-2.980380487371008691e+00,-1.423939564908113908e+00,-3.290046340848984840e+00
1.362670066937491598e+00,-1.453899596039961883e+00,2.088937909370254253e+00,-2.980413960824110475e+00,-1.424158953435158415e+00,-3.289819743011894726e+00
1.362983741809909333e+00,-1.453861812968814782e+00,2.088901355753904454e+00,-2.980447337330264901e+00,-1.424378349019744583e+00,-3.289593163163901046e+00
1.363297415221338182e+00,-1.453823940695491146e+00,2.088864680622009917e+00,-2.980480616998861354e+00,-1.424597751962208170e+00,-3.289366600958288256e+00
1.363611087618544992e+00,-1.453785979236599690e+00,2.088827884008870317e+00,-2.980513799939290109e+00,-1.424817162562885597e+00,-3.289140056048340810e+00
1.363924759448295942e+00,-1.453747928608748907e+00,2.088790965948785772e+00,-2.980546886260941886e+00,-1.425036581122113954e+00,-3.288913528087343607e+00
1.364238431157357656e+00,-1.453709788828546623e+00,2.088753926476056844e+00,-2.980579876073206069e+00,-1.425256007940229219e+00,-3.288687016728580659e+00
1.364552103192496757e+00,-1.453671559912601996e+00,2.088716765624984983e+00,-2.980612769485473379e+00,-1.425475443317568036e+00,-3.288460521625335975e+00
1.364865776000479869e+00,-1.453633241877522853e+00,2.088679483429869421e+00,-2.980645566607132757e+00,-1.425694887554466828e+00,-3.288234042430895343e+00
1.365179450028073616e+00,-1.453594834739917907e+00,2.088642079925010719e+00,-2.980678267547574922e+00,-1.425914340951261350e+00,-3.288007578798541886e+00
1.365493125722043954e+00,-1.453556338516395874e+00,2.088604555144709884e+00,-2.980710872416189261e+00,-1.426133803808289358e+00,-3.287781130381560946e+00
1.365806803529158175e+00,-1.453517753223564579e+00,2.088566909123267479e+00,-2.980743381322366936e+00,-1.426353276425886607e+00,-3.287554696833236978e+00
1.366120483896182458e+00,-1.453479078878032738e+00,2.088529141894983177e+00,-2.980775794375496890e+00,-1.426572759104389521e+00,-3.287328277806853549e+00
1.366434167269883426e+00,-1.453440315496408619e+00,2.088491253494158872e+00,-2.980808111684969397e+00,-1.426792252144134521e+00,-3.287101872955696003e+00
1.366747854097027703e+00,-1.453401463095301160e+00,2.088453243955093352e+00,-2.980840333360175620e+00,-1.427011755845458252e+00,-3.286875481933048349e+00
1.367061544824381469e+00,-1.453362521691318188e+00,2.088415113312088067e+00,-2.980872459510503614e+00,-1.427231270508697136e+00,-3.286649104392195486e+00
1.367375239898712014e+00,-1.453323491301068415e+00,2.088376861599443135e+00,-2.980904490245344984e+00,-1.427450796434187819e+00,-3.286422739986420982e+00
1.367688939766785072e+00,-1.453284371941160336e+00,2.088338488851459562e+00,-2.980936425674088674e+00,-1.427670333922266055e+00,-3.286196388369010624e+00
1.368002644875367713e+00,-1.453245163628202219e+00,2.088299995102437023e+00,-2.980968265906125403e+00,-1.427889883273269156e+00,-3.285970049193247977e+00
1.368316355671226114e+00,-1.453205866378802336e+00,2.088261380386676525e+00,-2.981000011050845000e+00,-1.428109444787532656e+00,-3.285743722112417498e+00
1.368630072601127123e+00,-1.453166480209569178e+00,2.088222644738478628e+00,-2.981031661217637296e+00,-1.428329018765394087e+00,-3.285517406779804084e+00
1.368943796111837363e+00,-1.453127005137111460e+00,2.088183788192143009e+00,-2.981063216515892123e+00,-1.428548605507189206e+00,-3.285291102848691747e+00
1.369257526650122792e+00,-1.453087441178037675e+00,2.088144810781971117e+00,-2.981094677055000197e+00,-1.428768205313254214e+00,-3.285064809972365385e+00
1.369571264662750698e+00,-1.453047788348955649e+00,2.088105712542263070e+00,-2.981126042944351351e+00,-1.428987818483926642e+00,-3.284838527804109010e+00
1.369885010596487263e+00,-1.453008046666474540e+00,2.088066493507318988e+00,-2.981157314293334970e+00,-1.429207445319542025e+00,-3.284612255997207075e+00
1.370198764898099109e+00,-1.452968216147201952e+00,2.088027153711439876e+00,-2.981188491211341773e+00,-1.429427086120436785e+00,-3.284385994204944481e+00
1.370512528014352860e+00,-1.452928296807747044e+00,2.087987693188925853e+00,-2.981219573807761591e+00,-1.429646741186948011e+00,-3.284159742080605238e+00
1.370826300392014474e+00,-1.452888288664717864e+00,2.087948111974077481e+00,-2.981250562191984255e+00,-1.429866410819411238e+00,-3.283933499277474244e+00
1.371140082477851685e+00,-1.452848191734723127e+00,2.087908410101195322e+00,-2.981281456473399594e+00,-1.430086095318163997e+00,-3.283707265448835955e+00
1.371453874718629784e+00,-1.452808006034370658e+00,2.087868587604579496e+00,-2.981312256761398327e+00,-1.430305794983542267e+00,-3.283481040247974825e+00
1.371767677561116283e+00,-1.452767731580269617e+00,2.087828644518530563e+00,-2.981342963165369842e+00,-1.430525510115882248e+00,-3.283254823328174865e+00
1.372081491452077140e+00,-1.452727368389027829e+00,2.087788580877349531e+00,-2.981373575794704855e+00,-1.430745241015520586e+00,-3.283028614342720974e+00
1.372395316838279200e+00,-1.452686916477254009e+00,2.087748396715336519e+00,-2.981404094758792311e+00,-1.430964987982793923e+00,-3.282802412944897608e+00
1.372709154166488865e+00,-1.452646375861556649e+00,2.087708092066792087e+00,-2.981434520167023372e+00,-1.431184751318038462e+00,-3.282576218787988331e+00
1.373023003883472981e+00,-1.452605746558544242e+00,2.087667666966016355e+00,-2.981464852128787424e+00,-1.431404531321590845e+00,-3.282350031525278933e+00
1.373336866435997283e+00,-1.452565028584825058e+00,2.087627121447309886e+00,-2.981495090753474297e+00,-1.431624328293787052e+00,-3.282123850810052534e+00
1.373650742270829284e+00,-1.452524221957007144e+00,2.087586455544973685e+00,-2.981525236150474267e+00,-1.431844142534964393e+00,-3.281897676295594923e+00
1.373964631834734718e+00,-1.452483326691699439e+00,2.087545669293306982e+00,-2.981555288429177608e+00,-1.432063974345458623e+00,-3.281671507635190110e+00
1.374278535574481097e+00,-1.452442342805510211e+00,2.087504762726612118e+00,-2.981585247698973706e+00,-1.432283824025606389e+00,-3.281445344482122106e+00
1.374592453936833936e+00,-1.452401270315047954e+00,2.087463735879187876e+00,-2.981615114069253281e+00,-1.432503691875744334e+00,-3.281219186489675810e+00
1.374906387368560745e+00,-1.452360109236920938e+00,2.087422588785336153e+00,-2.981644887649406162e+00,-1.432723578196208658e+00,-3.280993033311135676e+00
1.375220336316427261e+00,-1.452318859587737876e+00,2.087381321479355734e+00,-2.981674568548821735e+00,-1.432943483287335784e+00,-3.280766884599786160e+00
1.375534301227200107e+00,-1.452277521384106818e+00,2.087339933995548513e+00,-2.981704156876891609e+00,-1.433163407449462357e+00,-3.280540740008911271e+00
1.375848282547646573e+00,-1.452236094642636255e+00,2.087298426368214166e+00,-2.981733652743003837e+00,-1.433383350982924798e+00,-3.280314599191796354e+00
1.376162280724532616e+00,-1.452194579379935124e+00,2.087256798631653698e+00,-2.981763056256549582e+00,-1.433603314188059752e+00,-3.280088461801724531e+00
1.376476296204624861e+00,-1.452152975612611030e+00,2.087215050820167228e+00,-2.981792367526918675e+00,-1.433823297365203198e+00,-3.279862327491981144e+00
1.376790329434689930e+00,-1.452111283357273130e+00,2.087173182968055762e+00,-2.981821586663500501e+00,-1.434043300814691779e+00,-3.279636195915851093e+00
1.377104380861494004e+00,-1.452069502630529474e+00,2.087131195109618531e+00,-2.981850713775686224e+00,-1.434263324836862141e+00,-3.279410066726617945e+00
1.377418450931804372e+00,-1.452027633448988331e+00,2.087089087279156985e+00,-2.981879748972865229e+00,-1.434483369732050928e+00,-3.279183939577567042e+00
1.377732540092386992e+00,-1.451985675829258415e+00,2.087046859510971242e+00,-2.981908692364427349e+00,-1.434703435800593674e+00,-3.278957814121982395e+00
1.378046648790008488e+00,-1.451943629787948220e+00,2.087004511839362753e+00,-2.981937544059763301e+00,-1.434923523342827911e+00,-3.278731690013147571e+00
1.378360777471435705e+00,-1.451901495341665571e+00,2.086962044298630303e+00,-2.981966304168262027e+00,-1.435143632659089175e+00,-3.278505566904348800e+00
1.378674926583435045e+00,-1.451859272507020071e+00,2.086919456923075344e+00,-2.981994972799315136e+00,-1.435363764049714552e+00,-3.278279444448868762e+00
1.378989096572772910e+00,-1.451816961300619102e+00,2.086876749746998883e+00,-2.982023550062310679e+00,-1.435583917815040467e+00,-3.278053322299993244e+00
1.379303287886215701e+00,-1.451774561739071157e+00,2.086833922804700592e+00,-2.982052036066640266e+00,-1.435804094255403118e+00,-3.277827200111005812e+00
1.379617500970530486e+00,-1.451732073838985171e+00,2.086790976130480146e+00,-2.982080430921692837e+00,-1.436024293671139151e+00,-3.277601077535192253e+00
1.379931736272483445e+00,-1.451689497616969193e+00,2.086747909758639885e+00,-2.982108734736859113e+00,-1.436244516362584989e+00,-3.277374954225835690e+00
1.380245994238841423e+00,-1.451646833089631938e+00,2.086704723723479038e+00,-2.982136947621528922e+00,-1.436464762630076830e+00,-3.277148829836221022e+00
1.380560275316370600e+00,-1.451604080273581676e+00,2.086661418059298168e+00,-2.982165069685092096e+00,-1.436685032773951320e+00,-3.276922704019632704e+00
1.380874579951837600e+00,-1.451561239185426677e+00,2.086617992800398280e+00,-2.982193101036938909e+00,-1.436905327094544882e+00,-3.276696576429354746e+00
1.381188908592009268e+00,-1.451518309841775434e+00,2.086574447981079494e+00,-2.982221041786459637e+00,-1.437125645892194381e+00,-3.276470446718672935e+00
1.381503261683651784e+00,-1.451475292259236438e+00,2.086530783635641928e+00,-2.982248892043043220e+00,-1.437345989467235574e+00,-3.276244314540869951e+00
1.381817639673531994e+00,-1.451432186454418183e+00,2.086486999798386588e+00,-2.982276651916081267e+00,-1.437566358120005106e+00,-3.276018179549231579e+00
1.382132043008416300e+00,-1.451388992443928938e+00,2.086443096503614036e+00,-2.982304321514961831e+00,-1.437786752150840064e+00,-3.275792041397042276e+00
1.382446472135071325e+00,-1.451345710244377640e+00,2.086399073785623948e+00,-2.982331900949076520e+00,-1.438007171860075983e+00,-3.275565899737585607e+00
1.382760927500263248e+00,-1.451302339872371894e+00,2.086354931678717772e+00,-2.982359390327815163e+00,-1.438227617548049730e+00,-3.275339754224146471e+00
1.383075409550759138e+00,-1.451258881344520635e+00,2.086310670217195629e+00,-2.982386789760567147e+00,-1.438448089515098172e+00,-3.275113604510009768e+00
1.383389918733325397e+00,-1.451215334677431912e+00,2.086266289435358079e+00,-2.982414099356722748e+00,-1.438668588061556841e+00,-3.274887450248459952e+00
1.383704455494728425e+00,-1.451171699887714439e+00,2.086221789367504797e+00,-2.982441319225672682e+00,-1.438889113487763050e+00,-3.274661291092780147e+00
1.384019020281735068e+00,-1.451127976991976709e+00,2.086177170047937235e+00,-2.982468449476805894e+00,-1.439109666094052775e+00,-3.274435126696256582e+00
1.384333613541111507e+00,-1.451084166006827436e+00,2.086132431510955065e+00,-2.982495490219512657e+00,-1.439330246180762662e+00,-3.274208956712171936e+00
1.384648235719624143e+00,-1.451040266948874224e+00,2.086087573790859295e+00,-2.982522441563183246e+00,-1.439550854048229134e+00,-3.273982780793812442e+00
1.384962887264040488e+00,-1.450996279834726010e+00,2.086042596921950043e+00,-2.982549303617207048e+00,-1.439771489996788612e+00,-3.273756598594461664e+00
1.385277568558616279e+00,-1.450952204700279191e+00,2.085997500964281048e+00,-2.982576076506608942e+00,-1.439992154281559911e+00,-3.273530409809588537e+00
1.385592279482632527e+00,-1.450908041737245524e+00,2.085952286185941862e+00,-2.982602760482701232e+00,-1.440212846792375601e+00,-3.273304214475437401e+00
1.385907019671047458e+00,-1.450863791212725129e+00,2.085906952955677074e+00,-2.982629355857901565e+00,-1.440433567242332957e+00,-3.273078012793133595e+00
1.386221788757225015e+00,-1.450819453394309733e+00,2.085861501642888971e+00,-2.982655862945026382e+00,-1.440654315343375513e+00,-3.272851804964875821e+00
1.386536586374528479e+00,-1.450775028549591505e+00,2.085815932616978952e+00,-2.982682282056889900e+00,-1.440875090807446801e+00,-3.272625591192864114e+00
1.386851412156321128e+00,-1.450730516946162396e+00,2.085770246247350190e+00,-2.982708613506310780e+00,-1.441095893346489909e+00,-3.272399371679298952e+00
1.387166265735966908e+00,-1.450685918851614797e+00,2.085724442903402309e+00,-2.982734857606102352e+00,-1.441316722672448147e+00,-3.272173146626379925e+00
1.387481146746829319e+00,-1.450641234533540214e+00,2.085678522954538927e+00,-2.982761014669082389e+00,-1.441537578497265271e+00,-3.271946916236306624e+00
1.387796054822271641e+00,-1.450596464259531260e+00,2.085632486770160998e+00,-2.982787085008066885e+00,-1.441758460532884811e+00,-3.271720680711279527e+00
1.388110989595657596e+00,-1.450551608297179440e+00,2.085586334719670365e+00,-2.982813068935870060e+00,-1.441979368491249858e+00,-3.271494440253498226e+00
1.388425950700350464e+00,-1.450506666914076481e+00,2.085540067172470202e+00,-2.982838966765308797e+00,-1.442200302084303498e+00,-3.271268195065162310e+00
1.388740937769713968e+00,-1.450461640377815664e+00,2.085493684497960132e+00,-2.982864778809199979e+00,-1.442421261023990153e+00,-3.271041945348472257e+00
1.389055950437111386e+00,-1.450416528955987827e+00,2.085447187065544217e+00,-2.982890505380358270e+00,-1.442642245022252023e+00,-3.270815691305627215e+00
1.389370988335906443e+00,-1.450371332916185585e+00,2.085400575244622523e+00,-2.982916146791600553e+00,-1.442863253791033307e+00,-3.270589433138828106e+00
1.389686051099462860e+00,-1.450326052526000886e+00,2.085353849404598225e+00,-2.982941703355741936e+00,-1.443084287042277092e+00,-3.270363171050274520e+00
1.390001138361143918e+00,-1.450280688053025679e+00,2.085307009914872278e+00,-2.982967175385598413e+00,-1.443305344487927355e+00,-3.270136905242164715e+00
1.390316249754313338e+00,-1.450235239764851913e+00,2.085260057144846524e+00,-2.982992563193987312e+00,-1.443526425839926741e+00,-3.269910635916700947e+00
1.390631384912334179e+00,-1.450189707929071758e+00,2.085212991463923693e+00,-2.983017867093722852e+00,-1.443747530810218782e+00,-3.269684363276082362e+00
1.390946543468570384e+00,-1.450144092813276941e+00,2.085165813241504740e+00,-2.983043087397622362e+00,-1.443968659110747232e+00,-3.269458087522508549e+00
1.391261725056385457e+00,-1.450098394685059855e+00,2.085118522846991507e+00,-2.983068224418500947e+00,-1.444189810453455181e+00,-3.269231808858179544e+00
1.391576929309142896e+00,-1.450052613812012448e+00,2.085071120649786724e+00,-2.983093278469174603e+00,-1.444410984550286381e+00,-3.269005527485294493e+00
1.391892155860205760e+00,-1.450006750461726890e+00,2.085023607019291347e+00,-2.983118249862459326e+00,-1.444632181113183700e+00,-3.268779243606054319e+00
1.392207404342938215e+00,-1.449960804901795131e+00,2.084975982324907662e+00,-2.983143138911171999e+00,-1.444853399854091114e+00,-3.268552957422659055e+00
1.392522674390703319e+00,-1.449914777399808896e+00,2.084928246936037510e+00,-2.983167945928127285e+00,-1.445074640484951933e+00,-3.268326669137307405e+00
1.392837965636865016e+00,-1.449868668223360357e+00,2.084880401222082291e+00,-2.983192671226141623e+00,-1.445295902717709025e+00,-3.268100378952200735e+00
1.393153277714786364e+00,-1.449822477640041685e+00,2.084832445552444735e+00,-2.983217315118031454e+00,-1.445517186264306586e+00,-3.267874087069537747e+00
1.393468610257831308e+00,-1.449776205917444605e+00,2.084784380296525352e+00,-2.983241877916611884e+00,-1.445738490836687262e+00,-3.267647793691518476e+00
1.393783962899363349e+00,-1.449729853323161732e+00,2.084736205823727317e+00,-2.983266359934698908e+00,-1.445959816146795029e+00,-3.267421499020343845e+00
1.394099335272745765e+00,-1.449683420124784794e+00,2.084687922503451585e+00,-2.983290761485108966e+00,-1.446181161906573198e+00,-3.267195203258212999e+00
1.394414727011342059e+00,-1.449636906589905516e+00,2.084639530705100885e+00,-2.983315082880658498e+00,-1.446402527827964857e+00,-3.266968906607325529e+00
1.394730137748515952e+00,-1.449590312986116292e+00,2.084591030798075728e+00,-2.983339324434162165e+00,-1.446623913622913760e+00,-3.266742609269881914e+00
1.395045567117630947e+00,-1.449543639581009069e+00,2.084542423151778845e+00,-2.983363486458437297e+00,-1.446845319003362995e+00,-3.266516311448081300e+00
1.395361014752050544e+00,-1.449496886642175797e+00,2.084493708135612966e+00,-2.983387569266298556e+00,-1.447066743681256096e+00,-3.266290013344124610e+00
1.395676480285137799e+00,-1.449450054437208424e+00,2.084444886118977713e+00,-2.983411573170562825e+00,-1.447288187368536594e+00,-3.266063715160210990e+00
1.395991963350257103e+00,-1.449403143233699121e+00,2.084395957471276706e+00,-2.983435498484045656e+00,-1.447509649777147800e+00,-3.265837417098540474e+00
1.396307463580771513e+00,-1.449356153299240058e+00,2.084346922561911342e+00,-2.983459345519563488e+00,-1.447731130619033246e+00,-3.265611119361313541e+00
1.396622980610044529e+00,-1.449309084901423184e+00,2.084297781760282575e+00,-2.983483114589931873e+00,-1.447952629606136243e+00,-3.265384822150729338e+00
1.396938514071439652e+00,-1.449261938307840447e+00,2.084248535435794025e+00,-2.983506806007966361e+00,-1.448174146450399880e+00,-3.265158525668987899e+00
1.397254063598320606e+00,-1.449214713786083575e+00,2.084199183957846202e+00,-2.983530420086482948e+00,-1.448395680863768131e+00,-3.264932230118289258e+00
1.397569628824050669e+00,-1.449167411603745181e+00,2.084149727695841392e+00,-2.983553957138298518e+00,-1.448617232558184309e+00,-3.264705935700833894e+00
1.397885209381993565e+00,-1.449120032028416993e+00,2.084100167019180994e+00,-2.983577417476229066e+00,-1.448838801245591279e+00,-3.264479642618820954e+00
1.398200804905512795e+00,-1.449072575327690737e+00,2.084050502297267737e+00,-2.983600801413089254e+00,-1.449060386637932796e+00,-3.264253351074449583e+00
1.398516415027971638e+00,-1.449025041769159250e+00,2.084000733899502134e+00,-2.983624109261695967e+00,-1.449281988447152614e+00,-3.264027061269921592e+00
1.398832039382733816e+00,-1.448977431620414036e+00,2.083950862195287357e+00,-2.983647341334864755e+00,-1.449503606385193599e+00,-3.263800773407435241e+00
1.399147677603162609e+00,-1.448929745149046822e+00,2.083900887554024806e+00,-2.983670497945412059e+00,-1.449725240163999507e+00,-3.263574487689191894e+00
1.399463329322621963e+00,-1.448881982622650222e+00,2.083850810345115434e+00,-2.983693579406152985e+00,-1.449946889495513425e+00,-3.263348204317390255e+00
1.399778994174475155e+00,-1.448834144308816185e+00,2.083800630937962861e+00,-2.983716586029904860e+00,-1.450168554091678885e+00,-3.263121923494229915e+00
1.400094671792086354e+00,-1.448786230475136438e+00,2.083750349701967597e+00,-2.983739518129482349e+00,-1.450390233664439643e+00,-3.262895645421912239e+00
1.400410361808817727e+00,-1.448738241389203152e+00,2.083699967006532372e+00,-2.983762376017702334e+00,-1.450611927925738787e+00,-3.262669370302635929e+00
1.400726063858033887e+00,-1.448690177318608274e+00,2.083649483221057253e+00,-2.983785160007379478e+00,-1.450833636587519404e+00,-3.262443098338601466e+00
1.401041777573097891e+00,-1.448642038530944198e+00,2.083598898714946746e+00,-2.983807870411331109e+00,-1.451055359361725472e+00,-3.262216829732008883e+00
1.401357502587373682e+00,-1.448593825293802206e+00,2.083548213857600029e+00,-2.983830507542372779e+00,-1.451277095960300079e+00,-3.261990564685056881e+00
1.401673238534224097e+00,-1.448545537874775357e+00,2.083497429018421165e+00,-2.983853071713320038e+00,-1.451498846095186757e+00,-3.261764303399946829e+00
1.401988985047013303e+00,-1.448497176541454712e+00,2.083446544566810665e+00,-2.983875563236989770e+00,-1.451720609478328816e+00,-3.261538046078877873e+00
1.402304741759104578e+00,-1.448448741561432884e+00,2.083395560872170371e+00,-2.983897982426196638e+00,-1.451942385821669790e+00,-3.261311792924050046e+00
1.402620508303861202e+00,-1.448400233202301601e+00,2.083344478303902569e+00,-2.983920329593757081e+00,-1.452164174837152988e+00,-3.261085544137663383e+00
1.402936284314647120e+00,-1.448351651731653256e+00,2.083293297231409102e+00,-2.983942605052487540e+00,-1.452385976236721943e+00,-3.260859299921917476e+00
1.403252069424825832e+00,-1.448302997417079352e+00,2.083242018024092257e+00,-2.983964809115204009e+00,-1.452607789732319743e+00,-3.260633060479012801e+00
1.403567863267760396e+00,-1.448254270526172505e+00,2.083190641051352987e+00,-2.983986942094722039e+00,-1.452829615035889921e+00,-3.260406826011148507e+00
1.403883665476814979e+00,-1.448205471326524441e+00,2.083139166682593579e+00,-2.984009004303857182e+00,-1.453051451859376231e+00,-3.260180596720524626e+00
1.404199475685352638e+00,-1.448156600085726886e+00,2.083087595287215876e+00,-2.984030996055426321e+00,-1.453273299914721983e+00,-3.259954372809342082e+00
1.404515293526736874e+00,-1.448107657071372456e+00,2.083035927234621720e+00,-2.984052917662244120e+00,-1.453495158913869822e+00,-3.259728154479799578e+00
1.404831118634331411e+00,-1.448058642551052877e+00,2.082984162894212510e+00,-2.984074769437128349e+00,-1.453717028568763947e+00,-3.259501941934097147e+00
1.405146950641499748e+00,-1.448009556792360097e+00,2.082932302635390531e+00,-2.984096551692893673e+00,-1.453938908591347889e+00,-3.259275735374435268e+00
1.405462789181605388e+00,-1.447960400062886288e+00,2.082880346827557627e+00,-2.984118264742356530e+00,-1.454160798693564516e+00,-3.259049535003012643e+00
1.405778633888011830e+00,-1.447911172630223620e+00,2.082828295840115640e+00,-2.984139908898332472e+00,-1.454382698587357581e+00,-3.258823341022031084e+00
1.406094484394082578e+00,-1.447861874761963596e+00,2.082776150042466856e+00,-2.984161484473637493e+00,-1.454604607984670173e+00,-3.258597153633689292e+00
1.406410340333181130e+00,-1.447812506725698833e+00,2.082723909804011786e+00,-2.984182991781087591e+00,-1.454826526597446046e+00,-3.258370973040186858e+00
1.406726201338671656e+00,-1.447763068789021279e+00,2.082671575494153604e+00,-2.984204431133499202e+00,-1.455048454137628289e+00,-3.258144799443724704e+00
1.407042067043916544e+00,-1.447713561219522660e+00,2.082619147482293265e+00,-2.984225802843688324e+00,-1.455270390317160656e+00,-3.257918633046501533e+00
1.407357937082279742e+00,-1.447663984284794925e+00,2.082566626137833943e+00,-2.984247107224470064e+00,-1.455492334847986236e+00,-3.257692474050718268e+00
1.407673811087125415e+00,-1.447614338252430688e+00,2.082514011830175260e+00,-2.984268344588661304e+00,-1.455714287442048560e+00,-3.257466322658574054e+00
1.407989688691816399e+00,-1.447564623390021232e+00,2.082461304928720836e+00,-2.984289515249077152e+00,-1.455936247811290940e+00,-3.257240179072269370e+00
1.408305569529716195e+00,-1.447514839965159394e+00,2.082408505802872511e+00,-2.984310619518534047e+00,-1.456158215667657130e+00,-3.257014043494004252e+00
1.408621453234188747e+00,-1.447464988245436901e+00,2.082355614822030798e+00,-2.984331657709847985e+00,-1.456380190723089996e+00,-3.256787916125977844e+00
1.408937339438597114e+00,-1.447415068498445478e+00,2.082302632355599314e+00,-2.984352630135834961e+00,-1.456602172689533292e+00,-3.256561797170389738e+00
1.409253227776305017e+00,-1.447365080991777075e+00,2.082249558772978126e+00,-2.984373537109310970e+00,-1.456824161278930330e+00,-3.256335686829441745e+00
1.409569117880676181e+00,-1.447315025993024307e+00,2.082196394443570409e+00,-2.984394378943091120e+00,-1.457046156203224641e+00,-3.256109585305331233e+00
1.409885009385073884e+00,-1.447264903769778677e+00,2.082143139736777560e+00,-2.984415155949991849e+00,-1.457268157174359313e+00,-3.255883492800260459e+00
1.410200901922861627e+00,-1.447214714589632356e+00,2.082089795022001422e+00,-2.984435868442830042e+00,-1.457490163904278102e+00,-3.255657409516428125e+00
1.410516795127403578e+00,-1.447164458720177738e+00,2.082036360668642949e+00,-2.984456516734420362e+00,-1.457712176104924762e+00,-3.255431335656033820e+00
1.410832688633941512e+00,-1.447114136403147677e+00,2.081982837011153276e+00,-2.984477101111991715e+00,-1.457934193491528641e+00,-3.255205271423825764e+00
1.411148582087166536e+00,-1.447063747750287677e+00,2.081929224208284523e+00,-2.984497621734142569e+00,-1.458156215795843202e+00,-3.254979217037355266e+00
1.411464475134729835e+00,-1.447013292832588061e+00,2.081875522363700437e+00,-2.984518078719144540e+00,-1.458378242754802878e+00,-3.254753172718189091e+00
1.411780367424285698e+00,-1.446962771721024721e+00,2.081821731581046997e+00,-2.984538472185253699e+00,-1.458600274105342542e+00,-3.254527138687895338e+00
1.412096258603486643e+00,-1.446912184486573549e+00,2.081767851963970184e+00,-2.984558802250727005e+00,-1.458822309584397514e+00,-3.254301115168042102e+00
1.412412148319986516e+00,-1.446861531200209772e+00,2.081713883616115091e+00,-2.984579069033821863e+00,-1.459044348928903556e+00,-3.254075102380197926e+00
1.412728036221437611e+00,-1.446810811932910390e+00,2.081659826641127697e+00,-2.984599272652793456e+00,-1.459266391875795987e+00,-3.253849100545931350e+00
1.413043921955493998e+00,-1.446760026755650186e+00,2.081605681142653097e+00,-2.984619413225898743e+00,-1.459488438162010349e+00,-3.253623109886809583e+00
1.413359805169808192e+00,-1.446709175739405273e+00,2.081551447224336826e+00,-2.984639490871394241e+00,-1.459710487524482403e+00,-3.253397130624401168e+00
1.413675685512033819e+00,-1.446658258955151988e+00,2.081497124989825309e+00,-2.984659505707537352e+00,-1.459932539700146803e+00,-3.253171162980274200e+00
1.413991562629824061e+00,-1.446607276473865555e+00,2.081442714542763639e+00,-2.984679457852583262e+00,-1.460154594425939756e+00,-3.252945207175997666e+00
1.414307436170832100e+00,-1.446556228366521868e+00,2.081388215986796908e+00,-2.984699347424789817e+00,-1.460376651438796802e+00,-3.252719263433138330e+00
1.414623305782711116e+00,-1.446505114704096817e+00,2.081333629425570653e+00,-2.984719174542413089e+00,-1.460598710475652817e+00,-3.252493331973265622e+00
1.414939171113114069e+00,-1.446453935557566739e+00,2.081278954962731298e+00,-2.984738939323709150e+00,-1.460820771273443786e+00,-3.252267413017946751e+00
1.415255031809694586e+00,-1.446402690997906637e+00,2.081224192701924380e+00,-2.984758641886935848e+00,-1.461042833569104804e+00,-3.252041506788750702e+00
1.415570887520105625e+00,-1.446351381096092847e+00,2.081169342746794104e+00,-2.984778282350348366e+00,-1.461264897099571858e+00,-3.251815613507244240e+00
1.415886737892000591e+00,-1.446300005923101262e+00,2.081114405200986894e+00,-2.984797860832204996e+00,-1.461486961601779599e+00,-3.251589733394997239e+00
1.416202582573032442e+00,-1.446248565549907328e+00,2.081059380168148731e+00,-2.984817377450760034e+00,-1.461709026812664236e+00,-3.251363866673576908e+00
1.416518421210854584e+00,-1.446197060047486938e+00,2.081004267751924708e+00,-2.984836832324272216e+00,-1.461931092469161086e+00,-3.251138013564552232e+00
1.416834253453120418e+00,-1.446145489486816427e+00,2.080949068055960360e+00,-2.984856225570996280e+00,-1.462153158308205469e+00,-3.250912174289489975e+00
1.417150078947482683e+00,-1.446093853938871021e+00,2.080893781183901226e+00,-2.984875557309190075e+00,-1.462375224066732704e+00,-3.250686349069959125e+00
1.417465897341594783e+00,-1.446042153474627057e+00,2.080838407239392840e+00,-2.984894827657109673e+00,-1.462597289481678553e+00,-3.250460538127528221e+00
1.417781708283109898e+00,-1.445990388165059759e+00,2.080782946326081184e+00,-2.984914036733012477e+00,-1.462819354289978335e+00,-3.250234741683764916e+00
1.418097511419681656e+00,-1.445938558081145686e+00,2.080727398547611351e+00,-2.984933184655153227e+00,-1.463041418228567814e+00,-3.250008959960237309e+00
1.418413306398962348e+00,-1.445886663293860064e+00,2.080671764007628877e+00,-2.984952271541790214e+00,-1.463263481034382085e+00,-3.249783193178513940e+00
1.418729092868606045e+00,-1.445834703874179006e+00,2.080616042809779742e+00,-2.984971297511179955e+00,-1.463485542444356913e+00,-3.249557441560162907e+00
1.419044870476265707e+00,-1.445782679893078626e+00,2.080560235057709484e+00,-2.984990262681577189e+00,-1.463707602195427393e+00,-3.249331705326751862e+00
1.419360638869594515e+00,-1.445730591421534150e+00,2.080504340855063194e+00,-2.985009167171241540e+00,-1.463929660024529511e+00,-3.249105984699849348e+00
1.419676397696245429e+00,-1.445678438530521470e+00,2.080448360305486410e+00,-2.985028011098426859e+00,-1.464151715668598142e+00,-3.248880279901023460e+00
1.419992146603872074e+00,-1.445626221291016922e+00,2.080392293512625113e+00,-2.985046794581390994e+00,-1.464373768864569270e+00,-3.248654591151842741e+00
1.420307885240127188e+00,-1.445573939773996175e+00,2.080336140580124837e+00,-2.985065517738389573e+00,-1.464595819349377992e+00,-3.248428918673874399e+00
1.420623613252664619e+00,-1.445521594050434677e+00,2.080279901611631121e+00,-2.985084180687680888e+00,-1.464817866859960294e+00,-3.248203262688687865e+00
1.420939330289137104e+00,-1.445469184191308765e+00,2.080223576710789057e+00,-2.985102783547519678e+00,-1.465039911133250827e+00,-3.247977623417850346e+00
1.421255035997197824e+00,-1.445416710267593663e+00,2.080167165981244626e+00,-2.985121326436163791e+00,-1.465261951906185578e+00,-3.247752001082930828e+00
1.421570730024500406e+00,-1.445364172350265930e+00,2.080110669526643807e+00,-2.985139809471869743e+00,-1.465483988915700531e+00,-3.247526395905496521e+00
1.421886412018697587e+00,-1.445311570510300792e+00,2.080054087450631251e+00,-2.985158232772892717e+00,-1.465706021898730116e+00,-3.247300808107115966e+00
1.422202081627442771e+00,-1.445258904818674361e+00,2.079997419856852936e+00,-2.985176596457491449e+00,-1.465928050592210319e+00,-3.247075237909357703e+00
1.422517738498389139e+00,-1.445206175346362532e+00,2.079940666848953956e+00,-2.985194900643920235e+00,-1.466150074733076680e+00,-3.246849685533789387e+00
1.422833382279190095e+00,-1.445153382164340972e+00,2.079883828530581180e+00,-2.985213145450437811e+00,-1.466372094058264741e+00,-3.246624151201979114e+00
1.423149012617498599e+00,-1.445100525343585351e+00,2.079826905005379256e+00,-2.985231330995298915e+00,-1.466594108304709598e+00,-3.246398635135495869e+00
1.423464629160967831e+00,-1.445047604955072229e+00,2.079769896376993721e+00,-2.985249457396761397e+00,-1.466816117209347015e+00,-3.246173137555906862e+00
1.423780231557251419e+00,-1.444994621069776608e+00,2.079712802749070111e+00,-2.985267524773081327e+00,-1.467038120509112531e+00,-3.245947658684781079e+00
1.424095819454002321e+00,-1.444941573758674824e+00,2.079655624225253963e+00,-2.985285533242515221e+00,-1.467260117940941022e+00,-3.245722198743685283e+00
1.424411392498873496e+00,-1.444888463092742326e+00,2.079598360909190813e+00,-2.985303482923319596e+00,-1.467482109241768917e+00,-3.245496757954189793e+00
1.424726950339518572e+00,-1.444835289142955448e+00,2.079541012904526642e+00,-2.985321373933751410e+00,-1.467704094148530647e+00,-3.245271336537860929e+00
1.425042492623590284e+00,-1.444782051980289195e+00,2.079483580314906543e+00,-2.985339206392067180e+00,-1.467926072398162862e+00,-3.245045934716267677e+00
1.425358018998742260e+00,-1.444728751675720568e+00,2.079426063243976497e+00,-2.985356980416522976e+00,-1.468148043727599772e+00,-3.244820552710978578e+00
1.425673529112627458e+00,-1.444675388300224572e+00,2.079368461795382039e+00,-2.985374696125375760e+00,-1.468370007873777805e+00,-3.244595190743560398e+00
1.425989022612899060e+00,-1.444621961924776876e+00,2.079310776072768263e+00,-2.985392353636882490e+00,-1.468591964573631836e+00,-3.244369849035582121e+00
1.426304499147210469e+00,-1.444568472620354038e+00,2.079253006179781149e+00,-2.985409953069299238e+00,-1.468813913564097628e+00,-3.244144527808612732e+00
1.426619958363215313e+00,-1.444514920457931284e+00,2.079195152220065790e+00,-2.985427494540882520e+00,-1.469035854582110945e+00,-3.243919227284219442e+00
1.426935399908566104e+00,-1.444461305508484728e+00,2.079137214297268610e+00,-2.985444978169889740e+00,-1.469257787364606660e+00,-3.243693947683969903e+00
1.427250823430915805e+00,-1.444407627842990038e+00,2.079079192515034258e+00,-2.985462404074575637e+00,-1.469479711648520759e+00,-3.243468689229433988e+00
1.427566228577918483e+00,-1.444353887532423331e+00,2.079021086977008270e+00,-2.985479772373198948e+00,-1.469701627170787894e+00,-3.243243452142178462e+00
1.427881614997226878e+00,-1.444300084647760496e+00,2.078962897786837072e+00,-2.985497083184014855e+00,-1.469923533668344273e+00,-3.243018236643771424e+00
1.428196982336494392e+00,-1.444246219259976760e+00,2.078904625048165755e+00,-2.985514336625280318e+00,-1.470145430878125659e+00,-3.242793042955781857e+00
1.428512330243374207e+00,-1.444192291440048459e+00,2.078846268864639413e+00,-2.985531532815252298e+00,-1.470367318537066925e+00,-3.242567871299777416e+00
1.428827658365519060e+00,-1.444138301258951262e+00,2.078787829339904469e+00,-2.985548671872186421e+00,-1.470589196382103392e+00,-3.242342721897326197e+00
1.429142966350582800e+00,-1.444084248787660840e+00,2.078729306577606017e+00,-2.985565753914340981e+00,-1.470811064150171044e+00,-3.242117594969996297e+00
1.429458253846218607e+00,-1.444030134097153750e+00,2.078670700681389594e+00,-2.985582779059969827e+00,-1.471032921578204977e+00,-3.241892490739356703e+00
1.429773520500078998e+00,-1.443975957258404996e+00,2.078612011754901179e+00,-2.985599747427332584e+00,-1.471254768403140734e+00,-3.241667409426975066e+00
1.430088765959817598e+00,-1.443921718342390470e+00,2.078553239901785421e+00,-2.985616659134683992e+00,-1.471476604361914076e+00,-3.241442351254419485e+00
1.430403989873088033e+00,-1.443867417420086507e+00,2.078494385225688745e+00,-2.985633514300281011e+00,-1.471698429191460322e+00,-3.241217316443258056e+00
1.430719191887543262e+00,-1.443813054562468778e+00,2.078435447830255800e+00,-2.985650313042380155e+00,-1.471920242628714792e+00,-3.240992305215058433e+00
1.431034371650836023e+00,-1.443758629840512731e+00,2.078376427819133454e+00,-2.985667055479238385e+00,-1.472142044410612804e+00,-3.240767317791390045e+00
1.431349528810620164e+00,-1.443704143325194478e+00,2.078317325295966356e+00,-2.985683741729111773e+00,-1.472363834274090344e+00,-3.240542354393820101e+00
1.431664663014548200e+00,-1.443649595087490134e+00,2.078258140364400042e+00,-2.985700371910256834e+00,-1.472585611956082730e+00,-3.240317415243917587e+00
1.431979773910274423e+00,-1.443594985198374925e+00,2.078198873128080049e+00,-2.985716946140930972e+00,-1.472807377193524836e+00,-3.240092500563249267e+00
1.432294861145450904e+00,-1.443540313728825186e+00,2.078139523690653245e+00,-2.985733464539389814e+00,-1.473029129723353092e+00,-3.239867610573384571e+00
1.432609924367731269e+00,-1.443485580749816588e+00,2.078080092155763836e+00,-2.985749927223890765e+00,-1.473250869282502151e+00,-3.239642745495891152e+00
1.432924963224769144e+00,-1.443430786332324800e+00,2.078020578627056913e+00,-2.985766334312689452e+00,-1.473472595607907776e+00,-3.239417905552337551e+00
1.433239977364217266e+00,-1.443375930547325714e+00,2.077960983208179346e+00,-2.985782685924043722e+00,-1.473694308436505951e+00,-3.239193090964290977e+00
1.433554966433728817e+00,-1.443321013465795444e+00,2.077901306002776227e+00,-2.985798982176208760e+00,-1.473916007505231107e+00,-3.238968301953320861e+00
1.433869930080957200e+00,-1.443266035158709437e+00,2.077841547114492204e+00,-2.985815223187441969e+00,-1.474137692551019896e+00,-3.238743538740994854e+00
1.434184867953555820e+00,-1.443210995697043808e+00,2.077781706646974591e+00,-2.985831409075999865e+00,-1.474359363310806748e+00,-3.238518801548880610e+00
1.434499779699177413e+00,-1.443155895151774448e+00,2.077721784703867591e+00,-2.985847539960138519e+00,-1.474581019521527869e+00,-3.238294090598547115e+00
1.434814664965475384e+00,-1.443100733593876805e+00,2.077661781388817186e+00,-2.985863615958115780e+00,-1.474802660920118136e+00,-3.238069406111562021e+00
1.435129523400103135e+00,-1.443045511094327216e+00,2.077601696805468912e+00,-2.985879637188186386e+00,-1.475024287243513532e+00,-3.237844748309493870e+00
1.435444354650713628e+00,-1.442990227724100905e+00,2.077541531057468749e+00,-2.985895603768609075e+00,-1.475245898228649155e+00,-3.237620117413909870e+00
1.435759158364960264e+00,-1.442934883554173986e+00,2.077481284248461346e+00,-2.985911515817638140e+00,-1.475467493612460768e+00,-3.237395513646379452e+00
1.436073934205687186e+00,-1.442879478651192482e+00,2.077420956477090019e+00,-2.985927373453399536e+00,-1.475689073142624874e+00,-3.237170937217726863e+00
1.436388682411810169e+00,-1.442824012917596654e+00,2.077360547652262746e+00,-2.985943176789016551e+00,-1.475910636974154144e+00,-3.236946387931375124e+00
1.436703403962318548e+00,-1.442768486044874621e+00,2.077300057439142034e+00,-2.985958925931184282e+00,-1.476132185785360207e+00,-3.236721865067363701e+00
1.437018099884838751e+00,-1.442712897710651143e+00,2.077239485486868986e+00,-2.985974620986177275e+00,-1.476353720288944960e+00,-3.236497367871333797e+00
1.437332771206997206e+00,-1.442657247592550096e+00,2.077178831444586038e+00,-2.985990262060270073e+00,-1.476575241197611854e+00,-3.236272895588928833e+00
1.437647418956419454e+00,-1.442601535368196020e+00,2.077118094961435624e+00,-2.986005849259736333e+00,-1.476796749224062344e+00,-3.236048447465790456e+00
1.437962044160732811e+00,-1.442545760715213676e+00,2.077057275686559734e+00,-2.986021382690850601e+00,-1.477018245080999881e+00,-3.235824022747559425e+00
1.438276647847562817e+00,-1.442489923311226940e+00,2.076996373269099916e+00,-2.986036862459887420e+00,-1.477239729481126140e+00,-3.235599620679879163e+00
1.438591231044536123e+00,-1.442434022833860352e+00,2.076935387358199048e+00,-2.986052288673120891e+00,-1.477461203137144352e+00,-3.235375240508391315e+00
1.438905794779278935e+00,-1.442378058960738674e+00,2.076874317602999120e+00,-2.986067661436824228e+00,-1.477682666761756636e+00,-3.235150881478738416e+00
1.439220340079417682e+00,-1.442322031369485558e+00,2.076813163652641681e+00,-2.986082980857272418e+00,-1.477904121067665333e+00,-3.234926542836562557e+00
1.439534867972578791e+00,-1.442265939737726210e+00,2.076751925156269607e+00,-2.986098247040739118e+00,-1.478125566767573673e+00,-3.234702223827504941e+00
1.439849379486388248e+00,-1.442209783743084506e+00,2.076690601763024446e+00,-2.986113460093499317e+00,-1.478347004574183554e+00,-3.234477923697208990e+00
1.440163875648472702e+00,-1.442153563063184984e+00,2.076629193122049077e+00,-2.986128620121826671e+00,-1.478568435200197539e+00,-3.234253641691315906e+00
1.440478357486458139e+00,-1.442097277375651965e+00,2.076567698882485047e+00,-2.986143727231995282e+00,-1.478789859358318415e+00,-3.234029377055468668e+00
1.440792826027971207e+00,-1.442040926358109987e+00,2.076506118693474789e+00,-2.986158781530279249e+00,-1.479011277761248300e+00,-3.233805129035308035e+00
1.441107282300638115e+00,-1.441984509688183147e+00,2.076444452204160296e+00,-2.986173783122953118e+00,-1.479232691121689980e+00,-3.233580896876477428e+00
1.441421727332085290e+00,-1.441928027043496208e+00,2.076382699063683113e+00,-2.986188732116290989e+00,-1.479454100152346241e+00,-3.233356679824618496e+00
1.441736162149938716e+00,-1.441871478101673487e+00,2.076320858921186563e+00,-2.986203628616566963e+00,-1.479675505565918980e+00,-3.233132477125373327e+00
1.442050587781824822e+00,-1.441814862540338860e+00,2.076258931425811749e+00,-2.986218472730055584e+00,-1.479896908075110984e+00,-3.232908288024384014e+00
1.442365005255370258e+00,-1.441758180037117532e+00,2.076196916226701106e+00,-2.986233264563030065e+00,-1.480118308392625037e+00,-3.232684111767293089e+00
1.442679415598201009e+00,-1.441701430269633377e+00,2.076134812972997068e+00,-2.986248004221765395e+00,-1.480339707231163038e+00,-3.232459947599741312e+00
1.442993819837943503e+00,-1.441644612915510937e+00,2.076072621313841626e+00,-2.986262691812535230e+00,-1.480561105303427993e+00,-3.232235794767372550e+00
1.443308219002224391e+00,-1.441587727652374307e+00,2.076010340898376771e+00,-2.986277327441614560e+00,-1.480782503322122468e+00,-3.232011652515827560e+00
1.443622614118668990e+00,-1.441530774157848471e+00,2.075947971375744494e+00,-2.986291911215277040e+00,-1.481003901999948802e+00,-3.231787520090748878e+00
1.443937006214904617e+00,-1.441473752109557527e+00,2.075885512395087673e+00,-2.986306443239796771e+00,-1.481225302049609338e+00,-3.231563396737779037e+00
1.444251396318557257e+00,-1.441416661185125569e+00,2.075822963605547411e+00,-2.986320923621447854e+00,-1.481446704183806862e+00,-3.231339281702560129e+00
1.444565785457253115e+00,-1.441359501062177362e+00,2.075760324656266143e+00,-2.986335352466504389e+00,-1.481668109115243714e+00,-3.231115174230733356e+00
1.444880174658618843e+00,-1.441302271418337000e+00,2.075697595196386747e+00,-2.986349729881241366e+00,-1.481889517556622238e+00,-3.230891073567942584e+00
1.445194564950280203e+00,-1.441244971931229468e+00,2.075634774875050770e+00,-2.986364055971931997e+00,-1.482110930220645661e+00,-3.230666978959827684e+00
1.445508957359864066e+00,-1.441187602278478197e+00,2.075571863341400203e+00,-2.986378330844851270e+00,-1.482332347820015661e+00,-3.230442889652032523e+00
1.445823352914996418e+00,-1.441130162137708393e+00,2.075508860244577036e+00,-2.986392554606272842e+00,-1.482553771067435244e+00,-3.230218804890198747e+00
1.446137752643304131e+00,-1.441072651186544151e+00,2.075445765233724149e+00,-2.986406727362471258e+00,-1.482775200675606753e+00,-3.229994723919967559e+00
1.446452157572412744e+00,-1.441015069102610013e+00,2.075382577957983532e+00,-2.986420849219719287e+00,-1.482996637357232972e+00,-3.229770645986982824e+00
1.446766568729948466e+00,-1.440957415563530075e+00,2.075319298066496287e+00,-2.986434920284293248e+00,-1.483218081825016021e+00,-3.229546570336885303e+00
1.447080987143538611e+00,-1.440899690246928655e+00,2.075255925208406182e+00,-2.986448940662465912e+00,-1.483439534791658021e+00,-3.229322496215317528e+00
1.447395413840809164e+00,-1.440841892830430959e+00,2.075192459032853431e+00,-2.986462910460512710e+00,-1.483660996969862866e+00,-3.229098422867921148e+00
1.447709849849385666e+00,-1.440784022991660418e+00,2.075128899188982246e+00,-2.986476829784705966e+00,-1.483882469072331789e+00,-3.228874349540339139e+00
1.448024296196895433e+00,-1.440726080408241794e+00,2.075065245325932839e+00,-2.986490698741321115e+00,-1.484103951811767796e+00,-3.228650275478213150e+00
1.448338753881621921e+00,-1.440668064759555556e+00,2.075001497094229208e+00,-2.986504517433675510e+00,-1.484325445880269712e+00,-3.228426199948219555e+00
1.448653223285032876e+00,-1.440609975761893091e+00,2.074937654173414803e+00,-2.986518285902918901e+00,-1.484546951536811710e+00,-3.228202122659205475e+00
1.448967704202402285e+00,-1.440551813166625061e+00,2.074873716270614121e+00,-2.986532004131122076e+00,-1.484768468628747229e+00,-3.227978043740238778e+00
1.449282196405792034e+00,-1.440493576726511460e+00,2.074809683094044122e+00,-2.986545672098016801e+00,-1.484989996987131411e+00,-3.227753963337024246e+00
1.449596699667263788e+00,-1.440435266194311614e+00,2.074745554351920873e+00,-2.986559289783335736e+00,-1.485211536443018288e+00,-3.227529881595269323e+00
1.449911213758880102e+00,-1.440376881322785518e+00,2.074681329752461334e+00,-2.986572857166809314e+00,-1.485433086827462335e+00,-3.227305798660677905e+00
1.450225738452702418e+00,-1.440318421864692500e+00,2.074617009003881574e+00,-2.986586374228169305e+00,-1.485654647971517806e+00,-3.227081714678958768e+00
1.450540273520792400e+00,-1.440259887572792552e+00,2.074552591814398550e+00,-2.986599840947147477e+00,-1.485876219706239398e+00,-3.226857629795817139e+00
1.450854818735213270e+00,-1.440201278199845003e+00,2.074488077892228777e+00,-2.986613257303474711e+00,-1.486097801862681145e+00,-3.226633544156959577e+00
1.451169373868025581e+00,-1.440142593498609846e+00,2.074423466945588768e+00,-2.986626623276883219e+00,-1.486319394271897965e+00,-3.226409457908090861e+00
1.451483938691291886e+00,-1.440083833221846632e+00,2.074358758682695925e+00,-2.986639938847103881e+00,-1.486540996764944111e+00,-3.226185371194918883e+00
1.451798512977073852e+00,-1.440024997122314687e+00,2.074293952811765429e+00,-2.986653203993868910e+00,-1.486762609172873395e+00,-3.225961284163149312e+00
1.452113096497433586e+00,-1.439966084952774228e+00,2.074229049041015127e+00,-2.986666418696909631e+00,-1.486984231326740957e+00,-3.225737196958487374e+00
1.452427689024433199e+00,-1.439907096465984582e+00,2.074164047078660200e+00,-2.986679582935957367e+00,-1.487205863057600830e+00,-3.225513109726640515e+00
1.452742290330134356e+00,-1.439848031414705742e+00,2.074098946632919382e+00,-2.986692696690743443e+00,-1.487427504196507710e+00,-3.225289022613314849e+00
1.453056900186598721e+00,-1.439788889551697038e+00,2.074033747412007411e+00,-2.986705759940999627e+00,-1.487649154574515631e+00,-3.225064935764215157e+00
1.453371518365888626e+00,-1.439729670629718461e+00,2.073968449124141245e+00,-2.986718772666458133e+00,-1.487870814022679289e+00,-3.224840849325049774e+00
1.453686144640066402e+00,-1.439670374401529118e+00,2.073903051477537840e+00,-2.986731734846849839e+00,-1.488092482372053160e+00,-3.224616763441523482e+00
1.454000778781193048e+00,-1.439611000619889447e+00,2.073837554180413267e+00,-2.986744646461905628e+00,-1.488314159453691277e+00,-3.224392678259343281e+00
1.454315420561331340e+00,-1.439551549037558331e+00,2.073771956940984929e+00,-2.986757507491358155e+00,-1.488535845098648558e+00,-3.224168593924213955e+00
1.454630069752542498e+00,-1.439492019407296430e+00,2.073706259467468449e+00,-2.986770317914938744e+00,-1.488757539137978814e+00,-3.223944510581843836e+00
1.454944726126889076e+00,-1.439432411481862406e+00,2.073640461468081231e+00,-2.986783077712378720e+00,-1.488979241402736964e+00,-3.223720428377937264e+00
1.455259389456432739e+00,-1.439372725014016474e+00,2.073574562651039344e+00,-2.986795786863409408e+00,-1.489200951723977040e+00,-3.223496347458200795e+00
1.455574059513234930e+00,-1.439312959756518184e+00,2.073508562724560633e+00,-2.986808445347762575e+00,-1.489422669932753740e+00,-3.223272267968341431e+00
1.455888736069358647e+00,-1.439253115462127308e+00,2.073442461396859393e+00,-2.986821053145169547e+00,-1.489644395860121318e+00,-3.223048190054065287e+00
1.456203418896864665e+00,-1.439193191883603173e+00,2.073376258376153913e+00,-2.986833610235362091e+00,-1.489866129337134248e+00,-3.222824113861077588e+00
1.456518107767815984e+00,-1.439133188773705996e+00,2.073309953370660264e+00,-2.986846116598071532e+00,-1.490087870194847008e+00,-3.222600039535084893e+00
1.456832802454273823e+00,-1.439073105885195103e+00,2.073243546088594957e+00,-2.986858572213030083e+00,-1.490309618264313629e+00,-3.222375967221794202e+00
1.457147502728300070e+00,-1.439012942970830267e+00,2.073177036238174953e+00,-2.986870977059967736e+00,-1.490531373376589030e+00,-3.222151897066910742e+00
1.457462208361957279e+00,-1.438952699783370814e+00,2.073110423527616319e+00,-2.986883331118617591e+00,-1.490753135362727244e+00,-3.221927829216141070e+00
1.457776919127306670e+00,-1.438892376075576962e+00,2.073043707665136015e+00,-2.986895634368710528e+00,-1.490974904053782968e+00,-3.221703763815191746e+00
1.458091634796410796e+00,-1.438831971600208259e+00,2.072976888358950998e+00,-2.986907886789978317e+00,-1.491196679280810455e+00,-3.221479701009768881e+00
1.458406355141331323e+00,-1.438771486110024034e+00,2.072909965317276892e+00,-2.986920088362152281e+00,-1.491418460874864182e+00,-3.221255640945577703e+00
1.458721079934129916e+00,-1.438710919357784279e+00,2.072842938248330658e+00,-2.986932239064963746e+00,-1.491640248666998403e+00,-3.221031583768325213e+00
1.459035808946868906e+00,-1.438650271096248323e+00,2.072775806860329695e+00,-2.986944338878144922e+00,-1.491862042488267814e+00,-3.220807529623717969e+00
1.459350541951610403e+00,-1.438589541078176159e+00,2.072708570861488742e+00,-2.986956387781426248e+00,-1.492083842169726671e+00,-3.220583478657461640e+00
1.459665278720415182e+00,-1.438528729056327560e+00,2.072641229960026088e+00,-2.986968385754540378e+00,-1.492305647542429003e+00,-3.220359431015262341e+00
1.459980019030303167e+00,-1.438467834779640464e+00,2.072573783859601892e+00,-2.986980332776504099e+00,-1.492527458440929822e+00,-3.220135386839311220e+00
1.460294762854282613e+00,-1.438406857845951237e+00,2.072506232083711541e+00,-2.986992228798103000e+00,-1.492749274838177431e+00,-3.219911346132793284e+00
1.460609510421887469e+00,-1.438345797655322000e+00,2.072438573920039939e+00,-2.987004073733170451e+00,-1.492971096888260352e+00,-3.219687308716954188e+00
1.460924261979991146e+00,-1.438284653594448459e+00,2.072370808640334516e+00,-2.987015867493040933e+00,-1.493192924757510642e+00,-3.219463274400741870e+00
1.461239017775466165e+00,-1.438223425050025428e+00,2.072302935516339595e+00,-2.987027609989050703e+00,-1.493414758612259474e+00,-3.219239242993104266e+00
1.461553778055185937e+00,-1.438162111408747501e+00,2.072234953819802605e+00,-2.987039301132534685e+00,-1.493636598618839573e+00,-3.219015214302988870e+00
1.461868543066024095e+00,-1.438100712057310160e+00,2.072166862822469646e+00,-2.987050940834828250e+00,-1.493858444943582553e+00,-3.218791188139344062e+00
1.462183313054852718e+00,-1.438039226382408220e+00,2.072098661796086372e+00,-2.987062529007266765e+00,-1.494080297752820696e+00,-3.218567164311117779e+00
1.462498088268545882e+00,-1.437977653770736497e+00,2.072030350012398436e+00,-2.987074065561185598e+00,-1.494302157212885618e+00,-3.218343142627257958e+00
1.462812868953975887e+00,-1.437915993608990251e+00,2.071961926743153271e+00,-2.987085550407920120e+00,-1.494524023490109377e+00,-3.218119122896712092e+00
1.463127655358017032e+00,-1.437854245283864296e+00,2.071893391260095640e+00,-2.987096983458805699e+00,-1.494745896750823810e+00,-3.217895104928428118e+00
1.463442447727541618e+00,-1.437792408182053894e+00,2.071824742834972533e+00,-2.987108364625177703e+00,-1.494967777161361422e+00,-3.217671088531353973e+00
1.463757246309422388e+00,-1.437730481690253415e+00,2.071755980739530045e+00,-2.987119693818371946e+00,-1.495189664888053382e+00,-3.217447073514438038e+00
1.464072051350533643e+00,-1.437668465195158340e+00,2.071687104245513833e+00,-2.987130970949722464e+00,-1.495411560097232195e+00,-3.217223059686627806e+00
1.464386863097747238e+00,-1.437606358083463709e+00,2.071618112624670438e+00,-2.987142195930566402e+00,-1.495633462955229698e+00,-3.216999046856870770e+00
1.464701681797937027e+00,-1.437544159741863892e+00,2.071549005148745959e+00,-2.987153368672237352e+00,-1.495855373628377505e+00,-3.216775034834116198e+00
1.465016507697976422e+00,-1.437481869557054592e+00,2.071479781089486050e+00,-2.987164489086072017e+00,-1.496077292283008120e+00,-3.216551023427310252e+00
1.465331341044737723e+00,-1.437419486915730404e+00,2.071410439718637697e+00,-2.987175557083405320e+00,-1.496299219085453380e+00,-3.216327012445402200e+00
1.465646182085094784e+00,-1.437357011204586366e+00,2.071340980307946111e+00,-2.987186572575572185e+00,-1.496521154202044901e+00,-3.216103001697338648e+00
1.465961031065920350e+00,-1.437294441810317736e+00,2.071271402129158279e+00,-2.987197535473907983e+00,-1.496743097799114963e+00,-3.215878990992068864e+00
1.466275888234087610e+00,-1.437231778119618886e+00,2.071201704454019854e+00,-2.987208445689748970e+00,-1.496965050042995182e+00,-3.215654980138539898e+00
1.466590753836469530e+00,-1.437169019519185520e+00,2.071131886554276047e+00,-2.987219303134430071e+00,-1.497187011100017839e+00,-3.215430968945700130e+00
1.466905628119939964e+00,-1.437106165395711788e+00,2.071061947701674733e+00,-2.987230107719286210e+00,-1.497408981136514772e+00,-3.215206957222496609e+00
1.467220511331370991e+00,-1.437043215135893393e+00,2.070991887167960677e+00,-2.987240859355653200e+00,-1.497630960318817817e+00,-3.214982944777878604e+00
1.467535403717636244e+00,-1.436980168126425150e+00,2.070921704224880866e+00,-2.987251557954865966e+00,-1.497852948813259255e+00,-3.214758931420792720e+00
1.467850305525608912e+00,-1.436917023754001654e+00,2.070851398144180955e+00,-2.987262203428260321e+00,-1.498074946786170702e+00,-3.214534916960187338e+00
1.468165217002161960e+00,-1.436853781405318387e+00,2.070780968197607042e+00,-2.987272795687171190e+00,-1.498296954403884218e+00,-3.214310901205010396e+00
1.468480138394169021e+00,-1.436790440467070384e+00,2.070710413656905224e+00,-2.987283334642934829e+00,-1.498518971832731861e+00,-3.214086883964209829e+00
1.468795069948502174e+00,-1.436727000325951797e+00,2.070639733793822046e+00,-2.987293820206885719e+00,-1.498740999239045468e+00,-3.213862865046733130e+00
1.469110011912035718e+00,-1.436663460368658551e+00,2.070568927880103161e+00,-2.987304252290359230e+00,-1.498963036789157321e+00,-3.213638844261529126e+00
1.469424964531642397e+00,-1.436599819981885240e+00,2.070497995187495111e+00,-2.987314630804691173e+00,-1.499185084649399036e+00,-3.213414821417544420e+00
1.469739928054194733e+00,-1.436536078552326678e+00,2.070426934987743994e+00,-2.987324955661216030e+00,-1.499407142986102226e+00,-3.213190796323728726e+00
1.470054902726566581e+00,-1.436472235466678349e+00,2.070355746552595466e+00,-2.987335226771270058e+00,-1.499629211965600062e+00,-3.212966768789028205e+00
1.470369888795630686e+00,-1.436408290111634622e+00,2.070284429153796069e+00,-2.987345444046188625e+00,-1.499851291754222826e+00,-3.212742738622391236e+00
1.470684886508260236e+00,-1.436344241873890759e+00,2.070212982063091900e+00,-2.987355607397307100e+00,-1.500073382518303688e+00,-3.212518705632766203e+00
1.470999896105419147e+00,-1.436280090121830666e+00,2.070141404529765250e+00,-2.987365716729863951e+00,-1.500295484420028691e+00,-3.212294669633338984e+00
1.471314917739567019e+00,-1.436215833949593623e+00,2.070069695466663084e+00,-2.987375771857796458e+00,-1.500517597559492877e+00,-3.212070630500785562e+00
1.471629951494990651e+00,-1.436151472240074556e+00,2.069997853527486775e+00,-2.987385772524713712e+00,-1.500739721988966657e+00,-3.211846588160681915e+00
1.471944997454221138e+00,-1.436087003870727408e+00,2.069925877359259481e+00,-2.987395718472412476e+00,-1.500961857759486096e+00,-3.211622542539866565e+00
1.472260055699789794e+00,-1.436022427719006567e+00,2.069853765609006579e+00,-2.987405609442689958e+00,-1.501184004922088366e+00,-3.211398493565174928e+00
1.472575126314227045e+00,-1.435957742662365089e+00,2.069781516923752118e+00,-2.987415445177343809e+00,-1.501406163527811088e+00,-3.211174441163445969e+00
1.472890209380064430e+00,-1.435892947578256917e+00,2.069709129950520587e+00,-2.987425225418171681e+00,-1.501628333627690326e+00,-3.210950385261515549e+00
1.473205304979832597e+00,-1.435828041344136441e+00,2.069636603336336478e+00,-2.987434949906969894e+00,-1.501850515272764364e+00,-3.210726325786220414e+00
1.473520413196062639e+00,-1.435763022837456937e+00,2.069563935728224280e+00,-2.987444618385536099e+00,-1.502072708514069710e+00,-3.210502262664399087e+00
1.473835534111285428e+00,-1.435697890935672349e+00,2.069491125773208040e+00,-2.987454230595667504e+00,-1.502294913402643539e+00,-3.210278195822887426e+00
1.474150667808032278e+00,-1.435632644516236400e+00,2.069418172118312693e+00,-2.987463786279162203e+00,-1.502517129989522582e+00,-3.210054125188523511e+00
1.474465814368834060e+00,-1.435567282456603255e+00,2.069345073410562730e+00,-2.987473285177816074e+00,-1.502739358325744901e+00,-3.209830050688143199e+00
1.474780973876220980e+00,-1.435501803634226414e+00,2.069271828296981752e+00,-2.987482727033428098e+00,-1.502961598462346338e+00,-3.209605972248585459e+00
1.475096146412725462e+00,-1.435436206926559821e+00,2.069198435424595139e+00,-2.987492111587793708e+00,-1.503183850450365178e+00,-3.209381889796685261e+00
1.475411332060877045e+00,-1.435370491211057198e+00,2.069124893440426938e+00,-2.987501438582711444e+00,-1.503406114340837485e+00,-3.209157803259281572e+00
1.475726530903207934e+00,-1.435304655365172488e+00,2.069051200991502082e+00,-2.987510707759978068e+00,-1.503628390184800878e+00,-3.208933712563209806e+00
1.476041743022248554e+00,-1.435238698266359414e+00,2.068977356724844618e+00,-2.987519918861390789e+00,-1.503850678033292754e+00,-3.208709617635308486e+00
1.476356968500529554e+00,-1.435172618792071919e+00,2.068903359287479038e+00,-2.987529071628747257e+00,-1.504072977937349398e+00,-3.208485518402414360e+00
1.476672207420582472e+00,-1.435106415819763725e+00,2.068829207326429831e+00,-2.987538165803844681e+00,-1.504295289948008429e+00,-3.208261414791363730e+00
1.476987459864938179e+00,-1.435040088226888777e+00,2.068754899488721488e+00,-2.987547201128479823e+00,-1.504517614116306801e+00,-3.208037306728994231e+00
1.477302725916127324e+00,-1.434973634890900351e+00,2.068680434421378500e+00,-2.987556177344450337e+00,-1.504739950493281686e+00,-3.207813194142143942e+00
1.477618005656681444e+00,-1.434907054689253281e+00,2.068605810771424469e+00,-2.987565094193553428e+00,-1.504962299129970038e+00,-3.207589076957648277e+00
1.477933299169131187e+00,-1.434840346499400399e+00,2.068531027185885218e+00,-2.987573951417586748e+00,-1.505184660077409253e+00,-3.207364955102345760e+00
1.478248606536007648e+00,-1.434773509198796093e+00,2.068456082311784794e+00,-2.987582748758347062e+00,-1.505407033386636062e+00,-3.207140828503072250e+00
1.478563927839841474e+00,-1.434706541664894086e+00,2.068380974796146354e+00,-2.987591485957632020e+00,-1.505629419108687639e+00,-3.206916697086665380e+00
1.478879263163164204e+00,-1.434639442775147877e+00,2.068305703285996611e+00,-2.987600162757238831e+00,-1.505851817294601158e+00,-3.206692560779963230e+00
1.479194612588506708e+00,-1.434572211407011855e+00,2.068230266428358277e+00,-2.987608778898964257e+00,-1.506074227995413573e+00,-3.206468419509801215e+00
1.479509976198399412e+00,-1.434504846437939296e+00,2.068154662870257177e+00,-2.987617334124605062e+00,-1.506296651262162500e+00,-3.206244273203017414e+00
1.479825354075373633e+00,-1.434437346745384367e+00,2.068078891258716023e+00,-2.987625828175960230e+00,-1.506519087145884006e+00,-3.206020121786448573e+00
1.480140746301960908e+00,-1.434369711206800568e+00,2.068002950240760640e+00,-2.987634260794826524e+00,-1.506741535697616374e+00,-3.205795965186932772e+00
1.480456152960691441e+00,-1.434301938699642287e+00,2.067926838463415073e+00,-2.987642631723000708e+00,-1.506963996968395669e+00,-3.205571803331305869e+00
1.480771574134096769e+00,-1.434234028101362579e+00,2.067850554573703370e+00,-2.987650940702279989e+00,-1.507186471009259510e+00,-3.205347636146405499e+00
1.481087009977872126e+00,-1.434165978197778690e+00,2.067774097109222442e+00,-2.987659187456754406e+00,-1.507408957922532489e+00,-3.205123463506419412e+00
1.481402461423039441e+00,-1.434097786803626873e+00,2.067697463447954132e+00,-2.987667371522864990e+00,-1.507631458354029119e+00,-3.204899284727617648e+00
1.481717929867289563e+00,-1.434029451149150258e+00,2.067620650269910598e+00,-2.987675492324107562e+00,-1.507853973276692239e+00,-3.204675098790456644e+00
1.482033416714712670e+00,-1.433960968456576390e+00,2.067543654245531215e+00,-2.987683549282431184e+00,-1.508076503667951096e+00,-3.204450904670788081e+00
1.482348923369399829e+00,-1.433892335948132368e+00,2.067466472045254910e+00,-2.987691541819779584e+00,-1.508299050505234051e+00,-3.204226701344464079e+00
1.482664451235442549e+00,-1.433823550846045292e+00,2.067389100339520613e+00,-2.987699469358102711e+00,-1.508521614765970575e+00,-3.204002487787334985e+00
1.482980001716931007e+00,-1.433754610372542482e+00,2.067311535798766364e+00,-2.987707331319346071e+00,-1.508744197427589251e+00,-3.203778262975254254e+00
1.483295576217956713e+00,-1.433685511749850150e+00,2.067233775093432868e+00,-2.987715127125456060e+00,-1.508966799467519770e+00,-3.203554025884071343e+00
1.483611176142610066e+00,-1.433616252200195618e+00,2.067155814893957277e+00,-2.987722856198380850e+00,-1.509189421863190717e+00,-3.203329775489639264e+00
1.483926802894982799e+00,-1.433546828945806650e+00,2.067077651870778965e+00,-2.987730517960067278e+00,-1.509412065592031338e+00,-3.203105510767809250e+00
1.484242457879165089e+00,-1.433477239208909682e+00,2.066999282694337303e+00,-2.987738111832462184e+00,-1.509634731631470217e+00,-3.202881230694432535e+00
1.484558142499248445e+00,-1.433407480211731588e+00,2.066920704035071665e+00,-2.987745637237511964e+00,-1.509857420958937047e+00,-3.202656934245360798e+00
1.484873858159323046e+00,-1.433337549176499914e+00,2.066841912563419648e+00,-2.987753093597164789e+00,-1.510080134551859965e+00,-3.202432620396445717e+00
1.485189606263480844e+00,-1.433267443325441537e+00,2.066762904949821067e+00,-2.987760480333367052e+00,-1.510302873387669109e+00,-3.202208288123538527e+00
1.485505388215811795e+00,-1.433197159880783333e+00,2.066683677864715296e+00,-2.987767796868064707e+00,-1.510525638443792174e+00,-3.201983936402491349e+00
1.485821205420407631e+00,-1.433126696064752847e+00,2.066604227978540376e+00,-2.987775042623206811e+00,-1.510748430697659739e+00,-3.201759564209154973e+00
1.486137059281359196e+00,-1.433056049099576290e+00,2.066524551961735234e+00,-2.987782217020738873e+00,-1.510971251126699721e+00,-3.201535170519381968e+00
1.486452951202756667e+00,-1.432985216207481427e+00,2.066444646484738801e+00,-2.987789319482608175e+00,-1.511194100708341148e+00,-3.201310754309022677e+00
1.486768882588691554e+00,-1.432914194610695136e+00,2.066364508217991336e+00,-2.987796349430762000e+00,-1.511416980420013711e+00,-3.201086314553929668e+00
1.487084854843254700e+00,-1.432842981531444515e+00,2.066284133831929992e+00,-2.987803306287146299e+00,-1.511639891239145550e+00,-3.200861850229954619e+00
1.487400869370537393e+00,-1.432771574191956665e+00,2.066203519996994586e+00,-2.987810189473710132e+00,-1.511862834143166578e+00,-3.200637360312947877e+00
1.487716927574630255e+00,-1.432699969814458241e+00,2.066122663383624047e+00,-2.987816998412398561e+00,-1.512085810109505601e+00,-3.200412843778761562e+00
1.488033030859624128e+00,-1.432628165621176786e+00,2.066041560662257304e+00,-2.987823732525159315e+00,-1.512308820115590979e+00,-3.200188299603247799e+00
1.488349180629609858e+00,-1.432556158834338955e+00,2.065960208503332840e+00,-2.987830391233939675e+00,-1.512531865138852849e+00,-3.199963726762256933e+00
1.488665378288678953e+00,-1.432483946676172071e+00,2.065878603577290029e+00,-2.987836973960686482e+00,-1.512754946156719349e+00,-3.199739124231641973e+00
1.488981625240921813e+00,-1.432411526368902788e+00,2.065796742554567800e+00,-2.987843480127346130e+00,-1.512978064146619506e+00,-3.199514490987254156e+00
1.489297922890429504e+00,-1.432338895134758650e+00,2.065714622105604636e+00,-2.987849909155865902e+00,-1.513201220085982790e+00,-3.199289826004943826e+00
1.489614272641292869e+00,-1.432266050195966978e+00,2.065632238900839912e+00,-2.987856260468193526e+00,-1.513424414952237784e+00,-3.199065128260563107e+00
1.489930675883086808e+00,-1.432192988769667386e+00,2.065549589604203984e+00,-2.987862533483510941e+00,-1.513647649712575260e+00,-3.198840396740280312e+00
1.490247132159259191e+00,-1.432119707426165789e+00,2.065466670051856024e+00,-2.987868727269526570e+00,-1.513870924032079568e+00,-3.198615631742084187e+00
1.490563637378576445e+00,-1.432046201462264357e+00,2.065383474450228629e+00,-2.987874840201955262e+00,-1.514094235012228395e+00,-3.198390836146707272e+00
1.490880187025249048e+00,-1.431972466026012913e+00,2.065299996815393335e+00,-2.987880870575683190e+00,-1.514317579455053187e+00,-3.198166013136562125e+00
1.491196776583487482e+00,-1.431898496265460397e+00,2.065216231163418570e+00,-2.987886816685596969e+00,-1.514540954162584718e+00,-3.197941165894063076e+00
1.491513401537501560e+00,-1.431824287328656409e+00,2.065132171510375425e+00,-2.987892676826582772e+00,-1.514764355936854212e+00,-3.197716297601623126e+00
1.491830057371502427e+00,-1.431749834363650331e+00,2.065047811872331884e+00,-2.987898449293526770e+00,-1.514987781579892667e+00,-3.197491411441654829e+00
1.492146739569699676e+00,-1.431675132518491100e+00,2.064963146265359040e+00,-2.987904132381314692e+00,-1.515211227893731083e+00,-3.197266510596572520e+00
1.492463443616304009e+00,-1.431600176941228320e+00,2.064878168705525763e+00,-2.987909724384832710e+00,-1.515434691680400903e+00,-3.197041598248788752e+00
1.492780164995525904e+00,-1.431524962779910926e+00,2.064792873208903590e+00,-2.987915223598967884e+00,-1.515658169741932904e+00,-3.196816677580717414e+00
1.493096899191574956e+00,-1.431449485182588965e+00,2.064707253791560504e+00,-2.987920628318605498e+00,-1.515881658880357863e+00,-3.196591751774771506e+00
1.493413641688662308e+00,-1.431373739297310932e+00,2.064621304469567153e+00,-2.987925936838631280e+00,-1.516105155897707446e+00,-3.196366824013364472e+00
1.493730387970997997e+00,-1.431297720272126872e+00,2.064535019258992410e+00,-2.987931147453932734e+00,-1.516328657596012652e+00,-3.196141897478909311e+00
1.494047133522792059e+00,-1.431221423255085279e+00,2.064448392175907809e+00,-2.987936258459396033e+00,-1.516552160777303593e+00,-3.195916975353819467e+00
1.494363873828255418e+00,-1.431144843394235977e+00,2.064361417236381335e+00,-2.987941268149906460e+00,-1.516775662243612377e+00,-3.195692060820508384e+00
1.494680604371597887e+00,-1.431067975837628348e+00,2.064274088456483636e+00,-2.987946174820350631e+00,-1.516999158796969782e+00,-3.195467157061389507e+00
1.494997320637030169e+00,-1.430990815733311550e+00,2.064186399852284470e+00,-2.987950976765614719e+00,-1.517222647239407030e+00,-3.195242267258875835e+00
1.495314018108762744e+00,-1.430913358229334964e+00,2.064098345439854043e+00,-2.987955672280584452e+00,-1.517446124372954896e+00,-3.195017394595380811e+00
1.495630692271004980e+00,-1.430835598473747750e+00,2.064009919235261670e+00,-2.987960259660146445e+00,-1.517669586999644382e+00,-3.194792542253317880e+00
1.495947338607968469e+00,-1.430757531614599287e+00,2.063921115254576666e+00,-2.987964737199187315e+00,-1.517893031921507152e+00,-3.194567713415100041e+00
1.496263952603862579e+00,-1.430679152799938958e+00,2.063831927513869680e+00,-2.987969103192592346e+00,-1.518116455940573317e+00,-3.194342911263141183e+00
1.496580529742898014e+00,-1.430600457177815921e+00,2.063742350029209582e+00,-2.987973355935248598e+00,-1.518339855858874543e+00,-3.194118138979853860e+00
1.496897065509285252e+00,-1.430521439896279778e+00,2.063652376816667466e+00,-2.987977493722041356e+00,-1.518563228478442051e+00,-3.193893399747651962e+00
1.497213555387234329e+00,-1.430442096103379246e+00,2.063562001892312203e+00,-2.987981514847857234e+00,-1.518786570601306174e+00,-3.193668696748948488e+00
1.497529994860956171e+00,-1.430362420947164592e+00,2.063471219272213109e+00,-2.987985417607582850e+00,-1.519009879029499244e+00,-3.193444033166156881e+00
1.497846380288550883e+00,-1.430282408724801169e+00,2.063380021935131037e+00,-2.987989200076302421e+00,-1.519233151188090547e+00,-3.193219411573797295e+00
1.498162714386515493e+00,-1.430202047542459942e+00,2.063288395312387280e+00,-2.987992858729838552e+00,-1.519456389035367838e+00,-3.192994830123381700e+00
1.498479002682457040e+00,-1.430121322769211778e+00,2.063196321498509622e+00,-2.987996389336962100e+00,-1.519679596533796584e+00,-3.192770285010964937e+00
1.498795250716432603e+00,-1.430040219762004350e+00,2.063103782573246558e+00,-2.987999787663313089e+00,-1.519902777654719150e+00,-3.192545772423944328e+00
1.499111464028498597e+00,-1.429958723877785998e+00,2.063010760616345696e+00,-2.988003049474530659e+00,-1.520125936369477904e+00,-3.192321288549712754e+00
1.499427648158713211e+00,-1.429876820473503951e+00,2.062917237707555529e+00,-2.988006170536255723e+00,-1.520349076649415432e+00,-3.192096829575667538e+00
1.499743808647133303e+00,-1.429794494906106550e+00,2.062823195926624553e+00,-2.988009146614127864e+00,-1.520572202465874323e+00,-3.191872391689201560e+00
1.500059951033815508e+00,-1.429711732532541468e+00,2.062728617353300375e+00,-2.988011973473786220e+00,-1.520795317790196721e+00,-3.191647971077711698e+00
1.500376080858817796e+00,-1.429628518709756602e+00,2.062633484067332379e+00,-2.988014646880870817e+00,-1.521018426593725881e+00,-3.191423563928592610e+00
1.500692203662197022e+00,-1.429544838794699846e+00,2.062537778148467726e+00,-2.988017162601021237e+00,-1.521241532847803057e+00,-3.191199166429239398e+00
1.501008324984010489e+00,-1.429460678144319097e+00,2.062441481676454913e+00,-2.988019516399877507e+00,-1.521464640523772172e+00,-3.190974774767047606e+00
1.501324450364315055e+00,-1.429376022115562250e+00,2.062344576731042434e+00,-2.988021704043079652e+00,-1.521687753592974701e+00,-3.190750385129411448e+00
1.501640585343168022e+00,-1.429290856065377202e+00,2.062247045391977895e+00,-2.988023721296267254e+00,-1.521910876026753234e+00,-3.190525993703726915e+00
1.501956735460626469e+00,-1.429205165350711848e+00,2.062148869739010237e+00,-2.988025563925080341e+00,-1.522134011796450803e+00,-3.190301596677388218e+00
1.502272906256747698e+00,-1.429118935328513862e+00,2.062050031851887955e+00,-2.988027227695158494e+00,-1.522357164873408886e+00,-3.190077190237791793e+00
1.502589103271589233e+00,-1.429032151355731139e+00,2.061950513810357766e+00,-2.988028708372141296e+00,-1.522580339228970958e+00,-3.189852770572332741e+00
1.502905332045208153e+00,-1.428944798789311577e+00,2.061850297694169054e+00,-2.988030001721668771e+00,-1.522803538834478942e+00,-3.189628333868404830e+00
1.503221598117660873e+00,-1.428856862986203513e+00,2.061749365583070315e+00,-2.988031103509379616e+00,-1.523026767661275427e+00,-3.189403876313404940e+00
1.503537907029005583e+00,-1.428768329303354401e+00,2.061647699556809155e+00,-2.988032009500916075e+00,-1.523250029680702999e+00,-3.189179394094726394e+00
1.503854264319298917e+00,-1.428679183097711691e+00,2.061545281695133625e+00,-2.988032715461915956e+00,-1.523473328864104248e+00,-3.188954883399765627e+00
1.504170675298050819e+00,-1.428589409601037197e+00,2.061442093918097740e+00,-2.988033217099838268e+00,-1.523696669020613959e+00,-3.188730340580552713e+00
1.504487138073649977e+00,-1.428498990134881019e+00,2.061338113157674901e+00,-2.988033508304827723e+00,-1.523920048892841050e+00,-3.188505767131476265e+00
1.504803642307807499e+00,-1.428407901434247895e+00,2.061233310494992477e+00,-2.988033580835384839e+00,-1.524143461280524026e+00,-3.188281170578743051e+00
1.505120177180587770e+00,-1.428316119972608433e+00,2.061127656677546938e+00,-2.988033426328458919e+00,-1.524366898644529345e+00,-3.188056558792506046e+00
1.505436731872055844e+00,-1.428223622223433020e+00,2.061021122452838306e+00,-2.988033036420999267e+00,-1.524590353445721691e+00,-3.187831939642918222e+00
1.505753295562275884e+00,-1.428130384660191821e+00,2.060913678568363494e+00,-2.988032402749954297e+00,-1.524813818144965749e+00,-3.187607321000132110e+00
1.506069857431312942e+00,-1.428036383756355221e+00,2.060805295771622081e+00,-2.988031516952273758e+00,-1.525037285203127757e+00,-3.187382710734299796e+00
1.506386406659231625e+00,-1.427941595985393608e+00,2.060695944810112312e+00,-2.988030370664906066e+00,-1.525260747081072177e+00,-3.187158116715574252e+00
1.506702932426096320e+00,-1.427845997820777368e+00,2.060585596431331989e+00,-2.988028955524800079e+00,-1.525484196239664358e+00,-3.186933546814109341e+00
1.507019423911971856e+00,-1.427749565735977111e+00,2.060474221382780247e+00,-2.988027263168905545e+00,-1.525707625139769652e+00,-3.186709008900055817e+00
1.507335870296922620e+00,-1.427652276204463222e+00,2.060361790411953997e+00,-2.988025285234171768e+00,-1.525931026242253408e+00,-3.186484510843567985e+00
1.507652260761013885e+00,-1.427554105699705422e+00,2.060248274266352819e+00,-2.988023013357547608e+00,-1.526154392007980753e+00,-3.186260060514798376e+00
1.507968584484309593e+00,-1.427455030695174765e+00,2.060133643693475403e+00,-2.988020439175981480e+00,-1.526377714897816817e+00,-3.186035665783899962e+00
1.508284830646874575e+00,-1.427355027664341636e+00,2.060017869440819105e+00,-2.988017554326423131e+00,-1.526600987372626728e+00,-3.185811334521024385e+00
1.508600988428773881e+00,-1.427254073080675978e+00,2.059900922255883060e+00,-2.988014350445820977e+00,-1.526824201893276056e+00,-3.185587074596325063e+00
1.508917047010071677e+00,-1.427152143417648400e+00,2.059782772886164182e+00,-2.988010819171124766e+00,-1.527047350920629931e+00,-3.185362893879954527e+00
1.509232995570832569e+00,-1.427049215148729511e+00,2.059663392079162936e+00,-2.988006952139283801e+00,-1.527270426915553259e+00,-3.185138800242066637e+00
1.509548826875471539e+00,-1.426945261156108202e+00,2.059542746234908517e+00,-2.988002740205008667e+00,-1.527493424877379713e+00,-3.184914799025727383e+00
1.509864567966633153e+00,-1.426840219977457469e+00,2.059420760177269383e+00,-2.987998166742235728e+00,-1.527716364081588285e+00,-3.184690871406723023e+00
1.510180264933710381e+00,-1.426734011066871810e+00,2.059297335628262005e+00,-2.987993210968195257e+00,-1.527939277292732045e+00,-3.184466985132251793e+00
1.510495964070350583e+00,-1.426626553673794540e+00,2.059172374062160138e+00,-2.987987852055543847e+00,-1.528162197420019686e+00,-3.184243107805507567e+00
1.510811711670201563e+00,-1.426517767047668972e+00,2.059045776953236651e+00,-2.987982069176936761e+00,-1.528385157372659675e+00,-3.184019207029682885e+00
1.511127554026911790e+00,-1.426407570437938865e+00,2.058917445775766630e+00,-2.987975841505028374e+00,-1.528608190059861371e+00,-3.183795250407969846e+00
1.511443537434129070e+00,-1.426295883094047534e+00,2.058787282004021613e+00,-2.987969148212474835e+00,-1.528831328390833688e+00,-3.183571205543561433e+00
1.511759708185500983e+00,-1.426182624265438514e+00,2.058655187112276241e+00,-2.987961968471931407e+00,-1.529054605274785317e+00,-3.183347040039650633e+00
1.512076112574676223e+00,-1.426067713201555121e+00,2.058521062574803828e+00,-2.987954281456053796e+00,-1.529278053620925393e+00,-3.183122721499429097e+00
1.512392796895302149e+00,-1.425951069151840667e+00,2.058384809865878573e+00,-2.987946066337496376e+00,-1.529501706338462386e+00,-3.182898217526090701e+00
1.512709807441027454e+00,-1.425832611365738689e+00,2.058246330459772899e+00,-2.987937302288915742e+00,-1.529725596336605431e+00,-3.182673495722826651e+00
1.513027190505499497e+00,-1.425712259092692946e+00,2.058105525830760563e+00,-2.987927968482967156e+00,-1.529949756524563220e+00,-3.182448523692830822e+00
1.513344992382366305e+00,-1.425589931582146086e+00,2.057962297453116207e+00,-2.987918044092304548e+00,-1.530174219811544889e+00,-3.182223269039295310e+00
1.513663259280491946e+00,-1.425465548102959890e+00,2.057816546822976100e+00,-2.987907508288400127e+00,-1.530399019046905229e+00,-3.181997699425565873e+00
1.513981969111653392e+00,-1.425339043565599706e+00,2.057668193048614480e+00,-2.987896339288219405e+00,-1.530624138865606332e+00,-3.181771830970568704e+00
1.514300908451340355e+00,-1.425210396700945292e+00,2.057517204579222714e+00,-2.987884512634656708e+00,-1.530849428828572112e+00,-3.181545815542956568e+00
1.514619830621681595e+00,-1.425079593855661075e+00,2.057363558439215367e+00,-2.987872003405867005e+00,-1.531074715021484289e+00,-3.181319828604056266e+00
1.514938488944804984e+00,-1.424946621376411926e+00,2.057207231653007007e+00,-2.987858786680003043e+00,-1.531299823530025028e+00,-3.181094045615195487e+00
1.515256636742839724e+00,-1.424811465609862493e+00,2.057048201245012198e+00,-2.987844837535219789e+00,-1.531524580439876271e+00,-3.180868642037701921e+00
1.515574027337914353e+00,-1.424674112902676981e+00,2.056886444239644174e+00,-2.987830131049669546e+00,-1.531748811836720403e+00,-3.180643793332901925e+00
1.515890414052156743e+00,-1.424534549601520483e+00,2.056721937661318833e+00,-2.987814642301506840e+00,-1.531972343806238479e+00,-3.180419674962123633e+00
1.516205550207696096e+00,-1.424392762053057204e+00,2.056554658534449409e+00,-2.987798346368885305e+00,-1.532195002434113551e+00,-3.180196462386693401e+00
1.516519189126660505e+00,-1.424248736603952459e+00,2.056384583883450912e+00,-2.987781218329959021e+00,-1.532416613806026673e+00,-3.179974331067939364e+00
1.516831084131179175e+00,-1.424102459600870230e+00,2.056211690732737463e+00,-2.987763233262881624e+00,-1.532637004007660675e+00,-3.179753456467187878e+00
1.517140988570895299e+00,-1.423953917390920365e+00,2.056035956107846285e+00,-2.987744366248815897e+00,-1.532855999144063563e+00,-3.179534014026134336e+00
1.517448694432780076e+00,-1.423803096946554492e+00,2.055857358610540420e+00,-2.987724596595653370e+00,-1.533073452515480328e+00,-3.179316151618187813e+00
1.517754109198645063e+00,-1.423649987109495862e+00,2.055675881554246409e+00,-2.987703916245833646e+00,-1.533289298714135329e+00,-3.179099934709539443e+00
1.518057161837123470e+00,-1.423494577069228884e+00,2.055491509128954952e+00,-2.987682319492343197e+00,-1.533503487455925240e+00,-3.178885413435224461e+00
1.518357781316849175e+00,-1.423336856015239293e+00,2.055304225524656747e+00,-2.987659800628170714e+00,-1.533715968456747847e+00,-3.178672637930278544e+00
1.518655896606455835e+00,-1.423176813137012164e+00,2.055114014931341604e+00,-2.987636353946303114e+00,-1.533926691432501377e+00,-3.178461658329738260e+00
1.518951436674576883e+00,-1.423014437624032347e+00,2.054920861539001109e+00,-2.987611973739728644e+00,-1.534135606099083171e+00,-3.178252524768638398e+00
1.519244330489845973e+00,-1.422849718665785579e+00,2.054724749537625961e+00,-2.987586654301435551e+00,-1.534342662172390570e+00,-3.178045287382015083e+00
1.519534507020896985e+00,-1.422682645451756489e+00,2.054525663117206413e+00,-2.987560389924411197e+00,-1.534547809368322024e+00,-3.177839996304903991e+00
1.519821895236363574e+00,-1.422513207171430594e+00,2.054323586467733165e+00,-2.987533174901642496e+00,-1.534750997402774653e+00,-3.177636701672341246e+00
1.520106424104879395e+00,-1.422341393014292521e+00,2.054118503779196914e+00,-2.987505003526118585e+00,-1.534952175991646239e+00,-3.177435453619362082e+00
1.520388022595077882e+00,-1.422167192169828009e+00,2.053910399241588358e+00,-2.987475870090827268e+00,-1.535151294850834569e+00,-3.177236302281002622e+00
1.520666619675592468e+00,-1.421990593827521909e+00,2.053699257044898197e+00,-2.987445768888755904e+00,-1.535348303696236982e+00,-3.177039297792298544e+00
1.520942144315057476e+00,-1.421811587176859293e+00,2.053485061379116683e+00,-2.987414694212891852e+00,-1.535543152243751930e+00,-3.176844490288284639e+00
1.521214525482106339e+00,-1.421630161407325454e+00,2.053267796434234516e+00,-2.987382640356223362e+00,-1.535735790209276530e+00,-3.176651929903997917e+00
1.521483692145372491e+00,-1.421446305708405911e+00,2.053047446400242393e+00,-2.987349601611738681e+00,-1.535926167308708346e+00,-3.176461666774473169e+00
1.521749573273489586e+00,-1.421260009269585289e+00,2.052823995467131457e+00,-2.987315572272424280e+00,-1.536114233257945383e+00,-3.176273751034747406e+00
1.522012097835091060e+00,-1.421071261280348885e+00,2.052597427824891962e+00,-2.987280546631269296e+00,-1.536299937772884983e+00,-3.176088232819855417e+00
1.522271194798811234e+00,-1.420880050930181770e+00,2.052367727663514607e+00,-2.987244518981260644e+00,-1.536483230569425151e+00,-3.175905162264832438e+00
1.522526830402131770e+00,-1.420686370139698340e+00,2.052134883441309121e+00,-2.987207487867022060e+00,-1.536664087620099428e+00,-3.175724562959505004e+00
1.522779161241456514e+00,-1.420490224779358268e+00,2.051898905417976149e+00,-2.987169473549348364e+00,-1.536842619009040734e+00,-3.175546322908134655e+00
1.523028404531944879e+00,-1.420291625161875126e+00,2.051659810795748218e+00,-2.987130503204432408e+00,-1.537018977527486951e+00,-3.175370286938508535e+00
1.523274777514457279e+00,-1.420090581601844537e+00,2.051417616779802167e+00,-2.987090604011396255e+00,-1.537193315984781261e+00,-3.175196299860104432e+00
1.523518497429853902e+00,-1.419887104413863232e+00,2.051172340575315278e+00,-2.987049803149363303e+00,-1.537365787190268618e+00,-3.175024206482401912e+00
1.523759781518995826e+00,-1.419681203912527057e+00,2.050923999387463503e+00,-2.987008127797458279e+00,-1.537536543953293533e+00,-3.174853851614879652e+00
1.523998847022743020e+00,-1.419472890412432520e+00,2.050672610421423681e+00,-2.986965605134802804e+00,-1.537705739083199408e+00,-3.174685080067016774e+00
1.524235911181956782e+00,-1.419262174228175244e+00,2.050418190882372205e+00,-2.986922262340522494e+00,-1.537873525389331419e+00,-3.174517736648291955e+00
1.524471191237497303e+00,-1.419049065674352184e+00,2.050160757975485470e+00,-2.986878126593738969e+00,-1.538040055681033635e+00,-3.174351666168184316e+00
1.524704904430225216e+00,-1.418833575065559183e+00,2.049900328905941205e+00,-2.986833225073577402e+00,-1.538205482767649901e+00,-3.174186713436172980e+00
1.524937268001000934e+00,-1.418615712716392085e+00,2.049636920878915358e+00,-2.986787584959158970e+00,-1.538369959458524727e+00,-3.174022723261736179e+00
1.525168499190685090e+00,-1.418395488941448290e+00,2.049370551099584326e+00,-2.986741233429609288e+00,-1.538533638563002626e+00,-3.173859540454353922e+00
1.525398815240138095e+00,-1.418172914055322531e+00,2.049101236773124057e+00,-2.986694197664051309e+00,-1.538696672890428108e+00,-3.173697009823504445e+00
1.525628433390221028e+00,-1.417947998372612206e+00,2.048828995104713613e+00,-2.986646504841607541e+00,-1.538859215250144796e+00,-3.173534976178665978e+00
1.525857570881793634e+00,-1.417720752207912938e+00,2.048553843299527610e+00,-2.986598182141402713e+00,-1.539021418451497203e+00,-3.173373284329319421e+00
1.526086444955717436e+00,-1.417491185875820570e+00,2.048275798562743333e+00,-2.986549256742558889e+00,-1.539183435303829839e+00,-3.173211779084942563e+00
1.526315269440948974e+00,-1.417259311717689263e+00,2.047994880531228024e+00,-2.986499755993215821e+00,-1.539345416213475870e+00,-3.173050307686119620e+00
1.526544187966692334e+00,-1.417025183775304953e+00,2.047711158873769755e+00,-2.986449710718983575e+00,-1.539507462144928063e+00,-3.172888767393329701e+00
1.526773278272844481e+00,-1.416788895230372880e+00,2.047424750218987732e+00,-2.986399155009417772e+00,-1.539669627656697015e+00,-3.172727102415592526e+00
1.527002615550573150e+00,-1.416550540778608092e+00,2.047135773012001447e+00,-2.986348123080333483e+00,-1.539831965512215906e+00,-3.172565258777991115e+00
1.527232274991046079e+00,-1.416310215115724969e+00,2.046844345697930390e+00,-2.986296649147542226e+00,-1.539994528474919688e+00,-3.172403182505608932e+00
1.527462331785430782e+00,-1.416068012937438780e+00,2.046550586721894049e+00,-2.986244767426856406e+00,-1.540157369308241764e+00,-3.172240819623528107e+00
1.527692861124895218e+00,-1.415824028939464796e+00,2.046254614529010141e+00,-2.986192512134089760e+00,-1.540320540775616864e+00,-3.172078116156832106e+00
1.527923938200607124e+00,-1.415578357817517174e+00,2.045956547564399930e+00,-2.986139917485055584e+00,-1.540484095640478834e+00,-3.171915018130604391e+00
1.528155638203734012e+00,-1.415331094267311407e+00,2.045656504273181131e+00,-2.986087017695564949e+00,-1.540648086666262406e+00,-3.171751471569927538e+00
1.528388036325443844e+00,-1.415082332984562319e+00,2.045354603100473234e+00,-2.986033846981432038e+00,-1.540812566616400758e+00,-3.171587422499884568e+00
1.528621207756904132e+00,-1.414832168664984291e+00,2.045050962491396174e+00,-2.985980439558469701e+00,-1.540977588254328845e+00,-3.171422816945558054e+00
1.528855227689282392e+00,-1.414580696004293037e+00,2.044745700891068552e+00,-2.985926829642490343e+00,-1.541143204343480511e+00,-3.171257600932032794e+00
1.529090171313747470e+00,-1.414328009698202937e+00,2.044438936744609414e+00,-2.985873051449307702e+00,-1.541309467647290266e+00,-3.171091720484389143e+00
1.529326113821465771e+00,-1.414074204442429039e+00,2.044130788497138695e+00,-2.985819139194732852e+00,-1.541476430929191954e+00,-3.170925121627712340e+00
1.529563130403605475e+00,-1.413819374932686390e+00,2.043821374593774554e+00,-2.985765127094579974e+00,-1.541644146952619421e+00,-3.170757750387084073e+00
1.529801296251334541e+00,-1.413563615864689371e+00,2.043510813479636923e+00,-2.985711049364661918e+00,-1.541812668481007176e+00,-3.170589552787587806e+00
1.530040686555820706e+00,-1.413307021934153251e+00,2.043199223599845293e+00,-2.985656940220791089e+00,-1.541982048277789730e+00,-3.170420474854307447e+00
1.530281371236666299e+00,-1.413049686572334984e+00,2.042886721706461017e+00,-2.985602832946509633e+00,-1.542152335398474072e+00,-3.170250466378582654e+00
1.530523326033438991e+00,-1.412791680620094414e+00,2.042573394303942358e+00,-2.985548744169719715e+00,-1.542323512653975826e+00,-3.170079544438484387e+00
1.530766445464350811e+00,-1.412533055436216989e+00,2.042259301811056638e+00,-2.985494676154412996e+00,-1.542495505725528959e+00,-3.169907784140507889e+00
1.531010621385604065e+00,-1.412273861740966474e+00,2.041944503791618182e+00,-2.985440630693806607e+00,-1.542668238421954552e+00,-3.169735262493015959e+00
1.531255745653398392e+00,-1.412014150254607969e+00,2.041629059809441316e+00,-2.985386609581117234e+00,-1.542841634552074126e+00,-3.169562056504371839e+00
1.531501710123935656e+00,-1.411753971697406351e+00,2.041313029428342141e+00,-2.985332614609562896e+00,-1.543015617924708316e+00,-3.169388243182941434e+00
1.531748406653416605e+00,-1.411493376789624499e+00,2.040996472212132318e+00,-2.985278647572359834e+00,-1.543190112348678200e+00,-3.169213899537087098e+00
1.531995727098041549e+00,-1.411232416251528177e+00,2.040679447724628837e+00,-2.985224710262726511e+00,-1.543365041632805745e+00,-3.169039102575173406e+00
1.532243563314012125e+00,-1.410971140803381374e+00,2.040362015529644690e+00,-2.985170804473880057e+00,-1.543540329585910920e+00,-3.168863929305563598e+00
1.532491807157528640e+00,-1.410709601165448301e+00,2.040044235190994648e+00,-2.985116931999036716e+00,-1.543715900016815468e+00,-3.168688456736621806e+00
1.532740350484792513e+00,-1.410447848057993614e+00,2.039726166272493924e+00,-2.985063094631414504e+00,-1.543891676734340690e+00,-3.168512761876711714e+00
1.532989085152004494e+00,-1.410185932201281522e+00,2.039407868337955954e+00,-2.985009294164230109e+00,-1.544067583547307443e+00,-3.168336921734197453e+00
1.533237903015365555e+00,-1.409923904315576682e+00,2.039089400951195952e+00,-2.984955532390701549e+00,-1.544243544264536805e+00,-3.168161013317443153e+00
1.533486695931076227e+00,-1.409661815121143080e+00,2.038770823676028243e+00,-2.984901811104045510e+00,-1.544419482694850076e+00,-3.167985113634812055e+00
1.533735355755337926e+00,-1.409399715338245818e+00,2.038452196076267153e+00,-2.984848132097479567e+00,-1.544595322647068114e+00,-3.167809299694668290e+00
1.533983774344351403e+00,-1.409137655687148438e+00,2.038133577715726119e+00,-2.984794497164221294e+00,-1.544770987930012218e+00,-3.167633648505375543e+00
1.534231843554317187e+00,-1.408875686888116041e+00,2.037815028158221686e+00,-2.984740908097486933e+00,-1.544946402352503689e+00,-3.167458237075297944e+00
1.534479455241437140e+00,-1.408613859661412615e+00,2.037496606967566848e+00,-2.984687366690494059e+00,-1.545121489723363606e+00,-3.167283142412799180e+00
1.534726501261910903e+00,-1.408352224727303037e+00,2.037178373707576817e+00,-2.984633874736461134e+00,-1.545296173851412602e+00,-3.167108441526242490e+00
1.534972873526778914e+00,-1.408090832774770096e+00,2.036860387904850800e+00,-2.984580434025545514e+00,-1.545470378584143489e+00,-3.166934211385011633e+00
1.535218491169561439e+00,-1.407829718964463517e+00,2.036542690612126005e+00,-2.984527044829779818e+00,-1.545644046965998886e+00,-3.166760509607462915e+00
1.535463344499552241e+00,-1.407568877856725242e+00,2.036225274580465427e+00,-2.984473703451909543e+00,-1.545817172233675985e+00,-3.166587343216856976e+00
1.535707435314635161e+00,-1.407308297458537583e+00,2.035908124764482796e+00,-2.984420405553990019e+00,-1.545989755725480475e+00,-3.166414711069822641e+00
1.535950765412694263e+00,-1.407047965776884402e+00,2.035591226118794950e+00,-2.984367146798077020e+00,-1.546161798779719376e+00,-3.166242612022986513e+00
1.536193336591613612e+00,-1.406787870818749342e+00,2.035274563598016506e+00,-2.984313922846226319e+00,-1.546333302734697934e+00,-3.166071044932977863e+00
1.536435150649277492e+00,-1.406528000591115157e+00,2.034958122156761195e+00,-2.984260729360494135e+00,-1.546504268928723391e+00,-3.165900008656424180e+00
1.536676209383569081e+00,-1.406268343100965268e+00,2.034641886749645856e+00,-2.984207562002936243e+00,-1.546674698700101214e+00,-3.165729502049953847e+00
1.536916514592373328e+00,-1.406008886355282872e+00,2.034325842331284218e+00,-2.984154416435608859e+00,-1.546844593387137756e+00,-3.165559523970194356e+00
1.537156068073574078e+00,-1.405749618361051612e+00,2.034009973856292675e+00,-2.984101288320567757e+00,-1.547013954328139373e+00,-3.165390073273774085e+00
1.537394871625054948e+00,-1.405490527125254685e+00,2.033694266279284957e+00,-2.984048173319868713e+00,-1.547182782861411976e+00,-3.165221148817321417e+00
1.537632927044700448e+00,-1.405231600654875290e+00,2.033378704554877903e+00,-2.983995067095567055e+00,-1.547351080325262140e+00,-3.165052749457464287e+00
1.537870236130394197e+00,-1.404972826956896403e+00,2.033063273637684354e+00,-2.983941965309718558e+00,-1.547518848057995555e+00,-3.164884874050830632e+00
1.538106800680020703e+00,-1.404714194038301889e+00,2.032747958482321593e+00,-2.983888863624380772e+00,-1.547686087397919019e+00,-3.164717521454047944e+00
1.538342622491463807e+00,-1.404455689906075166e+00,2.032432744043402906e+00,-2.983835757701608138e+00,-1.547852799683338443e+00,-3.164550690523745491e+00
1.538577703362606908e+00,-1.404197302567199213e+00,2.032117615275545131e+00,-2.983782643203457319e+00,-1.548018986252559959e+00,-3.164384380116548989e+00
1.538812045091335179e+00,-1.403939020028656781e+00,2.031802557133361553e+00,-2.983729515791983644e+00,-1.548184648443889699e+00,-3.164218589089089484e+00
1.539045649475532018e+00,-1.403680830297431958e+00,2.031487554571468568e+00,-2.983676371129242444e+00,-1.548349787595634242e+00,-3.164053316297993135e+00
1.539278518313081268e+00,-1.403422721380508165e+00,2.031172592544481237e+00,-2.983623204877290824e+00,-1.548514405046099496e+00,-3.163888560599888322e+00
1.539510653401867435e+00,-1.403164681284867710e+00,2.030857656007013734e+00,-2.983570012698184559e+00,-1.548678502133591595e+00,-3.163724320851403871e+00
1.539742056539774584e+00,-1.402906698017495124e+00,2.030542729913681566e+00,-2.983516790253978979e+00,-1.548842080196416893e+00,-3.163560595909166384e+00
1.539972729524686113e+00,-1.402648759585372940e+00,2.030227799219100238e+00,-2.983463533206730300e+00,-1.549005140572881301e+00,-3.163397384629805131e+00
1.540202674154486528e+00,-1.402390853995484354e+00,2.029912848877884368e+00,-2.983410237218494299e+00,-1.549167684601291617e+00,-3.163234685869948049e+00
1.540431891006843745e+00,-1.402132970377029775e+00,2.029597865202334539e+00,-2.983356898199389207e+00,-1.549329712755555200e+00,-3.163072499346115229e+00
1.540660370765271958e+00,-1.401875106958725414e+00,2.029282845513571854e+00,-2.983303514070954510e+00,-1.549491218500587797e+00,-3.162910831747291152e+00
1.540888099311111814e+00,-1.401617266385782656e+00,2.028967792475901977e+00,-2.983250083730982993e+00,-1.549652191899456355e+00,-3.162749693146577723e+00
1.541115062493959353e+00,-1.401359451332608641e+00,2.028652708788952985e+00,-2.983196606083719171e+00,-1.549812622992739808e+00,-3.162589093639447846e+00
1.541341246163409506e+00,-1.401101664473609620e+00,2.028337597152349847e+00,-2.983143080033409333e+00,-1.549972501821017756e+00,-3.162429043321373534e+00
1.541566636169058535e+00,-1.400843908483191624e+00,2.028022460265720195e+00,-2.983089504484299770e+00,-1.550131818424869135e+00,-3.162269552287827690e+00
1.541791218360501592e+00,-1.400586186035761793e+00,2.027707300828691217e+00,-2.983035878340635438e+00,-1.550290562844872877e+00,-3.162110630634283659e+00
1.542014978587334717e+00,-1.400328499805726157e+00,2.027392121540888770e+00,-2.982982200506662185e+00,-1.550448725121608806e+00,-3.161952288456212568e+00
1.542237902699153507e+00,-1.400070852467491411e+00,2.027076925101940486e+00,-2.982928469886625411e+00,-1.550606295295655412e+00,-3.161794535849088206e+00
1.542459976545553113e+00,-1.399813246695464475e+00,2.026761714211472221e+00,-2.982874685384771407e+00,-1.550763263407592740e+00,-3.161637382908382143e+00
1.542681185976129576e+00,-1.399555685164051377e+00,2.026446491569112052e+00,-2.982820845905344687e+00,-1.550919619497999280e+00,-3.161480839729567727e+00
1.542901516840478715e+00,-1.399298170547658593e+00,2.026131259874485835e+00,-2.982766950352592428e+00,-1.551075353607454188e+00,-3.161324916408118302e+00
1.543120954988195681e+00,-1.399040705520692818e+00,2.025816021827219870e+00,-2.982712997630759144e+00,-1.551230455776537065e+00,-3.161169623039504550e+00
1.543339486268876515e+00,-1.398783292757560304e+00,2.025500780126942679e+00,-2.982658986644091570e+00,-1.551384916045826845e+00,-3.161014969719200707e+00
1.543557096532116368e+00,-1.398525934932668413e+00,2.025185537473279673e+00,-2.982604916296834219e+00,-1.551538724455902685e+00,-3.160860966542678785e+00
1.543773771627511504e+00,-1.398268634720422732e+00,2.024870296565858041e+00,-2.982550785493234269e+00,-1.551691871047344184e+00,-3.160707623605411243e+00
1.543989497404657074e+00,-1.398011394795230178e+00,2.024555060104304527e+00,-2.982496593137535790e+00,-1.551844345860729835e+00,-3.160554951002871871e+00
1.544204259713148897e+00,-1.397754217831497225e+00,2.024239830788245431e+00,-2.982442338133984627e+00,-1.551996138936639458e+00,-3.160402958830530906e+00
1.544418044402582568e+00,-1.397497106503629904e+00,2.023924611317307942e+00,-2.982388019386827516e+00,-1.552147240315651766e+00,-3.160251657183863028e+00
1.544630837322553907e+00,-1.397240063486035799e+00,2.023609404391119693e+00,-2.982333635800309413e+00,-1.552297640038346138e+00,-3.160101056158340249e+00
1.544842624322658509e+00,-1.396983091453120496e+00,2.023294212709306539e+00,-2.982279186278676608e+00,-1.552447328145301952e+00,-3.159951165849435029e+00
1.545053391252491970e+00,-1.396726193079290912e+00,2.022979038971494781e+00,-2.982224669726173616e+00,-1.552596294677098365e+00,-3.159801996352620268e+00
1.545263123961649443e+00,-1.396469371038953744e+00,2.022663885877312495e+00,-2.982170085047047614e+00,-1.552744529674313867e+00,-3.159653557763367981e+00
1.545471808299727190e+00,-1.396212628006514578e+00,2.022348756126385094e+00,-2.982115431145542672e+00,-1.552892023177528502e+00,-3.159505860177151515e+00
1.545679430117044451e+00,-1.395955966655570313e+00,2.022033652417319249e+00,-2.982060706925780735e+00,-1.553038765227829021e+00,-3.159358913688923298e+00
1.545885975871561957e+00,-1.395699388978963285e+00,2.021718576591248873e+00,-2.982005911186976999e+00,-1.553184746292578300e+00,-3.159212727957439348e+00
1.546091433732589060e+00,-1.395442895052279031e+00,2.021403528074347644e+00,-2.981951042432891885e+00,-1.553329958039695757e+00,-3.159067311412958379e+00
1.546295792168529415e+00,-1.395186484616021794e+00,2.021088505870721086e+00,-2.981896099115650678e+00,-1.553474392346923416e+00,-3.158922672271030407e+00
1.546499039647787122e+00,-1.394930157410695815e+00,2.020773508984475608e+00,-2.981841079687376439e+00,-1.553618041092002633e+00,-3.158778818747209005e+00
1.546701164638765613e+00,-1.394673913176804891e+00,2.020458536419717621e+00,-2.981785982600195339e+00,-1.553760896152674764e+00,-3.158635759057045966e+00
1.546902155609868768e+00,-1.394417751654853044e+00,2.020143587180554867e+00,-2.981730806306230441e+00,-1.553902949406682055e+00,-3.158493501416092641e+00
1.547102001029500906e+00,-1.394161672585344736e+00,2.019828660271093312e+00,-2.981675549257606583e+00,-1.554044192731766527e+00,-3.158352054039902157e+00
1.547300689366064796e+00,-1.393905675708783320e+00,2.019513754695439367e+00,-2.981620209906449048e+00,-1.554184618005669316e+00,-3.158211425144026308e+00
1.547498209087964982e+00,-1.393649760765673484e+00,2.019198869457699441e+00,-2.981564786704881342e+00,-1.554324217106132222e+00,-3.158071622944015555e+00
1.547694548663605341e+00,-1.393393927496519469e+00,2.018884003561979945e+00,-2.981509278105027416e+00,-1.554462981910897490e+00,-3.157932655655423471e+00
1.547889696561389083e+00,-1.393138175641825072e+00,2.018569156012387733e+00,-2.981453682559012552e+00,-1.554600904297706254e+00,-3.157794531493802292e+00
1.548083641249720532e+00,-1.392882504942094091e+00,2.018254325813029659e+00,-2.981397998518961590e+00,-1.554737976144300760e+00,-3.157657258674702927e+00
1.548276371197003121e+00,-1.392626915137830768e+00,2.017939511968011690e+00,-2.981342224436998034e+00,-1.554874189328421918e+00,-3.157520845413677613e+00
1.548467874871640948e+00,-1.392371405969539344e+00,2.017624713481440679e+00,-2.981286358765246725e+00,-1.555009535727812198e+00,-3.157385299926279920e+00
1.548658140742037448e+00,-1.392115977177724062e+00,2.017309929357422593e+00,-2.981230399955832056e+00,-1.555144007220213398e+00,-3.157250630428058980e+00
1.548847157276596720e+00,-1.391860628502888941e+00,2.016995158600065619e+00,-2.981174346460878422e+00,-1.555277595683366654e+00,-3.157116845134569694e+00
1.549034912943722420e+00,-1.391605359685537557e+00,2.016680400213474833e+00,-2.981118196732509329e+00,-1.555410292995013988e+00,-3.156983952261362525e+00
1.549221396211818202e+00,-1.391350170466174374e+00,2.016365653201755759e+00,-2.981061949222851393e+00,-1.555542091032897645e+00,-3.156851960023989712e+00
1.549406595549288168e+00,-1.391095060585303633e+00,2.016050916569017915e+00,-2.981005602384027231e+00,-1.555672981674758315e+00,-3.156720876638003048e+00
1.549590499424535750e+00,-1.390840029783428911e+00,2.015736189319365046e+00,-2.980949154668161682e+00,-1.555802956798338688e+00,-3.156590710318955662e+00
1.549773096305965492e+00,-1.390585077801054670e+00,2.015421470456905784e+00,-2.980892604527379586e+00,-1.555932008281380119e+00,-3.156461469282398458e+00
1.549954374661980161e+00,-1.390330204378685375e+00,2.015106758985746094e+00,-2.980835950413804891e+00,-1.556060128001623966e+00,-3.156333161743883231e+00
1.550134322960984079e+00,-1.390075409256823935e+00,2.014792053909991054e+00,-2.980779190779562882e+00,-1.556187307836812472e+00,-3.156205795918963108e+00
1.550312929671381124e+00,-1.389820692175975703e+00,2.014477354233748851e+00,-2.980722324076775731e+00,-1.556313539664686996e+00,-3.156079380023188996e+00
1.550490183261574506e+00,-1.389566052876644031e+00,2.014162658961125896e+00,-2.980665348757570943e+00,-1.556438815362989780e+00,-3.155953922272114021e+00
1.550666072199968992e+00,-1.389311491099332940e+00,2.013847967096227709e+00,-2.980608263274071135e+00,-1.556563126809462183e+00,-3.155829430881289976e+00
1.550840585468354238e+00,-1.389057006702909991e+00,2.013533277818964962e+00,-2.980551066182442366e+00,-1.556686466243113243e+00,-3.155705913699838217e+00
1.551013715227598233e+00,-1.388802600279189114e+00,2.013218591397885504e+00,-2.980493756683114892e+00,-1.556808828140049838e+00,-3.155583376307817378e+00
1.551185454853922785e+00,-1.388548272700188546e+00,2.012903908517720275e+00,-2.980436334222818395e+00,-1.556930207831616952e+00,-3.155461823417825773e+00
1.551355797725991303e+00,-1.388294024838489849e+00,2.012589229864037321e+00,-2.980378798248779049e+00,-1.557050600650876859e+00,-3.155341259740719551e+00
1.551524737222467643e+00,-1.388039857566673474e+00,2.012274556122404245e+00,-2.980321148208219917e+00,-1.557170001930893166e+00,-3.155221689987355305e+00
1.551692266722014768e+00,-1.387785771757321207e+00,2.011959887978389538e+00,-2.980263383548368505e+00,-1.557288407004728814e+00,-3.155103118868588297e+00
1.551858379603296978e+00,-1.387531768283013722e+00,2.011645226117559027e+00,-2.980205503716447435e+00,-1.557405811205446078e+00,-3.154985551095274676e+00
1.552023069244977238e+00,-1.387277848016332360e+00,2.011330571225481645e+00,-2.980147508159683323e+00,-1.557522209866108343e+00,-3.154868991378271481e+00
1.552186329025718958e+00,-1.387024011829858683e+00,2.011015923987724996e+00,-2.980089396325301454e+00,-1.557637598319777661e+00,-3.154753444428434417e+00
1.552348152324185993e+00,-1.386770260596173143e+00,2.010701285089856238e+00,-2.980031167660525782e+00,-1.557751971899518084e+00,-3.154638914956618745e+00
1.552508532519041973e+00,-1.386516595187857304e+00,2.010386655217443419e+00,-2.979972821612582035e+00,-1.557865325938391665e+00,-3.154525407673681947e+00
1.552667462988949865e+00,-1.386263016477492727e+00,2.010072035056055029e+00,-2.979914357628695054e+00,-1.557977655769461345e+00,-3.154412927290479285e+00
1.552824937112573744e+00,-1.386009525337659642e+00,2.009757425291256894e+00,-2.979855775156090125e+00,-1.558088956725790508e+00,-3.154301478517866908e+00
1.552980948268576578e+00,-1.385756122640940280e+00,2.009442826608618837e+00,-2.979797073641991645e+00,-1.558199224140441208e+00,-3.154191066066700966e+00
1.553135489835622440e+00,-1.385502809259914869e+00,2.009128239693706242e+00,-2.979738252533625342e+00,-1.558308453346477052e+00,-3.154081694647838052e+00
1.553288555192374520e+00,-1.385249586067164973e+00,2.008813665232088486e+00,-2.979679311278216947e+00,-1.558416639676960758e+00,-3.153973368972133429e+00
1.553440137717496228e+00,-1.384996453935271932e+00,2.008499103909332728e+00,-2.979620249322989967e+00,-1.558523778464954601e+00,-3.153866093750444133e+00
1.553590230789651194e+00,-1.384743413736816420e+00,2.008184556411006128e+00,-2.979561066115170131e+00,-1.558629865043522411e+00,-3.153759873693624982e+00
1.553738827787503274e+00,-1.384490466344380222e+00,2.007870023422677619e+00,-2.979501761101982726e+00,-1.558734894745726463e+00,-3.153654713512534347e+00
1.553885922089715432e+00,-1.384237612630543790e+00,2.007555505629913473e+00,-2.979442333730652592e+00,-1.558838862904629696e+00,-3.153550617918025711e+00
1.554031507074951746e+00,-1.383984853467888909e+00,2.007241003718282180e+00,-2.979382783448404570e+00,-1.558941764853294831e+00,-3.153447591620957002e+00
1.554175576121875180e+00,-1.383732189728996476e+00,2.006926518373351787e+00,-2.979323109702464834e+00,-1.559043595924785031e+00,-3.153345639332183481e+00
1.554318122609149144e+00,-1.383479622286447830e+00,2.006612050280688564e+00,-2.979263311940056891e+00,-1.559144351452163457e+00,-3.153244765762561741e+00
1.554459139915438159e+00,-1.383227152012823646e+00,2.006297600125861447e+00,-2.979203389608406027e+00,-1.559244026768492608e+00,-3.153144975622947044e+00
1.554598621419404525e+00,-1.382974779780705710e+00,2.005983168594437593e+00,-2.979143342154738860e+00,-1.559342617206834758e+00,-3.153046273624197315e+00
1.554736560499712317e+00,-1.382722506462674916e+00,2.005668756371985051e+00,-2.979083169026278899e+00,-1.559440118100253736e+00,-3.152948664477166485e+00
1.554872950535025389e+00,-1.382470332931312162e+00,2.005354364144071422e+00,-2.979022869670251872e+00,-1.559536524781812039e+00,-3.152852152892712034e+00
1.555007785699548339e+00,-1.382218259968223339e+00,2.005039992525059933e+00,-2.978962443597259924e+00,-1.559631833145696422e+00,-3.152756743016393859e+00
1.555141070334322251e+00,-1.381966287192363696e+00,2.004725641219353705e+00,-2.978901891127859081e+00,-1.559726046257125187e+00,-3.152662431769426732e+00
1.555272815803966147e+00,-1.381714413419493637e+00,2.004411309302724042e+00,-2.978841213142145783e+00,-1.559819172135296972e+00,-3.152569211082214107e+00
1.555403033612905661e+00,-1.381462637449385245e+00,2.004096995838427375e+00,-2.978780410531353784e+00,-1.559911218898020868e+00,-3.152477072785816681e+00
1.555531735265566651e+00,-1.381210958081810380e+00,2.003782699889722796e+00,-2.978719484186718169e+00,-1.560002194663105524e+00,-3.152386008711292931e+00
1.555658932266374972e+00,-1.380959374116541793e+00,2.003468420519866733e+00,-2.978658434999474025e+00,-1.560092107548360474e+00,-3.152296010689703554e+00
1.555784636119756259e+00,-1.380707884353350678e+00,2.003154156792117391e+00,-2.978597263860853772e+00,-1.560180965671594144e+00,-3.152207070552107471e+00
1.555908858330136146e+00,-1.380456487592009784e+00,2.002839907769733419e+00,-2.978535971662094273e+00,-1.560268777150616293e+00,-3.152119180129564935e+00
1.556031610401940712e+00,-1.380205182632290750e+00,2.002525672515970356e+00,-2.978474559294428392e+00,-1.560355550103235567e+00,-3.152032331253134867e+00
1.556152903839595369e+00,-1.379953968273966103e+00,2.002211450094088185e+00,-2.978413027649091216e+00,-1.560441292647261502e+00,-3.151946515753878408e+00
1.556272750147526418e+00,-1.379702843316808147e+00,2.001897239567342890e+00,-2.978351377617317386e+00,-1.560526012900502746e+00,-3.151861725462854924e+00
1.556391160830158826e+00,-1.379451806560588301e+00,2.001583039998993563e+00,-2.978289610090340211e+00,-1.560609718980768612e+00,-3.151777952211122447e+00
1.556508147391919117e+00,-1.379200856805079090e+00,2.001268850452296633e+00,-2.978227725959395666e+00,-1.560692419005867970e+00,-3.151695187829742562e+00
1.556623721337232480e+00,-1.378949992850052819e+00,2.000954669990510748e+00,-2.978165726115717060e+00,-1.560774121093610134e+00,-3.151613424149774634e+00
1.556737894170525216e+00,-1.378699213495281128e+00,2.000640497676893226e+00,-2.978103611450539034e+00,-1.560854833361803973e+00,-3.151532653002278472e+00
1.556850677396222737e+00,-1.378448517540536766e+00,2.000326332574701826e+00,-2.978041382855097119e+00,-1.560934563928258800e+00,-3.151452866218312998e+00
1.556962082518750679e+00,-1.378197903785590928e+00,2.000012173747194755e+00,-2.977979041220624179e+00,-1.561013320910783708e+00,-3.151374055628938908e+00
1.557072121042535118e+00,-1.377947371030216361e+00,1.999698020257628439e+00,-2.977916587438355744e+00,-1.561091112427187344e+00,-3.151296213065214680e+00
1.557180804472001912e+00,-1.377696918074185373e+00,1.999383871169261973e+00,-2.977854022399525569e+00,-1.561167946595279021e+00,-3.151219330358201898e+00
1.557288144311576250e+00,-1.377446543717269378e+00,1.999069725545351783e+00,-2.977791346995368738e+00,-1.561243831532868054e+00,-3.151143399338958595e+00
1.557394152065684878e+00,-1.377196246759240905e+00,1.998755582449156742e+00,-2.977728562117119449e+00,-1.561318775357763089e+00,-3.151068411838545469e+00
1.557498839238752320e+00,-1.376946025999872480e+00,1.998441440943934166e+00,-2.977665668656011899e+00,-1.561392786187773440e+00,-3.150994359688021440e+00
1.557602217335205319e+00,-1.376695880238935521e+00,1.998127300092941372e+00,-2.977602667503281175e+00,-1.561465872140708422e+00,-3.150921234718447206e+00
1.557704297859469067e+00,-1.376445808276202554e+00,1.997813158959436564e+00,-2.977539559550161474e+00,-1.561538041334376681e+00,-3.150849028760881687e+00
1.557805092315969642e+00,-1.376195808911445440e+00,1.997499016606677058e+00,-2.977476345687886106e+00,-1.561609301886587753e+00,-3.150777733646385581e+00
1.557904612209133122e+00,-1.375945880944436039e+00,1.997184872097921060e+00,-2.977413026807691043e+00,-1.561679661915150286e+00,-3.150707341206017364e+00
1.558002869043384253e+00,-1.375696023174947324e+00,1.996870724496425664e+00,-2.977349603800810485e+00,-1.561749129537873371e+00,-3.150637843270837735e+00
1.558099874323150003e+00,-1.375446234402750711e+00,1.996556572865448853e+00,-2.977286077558478183e+00,-1.561817712872566322e+00,-3.150569231671905612e+00
1.558195638774937164e+00,-1.375196513598424541e+00,1.996242416438309464e+00,-2.977222448938094956e+00,-1.561885419487950566e+00,-3.150501498792281030e+00
1.558290169580778040e+00,-1.374946860510802837e+00,1.995928255223186287e+00,-2.977158718642903157e+00,-1.561952254450902577e+00,-3.150434639530132586e+00
1.558383472913744683e+00,-1.374697275110253525e+00,1.995614089448826345e+00,-2.977094887332259354e+00,-1.562018222116133392e+00,-3.150368649499573959e+00
1.558475554946835873e+00,-1.374447757367162737e+00,1.995299919343994199e+00,-2.977030955665519230e+00,-1.562083326838301867e+00,-3.150303524314767678e+00
1.558566421853051720e+00,-1.374198307251914830e+00,1.994985745137452415e+00,-2.976966924302039352e+00,-1.562147572972067078e+00,-3.150239259589878937e+00
1.558656079805391670e+00,-1.373948924734894383e+00,1.994671567057965111e+00,-2.976902793901174515e+00,-1.562210964872088326e+00,-3.150175850939071598e+00
1.558744534976854945e+00,-1.373699609786487308e+00,1.994357385334296184e+00,-2.976838565122279512e+00,-1.562273506893024688e+00,-3.150113293976509077e+00
1.558831793540441435e+00,-1.373450362377077960e+00,1.994043200195208643e+00,-2.976774238624710023e+00,-1.562335203389535243e+00,-3.150051584316356124e+00
1.558917861669150584e+00,-1.373201182477051363e+00,1.993729011869466827e+00,-2.976709815067821729e+00,-1.562396058716279068e+00,-3.149990717572777044e+00
1.559002745535982060e+00,-1.372952070056792540e+00,1.993414820585833525e+00,-2.976645295110969425e+00,-1.562456077227915241e+00,-3.149930689359934810e+00
1.559086451313935306e+00,-1.372703025086686290e+00,1.993100626573072853e+00,-2.976580679413509234e+00,-1.562515263279103284e+00,-3.149871495291995060e+00
1.559168985176009548e+00,-1.372454047537117861e+00,1.992786430059948044e+00,-2.976515968634795950e+00,-1.562573621224501608e+00,-3.149813130983120324e+00
1.559250353295204672e+00,-1.372205137378472051e+00,1.992472231275222994e+00,-2.976451163434184810e+00,-1.562631155418769957e+00,-3.149755592047474906e+00
1.559330561844520124e+00,-1.371956294581133662e+00,1.992158030447660932e+00,-2.976386264471031051e+00,-1.562687870216567410e+00,-3.149698874099224000e+00
1.559409616996955572e+00,-1.371707519115488161e+00,1.991843827806025979e+00,-2.976321272404691243e+00,-1.562743769972552821e+00,-3.149642972752530579e+00
1.559487524925510238e+00,-1.371458810951919904e+00,1.991529623579081365e+00,-2.976256187894518845e+00,-1.562798859041385491e+00,-3.149587883621558504e+00
1.559564291803184011e+00,-1.371210170060814137e+00,1.991215417995590764e+00,-2.976191011599870428e+00,-1.562853141777724497e+00,-3.149533602320472969e+00
1.559639923802976114e+00,-1.370961596412555883e+00,1.990901211284318073e+00,-2.976125744180102117e+00,-1.562906622536228918e+00,-3.149480124463437392e+00
1.559714427097886214e+00,-1.370713089977529719e+00,1.990587003674026301e+00,-2.976060386294567373e+00,-1.562959305671558274e+00,-3.149427445664615188e+00
1.559787807860913755e+00,-1.370464650726121558e+00,1.990272795393479566e+00,-2.975994938602622319e+00,-1.563011195538371201e+00,-3.149375561538171997e+00
1.559860072265058406e+00,-1.370216278628715090e+00,1.989958586671441099e+00,-2.975929401763623527e+00,-1.563062296491326997e+00,-3.149324467698270791e+00
1.559931226483319611e+00,-1.369967973655696225e+00,1.989644377736674574e+00,-2.975863776436924457e+00,-1.563112612885084740e+00,-3.149274159759074987e+00
1.560001276688697258e+00,-1.369719735777449321e+00,1.989330168817943889e+00,-2.975798063281881234e+00,-1.563162149074303731e+00,-3.149224633334749779e+00
1.560070229054190127e+00,-1.369471564964359400e+00,1.989015960144012274e+00,-2.975732262957849539e+00,-1.563210909413642824e+00,-3.149175884039459028e+00
1.560138089752798551e+00,-1.369223461186811708e+00,1.988701751943643625e+00,-2.975666376124184165e+00,-1.563258898257761542e+00,-3.149127907487366596e+00
1.560204864957521309e+00,-1.368975424415191489e+00,1.988387544445600952e+00,-2.975600403440240793e+00,-1.563306119961318519e+00,-3.149080699292636787e+00
1.560270560841358733e+00,-1.368727454619882877e+00,1.988073337878648594e+00,-2.975534345565375549e+00,-1.563352578878973498e+00,-3.149034255069433019e+00
1.560335183577290064e+00,-1.368479551771262237e+00,1.987759132471536461e+00,-2.975468203158938785e+00,-1.563398279365371124e+00,-3.148988570431934253e+00
1.560398739252194966e+00,-1.368231715797740833e+00,1.987444928393590882e+00,-2.975401976864018749e+00,-1.563443225714171714e+00,-3.148943641055010012e+00
1.560461233669390602e+00,-1.367983946489532920e+00,1.987130725618434735e+00,-2.975335667270140760e+00,-1.563487422018188022e+00,-3.148899462813419703e+00
1.560522672573903202e+00,-1.367736243608441704e+00,1.986816524079461965e+00,-2.975269274955819832e+00,-1.563530872328945831e+00,-3.148856031623008978e+00
1.560583061710760333e+00,-1.367488606916271943e+00,1.986502323710065188e+00,-2.975202800499570088e+00,-1.563573580697970700e+00,-3.148813343399624820e+00
1.560642406824988004e+00,-1.367241036174827062e+00,1.986188124443637681e+00,-2.975136244479906544e+00,-1.563615551176788188e+00,-3.148771394059113771e+00
1.560700713661613559e+00,-1.366993531145911156e+00,1.985873926213572949e+00,-2.975069607475344213e+00,-1.563656787816923854e+00,-3.148730179517324146e+00
1.560757987965663007e+00,-1.366746091591328538e+00,1.985559728953263603e+00,-2.975002890064396777e+00,-1.563697294669903481e+00,-3.148689695690101598e+00
1.560814235482163470e+00,-1.366498717272883079e+00,1.985245532596103368e+00,-2.974936092825579692e+00,-1.563737075787252628e+00,-3.148649938493294442e+00
1.560869461956141624e+00,-1.366251407952378649e+00,1.984931337075485080e+00,-2.974869216337407529e+00,-1.563776135220496633e+00,-3.148610903842747000e+00
1.560923673132623923e+00,-1.366004163391618897e+00,1.984617142324801575e+00,-2.974802261178395302e+00,-1.563814477021161498e+00,-3.148572587654308919e+00
1.560976874756637489e+00,-1.365756983352409026e+00,1.984302948277447021e+00,-2.974735227927056247e+00,-1.563852105240772561e+00,-3.148534985843825851e+00
1.561029072573208776e+00,-1.365509867596551796e+00,1.983988754866813586e+00,-2.974668117161906711e+00,-1.563889023930855604e+00,-3.148498094327145225e+00
1.561080272327364460e+00,-1.365262815885851966e+00,1.983674562026295218e+00,-2.974600929461459931e+00,-1.563925237142936187e+00,-3.148461909020113136e+00
1.561130479764131218e+00,-1.365015827982113183e+00,1.983360369689284752e+00,-2.974533665404231364e+00,-1.563960748928539868e+00,-3.148426425838577458e+00
1.561179700628535949e+00,-1.364768903647139542e+00,1.983046177789175024e+00,-2.974466325568735581e+00,-1.563995563339192429e+00,-3.148391640698384730e+00
1.561227940665605329e+00,-1.364522042642735355e+00,1.982731986259359980e+00,-2.974398910533487594e+00,-1.564029684426419209e+00,-3.148357549515381493e+00
1.561275205620366036e+00,-1.364275244730703829e+00,1.982417795033232011e+00,-2.974331420877001531e+00,-1.564063116241746210e+00,-3.148324148205415618e+00
1.561321501237844744e+00,-1.364028509672849721e+00,1.982103604044184619e+00,-2.974263857177791959e+00,-1.564095862836698769e+00,-3.148291432684333202e+00
1.561366833263068132e+00,-1.363781837230977123e+00,1.981789413225611307e+00,-2.974196220014374337e+00,-1.564127928262802669e+00,-3.148259398867981673e+00
1.561411207441062876e+00,-1.363535227166889907e+00,1.981475222510904688e+00,-2.974128509965261902e+00,-1.564159316571583025e+00,-3.148228042672208016e+00
1.561454629516856096e+00,-1.363288679242391277e+00,1.981161031833458264e+00,-2.974060727608970556e+00,-1.564190031814566062e+00,-3.148197360012858326e+00
1.561497105235474026e+00,-1.363042193219286435e+00,1.980846841126665536e+00,-2.973992873524014868e+00,-1.564220078043277118e+00,-3.148167346805780475e+00
1.561538640341943340e+00,-1.362795768859378587e+00,1.980532650323918453e+00,-2.973924948288908965e+00,-1.564249459309241752e+00,-3.148137998966821005e+00
1.561579240581290939e+00,-1.362549405924472490e+00,1.980218459358611849e+00,-2.973856952482167859e+00,-1.564278179663985746e+00,-3.148109312411826455e+00
1.561618911698543721e+00,-1.362303104176371127e+00,1.979904268164137671e+00,-2.973788886682305677e+00,-1.564306243159034659e+00,-3.148081283056644253e+00
1.561657659438727697e+00,-1.362056863376879035e+00,1.979590076673889421e+00,-2.973720751467838319e+00,-1.564333653845914052e+00,-3.148053906817121828e+00
1.561695489546870208e+00,-1.361810683287800749e+00,1.979275884821260600e+00,-2.973652547417279024e+00,-1.564360415776149482e+00,-3.148027179609104831e+00
1.561732407768073205e+00,-1.361564563671025851e+00,1.978961692539665140e+00,-2.973584275109149910e+00,-1.564386533001318025e+00,-3.148001097348384736e+00
1.561768419870500413e+00,-1.361318504314924294e+00,1.978647499769113915e+00,-2.973515935124166898e+00,-1.564412009588731944e+00,-3.147975655933205719e+00
1.561803531677816048e+00,-1.361072505071590610e+00,1.978333306465487995e+00,-2.973447528048321686e+00,-1.564436849643572325e+00,-3.147950851219597279e+00
1.561837749021862898e+00,-1.360826565802509602e+00,1.978019112587008577e+00,-2.973379054468384020e+00,-1.564461057276600231e+00,-3.147926679057363231e+00
1.561871077734484414e+00,-1.360580686369167180e+00,1.977704918091896191e+00,-2.973310514971124974e+00,-1.564484636598577394e+00,-3.147903135296309163e+00
1.561903523647524050e+00,-1.360334866633047923e+00,1.977390722938371592e+00,-2.973241910143314293e+00,-1.564507591720265767e+00,-3.147880215786241553e+00
1.561935092592824592e+00,-1.360089106455637742e+00,1.977076527084655089e+00,-2.973173240571722165e+00,-1.564529926752426192e+00,-3.147857916376964216e+00
1.561965790402229493e+00,-1.359843405698421881e+00,1.976762330488968766e+00,-2.973104506843119665e+00,-1.564551645805820623e+00,-3.147836232918283628e+00
1.561995622907581760e+00,-1.359597764222884919e+00,1.976448133109532268e+00,-2.973035709544276983e+00,-1.564572752991210125e+00,-3.147815161260005379e+00
1.562024595940724625e+00,-1.359352181890512989e+00,1.976133934904566791e+00,-2.972966849261963418e+00,-1.564593252419357094e+00,-3.147794697251933727e+00
1.562052715333501540e+00,-1.359106658562791337e+00,1.975819735832293089e+00,-2.972897926582949157e+00,-1.564613148201022375e+00,-3.147774836743874705e+00
1.562079986917755514e+00,-1.358861194101204761e+00,1.975505535850931915e+00,-2.972828942094005722e+00,-1.564632444446967252e+00,-3.147755575585634347e+00
1.562106416525329555e+00,-1.358615788367238952e+00,1.975191334918704245e+00,-2.972759896381902855e+00,-1.564651145267954124e+00,-3.147736909627016466e+00
1.562132009988067560e+00,-1.358370441222378933e+00,1.974877132993830608e+00,-2.972690790033410302e+00,-1.564669254774743834e+00,-3.147718834717827541e+00
1.562156773137812094e+00,-1.358125152528110391e+00,1.974562930034531538e+00,-2.972621623635298693e+00,-1.564686777078098112e+00,-3.147701346707873604e+00
1.562180711806406164e+00,-1.357879922145918572e+00,1.974248725999028453e+00,-2.972552397774339106e+00,-1.564703716288778468e+00,-3.147684441446958026e+00
1.562203831825693667e+00,-1.357634749937288499e+00,1.973934520845541662e+00,-2.972483113037299951e+00,-1.564720076517546854e+00,-3.147668114784888171e+00
1.562226139027517169e+00,-1.357389635763705416e+00,1.973620314532291919e+00,-2.972413770010952749e+00,-1.564735861875163891e+00,-3.147652362571468299e+00
1.562247639243720121e+00,-1.357144579486655456e+00,1.973306107017500866e+00,-2.972344369282067689e+00,-1.564751076472391755e+00,-3.147637180656504441e+00
1.562268338306146198e+00,-1.356899580967622754e+00,1.972991898259387922e+00,-2.972274911437414957e+00,-1.564765724419991955e+00,-3.147622564889800856e+00
1.562288242046637743e+00,-1.356654640068093665e+00,1.972677688216175174e+00,-2.972205397063764298e+00,-1.564779809828725776e+00,-3.147608511121164465e+00
1.562307356297038430e+00,-1.356409756649552545e+00,1.972363476846082042e+00,-2.972135826747887233e+00,-1.564793336809355173e+00,-3.147595015200399526e+00
1.562325686889191489e+00,-1.356164930573485528e+00,1.972049264107330613e+00,-2.972066201076552172e+00,-1.564806309472640766e+00,-3.147582072977312073e+00
1.562343239654940152e+00,-1.355920161701377413e+00,1.971735049958141195e+00,-2.971996520636530636e+00,-1.564818731929345175e+00,-3.147569680301707251e+00
1.562360020426127649e+00,-1.355675449894713669e+00,1.971420834356734320e+00,-2.971926786014593258e+00,-1.564830608290229241e+00,-3.147557833023390206e+00
1.562376035034596322e+00,-1.355430795014979539e+00,1.971106617261330740e+00,-2.971856997797509337e+00,-1.564841942666054697e+00,-3.147546526992166527e+00
1.562391289312190734e+00,-1.355186196923660713e+00,1.970792398630151876e+00,-2.971787156572049504e+00,-1.564852739167583273e+00,-3.147535758057841360e+00
1.562405789090753228e+00,-1.354941655482241769e+00,1.970478178421417814e+00,-2.971717262924983949e+00,-1.564863001905576256e+00,-3.147525522070220738e+00
1.562419540105136839e+00,-1.354697170550122287e+00,1.970163956590434973e+00,-2.971647317436073354e+00,-1.564872734922365449e+00,-3.147515814948019131e+00
1.562432545726062827e+00,-1.354452741935844307e+00,1.969849733021464822e+00,-2.971577320514213305e+00,-1.564881940592324217e+00,-3.147506634289625627e+00
1.562444806883572790e+00,-1.354208369395446976e+00,1.969535507525424167e+00,-2.971507272391904486e+00,-1.564890619567858243e+00,-3.147497979427487103e+00
1.562456324395402607e+00,-1.353964052682554486e+00,1.969221279909855404e+00,-2.971437173293529632e+00,-1.564898772422139483e+00,-3.147489849773841719e+00
1.562467099079289490e+00,-1.353719791550789475e+00,1.968907049982299817e+00,-2.971367023443471478e+00,-1.564906399728339892e+00,-3.147482244740928081e+00
1.562477131752969317e+00,-1.353475585753776134e+00,1.968592817550299578e+00,-2.971296823066114534e+00,-1.564913502059631201e+00,-3.147475163740983461e+00
1.562486423234179300e+00,-1.353231435045136877e+00,1.968278582421395972e+00,-2.971226572385840647e+00,-1.564920079989185364e+00,-3.147468606186246465e+00
1.562494974340655096e+00,-1.352987339178495896e+00,1.967964344403131616e+00,-2.971156271627032552e+00,-1.564926134090174559e+00,-3.147462571488953920e+00
1.562502785890133694e+00,-1.352743297907476938e+00,1.967650103303048459e+00,-2.971085921014074316e+00,-1.564931664935770517e+00,-3.147457059061346207e+00
1.562509858700351195e+00,-1.352499310985702641e+00,1.967335858928688008e+00,-2.971015520771348672e+00,-1.564936673099144970e+00,-3.147452068315658824e+00
1.562516193589044367e+00,-1.352255378166796529e+00,1.967021611087591992e+00,-2.970945071123238801e+00,-1.564941159153470318e+00,-3.147447598664131707e+00
1.562521791373949975e+00,-1.352011499204383016e+00,1.966707359587303028e+00,-2.970874572294127880e+00,-1.564945123671918292e+00,-3.147443649519001685e+00
1.562526652872803901e+00,-1.351767673852084517e+00,1.966393104235361733e+00,-2.970804024508399532e+00,-1.564948567227660625e+00,-3.147440220292507362e+00
1.562530778903343354e+00,-1.351523901863524779e+00,1.966078844839311390e+00,-2.970733427990436493e+00,-1.564951490393869271e+00,-3.147437310396887788e+00
1.562534170283303991e+00,-1.351280182992327106e+00,1.965764581206693284e+00,-2.970662782964620607e+00,-1.564953893743716185e+00,-3.147434919244378904e+00
1.562536827830423025e+00,-1.351036516992115244e+00,1.965450313145048922e+00,-2.970592089655336832e+00,-1.564955777850373320e+00,-3.147433046247220645e+00
1.562538752362436556e+00,-1.350792903616512719e+00,1.965136040461921141e+00,-2.970521348286967456e+00,-1.564957143287012409e+00,-3.147431690817648953e+00
1.562539944697081129e+00,-1.350549342619142390e+00,1.964821762964850560e+00,-2.970450559083895214e+00,-1.564957990626805850e+00,-3.147430852367904652e+00
1.562540405652093289e+00,-1.350305833753628226e+00,1.964507480461380240e+00,-2.970379722270504175e+00,-1.564958320442925155e+00,-3.147430530310223240e+00
1.562540136045209582e+00,-1.350062376773593753e+00,1.964193192759051687e+00,-2.970308838071177515e+00,-1.564958133308542276e+00,-3.147430724056845097e+00
1.562539136694166109e+00,-1.349818971432662051e+00,1.963878899665406630e+00,-2.970237906710297526e+00,-1.564957429796829169e+00,-3.147431433020005720e+00
1.562537408416700080e+00,-1.349575617484456647e+00,1.963564600987986797e+00,-2.970166928412247387e+00,-1.564956210480958010e+00,-3.147432656611945490e+00
1.562534952030547153e+00,-1.349332314682601064e+00,1.963250296534334360e+00,-2.970095903401410276e+00,-1.564954475934100531e+00,-3.147434394244900346e+00
1.562531768353444317e+00,-1.349089062780718162e+00,1.962935986111991271e+00,-2.970024831902169815e+00,-1.564952226729428464e+00,-3.147436645331110228e+00
1.562527858203128339e+00,-1.348845861532432799e+00,1.962621669528499480e+00,-2.969953714138909184e+00,-1.564949463440113764e+00,-3.147439409282811962e+00
1.562523222397335099e+00,-1.348602710691367168e+00,1.962307346591400492e+00,-2.969882550336010674e+00,-1.564946186639328829e+00,-3.147442685512244598e+00
1.562517861753801363e+00,-1.348359610011145238e+00,1.961993017108236037e+00,-2.969811340717857906e+00,-1.564942396900244725e+00,-3.147446473431645408e+00
1.562511777072378427e+00,-1.348116559245897239e+00,1.961678680887210868e+00,-2.969740085507813987e+00,-1.564938094783416833e+00,-3.147450772465961499e+00
1.562504966200746193e+00,-1.347873558233483982e+00,1.961364337845752592e+00,-2.969668784760866931e+00,-1.564933278766722502e+00,-3.147455584137941020e+00
1.562497420770982970e+00,-1.347630606988052371e+00,1.961049988131257527e+00,-2.969597438177504323e+00,-1.564927942943102890e+00,-3.147460914387111508e+00
1.562489131628815642e+00,-1.347387705546052139e+00,1.960735631920214272e+00,-2.969526045413363402e+00,-1.564922080850749353e+00,-3.147466769711778412e+00
1.562480089619971091e+00,-1.347144853943932574e+00,1.960421269389112542e+00,-2.969454606124082741e+00,-1.564915686027853248e+00,-3.147473156610248513e+00
1.562470285590175312e+00,-1.346902052218144519e+00,1.960106900714441158e+00,-2.969383119965299134e+00,-1.564908752012605486e+00,-3.147480081580827260e+00
1.562459710385156075e+00,-1.346659300405136372e+00,1.959792526072689389e+00,-2.969311586592652041e+00,-1.564901272343197869e+00,-3.147487551121820104e+00
1.562448354850639598e+00,-1.346416598541358756e+00,1.959478145640346503e+00,-2.969240005661777815e+00,-1.564893240557821308e+00,-3.147495571731533381e+00
1.562436209832352541e+00,-1.346173946663260956e+00,1.959163759593901322e+00,-2.969168376828315914e+00,-1.564884650194667381e+00,-3.147504149908272986e+00
1.562423266176022008e+00,-1.345931344807292707e+00,1.958849368109843558e+00,-2.969096699747903134e+00,-1.564875494791927224e+00,-3.147513292150345254e+00
1.562409514727374438e+00,-1.345688793009904183e+00,1.958534971364662480e+00,-2.969024974076177603e+00,-1.564865767887792414e+00,-3.147523004956054304e+00
1.562394946332136714e+00,-1.345446291307544007e+00,1.958220569534846245e+00,-2.968953199468777893e+00,-1.564855463020453863e+00,-3.147533294823708250e+00
1.562379551836035496e+00,-1.345203839736662799e+00,1.957906162796884786e+00,-2.968881375581341242e+00,-1.564844573728103150e+00,-3.147544168251611651e+00
1.562363322084797890e+00,-1.344961438333710291e+00,1.957591751327267371e+00,-2.968809502069505779e+00,-1.564833093548931409e+00,-3.147555631738070403e+00
1.562346247924150111e+00,-1.344719087135135771e+00,1.957277335302482824e+00,-2.968737578588909187e+00,-1.564821016021130218e+00,-3.147567691781390398e+00
1.562328320199819265e+00,-1.344476786177388750e+00,1.956962914899020634e+00,-2.968665604795189594e+00,-1.564808334682890489e+00,-3.147580354879877973e+00
1.562309529757532012e+00,-1.344234535496919847e+00,1.956648490293370068e+00,-2.968593580343985128e+00,-1.564795043072403802e+00,-3.147593627531838578e+00
1.562289867443015456e+00,-1.343992335130177684e+00,1.956334061662019952e+00,-2.968521504890933471e+00,-1.564781134727861289e+00,-3.147607516235578107e+00
1.562269324101995593e+00,-1.343750185113612661e+00,1.956019629181459552e+00,-2.968449378091673196e+00,-1.564766603187454530e+00,-3.147622027489403340e+00
1.562247890580199750e+00,-1.343508085483674508e+00,1.955705193028177691e+00,-2.968377199601841099e+00,-1.564751441989374658e+00,-3.147637167791619284e+00
1.562225557723354585e+00,-1.343266036276812292e+00,1.955390753378664304e+00,-2.968304969077074862e+00,-1.564735644671812809e+00,-3.147652943640531387e+00
1.562202316377186762e+00,-1.343024037529476633e+00,1.955076310409408213e+00,-2.968232686173014834e+00,-1.564719204772960337e+00,-3.147669361534445986e+00
1.562178157387422717e+00,-1.342782089278116153e+00,1.954761864296898466e+00,-2.968160350545296033e+00,-1.564702115831008822e+00,-3.147686427971669865e+00
1.562153071599790000e+00,-1.342540191559181473e+00,1.954447415217624107e+00,-2.968087961849558365e+00,-1.564684371384149397e+00,-3.147704149450507582e+00
1.562127049860014827e+00,-1.342298344409122102e+00,1.954132963348074847e+00,-2.968015519741438624e+00,-1.564665964970573198e+00,-3.147722532469265033e+00
1.562100083013823859e+00,-1.342056547864387550e+00,1.953818508864739512e+00,-2.967943023876575825e+00,-1.564646890128471801e+00,-3.147741583526248998e+00
1.562072161906944423e+00,-1.341814801961427772e+00,1.953504051944107367e+00,-2.967870473910606766e+00,-1.564627140396036786e+00,-3.147761309119765372e+00
1.562043277253124085e+00,-1.341573106728471743e+00,1.953189592746098713e+00,-2.967797869490619078e+00,-1.564606709218114178e+00,-3.147781715841421413e+00
1.562013418062680348e+00,-1.341331462087654192e+00,1.952875131216781579e+00,-2.967725210153329130e+00,-1.564585588834767282e+00,-3.147802811487069086e+00
1.561982572160882210e+00,-1.341089867887300446e+00,1.952560667153451224e+00,-2.967652495358672926e+00,-1.564563770647910079e+00,-3.147824604690333761e+00
1.561950727348994539e+00,-1.340848323974240364e+00,1.952246200350388650e+00,-2.967579724565030386e+00,-1.564541246042479905e+00,-3.147847104101808124e+00
1.561917871428282645e+00,-1.340606830195304022e+00,1.951931730601875747e+00,-2.967506897230781426e+00,-1.564518006403413208e+00,-3.147870318372085308e+00
1.561883992200010507e+00,-1.340365386397322389e+00,1.951617257702193964e+00,-2.967434012814305966e+00,-1.564494043115647104e+00,-3.147894256151760217e+00
1.561849077465443880e+00,-1.340123992427124433e+00,1.951302781445624301e+00,-2.967361070773984366e+00,-1.564469347564118706e+00,-3.147918926091425984e+00
1.561813115025847409e+00,-1.339882648131541565e+00,1.950988301626447985e+00,-2.967288070568196101e+00,-1.564443911133765130e+00,-3.147944336841675295e+00
1.561776092682486183e+00,-1.339641353357402975e+00,1.950673818038947127e+00,-2.967215011655321533e+00,-1.564417725209522825e+00,-3.147970497053103056e+00
1.561737998236624625e+00,-1.339400107951539631e+00,1.950359330477402509e+00,-2.967141893493740579e+00,-1.564390781176329126e+00,-3.147997415376302399e+00
1.561698819489528489e+00,-1.339158911760781390e+00,1.950044838736096020e+00,-2.967068715541832713e+00,-1.564363070419121149e+00,-3.148025100461866899e+00
1.561658544242461755e+00,-1.338917764631958551e+00,1.949730342609308442e+00,-2.966995477257978742e+00,-1.564334584322835564e+00,-3.148053560960390573e+00
1.561617160296689732e+00,-1.338676666411900751e+00,1.949415841891321666e+00,-2.966922178100558583e+00,-1.564305314272409264e+00,-3.148082805522466554e+00
1.561574655453477734e+00,-1.338435616947439177e+00,1.949101336376417359e+00,-2.966848817527951265e+00,-1.564275251652779808e+00,-3.148112842798688416e+00
1.561531017514089958e+00,-1.338194616085403243e+00,1.948786825858876304e+00,-2.966775394998538484e+00,-1.564244387848883422e+00,-3.148143681439651065e+00
1.561486234279791940e+00,-1.337953663672623472e+00,1.948472310132980390e+00,-2.966701909970698825e+00,-1.564212714245657221e+00,-3.148175330095946300e+00
1.561440293551848102e+00,-1.337712759555929942e+00,1.948157788993010398e+00,-2.966628361902812649e+00,-1.564180222228038986e+00,-3.148207797418168585e+00
1.561393183131523976e+00,-1.337471903582152954e+00,1.947843262233248218e+00,-2.966554750253259876e+00,-1.564146903180964276e+00,-3.148241092056912382e+00
1.561344890820083764e+00,-1.337231095598122588e+00,1.947528729647975743e+00,-2.966481074480420865e+00,-1.564112748489371096e+00,-3.148275222662769934e+00
1.561295404418792998e+00,-1.336990335450669143e+00,1.947214191031473529e+00,-2.966407334042675092e+00,-1.564077749538196338e+00,-3.148310197886335704e+00
1.561244711728916101e+00,-1.336749622986622255e+00,1.946899646178023024e+00,-2.966333528398403363e+00,-1.564041897712376894e+00,-3.148346026378202822e+00
1.561192800551718607e+00,-1.336508958052813334e+00,1.946585094881906119e+00,-2.966259657005985151e+00,-1.564005184396849435e+00,-3.148382716788965752e+00
1.561139658688464715e+00,-1.336268340496071572e+00,1.946270536937404039e+00,-2.966185719323800818e+00,-1.563967600976550854e+00,-3.148420277769217623e+00
1.561085273940419738e+00,-1.336027770163227490e+00,1.945955972138798007e+00,-2.966111714810229394e+00,-1.563929138836418931e+00,-3.148458717969551568e+00
1.561029634108848763e+00,-1.335787246901111169e+00,1.945641400280369915e+00,-2.966037642923651685e+00,-1.563889789361389671e+00,-3.148498046040562492e+00
1.560972726994710680e+00,-1.335546770556566898e+00,1.945326821156413200e+00,-2.965963503122436951e+00,-1.563849543936184583e+00,-3.148538270633059355e+00
1.560914539190187522e+00,-1.335306341032703070e+00,1.945012234612112367e+00,-2.965889294822968481e+00,-1.563808393091522309e+00,-3.148579401254219423e+00
1.560855053334608389e+00,-1.335065958416615350e+00,1.944697640659065252e+00,-2.965815017304330503e+00,-1.563766324565428301e+00,-3.148621450211642081e+00
1.560794251260586130e+00,-1.334825622832949144e+00,1.944383039342833408e+00,-2.965740669817585218e+00,-1.563723325525981700e+00,-3.148664430384451762e+00
1.560732114800732706e+00,-1.334585334406350077e+00,1.944068430708978390e+00,-2.965666251613797932e+00,-1.563679383141261425e+00,-3.148708354651773789e+00
1.560668625787661190e+00,-1.334345093261463111e+00,1.943753814803059976e+00,-2.965591761944029514e+00,-1.563634484579346839e+00,-3.148753235892731261e+00
1.560603766053983765e+00,-1.334104899522934096e+00,1.943439191670640831e+00,-2.965517200059344383e+00,-1.563588617008316861e+00,-3.148799086986448614e+00
1.560537517432313281e+00,-1.333864753315407992e+00,1.943124561357280733e+00,-2.965442565210806070e+00,-1.563541767596251075e+00,-3.148845920812049393e+00
1.560469861755261922e+00,-1.333624654763530204e+00,1.942809923908542125e+00,-2.965367856649477218e+00,-1.563493923511228401e+00,-3.148893750248658474e+00
1.560400780855442093e+00,-1.333384603991946138e+00,1.942495279369985672e+00,-2.965293073626421361e+00,-1.563445071921328200e+00,-3.148942588175399848e+00
1.560330256565466867e+00,-1.333144601125301421e+00,1.942180627787171820e+00,-2.965218215392701584e+00,-1.563395199994629614e+00,-3.148992447471396616e+00
1.560258270717948204e+00,-1.332904646288241013e+00,1.941865969205662568e+00,-2.965143281199380976e+00,-1.563344294899211562e+00,-3.149043341015774100e+00
1.560184805145498954e+00,-1.332664739605410986e+00,1.941551303671018802e+00,-2.965068270297522623e+00,-1.563292343803153850e+00,-3.149095281687656733e+00
1.560109841680731524e+00,-1.332424881201456079e+00,1.941236631228801635e+00,-2.964993181938190059e+00,-1.563239333874534731e+00,-3.149148282366167617e+00
1.560033362156258319e+00,-1.332185071201021476e+00,1.940921951924572397e+00,-2.964918015372446813e+00,-1.563185252281434234e+00,-3.149202355930431185e+00
1.559955348404691966e+00,-1.331945309728753024e+00,1.940607265803891757e+00,-2.964842769851355531e+00,-1.563130086191931056e+00,-3.149257515259571871e+00
1.559875782258644650e+00,-1.331705596909296130e+00,1.940292572912321489e+00,-2.964767444625979742e+00,-1.563073822774104116e+00,-3.149313773232713665e+00
1.559794645550729442e+00,-1.331465932867295976e+00,1.939977873295422262e+00,-2.964692038947382535e+00,-1.563016449196033664e+00,-3.149371142728980999e+00
1.559711920113558525e+00,-1.331226317727397523e+00,1.939663166998755184e+00,-2.964616552066627442e+00,-1.562957952625797731e+00,-3.149429636627496532e+00
1.559627587779744307e+00,-1.330986751614246622e+00,1.939348454067881589e+00,-2.964540983234776661e+00,-1.562898320231476124e+00,-3.149489267807386472e+00
1.559541630381899857e+00,-1.330747234652488897e+00,1.939033734548363030e+00,-2.964465331702895501e+00,-1.562837539181147983e+00,-3.149550049147773478e+00
1.559454029752636917e+00,-1.330507766966768868e+00,1.938719008485760176e+00,-2.964389596722044828e+00,-1.562775596642892229e+00,-3.149611993527781983e+00
1.559364767724568779e+00,-1.330268348681732826e+00,1.938404275925634135e+00,-2.964313777543289508e+00,-1.562712479784788222e+00,-3.149675113826536865e+00
1.559273826130307405e+00,-1.330028979922025512e+00,1.938089536913546240e+00,-2.964237873417691738e+00,-1.562648175774914883e+00,-3.149739422923161669e+00
1.559181186802465424e+00,-1.329789660812292329e+00,1.937774791495057158e+00,-2.964161883596315494e+00,-1.562582671781351795e+00,-3.149804933696780829e+00
1.559086829340637248e+00,-1.329550391414069610e+00,1.937460039595799710e+00,-2.964085807196752409e+00,-1.562515953394899570e+00,-3.149871660609527169e+00
1.558990719161585936e+00,-1.329311171388055879e+00,1.937145280379683143e+00,-2.964009642488860230e+00,-1.562447996188402355e+00,-3.149939628177890416e+00
1.558892816131881354e+00,-1.329072000238092466e+00,1.936830512712531815e+00,-2.963933387410753184e+00,-1.562378771814360023e+00,-3.150008864852950730e+00
1.558793080105205009e+00,-1.328832877467653661e+00,1.936515735459478416e+00,-2.963857039899772783e+00,-1.562308251916169288e+00,-3.150079399094921406e+00
1.558691470935237966e+00,-1.328593802580215977e+00,1.936200947485654522e+00,-2.963780597893263202e+00,-1.562236408137225308e+00,-3.150151259364019740e+00
1.558587948475661289e+00,-1.328354775079254368e+00,1.935886147656192158e+00,-2.963704059328567286e+00,-1.562163212120924349e+00,-3.150224474120460805e+00
1.558482472580156042e+00,-1.328115794468244903e+00,1.935571334836223567e+00,-2.963627422143026990e+00,-1.562088635510662016e+00,-3.150299071824460118e+00
1.558375003102403289e+00,-1.327876860250662538e+00,1.935256507890880773e+00,-2.963550684273986047e+00,-1.562012649949834575e+00,-3.150375080936233640e+00
1.558265499896084760e+00,-1.327637971929984007e+00,1.934941665685296242e+00,-2.963473843658787299e+00,-1.561935227081837851e+00,-3.150452529915996891e+00
1.558153922814880854e+00,-1.327399129009683376e+00,1.934626807084601330e+00,-2.963396898234773147e+00,-1.561856338550067669e+00,-3.150531447223965387e+00
1.558040231712473078e+00,-1.327160330993237602e+00,1.934311930953928282e+00,-2.963319845939286434e+00,-1.561775955997919629e+00,-3.150611861320355089e+00
1.557924386442542497e+00,-1.326921577384121642e+00,1.933997036158409788e+00,-2.963242684709671337e+00,-1.561694051068790223e+00,-3.150693800665381072e+00
1.557806346858770175e+00,-1.326682867685811340e+00,1.933682121563176981e+00,-2.963165412483269812e+00,-1.561610595406075053e+00,-3.150777293719259298e+00
1.557686072814837619e+00,-1.326444201401782097e+00,1.933367186033362994e+00,-2.963088027197424701e+00,-1.561525560653169942e+00,-3.150862368942205727e+00
1.557563524164425672e+00,-1.326205578035509536e+00,1.933052228434098740e+00,-2.963010526789478405e+00,-1.561438918453470936e+00,-3.150949054794436321e+00
1.557438660761215399e+00,-1.325966997090468835e+00,1.932737247630517130e+00,-2.962932909196775100e+00,-1.561350640450374083e+00,-3.151037379736165267e+00
1.557311442458888084e+00,-1.325728458070136728e+00,1.932422242487750186e+00,-2.962855172356656741e+00,-1.561260698287274762e+00,-3.151127372227609857e+00
1.557181829111124571e+00,-1.325489960477987506e+00,1.932107211870929486e+00,-2.962777314206466617e+00,-1.561169063607569685e+00,-3.151219060728984278e+00
1.557049780571606590e+00,-1.325251503817497678e+00,1.931792154645187054e+00,-2.962699332683547571e+00,-1.561075708054653788e+00,-3.151312473700505823e+00
1.556915256694014982e+00,-1.325013087592142647e+00,1.931477069675655800e+00,-2.962621225725242891e+00,-1.560980603271923783e+00,-3.151407639602388677e+00
1.556778217332030367e+00,-1.324774711305397812e+00,1.931161955827467080e+00,-2.962542991268894532e+00,-1.560883720902775273e+00,-3.151504586894849247e+00
1.556638622339334921e+00,-1.324536374460738575e+00,1.930846811965753362e+00,-2.962464627251846228e+00,-1.560785032590604082e+00,-3.151603344038103049e+00
1.556496431620147725e+00,-1.324298076589020434e+00,1.930531636992547817e+00,-2.962386131624176855e+00,-1.560684510014446857e+00,-3.151703939456384607e+00
1.556351608413814702e+00,-1.324059819027914697e+00,1.930216432245084990e+00,-2.962307503176419665e+00,-1.560582127205307978e+00,-3.151806399199512221e+00
1.556204121311193456e+00,-1.323821606014292884e+00,1.929901202968098861e+00,-2.962228742047698926e+00,-1.560477861968140756e+00,-3.151910745507335410e+00
1.556053939385444451e+00,-1.323583442046315506e+00,1.929585954758483934e+00,-2.962149848498677240e+00,-1.560371692448021319e+00,-3.152017000276332137e+00
1.555901031709727489e+00,-1.323345331622143073e+00,1.929270693213135601e+00,-2.962070822790018099e+00,-1.560263596790028018e+00,-3.152125185402980367e+00
1.555745367357203035e+00,-1.323107279239936984e+00,1.928955423928949697e+00,-2.961991665182384548e+00,-1.560153553139237426e+00,-3.152235322783757621e+00
1.555586915401030668e+00,-1.322869289397857306e+00,1.928640152502820504e+00,-2.961912375936439634e+00,-1.560041539640727004e+00,-3.152347434315142749e+00
1.555425644914370853e+00,-1.322631366594064994e+00,1.928324884531644079e+00,-2.961832955312847737e+00,-1.559927534439574437e+00,-3.152461541893613273e+00
1.555261524970383613e+00,-1.322393515326720337e+00,1.928009625612315148e+00,-2.961753403572271903e+00,-1.559811515680856520e+00,-3.152577667415647600e+00
1.555094524642228970e+00,-1.322155740093984289e+00,1.927694381341728658e+00,-2.961673720975374291e+00,-1.559693461509650936e+00,-3.152695832777724139e+00
1.554924613003067391e+00,-1.321918045394017360e+00,1.927379157316780667e+00,-2.961593907782820612e+00,-1.559573350071034481e+00,-3.152816059876320409e+00
1.554751759126058452e+00,-1.321680435724980285e+00,1.927063959134365456e+00,-2.961513964255271691e+00,-1.559451159510085061e+00,-3.152938370607914820e+00
1.554575932084362622e+00,-1.321442915585034017e+00,1.926748792391379084e+00,-2.961433890653391909e+00,-1.559326867971879693e+00,-3.153062786868984890e+00
1.554397100951139921e+00,-1.321205489472338623e+00,1.926433662684715831e+00,-2.961353687237845200e+00,-1.559200453601495617e+00,-3.153189330556008585e+00
1.554215234799550371e+00,-1.320968161885055059e+00,1.926118575611271311e+00,-2.961273354269294167e+00,-1.559071894544010295e+00,-3.153318023565465200e+00
1.554030302702753996e+00,-1.320730937321344278e+00,1.925803536767941138e+00,-2.961192892008401856e+00,-1.558941168944500966e+00,-3.153448887793831812e+00
1.553842273733911483e+00,-1.320493820279366348e+00,1.925488551751619815e+00,-2.961112300715832646e+00,-1.558808254948044869e+00,-3.153581945137586384e+00
1.553651116966182189e+00,-1.320256815257282224e+00,1.925173626159202955e+00,-2.961031580652249584e+00,-1.558673130699719245e+00,-3.153717217493207325e+00
1.553456801472726800e+00,-1.320019926753252859e+00,1.924858765587586173e+00,-2.960950732078315273e+00,-1.558535774344601998e+00,-3.153854726757173044e+00
1.553259296326704675e+00,-1.319783159265438321e+00,1.924543975633663750e+00,-2.960869755254693647e+00,-1.558396164027769482e+00,-3.153994494825961503e+00
1.553058570601276944e+00,-1.319546517292000010e+00,1.924229261894331744e+00,-2.960788650442048198e+00,-1.558254277894299822e+00,-3.154136543596049336e+00
1.552854594367732544e+00,-1.319310003390231412e+00,1.923914627426444701e+00,-2.960707417464016000e+00,-1.558110094790021272e+00,-3.154280894245350630e+00
1.552647344858533840e+00,-1.319073606192505910e+00,1.923600057063113988e+00,-2.960626053008755143e+00,-1.557963598588368859e+00,-3.154427562796363382e+00
1.552436802433324603e+00,-1.318837308250381701e+00,1.923285527679401419e+00,-2.960544552395203421e+00,-1.557814775358261405e+00,-3.154576563020288660e+00
1.552222947464815261e+00,-1.318601092090008198e+00,1.922971016117114962e+00,-2.960462910936578762e+00,-1.557663611177790841e+00,-3.154727908678922610e+00
1.552005760325716244e+00,-1.318364940237535032e+00,1.922656499218062365e+00,-2.960381123946095983e+00,-1.557510092125049317e+00,-3.154881613534060047e+00
1.551785221388739089e+00,-1.318128835219111616e+00,1.922341953824053373e+00,-2.960299186736973454e+00,-1.557354204278130538e+00,-3.155037691347494899e+00
1.551561311026593559e+00,-1.317892759560886917e+00,1.922027356776895068e+00,-2.960217094622427769e+00,-1.557195933715125324e+00,-3.155196155881023312e+00
1.551334009611991416e+00,-1.317656695789010790e+00,1.921712684918396308e+00,-2.960134842915675524e+00,-1.557035266514127381e+00,-3.155357020896440101e+00
1.551103297517642199e+00,-1.317420626429632202e+00,1.921397915090365505e+00,-2.960052426929933311e+00,-1.556872188753228192e+00,-3.155520300155540969e+00
1.550869155116257225e+00,-1.317184534008900565e+00,1.921083024134610628e+00,-2.959969841978418170e+00,-1.556706686510520798e+00,-3.155686007420119843e+00
1.550631562780547590e+00,-1.316948401052965512e+00,1.920767988892940537e+00,-2.959887083374346695e+00,-1.556538745864097573e+00,-3.155854156451971093e+00
1.550390500883223499e+00,-1.316712210087976231e+00,1.920452786207162976e+00,-2.959804146430935479e+00,-1.556368352892050666e+00,-3.156024761012892643e+00
1.550145949796995382e+00,-1.316475943640082358e+00,1.920137392919086361e+00,-2.959721026461402005e+00,-1.556195493672472674e+00,-3.156197834864676643e+00
1.549897889894574776e+00,-1.316239584235433080e+00,1.919821785870519770e+00,-2.959637718778962423e+00,-1.556020154283455970e+00,-3.156373391769119241e+00
1.549646301548671667e+00,-1.316003114400177587e+00,1.919505941903270507e+00,-2.959554218696833772e+00,-1.555842320803093148e+00,-3.156551445488015695e+00
1.549391165131997150e+00,-1.315766516660465513e+00,1.919189837859147651e+00,-2.959470521528233089e+00,-1.555661979309476362e+00,-3.156732009783160375e+00
1.549132461017261653e+00,-1.315529773542446712e+00,1.918873450579959172e+00,-2.959386622586376969e+00,-1.555479115880697982e+00,-3.156915098416348542e+00
1.548870169577176048e+00,-1.315292867572269486e+00,1.918556756907513483e+00,-2.959302517184482451e+00,-1.555293716594850828e+00,-3.157100725149375897e+00
1.548604273904086170e+00,-1.315055783213728180e+00,1.918239736297267850e+00,-2.959218201382923130e+00,-1.555105769451432307e+00,-3.157288901816829974e+00
1.548334820923407795e+00,-1.314818550409446063e+00,1.917922429550139807e+00,-2.959133688778748272e+00,-1.554915307547615422e+00,-3.157479595019453633e+00
1.548061922113784794e+00,-1.314581245093960238e+00,1.917604939504597539e+00,-2.959049010703527660e+00,-1.554722409587034448e+00,-3.157672725613823506e+00
1.547785691817532339e+00,-1.314343945242073763e+00,1.917287371751182024e+00,-2.958964199275559537e+00,-1.554527156296489521e+00,-3.157868212427239474e+00
1.547506244376964046e+00,-1.314106728828589699e+00,1.916969831880433350e+00,-2.958879286613141701e+00,-1.554329628402780328e+00,-3.158065974287003197e+00
1.547223694134395089e+00,-1.313869673828310436e+00,1.916652425482892719e+00,-2.958794304834572397e+00,-1.554129906632707447e+00,-3.158265930020415890e+00
1.546938155432139528e+00,-1.313632858216039256e+00,1.916335258149099774e+00,-2.958709286058148979e+00,-1.553928071713070569e+00,-3.158467998454777881e+00
1.546649742612512313e+00,-1.313396359966578553e+00,1.916018435469595715e+00,-2.958624262402169247e+00,-1.553724204370669382e+00,-3.158672098417390828e+00
1.546358570017828171e+00,-1.313160257054731828e+00,1.915702063034920855e+00,-2.958539265984932776e+00,-1.553518385332305130e+00,-3.158878148735555946e+00
1.546064751990400943e+00,-1.312924627455301252e+00,1.915386246435615725e+00,-2.958454328924735144e+00,-1.553310695324776836e+00,-3.159086068236573563e+00
1.545768402872545577e+00,-1.312689549143090328e+00,1.915071091262220637e+00,-2.958369483339876371e+00,-1.553101215074885078e+00,-3.159295775747745783e+00
1.545469637006577024e+00,-1.312455100092901894e+00,1.914756703105276792e+00,-2.958284761348653369e+00,-1.552890025309429989e+00,-3.159507190096371154e+00
1.545168568734809345e+00,-1.312221358279538341e+00,1.914443187555324277e+00,-2.958200195069363936e+00,-1.552677206755211481e+00,-3.159720230109753558e+00
1.544865312399557267e+00,-1.311988401677803395e+00,1.914130650202903627e+00,-2.958115816620307204e+00,-1.552462840139029687e+00,-3.159934814615192433e+00
1.544559982343135074e+00,-1.311756308262498782e+00,1.913819196638555376e+00,-2.958031658119779639e+00,-1.552247006187684297e+00,-3.160150862439988995e+00
1.544252692907857938e+00,-1.311525156008428228e+00,1.913508932452820055e+00,-2.957947751686080817e+00,-1.552029785627976111e+00,-3.160368292411444457e+00
1.543943560184797725e+00,-1.311295023352380573e+00,1.913199963887845856e+00,-2.957864129653415386e+00,-1.551811260423030747e+00,-3.160587022119847322e+00
1.543632763541730402e+00,-1.311066005447561578e+00,1.912892420763399493e+00,-2.957780832168390717e+00,-1.551591557270947108e+00,-3.160806924395683559e+00
1.543320561921596168e+00,-1.310838218469315919e+00,1.912586462549860755e+00,-2.957697909202286368e+00,-1.551370859127380486e+00,-3.161027815780655281e+00
1.543007219329552093e+00,-1.310611779930321408e+00,1.912282250603849265e+00,-2.957615411351382839e+00,-1.551149352526841607e+00,-3.161249509235623645e+00
1.542692999770754136e+00,-1.310386807343257409e+00,1.911979946281983089e+00,-2.957533389211962405e+00,-1.550927224003840310e+00,-3.161471817721449806e+00
1.542378167250359144e+00,-1.310163418220802400e+00,1.911679710940882071e+00,-2.957451893380306007e+00,-1.550704660092887766e+00,-3.161694554198994478e+00
1.542062985773523742e+00,-1.309941730075635080e+00,1.911381705937164499e+00,-2.957370974452693702e+00,-1.550481847328493146e+00,-3.161917531629119260e+00
1.541747719345404333e+00,-1.309721860420433925e+00,1.911086092627449551e+00,-2.957290683025408207e+00,-1.550258972245167843e+00,-3.162140562972685753e+00
1.541432631971158207e+00,-1.309503926767877857e+00,1.910793032368357069e+00,-2.957211069694730465e+00,-1.550036221377421919e+00,-3.162363461190554226e+00
1.541117987655941546e+00,-1.309288046630645130e+00,1.910502686516504900e+00,-2.957132185056941420e+00,-1.549813781259764989e+00,-3.162586039243586722e+00
1.540804050404910530e+00,-1.309074337521415332e+00,1.910215216428512885e+00,-2.957054079708322458e+00,-1.549591838426708224e+00,-3.162808110092642622e+00
1.540491084223222895e+00,-1.308862916952866495e+00,1.909930783460999759e+00,-2.956976804245155410e+00,-1.549370579412762128e+00,-3.163029486698584858e+00
1.540179353116034600e+00,-1.308653902437677097e+00,1.909649548970584476e+00,-2.956900409263720775e+00,-1.549150190752436096e+00,-3.163249982022273699e+00
1.539869121088502490e+00,-1.308447411488526502e+00,1.909371674313886214e+00,-2.956824945360300383e+00,-1.548930858980241521e+00,-3.163469409024570300e+00
1.539560652145783193e+00,-1.308243561618092965e+00,1.909097320847523704e+00,-2.956750463131175177e+00,-1.548712770630687796e+00,-3.163687580666336263e+00
1.539254207830665244e+00,-1.308042467156675270e+00,1.908826645680498979e+00,-2.956677012095113355e+00,-1.548496110496720091e+00,-3.163904311649000878e+00
1.538949999856788597e+00,-1.307844178035070026e+00,1.908559719965873480e+00,-2.956604619966041625e+00,-1.548281028128490222e+00,-3.164119451896619140e+00
1.538648193619537086e+00,-1.307648684322071153e+00,1.908296534957105717e+00,-2.956533294189380268e+00,-1.548067640316514337e+00,-3.164332884074132046e+00
1.538348952755282051e+00,-1.307455973813113514e+00,1.908037078873333403e+00,-2.956463041440821282e+00,-1.547856062607207761e+00,-3.164544492089872207e+00
1.538052440900394613e+00,-1.307266034303630642e+00,1.907781339933694920e+00,-2.956393868396056224e+00,-1.547646410546985152e+00,-3.164754159852169568e+00
1.537758821691244782e+00,-1.307078853589057621e+00,1.907529306357327092e+00,-2.956325781730775315e+00,-1.547438799682261168e+00,-3.164961771269356294e+00
1.537468258764204343e+00,-1.306894419464828427e+00,1.907280966363367636e+00,-2.956258788120670999e+00,-1.547233345559450690e+00,-3.165167210249763219e+00
1.537180915755643307e+00,-1.306712719726377259e+00,1.907036308170954264e+00,-2.956192894241434388e+00,-1.547030163724968155e+00,-3.165370360701722507e+00
1.536896956301933237e+00,-1.306533742169138534e+00,1.906795319999223803e+00,-2.956128106768756592e+00,-1.546829369725228664e+00,-3.165571106533565882e+00
1.536616544039445031e+00,-1.306357474588547340e+00,1.906557990067314634e+00,-2.956064432378328721e+00,-1.546631079106647322e+00,-3.165769331653624175e+00
1.536339842604549366e+00,-1.306183904780036542e+00,1.906324306594364026e+00,-2.956001877745842332e+00,-1.546435407415638119e+00,-3.165964919970228664e+00
1.536067015633616695e+00,-1.306013020539041447e+00,1.906094257799509695e+00,-2.955940449546988535e+00,-1.546242470198616159e+00,-3.166157755391710626e+00
1.535798226763019025e+00,-1.305844809660996253e+00,1.905867831901888909e+00,-2.955880154457459330e+00,-1.546052383001996544e+00,-3.166347721826403117e+00
1.535533639629126368e+00,-1.305679259941334935e+00,1.905645017120639384e+00,-2.955820999152944939e+00,-1.545865261372193711e+00,-3.166534703182636079e+00
1.535273417868309398e+00,-1.305516359175492358e+00,1.905425801674898389e+00,-2.955762990309137805e+00,-1.545681220855622540e+00,-3.166718583368740791e+00
1.535017715757428736e+00,-1.305356095846818443e+00,1.905210174528436440e+00,-2.955706134192746859e+00,-1.545500370394209622e+00,-3.166899252942308340e+00
1.534766526333267045e+00,-1.305198470289673507e+00,1.904998137473110198e+00,-2.955650430024796549e+00,-1.545322705151694676e+00,-3.167076717010394837e+00
1.534519706690084195e+00,-1.305043492830078700e+00,1.904789703116217092e+00,-2.955595871086046156e+00,-1.545148124364714048e+00,-3.167251077257430936e+00
1.534277109668380046e+00,-1.304891174106703300e+00,1.904584884403478506e+00,-2.955542450471380977e+00,-1.544976524268258933e+00,-3.167422438389838391e+00
1.534038588108654455e+00,-1.304741524758216142e+00,1.904383694280616712e+00,-2.955490161275685868e+00,-1.544807801097323408e+00,-3.167590905114039401e+00
1.533803994851407948e+00,-1.304594555423285618e+00,1.904186145693353538e+00,-2.955438996593844347e+00,-1.544641851086899775e+00,-3.167756582136454835e+00
1.533573182737139717e+00,-1.304450276740580783e+00,1.903992251587410811e+00,-2.955388949520742159e+00,-1.544478570471980783e+00,-3.167919574163507335e+00
1.533346004606350066e+00,-1.304308699348770917e+00,1.903802024908510582e+00,-2.955340013151262823e+00,-1.544317855487559177e+00,-3.168079985901617768e+00
1.533122313299539075e+00,-1.304169833886524410e+00,1.903615478602374456e+00,-2.955292180580290751e+00,-1.544159602368627482e+00,-3.168237922057207445e+00
1.532901961657206380e+00,-1.304033690992510319e+00,1.903432625614724261e+00,-2.955245444902712126e+00,-1.544003707350178223e+00,-3.168393487336698566e+00
1.532684802519852285e+00,-1.303900281305397924e+00,1.903253478891282269e+00,-2.955199799213410028e+00,-1.543850066667205034e+00,-3.168546786446512442e+00
1.532470688727976649e+00,-1.303769615463855391e+00,1.903078051377769864e+00,-2.955155236607268865e+00,-1.543698576554699997e+00,-3.168697924093071716e+00
1.532259473122078886e+00,-1.303641704106552224e+00,1.902906356019909095e+00,-2.955111750179174379e+00,-1.543549133247655636e+00,-3.168847004982796811e+00
1.532051008542659742e+00,-1.303516557872157033e+00,1.902738405763422014e+00,-2.955069333024010536e+00,-1.543401632981065141e+00,-3.168994133822109482e+00
1.531845147830218412e+00,-1.303394187399338655e+00,1.902574213554030003e+00,-2.955027978236660857e+00,-1.543255971989921038e+00,-3.169139415317431485e+00
1.531641743810373324e+00,-1.303274603327138070e+00,1.902413792337603438e+00,-2.954987678910982130e+00,-1.543112046498716916e+00,-3.169282954185764556e+00
1.531440621926321466e+00,-1.303157816978935069e+00,1.902257155332031990e+00,-2.954948426246975401e+00,-1.542969733413769973e+00,-3.169424874611609599e+00
1.531241523538364735e+00,-1.303043841779502054e+00,1.902104316590496724e+00,-2.954910205629210029e+00,-1.542828850321287693e+00,-3.169565360558098899e+00
1.531044173921116913e+00,-1.302932691555622746e+00,1.901955290325975767e+00,-2.954873001329716420e+00,-1.542689203459095992e+00,-3.169704607424463028e+00
1.530848298349193559e+00,-1.302824380134081972e+00,1.901810090751447024e+00,-2.954836797620526756e+00,-1.542550599065021899e+00,-3.169842810609933448e+00
1.530653622097209787e+00,-1.302718921341664116e+00,1.901668732079888624e+00,-2.954801578773674109e+00,-1.542412843376892884e+00,-3.169980165513742065e+00
1.530459870439780268e+00,-1.302616329005152895e+00,1.901531228524278916e+00,-2.954767329061189773e+00,-1.542275742632534641e+00,-3.170116867535119454e+00
1.530266768651519449e+00,-1.302516616951333139e+00,1.901397594297595806e+00,-2.954734032755105932e+00,-1.542139103069774642e+00,-3.170253112073296631e+00
1.530074042007043333e+00,-1.302419799006989232e+00,1.901267843612817421e+00,-2.954701674127454769e+00,-1.542002730926439469e+00,-3.170389094527505502e+00
1.529881415780966147e+00,-1.302325888998904668e+00,1.901141990682921667e+00,-2.954670237450267578e+00,-1.541866432440355927e+00,-3.170525010296976642e+00
1.529688615247902783e+00,-1.302234900753864277e+00,1.901020049720887117e+00,-2.954639706995577431e+00,-1.541730013849350378e+00,-3.170661054780941512e+00
1.529495365682468577e+00,-1.302146848098652665e+00,1.900902034939691454e+00,-2.954610067035415621e+00,-1.541593281391250070e+00,-3.170797423378632018e+00
1.529301392359277978e+00,-1.302061744860053549e+00,1.900787960552312583e+00,-2.954581301841813890e+00,-1.541456041303881142e+00,-3.170934311489279178e+00
1.529106420552945877e+00,-1.301979604864851314e+00,1.900677840771729299e+00,-2.954553395686804862e+00,-1.541318099825071064e+00,-3.171071914512112677e+00
1.528910175538088279e+00,-1.301900441939830566e+00,1.900571689810919063e+00,-2.954526332842420278e+00,-1.541179263192646420e+00,-3.171210427846365754e+00
1.528712382589318741e+00,-1.301824269911775467e+00,1.900469521882860224e+00,-2.954500097580692763e+00,-1.541039337644433793e+00,-3.171350046891268537e+00
1.528512766981253046e+00,-1.301751102607470179e+00,1.900371351200530912e+00,-2.954474674173652726e+00,-1.540898129418259765e+00,-3.171490967046052489e+00
1.528311066128947626e+00,-1.301680951056925162e+00,1.900277188429623232e+00,-2.954450046906043070e+00,-1.540755453312600221e+00,-3.171633375071739369e+00
1.528107117921714719e+00,-1.301613803144059167e+00,1.900187014878506053e+00,-2.954426200167784788e+00,-1.540611194973830145e+00,-3.171777386239552854e+00
1.527900809860997189e+00,-1.301549635323725918e+00,1.900100797359502325e+00,-2.954403118400733774e+00,-1.540465275031566161e+00,-3.171923080520521410e+00
1.527692029798990658e+00,-1.301488423969975550e+00,1.900018502582448754e+00,-2.954380786047116292e+00,-1.540317614362754828e+00,-3.172070537636102028e+00
1.527480665587891639e+00,-1.301430145456858867e+00,1.899940097257182492e+00,-2.954359187549154608e+00,-1.540168133844342258e+00,-3.172219837307752588e+00
1.527266605079896866e+00,-1.301374776158426005e+00,1.899865548093540468e+00,-2.954338307349075432e+00,-1.540016754353274342e+00,-3.172371059256930526e+00
1.527049736127202628e+00,-1.301322292448727325e+00,1.899794821801359834e+00,-2.954318129889101474e+00,-1.539863396766496750e+00,-3.172524283205092832e+00
1.526829946582005437e+00,-1.301272670701813627e+00,1.899727885090477519e+00,-2.954298639611458110e+00,-1.539707981960957150e+00,-3.172679588873696943e+00
1.526607124296501583e+00,-1.301225887291735495e+00,1.899664704670730453e+00,-2.954279820958368941e+00,-1.539550430813599657e+00,-3.172837055984201626e+00
1.526381157122887355e+00,-1.301181918592543063e+00,1.899605247251955342e+00,-2.954261658372059340e+00,-1.539390664201371717e+00,-3.172996764258062985e+00
1.526151932913359710e+00,-1.301140740978286692e+00,1.899549479543989561e+00,-2.954244136294753353e+00,-1.539228603001219220e+00,-3.173158793416739343e+00
1.525919339520114715e+00,-1.301102330823017406e+00,1.899497368256670038e+00,-2.954227239168675023e+00,-1.539064168090088058e+00,-3.173323223181687691e+00
1.525683264795348659e+00,-1.301066664500785119e+00,1.899448880099833259e+00,-2.954210951436048838e+00,-1.538897280344924123e+00,-3.173490133274365910e+00
1.525443596591258499e+00,-1.301033718385640414e+00,1.899403981783317485e+00,-2.954195257539099284e+00,-1.538727860642674417e+00,-3.173659603416230990e+00
1.525200222760040303e+00,-1.301003468851634315e+00,1.899362640016958315e+00,-2.954180141920050851e+00,-1.538555829860284163e+00,-3.173831713328740811e+00
1.524953031153890581e+00,-1.300975892272816736e+00,1.899324821510593120e+00,-2.954165589021128024e+00,-1.538381108874699921e+00,-3.174006542733353253e+00
1.524701909625005181e+00,-1.300950965023238481e+00,1.899290492974059275e+00,-2.954151583284555294e+00,-1.538203618562867581e+00,-3.174184171351525308e+00
1.524446746025581501e+00,-1.300928663476949465e+00,1.899259621117193486e+00,-2.954138109152556702e+00,-1.538023279801733256e+00,-3.174364678904714410e+00
1.524187452393055420e+00,-1.300908962524597978e+00,1.899232170876901105e+00,-2.954125151753258738e+00,-1.537840030542284353e+00,-3.174548127957574462e+00
1.523924078800607873e+00,-1.300891828590402310e+00,1.899208097071191315e+00,-2.954112700129534197e+00,-1.537653906184532016e+00,-3.174734483153370590e+00
1.523656724217014924e+00,-1.300877225099568379e+00,1.899187350933715379e+00,-2.954100744710951076e+00,-1.537464976647284765e+00,-3.174923674449249944e+00
1.523385487668229121e+00,-1.300865115473794020e+00,1.899169883693933247e+00,-2.954089275928699632e+00,-1.537273311889715943e+00,-3.175115631761797896e+00
1.523110468180202570e+00,-1.300855463134776846e+00,1.899155646581305312e+00,-2.954078284213971894e+00,-1.537078981870998895e+00,-3.175310285007598932e+00
1.522831764778888930e+00,-1.300848231504216468e+00,1.899144590825291523e+00,-2.954067759997956344e+00,-1.536882056550308073e+00,-3.175507564103239311e+00
1.522549476490239417e+00,-1.300843384003810499e+00,1.899136667655351385e+00,-2.954057693711844124e+00,-1.536682605886816599e+00,-3.175707398965303518e+00
1.522263702340207248e+00,-1.300840884055257218e+00,1.899131828300946179e+00,-2.954048075786825489e+00,-1.536480699839697817e+00,-3.175909719510377816e+00
1.521974541354745636e+00,-1.300840695080254461e+00,1.899130023991534522e+00,-2.954038896654091584e+00,-1.536276408368126400e+00,-3.176114455655045798e+00
1.521682092564935251e+00,-1.300842780499010143e+00,1.899131205954653456e+00,-2.954030146744719421e+00,-1.536069801434891691e+00,-3.176321537312245979e+00
1.521386483040111370e+00,-1.300847095578522072e+00,1.899135314901334137e+00,-2.954021815872967860e+00,-1.535860968773825608e+00,-3.176530874448517228e+00
1.521087933543098236e+00,-1.300853568340778033e+00,1.899142256400329076e+00,-2.954013891791916091e+00,-1.535650066186278195e+00,-3.176742310376910350e+00
1.520786684384249687e+00,-1.300862121123564030e+00,1.899151928688561419e+00,-2.954006361824613069e+00,-1.535437263257447116e+00,-3.176955674504374993e+00
1.520482975873919340e+00,-1.300872676264666072e+00,1.899164230002954756e+00,-2.953999213294107751e+00,-1.535222729572530476e+00,-3.177170796237860362e+00
1.520177048322460145e+00,-1.300885156101871054e+00,1.899179058580432677e+00,-2.953992433523449535e+00,-1.535006634716725493e+00,-3.177387504984316546e+00
1.519869142040225940e+00,-1.300899482972964982e+00,1.899196312657918329e+00,-2.953986009835687376e+00,-1.534789148275230053e+00,-3.177605630150693639e+00
1.519559497337570342e+00,-1.300915579215733642e+00,1.899215890472334634e+00,-2.953979929553870676e+00,-1.534570439833242039e+00,-3.177825001143939510e+00
1.519248354524846745e+00,-1.300933367167963484e+00,1.899237690260605849e+00,-2.953974180001048389e+00,-1.534350678975958449e+00,-3.178045447371006471e+00
1.518935953912408987e+00,-1.300952769167440959e+00,1.899261610259654676e+00,-2.953968748500269914e+00,-1.534130035288576943e+00,-3.178266798238842394e+00
1.518622535810609575e+00,-1.300973707551951852e+00,1.899287548706404705e+00,-2.953963622374584208e+00,-1.533908678356295852e+00,-3.178488883154397815e+00
1.518308340526283384e+00,-1.300996104659754016e+00,1.899315403838390814e+00,-2.953958788947075309e+00,-1.533686777761826159e+00,-3.178711531527115053e+00
1.517993572330684549e+00,-1.301019887652010931e+00,1.899345080156145116e+00,-2.953954235905974723e+00,-1.533464477634263634e+00,-3.178934598290347857e+00
1.517678310739070779e+00,-1.301045000386898742e+00,1.899376503842838515e+00,-2.953949952203655638e+00,-1.533241833981708213e+00,-3.179158026741807141e+00
1.517362608287444736e+00,-1.301071390333426114e+00,1.899409605770644882e+00,-2.953945927065868560e+00,-1.533018883755547623e+00,-3.179381779288543264e+00
1.517046517511808634e+00,-1.301099004960600825e+00,1.899444316811739419e+00,-2.953942149718365773e+00,-1.532795663907171146e+00,-3.179605818337607470e+00
1.516730090948163800e+00,-1.301127791737432204e+00,1.899480567838297773e+00,-2.953938609386898229e+00,-1.532572211387966510e+00,-3.179830106296051451e+00
1.516413381132512894e+00,-1.301157698132928031e+00,1.899518289722494258e+00,-2.953935295297218655e+00,-1.532348563149322995e+00,-3.180054605570924231e+00
1.516096440600857242e+00,-1.301188671616096970e+00,1.899557413336503853e+00,-2.953932196675077115e+00,-1.532124756142628330e+00,-3.180279278569278834e+00
1.515779321889199283e+00,-1.301220659655947021e+00,1.899597869552501095e+00,-2.953929302746225449e+00,-1.531900827319270908e+00,-3.180504087698164284e+00
1.515462077533541230e+00,-1.301253609721487292e+00,1.899639589242662074e+00,-2.953926602736416829e+00,-1.531676813630640233e+00,-3.180728995364632272e+00
1.515144760069884633e+00,-1.301287469281725562e+00,1.899682503279160217e+00,-2.953924085871400873e+00,-1.531452752028123143e+00,-3.180953963975734489e+00
1.514827422034231708e+00,-1.301322185805670717e+00,1.899726542534171836e+00,-2.953921741376929422e+00,-1.531228679463109588e+00,-3.181178955938519959e+00
1.514510115962584447e+00,-1.301357706762330535e+00,1.899771637879870800e+00,-2.953919558478755203e+00,-1.531004632886987293e+00,-3.181403933660040373e+00
1.514192894390944621e+00,-1.301393979620714125e+00,1.899817720188432535e+00,-2.953917526402629168e+00,-1.530780649251144876e+00,-3.181628859547347421e+00
1.513875803845384560e+00,-1.301430955068056727e+00,1.899864724558630869e+00,-2.953915634975456506e+00,-1.530556761269830535e+00,-3.181853700284061670e+00
1.513558850523962107e+00,-1.301468605386638666e+00,1.899912614450687043e+00,-2.953913878058019638e+00,-1.530332973225110083e+00,-3.182078451250582418e+00
1.513242024034241906e+00,-1.301506911742699835e+00,1.899961364992405422e+00,-2.953912251170595749e+00,-1.530109277702367043e+00,-3.182303119632838850e+00
1.512925313932557581e+00,-1.301545855329913515e+00,1.900010951347620658e+00,-2.953910749838585481e+00,-1.529885667250866055e+00,-3.182527712653216767e+00
1.512608709775242311e+00,-1.301585417341953876e+00,1.900061348680165407e+00,-2.953909369587388145e+00,-1.529662134419870867e+00,-3.182752237534101969e+00
1.512292201118629720e+00,-1.301625578972493980e+00,1.900112532153874101e+00,-2.953908105942405271e+00,-1.529438671758646118e+00,-3.182976701497880700e+00
1.511975777519053654e+00,-1.301666321415206884e+00,1.900164476932580282e+00,-2.953906954429037057e+00,-1.529215271816456889e+00,-3.183201111766937874e+00
1.511659428532847071e+00,-1.301707625863766538e+00,1.900217158180117494e+00,-2.953905910572683258e+00,-1.528991927142566043e+00,-3.183425475563658846e+00
1.511343143716343818e+00,-1.301749473511846222e+00,1.900270551060319058e+00,-2.953904969898744959e+00,-1.528768630286239327e+00,-3.183649800110429418e+00
1.511026912625877294e+00,-1.301791845553119664e+00,1.900324630737019849e+00,-2.953904127932622803e+00,-1.528545373796740492e+00,-3.183874092629635388e+00
1.510710724817780681e+00,-1.301834723181260145e+00,1.900379372374052522e+00,-2.953903380199716544e+00,-1.528322150223334397e+00,-3.184098360343662559e+00
1.510394569848388269e+00,-1.301878087589940947e+00,1.900434751135251066e+00,-2.953902722225426825e+00,-1.528098952115285014e+00,-3.184322610474895843e+00
1.510078437274032792e+00,-1.301921919972835795e+00,1.900490742184449688e+00,-2.953902149535153843e+00,-1.527875772021856537e+00,-3.184546850245721483e+00
1.509762316651048097e+00,-1.301966201523618194e+00,1.900547320685481045e+00,-2.953901657654299129e+00,-1.527652602492313827e+00,-3.184771086878524837e+00
1.509446197535767809e+00,-1.302010913435961426e+00,1.900604461802179568e+00,-2.953901242108262881e+00,-1.527429436075921299e+00,-3.184995327595690373e+00
1.509130069484525105e+00,-1.302056036903538772e+00,1.900662140698379021e+00,-2.953900898422443966e+00,-1.527206265321942480e+00,-3.185219579619605668e+00
1.508813922424043996e+00,-1.302101553428456793e+00,1.900720332946323587e+00,-2.953900622200532844e+00,-1.526983083043009337e+00,-3.185443849914057157e+00
1.508497752239410739e+00,-1.302147449474496232e+00,1.900779020688248666e+00,-2.953900410305618784e+00,-1.526759886288454604e+00,-3.185668141282840260e+00
1.508181559625134005e+00,-1.302193715510359784e+00,1.900838191369500496e+00,-2.953900260617342788e+00,-1.526536675527357945e+00,-3.185892453171921268e+00
1.507865345413013314e+00,-1.302240342119075578e+00,1.900897832586808889e+00,-2.953900171044366196e+00,-1.526313451326420267e+00,-3.186116784931413370e+00
1.507549110434847739e+00,-1.302287319883672634e+00,1.900957931936902989e+00,-2.953900139495349464e+00,-1.526090214252341370e+00,-3.186341135911429756e+00
1.507232855522435910e+00,-1.302334639387178861e+00,1.901018477016512387e+00,-2.953900163878954377e+00,-1.525866964871821940e+00,-3.186565505462084946e+00
1.506916581507578456e+00,-1.302382291212623056e+00,1.901079455422366893e+00,-2.953900242103840057e+00,-1.525643703751562663e+00,-3.186789892933491242e+00
1.506600289222073341e+00,-1.302430265943033350e+00,1.901140854751195652e+00,-2.953900372078668735e+00,-1.525420431458263337e+00,-3.187014297675762275e+00
1.506283979497720527e+00,-1.302478554161438096e+00,1.901202662599728921e+00,-2.953900551712100420e+00,-1.525197148558624871e+00,-3.187238719039011237e+00
1.505967653166318643e+00,-1.302527146450865869e+00,1.901264866564696066e+00,-2.953900778912796898e+00,-1.524973855619346841e+00,-3.187463156373352202e+00
1.505651311059667208e+00,-1.302576033394344579e+00,1.901327454242826454e+00,-2.953901051589417293e+00,-1.524750553207130821e+00,-3.187687609028897473e+00
1.505334954009565740e+00,-1.302625205574903244e+00,1.901390413230849896e+00,-2.953901367650623389e+00,-1.524527241888676610e+00,-3.187912076355761126e+00
1.505018582847812647e+00,-1.302674653575570218e+00,1.901453731125495983e+00,-2.953901725005075640e+00,-1.524303922230684671e+00,-3.188136557704055907e+00
1.504702198406208336e+00,-1.302724367979373632e+00,1.901517395523493859e+00,-2.953902121561435390e+00,-1.524080594799855248e+00,-3.188361052423896336e+00
1.504385801516551213e+00,-1.302774339369341616e+00,1.901581394021573557e+00,-2.953902555228362203e+00,-1.523857260162889027e+00,-3.188585559865394714e+00
1.504069393010640798e+00,-1.302824558328503191e+00,1.901645714216464667e+00,-2.953903023914518311e+00,-1.523633918886486249e+00,-3.188810079378664675e+00
1.503752973720276387e+00,-1.302875015439886264e+00,1.901710343704896777e+00,-2.953903525528563723e+00,-1.523410571537347380e+00,-3.189034610313819407e+00
1.503436544477256831e+00,-1.302925701286519633e+00,1.901775270083599700e+00,-2.953904057979158893e+00,-1.523187218682172883e+00,-3.189259152020972987e+00
1.503120106113381649e+00,-1.302976606451431207e+00,1.901840480949302137e+00,-2.953904619174965163e+00,-1.522963860887662779e+00,-3.189483703850238161e+00
1.502803659460450136e+00,-1.303027721517649562e+00,1.901905963898734342e+00,-2.953905207024643431e+00,-1.522740498720518199e+00,-3.189708265151728117e+00
1.502487205498875600e+00,-1.303079037496587489e+00,1.901971707089488373e+00,-2.953905819512589570e+00,-1.522517132856197719e+00,-3.189932835178320936e+00
1.502170746186672012e+00,-1.303130548217618756e+00,1.902037702368571059e+00,-2.953906455121406704e+00,-1.522293764685589412e+00,-3.190157412543265458e+00
1.501854283876860041e+00,-1.303182248648729669e+00,1.902103943073718550e+00,-2.953907112534995161e+00,-1.522070395888655003e+00,-3.190381995601367482e+00
1.501537820923563249e+00,-1.303234133761091318e+00,1.902170422546838324e+00,-2.953907790437823699e+00,-1.521847028146162906e+00,-3.190606582706705385e+00
1.501221359680906309e+00,-1.303286198525876127e+00,1.902237134129836305e+00,-2.953908487514355752e+00,-1.521623663138883531e+00,-3.190831172213362432e+00
1.500904902503014338e+00,-1.303338437914255632e+00,1.902304071164619081e+00,-2.953909202449058746e+00,-1.521400302547586181e+00,-3.191055762475419222e+00
1.500588451744011564e+00,-1.303390846897400923e+00,1.902371226993093689e+00,-2.953909933926397446e+00,-1.521176948053039935e+00,-3.191280351846957686e+00
1.500272009758022662e+00,-1.303443420446483980e+00,1.902438594957166051e+00,-2.953910680630839725e+00,-1.520953601336014982e+00,-3.191504938682057091e+00
1.499955578899171638e+00,-1.303496153532676560e+00,1.902506168398743203e+00,-2.953911441246849012e+00,-1.520730264077280625e+00,-3.191729521334800257e+00
1.499639161521583608e+00,-1.303549041127150199e+00,1.902573940659731511e+00,-2.953912214458893626e+00,-1.520506937957606386e+00,-3.191954098159267783e+00
1.499322759979383246e+00,-1.303602078201075987e+00,1.902641905082037566e+00,-2.953912998951436997e+00,-1.520283624657762012e+00,-3.192178667509541601e+00
1.499006376626694337e+00,-1.303655259725626347e+00,1.902710055007567735e+00,-2.953913793408947885e+00,-1.520060325858516359e+00,-3.192403227739700977e+00
1.498690013817642663e+00,-1.303708580671972372e+00,1.902778383778229054e+00,-2.953914596515889723e+00,-1.519837043240640506e+00,-3.192627777203828288e+00
1.498373673906351566e+00,-1.303762036011285819e+00,1.902846884735927446e+00,-2.953915406956730383e+00,-1.519613778484902200e+00,-3.192852314256005908e+00
1.498057359246946163e+00,-1.303815620714738444e+00,1.902915551222569723e+00,-2.953916223415933739e+00,-1.519390533272072075e+00,-3.193076837250313105e+00
1.497741072193551126e+00,-1.303869329753501782e+00,1.902984376580062476e+00,-2.953917044577968110e+00,-1.519167309282919431e+00,-3.193301344540831366e+00
1.497424815100290685e+00,-1.303923158098747370e+00,1.903053354150312515e+00,-2.953917869127297813e+00,-1.518944108198213794e+00,-3.193525834481643066e+00
1.497108590321289290e+00,-1.303977100721646742e+00,1.903122477275225988e+00,-2.953918695748389389e+00,-1.518720931698724463e+00,-3.193750305426827918e+00
1.496792400210672280e+00,-1.304031152593371878e+00,1.903191739296709928e+00,-2.953919523125708491e+00,-1.518497781465221630e+00,-3.193974755730467852e+00
1.496476247122563663e+00,-1.304085308685094091e+00,1.903261133556670259e+00,-2.953920349943720769e+00,-1.518274659178474595e+00,-3.194199183746643911e+00
1.496160133411087667e+00,-1.304139563967985138e+00,1.903330653397013794e+00,-2.953921174886893208e+00,-1.518051566519252438e+00,-3.194423587829436695e+00
1.495844061430369631e+00,-1.304193913413216555e+00,1.903400292159647345e+00,-2.953921996639690573e+00,-1.517828505168325126e+00,-3.194647966332929023e+00
1.495528033534533341e+00,-1.304248351991960098e+00,1.903470043186477278e+00,-2.953922813886579846e+00,-1.517605476806462184e+00,-3.194872317611200607e+00
1.495212052032108163e+00,-1.304302874717844896e+00,1.903539899875429597e+00,-2.953923625322055990e+00,-1.517382483082087674e+00,-3.195096640050473447e+00
1.494896117683635950e+00,-1.304357478045965024e+00,1.903609857526310289e+00,-2.953924429981115818e+00,-1.517159524545478089e+00,-3.195320933128149576e+00
1.494580229359810053e+00,-1.304412160191213310e+00,1.903679913760821796e+00,-2.953925227314458279e+00,-1.516936600406245894e+00,-3.195545197653790748e+00
1.494264385816502116e+00,-1.304466919475404607e+00,1.903750066341738378e+00,-2.953926016798036347e+00,-1.516713709792548270e+00,-3.195769434517897967e+00
1.493948585809581786e+00,-1.304521754220353547e+00,1.903820313031836076e+00,-2.953926797907806101e+00,-1.516490851832541731e+00,-3.195993644610971796e+00
1.493632828094920706e+00,-1.304576662747874760e+00,1.903890651593889149e+00,-2.953927570119719626e+00,-1.516268025654383456e+00,-3.196217828823513241e+00
1.493317111428388966e+00,-1.304631643379782879e+00,1.903961079790672750e+00,-2.953928332909733445e+00,-1.516045230386229958e+00,-3.196441988046023308e+00
1.493001434565857988e+00,-1.304686694437893202e+00,1.904031595384962472e+00,-2.953929085753800976e+00,-1.515822465156237753e+00,-3.196666123169001228e+00
1.492685796263198750e+00,-1.304741814244019471e+00,1.904102196139532577e+00,-2.953929828127876966e+00,-1.515599729092564019e+00,-3.196890235082948895e+00
1.492370195276281564e+00,-1.304797001119976985e+00,1.904172879817158437e+00,-2.953930559507915277e+00,-1.515377021323365714e+00,-3.197114324678366870e+00
1.492054630360977407e+00,-1.304852253387580374e+00,1.904243644180615203e+00,-2.953931279369870655e+00,-1.515154340976799130e+00,-3.197338392845756161e+00
1.491739100273157259e+00,-1.304907569368644049e+00,1.904314486992677580e+00,-2.953931987189697406e+00,-1.514931687181021891e+00,-3.197562440475615997e+00
1.491423603768691875e+00,-1.304962947384983085e+00,1.904385406016121163e+00,-2.953932682443349389e+00,-1.514709059064189622e+00,-3.197786468458449161e+00
1.491108139603452010e+00,-1.305018385758411892e+00,1.904456399013719992e+00,-2.953933364606782241e+00,-1.514486455754460392e+00,-3.198010477684754438e+00
1.490792706533308198e+00,-1.305073882810745101e+00,1.904527463748249883e+00,-2.953934033155948935e+00,-1.514263876379990048e+00,-3.198234469045033279e+00
1.490477303314131863e+00,-1.305129436863798009e+00,1.904598597982486208e+00,-2.953934687566804662e+00,-1.514041320068936436e+00,-3.198458443429787135e+00
1.490161928701793759e+00,-1.305185046239384139e+00,1.904669799479203007e+00,-2.953935327315304615e+00,-1.513818785949455403e+00,-3.198682401729515679e+00
1.489846581452164198e+00,-1.305240709259319454e+00,1.904741066001175431e+00,-2.953935951877401322e+00,-1.513596273149703686e+00,-3.198906344834719917e+00
1.489531260321114159e+00,-1.305296424245417697e+00,1.904812395311179518e+00,-2.953936560729049976e+00,-1.513373780797838908e+00,-3.199130273635900412e+00
1.489215964064515063e+00,-1.305352189519494166e+00,1.904883785171989086e+00,-2.953937153346205768e+00,-1.513151308022017139e+00,-3.199354189023558170e+00
1.488900691438236779e+00,-1.305408003403363049e+00,1.904955233346379950e+00,-2.953937729204821672e+00,-1.512928853950395780e+00,-3.199578091888193754e+00
1.488585441198151393e+00,-1.305463864218839420e+00,1.905026737597126818e+00,-2.953938287780852878e+00,-1.512706417711131346e+00,-3.199801983120308169e+00
1.488270212100127887e+00,-1.305519770287737691e+00,1.905098295687004617e+00,-2.953938828550253248e+00,-1.512483998432380794e+00,-3.200025863610401533e+00
1.487955002900038570e+00,-1.305575719931872714e+00,1.905169905378788942e+00,-2.953939350988978418e+00,-1.512261595242300638e+00,-3.200249734248975297e+00
1.487639812353754198e+00,-1.305631711473059120e+00,1.905241564435253832e+00,-2.953939854572981805e+00,-1.512039207269048058e+00,-3.200473595926529136e+00
1.487324639217144862e+00,-1.305687743233111764e+00,1.905313270619175103e+00,-2.953940338778216823e+00,-1.511816833640779345e+00,-3.200697449533563610e+00
1.487009482246081982e+00,-1.305743813533845055e+00,1.905385021693327907e+00,-2.953940803080640443e+00,-1.511594473485651902e+00,-3.200921295960581059e+00
1.486694340234521405e+00,-1.305799920738594633e+00,1.905456815475345289e+00,-2.953941246966715006e+00,-1.511372125958761359e+00,-3.201145136071291919e+00
1.486379212374368652e+00,-1.305856063644541099e+00,1.905528650356078435e+00,-2.953941670032727451e+00,-1.511149790496689072e+00,-3.201368970449494977e+00
1.486064098094488140e+00,-1.305912241307198185e+00,1.905600525067697504e+00,-2.953942071940354186e+00,-1.510927466703624766e+00,-3.201592799512313903e+00
1.485748996826890878e+00,-1.305968452785511102e+00,1.905672438346908359e+00,-2.953942452352142922e+00,-1.510705154185986610e+00,-3.201816623674658580e+00
1.485433908003590320e+00,-1.306024697138426394e+00,1.905744388930415978e+00,-2.953942810930640928e+00,-1.510482852550192101e+00,-3.202040443351438004e+00
1.485118831056598365e+00,-1.306080973424889269e+00,1.905816375554927111e+00,-2.953943147338395026e+00,-1.510260561402658519e+00,-3.202264258957562060e+00
1.484803765417926913e+00,-1.306137280703845827e+00,1.905888396957147402e+00,-2.953943461237950263e+00,-1.510038280349803363e+00,-3.202488070907939299e+00
1.484488710519588972e+00,-1.306193618034242165e+00,1.905960451873781603e+00,-2.953943752291856573e+00,-1.509816008998044579e+00,-3.202711879617479607e+00
1.484173665793596220e+00,-1.306249984475023496e+00,1.906032539041536245e+00,-2.953944020162658113e+00,-1.509593746953799664e+00,-3.202935685501092422e+00
1.483858630671960999e+00,-1.306306379085135916e+00,1.906104657197116969e+00,-2.953944264512903040e+00,-1.509371493823485899e+00,-3.203159488973687186e+00
1.483543604586696096e+00,-1.306362800923525302e+00,1.906176805077229641e+00,-2.953944485005138620e+00,-1.509149249213521005e+00,-3.203383290450173781e+00
1.483228586969812746e+00,-1.306419249049137754e+00,1.906248981418579236e+00,-2.953944681301909903e+00,-1.508927012730322703e+00,-3.203607090345461206e+00
1.482913577253324400e+00,-1.306475722520918703e+00,1.906321184957872505e+00,-2.953944853065765486e+00,-1.508704783980307829e+00,-3.203830889074458899e+00
1.482598574869243180e+00,-1.306532220397813804e+00,1.906393414431814204e+00,-2.953944999959251305e+00,-1.508482562569895213e+00,-3.204054687052075856e+00
1.482283579249580541e+00,-1.306588741738769599e+00,1.906465668577111083e+00,-2.953945121644914629e+00,-1.508260348105501247e+00,-3.204278484693221518e+00
1.481968589826349714e+00,-1.306645285602731299e+00,1.906537946130467898e+00,-2.953945217785302280e+00,-1.508038140193544097e+00,-3.204502282412805325e+00
1.481653606031561932e+00,-1.306701851048645002e+00,1.906610245828591177e+00,-2.953945288042961081e+00,-1.507815938440441039e+00,-3.204726080625738049e+00
1.481338627297230648e+00,-1.306758437135456363e+00,1.906682566408186119e+00,-2.953945332080437858e+00,-1.507593742452609797e+00,-3.204949879746927799e+00
1.481023653055367539e+00,-1.306815042922111481e+00,1.906754906605958366e+00,-2.953945349560278988e+00,-1.507371551836468093e+00,-3.205173680191284458e+00
1.480708682737984505e+00,-1.306871667467555787e+00,1.906827265158614448e+00,-2.953945340145032628e+00,-1.507149366198432983e+00,-3.205397482373716578e+00
1.480393715777094554e+00,-1.306928309830735380e+00,1.906899640802859119e+00,-2.953945303497243824e+00,-1.506927185144922410e+00,-3.205621286709134932e+00
1.480078751604709808e+00,-1.306984969070596136e+00,1.906972032275398687e+00,-2.953945239279461177e+00,-1.506705008282354097e+00,-3.205845093612447627e+00
1.479763789652841943e+00,-1.307041644246083711e+00,1.907044438312938794e+00,-2.953945147154230177e+00,-1.506482835217144878e+00,-3.206068903498565437e+00
1.479448829353504191e+00,-1.307098334416144203e+00,1.907116857652185082e+00,-2.953945026784098538e+00,-1.506260665555713141e+00,-3.206292716782396024e+00
1.479133870138708007e+00,-1.307155038639723044e+00,1.907189289029843637e+00,-2.953944877831613081e+00,-1.506038498904475942e+00,-3.206516533878850161e+00
1.478818911440466177e+00,-1.307211755975766332e+00,1.907261731182619435e+00,-2.953944699959319742e+00,-1.505816334869851003e+00,-3.206740355202837289e+00
1.478503952690791046e+00,-1.307268485483219722e+00,1.907334182847218784e+00,-2.953944492829766677e+00,-1.505594173058255825e+00,-3.206964181169265959e+00
1.478188993321694289e+00,-1.307325226221029535e+00,1.907406642760347326e+00,-2.953944256105499377e+00,-1.505372013076108351e+00,-3.207188012193046944e+00
1.477874032765188916e+00,-1.307381977248140759e+00,1.907479109658710925e+00,-2.953943989449066443e+00,-1.505149854529825415e+00,-3.207411848689087908e+00
1.477559070455131573e+00,-1.307438737623486169e+00,1.907551582279009006e+00,-2.953943692523084419e+00,-1.504927697027126143e+00,-3.207635691070988671e+00
1.477244106403015733e+00,-1.307495506401675778e+00,1.907624059356148427e+00,-2.953943365012521749e+00,-1.504705540583131995e+00,-3.207859539342065247e+00
1.476929142015624752e+00,-1.307552282626881057e+00,1.907696539620701293e+00,-2.953943006656329029e+00,-1.504483386197053019e+00,-3.208083392514582854e+00
1.476614178906226149e+00,-1.307609065341728716e+00,1.907769021802599774e+00,-2.953942617201448684e+00,-1.504261235013730547e+00,-3.208307249454147581e+00
1.476299218688088555e+00,-1.307665853588845462e+00,1.907841504631775154e+00,-2.953942196394820918e+00,-1.504039088178007244e+00,-3.208531109026363293e+00
1.475984262974479266e+00,-1.307722646410857781e+00,1.907913986838158715e+00,-2.953941743983386381e+00,-1.503816946834724888e+00,-3.208754970096834747e+00
1.475669313378666692e+00,-1.307779442850392604e+00,1.907986467151682186e+00,-2.953941259714087053e+00,-1.503594812128725255e+00,-3.208978831531166698e+00
1.475354371513918572e+00,-1.307836241950076417e+00,1.908058944302277515e+00,-2.953940743333863139e+00,-1.503372685204850345e+00,-3.209202692194963902e+00
1.475039438993503316e+00,-1.307893042752535706e+00,1.908131417019875986e+00,-2.953940194589655288e+00,-1.503150567207943045e+00,-3.209426550953830670e+00
1.474724517430688442e+00,-1.307949844300397180e+00,1.908203884034408881e+00,-2.953939613228405037e+00,-1.502928459282844242e+00,-3.209650406673372647e+00
1.474409608438742136e+00,-1.308006645636287546e+00,1.908276344075808373e+00,-2.953938998997053034e+00,-1.502706362574396604e+00,-3.209874258219193699e+00
1.474094713630931697e+00,-1.308063445802833735e+00,1.908348795874005521e+00,-2.953938351642539928e+00,-1.502484278227441461e+00,-3.210098104456898582e+00
1.473779834620526197e+00,-1.308120243842661790e+00,1.908421238158932054e+00,-2.953937670911807256e+00,-1.502262207386821480e+00,-3.210321944252092052e+00
1.473464973020792934e+00,-1.308177038798398639e+00,1.908493669660519254e+00,-2.953936956551795667e+00,-1.502040151197378437e+00,-3.210545776470379753e+00
1.473150130444999650e+00,-1.308233829712670770e+00,1.908566089108699071e+00,-2.953936208309446254e+00,-1.501818110803954331e+00,-3.210769599977365107e+00
1.472835308506414975e+00,-1.308290615628104891e+00,1.908638495233403232e+00,-2.953935425931699221e+00,-1.501596087351391162e+00,-3.210993413638652871e+00
1.472520508818306872e+00,-1.308347395587327933e+00,1.908710886764562797e+00,-2.953934609165496994e+00,-1.501374081984531372e+00,-3.211217216319848244e+00
1.472205732993942195e+00,-1.308404168632966380e+00,1.908783262432109273e+00,-2.953933757757779333e+00,-1.501152095848216073e+00,-3.211441006886555538e+00
1.471890982646590462e+00,-1.308460933807646498e+00,1.908855620965974609e+00,-2.953932871455486442e+00,-1.500930130087288150e+00,-3.211664784204379508e+00
1.471576259389518526e+00,-1.308517690153995439e+00,1.908927961096090309e+00,-2.953931950005561191e+00,-1.500708185846588938e+00,-3.211888547138925354e+00
1.471261564835994351e+00,-1.308574436714639466e+00,1.909000281552387879e+00,-2.953930993154943785e+00,-1.500486264270960657e+00,-3.212112294555797387e+00
1.470946900599287011e+00,-1.308631172532205289e+00,1.909072581064798824e+00,-2.953930000650573984e+00,-1.500264366505245750e+00,-3.212336025320599475e+00
1.470632268292663358e+00,-1.308687896649319837e+00,1.909144858363254427e+00,-2.953928972239394213e+00,-1.500042493694285550e+00,-3.212559738298938594e+00
1.470317669529391580e+00,-1.308744608108609375e+00,1.909217112177686859e+00,-2.953927907668345121e+00,-1.499820646982922501e+00,-3.212783432356416835e+00
1.470003105922740083e+00,-1.308801305952701055e+00,1.909289341238027404e+00,-2.953926806684366468e+00,-1.499598827515998378e+00,-3.213007106358640286e+00
1.469688579085976388e+00,-1.308857989224220919e+00,1.909361544274207567e+00,-2.953925669034401125e+00,-1.499377036438355182e+00,-3.213230759171213258e+00
1.469374090632368901e+00,-1.308914656965795675e+00,1.909433720016158409e+00,-2.953924494465388406e+00,-1.499155274894835355e+00,-3.213454389659740507e+00
1.469059642175184921e+00,-1.308971308220052476e+00,1.909505867193812323e+00,-2.953923282724269406e+00,-1.498933544030280229e+00,-3.213677996689827676e+00
1.468745235327692855e+00,-1.309027942029617364e+00,1.909577984537100814e+00,-2.953922033557986104e+00,-1.498711844989532249e+00,-3.213901579127077301e+00
1.468430871703160889e+00,-1.309084557437117491e+00,1.909650070775954944e+00,-2.953920746713479151e+00,-1.498490178917433413e+00,-3.214125135837095915e+00
1.468116552914856099e+00,-1.309141153485179121e+00,1.909722124640306440e+00,-2.953919421937688305e+00,-1.498268546958825498e+00,-3.214348665685487383e+00
1.467802280576047558e+00,-1.309197729216428963e+00,1.909794144860087028e+00,-2.953918058977556438e+00,-1.498046950258550725e+00,-3.214572167537856462e+00
1.467488056239420136e+00,-1.309254283686104525e+00,1.909866130181369304e+00,-2.953916657580185845e+00,-1.497825389918739258e+00,-3.214795640302907653e+00
1.467173878442692203e+00,-1.309310816577056613e+00,1.909938080153521067e+00,-2.953915217500817203e+00,-1.497603864915900251e+00,-3.215019085034259039e+00
1.466859741375768023e+00,-1.309367328477199388e+00,1.910009995484321488e+00,-2.953913738506419140e+00,-1.497382371161238845e+00,-3.215242505878658008e+00
1.466545638890150771e+00,-1.309423820044890663e+00,1.910081876971712278e+00,-2.953912220364875107e+00,-1.497160904327376807e+00,-3.215465907223597597e+00
1.466231564837343848e+00,-1.309480291938488916e+00,1.910153725413635595e+00,-2.953910662844067225e+00,-1.496939460086938567e+00,-3.215689293456571729e+00
1.465917513068850875e+00,-1.309536744816351961e+00,1.910225541608032707e+00,-2.953909065711878057e+00,-1.496718034112547002e+00,-3.215912668965072552e+00
1.465603477436175250e+00,-1.309593179336837832e+00,1.910297326352845326e+00,-2.953907428736191498e+00,-1.496496622076825211e+00,-3.216136038136594877e+00
1.465289451790819930e+00,-1.309649596158305007e+00,1.910369080446014944e+00,-2.953905751684889669e+00,-1.496275219652396515e+00,-3.216359405358630408e+00
1.464975429984289201e+00,-1.309705995939111078e+00,1.910440804685483274e+00,-2.953904034325855132e+00,-1.496053822511884901e+00,-3.216582775018673068e+00
1.464661405868085797e+00,-1.309762379337614524e+00,1.910512499869192249e+00,-2.953902276426970452e+00,-1.495832426327912801e+00,-3.216806151504216782e+00
1.464347373293713339e+00,-1.309818747012173157e+00,1.910584166795083361e+00,-2.953900477756118192e+00,-1.495611026773104202e+00,-3.217029539202753696e+00
1.464033326112674560e+00,-1.309875099621145011e+00,1.910655806261097878e+00,-2.953898638081182693e+00,-1.495389619520081537e+00,-3.217252942501777291e+00
1.463719258176473748e+00,-1.309931437822887901e+00,1.910727419065178179e+00,-2.953896757170044296e+00,-1.495168200241468570e+00,-3.217476365788782378e+00
1.463405163336614301e+00,-1.309987762275760526e+00,1.910799006005265532e+00,-2.953894834790587787e+00,-1.494946764609888845e+00,-3.217699813451260216e+00
1.463091035444598953e+00,-1.310044073638120921e+00,1.910870567879301207e+00,-2.953892870710694840e+00,-1.494725308297965460e+00,-3.217923289876705173e+00
1.462776868351930881e+00,-1.310100372568326454e+00,1.910942105485227582e+00,-2.953890864698248464e+00,-1.494503826978321737e+00,-3.218146799452610285e+00
1.462462655910114817e+00,-1.310156659724736050e+00,1.911013619620985704e+00,-2.953888816521131222e+00,-1.494282316323580995e+00,-3.218370346566468587e+00
1.462148391970653050e+00,-1.310212935765706854e+00,1.911085111084517507e+00,-2.953886725947226566e+00,-1.494060772006366333e+00,-3.218593935605773559e+00
1.461834070385049422e+00,-1.310269201349597568e+00,1.911156580673764482e+00,-2.953884592744416171e+00,-1.493839189699301295e+00,-3.218817570958018681e+00
1.461519685004806668e+00,-1.310325457134766003e+00,1.911228029186668564e+00,-2.953882416680583489e+00,-1.493617565075008757e+00,-3.219041257010696988e+00
1.461205229681428852e+00,-1.310381703779570639e+00,1.911299457421171688e+00,-2.953880197523610196e+00,-1.493395893806112484e+00,-3.219264998151302404e+00
1.460890698266419374e+00,-1.310437941942369067e+00,1.911370866175214234e+00,-2.953877935041381075e+00,-1.493174171565235575e+00,-3.219488798767326632e+00
1.460576084611281411e+00,-1.310494172281519543e+00,1.911442256246739246e+00,-2.953875629001776915e+00,-1.492952394025001350e+00,-3.219712663246264928e+00
1.460261382567518140e+00,-1.310550395455380324e+00,1.911513628433687551e+00,-2.953873279172681610e+00,-1.492730556858033131e+00,-3.219936595975608995e+00
1.459946585986633627e+00,-1.310606612122308778e+00,1.911584983534001525e+00,-2.953870885321976836e+00,-1.492508655736954459e+00,-3.220160601342852758e+00
1.459631688720130382e+00,-1.310662822940663830e+00,1.911656322345621994e+00,-2.953868447217546489e+00,-1.492286686334387769e+00,-3.220384683735489695e+00
1.459316684619512472e+00,-1.310719028568803290e+00,1.911727645666491116e+00,-2.953865964627272689e+00,-1.492064644322957490e+00,-3.220608847541012842e+00
1.459001567536283073e+00,-1.310775229665084973e+00,1.911798954294550157e+00,-2.953863437319037999e+00,-1.491842525375286055e+00,-3.220833097146915236e+00
1.458686331321945362e+00,-1.310831426887867135e+00,1.911870249027741275e+00,-2.953860865060725871e+00,-1.491620325163997007e+00,-3.221057436940690799e+00
1.458370969828003183e+00,-1.310887620895507588e+00,1.911941530664005739e+00,-2.953858247620218869e+00,-1.491398039361714112e+00,-3.221281871309831679e+00
1.458055476905959269e+00,-1.310943812346364590e+00,1.912012800001285484e+00,-2.953855584765399112e+00,-1.491175663641059801e+00,-3.221506404641832688e+00
1.457739846407317907e+00,-1.311000001898796397e+00,1.912084057837521778e+00,-2.953852876264149163e+00,-1.490953193674658062e+00,-3.221731041324186418e+00
1.457424072183581831e+00,-1.311056190211161043e+00,1.912155304970656777e+00,-2.953850121884352475e+00,-1.490730625135131993e+00,-3.221955785744385459e+00
1.457108148086254662e+00,-1.311112377941816565e+00,1.912226542198631751e+00,-2.953847321393892056e+00,-1.490507953695104471e+00,-3.222180642289923291e+00
1.456792068598218526e+00,-1.311168565628767269e+00,1.912297770163526200e+00,-2.953844474550564758e+00,-1.490285175473091916e+00,-3.222405614900679005e+00
1.456475833339483161e+00,-1.311224752830778773e+00,1.912368988239268708e+00,-2.953841581030111296e+00,-1.490062290215550700e+00,-3.222630703874566738e+00
1.456159444430616068e+00,-1.311280938629961090e+00,1.912440195182499636e+00,-2.953838640468329668e+00,-1.489839299434881026e+00,-3.222855907736733805e+00
1.455842904008904926e+00,-1.311337122105235897e+00,1.912511389745732870e+00,-2.953835652500751419e+00,-1.489616204655291209e+00,-3.223081225000473005e+00
1.455526214211635860e+00,-1.311393302335525757e+00,1.912582570681481631e+00,-2.953832616762907648e+00,-1.489393007400988900e+00,-3.223306654179079800e+00
1.455209377176096552e+00,-1.311449478399753010e+00,1.912653736742258914e+00,-2.953829532890330345e+00,-1.489169709196182190e+00,-3.223532193785845656e+00
1.454892395039574460e+00,-1.311505649376839333e+00,1.912724886680578384e+00,-2.953826400518549278e+00,-1.488946311565079839e+00,-3.223757842334065593e+00
1.454575269939355930e+00,-1.311561814345707955e+00,1.912796019248953483e+00,-2.953823219283096879e+00,-1.488722816031889051e+00,-3.223983598337032852e+00
1.454258004012728867e+00,-1.311617972385280551e+00,1.912867133199897429e+00,-2.953819988819503806e+00,-1.488499224120818587e+00,-3.224209460308041564e+00
1.453940599396979838e+00,-1.311674122574479684e+00,1.912938227285923887e+00,-2.953816708763300714e+00,-1.488275537356075651e+00,-3.224435426760384527e+00
1.453623058229396081e+00,-1.311730263992227252e+00,1.913009300259545409e+00,-2.953813378750020480e+00,-1.488051757261869223e+00,-3.224661496207355427e+00
1.453305382647265276e+00,-1.311786395717445819e+00,1.913080350873276103e+00,-2.953809998415192428e+00,-1.487827885362406954e+00,-3.224887667162248395e+00
1.452987574787873548e+00,-1.311842516829057725e+00,1.913151377879629189e+00,-2.953806567394349436e+00,-1.487603923181896715e+00,-3.225113938138356673e+00
1.452669636788509022e+00,-1.311898626405985091e+00,1.913222380031117886e+00,-2.953803085323021715e+00,-1.487379872244546597e+00,-3.225340307648973948e+00
1.452351570786458046e+00,-1.311954723527150479e+00,1.913293356080255414e+00,-2.953799551836740811e+00,-1.487155734074565139e+00,-3.225566774207393461e+00
1.452033378919008522e+00,-1.312010807271475787e+00,1.913364304779555436e+00,-2.953795966571037823e+00,-1.486931510196159767e+00,-3.225793336326909788e+00
1.451715063323446797e+00,-1.312066876717883135e+00,1.913435224881531171e+00,-2.953792329161443853e+00,-1.486707202133539019e+00,-3.226019992520815283e+00
1.451396626137060553e+00,-1.312122930945295751e+00,1.913506115138696506e+00,-2.953788639243490444e+00,-1.486482811410910543e+00,-3.226246741302404075e+00
1.451078069497136580e+00,-1.312178969032634868e+00,1.913576974303563549e+00,-2.953784896452708253e+00,-1.486258339552482655e+00,-3.226473581184969852e+00
1.450759395540962782e+00,-1.312234990058823492e+00,1.913647801128646631e+00,-2.953781100424629713e+00,-1.486033788082463669e+00,-3.226700510681806300e+00
1.450440606405825061e+00,-1.312290993102783521e+00,1.913718594366458969e+00,-2.953777250794784592e+00,-1.485809158525061235e+00,-3.226927528306207993e+00
1.450121704229011543e+00,-1.312346977243437296e+00,1.913789352769514007e+00,-2.953773347198704879e+00,-1.485584452404483002e+00,-3.227154632571466397e+00
1.449802691147809020e+00,-1.312402941559706937e+00,1.913860075090324742e+00,-2.953769389271921675e+00,-1.485359671244938173e+00,-3.227381821990876087e+00
1.449483569299504504e+00,-1.312458885130515229e+00,1.913930760081404836e+00,-2.953765376649966079e+00,-1.485134816570633731e+00,-3.227609095077731638e+00
1.449164340821385455e+00,-1.312514807034784070e+00,1.914001406495267288e+00,-2.953761308968369637e+00,-1.484909889905778657e+00,-3.227836450345325403e+00
1.448845007850738442e+00,-1.312570706351435801e+00,1.914072013084425983e+00,-2.953757185862663448e+00,-1.484684892774579712e+00,-3.228063886306951513e+00
1.448525572524850702e+00,-1.312626582159392541e+00,1.914142578601393918e+00,-2.953753006968378170e+00,-1.484459826701246321e+00,-3.228291401475903211e+00
1.448206036981010358e+00,-1.312682433537577298e+00,1.914213101798684091e+00,-2.953748771921046234e+00,-1.484234693209986133e+00,-3.228518994365474626e+00
1.447886403356503537e+00,-1.312738259564911303e+00,1.914283581428810832e+00,-2.953744480356197410e+00,-1.484009493825006576e+00,-3.228746663488959001e+00
1.447566673788617253e+00,-1.312794059320317563e+00,1.914354016244286916e+00,-2.953740131909363686e+00,-1.483784230070516408e+00,-3.228974407359650023e+00
1.447246850414639630e+00,-1.312849831882717977e+00,1.914424404997625562e+00,-2.953735726216076163e+00,-1.483558903470723722e+00,-3.229202224490840933e+00
1.446926935371856793e+00,-1.312905576331035329e+00,1.914494746441340434e+00,-2.953731262911866384e+00,-1.483333515549835946e+00,-3.229430113395826751e+00
1.446606930797556645e+00,-1.312961291744191517e+00,1.914565039327944529e+00,-2.953726741632265451e+00,-1.483108067832061616e+00,-3.229658072587899387e+00
1.446286838829025534e+00,-1.313016977201108659e+00,1.914635282409951955e+00,-2.953722162012804020e+00,-1.482882561841608826e+00,-3.229886100580352970e+00
1.445966661603551362e+00,-1.313072631780709321e+00,1.914705474439875266e+00,-2.953717523689014079e+00,-1.482656999102685003e+00,-3.230114195886481632e+00
1.445646401258420921e+00,-1.313128254561915842e+00,1.914775614170228124e+00,-2.953712826296425842e+00,-1.482431381139498905e+00,-3.230342357019578170e+00
1.445326059930921003e+00,-1.313183844623650121e+00,1.914845700353523750e+00,-2.953708069470572184e+00,-1.482205709476258404e+00,-3.230570582492936715e+00
1.445005639758339289e+00,-1.313239401044835164e+00,1.914915731742275806e+00,-2.953703252846982874e+00,-1.481979985637171593e+00,-3.230798870819851398e+00
1.444685142877963013e+00,-1.313294922904392426e+00,1.914985707088997735e+00,-2.953698376061189013e+00,-1.481754211146446565e+00,-3.231027220513614573e+00
1.444364571427078525e+00,-1.313350409281244691e+00,1.915055625146202312e+00,-2.953693438748723032e+00,-1.481528387528291191e+00,-3.231255630087520370e+00
1.444043927542973949e+00,-1.313405859254314079e+00,1.915125484666403199e+00,-2.953688440545115146e+00,-1.481302516306913786e+00,-3.231484098054862475e+00
1.443723213362935409e+00,-1.313461271902522931e+00,1.915195284402113840e+00,-2.953683381085896897e+00,-1.481076599006521555e+00,-3.231712622928934575e+00
1.443402431024250809e+00,-1.313516646304793367e+00,1.915265023105847675e+00,-2.953678260006600276e+00,-1.480850637151323701e+00,-3.231941203223031245e+00
1.443081582664207163e+00,-1.313571981540048172e+00,1.915334699530117923e+00,-2.953673076942754605e+00,-1.480624632265527874e+00,-3.232169837450443950e+00
1.442760670420091040e+00,-1.313627276687208800e+00,1.915404312427437805e+00,-2.953667831529892762e+00,-1.480398585873341721e+00,-3.232398524124467265e+00
1.442439696429190565e+00,-1.313682530825198480e+00,1.915473860550320762e+00,-2.953662523403545404e+00,-1.480172499498974004e+00,-3.232627261758395321e+00
1.442118662828791642e+00,-1.313737743032938665e+00,1.915543342651280234e+00,-2.953657152199244074e+00,-1.479946374666631925e+00,-3.232856048865522247e+00
1.441797571756182172e+00,-1.313792912389352141e+00,1.915612757482829887e+00,-2.953651717552519873e+00,-1.479720212900524245e+00,-3.233084883959139511e+00
1.441476425348649615e+00,-1.313848037973360805e+00,1.915682103797482494e+00,-2.953646219098903902e+00,-1.479494015724859279e+00,-3.233313765552542129e+00
1.441155225743480539e+00,-1.313903118863887443e+00,1.915751380347751498e+00,-2.953640656473926818e+00,-1.479267784663844232e+00,-3.233542692159024234e+00
1.440833975077961959e+00,-1.313958154139853951e+00,1.915820585886150562e+00,-2.953635029313120608e+00,-1.479041521241687196e+00,-3.233771662291878179e+00
1.440512675489381778e+00,-1.314013142880182672e+00,1.915889719165193128e+00,-2.953629337252015929e+00,-1.478815226982597153e+00,-3.234000674464398095e+00
1.440191329115026120e+00,-1.314068084163795946e+00,1.915958778937392193e+00,-2.953623579926144771e+00,-1.478588903410781086e+00,-3.234229727189877224e+00
1.439869938092182888e+00,-1.314122977069616116e+00,1.916027763955260976e+00,-2.953617756971038233e+00,-1.478362552050447754e+00,-3.234458818981610140e+00
1.439548504558138653e+00,-1.314177820676565300e+00,1.916096672971313364e+00,-2.953611868022226528e+00,-1.478136174425804805e+00,-3.234687948352890086e+00
1.439227030650180872e+00,-1.314232614063566285e+00,1.916165504738062575e+00,-2.953605912715241200e+00,-1.477909772061060778e+00,-3.234917113817010303e+00
1.438905518505597003e+00,-1.314287356309540300e+00,1.916234258008021829e+00,-2.953599890685614682e+00,-1.477683346480423321e+00,-3.235146313887264036e+00
1.438583970261673617e+00,-1.314342046493410576e+00,1.916302931533704346e+00,-2.953593801568877186e+00,-1.477456899208100527e+00,-3.235375547076946301e+00
1.438262388055697949e+00,-1.314396683694099011e+00,1.916371524067623566e+00,-2.953587645000559814e+00,-1.477230431768300711e+00,-3.235604811899349453e+00
1.437940774024957458e+00,-1.314451266990528389e+00,1.916440034362293154e+00,-2.953581420616193665e+00,-1.477003945685231523e+00,-3.235834106867766735e+00
1.437619130306738713e+00,-1.314505795461619941e+00,1.916508461170226330e+00,-2.953575128051311172e+00,-1.476777442483101499e+00,-3.236063430495493609e+00
1.437297459038329839e+00,-1.314560268186297121e+00,1.916576803243936089e+00,-2.953568766941442547e+00,-1.476550923686118288e+00,-3.236292781295821541e+00
1.436975762357016739e+00,-1.314614684243481380e+00,1.916645059335936319e+00,-2.953562336922118892e+00,-1.476324390818490206e+00,-3.236522157782045550e+00
1.436654042400087095e+00,-1.314669042712095282e+00,1.916713228198739793e+00,-2.953555837628871750e+00,-1.476097845404424902e+00,-3.236751558467458878e+00
1.436332301304828585e+00,-1.314723342671061168e+00,1.916781308584860843e+00,-2.953549268697232222e+00,-1.475871288968130912e+00,-3.236980981865354767e+00
1.436010541208527336e+00,-1.314777583199301381e+00,1.916849299246811578e+00,-2.953542629762732297e+00,-1.475644723033816108e+00,-3.237210426489027792e+00
1.435688764248471250e+00,-1.314831763375737816e+00,1.916917198937106326e+00,-2.953535920460901743e+00,-1.475418149125688805e+00,-3.237439890851770308e+00
1.435366972561947341e+00,-1.314885882279293483e+00,1.916985006408257863e+00,-2.953529140427272548e+00,-1.475191568767956873e+00,-3.237669373466876444e+00
1.435045168286242179e+00,-1.314939938988889612e+00,1.917052720412780076e+00,-2.953522289297376258e+00,-1.474964983484827963e+00,-3.237898872847640774e+00
1.434723353558643666e+00,-1.314993932583449654e+00,1.917120339703185739e+00,-2.953515366706743972e+00,-1.474738394800510388e+00,-3.238128387507355210e+00
1.434401530516438594e+00,-1.315047862141895063e+00,1.917187863031988737e+00,-2.953508372290906348e+00,-1.474511804239212465e+00,-3.238357915959314326e+00
1.434079701296913756e+00,-1.315101726743148625e+00,1.917255289151701847e+00,-2.953501305685394929e+00,-1.474285213325142063e+00,-3.238587456716811808e+00
1.433757868037357275e+00,-1.315155525466132014e+00,1.917322616814838954e+00,-2.953494166525741260e+00,-1.474058623582507277e+00,-3.238817008293140898e+00
1.433436032875054833e+00,-1.315209257389768238e+00,1.917389844773913499e+00,-2.953486954447475998e+00,-1.473832036535515977e+00,-3.239046569201594838e+00
1.433114197947294777e+00,-1.315262921592978973e+00,1.917456971781438257e+00,-2.953479669086131132e+00,-1.473605453708376478e+00,-3.239276137955467760e+00
1.432792365391363898e+00,-1.315316517154686782e+00,1.917523996589926671e+00,-2.953472310077236873e+00,-1.473378876625297096e+00,-3.239505713068053794e+00
1.432470537344549211e+00,-1.315370043153814228e+00,1.917590917951892626e+00,-2.953464877056324767e+00,-1.473152306810485257e+00,-3.239735293052646181e+00
1.432148715944137951e+00,-1.315423498669282765e+00,1.917657734619849341e+00,-2.953457369658926801e+00,-1.472925745788149277e+00,-3.239964876422537721e+00
1.431826903327416911e+00,-1.315476882780015400e+00,1.917724445346309814e+00,-2.953449787520573189e+00,-1.472699195082497248e+00,-3.240194461691022543e+00
1.431505101631673549e+00,-1.315530194564934474e+00,1.917791048883787708e+00,-2.953442130276795918e+00,-1.472472656217736819e+00,-3.240424047371395222e+00
1.431183312994195544e+00,-1.315583433102961664e+00,1.917857543984796020e+00,-2.953434397563125202e+00,-1.472246130718076973e+00,-3.240653631976947224e+00
1.430861539552269024e+00,-1.315636597473019753e+00,1.917923929401848859e+00,-2.953426589015093917e+00,-1.472019620107724913e+00,-3.240883214020974457e+00
1.430539783443181223e+00,-1.315689686754031085e+00,1.917990203887458556e+00,-2.953418704268231387e+00,-1.471793125910888955e+00,-3.241112792016768829e+00
1.430218046804220267e+00,-1.315742700024917333e+00,1.918056366194138995e+00,-2.953410742958070045e+00,-1.471566649651777636e+00,-3.241342364477624471e+00
1.429896331772672058e+00,-1.315795636364601284e+00,1.918122415074404064e+00,-2.953402704720141436e+00,-1.471340192854598383e+00,-3.241571929916835959e+00
1.429574640485824943e+00,-1.315848494852005057e+00,1.918188349280766092e+00,-2.953394589189975328e+00,-1.471113757043559289e+00,-3.241801486847695202e+00
1.429252975080964827e+00,-1.315901274566051216e+00,1.918254167565739410e+00,-2.953386396003103709e+00,-1.470887343742868891e+00,-3.242031033783497218e+00
1.428931337695379611e+00,-1.315953974585661435e+00,1.918319868681836571e+00,-2.953378124795058124e+00,-1.470660954476734616e+00,-3.242260569237534806e+00
1.428609730466356087e+00,-1.316006593989758500e+00,1.918385451381571460e+00,-2.953369775201369674e+00,-1.470434590769365002e+00,-3.242490091723102097e+00
1.428288155531181935e+00,-1.316059131857264974e+00,1.918450914417457076e+00,-2.953361346857569014e+00,-1.470208254144967919e+00,-3.242719599753491888e+00
1.427966615027143504e+00,-1.316111587267102534e+00,1.918516256542007303e+00,-2.953352839399188134e+00,-1.469981946127751238e+00,-3.242949091841998754e+00
1.427645111091528696e+00,-1.316163959298193298e+00,1.918581476507734696e+00,-2.953344252461757691e+00,-1.469755668241923496e+00,-3.243178566501915938e+00
1.427323645861624080e+00,-1.316216247029460273e+00,1.918646573067153360e+00,-2.953335585680808784e+00,-1.469529422011692343e+00,-3.243408022246536682e+00
1.427002221474717336e+00,-1.316268449539825358e+00,1.918711544972776295e+00,-2.953326838691873402e+00,-1.469303208961266094e+00,-3.243637457589154671e+00
1.426680840068094591e+00,-1.316320565908210893e+00,1.918776390977117163e+00,-2.953318011130482201e+00,-1.469077030614852397e+00,-3.243866871043063593e+00
1.426359503779043969e+00,-1.316372595213538776e+00,1.918841109832688741e+00,-2.953309102632166283e+00,-1.468850888496660012e+00,-3.244096261121558022e+00
1.426038214744852706e+00,-1.316424536534732015e+00,1.918905700292004912e+00,-2.953300112832457192e+00,-1.468624784130896366e+00,-3.244325626337930757e+00
1.425716975102806927e+00,-1.316476388950712284e+00,1.918970161107578454e+00,-2.953291041366886027e+00,-1.468398719041769551e+00,-3.244554965205474595e+00
1.425395786990194313e+00,-1.316528151540402147e+00,1.919034491031923695e+00,-2.953281887870984335e+00,-1.468172694753488106e+00,-3.244784276237484111e+00
1.425074652544302545e+00,-1.316579823382723724e+00,1.919098688817553189e+00,-2.953272651980282770e+00,-1.467946712790259456e+00,-3.245013557947252991e+00
1.424753573902417747e+00,-1.316631403556599800e+00,1.919162753216980377e+00,-2.953263333330312879e+00,-1.467720774676291917e+00,-3.245242808848074034e+00
1.424432553201827822e+00,-1.316682891140951828e+00,1.919226682982718923e+00,-2.953253931556605760e+00,-1.467494881935794027e+00,-3.245472027453241814e+00
1.424111592579819785e+00,-1.316734285214703037e+00,1.919290476867281825e+00,-2.953244446294692960e+00,-1.467269036092973211e+00,-3.245701212276049574e+00
1.423790694173680205e+00,-1.316785584856774660e+00,1.919354133623183190e+00,-2.953234877180104689e+00,-1.467043238672037564e+00,-3.245930361829791000e+00
1.423469860120697206e+00,-1.316836789146089925e+00,1.919417652002935348e+00,-2.953225223848373382e+00,-1.466817491197195622e+00,-3.246159474627758890e+00
1.423149092558156692e+00,-1.316887897161570509e+00,1.919481030759052409e+00,-2.953215485935029694e+00,-1.466591795192655256e+00,-3.246388549183247818e+00
1.422828393623346566e+00,-1.316938907982138973e+00,1.919544268644047591e+00,-2.953205663075604726e+00,-1.466366152182624116e+00,-3.246617584009551472e+00
1.422507765453554063e+00,-1.316989820686717216e+00,1.919607364410433670e+00,-2.953195754905630466e+00,-1.466140563691310739e+00,-3.246846577619962648e+00
1.422187210186066197e+00,-1.317040634354228246e+00,1.919670316810724753e+00,-2.953185761060637127e+00,-1.465915031242922550e+00,-3.247075528527775479e+00
1.421866729958169984e+00,-1.317091348063593736e+00,1.919733124597433838e+00,-2.953175681176156697e+00,-1.465689556361668533e+00,-3.247304435246283205e+00
1.421546326907152213e+00,-1.317141960893736252e+00,1.919795786523074144e+00,-2.953165514887719389e+00,-1.465464140571755891e+00,-3.247533296288780402e+00
1.421226003170300567e+00,-1.317192471923577912e+00,1.919858301340159557e+00,-2.953155261830857636e+00,-1.465238785397393162e+00,-3.247762110168559424e+00
1.420905760884902280e+00,-1.317242880232041058e+00,1.919920667801203074e+00,-2.953144921641102094e+00,-1.465013492362788439e+00,-3.247990875398914401e+00
1.420585602188243923e+00,-1.317293184898048031e+00,1.919982884658718136e+00,-2.953134493953983863e+00,-1.464788262992149370e+00,-3.248219590493139020e+00
1.420265529217612954e+00,-1.317343385000521172e+00,1.920044950665217742e+00,-2.953123978405034045e+00,-1.464563098809684494e+00,-3.248448253964526522e+00
1.419945544110296609e+00,-1.317393479618382379e+00,1.920106864573215777e+00,-2.953113374629784182e+00,-1.464338001339601902e+00,-3.248676864326371483e+00
1.419625649003581680e+00,-1.317443467830554660e+00,1.920168625135225682e+00,-2.953102682263765821e+00,-1.464112972106108801e+00,-3.248905420091966256e+00
1.419305846034755847e+00,-1.317493348715959467e+00,1.920230231103760232e+00,-2.953091900942509618e+00,-1.463888012633414171e+00,-3.249133919774604973e+00
1.418986137341105458e+00,-1.317543121353519586e+00,1.920291681231333092e+00,-2.953081030301547116e+00,-1.463663124445725661e+00,-3.249362361887581763e+00
1.418666525059918193e+00,-1.317592784822157137e+00,1.920352974270457702e+00,-2.953070069976408973e+00,-1.463438309067251142e+00,-3.249590744944189424e+00
1.418347011328481511e+00,-1.317642338200794683e+00,1.920414108973647282e+00,-2.953059019602627178e+00,-1.463213568022199151e+00,-3.249819067457722088e+00
1.418027598284081758e+00,-1.317691780568354121e+00,1.920475084093415052e+00,-2.953047878815731941e+00,-1.462988902834777560e+00,-3.250047327941473441e+00
1.417708288064006172e+00,-1.317741111003757792e+00,1.920535898382274675e+00,-2.953036647251256586e+00,-1.462764315029194240e+00,-3.250275524908736280e+00
1.417389082805542655e+00,-1.317790328585928039e+00,1.920596550592739593e+00,-2.953025324544729990e+00,-1.462539806129657727e+00,-3.250503656872805180e+00
1.417069984645977554e+00,-1.317839432393787424e+00,1.920657039477323025e+00,-2.953013910331684144e+00,-1.462315377660375670e+00,-3.250731722346973385e+00
1.416750995722598550e+00,-1.317888421506257624e+00,1.920717363788537746e+00,-2.953002404247650148e+00,-1.462091031145555942e+00,-3.250959719844534135e+00
1.416432118172691768e+00,-1.317937295002261644e+00,1.920777522278898086e+00,-2.952990805928159546e+00,-1.461866768109407078e+00,-3.251187647878781117e+00
1.416113354133545776e+00,-1.317986051960721161e+00,1.920837513700916599e+00,-2.952979115008743882e+00,-1.461642590076136505e+00,-3.251415504963008463e+00
1.415794705742446924e+00,-1.318034691460558738e+00,1.920897336807107170e+00,-2.952967331124933370e+00,-1.461418498569953206e+00,-3.251643289610508969e+00
1.415476175136682224e+00,-1.318083212580696717e+00,1.920956990349983240e+00,-2.952955453912260442e+00,-1.461194495115064385e+00,-3.251871000334577655e+00
1.415157764453538913e+00,-1.318131614400057217e+00,1.921016473082057585e+00,-2.952943483006255310e+00,-1.460970581235678356e+00,-3.252098635648506875e+00
1.414839475830304671e+00,-1.318179895997562578e+00,1.921075783755844091e+00,-2.952931418042449518e+00,-1.460746758456003658e+00,-3.252326194065590315e+00
1.414521311404265846e+00,-1.318228056452135366e+00,1.921134921123855976e+00,-2.952919258656374613e+00,-1.460523028300247717e+00,-3.252553674099122549e+00
1.414203273312710341e+00,-1.318276094842697033e+00,1.921193883938606239e+00,-2.952907004483561249e+00,-1.460299392292619070e+00,-3.252781074262395489e+00
1.413885363692924502e+00,-1.318324010248171030e+00,1.921252670952608543e+00,-2.952894655159540971e+00,-1.460075851957324922e+00,-3.253008393068704596e+00
1.413567584682196010e+00,-1.318371801747478589e+00,1.921311280918376330e+00,-2.952882210319845324e+00,-1.459852408818574254e+00,-3.253235629031342668e+00
1.413249938417811880e+00,-1.318419468419542495e+00,1.921369712588423040e+00,-2.952869669600004521e+00,-1.459629064400574938e+00,-3.253462780663602061e+00
1.412932427037058902e+00,-1.318467009343285090e+00,1.921427964715261671e+00,-2.952857032635551437e+00,-1.459405820227534623e+00,-3.253689846478778236e+00
1.412615052677224536e+00,-1.318514423597628493e+00,1.921486036051406110e+00,-2.952844299062015399e+00,-1.459182677823661844e+00,-3.253916824990163992e+00
1.412297817461479976e+00,-1.318561710264351206e+00,1.921543925352997562e+00,-2.952831468514750313e+00,-1.458959638703250850e+00,-3.254143714721172476e+00
1.411980722028075563e+00,-1.318608868725679173e+00,1.921601631757881901e+00,-2.952818540610360643e+00,-1.458736703337740304e+00,-3.254370515259642715e+00
1.411663764244166508e+00,-1.318655898924520731e+00,1.921659155116222317e+00,-2.952805514930461062e+00,-1.458513870252439615e+00,-3.254597228179803015e+00
1.411346941673729649e+00,-1.318702800865127367e+00,1.921716495356115439e+00,-2.952792391052840415e+00,-1.458291137759734513e+00,-3.254823855273207833e+00
1.411030251880742714e+00,-1.318749574551750348e+00,1.921773652405658117e+00,-2.952779168555284883e+00,-1.458068504172012059e+00,-3.255050398331410744e+00
1.410713692429182542e+00,-1.318796219988640495e+00,1.921830626192946312e+00,-2.952765847015583311e+00,-1.457845967801659759e+00,-3.255276859145967094e+00
1.410397260883026194e+00,-1.318842737180049296e+00,1.921887416646076874e+00,-2.952752426011522324e+00,-1.457623526961064009e+00,-3.255503239508429569e+00
1.410080954806250508e+00,-1.318889126130228018e+00,1.921944023693146431e+00,-2.952738905120890323e+00,-1.457401179962611648e+00,-3.255729541210353517e+00
1.409764771762832991e+00,-1.318935386843427704e+00,1.922000447262250944e+00,-2.952725283921473931e+00,-1.457178925118689516e+00,-3.255955766043292510e+00
1.409448709316750037e+00,-1.318981519323899843e+00,1.922056687281487486e+00,-2.952711561991061995e+00,-1.456956760741685120e+00,-3.256181915798801008e+00
1.409132765031979817e+00,-1.319027523575895700e+00,1.922112743678952240e+00,-2.952697738907441583e+00,-1.456734685143984631e+00,-3.256407992268432139e+00
1.408816936472498060e+00,-1.319073399603666097e+00,1.922168616382741613e+00,-2.952683814248400651e+00,-1.456512696637974891e+00,-3.256633997243741696e+00
1.408501221202282716e+00,-1.319119147411462745e+00,1.922224305320952231e+00,-2.952669787591725825e+00,-1.456290793536043404e+00,-3.256859932516282363e+00
1.408185616785310845e+00,-1.319164767003536243e+00,1.922279810421680502e+00,-2.952655658515205506e+00,-1.456068974150576789e+00,-3.257085799877608601e+00
1.407870120785559065e+00,-1.319210258384138745e+00,1.922335131613023274e+00,-2.952641426596627650e+00,-1.455847236793961219e+00,-3.257311601119274425e+00
1.407554730767004658e+00,-1.319255621557520630e+00,1.922390268823076953e+00,-2.952627091413778881e+00,-1.455625579778584644e+00,-3.257537338032835184e+00
1.407239444293624908e+00,-1.319300856527933830e+00,1.922445221979937724e+00,-2.952612652544447158e+00,-1.455404001416833459e+00,-3.257763012409843117e+00
1.406924258929396210e+00,-1.319345963299628943e+00,1.922499991011702436e+00,-2.952598109566420437e+00,-1.455182500021094283e+00,-3.257988626041853575e+00
1.406609172238296956e+00,-1.319390941876857459e+00,1.922554575846467273e+00,-2.952583462057486674e+00,-1.454961073903754842e+00,-3.258214180720420572e+00
1.406294181784302877e+00,-1.319435792263870866e+00,1.922608976412328863e+00,-2.952568709595432495e+00,-1.454739721377201089e+00,-3.258439678237098125e+00
1.405979285131391698e+00,-1.319480514464919985e+00,1.922663192637383611e+00,-2.952553851758045855e+00,-1.454518440753820308e+00,-3.258665120383440694e+00
1.405664479843540482e+00,-1.319525108484256304e+00,1.922717224449728146e+00,-2.952538888123114713e+00,-1.454297230345999559e+00,-3.258890508951000964e+00
1.405349763484725845e+00,-1.319569574326130867e+00,1.922771071777459317e+00,-2.952523818268426137e+00,-1.454076088466125238e+00,-3.259115845731335170e+00
1.405035133618925292e+00,-1.319613911994794941e+00,1.922824734548673087e+00,-2.952508641771768083e+00,-1.453855013426584408e+00,-3.259341132515995998e+00
1.404720587810115884e+00,-1.319658121494500014e+00,1.922878212691466082e+00,-2.952493358210928065e+00,-1.453634003539764352e+00,-3.259566371096537463e+00
1.404406123622274460e+00,-1.319702202829497129e+00,1.922931506133934931e+00,-2.952477967163694483e+00,-1.453413057118051466e+00,-3.259791563264514913e+00
1.404091738619378527e+00,-1.319746156004037108e+00,1.922984614804176040e+00,-2.952462468207853963e+00,-1.453192172473832589e+00,-3.260016710811481477e+00
1.403777430365404477e+00,-1.319789981022372105e+00,1.923037538630285814e+00,-2.952446860921194016e+00,-1.452971347919495004e+00,-3.260241815528991172e+00
1.403463196424330039e+00,-1.319833677888752721e+00,1.923090277540361104e+00,-2.952431144881503045e+00,-1.452750581767425553e+00,-3.260466879208598900e+00
1.403149034360132053e+00,-1.319877246607430221e+00,1.923142831462497870e+00,-2.952415319666568116e+00,-1.452529872330010852e+00,-3.260691903641858680e+00
1.402834941736787133e+00,-1.319920687182656094e+00,1.923195200324793186e+00,-2.952399384854177189e+00,-1.452309217919637740e+00,-3.260916890620323638e+00
1.402520916118273231e+00,-1.319963999618680939e+00,1.923247384055343012e+00,-2.952383340022117331e+00,-1.452088616848693725e+00,-3.261141841935549124e+00
1.402206955068566741e+00,-1.320007183919756910e+00,1.923299382582244421e+00,-2.952367184748176943e+00,-1.451868067429564757e+00,-3.261366759379088709e+00
1.401893056151645167e+00,-1.320050240090134386e+00,1.923351195833593597e+00,-2.952350918610143093e+00,-1.451647567974637898e+00,-3.261591644742496410e+00
1.401579216931485128e+00,-1.320093168134065520e+00,1.923402823737486944e+00,-2.952334541185803740e+00,-1.451427116796300876e+00,-3.261816499817326687e+00
1.401265434972063906e+00,-1.320135968055800690e+00,1.923454266222021092e+00,-2.952318052052945951e+00,-1.451206712206939864e+00,-3.262041326395133556e+00
1.400951707837358340e+00,-1.320178639859591607e+00,1.923505523215292667e+00,-2.952301450789357684e+00,-1.450986352518941480e+00,-3.262266126267470590e+00
1.400638033091346379e+00,-1.320221183549689092e+00,1.923556594645398077e+00,-2.952284736972826007e+00,-1.450766036044693674e+00,-3.262490901225892692e+00
1.400324408298003975e+00,-1.320263599130344634e+00,1.923607480440433504e+00,-2.952267910181139765e+00,-1.450545761096582176e+00,-3.262715653061954324e+00
1.400010831021309077e+00,-1.320305886605809720e+00,1.923658180528495798e+00,-2.952250969992086027e+00,-1.450325525986994268e+00,-3.262940383567208613e+00
1.399697298825238079e+00,-1.320348045980335172e+00,1.923708694837681588e+00,-2.952233915983451862e+00,-1.450105329028317014e+00,-3.263165094533209576e+00
1.399383809273768264e+00,-1.320390077258172479e+00,1.923759023296087056e+00,-2.952216747733025670e+00,-1.449885168532937030e+00,-3.263389787751512117e+00
1.399070359930877139e+00,-1.320431980443572906e+00,1.923809165831808832e+00,-2.952199464818594077e+00,-1.449665042813241600e+00,-3.263614465013670252e+00
1.398756948360540875e+00,-1.320473755540787275e+00,1.923859122372943320e+00,-2.952182066817945483e+00,-1.449444950181617342e+00,-3.263839128111237997e+00
1.398443572126737422e+00,-1.320515402554067297e+00,1.923908892847587371e+00,-2.952164553308867845e+00,-1.449224888950450874e+00,-3.264063778835768925e+00
1.398130228793443841e+00,-1.320556921487663349e+00,1.923958477183836946e+00,-2.952146923869148232e+00,-1.449004857432129478e+00,-3.264288418978818385e+00
1.397816915924636527e+00,-1.320598312345828029e+00,1.924007875309788895e+00,-2.952129178076573712e+00,-1.448784853939039996e+00,-3.264513050331939503e+00
1.397503631084293207e+00,-1.320639575132811716e+00,1.924057087153539403e+00,-2.952111315508932687e+00,-1.448564876783569266e+00,-3.264737674686686297e+00
1.397190371836390277e+00,-1.320680709852865675e+00,1.924106112643185318e+00,-2.952093335744012226e+00,-1.448344924278103907e+00,-3.264962293834613671e+00
1.396877135744904797e+00,-1.320721716510241395e+00,1.924154951706823491e+00,-2.952075238359601173e+00,-1.448124994735030757e+00,-3.265186909567275642e+00
1.396563920373814938e+00,-1.320762595109189474e+00,1.924203604272549439e+00,-2.952057022933485708e+00,-1.447905086466737545e+00,-3.265411523676225336e+00
1.396250723287096873e+00,-1.320803345653962069e+00,1.924252070268460679e+00,-2.952038689043453790e+00,-1.447685197785610223e+00,-3.265636137953017659e+00
1.395937542048727664e+00,-1.320843968148809777e+00,1.924300349622652950e+00,-2.952020236267293374e+00,-1.447465327004035629e+00,-3.265860754189207515e+00
1.395624374222684816e+00,-1.320884462597984310e+00,1.924348442263223102e+00,-2.952001664182791973e+00,-1.447245472434401714e+00,-3.266085374176347145e+00
1.395311217372945167e+00,-1.320924829005736267e+00,1.924396348118267319e+00,-2.951982972367737101e+00,-1.447025632389093985e+00,-3.266309999705992340e+00
1.394998069063485557e+00,-1.320965067376317581e+00,1.924444067115882451e+00,-2.951964160399916270e+00,-1.446805805180500615e+00,-3.266534632569696672e+00
1.394684926858283269e+00,-1.321005177713978629e+00,1.924491599184165125e+00,-2.951945227857117438e+00,-1.446585989121007554e+00,-3.266759274559014159e+00
1.394371788321315586e+00,-1.321045160022971343e+00,1.924538944251211303e+00,-2.951926174317128559e+00,-1.446366182523001864e+00,-3.266983927465498816e+00
1.394058651016559347e+00,-1.321085014307546768e+00,1.924586102245117836e+00,-2.951906999357736261e+00,-1.446146383698870386e+00,-3.267208593080705104e+00
1.393745512507991613e+00,-1.321124740571956169e+00,1.924633073093981350e+00,-2.951887702556728055e+00,-1.445926590961000624e+00,-3.267433273196186594e+00
1.393432370359589445e+00,-1.321164338820450590e+00,1.924679856725898031e+00,-2.951868283491892786e+00,-1.445706802621778753e+00,-3.267657969603498191e+00
1.393119222135330126e+00,-1.321203809057281742e+00,1.924726453068964727e+00,-2.951848741741017523e+00,-1.445487016993592055e+00,-3.267882684094193468e+00
1.392806065399190052e+00,-1.321243151286700224e+00,1.924772862051277400e+00,-2.951829076881889780e+00,-1.445267232388826928e+00,-3.268107418459826885e+00
1.392492897715147615e+00,-1.321282365512957524e+00,1.924819083600933345e+00,-2.951809288492296623e+00,-1.445047447119870876e+00,-3.268332174491952014e+00
1.392179716647178545e+00,-1.321321451740304909e+00,1.924865117646028301e+00,-2.951789376150026900e+00,-1.444827659499110295e+00,-3.268556953982123758e+00
1.391866519759260346e+00,-1.321360409972993644e+00,1.924910964114659118e+00,-2.951769339432867234e+00,-1.444607867838932247e+00,-3.268781758721895692e+00
1.391553304615370523e+00,-1.321399240215274995e+00,1.924956622934921979e+00,-2.951749177918605138e+00,-1.444388070451723793e+00,-3.269006590502821830e+00
1.391240068779485917e+00,-1.321437942471400229e+00,1.925002094034913958e+00,-2.951728891185029013e+00,-1.444168265649871330e+00,-3.269231451116457077e+00
1.390926809815582699e+00,-1.321476516745620167e+00,1.925047377342731458e+00,-2.951708478809925928e+00,-1.443948451745762140e+00,-3.269456342354355005e+00
1.390613525317928589e+00,-1.321514963041707569e+00,1.925092472786805953e+00,-2.951687940375651298e+00,-1.443728627072989212e+00,-3.269681265986234209e+00
1.390300214114274624e+00,-1.321553281343934350e+00,1.925137380309229096e+00,-2.951667275650552202e+00,-1.443508790828753829e+00,-3.269906222892576597e+00
1.389986876667895555e+00,-1.321591471610715551e+00,1.925182099870204278e+00,-2.951646484649593560e+00,-1.443288943355342635e+00,-3.270131212774797458e+00
1.389673513554771533e+00,-1.321629533798684974e+00,1.925226631431182334e+00,-2.951625567404732475e+00,-1.443069085073952929e+00,-3.270356235253058408e+00
1.389360125350883379e+00,-1.321667467864476420e+00,1.925270974953614544e+00,-2.951604523947927827e+00,-1.442849216405782009e+00,-3.270581289947523285e+00
1.389046712632212577e+00,-1.321705273764722799e+00,1.925315130398952412e+00,-2.951583354311137608e+00,-1.442629337772028064e+00,-3.270806376478352817e+00
1.388733275974739056e+00,-1.321742951456058357e+00,1.925359097728647439e+00,-2.951562058526318921e+00,-1.442409449593886839e+00,-3.271031494465711731e+00
1.388419815954444303e+00,-1.321780500895116228e+00,1.925402876904149796e+00,-2.951540636625431979e+00,-1.442189552292556520e+00,-3.271256643529760755e+00
1.388106333147308913e+00,-1.321817922038530435e+00,1.925446467886911650e+00,-2.951519088640433441e+00,-1.441969646289234630e+00,-3.271481823290663282e+00
1.387792828129313261e+00,-1.321855214842933890e+00,1.925489870638383838e+00,-2.951497414603281744e+00,-1.441749732005118245e+00,-3.271707033368581818e+00
1.387479301476439275e+00,-1.321892379264960837e+00,1.925533085120017862e+00,-2.951475614545935322e+00,-1.441529809861404443e+00,-3.271932273383678869e+00
1.387165753764666443e+00,-1.321929415261244189e+00,1.925576111293264558e+00,-2.951453688500352612e+00,-1.441309880279290301e+00,-3.272157542956116938e+00
1.386852185569975804e+00,-1.321966322788417969e+00,1.925618949119575429e+00,-2.951431636498491162e+00,-1.441089943679973562e+00,-3.272382841706058088e+00
1.386538597468349066e+00,-1.322003101803115976e+00,1.925661598560401755e+00,-2.951409458572309408e+00,-1.440870000484651747e+00,-3.272608169253666155e+00
1.386224990035765714e+00,-1.322039752261971124e+00,1.925704059577194371e+00,-2.951387154753765341e+00,-1.440650051114521935e+00,-3.272833525219101869e+00
1.385911363848207678e+00,-1.322076274121617434e+00,1.925746332131405225e+00,-2.951364725074817841e+00,-1.440430095990780757e+00,-3.273058909222529511e+00
1.385597719481655332e+00,-1.322112667338688041e+00,1.925788416184484930e+00,-2.951342169567424456e+00,-1.440210135534626401e+00,-3.273284320884110699e+00
1.385284057512089051e+00,-1.322148931869817190e+00,1.925830311697884767e+00,-2.951319488263542734e+00,-1.439990170167255723e+00,-3.273509759824008380e+00
1.384970378515490319e+00,-1.322185067671638015e+00,1.925872018633056459e+00,-2.951296681195132443e+00,-1.439770200309866244e+00,-3.273735225662385062e+00
1.384656683067839511e+00,-1.322221074700784316e+00,1.925913536951450400e+00,-2.951273748394150687e+00,-1.439550226383654818e+00,-3.273960718019402805e+00
1.384342971745117667e+00,-1.322256952913889227e+00,1.925954866614518757e+00,-2.951250689892556345e+00,-1.439330248809819190e+00,-3.274186236515225001e+00
1.384029245123305385e+00,-1.322292702267586773e+00,1.925996007583712144e+00,-2.951227505722306077e+00,-1.439110268009556659e+00,-3.274411780770012825e+00
1.383715503778383482e+00,-1.322328322718510307e+00,1.926036959820481842e+00,-2.951204195915360096e+00,-1.438890284404064301e+00,-3.274637350403930558e+00
1.383401748286333000e+00,-1.322363814223293410e+00,1.926077723286279353e+00,-2.951180760503675060e+00,-1.438670298414539417e+00,-3.274862945037139372e+00
1.383087979223134756e+00,-1.322399176738569881e+00,1.926118297942555735e+00,-2.951157199519210295e+00,-1.438450310462179527e+00,-3.275088564289802662e+00
1.382774197164768903e+00,-1.322434410220972856e+00,1.926158683750762046e+00,-2.951133512993922459e+00,-1.438230320968181486e+00,-3.275314207782082043e+00
1.382460402687216927e+00,-1.322469514627136356e+00,1.926198880672350011e+00,-2.951109700959770876e+00,-1.438010330353743038e+00,-3.275539875134141798e+00
1.382146596366459201e+00,-1.322504489913693737e+00,1.926238888668770244e+00,-2.951085763448713983e+00,-1.437790339040061482e+00,-3.275765565966142656e+00
1.381832778778476545e+00,-1.322539336037278579e+00,1.926278707701474469e+00,-2.951061700492708884e+00,-1.437570347448333674e+00,-3.275991279898248010e+00
1.381518950499250442e+00,-1.322574052954524237e+00,1.926318337731913521e+00,-2.951037512123714457e+00,-1.437350355999757578e+00,-3.276217016550620365e+00
1.381205112104760602e+00,-1.322608640622064735e+00,1.926357778721539127e+00,-2.951013198373689139e+00,-1.437130365115529607e+00,-3.276442775543421781e+00
1.380891264170988286e+00,-1.322643098996533428e+00,1.926397030631801899e+00,-2.950988759274590478e+00,-1.436910375216847724e+00,-3.276668556496816098e+00
1.380577407273914758e+00,-1.322677428034563674e+00,1.926436093424153562e+00,-2.950964194858376910e+00,-1.436690386724909230e+00,-3.276894359030964488e+00
1.380263541989520393e+00,-1.322711627692789493e+00,1.926474967060045174e+00,-2.950939505157006426e+00,-1.436470400060910979e+00,-3.277120182766029899e+00
1.379949668893786230e+00,-1.322745697927844244e+00,1.926513651500927793e+00,-2.950914690202437463e+00,-1.436250415646050715e+00,-3.277346027322174837e+00
1.379635788562692422e+00,-1.322779638696361282e+00,1.926552146708253144e+00,-2.950889750026628011e+00,-1.436030433901525516e+00,-3.277571892319562252e+00
1.379321901572220010e+00,-1.322813449954974185e+00,1.926590452643472062e+00,-2.950864684661536064e+00,-1.435810455248532458e+00,-3.277797777378354205e+00
1.379008008498350701e+00,-1.322847131660317199e+00,1.926628569268035607e+00,-2.950839494139120500e+00,-1.435590480108269285e+00,-3.278023682118713644e+00
1.378694109917064203e+00,-1.322880683769023014e+00,1.926666496543395279e+00,-2.950814178491339312e+00,-1.435370508901932851e+00,-3.278249606160803520e+00
1.378380206404341113e+00,-1.322914106237725651e+00,1.926704234431002583e+00,-2.950788737750150048e+00,-1.435150542050721123e+00,-3.278475549124785005e+00
1.378066298536163803e+00,-1.322947399023058690e+00,1.926741782892308130e+00,-2.950763171947510699e+00,-1.434930579975830955e+00,-3.278701510630821492e+00
1.377752386888511538e+00,-1.322980562081655709e+00,1.926779141888763869e+00,-2.950737481115380589e+00,-1.434710623098458981e+00,-3.278927490299075931e+00
1.377438472037365580e+00,-1.323013595370150064e+00,1.926816311381819968e+00,-2.950711665285718155e+00,-1.434490671839803833e+00,-3.279153487749709939e+00
1.377124554558706748e+00,-1.323046498845175556e+00,1.926853291332928819e+00,-2.950685724490479611e+00,-1.434270726621061920e+00,-3.279379502602887353e+00
1.376810635028516083e+00,-1.323079272463365541e+00,1.926890081703541258e+00,-2.950659658761623838e+00,-1.434050787863430543e+00,-3.279605534478769790e+00
1.376496714022774182e+00,-1.323111916181353598e+00,1.926926682455108120e+00,-2.950633468131110604e+00,-1.433830855988107444e+00,-3.279831582997519757e+00
1.376182792117461418e+00,-1.323144429955773527e+00,1.926963093549080908e+00,-2.950607152630896124e+00,-1.433610931416289702e+00,-3.280057647779300201e+00
1.375868869888559276e+00,-1.323176813743258906e+00,1.926999314946910902e+00,-2.950580712292939722e+00,-1.433391014569174393e+00,-3.280283728444272295e+00
1.375554947912048354e+00,-1.323209067500443092e+00,1.927035346610049382e+00,-2.950554147149198947e+00,-1.433171105867959261e+00,-3.280509824612600767e+00
1.375241026763909247e+00,-1.323241191183959886e+00,1.927071188499947629e+00,-2.950527457231632678e+00,-1.432951205733840938e+00,-3.280735935904447231e+00
1.374927107020123218e+00,-1.323273184750442644e+00,1.927106840578056257e+00,-2.950500642572198462e+00,-1.432731314588017613e+00,-3.280962061939973751e+00
1.374613189256669976e+00,-1.323305048156525165e+00,1.927142302805827212e+00,-2.950473703202854292e+00,-1.432511432851685695e+00,-3.281188202339343718e+00
1.374299274049531450e+00,-1.323336781358840364e+00,1.927177575144711552e+00,-2.950446639155559048e+00,-1.432291560946043374e+00,-3.281414356722719194e+00
1.373985361974688457e+00,-1.323368384314022705e+00,1.927212657556160558e+00,-2.950419450462270721e+00,-1.432071699292287059e+00,-3.281640524710262685e+00
1.373671453608120707e+00,-1.323399856978705325e+00,1.927247550001625287e+00,-2.950392137154947303e+00,-1.431851848311614495e+00,-3.281866705922137140e+00
1.373357549525809906e+00,-1.323431199309521800e+00,1.927282252442556798e+00,-2.950364699265546786e+00,-1.431632008425222757e+00,-3.282092899978505063e+00
1.373043650303736651e+00,-1.323462411263105709e+00,1.927316764840406815e+00,-2.950337136826027162e+00,-1.431412180054309813e+00,-3.282319106499527628e+00
1.372729756517881761e+00,-1.323493492796090854e+00,1.927351087156625953e+00,-2.950309449868347755e+00,-1.431192363620072072e+00,-3.282545325105369116e+00
1.372415868744225831e+00,-1.323524443865110367e+00,1.927385219352665935e+00,-2.950281638424465669e+00,-1.430972559543707279e+00,-3.282771555416192033e+00
1.372101987558749903e+00,-1.323555264426798272e+00,1.927419161389978042e+00,-2.950253702526339339e+00,-1.430752768246412510e+00,-3.282997797052157551e+00
1.371788113537434350e+00,-1.323585954437787926e+00,1.927452913230013110e+00,-2.950225642205927201e+00,-1.430532990149385730e+00,-3.283224049633429953e+00
1.371474247256260659e+00,-1.323616513854712462e+00,1.927486474834222641e+00,-2.950197457495187248e+00,-1.430313225673823352e+00,-3.283450312780169966e+00
1.371160389291209203e+00,-1.323646942634206569e+00,1.927519846164057915e+00,-2.950169148426077914e+00,-1.430093475240922896e+00,-3.283676586112541429e+00
1.370846540218260579e+00,-1.323677240732902938e+00,1.927553027180969769e+00,-2.950140715030556304e+00,-1.429873739271881661e+00,-3.283902869250707290e+00
1.370532700613395827e+00,-1.323707408107435146e+00,1.927586017846409705e+00,-2.950112157340581742e+00,-1.429654018187897613e+00,-3.284129161814827835e+00
1.370218871052595988e+00,-1.323737444714436995e+00,1.927618818121829003e+00,-2.950083475388112220e+00,-1.429434312410167163e+00,-3.284355463425068677e+00
1.369905052014161351e+00,-1.323767350527694564e+00,1.927651427990530797e+00,-2.950054669204792646e+00,-1.429214622291093306e+00,-3.284581773771202418e+00
1.369591243428377236e+00,-1.323797125617222514e+00,1.927683847558413710e+00,-2.950025738820511556e+00,-1.428994947797118886e+00,-3.284808092933551027e+00
1.369277445034543517e+00,-1.323826770086572902e+00,1.927716076974100190e+00,-2.949996684264544644e+00,-1.428775288760178785e+00,-3.285034421128543602e+00
1.368963656571763332e+00,-1.323856284039331976e+00,1.927748116386258870e+00,-2.949967505566167603e+00,-1.428555645012069109e+00,-3.285260758572748685e+00
1.368649877779139601e+00,-1.323885667579085323e+00,1.927779965943556162e+00,-2.949938202754656125e+00,-1.428336016384586182e+00,-3.285487105482734815e+00
1.368336108395776352e+00,-1.323914920809419415e+00,1.927811625794660255e+00,-2.949908775859285459e+00,-1.428116402709526556e+00,-3.285713462075070090e+00
1.368022348160777613e+00,-1.323944043833920059e+00,1.927843096088238006e+00,-2.949879224909331743e+00,-1.427896803818686777e+00,-3.285939828566321719e+00
1.367708596813245636e+00,-1.323973036756173505e+00,1.927874376972956716e+00,-2.949849549934068893e+00,-1.427677219543863396e+00,-3.286166205173060018e+00
1.367394854092284895e+00,-1.324001899679765781e+00,1.927905468597483685e+00,-2.949819750962773934e+00,-1.427457649716852739e+00,-3.286392592111852196e+00
1.367081119736998307e+00,-1.324030632708282695e+00,1.927936371110486435e+00,-2.949789828024722116e+00,-1.427238094169450688e+00,-3.286618989599267238e+00
1.366767393486489901e+00,-1.324059235945310942e+00,1.927967084660632491e+00,-2.949759781149188687e+00,-1.427018552733454682e+00,-3.286845397851873241e+00
1.366453675079862817e+00,-1.324087709494435883e+00,1.927997609396588707e+00,-2.949729610365448895e+00,-1.426799025240660601e+00,-3.287071817086238745e+00
1.366139964256220196e+00,-1.324116053459243991e+00,1.928027945467022830e+00,-2.949699315702777991e+00,-1.426579511522864774e+00,-3.287298247518931849e+00
1.365826260754666288e+00,-1.324144267943321296e+00,1.928058093020602159e+00,-2.949668897190452999e+00,-1.426360011411863971e+00,-3.287524689366521535e+00
1.365512564314304012e+00,-1.324172353050253603e+00,1.928088052205993996e+00,-2.949638354857747835e+00,-1.426140524739454518e+00,-3.287751142845575458e+00
1.365198874674236951e+00,-1.324200308883627386e+00,1.928117823171865641e+00,-2.949607688733938637e+00,-1.425921051337432965e+00,-3.287977608172662158e+00
1.364885191573568690e+00,-1.324228135547028451e+00,1.928147406066884173e+00,-2.949576898848301099e+00,-1.425701591037595861e+00,-3.288204085564350176e+00
1.364571514751402592e+00,-1.324255833144043049e+00,1.928176801039717336e+00,-2.949545985230110023e+00,-1.425482143671738866e+00,-3.288430575237208497e+00
1.364257843946842241e+00,-1.324283401778256986e+00,1.928206008239032432e+00,-2.949514947908641993e+00,-1.425262709071659417e+00,-3.288657077407804774e+00
1.363944178898991444e+00,-1.324310841553256513e+00,1.928235027813496760e+00,-2.949483786913171368e+00,-1.425043287069153619e+00,-3.288883592292707103e+00
1.363630519346953118e+00,-1.324338152572627880e+00,1.928263859911777622e+00,-2.949452502272974286e+00,-1.424823877496017577e+00,-3.289110120108484470e+00
1.363316865029830849e+00,-1.324365334939956673e+00,1.928292504682542319e+00,-2.949421094017325995e+00,-1.424604480184048283e+00,-3.289336661071704970e+00
1.363003215686728442e+00,-1.324392388758829142e+00,1.928320962274457928e+00,-2.949389562175502189e+00,-1.424385094965041620e+00,-3.289563215398938034e+00
1.362689571056748594e+00,-1.324419314132831760e+00,1.928349232836192417e+00,-2.949357906776778560e+00,-1.424165721670794360e+00,-3.289789783306750426e+00
1.362375930878996000e+00,-1.324446111165549889e+00,1.928377316516413087e+00,-2.949326127850429913e+00,-1.423946360133103051e+00,-3.290016365011711130e+00
1.362062294892573133e+00,-1.324472779960570445e+00,1.928405213463786794e+00,-2.949294225425731941e+00,-1.423727010183763797e+00,-3.290242960730389132e+00
1.361748662836584245e+00,-1.324499320621478793e+00,1.928432923826981060e+00,-2.949262199531960338e+00,-1.423507671654573370e+00,-3.290469570679352529e+00
1.361435034450132253e+00,-1.324525733251861404e+00,1.928460447754663187e+00,-2.949230050198391684e+00,-1.423288344377328540e+00,-3.290696195075168973e+00
1.361121409472320742e+00,-1.324552017955303862e+00,1.928487785395500698e+00,-2.949197777454299452e+00,-1.423069028183824747e+00,-3.290922834134407449e+00
1.360807787642253297e+00,-1.324578174835392641e+00,1.928514936898160892e+00,-2.949165381328960223e+00,-1.422849722905859204e+00,-3.291149488073636498e+00
1.360494168699033057e+00,-1.324604203995714213e+00,1.928541902411311071e+00,-2.949132861851649245e+00,-1.422630428375227796e+00,-3.291376157109424661e+00
1.360180552381764052e+00,-1.324630105539853497e+00,1.928568682083618313e+00,-2.949100219051642657e+00,-1.422411144423727514e+00,-3.291602841458339590e+00
1.359866938429549865e+00,-1.324655879571397854e+00,1.928595276063750585e+00,-2.949067452958215263e+00,-1.422191870883154907e+00,-3.291829541336949827e+00
1.359553326581493193e+00,-1.324681526193932424e+00,1.928621684500375189e+00,-2.949034563600642311e+00,-1.421972607585305859e+00,-3.292056256961824356e+00
1.359239716576698065e+00,-1.324707045511043457e+00,1.928647907542158535e+00,-2.949001551008200384e+00,-1.421753354361976918e+00,-3.292282988549531719e+00
1.358926108154268286e+00,-1.324732437626317649e+00,1.928673945337769036e+00,-2.948968415210163840e+00,-1.421534111044964854e+00,-3.292509736316639124e+00
1.358612501053306110e+00,-1.324757702643339918e+00,1.928699798035872881e+00,-2.948935156235808819e+00,-1.421314877466065996e+00,-3.292736500479715556e+00
1.358298895012916452e+00,-1.324782840665697625e+00,1.928725465785138926e+00,-2.948901774114411012e+00,-1.421095653457076669e+00,-3.292963281255329555e+00
1.357985289772202009e+00,-1.324807851796975688e+00,1.928750948734233139e+00,-2.948868268875245224e+00,-1.420876438849793644e+00,-3.293190078860050107e+00
1.357671685070265921e+00,-1.324832736140760803e+00,1.928776247031823932e+00,-2.948834640547587149e+00,-1.420657233476012804e+00,-3.293416893510443977e+00
1.357358080646213105e+00,-1.324857493800638997e+00,1.928801360826577715e+00,-2.948800889160712480e+00,-1.420438037167530920e+00,-3.293643725423081037e+00
1.357044476239145592e+00,-1.324882124880196077e+00,1.928826290267162680e+00,-2.948767014743897352e+00,-1.420218849756144541e+00,-3.293870574814529384e+00
1.356730871588167409e+00,-1.324906629483018738e+00,1.928851035502245681e+00,-2.948733017326415684e+00,-1.419999671073649994e+00,-3.294097441901357115e+00
1.356417266432382140e+00,-1.324931007712692344e+00,1.928875596680493798e+00,-2.948698896937544056e+00,-1.419780500951843827e+00,-3.294324326900132327e+00
1.356103660510892706e+00,-1.324955259672802921e+00,1.928899973950575442e+00,-2.948664653606558161e+00,-1.419561339222521923e+00,-3.294551230027424005e+00
1.355790053562803577e+00,-1.324979385466937387e+00,1.928924167461156580e+00,-2.948630287362733249e+00,-1.419342185717481941e+00,-3.294778151499799801e+00
1.355476445327217228e+00,-1.325003385198681105e+00,1.928948177360905625e+00,-2.948595798235344567e+00,-1.419123040268518876e+00,-3.295005091533828701e+00
1.355162835543237687e+00,-1.325027258971620325e+00,1.928972003798489210e+00,-2.948561186253667810e+00,-1.418903902707430165e+00,-3.295232050346079244e+00
1.354849223949968984e+00,-1.325051006889341076e+00,1.928995646922575080e+00,-2.948526451446977781e+00,-1.418684772866011912e+00,-3.295459028153119974e+00
1.354535610286513370e+00,-1.325074629055429609e+00,1.929019106881830536e+00,-2.948491593844551506e+00,-1.418465650576060444e+00,-3.295686025171518096e+00
1.354221994291974873e+00,-1.325098125573471508e+00,1.929042383824922879e+00,-2.948456613475663346e+00,-1.418246535669372532e+00,-3.295913041617843486e+00
1.353908375705457301e+00,-1.325121496547053246e+00,1.929065477900519632e+00,-2.948421510369588994e+00,-1.418027427977744503e+00,-3.296140077708663352e+00
1.353594754266063571e+00,-1.325144742079761073e+00,1.929088389257287650e+00,-2.948386284555603254e+00,-1.417808327332972684e+00,-3.296367133660546678e+00
1.353281129712897490e+00,-1.325167862275180575e+00,1.929111118043894901e+00,-2.948350936062982708e+00,-1.417589233566853846e+00,-3.296594209690061561e+00
1.352967501785062421e+00,-1.325190857236898223e+00,1.929133664409008020e+00,-2.948315464921003048e+00,-1.417370146511183648e+00,-3.296821306013776987e+00
1.352653870221661947e+00,-1.325213727068499603e+00,1.929156028501295195e+00,-2.948279871158939081e+00,-1.417151065997759307e+00,-3.297048422848260163e+00
1.352340234761800097e+00,-1.325236471873571409e+00,1.929178210469422838e+00,-2.948244154806066497e+00,-1.416931991858377149e+00,-3.297275560410080075e+00
1.352026595144579346e+00,-1.325259091755699226e+00,1.929200210462059362e+00,-2.948208315891660547e+00,-1.416712923924833500e+00,-3.297502718915806152e+00
1.351712951109103500e+00,-1.325281586818469304e+00,1.929222028627871399e+00,-2.948172354444996923e+00,-1.416493862028924688e+00,-3.297729898582005603e+00
1.351399302394476587e+00,-1.325303957165467894e+00,1.929243665115525808e+00,-2.948136270495351319e+00,-1.416274806002447484e+00,-3.297957099625246968e+00
1.351085648739801304e+00,-1.325326202900280581e+00,1.929265120073691220e+00,-2.948100064071998982e+00,-1.416055755677197991e+00,-3.298184322262099233e+00
1.350771989884181679e+00,-1.325348324126493837e+00,1.929286393651034048e+00,-2.948063735204215607e+00,-1.415836710884972760e+00,-3.298411566709129161e+00
1.350458325566720630e+00,-1.325370320947693692e+00,1.929307485996222038e+00,-2.948027283921276442e+00,-1.415617671457568338e+00,-3.298638833182907515e+00
1.350144655597104615e+00,-1.325392193496241378e+00,1.929328397302546128e+00,-2.947990710291122252e+00,-1.415398637274592364e+00,-3.298866121845999810e+00
1.349830980215529275e+00,-1.325413942080011953e+00,1.929349128035478866e+00,-2.947954014617527374e+00,-1.415179608507273645e+00,-3.299093432531598591e+00
1.349517299824482874e+00,-1.325435567073043996e+00,1.929369678763097840e+00,-2.947917197293171032e+00,-1.414960585436774387e+00,-3.299320764948729501e+00
1.349203614826751885e+00,-1.325457068849498210e+00,1.929390050053668704e+00,-2.947880258710895429e+00,-1.414741568344460187e+00,-3.299548118806189922e+00
1.348889925625122554e+00,-1.325478447783534408e+00,1.929410242475457782e+00,-2.947843199263541436e+00,-1.414522557511695311e+00,-3.299775493812776794e+00
1.348576232622380466e+00,-1.325499704249313959e+00,1.929430256596731397e+00,-2.947806019343951256e+00,-1.414303553219844245e+00,-3.300002889677288387e+00
1.348262536221312757e+00,-1.325520838620996456e+00,1.929450092985754539e+00,-2.947768719344967980e+00,-1.414084555750271699e+00,-3.300230306108521194e+00
1.347948836824704788e+00,-1.325541851272742822e+00,1.929469752210793976e+00,-2.947731299659431148e+00,-1.413865565384342160e+00,-3.300457742815273932e+00
1.347635134835343029e+00,-1.325562742578713094e+00,1.929489234840115808e+00,-2.947693760680184738e+00,-1.413646582403420338e+00,-3.300685199506343537e+00
1.347321430656014174e+00,-1.325583512913067530e+00,1.929508541441985692e+00,-2.947656102800069622e+00,-1.413427607088871163e+00,-3.300912675890527392e+00
1.347007724689503361e+00,-1.325604162649967055e+00,1.929527672584669507e+00,-2.947618326411927558e+00,-1.413208639722058457e+00,-3.301140171676623325e+00
1.346694017338597726e+00,-1.325624692163572149e+00,1.929546628836433797e+00,-2.947580431908600751e+00,-1.412989680584347596e+00,-3.301367686573427829e+00
1.346380309006083076e+00,-1.325645101828042405e+00,1.929565410765543998e+00,-2.947542419682931403e+00,-1.412770729957103288e+00,-3.301595220289740062e+00
1.346066600094745436e+00,-1.325665392017538746e+00,1.929584018940266432e+00,-2.947504290127760829e+00,-1.412551788121689356e+00,-3.301822772534356076e+00
1.345752891007371499e+00,-1.325685563106221432e+00,1.929602453928866979e+00,-2.947466043635930344e+00,-1.412332855359471173e+00,-3.302050343016073253e+00
1.345439182146746626e+00,-1.325705615468251164e+00,1.929620716299611516e+00,-2.947427680600283040e+00,-1.412113931951813006e+00,-3.302277931443690751e+00
1.345125473915657732e+00,-1.325725549477787757e+00,1.929638806620766367e+00,-2.947389201413660675e+00,-1.411895018180079342e+00,-3.302505537526005064e+00
1.344811766716891066e+00,-1.325745365508992135e+00,1.929656725460597411e+00,-2.947350606468904122e+00,-1.411676114325635112e+00,-3.302733160971812687e+00
1.344498060953232432e+00,-1.325765063936024779e+00,1.929674473387370304e+00,-2.947311896158856026e+00,-1.411457220669844803e+00,-3.302960801489912779e+00
1.344184357027467636e+00,-1.325784645133045503e+00,1.929692050969351591e+00,-2.947273070876358592e+00,-1.411238337494073347e+00,-3.303188458789102278e+00
1.343870655342383813e+00,-1.325804109474215231e+00,1.929709458774806929e+00,-2.947234131014252689e+00,-1.411019465079685009e+00,-3.303416132578177677e+00
1.343556956300766547e+00,-1.325823457333694222e+00,1.929726697372002420e+00,-2.947195076965380522e+00,-1.410800603708044054e+00,-3.303643822565938137e+00
1.343243260305402309e+00,-1.325842689085642734e+00,1.929743767329203719e+00,-2.947155909122584294e+00,-1.410581753660515858e+00,-3.303871528461180151e+00
1.342929567759076681e+00,-1.325861805104221247e+00,1.929760669214677371e+00,-2.947116627878705319e+00,-1.410362915218464686e+00,-3.304099249972701546e+00
1.342615879064576578e+00,-1.325880805763590242e+00,1.929777403596689034e+00,-2.947077233626586246e+00,-1.410144088663255024e+00,-3.304326986809299260e+00
1.342302194624688028e+00,-1.325899691437909755e+00,1.929793971043505252e+00,-2.947037726759068388e+00,-1.409925274276251805e+00,-3.304554738679771564e+00
1.341988514842196833e+00,-1.325918462501340933e+00,1.929810372123391016e+00,-2.946998107668993949e+00,-1.409706472338819294e+00,-3.304782505292915396e+00
1.341674840119889467e+00,-1.325937119328043368e+00,1.929826607404613092e+00,-2.946958376749204245e+00,-1.409487683132322422e+00,-3.305010286357528582e+00
1.341361170860552177e+00,-1.325955662292177983e+00,1.929842677455437361e+00,-2.946918534392541034e+00,-1.409268906938125676e+00,-3.305238081582408061e+00
1.341047507466971211e+00,-1.325974091767905039e+00,1.929858582844129922e+00,-2.946878580991847407e+00,-1.409050144037593766e+00,-3.305465890676352103e+00
1.340733850341932598e+00,-1.325992408129384570e+00,1.929874324138956210e+00,-2.946838516939964236e+00,-1.408831394712091400e+00,-3.305693713348157203e+00
1.340420199888222141e+00,-1.326010611750777501e+00,1.929889901908182770e+00,-2.946798342629733281e+00,-1.408612659242982845e+00,-3.305921549306622076e+00
1.340106556508626756e+00,-1.326028703006244314e+00,1.929905316720075481e+00,-2.946758058453997631e+00,-1.408393937911632587e+00,-3.306149398260543659e+00
1.339792920605932247e+00,-1.326046682269944821e+00,1.929920569142900222e+00,-2.946717664805597270e+00,-1.408175230999406224e+00,-3.306377259918719336e+00
1.339479292582924641e+00,-1.326064549916039725e+00,1.929935659744923315e+00,-2.946677162077375733e+00,-1.407956538787667133e+00,-3.306605133989946044e+00
1.339165672842390409e+00,-1.326082306318689508e+00,1.929950589094409974e+00,-2.946636550662173448e+00,-1.407737861557780690e+00,-3.306833020183022498e+00
1.338852061787116021e+00,-1.326099951852054426e+00,1.929965357759627187e+00,-2.946595830952833950e+00,-1.407519199591111603e+00,-3.307060918206746081e+00
1.338538459819887283e+00,-1.326117486890294961e+00,1.929979966308840389e+00,-2.946555003342197665e+00,-1.407300553169023916e+00,-3.307288827769913286e+00
1.338224867343489999e+00,-1.326134911807571592e+00,1.929994415310315459e+00,-2.946514068223107241e+00,-1.407081922572883004e+00,-3.307516748581321497e+00
1.337911284760710862e+00,-1.326152226978044579e+00,1.930008705332319163e+00,-2.946473025988403993e+00,-1.406863308084052910e+00,-3.307744680349769428e+00
1.337597712474335898e+00,-1.326169432775874402e+00,1.930022836943116271e+00,-2.946431877030930124e+00,-1.406644709983897679e+00,-3.307972622784054018e+00
1.337284150887151801e+00,-1.326186529575221540e+00,1.930036810710973993e+00,-2.946390621743527394e+00,-1.406426128553783572e+00,-3.308200575592972204e+00
1.336970600401943932e+00,-1.326203517750245808e+00,1.930050627204157543e+00,-2.946349260519037561e+00,-1.406207564075073746e+00,-3.308428538485322701e+00
1.336657061421498982e+00,-1.326220397675108353e+00,1.930064286990933464e+00,-2.946307793750303272e+00,-1.405989016829133575e+00,-3.308656511169902004e+00
1.336343534348602979e+00,-1.326237169723969211e+00,1.930077790639567192e+00,-2.946266221830165399e+00,-1.405770487097327548e+00,-3.308884493355507495e+00
1.336030019586041950e+00,-1.326253834270989085e+00,1.930091138718325050e+00,-2.946224545151466589e+00,-1.405551975161019929e+00,-3.309112484750937888e+00
1.335716517536602366e+00,-1.326270391690327788e+00,1.930104331795472916e+00,-2.946182764107048158e+00,-1.405333481301576093e+00,-3.309340485064989235e+00
1.335403028603070696e+00,-1.326286842356146245e+00,1.930117370439276892e+00,-2.946140879089751863e+00,-1.405115005800359862e+00,-3.309568494006459360e+00
1.335089553188232303e+00,-1.326303186642604492e+00,1.930130255218003077e+00,-2.946098890492420352e+00,-1.404896548938736167e+00,-3.309796511284146536e+00
1.334776091694874101e+00,-1.326319424923863455e+00,1.930142986699917351e+00,-2.946056798707894497e+00,-1.404678110998069718e+00,-3.310024536606847700e+00
1.334462644525781672e+00,-1.326335557574083168e+00,1.930155565453285593e+00,-2.946014604129016945e+00,-1.404459692259725001e+00,-3.310252569683360679e+00
1.334149212083741487e+00,-1.326351584967423669e+00,1.930167992046374126e+00,-2.945972307148629454e+00,-1.404241293005066504e+00,-3.310480610222481967e+00
1.333835794771540018e+00,-1.326367507478046104e+00,1.930180267047448606e+00,-2.945929908159573340e+00,-1.404022913515459381e+00,-3.310708657933010279e+00
1.333522392991963290e+00,-1.326383325480110509e+00,1.930192391024774912e+00,-2.945887407554690807e+00,-1.403804554072267674e+00,-3.310936712523742109e+00
1.333209007147797553e+00,-1.326399039347777142e+00,1.930204364546619811e+00,-2.945844805726823612e+00,-1.403586214956856537e+00,-3.311164773703475728e+00
1.332895637641828612e+00,-1.326414649455206485e+00,1.930216188181248294e+00,-2.945802103068813960e+00,-1.403367896450589791e+00,-3.311392841181008517e+00
1.332582284876842715e+00,-1.326430156176559239e+00,1.930227862496926683e+00,-2.945759299973503609e+00,-1.403149598834832590e+00,-3.311620914665137860e+00
1.332268949255626556e+00,-1.326445559885995440e+00,1.930239388061921746e+00,-2.945716396833734763e+00,-1.402931322390950086e+00,-3.311848993864660695e+00
1.331955631180965716e+00,-1.326460860957675569e+00,1.930250765444498473e+00,-2.945673394042348292e+00,-1.402713067400306102e+00,-3.312077078488375736e+00
1.331642331055646666e+00,-1.326476059765760107e+00,1.930261995212923409e+00,-2.945630291992186844e+00,-1.402494834144264901e+00,-3.312305168245079479e+00
1.331329049282456101e+00,-1.326491156684409534e+00,1.930273077935462211e+00,-2.945587091076092179e+00,-1.402276622904192305e+00,-3.312533262843569304e+00
1.331015786260337341e+00,-1.326506152087109092e+00,1.930284014179242114e+00,-2.945543791685718560e+00,-1.402058433958773387e+00,-3.312761361995429255e+00
1.330702542111803943e+00,-1.326521046298770434e+00,1.930294804429407263e+00,-2.945500394127325450e+00,-1.401840267393938966e+00,-3.312989465612742546e+00
1.330389316502171626e+00,-1.326535839563968810e+00,1.930305449035511600e+00,-2.945456898565930626e+00,-1.401622122976817764e+00,-3.313217573939199578e+00
1.330076109053867528e+00,-1.326550532119742831e+00,1.930315948334387688e+00,-2.945413305153301575e+00,-1.401404000444632425e+00,-3.313445687249598759e+00
1.329762919389317899e+00,-1.326565124203131329e+00,1.930326302662869864e+00,-2.945369614041207562e+00,-1.401185899534605372e+00,-3.313673805818739826e+00
1.329449747130950099e+00,-1.326579616051172916e+00,1.930336512357791579e+00,-2.945325825381416962e+00,-1.400967819983958584e+00,-3.313901929921420741e+00
1.329136591901190378e+00,-1.326594007900906202e+00,1.930346577755986281e+00,-2.945281939325698595e+00,-1.400749761529914261e+00,-3.314130059832440800e+00
1.328823453322466097e+00,-1.326608299989370021e+00,1.930356499194287423e+00,-2.945237956025820836e+00,-1.400531723909695492e+00,-3.314358195826599740e+00
1.328510331017203727e+00,-1.326622492553603205e+00,1.930366277009528453e+00,-2.945193875633551617e+00,-1.400313706860523810e+00,-3.314586338178694636e+00
1.328197224607830407e+00,-1.326636585830644366e+00,1.930375911538543043e+00,-2.945149698300659757e+00,-1.400095710119622305e+00,-3.314814487163526113e+00
1.327884133716772608e+00,-1.326650580057531670e+00,1.930385403118164866e+00,-2.945105424178914522e+00,-1.399877733424212511e+00,-3.315042643055892579e+00
1.327571057966456802e+00,-1.326664475471304838e+00,1.930394752085227150e+00,-2.945061053420083397e+00,-1.399659776511517073e+00,-3.315270806130592884e+00
1.327257996979310795e+00,-1.326678272309002038e+00,1.930403958776563567e+00,-2.945016586175935203e+00,-1.399441839118759079e+00,-3.315498976662425434e+00
1.326944950377760613e+00,-1.326691970807661880e+00,1.930413023529007566e+00,-2.944972022598238315e+00,-1.399223920983159619e+00,-3.315727154926189524e+00
1.326631917784232728e+00,-1.326705571204323197e+00,1.930421946679393264e+00,-2.944927362838761997e+00,-1.399006021841941561e+00,-3.315955341196684447e+00
1.326318898821154946e+00,-1.326719073736024379e+00,1.930430728564553222e+00,-2.944882607049273737e+00,-1.398788141432327548e+00,-3.316183535748708611e+00
1.326005893110953515e+00,-1.326732478639804480e+00,1.930439369521321558e+00,-2.944837755381542355e+00,-1.398570279491539559e+00,-3.316411738857060865e+00
1.325692900276055353e+00,-1.326745786152702333e+00,1.930447869886531942e+00,-2.944792807987337113e+00,-1.398352435756800238e+00,-3.316639950796540948e+00
1.325379919938886930e+00,-1.326758996511756328e+00,1.930456229997017381e+00,-2.944747765018425500e+00,-1.398134609965331343e+00,-3.316868171841946378e+00
1.325066951721875608e+00,-1.326772109954005519e+00,1.930464450189611769e+00,-2.944702626626576336e+00,-1.397916801854355962e+00,-3.317096402268076893e+00
1.324753995247447858e+00,-1.326785126716488072e+00,1.930472530801148778e+00,-2.944657392963558440e+00,-1.397699011161095850e+00,-3.317324642349731789e+00
1.324441050138030596e+00,-1.326798047036243045e+00,1.930480472168461414e+00,-2.944612064181139743e+00,-1.397481237622773431e+00,-3.317552892361709027e+00
1.324128116016050516e+00,-1.326810871150309268e+00,1.930488274628383571e+00,-2.944566640431089954e+00,-1.397263480976611350e+00,-3.317781152578807902e+00
1.323815192503934535e+00,-1.326823599295725131e+00,1.930495938517748922e+00,-2.944521121865175672e+00,-1.397045740959831805e+00,-3.318009423275827707e+00
1.323502279224108902e+00,-1.326836231709529912e+00,1.930503464173390693e+00,-2.944475508635166605e+00,-1.396828017309657000e+00,-3.318237704727566850e+00
1.323189375799001422e+00,-1.326848768628761333e+00,1.930510851932142558e+00,-2.944429800892831128e+00,-1.396610309763309132e+00,-3.318465997208824181e+00
1.322876481851038344e+00,-1.326861210290458892e+00,1.930518102130838187e+00,-2.944383998789938506e+00,-1.396392618058011070e+00,-3.318694300994399882e+00
1.322563597002646141e+00,-1.326873556931660980e+00,1.930525215106310810e+00,-2.944338102478255781e+00,-1.396174941930984792e+00,-3.318922616359091027e+00
1.322250720876252617e+00,-1.326885808789406429e+00,1.930532191195394098e+00,-2.944292112109551773e+00,-1.395957281119452498e+00,-3.319150943577697355e+00
1.321937853094283355e+00,-1.326897966100733850e+00,1.930539030734921724e+00,-2.944246027835595747e+00,-1.395739635360636832e+00,-3.319379282925017272e+00
1.321624993279166382e+00,-1.326910029102682076e+00,1.930545734061726915e+00,-2.944199849808156078e+00,-1.395522004391759774e+00,-3.319607634675850516e+00
1.321312141053327283e+00,-1.326921998032289718e+00,1.930552301512643565e+00,-2.944153578179001141e+00,-1.395304387950044189e+00,-3.319835999104995938e+00
1.320999296039193416e+00,-1.326933873126595387e+00,1.930558733424504902e+00,-2.944107213099898868e+00,-1.395086785772711835e+00,-3.320064376487251501e+00
1.320686457859191920e+00,-1.326945654622638138e+00,1.930565030134144378e+00,-2.944060754722618078e+00,-1.394869197596985577e+00,-3.320292767097416942e+00
1.320373626135749046e+00,-1.326957342757456138e+00,1.930571191978396106e+00,-2.944014203198927593e+00,-1.394651623160087617e+00,-3.320521171210291111e+00
1.320060800491291708e+00,-1.326968937768088885e+00,1.930577219294092872e+00,-2.943967558680596230e+00,-1.394434062199239710e+00,-3.320749589100672861e+00
1.319747980548247268e+00,-1.326980439891574104e+00,1.930583112418069014e+00,-2.943920821319391035e+00,-1.394216514451664946e+00,-3.320978021043360595e+00
1.319435165929041753e+00,-1.326991849364951070e+00,1.930588871687157537e+00,-2.943873991267081713e+00,-1.393998979654585302e+00,-3.321206467313153610e+00
1.319122356256102524e+00,-1.327003166425258174e+00,1.930594497438191670e+00,-2.943827068675437086e+00,-1.393781457545223423e+00,-3.321434928184851199e+00
1.318809551151856052e+00,-1.327014391309534691e+00,1.930599990008005751e+00,-2.943780053696224641e+00,-1.393563947860801289e+00,-3.321663403933251768e+00
1.318496750238729254e+00,-1.327025524254818789e+00,1.930605349733432785e+00,-2.943732946481213197e+00,-1.393346450338541098e+00,-3.321891894833154169e+00
1.318183953139149045e+00,-1.327036565498149301e+00,1.930610576951306445e+00,-2.943685747182171575e+00,-1.393128964715665941e+00,-3.322120401159356806e+00
1.317871159475541676e+00,-1.327047515276565059e+00,1.930615671998460403e+00,-2.943638455950868593e+00,-1.392911490729396906e+00,-3.322348923186659864e+00
1.317558368870334728e+00,-1.327058373827104676e+00,1.930620635211727665e+00,-2.943591072939071740e+00,-1.392694028116957528e+00,-3.322577461189862191e+00
1.317245580945954675e+00,-1.327069141386806983e+00,1.930625466927942346e+00,-2.943543598298549835e+00,-1.392476576615569783e+00,-3.322806015443761307e+00
1.316932795324828209e+00,-1.327079818192710814e+00,1.930630167483937898e+00,-2.943496032181071698e+00,-1.392259135962455874e+00,-3.323034586223156950e+00
1.316620011629382692e+00,-1.327090404481854335e+00,1.930634737216547547e+00,-2.943448374738406592e+00,-1.392041705894838444e+00,-3.323263173802847525e+00
1.316307229482043928e+00,-1.327100900491276603e+00,1.930639176462604967e+00,-2.943400626122321562e+00,-1.391824286149938805e+00,-3.323491778457633217e+00
1.315994448505239278e+00,-1.327111306458016449e+00,1.930643485558944050e+00,-2.943352786484585426e+00,-1.391606876464980713e+00,-3.323720400462312430e+00
1.315681668321396103e+00,-1.327121622619112040e+00,1.930647664842397582e+00,-2.943304855976967005e+00,-1.391389476577185702e+00,-3.323949040091682683e+00
1.315368888552939985e+00,-1.327131849211602876e+00,1.930651714649799677e+00,-2.943256834751235562e+00,-1.391172086223776194e+00,-3.324177697620544603e+00
1.315056108822298064e+00,-1.327141986472526680e+00,1.930655635317984009e+00,-2.943208722959158141e+00,-1.390954705141974612e+00,-3.324406373323696151e+00
1.314743328751898366e+00,-1.327152034638923173e+00,1.930659427183783583e+00,-2.943160520752504006e+00,-1.390737333069003379e+00,-3.324635067475936623e+00
1.314430547964166252e+00,-1.327161993947830299e+00,1.930663090584031849e+00,-2.943112228283041087e+00,-1.390519969742084472e+00,-3.324863780352065312e+00
1.314117766081529304e+00,-1.327171864636287113e+00,1.930666625855563145e+00,-2.943063845702539538e+00,-1.390302614898440758e+00,-3.325092512226880181e+00
1.313804982726413773e+00,-1.327181646941332227e+00,1.930670033335210256e+00,-2.943015373162765957e+00,-1.390085268275293995e+00,-3.325321263375180525e+00
1.313492197521246796e+00,-1.327191341100004696e+00,1.930673313359807075e+00,-2.942966810815489609e+00,-1.389867929609867048e+00,-3.325550034071765193e+00
1.313179410088455290e+00,-1.327200947349342686e+00,1.930676466266187274e+00,-2.942918158812479312e+00,-1.389650598639381895e+00,-3.325778824591433036e+00
1.312866620050465727e+00,-1.327210465926385030e+00,1.930679492391183860e+00,-2.942869417305503443e+00,-1.389433275101061183e+00,-3.326007635208984237e+00
1.312553827029705245e+00,-1.327219897068171006e+00,1.930682392071630504e+00,-2.942820586446329933e+00,-1.389215958732126666e+00,-3.326236466199215425e+00
1.312241030648600537e+00,-1.327229241011738337e+00,1.930685165644361101e+00,-2.942771666386727603e+00,-1.388998649269801655e+00,-3.326465317836926783e+00
1.311928230529578077e+00,-1.327238497994126520e+00,1.930687813446209100e+00,-2.942722657278464382e+00,-1.388781346451307463e+00,-3.326694190396917605e+00
1.311615426295065223e+00,-1.327247668252373947e+00,1.930690335814007508e+00,-2.942673559273310868e+00,-1.388564050013867179e+00,-3.326923084153985855e+00
1.311302617567488227e+00,-1.327256752023519226e+00,1.930692733084590662e+00,-2.942624372523033216e+00,-1.388346759694702559e+00,-3.327151999382931269e+00
1.310989803969274226e+00,-1.327265749544601192e+00,1.930695005594791569e+00,-2.942575097179400689e+00,-1.388129475231036247e+00,-3.327380936358551811e+00
1.310676985122850358e+00,-1.327274661052658455e+00,1.930697153681443679e+00,-2.942525733394182108e+00,-1.387912196360090888e+00,-3.327609895355647218e+00
1.310364160650642429e+00,-1.327283486784729849e+00,1.930699177681381107e+00,-2.942476281319146736e+00,-1.387694922819087795e+00,-3.327838876649015898e+00
1.310051330175078244e+00,-1.327292226977854206e+00,1.930701077931436860e+00,-2.942426741106061172e+00,-1.387477654345250722e+00,-3.328067880513457588e+00
1.309738493318584274e+00,-1.327300881869069915e+00,1.930702854768444610e+00,-2.942377112906695125e+00,-1.387260390675800981e+00,-3.328296907223770251e+00
1.309425649703586769e+00,-1.327309451695415810e+00,1.930704508529237806e+00,-2.942327396872816525e+00,-1.387043131547960995e+00,-3.328525957054752737e+00
1.309112798952513534e+00,-1.327317936693930722e+00,1.930706039550650122e+00,-2.942277593156195081e+00,-1.386825876698953852e+00,-3.328755030281204785e+00
1.308799940687790375e+00,-1.327326337101653486e+00,1.930707448169515006e+00,-2.942227701908597393e+00,-1.386608625866000644e+00,-3.328984127177924357e+00
1.308487074531844652e+00,-1.327334653155622268e+00,1.930708734722666131e+00,-2.942177723281793611e+00,-1.386391378786324902e+00,-3.329213248019711635e+00
1.308174200107103502e+00,-1.327342885092875902e+00,1.930709899546936947e+00,-2.942127657427551668e+00,-1.386174135197148605e+00,-3.329442393081363694e+00
1.307861317035992732e+00,-1.327351033150453441e+00,1.930710942979160905e+00,-2.942077504497640383e+00,-1.385956894835693509e+00,-3.329671562637680715e+00
1.307548424940939924e+00,-1.327359097565393498e+00,1.930711865356171453e+00,-2.942027264643827245e+00,-1.385739657439182260e+00,-3.329900756963461994e+00
1.307235523444371994e+00,-1.327367078574734460e+00,1.930712667014802708e+00,-2.941976938017881960e+00,-1.385522422744837723e+00,-3.330129976333505493e+00
1.306922612168714970e+00,-1.327374976415515606e+00,1.930713348291887232e+00,-2.941926524771572016e+00,-1.385305190489881655e+00,-3.330359221022610061e+00
1.306609690736396656e+00,-1.327382791324775102e+00,1.930713909524259364e+00,-2.941876025056666677e+00,-1.385087960411536923e+00,-3.330588491305574994e+00
1.306296758769842636e+00,-1.327390523539551781e+00,1.930714351048752553e+00,-2.941825439024934319e+00,-1.384870732247025282e+00,-3.330817787457199142e+00
1.305983815891480715e+00,-1.327398173296884476e+00,1.930714673202199805e+00,-2.941774766828142873e+00,-1.384653505733569157e+00,-3.331047109752281798e+00
1.305670861723737586e+00,-1.327405740833811798e+00,1.930714876321435458e+00,-2.941724008618062047e+00,-1.384436280608391190e+00,-3.331276458465621371e+00
1.305357895889039499e+00,-1.327413226387372802e+00,1.930714960743292297e+00,-2.941673164546458885e+00,-1.384219056608713583e+00,-3.331505833872016709e+00
1.305044918009813593e+00,-1.327420630194605655e+00,1.930714926804603992e+00,-2.941622234765102650e+00,-1.384001833471758536e+00,-3.331735236246267107e+00
1.304731927708487005e+00,-1.327427952492549190e+00,1.930714774842204440e+00,-2.941571219425762163e+00,-1.383784610934748471e+00,-3.331964665863170971e+00
1.304418924607485764e+00,-1.327435193518242240e+00,1.930714505192927088e+00,-2.941520118680205353e+00,-1.383567388734905812e+00,-3.332194122997527597e+00
1.304105908329237673e+00,-1.327442353508723638e+00,1.930714118193605167e+00,-2.941468932680201043e+00,-1.383350166609452980e+00,-3.332423607924135833e+00
1.303792878496168539e+00,-1.327449432701031551e+00,1.930713614181072124e+00,-2.941417661577517606e+00,-1.383132944295611955e+00,-3.332653120917794531e+00
1.303479834730705500e+00,-1.327456431332205256e+00,1.930712993492162299e+00,-2.941366305523923419e+00,-1.382915721530605158e+00,-3.332882662253302541e+00
1.303166776655275694e+00,-1.327463349639283363e+00,1.930712256463708254e+00,-2.941314864671187301e+00,-1.382698498051655678e+00,-3.333112232205458714e+00
1.302853703892305592e+00,-1.327470187859304263e+00,1.930711403432544104e+00,-2.941263339171077629e+00,-1.382481273595984606e+00,-3.333341831049062343e+00
1.302540616064221890e+00,-1.327476946229307009e+00,1.930710434735503300e+00,-2.941211729175362777e+00,-1.382264047900815029e+00,-3.333571459058911390e+00
1.302227512793451947e+00,-1.327483624986329991e+00,1.930709350709419292e+00,-2.941160034835811121e+00,-1.382046820703369150e+00,-3.333801116509806040e+00
1.301914393702422013e+00,-1.327490224367412486e+00,1.930708151691125529e+00,-2.941108256304191482e+00,-1.381829591740869390e+00,-3.334030803676544252e+00
1.301601258413559226e+00,-1.327496744609592660e+00,1.930706838017455906e+00,-2.941056393732272678e+00,-1.381612360750538171e+00,-3.334260520833925323e+00
1.301288106549290280e+00,-1.327503185949909348e+00,1.930705410025243207e+00,-2.941004447271822198e+00,-1.381395127469597472e+00,-3.334490268256748546e+00
1.300974937732041647e+00,-1.327509548625401159e+00,1.930703868051321770e+00,-2.940952417074609748e+00,-1.381177891635269717e+00,-3.334720046219811884e+00
1.300661751584240911e+00,-1.327515832873106927e+00,1.930702212432524822e+00,-2.940900303292403706e+00,-1.380960652984777770e+00,-3.334949854997914631e+00
1.300348547728313653e+00,-1.327522038930065262e+00,1.930700443505685593e+00,-2.940848106076971114e+00,-1.380743411255342723e+00,-3.335179694865855637e+00
1.300035325786687679e+00,-1.327528167033314999e+00,1.930698561607638197e+00,-2.940795825580081235e+00,-1.380526166184188330e+00,-3.335409566098434642e+00
1.299722085381789682e+00,-1.327534217419894746e+00,1.930696567075215864e+00,-2.940743461953503335e+00,-1.380308917508536126e+00,-3.335639468970449606e+00
1.299408826136046358e+00,-1.327540190326843339e+00,1.930694460245252042e+00,-2.940691015349005788e+00,-1.380091664965608755e+00,-3.335869403756699381e+00
1.299095547671884621e+00,-1.327546085991199387e+00,1.930692241454580405e+00,-2.940638485918356082e+00,-1.379874408292629084e+00,-3.336099370731982816e+00
1.298782249611730721e+00,-1.327551904650001502e+00,1.930689911040034623e+00,-2.940585873813323925e+00,-1.379657147226817759e+00,-3.336329370171100095e+00
1.298468931578011798e+00,-1.327557646540288516e+00,1.930687469338447926e+00,-2.940533179185676804e+00,-1.379439881505398535e+00,-3.336559402348849179e+00
1.298155593193155211e+00,-1.327563311899099041e+00,1.930684916686653763e+00,-2.940480402187183984e+00,-1.379222610865593612e+00,-3.336789467540028031e+00
1.297842234079586543e+00,-1.327568900963472132e+00,1.930682253421486028e+00,-2.940427542969613839e+00,-1.379005335044624969e+00,-3.337019566019436834e+00
1.297528853859733822e+00,-1.327574413970446177e+00,1.930679479879778171e+00,-2.940374601684734301e+00,-1.378788053779715028e+00,-3.337249698061874881e+00
1.297215452156023296e+00,-1.327579851157059787e+00,1.930676596398363420e+00,-2.940321578484314191e+00,-1.378570766808086212e+00,-3.337479863942139247e+00
1.296902028590881439e+00,-1.327585212760351796e+00,1.930673603314075892e+00,-2.940268473520121884e+00,-1.378353473866960721e+00,-3.337710063935031002e+00
1.296588582786736055e+00,-1.327590499017360814e+00,1.930670500963748371e+00,-2.940215286943926642e+00,-1.378136174693560978e+00,-3.337940298315347665e+00
1.296275114366012948e+00,-1.327595710165125675e+00,1.930667289684215193e+00,-2.940162018907496400e+00,-1.377918869025109627e+00,-3.338170567357888530e+00
1.295961622951139258e+00,-1.327600846440684990e+00,1.930663969812309144e+00,-2.940108669562599530e+00,-1.377701556598828425e+00,-3.338400871337452003e+00
1.295648108164542123e+00,-1.327605908081077590e+00,1.930660541684864340e+00,-2.940055239061004855e+00,-1.377484237151940016e+00,-3.338631210528837379e+00
1.295334569628647792e+00,-1.327610895323341866e+00,1.930657005638714008e+00,-2.940001727554480748e+00,-1.377266910421666823e+00,-3.338861585206844396e+00
1.295021006965882959e+00,-1.327615808404516873e+00,1.930653362010691820e+00,-2.939948135194795142e+00,-1.377049576145230825e+00,-3.339091995646270572e+00
1.294707419798675208e+00,-1.327620647561641443e+00,1.930649611137631227e+00,-2.939894462133717301e+00,-1.376832234059854887e+00,-3.339322442121915646e+00
1.294393807749450787e+00,-1.327625413031754187e+00,1.930645753356365679e+00,-2.939840708523015600e+00,-1.376614883902761211e+00,-3.339552924908578024e+00
1.294080170440636834e+00,-1.327630105051893272e+00,1.930641789003728626e+00,-2.939786874514458859e+00,-1.376397525411171552e+00,-3.339783444281057445e+00
1.293766507494659823e+00,-1.327634723859097754e+00,1.930637718416554405e+00,-2.939732960259814565e+00,-1.376180158322309000e+00,-3.340014000514151427e+00
1.293452818533946447e+00,-1.327639269690406687e+00,1.930633541931675357e+00,-2.939678965910852426e+00,-1.375962782373395310e+00,-3.340244593882660151e+00
1.293139103180924065e+00,-1.327643742782858460e+00,1.930629259885925375e+00,-2.939624891619339930e+00,-1.375745397301653350e+00,-3.340475224661382025e+00
1.292825361058018929e+00,-1.327648143373491463e+00,1.930624872616139021e+00,-2.939570737537046341e+00,-1.375528002844304876e+00,-3.340705893125116788e+00
1.292511591804721416e+00,-1.327652471689954039e+00,1.930620380445962292e+00,-2.939516503810627235e+00,-1.375310598750781654e+00,-3.340936599536849183e+00
1.292197795420407136e+00,-1.327656727761827637e+00,1.930615783420932763e+00,-2.939462190478909331e+00,-1.375093185028015697e+00,-3.341167343910444121e+00
1.291883972247118262e+00,-1.327660911430105228e+00,1.930611081321782718e+00,-2.939407797478050366e+00,-1.374875761928119999e+00,-3.341398126022558479e+00
1.291570122640515406e+00,-1.327665022528284222e+00,1.930606273918720639e+00,-2.939353324740126894e+00,-1.374658329712951765e+00,-3.341628945640422454e+00
1.291256246956258291e+00,-1.327669060889862251e+00,1.930601360981955450e+00,-2.939298772197215026e+00,-1.374440888644367531e+00,-3.341859802531266688e+00
1.290942345550007087e+00,-1.327673026348337393e+00,1.930596342281696076e+00,-2.939244139781392651e+00,-1.374223438984224277e+00,-3.342090696462321819e+00
1.290628418777422848e+00,-1.327676918737207501e+00,1.930591217588150998e+00,-2.939189427424735435e+00,-1.374005980994378318e+00,-3.342321627200818490e+00
1.290314466994164633e+00,-1.327680737889970208e+00,1.930585986671529142e+00,-2.939134635059321266e+00,-1.373788514936686855e+00,-3.342552594513988229e+00
1.290000490555893276e+00,-1.327684483640123148e+00,1.930580649302039653e+00,-2.939079762617227143e+00,-1.373571041073006205e+00,-3.342783598169060344e+00
1.289686489818269388e+00,-1.327688155821164395e+00,1.930575205249891013e+00,-2.939024810030529178e+00,-1.373353559665193568e+00,-3.343014637933266364e+00
1.289372465136951806e+00,-1.327691754266591584e+00,1.930569654285292147e+00,-2.938969777231303482e+00,-1.373136070975105705e+00,-3.343245713573836486e+00
1.289058416867601808e+00,-1.327695278809903012e+00,1.930563996178451536e+00,-2.938914664151628386e+00,-1.372918575264599150e+00,-3.343476824858001351e+00
1.288744345365879118e+00,-1.327698729284595425e+00,1.930558230699578326e+00,-2.938859470723580891e+00,-1.372701072795530886e+00,-3.343707971552992486e+00
1.288430250987443904e+00,-1.327702105524167564e+00,1.930552357618881221e+00,-2.938804196879235775e+00,-1.372483563829757447e+00,-3.343939153426039201e+00
1.288116134087956999e+00,-1.327705407362116841e+00,1.930546376706569145e+00,-2.938748842550671814e+00,-1.372266048629135593e+00,-3.344170370244373025e+00
1.287801995023077906e+00,-1.327708634631940887e+00,1.930540287732851024e+00,-2.938693407669965119e+00,-1.372048527455522526e+00,-3.344401621775224598e+00
1.287487834148466570e+00,-1.327711787167138002e+00,1.930534090467935338e+00,-2.938637892169192245e+00,-1.371831000570774561e+00,-3.344632907785824116e+00
1.287173651819783826e+00,-1.327714864801205596e+00,1.930527784682031012e+00,-2.938582295980431081e+00,-1.371613468236748457e+00,-3.344864228043402665e+00
1.286859448392689842e+00,-1.327717867367641524e+00,1.930521370145346749e+00,-2.938526619035757292e+00,-1.371395930715301192e+00,-3.345095582315190441e+00
1.286545224222844563e+00,-1.327720794699943641e+00,1.930514846628091696e+00,-2.938470861267247880e+00,-1.371178388268289750e+00,-3.345326970368418529e+00
1.286230979665907714e+00,-1.327723646631609800e+00,1.930508213900474335e+00,-2.938415022606980731e+00,-1.370960841157570442e+00,-3.345558391970317125e+00
1.285916715077540351e+00,-1.327726422996137634e+00,1.930501471732703367e+00,-2.938359102987031513e+00,-1.370743289645000251e+00,-3.345789846888117758e+00
1.285602430813401975e+00,-1.327729123627024999e+00,1.930494619894988162e+00,-2.938303102339476780e+00,-1.370525733992435935e+00,-3.346021334889050625e+00
1.285288127229152977e+00,-1.327731748357769970e+00,1.930487658157536979e+00,-2.938247020596394421e+00,-1.370308174461734030e+00,-3.346252855740345922e+00
1.284973804680453968e+00,-1.327734297021869736e+00,1.930480586290558964e+00,-2.938190857689860991e+00,-1.370090611314751738e+00,-3.346484409209234734e+00
1.284659463522964451e+00,-1.327736769452822596e+00,1.930473404064262599e+00,-2.938134613551953489e+00,-1.369873044813345597e+00,-3.346715995062947258e+00
1.284345104112345037e+00,-1.327739165484126183e+00,1.930466111248856809e+00,-2.938078288114748027e+00,-1.369655475219372143e+00,-3.346947613068715022e+00
1.284030726804255895e+00,-1.327741484949278350e+00,1.930458707614550518e+00,-2.938021881310322492e+00,-1.369437902794688577e+00,-3.347179262993767779e+00
1.283716331954356749e+00,-1.327743727681776731e+00,1.930451192931552429e+00,-2.937965393070752551e+00,-1.369220327801151216e+00,-3.347410944605337058e+00
1.283401919918308209e+00,-1.327745893515119402e+00,1.930443566970071689e+00,-2.937908823328115204e+00,-1.369002750500617260e+00,-3.347642657670653055e+00
1.283087491051770668e+00,-1.327747982282803774e+00,1.930435829500316558e+00,-2.937852172014488339e+00,-1.368785171154943470e+00,-3.347874401956945523e+00
1.282773045710403625e+00,-1.327749993818327923e+00,1.930427980292496182e+00,-2.937795439061948066e+00,-1.368567590025986158e+00,-3.348106177231446878e+00
1.282458584249868139e+00,-1.327751927955189926e+00,1.930420019116819041e+00,-2.937738624402570942e+00,-1.368350007375602750e+00,-3.348337983261386874e+00
1.282144107025823487e+00,-1.327753784526886749e+00,1.930411945743494284e+00,-2.937681727968434409e+00,-1.368132423465649339e+00,-3.348569819813996151e+00
1.281829614393930283e+00,-1.327755563366916691e+00,1.930403759942730613e+00,-2.937624749691614578e+00,-1.367914838557982904e+00,-3.348801686656504462e+00
1.281515106709848917e+00,-1.327757264308777829e+00,1.930395461484737174e+00,-2.937567689504188895e+00,-1.367697252914460426e+00,-3.349033583556144666e+00
1.281200584329238890e+00,-1.327758887185967351e+00,1.930387050139722005e+00,-2.937510547338234357e+00,-1.367479666796938664e+00,-3.349265510280145630e+00
1.280886047607760814e+00,-1.327760431831983778e+00,1.930378525677894475e+00,-2.937453323125827076e+00,-1.367262080467274155e+00,-3.349497466595738437e+00
1.280571496901075523e+00,-1.327761898080324299e+00,1.930369887869463508e+00,-2.937396016799044052e+00,-1.367044494187323878e+00,-3.349729452270153729e+00
1.280256932564842298e+00,-1.327763285764486767e+00,1.930361136484637363e+00,-2.937338628289963172e+00,-1.366826908218944370e+00,-3.349961467070622589e+00
1.279942354954721306e+00,-1.327764594717969038e+00,1.930352271293625188e+00,-2.937281157530659215e+00,-1.366609322823992834e+00,-3.350193510764375215e+00
1.279627764426373382e+00,-1.327765824774269188e+00,1.930343292066635907e+00,-2.937223604453210957e+00,-1.366391738264325362e+00,-3.350425583118642248e+00
1.279313161335458027e+00,-1.327766975766884627e+00,1.930334198573878224e+00,-2.937165968989694953e+00,-1.366174154801799157e+00,-3.350657683900654771e+00
1.278998546037635631e+00,-1.327768047529313877e+00,1.930324990585560618e+00,-2.937108251072185983e+00,-1.365956572698270977e+00,-3.350889812877642537e+00
1.278683918888566806e+00,-1.327769039895053682e+00,1.930315667871892460e+00,-2.937050450632763710e+00,-1.365738992215597358e+00,-3.351121969816837076e+00
1.278369280243911055e+00,-1.327769952697602118e+00,1.930306230203082007e+00,-2.936992567603503801e+00,-1.365521413615635726e+00,-3.351354154485469028e+00
1.278054630459328989e+00,-1.327770785770457485e+00,1.930296677349338630e+00,-2.936934601916482368e+00,-1.365303837160241951e+00,-3.351586366650768589e+00
1.277739969890480776e+00,-1.327771538947117191e+00,1.930287009080870364e+00,-2.936876553503776854e+00,-1.365086263111273457e+00,-3.351818606079966845e+00
1.277425298893026806e+00,-1.327772212061079538e+00,1.930277225167886801e+00,-2.936818422297465148e+00,-1.364868691730586781e+00,-3.352050872540293547e+00
1.277110617822626581e+00,-1.327772804945841711e+00,1.930267325380596422e+00,-2.936760208229621583e+00,-1.364651123280038236e+00,-3.352283165798980669e+00
1.276795927034940492e+00,-1.327773317434901346e+00,1.930257309489208151e+00,-2.936701911232325379e+00,-1.364433558021485471e+00,-3.352515485623258407e+00
1.276481226885629372e+00,-1.327773749361756961e+00,1.930247177263930469e+00,-2.936643531237652649e+00,-1.364215996216784799e+00,-3.352747831780356957e+00
1.276166517730352723e+00,-1.327774100559905968e+00,1.930236928474972524e+00,-2.936585068177679059e+00,-1.363998438127792756e+00,-3.352980204037507406e+00
1.275851799924770713e+00,-1.327774370862846220e+00,1.930226562892543019e+00,-2.936526521984482940e+00,-1.363780884016366546e+00,-3.353212602161939504e+00
1.275537073824544398e+00,-1.327774560104075574e+00,1.930216080286850655e+00,-2.936467892590140405e+00,-1.363563334144362704e+00,-3.353445025920885225e+00
1.275222339785332615e+00,-1.327774668117091217e+00,1.930205480428104359e+00,-2.936409179926728452e+00,-1.363345788773638212e+00,-3.353677475081574322e+00
1.274907598162796862e+00,-1.327774694735391892e+00,1.930194763086512832e+00,-2.936350383926324081e+00,-1.363128248166049827e+00,-3.353909949411237879e+00
1.274592849312596199e+00,-1.327774639792475009e+00,1.930183928032285001e+00,-2.936291504521004292e+00,-1.362910712583453421e+00,-3.354142448677106536e+00
1.274278093590391236e+00,-1.327774503121838201e+00,1.930172975035629790e+00,-2.936232541642845195e+00,-1.362693182287707083e+00,-3.354374972646410935e+00
1.273963331351842809e+00,-1.327774284556979545e+00,1.930161903866755679e+00,-2.936173495223923791e+00,-1.362475657540666907e+00,-3.354607521086381716e+00
1.273648562952609975e+00,-1.327773983931396229e+00,1.930150714295871817e+00,-2.936114365196317522e+00,-1.362258138604189650e+00,-3.354840093764249520e+00
1.273333788748353568e+00,-1.327773601078586774e+00,1.930139406093186683e+00,-2.936055151492102500e+00,-1.362040625740132294e+00,-3.355072690447244543e+00
1.273019009094733978e+00,-1.327773135832048590e+00,1.930127979028909202e+00,-2.935995854043356168e+00,-1.361823119210351374e+00,-3.355305310902597427e+00
1.272704224347410484e+00,-1.327772588025279754e+00,1.930116432873248300e+00,-2.935936472782155526e+00,-1.361605619276704093e+00,-3.355537954897540143e+00
1.272389434862044144e+00,-1.327771957491777899e+00,1.930104767396412679e+00,-2.935877007640575798e+00,-1.361388126201046767e+00,-3.355770622199302000e+00
1.272074640994294903e+00,-1.327771244065040879e+00,1.930092982368611265e+00,-2.935817458550695758e+00,-1.361170640245236152e+00,-3.356003312575114084e+00
1.271759843099822707e+00,-1.327770447578566104e+00,1.930081077560052538e+00,-2.935757825444591518e+00,-1.360953161671129230e+00,-3.356236025792207034e+00
1.271445041534287945e+00,-1.327769567865851874e+00,1.930069052740945645e+00,-2.935698108254339189e+00,-1.360735690740582760e+00,-3.356468761617811492e+00
1.271130236653350787e+00,-1.327768604760395377e+00,1.930056907681499290e+00,-2.935638306912017104e+00,-1.360518227715453277e+00,-3.356701519819158541e+00
1.270815428812671177e+00,-1.327767558095695577e+00,1.930044642151922174e+00,-2.935578421349700040e+00,-1.360300772857597984e+00,-3.356934300163477936e+00
1.270500618367909729e+00,-1.327766427705249219e+00,1.930032255922423445e+00,-2.935518451499467218e+00,-1.360083326428872974e+00,-3.357167102418001203e+00
1.270185805674726831e+00,-1.327765213422554158e+00,1.930019748763211584e+00,-2.935458397293394306e+00,-1.359865888691135893e+00,-3.357399926349957653e+00
1.269870991088781764e+00,-1.327763915081108692e+00,1.930007120444495516e+00,-2.935398258663557858e+00,-1.359648459906243056e+00,-3.357632771726579701e+00
1.269556174965734918e+00,-1.327762532514410232e+00,1.929994370736483722e+00,-2.935338035542034429e+00,-1.359431040336051000e+00,-3.357865638315097545e+00
1.269241357661247127e+00,-1.327761065555956632e+00,1.929981499409385570e+00,-2.935277727860902353e+00,-1.359213630242416482e+00,-3.358098525882741381e+00
1.268926539530978115e+00,-1.327759514039245969e+00,1.929968506233409542e+00,-2.935217335552236850e+00,-1.358996229887196927e+00,-3.358331434196741405e+00
1.268611720930588049e+00,-1.327757877797775432e+00,1.929955390978764562e+00,-2.935156858548114922e+00,-1.358778839532248650e+00,-3.358564363024329147e+00
1.268296902215737099e+00,-1.327756156665043541e+00,1.929942153415659112e+00,-2.935096296780614900e+00,-1.358561459439428187e+00,-3.358797312132734803e+00
1.267982083742085653e+00,-1.327754350474547707e+00,1.929928793314302338e+00,-2.935035650181812006e+00,-1.358344089870592741e+00,-3.359030281289189457e+00
1.267667265865293658e+00,-1.327752459059785783e+00,1.929915310444902943e+00,-2.934974918683783685e+00,-1.358126731087598849e+00,-3.359263270260923306e+00
1.267352448941021947e+00,-1.327750482254255626e+00,1.929901704577670074e+00,-2.934914102218606935e+00,-1.357909383352303490e+00,-3.359496278815166992e+00
1.267037633324929580e+00,-1.327748419891454645e+00,1.929887975482811990e+00,-2.934853200718358757e+00,-1.357692046926562979e+00,-3.359729306719151154e+00
1.266722819372677167e+00,-1.327746271804881140e+00,1.929874122930537617e+00,-2.934792214115114817e+00,-1.357474722072234741e+00,-3.359962353740107321e+00
1.266408007439925765e+00,-1.327744037828032742e+00,1.929860146691056322e+00,-2.934731142340953447e+00,-1.357257409051174868e+00,-3.360195419645265247e+00
1.266093197882334209e+00,-1.327741717794407306e+00,1.929846046534576143e+00,-2.934669985327950759e+00,-1.357040108125240341e+00,-3.360428504201856015e+00
1.265778391055563334e+00,-1.327739311537502465e+00,1.929831822231306226e+00,-2.934608743008182863e+00,-1.356822819556288362e+00,-3.360661607177109822e+00
1.265463587315273974e+00,-1.327736818890816073e+00,1.929817473551455498e+00,-2.934547415313727647e+00,-1.356605543606175246e+00,-3.360894728338257309e+00
1.265148787017124743e+00,-1.327734239687845763e+00,1.929803000265232660e+00,-2.934486002176661668e+00,-1.356388280536757973e+00,-3.361127867452530005e+00
1.264833990516777584e+00,-1.327731573762089612e+00,1.929788402142846193e+00,-2.934424503529062367e+00,-1.356171030609893302e+00,-3.361361024287157662e+00
1.264519198169891112e+00,-1.327728820947045474e+00,1.929773678954505467e+00,-2.934362919303005413e+00,-1.355953794087437547e+00,-3.361594198609370920e+00
1.264204410332126161e+00,-1.327725981076210982e+00,1.929758830470418962e+00,-2.934301249430567360e+00,-1.355736571231247911e+00,-3.361827390186400422e+00
1.263889627359143564e+00,-1.327723053983083989e+00,1.929743856460795381e+00,-2.934239493843826985e+00,-1.355519362303181374e+00,-3.362060598785477694e+00
1.263574849606602379e+00,-1.327720039501162130e+00,1.929728756695843872e+00,-2.934177652474859510e+00,-1.355302167565094251e+00,-3.362293824173833379e+00
1.263260077430163220e+00,-1.327716937463943037e+00,1.929713530945773137e+00,-2.934115725255742380e+00,-1.355084987278843522e+00,-3.362527066118696784e+00
1.262945311185486919e+00,-1.327713747704925229e+00,1.929698178980791878e+00,-2.934053712118552593e+00,-1.354867821706285946e+00,-3.362760324387299438e+00
1.262630551228232312e+00,-1.327710470057605896e+00,1.929682700571108800e+00,-2.933991612995366260e+00,-1.354650671109278282e+00,-3.362993598746871982e+00
1.262315797914060900e+00,-1.327707104355482670e+00,1.929667095486933048e+00,-2.933929427818260827e+00,-1.354433535749677286e+00,-3.363226888964645056e+00
1.262001051598632184e+00,-1.327703650432054072e+00,1.929651363498472882e+00,-2.933867156519312402e+00,-1.354216415889339276e+00,-3.363460194807849746e+00
1.261686312637606333e+00,-1.327700108120817291e+00,1.929635504375937893e+00,-2.933804799030598875e+00,-1.353999311790122118e+00,-3.363693516043715803e+00
1.261371581386643959e+00,-1.327696477255270402e+00,1.929619517889536340e+00,-2.933742355284196357e+00,-1.353782223713881905e+00,-3.363926852439473869e+00
1.261056858201404562e+00,-1.327692757668911039e+00,1.929603403809476703e+00,-2.933679825212181402e+00,-1.353565151922474952e+00,-3.364160203762355472e+00
1.260742143437548979e+00,-1.327688949195237500e+00,1.929587161905968573e+00,-2.933617208746631899e+00,-1.353348096677758683e+00,-3.364393569779590809e+00
1.260427437450737154e+00,-1.327685051667746530e+00,1.929570791949220432e+00,-2.933554505819623959e+00,-1.353131058241589635e+00,-3.364626950258410520e+00
1.260112740596629033e+00,-1.327681064919936871e+00,1.929554293709440982e+00,-2.933491716363234136e+00,-1.352914036875824566e+00,-3.364860344966045247e+00
1.259798053230885229e+00,-1.327676988785305934e+00,1.929537666956839370e+00,-2.933428840309540320e+00,-1.352697032842320901e+00,-3.365093753669725629e+00
1.259483375709165465e+00,-1.327672823097351573e+00,1.929520911461623855e+00,-2.933365877590617732e+00,-1.352480046402933844e+00,-3.365327176136682308e+00
1.259168708387130131e+00,-1.327668567689571644e+00,1.929504026994003807e+00,-2.933302828138545149e+00,-1.352263077819521708e+00,-3.365560612134146368e+00
1.258854051620439840e+00,-1.327664222395464000e+00,1.929487013324187483e+00,-2.933239691885398237e+00,-1.352046127353940808e+00,-3.365794061429348005e+00
1.258539405764753871e+00,-1.327659787048526052e+00,1.929469870222384031e+00,-2.933176468763253109e+00,-1.351829195268047457e+00,-3.366027523789517417e+00
1.258224771175733281e+00,-1.327655261482255877e+00,1.929452597458802376e+00,-2.933113158704188095e+00,-1.351612281823698636e+00,-3.366260998981886132e+00
1.257910148209037571e+00,-1.327650645530151552e+00,1.929435194803651221e+00,-2.933049761640279751e+00,-1.351395387282751548e+00,-3.366494486773684791e+00
1.257595537220327353e+00,-1.327645939025710486e+00,1.929417662027138824e+00,-2.932986277503603745e+00,-1.351178511907062285e+00,-3.366727986932143590e+00
1.257280938565263018e+00,-1.327641141802430536e+00,1.929399998899474777e+00,-2.932922706226238851e+00,-1.350961655958488716e+00,-3.366961499224492727e+00
1.256966352599503844e+00,-1.327636253693809332e+00,1.929382205190867561e+00,-2.932859047740259850e+00,-1.350744819698885824e+00,-3.367195023417963728e+00
1.256651779678710668e+00,-1.327631274533345174e+00,1.929364280671526100e+00,-2.932795301977744629e+00,-1.350528003390112142e+00,-3.367428559279787681e+00
1.256337220158543877e+00,-1.327626204154535472e+00,1.929346225111658875e+00,-2.932731468870769742e+00,-1.350311207294023763e+00,-3.367662106577193892e+00
1.256022674394663197e+00,-1.327621042390878303e+00,1.929328038281475255e+00,-2.932667548351413078e+00,-1.350094431672476780e+00,-3.367895665077413891e+00
1.255708142742728572e+00,-1.327615789075870856e+00,1.929309719951183499e+00,-2.932603540351749416e+00,-1.349877676787328840e+00,-3.368129234547678319e+00
1.255393625558401061e+00,-1.327610444043011428e+00,1.929291269890992533e+00,-2.932539444803857531e+00,-1.349660942900436700e+00,-3.368362814755216483e+00
1.255079123197340163e+00,-1.327605007125797876e+00,1.929272687871111280e+00,-2.932475261639813535e+00,-1.349444230273656453e+00,-3.368596405467261246e+00
1.254764636015206269e+00,-1.327599478157727830e+00,1.929253973661748667e+00,-2.932410990791694427e+00,-1.349227539168845968e+00,-3.368830006451041914e+00
1.254450164367659770e+00,-1.327593856972298925e+00,1.929235127033113173e+00,-2.932346632191575431e+00,-1.349010869847860672e+00,-3.369063617473789574e+00
1.254135708610360167e+00,-1.327588143403009235e+00,1.929216147755413724e+00,-2.932282185771535765e+00,-1.348794222572558210e+00,-3.369297238302734421e+00
1.253821269098968738e+00,-1.327582337283356617e+00,1.929197035598859467e+00,-2.932217651463650654e+00,-1.348577597604795342e+00,-3.369530868705107096e+00
1.253506846150729270e+00,-1.327576438449520113e+00,1.929177790336336296e+00,-2.932153029194849658e+00,-1.348360995179974875e+00,-3.369764508476714937e+00
1.253192439665413715e+00,-1.327570446766823897e+00,1.929158411769830828e+00,-2.932088318836103991e+00,-1.348144415246021133e+00,-3.369998157723916421e+00
1.252878049286657136e+00,-1.327564362118472285e+00,1.929138899719182509e+00,-2.932023520224058100e+00,-1.347927857574478416e+00,-3.370231816743603837e+00
1.252563674654380899e+00,-1.327558184387929385e+00,1.929119254004490358e+00,-2.931958633194856390e+00,-1.347711321934333073e+00,-3.370465485835433039e+00
1.252249315408508368e+00,-1.327551913458658195e+00,1.929099474445852280e+00,-2.931893657584645485e+00,-1.347494808094573226e+00,-3.370699165299058553e+00
1.251934971188960910e+00,-1.327545549214123266e+00,1.929079560863367515e+00,-2.931828593229568014e+00,-1.347278315824185668e+00,-3.370932855434134900e+00
1.251620641635660780e+00,-1.327539091537787819e+00,1.929059513077133747e+00,-2.931763439965771489e+00,-1.347061844892157856e+00,-3.371166556540317494e+00
1.251306326388531343e+00,-1.327532540313115961e+00,1.929039330907250438e+00,-2.931698197629400759e+00,-1.346845395067477691e+00,-3.371400268917261744e+00
1.250992025087493076e+00,-1.327525895423571134e+00,1.929019014173815938e+00,-2.931632866056600673e+00,-1.346628966119131743e+00,-3.371633992864622176e+00
1.250677737372469345e+00,-1.327519156752617668e+00,1.928998562696928376e+00,-2.931567445083516077e+00,-1.346412557816107913e+00,-3.371867728682053755e+00
1.250363462883382404e+00,-1.327512324183718784e+00,1.928977976296686769e+00,-2.931501934546293597e+00,-1.346196169927392772e+00,-3.372101476669211007e+00
1.250049201260153620e+00,-1.327505397600338366e+00,1.928957254793189691e+00,-2.931436334281076750e+00,-1.345979802221974442e+00,-3.372335237125749785e+00
1.249734952142706357e+00,-1.327498376885940079e+00,1.928936398006535713e+00,-2.931370644124011715e+00,-1.345763454468839715e+00,-3.372569010351324614e+00
1.249420715170961538e+00,-1.327491261923988031e+00,1.928915405756822743e+00,-2.931304863911244230e+00,-1.345547126436976049e+00,-3.372802796645591350e+00
1.249106489984842083e+00,-1.327484052597945663e+00,1.928894277864150242e+00,-2.931238993478918697e+00,-1.345330817895370679e+00,-3.373036596308202739e+00
1.248792276224270692e+00,-1.327476748791276862e+00,1.928873014148616560e+00,-2.931173032663180855e+00,-1.345114528613011506e+00,-3.373270409638815970e+00
1.248478073529168730e+00,-1.327469350387445735e+00,1.928851614430319605e+00,-2.931106981300175107e+00,-1.344898258358884879e+00,-3.373504236937086009e+00
1.248163881539458897e+00,-1.327461857269915280e+00,1.928830078529358838e+00,-2.931040839226048078e+00,-1.344682006901978477e+00,-3.373738078502666049e+00
1.247849699895063447e+00,-1.327454269322149827e+00,1.928808406265832387e+00,-2.930974606276944616e+00,-1.344465774011280423e+00,-3.373971934635212389e+00
1.247535528235903968e+00,-1.327446586427612818e+00,1.928786597459839047e+00,-2.930908282289008682e+00,-1.344249559455776621e+00,-3.374205805634379995e+00
1.247221366201903381e+00,-1.327438808469768361e+00,1.928764651931476948e+00,-2.930841867098386899e+00,-1.344033363004455639e+00,-3.374439691799823393e+00
1.246907213432983719e+00,-1.327430935332079898e+00,1.928742569500845105e+00,-2.930775360541223673e+00,-1.343817184426304046e+00,-3.374673593431197993e+00
1.246593069569066570e+00,-1.327422966898011536e+00,1.928720349988042093e+00,-2.930708762453665184e+00,-1.343601023490309077e+00,-3.374907510828158319e+00
1.246278934250075299e+00,-1.327414903051026718e+00,1.928697993213166040e+00,-2.930642072671856724e+00,-1.343384879965458856e+00,-3.375141444290359782e+00
1.245964807115931050e+00,-1.327406743674589551e+00,1.928675498996315962e+00,-2.930575291031941809e+00,-1.343168753620740175e+00,-3.375375394117456906e+00
1.245650687806556967e+00,-1.327398488652163255e+00,1.928652867157590212e+00,-2.930508417370067953e+00,-1.342952644225140046e+00,-3.375609360609105103e+00
1.245336575961874859e+00,-1.327390137867211939e+00,1.928630097517087361e+00,-2.930441451522378671e+00,-1.342736551547646151e+00,-3.375843344064958895e+00
1.245022471221806537e+00,-1.327381691203199265e+00,1.928607189894906204e+00,-2.930374393325019700e+00,-1.342520475357246168e+00,-3.376077344784674583e+00
1.244708373226274922e+00,-1.327373148543589343e+00,1.928584144111145093e+00,-2.930307242614137220e+00,-1.342304415422926889e+00,-3.376311363067905358e+00
1.244394281615201603e+00,-1.327364509771845613e+00,1.928560959985902601e+00,-2.930239999225875192e+00,-1.342088371513675549e+00,-3.376545399214306631e+00
1.244080196028509055e+00,-1.327355774771431962e+00,1.928537637339277300e+00,-2.930172662996379351e+00,-1.341872343398479606e+00,-3.376779453523534258e+00
1.243766116106119757e+00,-1.327346943425811832e+00,1.928514175991367763e+00,-2.930105233761795436e+00,-1.341656330846326739e+00,-3.377013526295242318e+00
1.243452041487955295e+00,-1.327338015618449329e+00,1.928490575762272785e+00,-2.930037711358267405e+00,-1.341440333626203740e+00,-3.377247617829086668e+00
1.243137971813938814e+00,-1.327328991232808342e+00,1.928466836472090717e+00,-2.929970095621942772e+00,-1.341224351507098511e+00,-3.377481728424721386e+00
1.242823906723991678e+00,-1.327319870152351866e+00,1.928442957940920133e+00,-2.929902386388964164e+00,-1.341008384257997399e+00,-3.377715858381802327e+00
1.242509845858036366e+00,-1.327310652260544677e+00,1.928418939988859604e+00,-2.929834583495478206e+00,-1.340792431647888971e+00,-3.377950007999984017e+00
1.242195788855995575e+00,-1.327301337440849993e+00,1.928394782436007704e+00,-2.929766686777630191e+00,-1.340576493445759576e+00,-3.378184177578920533e+00
1.241881735357790451e+00,-1.327291925576731701e+00,1.928370485102463006e+00,-2.929698696071564967e+00,-1.340360569420596892e+00,-3.378418367418268620e+00
1.241567685003343913e+00,-1.327282416551653244e+00,1.928346047808324526e+00,-2.929630611213428715e+00,-1.340144659341388378e+00,-3.378652577817682356e+00
1.241253637432578660e+00,-1.327272810249078949e+00,1.928321470373689950e+00,-2.929562432039364950e+00,-1.339928762977120824e+00,-3.378886809076816267e+00
1.240939592285415616e+00,-1.327263106552471816e+00,1.928296752618658294e+00,-2.929494158385520297e+00,-1.339712880096782133e+00,-3.379121061495326206e+00
1.240625549201778588e+00,-1.327253305345296619e+00,1.928271894363328354e+00,-2.929425790088039605e+00,-1.339497010469359761e+00,-3.379355335372867142e+00
1.240311507821588721e+00,-1.327243406511016133e+00,1.928246895427798702e+00,-2.929357326983068610e+00,-1.339281153863840057e+00,-3.379589631009092709e+00
1.239997467784767826e+00,-1.327233409933095132e+00,1.928221755632167467e+00,-2.929288768906751272e+00,-1.339065310049210922e+00,-3.379823948703659653e+00
1.239683428731239490e+00,-1.327223315494996392e+00,1.928196474796533444e+00,-2.929220115695234661e+00,-1.338849478794460257e+00,-3.380058288756222051e+00
1.239369390300924856e+00,-1.327213123080184243e+00,1.928171052740995206e+00,-2.929151367184661847e+00,-1.338633659868574188e+00,-3.380292651466434872e+00
1.239055352133746180e+00,-1.327202832572121904e+00,1.928145489285651548e+00,-2.929082523211179900e+00,-1.338417853040540839e+00,-3.380527037133953083e+00
1.238741313869626604e+00,-1.327192443854273929e+00,1.928119784250600599e+00,-2.929013583610933669e+00,-1.338202058079347667e+00,-3.380761446058432096e+00
1.238427275148487272e+00,-1.327181956810103536e+00,1.928093937455941154e+00,-2.928944548220067556e+00,-1.337986274753981242e+00,-3.380995878539526434e+00
1.238113235610251328e+00,-1.327171371323075055e+00,1.928067948721772007e+00,-2.928875416874727744e+00,-1.337770502833429465e+00,-3.381230334876891064e+00
1.237799194894840138e+00,-1.327160687276651263e+00,1.928041817868191066e+00,-2.928806189411059080e+00,-1.337554742086679793e+00,-3.381464815370181842e+00
1.237485152642175956e+00,-1.327149904554296933e+00,1.928015544715298013e+00,-2.928736865665206857e+00,-1.337338992282718797e+00,-3.381699320319052848e+00
1.237171108492182148e+00,-1.327139023039475063e+00,1.927989129083190312e+00,-2.928667445473316810e+00,-1.337123253190534378e+00,-3.381933850023159049e+00
1.236857062084779413e+00,-1.327128042615649761e+00,1.927962570791966979e+00,-2.928597928671533346e+00,-1.336907524579113771e+00,-3.382168404782155413e+00
1.236543013059890672e+00,-1.327116963166284691e+00,1.927935869661726587e+00,-2.928528315096001755e+00,-1.336691806217444212e+00,-3.382402984895697795e+00
1.236228961057438624e+00,-1.327105784574843961e+00,1.927909025512567709e+00,-2.928458604582868219e+00,-1.336476097874512936e+00,-3.382637590663440275e+00
1.235914905717344636e+00,-1.327094506724791012e+00,1.927882038164589140e+00,-2.928388796968277141e+00,-1.336260399319307401e+00,-3.382872222385037819e+00
1.235600846679531628e+00,-1.327083129499589731e+00,1.927854907437889009e+00,-2.928318892088374259e+00,-1.336044710320815065e+00,-3.383106880360146285e+00
1.235286783583921189e+00,-1.327071652782703559e+00,1.927827633152566111e+00,-2.928248889779304420e+00,-1.335829030648022719e+00,-3.383341564888420194e+00
1.234972716070435572e+00,-1.327060076457596827e+00,1.927800215128719019e+00,-2.928178789877212918e+00,-1.335613360069918265e+00,-3.383576276269514072e+00
1.234658643778997922e+00,-1.327048400407732531e+00,1.927772653186446306e+00,-2.928108592218245043e+00,-1.335397698355488716e+00,-3.383811014803082884e+00
1.234344566349529160e+00,-1.327036624516575225e+00,1.927744947145846544e+00,-2.928038296638546090e+00,-1.335182045273721751e+00,-3.384045780788782487e+00
1.234030483456508787e+00,-1.327024748661191689e+00,1.927717096818958753e+00,-2.927967902975019854e+00,-1.334966400617976223e+00,-3.384280574501686178e+00
1.233716395095103335e+00,-1.327012772659289741e+00,1.927689101943027561e+00,-2.927897411071598732e+00,-1.334750764407787615e+00,-3.384515395988753728e+00
1.233402301434439519e+00,-1.327000696296376292e+00,1.927660962214724938e+00,-2.927826820776033401e+00,-1.334535136785382159e+00,-3.384750245173202998e+00
1.233088202645368447e+00,-1.326988519357639174e+00,1.927632677330320954e+00,-2.927756131936108286e+00,-1.334319517894202889e+00,-3.384985121977023503e+00
1.232774098898741011e+00,-1.326976241628266440e+00,1.927604246986085457e+00,-2.927685344399610923e+00,-1.334103907877691286e+00,-3.385220026322206976e+00
1.232459990365408098e+00,-1.326963862893446366e+00,1.927575670878288294e+00,-2.927614458014327070e+00,-1.333888306879290386e+00,-3.385454958130743819e+00
1.232145877216220597e+00,-1.326951382938366786e+00,1.927546948703199980e+00,-2.927543472628043375e+00,-1.333672715042442558e+00,-3.385689917324624432e+00
1.231831759622028954e+00,-1.326938801548215752e+00,1.927518080157089475e+00,-2.927472388088546484e+00,-1.333457132510589505e+00,-3.385924903825840548e+00
1.231517637753684502e+00,-1.326926118508181096e+00,1.927489064936227514e+00,-2.927401204243621269e+00,-1.333241559427174039e+00,-3.386159917556381238e+00
1.231203511782038129e+00,-1.326913333603451095e+00,1.927459902736883723e+00,-2.927329920941055708e+00,-1.333025995935638086e+00,-3.386394958438238678e+00
1.230889381877940059e+00,-1.326900446619213136e+00,1.927430593255327507e+00,-2.927258538028636004e+00,-1.332810442179424459e+00,-3.386630026393402826e+00
1.230575248212242068e+00,-1.326887457340656384e+00,1.927401136187829600e+00,-2.927187055354147471e+00,-1.332594898301975306e+00,-3.386865121343864971e+00
1.230261110955794379e+00,-1.326874365552967783e+00,1.927371531230659629e+00,-2.927115472765377646e+00,-1.332379364446732550e+00,-3.387100243211616402e+00
1.229946970279447660e+00,-1.326861171041335830e+00,1.927341778080087442e+00,-2.927043790110111399e+00,-1.332163840757139228e+00,-3.387335391918646632e+00
1.229632826354053687e+00,-1.326847873590948357e+00,1.927311876432383109e+00,-2.926972007236135820e+00,-1.331948327376637264e+00,-3.387570567386946951e+00
1.229318679350462240e+00,-1.326834472986993418e+00,1.927281825983816255e+00,-2.926900123991238001e+00,-1.331732824448668806e+00,-3.387805769538508205e+00
1.229004529439524873e+00,-1.326820969014658846e+00,1.927251626430657172e+00,-2.926828140223202812e+00,-1.331517332116676666e+00,-3.388040998295321238e+00
1.228690376792092476e+00,-1.326807361459133139e+00,1.927221277469175931e+00,-2.926756055779818233e+00,-1.331301850524102992e+00,-3.388276253579376895e+00
1.228376221579015493e+00,-1.326793650105603906e+00,1.927190778795641712e+00,-2.926683870508869134e+00,-1.331086379814389931e+00,-3.388511535312665135e+00
1.228062063971145035e+00,-1.326779834739259201e+00,1.927160130106325031e+00,-2.926611584258142162e+00,-1.330870920130979851e+00,-3.388746843417177690e+00
1.227747904139331547e+00,-1.326765915145287078e+00,1.927129331097495735e+00,-2.926539196875423965e+00,-1.330655471617315122e+00,-3.388982177814904961e+00
1.227433742254426585e+00,-1.326751891108875592e+00,1.927098381465423671e+00,-2.926466708208500744e+00,-1.330440034416837891e+00,-3.389217538427837351e+00
1.227119578487280593e+00,-1.326737762415212574e+00,1.927067280906378466e+00,-2.926394118105159148e+00,-1.330224608672991193e+00,-3.389452925177966147e+00
1.226805413008744239e+00,-1.326723528849485856e+00,1.927036029116630633e+00,-2.926321426413185378e+00,-1.330009194529216510e+00,-3.389688337987281308e+00
1.226491245989668855e+00,-1.326709190196884158e+00,1.927004625792450021e+00,-2.926248632980365638e+00,-1.329793792128956431e+00,-3.389923776777775011e+00
1.226177077600905330e+00,-1.326694746242595091e+00,1.926973070630106255e+00,-2.926175737654486131e+00,-1.329578401615653771e+00,-3.390159241471436768e+00
1.225862908013303887e+00,-1.326680196771806486e+00,1.926941363325869183e+00,-2.926102740283333503e+00,-1.329363023132750010e+00,-3.390394731990257426e+00
1.225548737397716081e+00,-1.326665541569706619e+00,1.926909503576009319e+00,-2.926029640714693514e+00,-1.329147656823687962e+00,-3.390630248256228274e+00
1.225234565924992136e+00,-1.326650780421483100e+00,1.926877491076795845e+00,-2.925956438796353254e+00,-1.328932302831910217e+00,-3.390865790191339713e+00
1.224920393765983384e+00,-1.326635913112324205e+00,1.926845325524498831e+00,-2.925883134376098038e+00,-1.328716961300858479e+00,-3.391101357717583475e+00
1.224606221091540714e+00,-1.326620939427417989e+00,1.926813006615388568e+00,-2.925809727301715846e+00,-1.328501632373975561e+00,-3.391336950756949076e+00
1.224292048072514127e+00,-1.326605859151952505e+00,1.926780534045734905e+00,-2.925736217420991103e+00,-1.328286316194703609e+00,-3.391572569231426915e+00
1.223977874879755623e+00,-1.326590672071115584e+00,1.926747907511807689e+00,-2.925662604581710902e+00,-1.328071012906484771e+00,-3.391808213063009614e+00
1.223663701684115646e+00,-1.326575377970095282e+00,1.926715126709876991e+00,-2.925588888631662332e+00,-1.327855722652761861e+00,-3.392043882173685354e+00
1.223349528656444418e+00,-1.326559976634079652e+00,1.926682191336212435e+00,-2.925515069418631153e+00,-1.327640445576976580e+00,-3.392279576485447645e+00
1.223035355967593940e+00,-1.326544467848256748e+00,1.926649101087083871e+00,-2.925441146790403568e+00,-1.327425181822571965e+00,-3.392515295920285556e+00
1.222721183788414434e+00,-1.326528851397814401e+00,1.926615855658761811e+00,-2.925367120594765780e+00,-1.327209931532989717e+00,-3.392751040400190377e+00
1.222407012289756567e+00,-1.326513127067940667e+00,1.926582454747515438e+00,-2.925292990679503990e+00,-1.326994694851672429e+00,-3.392986809847153395e+00
1.222092841642471672e+00,-1.326497294643823599e+00,1.926548898049615266e+00,-2.925218756892405736e+00,-1.326779471922062248e+00,-3.393222604183163238e+00
1.221778672017410194e+00,-1.326481353910651473e+00,1.926515185261330920e+00,-2.925144419081255887e+00,-1.326564262887601986e+00,-3.393458423330213414e+00
1.221464503585423023e+00,-1.326465304653611676e+00,1.926481316078932249e+00,-2.925069977093841533e+00,-1.326349067891733124e+00,-3.393694267210292104e+00
1.221150336517361490e+00,-1.326449146657892486e+00,1.926447290198689766e+00,-2.924995430777949323e+00,-1.326133887077899365e+00,-3.393930135745391929e+00
1.220836170984076041e+00,-1.326432879708682178e+00,1.926413107316872875e+00,-2.924920779981364571e+00,-1.325918720589541522e+00,-3.394166028857503736e+00
1.220522007156418010e+00,-1.326416503591168583e+00,1.926378767129751424e+00,-2.924846024551874368e+00,-1.325703568570103075e+00,-3.394401946468617037e+00
1.220207845205236952e+00,-1.326400018090539756e+00,1.926344269333595483e+00,-2.924771164337264473e+00,-1.325488431163025504e+00,-3.394637888500723566e+00
1.219893685301385089e+00,-1.326383422991983529e+00,1.926309613624675121e+00,-2.924696199185321532e+00,-1.325273308511751180e+00,-3.394873854875813279e+00
1.219579527615713088e+00,-1.326366718080687956e+00,1.926274799699260187e+00,-2.924621128943832638e+00,-1.325058200759723359e+00,-3.395109845515877467e+00
1.219265372319071172e+00,-1.326349903141841091e+00,1.926239827253620529e+00,-2.924545953460582659e+00,-1.324843108050383522e+00,-3.395345860342907418e+00
1.218951219582310674e+00,-1.326332977960630766e+00,1.926204695984025994e+00,-2.924470672583358688e+00,-1.324628030527174039e+00,-3.395581899278892202e+00
1.218637069576282483e+00,-1.326315942322245700e+00,1.926169405586746874e+00,-2.924395286159947815e+00,-1.324412968333537721e+00,-3.395817962245823995e+00
1.218322922471837266e+00,-1.326298796011873060e+00,1.926133955758052796e+00,-2.924319794038134468e+00,-1.324197921612916495e+00,-3.396054049165693645e+00
1.218008778439825912e+00,-1.326281538814701122e+00,1.926098346194213606e+00,-2.924244196065707069e+00,-1.323982890508752730e+00,-3.396290159960491106e+00
1.217694637651099310e+00,-1.326264170515917939e+00,1.926062576591499376e+00,-2.924168492090450933e+00,-1.323767875164488794e+00,-3.396526294552207226e+00
1.217380500276508126e+00,-1.326246690900711345e+00,1.926026646646180174e+00,-2.924092681960151818e+00,-1.323552875723566835e+00,-3.396762452862832848e+00
1.217066366486903917e+00,-1.326229099754269614e+00,1.925990556054525626e+00,-2.924016765522597261e+00,-1.323337892329429888e+00,-3.396998634814359708e+00
1.216752236453136238e+00,-1.326211396861780578e+00,1.925954304512805804e+00,-2.923940742625572575e+00,-1.323122925125519656e+00,-3.397234840328777761e+00
1.216438110346057089e+00,-1.326193582008432736e+00,1.925917891717290553e+00,-2.923864613116864852e+00,-1.322907974255278507e+00,-3.397471069328076965e+00
1.216123988336517359e+00,-1.326175654979413254e+00,1.925881317364249945e+00,-2.923788376844259851e+00,-1.322693039862148590e+00,-3.397707321734249053e+00
1.215809870595366826e+00,-1.326157615559910408e+00,1.925844581149954049e+00,-2.923712033655544218e+00,-1.322478122089572716e+00,-3.397943597469284427e+00
1.215495757293457268e+00,-1.326139463535112695e+00,1.925807682770672491e+00,-2.923635583398504600e+00,-1.322263221080993034e+00,-3.398179896455174376e+00
1.215181648601639575e+00,-1.326121198690207281e+00,1.925770621922675341e+00,-2.923559025920926313e+00,-1.322048336979851912e+00,-3.398416218613909301e+00
1.214867544690144019e+00,-1.326102820810729055e+00,1.925733398302686306e+00,-2.923482361070774527e+00,-1.321833469929136751e+00,-3.398652563867884169e+00
1.214553445646344931e+00,-1.326084329728437039e+00,1.925696011668145857e+00,-2.923405588719764747e+00,-1.321618620011087764e+00,-3.398888932193580015e+00
1.214239351392283783e+00,-1.326065725367330694e+00,1.925658461897644003e+00,-2.923328708787007901e+00,-1.321403787186727241e+00,-3.399125323675395993e+00
1.213925261830375746e+00,-1.326047007662358279e+00,1.925620748884152356e+00,-2.923251721197241082e+00,-1.321188971402689871e+00,-3.399361738410543232e+00
1.213611176863038210e+00,-1.326028176548467163e+00,1.925582872520642308e+00,-2.923174625875200938e+00,-1.320974172605609454e+00,-3.399598176496232416e+00
1.213297096392685459e+00,-1.326009231960606050e+00,1.925544832700086140e+00,-2.923097422745624563e+00,-1.320759390742120454e+00,-3.399834638029673783e+00
1.212983020321734440e+00,-1.325990173833723196e+00,1.925506629315454576e+00,-2.923020111733247717e+00,-1.320544625758856894e+00,-3.400071123108078019e+00
1.212668948552600323e+00,-1.325971002102766194e+00,1.925468262259720120e+00,-2.922942692762808825e+00,-1.320329877602452351e+00,-3.400307631828655808e+00
1.212354880987699390e+00,-1.325951716702683747e+00,1.925429731425853719e+00,-2.922865165759043649e+00,-1.320115146219541069e+00,-3.400544164288617832e+00
1.212040817529447256e+00,-1.325932317568423446e+00,1.925391036706827430e+00,-2.922787530646689280e+00,-1.319900431556757958e+00,-3.400780720585173889e+00
1.211726758080259980e+00,-1.325912804634933995e+00,1.925352177995612646e+00,-2.922709787350482813e+00,-1.319685733560736152e+00,-3.401017300815535993e+00
1.211412702542553177e+00,-1.325893177837162984e+00,1.925313155185180758e+00,-2.922631935795160452e+00,-1.319471052178110115e+00,-3.401253905076913941e+00
1.211098650818743350e+00,-1.325873437110058894e+00,1.925273968168503824e+00,-2.922553975905460177e+00,-1.319256387355514315e+00,-3.401490533466518418e+00
1.210784602811245447e+00,-1.325853582388569540e+00,1.925234616838553237e+00,-2.922475907606117307e+00,-1.319041739039582328e+00,-3.401727186081559662e+00
1.210470558422476195e+00,-1.325833613607643180e+00,1.925195101088300831e+00,-2.922397730821869821e+00,-1.318827107176948621e+00,-3.401963863019248802e+00
1.210156517554850764e+00,-1.325813530702227849e+00,1.925155420810717555e+00,-2.922319445477453925e+00,-1.318612491714246993e+00,-3.402200564376796077e+00
1.209842480110784990e+00,-1.325793333607272251e+00,1.925115575898775688e+00,-2.922241051497606712e+00,-1.318397892598111465e+00,-3.402437290251413060e+00
1.209528445992695822e+00,-1.325773022257723754e+00,1.925075566245446845e+00,-2.922162548807065718e+00,-1.318183309775176726e+00,-3.402674040740309103e+00
1.209214415102997764e+00,-1.325752596588530841e+00,1.925035391743702418e+00,-2.922083937330565373e+00,-1.317968743192076353e+00,-3.402910815940695333e+00
1.208900387344107319e+00,-1.325732056534641545e+00,1.924995052286514019e+00,-2.922005216992845433e+00,-1.317754192795444590e+00,-3.403147615949783322e+00
1.208586362618440768e+00,-1.325711402031004349e+00,1.924954547766853263e+00,-2.921926387718641660e+00,-1.317539658531915681e+00,-3.403384440864781535e+00
1.208272340828413061e+00,-1.325690633012566622e+00,1.924913878077691765e+00,-2.921847449432689814e+00,-1.317325140348123869e+00,-3.403621290782901987e+00
1.207958321876440921e+00,-1.325669749414277065e+00,1.924873043112001580e+00,-2.921768402059727876e+00,-1.317110638190702510e+00,-3.403858165801355362e+00
1.207644305664939521e+00,-1.325648751171083939e+00,1.924832042762753437e+00,-2.921689245524492495e+00,-1.316896152006286513e+00,-3.404095066017351456e+00
1.207330292096324920e+00,-1.325627638217934834e+00,1.924790876922919836e+00,-2.921609979751720321e+00,-1.316681681741509458e+00,-3.404331991528101398e+00
1.207016281073013397e+00,-1.325606410489778009e+00,1.924749545485471725e+00,-2.921530604666148001e+00,-1.316467227343006030e+00,-3.404568942430816758e+00
1.206702272497420125e+00,-1.325585067921561944e+00,1.924708048343381162e+00,-2.921451120192512629e+00,-1.316252788757409808e+00,-3.404805918822706001e+00
1.206388266271961607e+00,-1.325563610448234675e+00,1.924666385389619316e+00,-2.921371526255551299e+00,-1.316038365931355036e+00,-3.405042920800981587e+00
1.206074262299053457e+00,-1.325542038004744017e+00,1.924624556517158469e+00,-2.921291822780000214e+00,-1.315823958811475958e+00,-3.405279948462852868e+00
1.205760260481111512e+00,-1.325520350526038227e+00,1.924582561618969567e+00,-2.921212009690597355e+00,-1.315609567344406594e+00,-3.405517001905531860e+00
1.205446260720551832e+00,-1.325498547947065564e+00,1.924540400588024891e+00,-2.921132086912078041e+00,-1.315395191476780745e+00,-3.405754081226227470e+00
1.205132262919789810e+00,-1.325476630202774064e+00,1.924498073317295166e+00,-2.921052054369179807e+00,-1.315180831155233099e+00,-3.405991186522152159e+00
1.204818266981241504e+00,-1.325454597228111764e+00,1.924455579699752894e+00,-2.920971911986639746e+00,-1.314966486326397455e+00,-3.406228317890514834e+00
1.204504272807323639e+00,-1.325432448958026921e+00,1.924412919628369245e+00,-2.920891659689194064e+00,-1.314752156936908056e+00,-3.406465475428526624e+00
1.204190280300450500e+00,-1.325410185327467794e+00,1.924370092996115611e+00,-2.920811297401580298e+00,-1.314537842933398482e+00,-3.406702659233398656e+00
1.203876289363039254e+00,-1.325387806271382196e+00,1.924327099695963827e+00,-2.920730825048535095e+00,-1.314323544262503418e+00,-3.406939869402341170e+00
1.203562299897504850e+00,-1.325365311724718609e+00,1.924283939620886175e+00,-2.920650242554794662e+00,-1.314109260870856666e+00,-3.407177106032564406e+00
1.203248311806264015e+00,-1.325342701622424624e+00,1.924240612663853156e+00,-2.920569549845096535e+00,-1.313894992705092468e+00,-3.407414369221279937e+00
1.202934324991732362e+00,-1.325319975899448943e+00,1.924197118717837052e+00,-2.920488746844176919e+00,-1.313680739711845069e+00,-3.407651659065697558e+00
1.202620339356325063e+00,-1.325297134490739159e+00,1.924153457675809475e+00,-2.920407833476773352e+00,-1.313466501837748268e+00,-3.407888975663027953e+00
1.202306354802458843e+00,-1.325274177331243752e+00,1.924109629430741819e+00,-2.920326809667622481e+00,-1.313252279029436309e+00,-3.408126319110481806e+00
1.201992371232549317e+00,-1.325251104355910980e+00,1.924065633875605696e+00,-2.920245675341460956e+00,-1.313038071233543436e+00,-3.408363689505269800e+00
1.201678388549011878e+00,-1.325227915499688658e+00,1.924021470903372943e+00,-2.920164430423024982e+00,-1.312823878396703448e+00,-3.408601086944603509e+00
1.201364406654263250e+00,-1.325204610697525043e+00,1.923977140407014952e+00,-2.920083074837052539e+00,-1.312609700465551033e+00,-3.408838511525691395e+00
1.201050425450718606e+00,-1.325181189884368393e+00,1.923932642279503336e+00,-2.920001608508279833e+00,-1.312395537386719324e+00,-3.409075963345746363e+00
1.200736444840794004e+00,-1.325157652995166302e+00,1.923887976413809930e+00,-2.919920031361444401e+00,-1.312181389106843010e+00,-3.409313442501976876e+00
1.200422464726905503e+00,-1.325133999964867471e+00,1.923843142702906128e+00,-2.919838343321281560e+00,-1.311967255572556779e+00,-3.409550949091594951e+00
1.200108485011468495e+00,-1.325110230728419713e+00,1.923798141039763765e+00,-2.919756544312529289e+00,-1.311753136730493541e+00,-3.409788483211810384e+00
1.199794505596899485e+00,-1.325086345220771289e+00,1.923752971317354232e+00,-2.919674634259924684e+00,-1.311539032527288207e+00,-3.410026044959834746e+00
1.199480526385613866e+00,-1.325062343376870233e+00,1.923707633428649366e+00,-2.919592613088203503e+00,-1.311324942909574798e+00,-3.410263634432878277e+00
1.199166547280027695e+00,-1.325038225131665026e+00,1.923662127266620558e+00,-2.919510480722103729e+00,-1.311110867823986892e+00,-3.410501251728150773e+00
1.198852568182557032e+00,-1.325013990420103482e+00,1.923616452724239423e+00,-2.919428237086362010e+00,-1.310896807217159399e+00,-3.410738896942864251e+00
1.198538588995617049e+00,-1.324989639177133416e+00,1.923570609694477795e+00,-2.919345882105713663e+00,-1.310682761035725674e+00,-3.410976570174228062e+00
1.198224609621624470e+00,-1.324965171337703529e+00,1.923524598070307068e+00,-2.919263415704897113e+00,-1.310468729226320628e+00,-3.411214271519453778e+00
1.197910629962994689e+00,-1.324940586836761858e+00,1.923478417744699076e+00,-2.919180837808649009e+00,-1.310254711735577615e+00,-3.411452001075750751e+00
1.197596649922143319e+00,-1.324915885609255994e+00,1.923432068610625212e+00,-2.919098148341705556e+00,-1.310040708510131102e+00,-3.411689758940330996e+00
1.197282669401486865e+00,-1.324891067590134641e+00,1.923385550561057311e+00,-2.919015347228803847e+00,-1.309826719496614889e+00,-3.411927545210404311e+00
1.196968688303440720e+00,-1.324866132714345834e+00,1.923338863488966988e+00,-2.918932434394680975e+00,-1.309612744641663440e+00,-3.412165359983181379e+00
1.196654706530420942e+00,-1.324841080916837388e+00,1.923292007287325189e+00,-2.918849409764073144e+00,-1.309398783891910778e+00,-3.412403203355872883e+00
1.196340723984843812e+00,-1.324815912132557782e+00,1.923244981849104640e+00,-2.918766273261717892e+00,-1.309184837193991147e+00,-3.412641075425689507e+00
1.196026740569124058e+00,-1.324790626296455054e+00,1.923197787067276066e+00,-2.918683024812351423e+00,-1.308970904494538123e+00,-3.412878976289842381e+00
1.195712756187772730e+00,-1.324765223344060328e+00,1.923150422835675055e+00,-2.918599664341626987e+00,-1.308756985741584833e+00,-3.413116906043891952e+00
1.195398770799416699e+00,-1.324739703225982002e+00,1.923102889070443577e+00,-2.918516191798856685e+00,-1.308543080919306822e+00,-3.413354864740800743e+00
1.195084784420326285e+00,-1.324714065908886518e+00,1.923055185711486370e+00,-2.918432607158556902e+00,-1.308329190050377289e+00,-3.413592852388149357e+00
1.194770797069573343e+00,-1.324688311360220361e+00,1.923007312699862137e+00,-2.918348910396467044e+00,-1.308115313159341708e+00,-3.413830868991315715e+00
1.194456808766230393e+00,-1.324662439547431125e+00,1.922959269976630026e+00,-2.918265101488327407e+00,-1.307901450270743560e+00,-3.414068914555676404e+00
1.194142819529368182e+00,-1.324636450437965074e+00,1.922911057482849184e+00,-2.918181180409876951e+00,-1.307687601409127209e+00,-3.414306989086610677e+00
1.193828829378058787e+00,-1.324610343999269579e+00,1.922862675159577650e+00,-2.918097147136857750e+00,-1.307473766599037468e+00,-3.414545092589495123e+00
1.193514838331374062e+00,-1.324584120198790904e+00,1.922814122947875237e+00,-2.918013001645008320e+00,-1.307259945865018036e+00,-3.414783225069707218e+00
1.193200846408384752e+00,-1.324557779003976865e+00,1.922765400788800427e+00,-2.917928743910069844e+00,-1.307046139231613724e+00,-3.415021386532623549e+00
1.192886853628164046e+00,-1.324531320382273281e+00,1.922716508623411702e+00,-2.917844373907780842e+00,-1.306832346723368898e+00,-3.415259576983622924e+00
1.192572860009782465e+00,-1.324504744301127968e+00,1.922667446392768431e+00,-2.917759891613882495e+00,-1.306618568364827260e+00,-3.415497796428081489e+00
1.192258865572312088e+00,-1.324478050727986744e+00,1.922618214037929985e+00,-2.917675297004114654e+00,-1.306404804180533619e+00,-3.415736044871376720e+00
1.191944870334824547e+00,-1.324451239630297872e+00,1.922568811499954178e+00,-2.917590590054217614e+00,-1.306191054195032786e+00,-3.415974322318887424e+00
1.191630874316391697e+00,-1.324424310975506947e+00,1.922519238719900381e+00,-2.917505770739930337e+00,-1.305977318432868017e+00,-3.416212628775990634e+00
1.191316877536084951e+00,-1.324397264731061563e+00,1.922469495638827741e+00,-2.917420839036994451e+00,-1.305763596918584346e+00,-3.416450964248062050e+00
1.191002880012976162e+00,-1.324370100864408428e+00,1.922419582197794963e+00,-2.917335794921148917e+00,-1.305549889676726139e+00,-3.416689328740481368e+00
1.190688881766136964e+00,-1.324342819342994471e+00,1.922369498337860749e+00,-2.917250638368134030e+00,-1.305336196731837317e+00,-3.416927722258624733e+00
1.190374882814639212e+00,-1.324315420134266397e+00,1.922319244000084471e+00,-2.917165369353689641e+00,-1.305122518108462693e+00,-3.417166144807870065e+00
1.190060883177553874e+00,-1.324287903205671579e+00,1.922268819125524386e+00,-2.917079987853556489e+00,-1.304908853831146187e+00,-3.417404596393593952e+00
1.189746882873953915e+00,-1.324260268524656059e+00,1.922218223655239866e+00,-2.916994493843473535e+00,-1.304695203924432390e+00,-3.417643077021174758e+00
1.189432881922909857e+00,-1.324232516058667652e+00,1.922167457530289836e+00,-2.916908887299181963e+00,-1.304481568412865666e+00,-3.417881586695989959e+00
1.189118880343493778e+00,-1.324204645775152178e+00,1.922116520691732777e+00,-2.916823168196420735e+00,-1.304267947320989718e+00,-3.418120125423416589e+00
1.188804878154777533e+00,-1.324176657641557897e+00,1.922065413080627838e+00,-2.916737336510930589e+00,-1.304054340673349577e+00,-3.418358693208831678e+00
1.188490875375832756e+00,-1.324148551625330406e+00,1.922014134638033944e+00,-2.916651392218451821e+00,-1.303840748494489610e+00,-3.418597290057613591e+00
1.188176872025730635e+00,-1.324120327693917076e+00,1.921962685305010021e+00,-2.916565335294724282e+00,-1.303627170808953739e+00,-3.418835915975139361e+00
1.187862868123543691e+00,-1.324091985814765060e+00,1.921911065022614551e+00,-2.916479165715486932e+00,-1.303413607641286331e+00,-3.419074570966786020e+00
1.187548863688342893e+00,-1.324063525955321063e+00,1.921859273731907125e+00,-2.916392883456480956e+00,-1.303200059016031975e+00,-3.419313255037931043e+00
1.187234858739200094e+00,-1.324034948083031793e+00,1.921807311373946003e+00,-2.916306488493446203e+00,-1.302986524957734815e+00,-3.419551968193952796e+00
1.186920853295187817e+00,-1.324006252165344177e+00,1.921755177889790334e+00,-2.916219980802122969e+00,-1.302773005490939218e+00,-3.419790710440227866e+00
1.186606847375376361e+00,-1.323977438169705367e+00,1.921702873220499042e+00,-2.916133360358250659e+00,-1.302559500640189549e+00,-3.420029481782133729e+00
1.186292840998838471e+00,-1.323948506063561847e+00,1.921650397307131053e+00,-2.916046627137569569e+00,-1.302346010430030399e+00,-3.420268282225047418e+00
1.185978834184645114e+00,-1.323919455814360768e+00,1.921597750090745294e+00,-2.915959781115819993e+00,-1.302132534885005688e+00,-3.420507111774347742e+00
1.185664826951867923e+00,-1.323890287389549059e+00,1.921544931512400467e+00,-2.915872822268742226e+00,-1.301919074029659562e+00,-3.420745970435410843e+00
1.185350819319579863e+00,-1.323861000756573425e+00,1.921491941513155499e+00,-2.915785750572074786e+00,-1.301705627888537053e+00,-3.420984858213615087e+00
1.185036811306851012e+00,-1.323831595882880574e+00,1.921438780034069538e+00,-2.915698566001559744e+00,-1.301492196486182085e+00,-3.421223775114336618e+00
1.184722802932753671e+00,-1.323802072735918101e+00,1.921385447016200843e+00,-2.915611268532935618e+00,-1.301278779847138578e+00,-3.421462721142954688e+00
1.184408794216360361e+00,-1.323772431283132045e+00,1.921331942400609227e+00,-2.915523858141944036e+00,-1.301065377995951566e+00,-3.421701696304844553e+00
1.184094785176741160e+00,-1.323742671491969780e+00,1.921278266128352952e+00,-2.915436334804323071e+00,-1.300851990957165416e+00,-3.421940700605385466e+00
1.183780775832969034e+00,-1.323712793329878012e+00,1.921224418140491164e+00,-2.915348698495814350e+00,-1.300638618755324050e+00,-3.422179734049954014e+00
1.183466766204115173e+00,-1.323682796764303893e+00,1.921170398378082345e+00,-2.915260949192156836e+00,-1.300425261414971612e+00,-3.422418796643927674e+00
1.183152756309250986e+00,-1.323652681762693684e+00,1.921116206782185865e+00,-2.915173086869091268e+00,-1.300211918960652913e+00,-3.422657888392684367e+00
1.182838746167448774e+00,-1.323622448292494980e+00,1.921061843293860205e+00,-2.915085111502357496e+00,-1.299998591416912319e+00,-3.422897009301601123e+00
1.182524735797779947e+00,-1.323592096321154266e+00,1.921007307854164736e+00,-2.914997023067696258e+00,-1.299785278808293310e+00,-3.423136159376054533e+00
1.182210725219315917e+00,-1.323561625816118470e+00,1.920952600404157939e+00,-2.914908821540845629e+00,-1.299571981159341361e+00,-3.423375338621424291e+00
1.181896714451128760e+00,-1.323531036744834521e+00,1.920897720884898963e+00,-2.914820506897548125e+00,-1.299358698494600173e+00,-3.423614547043085210e+00
1.181582703512290111e+00,-1.323500329074749571e+00,1.920842669237446954e+00,-2.914732079113541374e+00,-1.299145430838614335e+00,-3.423853784646416543e+00
1.181268692421871602e+00,-1.323469502773309880e+00,1.920787445402859950e+00,-2.914643538164567893e+00,-1.298932178215928213e+00,-3.424093051436794877e+00
1.180954681198944423e+00,-1.323438557807962823e+00,1.920732049322197543e+00,-2.914554884026365755e+00,-1.298718940651085285e+00,-3.424332347419598133e+00
1.180640669862581316e+00,-1.323407494146154884e+00,1.920676480936518660e+00,-2.914466116674676144e+00,-1.298505718168631029e+00,-3.424571672600202898e+00
1.180326658431853248e+00,-1.323376311755333878e+00,1.920620740186881781e+00,-2.914377236085238021e+00,-1.298292510793109367e+00,-3.424811026983987983e+00
1.180012646925831410e+00,-1.323345010602945182e+00,1.920564827014346054e+00,-2.914288242233792570e+00,-1.298079318549064221e+00,-3.425050410576329085e+00
1.179698635363588544e+00,-1.323313590656437055e+00,1.920508741359970184e+00,-2.914199135096079196e+00,-1.297866141461040401e+00,-3.425289823382605903e+00
1.179384623764195839e+00,-1.323282051883255761e+00,1.920452483164813540e+00,-2.914109914647838195e+00,-1.297652979553582497e+00,-3.425529265408193691e+00
1.179070612146725150e+00,-1.323250394250848005e+00,1.920396052369934159e+00,-2.914020580864808974e+00,-1.297439832851233765e+00,-3.425768736658470814e+00
1.178756600530248111e+00,-1.323218617726661384e+00,1.920339448916391856e+00,-2.913931133722733158e+00,-1.297226701378539904e+00,-3.426008237138813861e+00
1.178442588933835911e+00,-1.323186722278141936e+00,1.920282672745244890e+00,-2.913841573197348822e+00,-1.297013585160043947e+00,-3.426247766854602084e+00
1.178128577376560404e+00,-1.323154707872736813e+00,1.920225723797552408e+00,-2.913751899264397593e+00,-1.296800484220291372e+00,-3.426487325811211626e+00
1.177814565877494113e+00,-1.323122574477893387e+00,1.920168602014373338e+00,-2.913662111899618878e+00,-1.296587398583825879e+00,-3.426726914014019520e+00
1.177500554455708004e+00,-1.323090322061057922e+00,1.920111307336766604e+00,-2.913572211078752527e+00,-1.296374328275191612e+00,-3.426966531468404131e+00
1.177186543130273710e+00,-1.323057950589677567e+00,1.920053839705790688e+00,-2.913482196777538835e+00,-1.296161273318933382e+00,-3.427206178179742935e+00
1.176872531919990639e+00,-1.323025460031139744e+00,1.919996199062400377e+00,-2.913392068971630611e+00,-1.295948233739422362e+00,-3.427445854153641225e+00
1.176558520838114408e+00,-1.322992850351619287e+00,1.919938385345423271e+00,-2.913301827634918073e+00,-1.295735209557509870e+00,-3.427685559400341919e+00
1.176244509892735657e+00,-1.322960121516161713e+00,1.919880398491704998e+00,-2.913211472739647867e+00,-1.295522200790768741e+00,-3.427925293934413808e+00
1.175930499091746739e+00,-1.322927273489769462e+00,1.919822238438015694e+00,-2.913121004258002689e+00,-1.295309207456644796e+00,-3.428165057770587332e+00
1.175616488443040675e+00,-1.322894306237444972e+00,1.919763905121125491e+00,-2.913030422162164790e+00,-1.295096229572584523e+00,-3.428404850923595593e+00
1.175302477954510261e+00,-1.322861219724190240e+00,1.919705398477804525e+00,-2.912939726424319087e+00,-1.294883267156035300e+00,-3.428644673408170362e+00
1.174988467634048073e+00,-1.322828013915007705e+00,1.919646718444823152e+00,-2.912848917016647832e+00,-1.294670320224443172e+00,-3.428884525239043413e+00
1.174674457489546908e+00,-1.322794688774900029e+00,1.919587864958950840e+00,-2.912757993911334609e+00,-1.294457388795254627e+00,-3.429124406430947403e+00
1.174360447528900009e+00,-1.322761244268868763e+00,1.919528837956958167e+00,-2.912666957080563446e+00,-1.294244472885916597e+00,-3.429364316998612772e+00
1.174046437759999062e+00,-1.322727680361917235e+00,1.919469637375614601e+00,-2.912575806496515707e+00,-1.294031572513875350e+00,-3.429604256956773511e+00
1.173732428190738419e+00,-1.322693997019047218e+00,1.919410263151691165e+00,-2.912484542131376752e+00,-1.293818687696578040e+00,-3.429844226320160061e+00
1.173418418829009990e+00,-1.322660194205260709e+00,1.919350715221956882e+00,-2.912393163957327946e+00,-1.293605818451470268e+00,-3.430084225103505968e+00
1.173104409682706351e+00,-1.322626271885560811e+00,1.919290993523182776e+00,-2.912301671946554205e+00,-1.293392964795999633e+00,-3.430324253321542116e+00
1.172790400759720963e+00,-1.322592230024949078e+00,1.919231097992138757e+00,-2.912210066071238668e+00,-1.293180126747612402e+00,-3.430564310989000720e+00
1.172476392067946183e+00,-1.322558068588428171e+00,1.919171028565594073e+00,-2.912118346303563587e+00,-1.292967304323754840e+00,-3.430804398120613996e+00
1.172162383615274583e+00,-1.322523787541000750e+00,1.919110785180319967e+00,-2.912026512615712548e+00,-1.292754497541874104e+00,-3.431044514731114159e+00
1.171848375409599630e+00,-1.322489386847668591e+00,1.919050367773085908e+00,-2.911934564979869577e+00,-1.292541706419416458e+00,-3.431284660835232536e+00
1.171534367458813231e+00,-1.322454866473434354e+00,1.918989776280662030e+00,-2.911842503368216928e+00,-1.292328930973828616e+00,-3.431524836447702231e+00
1.171220359770809294e+00,-1.322420226383300035e+00,1.918929010639818467e+00,-2.911750327752938627e+00,-1.292116171222556842e+00,-3.431765041583254128e+00
1.170906352353479729e+00,-1.322385466542268295e+00,1.918868070787325131e+00,-2.911658038106217816e+00,-1.291903427183048070e+00,-3.432005276256620885e+00
1.170592345214717334e+00,-1.322350586915341353e+00,1.918806956659952379e+00,-2.911565634400238078e+00,-1.291690698872748788e+00,-3.432245540482535162e+00
1.170278338362415571e+00,-1.322315587467521425e+00,1.918745668194470566e+00,-2.911473116607181666e+00,-1.291477986309105486e+00,-3.432485834275727399e+00
1.169964331804466573e+00,-1.322280468163811395e+00,1.918684205327649162e+00,-2.911380484699232163e+00,-1.291265289509565317e+00,-3.432726157650931142e+00
1.169650325548763581e+00,-1.322245228969212594e+00,1.918622567996258077e+00,-2.911287738648573598e+00,-1.291052608491573883e+00,-3.432966510622877276e+00
1.169336319603199170e+00,-1.322209869848727903e+00,1.918560756137068335e+00,-2.911194878427388222e+00,-1.290839943272578783e+00,-3.433206893206298016e+00
1.169022313975665694e+00,-1.322174390767359764e+00,1.918498769686849625e+00,-2.911101904007860508e+00,-1.290627293870026060e+00,-3.433447305415926465e+00
1.168708308674057283e+00,-1.322138791690110171e+00,1.918436608582371639e+00,-2.911008815362173152e+00,-1.290414660301362426e+00,-3.433687747266493506e+00
1.168394303706265180e+00,-1.322103072581982008e+00,1.918374272760404953e+00,-2.910915612462509294e+00,-1.290202042584034370e+00,-3.433928218772731356e+00
1.168080299080182849e+00,-1.322067233407976827e+00,1.918311762157719258e+00,-2.910822295281052075e+00,-1.289989440735488380e+00,-3.434168719949372672e+00
1.167766294803703309e+00,-1.322031274133097289e+00,1.918249076711084911e+00,-2.910728863789985077e+00,-1.289776854773171832e+00,-3.434409250811148340e+00
1.167452290884719135e+00,-1.321995194722346056e+00,1.918186216357272045e+00,-2.910635317961491442e+00,-1.289564284714530107e+00,-3.434649811372791905e+00
1.167138287331122903e+00,-1.321958995140725124e+00,1.918123181033050351e+00,-2.910541657767754753e+00,-1.289351730577010802e+00,-3.434890401649033809e+00
1.166824284150807856e+00,-1.321922675353236931e+00,1.918059970675190407e+00,-2.910447883180958151e+00,-1.289139192378059962e+00,-3.435131021654607597e+00
1.166510281351666345e+00,-1.321886235324883474e+00,1.917996585220462125e+00,-2.910353994173284775e+00,-1.288926670135124297e+00,-3.435371671404243710e+00
1.166196278941591613e+00,-1.321849675020667636e+00,1.917933024605635417e+00,-2.910259990716917322e+00,-1.288714163865650963e+00,-3.435612350912675250e+00
1.165882276928475791e+00,-1.321812994405590969e+00,1.917869288767480640e+00,-2.910165872784040264e+00,-1.288501673587085561e+00,-3.435853060194634434e+00
1.165568275320212122e+00,-1.321776193444656577e+00,1.917805377642767706e+00,-2.910071640346836297e+00,-1.288289199316875466e+00,-3.436093799264852588e+00
1.165254274124693845e+00,-1.321739272102866458e+00,1.917741291168266971e+00,-2.909977293377488561e+00,-1.288076741072466946e+00,-3.436334568138062373e+00
1.164940273349812871e+00,-1.321702230345222828e+00,1.917677029280747902e+00,-2.909882831848180196e+00,-1.287864298871306268e+00,-3.436575366828994227e+00
1.164626273003462220e+00,-1.321665068136728127e+00,1.917612591916981302e+00,-2.909788255731094786e+00,-1.287651872730841029e+00,-3.436816195352382586e+00
1.164312273093535355e+00,-1.321627785442384795e+00,1.917547979013736636e+00,-2.909693564998415916e+00,-1.287439462668516832e+00,-3.437057053722957445e+00
1.163998273627924185e+00,-1.321590382227194826e+00,1.917483190507784485e+00,-2.909598759622326281e+00,-1.287227068701780830e+00,-3.437297941955452352e+00
1.163684274614522174e+00,-1.321552858456160884e+00,1.917418226335894760e+00,-2.909503839575010353e+00,-1.287014690848079290e+00,-3.437538860064598634e+00
1.163370276061221231e+00,-1.321515214094285406e+00,1.917353086434837373e+00,-2.909408804828649497e+00,-1.286802329124858701e+00,-3.437779808065128062e+00
1.163056277975915043e+00,-1.321477449106569946e+00,1.917287770741382680e+00,-2.909313655355427741e+00,-1.286589983549566218e+00,-3.438020785971773297e+00
1.162742280366496406e+00,-1.321439563458017608e+00,1.917222279192300816e+00,-2.909218391127528669e+00,-1.286377654139648108e+00,-3.438261793799265220e+00
1.162428283240857230e+00,-1.321401557113630609e+00,1.917156611724361248e+00,-2.909123012117135865e+00,-1.286165340912550858e+00,-3.438502831562336937e+00
1.162114286606891422e+00,-1.321363430038410947e+00,1.917090768274335000e+00,-2.909027518296432469e+00,-1.285953043885721403e+00,-3.438743899275720217e+00
1.161800290472490671e+00,-1.321325182197361281e+00,1.917024748778991539e+00,-2.908931909637600732e+00,-1.285740763076605564e+00,-3.438984996954147721e+00
1.161486294845548661e+00,-1.321286813555483608e+00,1.916958553175100999e+00,-2.908836186112825128e+00,-1.285528498502650940e+00,-3.439226124612350333e+00
1.161172299733957747e+00,-1.321248324077780589e+00,1.916892181399433959e+00,-2.908740347694288353e+00,-1.285316250181303577e+00,-3.439467282265060266e+00
1.160858305145610725e+00,-1.321209713729254220e+00,1.916825633388759664e+00,-2.908644394354173990e+00,-1.285104018130010406e+00,-3.439708469927010182e+00
1.160544311088400393e+00,-1.321170982474907163e+00,1.916758909079848916e+00,-2.908548326064664735e+00,-1.284891802366217473e+00,-3.439949687612931406e+00
1.160230317570220215e+00,-1.321132130279741190e+00,1.916692008409471182e+00,-2.908452142797945061e+00,-1.284679602907371487e+00,-3.440190935337557043e+00
1.159916324598961657e+00,-1.321093157108759408e+00,1.916624931314397262e+00,-2.908355844526196776e+00,-1.284467419770919605e+00,-3.440432213115617532e+00
1.159602332182518847e+00,-1.321054062926963368e+00,1.916557677731396625e+00,-2.908259431221603908e+00,-1.284255252974308092e+00,-3.440673520961845977e+00
1.159288340328783695e+00,-1.321014847699355954e+00,1.916490247597239849e+00,-2.908162902856350041e+00,-1.284043102534983438e+00,-3.440914858890974148e+00
1.158974349045648999e+00,-1.320975511390939161e+00,1.916422640848696624e+00,-2.908066259402617870e+00,-1.283830968470391909e+00,-3.441156226917734706e+00
1.158660358341008445e+00,-1.320936053966715651e+00,1.916354857422537306e+00,-2.907969500832591425e+00,-1.283618850797981104e+00,-3.441397625056858089e+00
1.158346368222238354e+00,-1.320896475391560188e+00,1.916286897255317090e+00,-2.907872627118235798e+00,-1.283406749534863556e+00,-3.441639053323501063e+00
1.158032378672968932e+00,-1.320856775624480450e+00,1.916218760273701971e+00,-2.907775638221548498e+00,-1.283194664682809183e+00,-3.441880511752309690e+00
1.157718389643638268e+00,-1.320816954616284900e+00,1.916150446390534334e+00,-2.907678534090584410e+00,-1.282982596222140836e+00,-3.442122000405171800e+00
1.157404401082212653e+00,-1.320777012317170707e+00,1.916081955517627833e+00,-2.907581314672364581e+00,-1.282770544131584201e+00,-3.442363519346007372e+00
1.157090412936660151e+00,-1.320736948677335709e+00,1.916013287566796341e+00,-2.907483979913907390e+00,-1.282558508389866292e+00,-3.442605068638731058e+00
1.156776425154947274e+00,-1.320696763646977079e+00,1.915944442449853735e+00,-2.907386529762233884e+00,-1.282346488975713239e+00,-3.442846648347261063e+00
1.156462437685041866e+00,-1.320656457176291765e+00,1.915875420078613445e+00,-2.907288964164363332e+00,-1.282134485867851614e+00,-3.443088258535514257e+00
1.156148450474910883e+00,-1.320616029215478271e+00,1.915806220364890011e+00,-2.907191283067315002e+00,-1.281922499045008212e+00,-3.443329899267408400e+00
1.155834463472521945e+00,-1.320575479714733547e+00,1.915736843220496421e+00,-2.907093486418109052e+00,-1.281710528485909384e+00,-3.443571570606859922e+00
1.155520476625841786e+00,-1.320534808624254985e+00,1.915667288557246994e+00,-2.906995574163765195e+00,-1.281498574169281035e+00,-3.443813272617785692e+00
1.155206489882837806e+00,-1.320494015894240647e+00,1.915597556286955383e+00,-2.906897546251302700e+00,-1.281286636073850405e+00,-3.444055005364103472e+00
1.154892503191477182e+00,-1.320453101474887259e+00,1.915527646321435240e+00,-2.906799402627742612e+00,-1.281074714178343177e+00,-3.444296768909730577e+00
1.154578516499727758e+00,-1.320412065316392880e+00,1.915457558572500663e+00,-2.906701143240102869e+00,-1.280862808461486368e+00,-3.444538563318583435e+00
1.154264529755555824e+00,-1.320370907368955127e+00,1.915387292951964859e+00,-2.906602768035404072e+00,-1.280650918902005886e+00,-3.444780388654579362e+00
1.153950542906929000e+00,-1.320329627582770726e+00,1.915316849371641927e+00,-2.906504276960666378e+00,-1.280439045478628746e+00,-3.445022244981636117e+00
1.153636555901815353e+00,-1.320288225908037738e+00,1.915246227743345964e+00,-2.906405669962908167e+00,-1.280227188170081076e+00,-3.445264132363669241e+00
1.153322568688180505e+00,-1.320246702294953556e+00,1.915175427978890399e+00,-2.906306946989150486e+00,-1.280015346955089450e+00,-3.445506050864598269e+00
1.153008581213993189e+00,-1.320205056693715573e+00,1.915104449990089108e+00,-2.906208107986412159e+00,-1.279803521812380218e+00,-3.445748000548338297e+00
1.152694593427220138e+00,-1.320163289054521627e+00,1.915033293688755744e+00,-2.906109152901713344e+00,-1.279591712720680174e+00,-3.445989981478807085e+00
1.152380605275827863e+00,-1.320121399327568446e+00,1.914961958986704404e+00,-2.906010081682074642e+00,-1.279379919658715448e+00,-3.446231993719921505e+00
1.152066616707784652e+00,-1.320079387463054532e+00,1.914890445795748741e+00,-2.905910894274513545e+00,-1.279168142605212610e+00,-3.446474037335599760e+00
1.151752627671057239e+00,-1.320037253411176614e+00,1.914818754027702408e+00,-2.905811590626051100e+00,-1.278956381538897791e+00,-3.446716112389758280e+00
1.151438638113613022e+00,-1.319994997122132308e+00,1.914746883594379057e+00,-2.905712170683707907e+00,-1.278744636438497784e+00,-3.446958218946313934e+00
1.151124647983419180e+00,-1.319952618546119449e+00,1.914674834407593229e+00,-2.905612634394501903e+00,-1.278532907282739162e+00,-3.447200357069184040e+00
1.150810657228443112e+00,-1.319910117633335211e+00,1.914602606379157912e+00,-2.905512981705454134e+00,-1.278321194050348053e+00,-3.447442526822285913e+00
1.150496665796651552e+00,-1.319867494333977209e+00,1.914530199420887202e+00,-2.905413212563582981e+00,-1.278109496720051030e+00,-3.447684728269535981e+00
1.150182673636012343e+00,-1.319824748598242836e+00,1.914457613444594974e+00,-2.905313326915909489e+00,-1.277897815270574444e+00,-3.447926961474852892e+00
1.149868680694492218e+00,-1.319781880376329486e+00,1.914384848362094660e+00,-2.905213324709453371e+00,-1.277686149680644645e+00,-3.448169226502151741e+00
1.149554686920059243e+00,-1.319738889618434996e+00,1.914311904085200355e+00,-2.905113205891233008e+00,-1.277474499928988871e+00,-3.448411523415350732e+00
1.149240692260679486e+00,-1.319695776274756982e+00,1.914238780525725714e+00,-2.905012970408269890e+00,-1.277262865994332808e+00,-3.448653852278367626e+00
1.148926696664320790e+00,-1.319652540295492171e+00,1.914165477595484610e+00,-2.904912618207581954e+00,-1.277051247855402805e+00,-3.448896213155118851e+00
1.148612700078951221e+00,-1.319609181630838624e+00,1.914091995206291141e+00,-2.904812149236189800e+00,-1.276839645490925879e+00,-3.449138606109520833e+00
1.148298702452536402e+00,-1.319565700230993732e+00,1.914018333269958294e+00,-2.904711563441113142e+00,-1.276628058879628158e+00,-3.449381031205492221e+00
1.147984703733044398e+00,-1.319522096046154891e+00,1.913944491698300387e+00,-2.904610860769371694e+00,-1.276416488000235772e+00,-3.449623488506949442e+00
1.147670703868443054e+00,-1.319478369026519715e+00,1.913870470403131296e+00,-2.904510041167985612e+00,-1.276204932831476180e+00,-3.449865978077809370e+00
1.147356702806698436e+00,-1.319434519122285376e+00,1.913796269296264674e+00,-2.904409104583973722e+00,-1.275993393352074845e+00,-3.450108499981988874e+00
1.147042700495778611e+00,-1.319390546283649934e+00,1.913721888289514395e+00,-2.904308050964355736e+00,-1.275781869540758562e+00,-3.450351054283405716e+00
1.146728696883650311e+00,-1.319346450460810782e+00,1.913647327294693667e+00,-2.904206880256152257e+00,-1.275570361376253681e+00,-3.450593641045977211e+00
1.146414691918281381e+00,-1.319302231603964870e+00,1.913572586223617034e+00,-2.904105592406382108e+00,-1.275358868837286774e+00,-3.450836260333620231e+00
1.146100685547638331e+00,-1.319257889663310035e+00,1.913497664988098368e+00,-2.904004187362065448e+00,-1.275147391902584637e+00,-3.451078912210251204e+00
1.145786677719688784e+00,-1.319213424589044115e+00,1.913422563499950435e+00,-2.903902665070222877e+00,-1.274935930550872953e+00,-3.451321596739788333e+00
1.145472668382400139e+00,-1.319168836331363837e+00,1.913347281670987998e+00,-2.903801025477871445e+00,-1.274724484760878962e+00,-3.451564313986147603e+00
1.145158657483739573e+00,-1.319124124840467038e+00,1.913271819413024710e+00,-2.903699268532033972e+00,-1.274513054511328569e+00,-3.451807064013247217e+00
1.144844644971673819e+00,-1.319079290066551335e+00,1.913196176637873780e+00,-2.903597394179728397e+00,-1.274301639780948348e+00,-3.452049846885003603e+00
1.144530630794171167e+00,-1.319034331959814343e+00,1.913120353257349748e+00,-2.903495402367974876e+00,-1.274090240548465092e+00,-3.452292662665334522e+00
1.144216614899197682e+00,-1.318989250470453456e+00,1.913044349183265824e+00,-2.903393293043793122e+00,-1.273878856792604486e+00,-3.452535511418156400e+00
1.143902597234721208e+00,-1.318944045548665844e+00,1.912968164327435883e+00,-2.903291066154202404e+00,-1.273667488492093769e+00,-3.452778393207387442e+00
1.143588577748709367e+00,-1.318898717144649124e+00,1.912891798601674020e+00,-2.903188721646223769e+00,-1.273456135625659069e+00,-3.453021308096943187e+00
1.143274556389128227e+00,-1.318853265208601355e+00,1.912815251917793891e+00,-2.903086259466874708e+00,-1.273244798172026737e+00,-3.453264256150741396e+00
1.142960533103946075e+00,-1.318807689690719043e+00,1.912738524187609146e+00,-2.902983679563176711e+00,-1.273033476109923345e+00,-3.453507237432699828e+00
1.142646507841130310e+00,-1.318761990541200468e+00,1.912661615322933661e+00,-2.902880981882149936e+00,-1.272822169418075466e+00,-3.453750252006735799e+00
1.142332480548647000e+00,-1.318716167710242582e+00,1.912584525235581090e+00,-2.902778166370811874e+00,-1.272610878075209229e+00,-3.453993299936765293e+00
1.142018451174464433e+00,-1.318670221148043442e+00,1.912507253837365528e+00,-2.902675232976184461e+00,-1.272399602060051649e+00,-3.454236381286706070e+00
1.141704419666549342e+00,-1.318624150804800221e+00,1.912429801040100630e+00,-2.902572181645286076e+00,-1.272188341351328411e+00,-3.454479496120475446e+00
1.141390385972869348e+00,-1.318577956630710091e+00,1.912352166755600047e+00,-2.902469012325136433e+00,-1.271977095927766532e+00,-3.454722644501989848e+00
1.141076350041391185e+00,-1.318531638575971110e+00,1.912274350895677877e+00,-2.902365724962756133e+00,-1.271765865768092585e+00,-3.454965826495167036e+00
1.140762311820082475e+00,-1.318485196590780673e+00,1.912196353372147106e+00,-2.902262319505164445e+00,-1.271554650851032253e+00,-3.455209042163923883e+00
1.140448271256910617e+00,-1.318438630625335728e+00,1.912118174096822498e+00,-2.902158795899380639e+00,-1.271343451155312776e+00,-3.455452291572177703e+00
1.140134228299842345e+00,-1.318391940629834780e+00,1.912039812981517484e+00,-2.902055154092425759e+00,-1.271132266659660282e+00,-3.455695574783844926e+00
1.139820182938032556e+00,-1.318345126566077941e+00,1.911961269956284903e+00,-2.901951394050144462e+00,-1.270921097369795971e+00,-3.455938891829588133e+00
1.139506135331318060e+00,-1.318298188443954855e+00,1.911882545026762026e+00,-2.901847515816399881e+00,-1.270709943403308007e+00,-3.456182242602256149e+00
1.139192085683740308e+00,-1.318251126285807651e+00,1.911803638218160906e+00,-2.901743519455261655e+00,-1.270498804906756707e+00,-3.456425626959006348e+00
1.138878034199341860e+00,-1.318203940113979344e+00,1.911724549555694264e+00,-2.901639405030797647e+00,-1.270287682026704168e+00,-3.456669044756996101e+00
1.138563981082165499e+00,-1.318156629950812730e+00,1.911645279064575043e+00,-2.901535172607079272e+00,-1.270076574909710709e+00,-3.456912495853381007e+00
1.138249926536253120e+00,-1.318109195818650603e+00,1.911565826770016185e+00,-2.901430822248172614e+00,-1.269865483702337983e+00,-3.457155980105319326e+00
1.137935870765646840e+00,-1.318061637739835534e+00,1.911486192697229969e+00,-2.901326354018149090e+00,-1.269654408551146751e+00,-3.457399497369966657e+00
1.137621813974389662e+00,-1.318013955736711207e+00,1.911406376871429114e+00,-2.901221767981076116e+00,-1.269443349602698223e+00,-3.457643047504480371e+00
1.137307756366523259e+00,-1.317966149831619527e+00,1.911326379317826563e+00,-2.901117064201024220e+00,-1.269232307003553606e+00,-3.457886630366017400e+00
1.136993698146090415e+00,-1.317918220046903288e+00,1.911246200061635037e+00,-2.901012242742060820e+00,-1.269021280900273663e+00,-3.458130245811734227e+00
1.136679639517133023e+00,-1.317870166404905952e+00,1.911165839128067034e+00,-2.900907303668255999e+00,-1.268810271439420045e+00,-3.458373893698788226e+00
1.136365580683694088e+00,-1.317821988927970089e+00,1.911085296542335277e+00,-2.900802247043678506e+00,-1.268599278767553074e+00,-3.458617573884336327e+00
1.136051521849815504e+00,-1.317773687638438274e+00,1.911004572329652484e+00,-2.900697072932397980e+00,-1.268388303031234843e+00,-3.458861286225534570e+00
1.135737463219539611e+00,-1.317725262558653521e+00,1.910923666515231600e+00,-2.900591781398481839e+00,-1.268177344377025673e+00,-3.459105030579540330e+00
1.135423404996908303e+00,-1.317676713710958625e+00,1.910842579124285123e+00,-2.900486372506001054e+00,-1.267966402951486993e+00,-3.459348806803510534e+00
1.135109347385965251e+00,-1.317628041117696602e+00,1.910761310182025552e+00,-2.900380846319023931e+00,-1.267755478901179789e+00,-3.459592614754601669e+00
1.134795290590751016e+00,-1.317579244801209803e+00,1.910679859713665829e+00,-2.900275202901618776e+00,-1.267544572372665268e+00,-3.459836454289971108e+00
1.134481234815309714e+00,-1.317530324783841467e+00,1.910598227744418898e+00,-2.900169442317856117e+00,-1.267333683512504416e+00,-3.460080325266775336e+00
1.134167180263682351e+00,-1.317481281087934164e+00,1.910516414299497256e+00,-2.900063564631803370e+00,-1.267122812467258441e+00,-3.460324227542171283e+00
1.133853127139911487e+00,-1.317432113735831134e+00,1.910434419404112960e+00,-2.899957569907531063e+00,-1.266911959383488329e+00,-3.460568160973315877e+00
1.133539075648040129e+00,-1.317382822749874727e+00,1.910352243083479840e+00,-2.899851458209106614e+00,-1.266701124407755508e+00,-3.460812125417365159e+00
1.133225025992109947e+00,-1.317333408152407737e+00,1.910269885362809950e+00,-2.899745229600600549e+00,-1.266490307686620520e+00,-3.461056120731477392e+00
1.132910978376163502e+00,-1.317283869965773180e+00,1.910187346267316011e+00,-2.899638884146081175e+00,-1.266279509366644573e+00,-3.461300146772808617e+00
1.132596933004243134e+00,-1.317234208212314073e+00,1.910104625822210966e+00,-2.899532421909618130e+00,-1.266068729594389541e+00,-3.461544203398515762e+00
1.132282890080391180e+00,-1.317184422914372988e+00,1.910021724052707315e+00,-2.899425842955279276e+00,-1.265857968516415522e+00,-3.461788290465755757e+00
1.131968849808649979e+00,-1.317134514094292497e+00,1.909938640984017999e+00,-2.899319147347135583e+00,-1.265647226279284832e+00,-3.462032407831684644e+00
1.131654812393061871e+00,-1.317084481774415838e+00,1.909855376641355296e+00,-2.899212335149253583e+00,-1.265436503029556903e+00,-3.462276555353460683e+00
1.131340778037668970e+00,-1.317034325977085585e+00,1.909771931049932592e+00,-2.899105406425704690e+00,-1.265225798913793831e+00,-3.462520732888240360e+00
1.131026746946514061e+00,-1.316984046724644752e+00,1.909688304234961720e+00,-2.898998361240556321e+00,-1.265015114078557268e+00,-3.462764940293179272e+00
1.130712719323638815e+00,-1.316933644039436135e+00,1.909604496221655845e+00,-2.898891199657879003e+00,-1.264804448670407089e+00,-3.463009177425436125e+00
1.130398695373086237e+00,-1.316883117943802306e+00,1.909520507035227688e+00,-2.898783921741739711e+00,-1.264593802835905390e+00,-3.463253444142166515e+00
1.130084675298898667e+00,-1.316832468460086725e+00,1.909436336700890413e+00,-2.898676527556209859e+00,-1.264383176721612712e+00,-3.463497740300527372e+00
1.129770659305117553e+00,-1.316781695610631298e+00,1.909351985243855632e+00,-2.898569017165355977e+00,-1.264172570474090040e+00,-3.463742065757676514e+00
1.129456647595786345e+00,-1.316730799417779041e+00,1.909267452689336730e+00,-2.898461390633249479e+00,-1.263961984239899250e+00,-3.463986420370769093e+00
1.129142640374946494e+00,-1.316679779903873415e+00,1.909182739062546430e+00,-2.898353648023957785e+00,-1.263751418165600438e+00,-3.464230803996963370e+00
1.128828637846640781e+00,-1.316628637091256770e+00,1.909097844388697229e+00,-2.898245789401550532e+00,-1.263540872397755699e+00,-3.464475216493415832e+00
1.128514640214911546e+00,-1.316577371002272123e+00,1.909012768693002293e+00,-2.898137814830096914e+00,-1.263330347082925353e+00,-3.464719657717283408e+00
1.128200647683800906e+00,-1.316525981659261824e+00,1.908927512000673898e+00,-2.898029724373665683e+00,-1.263119842367670831e+00,-3.464964127525722581e+00
1.127886660457351198e+00,-1.316474469084569110e+00,1.908842074336924766e+00,-2.897921518096326476e+00,-1.262909358398553339e+00,-3.465208625775890283e+00
1.127572678739605427e+00,-1.316422833300536777e+00,1.908756455726967394e+00,-2.897813196062147600e+00,-1.262698895322133863e+00,-3.465453152324942998e+00
1.127258702734604823e+00,-1.316371074329507618e+00,1.908670656196014948e+00,-2.897704758335198694e+00,-1.262488453284973389e+00,-3.465697707030038988e+00
1.126944732646392611e+00,-1.316319192193824650e+00,1.908584675769279926e+00,-2.897596204979547618e+00,-1.262278032433633346e+00,-3.465942289748334293e+00
1.126630768679010464e+00,-1.316267186915830001e+00,1.908498514471975049e+00,-2.897487536059264901e+00,-1.262067632914674276e+00,-3.466186900336984511e+00
1.126316811036501164e+00,-1.316215058517867131e+00,1.908412172329312817e+00,-2.897378751638418848e+00,-1.261857254874657830e+00,-3.466431538653148792e+00
1.126002859922907273e+00,-1.316162807022279058e+00,1.908325649366506616e+00,-2.897269851781079097e+00,-1.261646898460144994e+00,-3.466676204553981844e+00
1.125688915542270241e+00,-1.316110432451407908e+00,1.908238945608768278e+00,-2.897160836551313068e+00,-1.261436563817696532e+00,-3.466920897896641929e+00
1.125374978098632850e+00,-1.316057934827596476e+00,1.908152061081310746e+00,-2.897051706013192174e+00,-1.261226251093873874e+00,-3.467165618538285532e+00
1.125061047796038105e+00,-1.316005314173188445e+00,1.908064995809347186e+00,-2.896942460230783389e+00,-1.261015960435238004e+00,-3.467410366336069583e+00
1.124747124838527457e+00,-1.315952570510525721e+00,1.907977749818089874e+00,-2.896833099268157241e+00,-1.260805691988350352e+00,-3.467655141147150566e+00
1.124433209430143465e+00,-1.315899703861951764e+00,1.907890323132751753e+00,-2.896723623189381591e+00,-1.260595445899771683e+00,-3.467899942828685411e+00
1.124119301774928692e+00,-1.315846714249808924e+00,1.907802715778545322e+00,-2.896614032058526522e+00,-1.260385222316062981e+00,-3.468144771237831048e+00
1.123805402076924809e+00,-1.315793601696440218e+00,1.907714927780683301e+00,-2.896504325939659896e+00,-1.260175021383785454e+00,-3.468389626231744849e+00
1.123491510540175264e+00,-1.315740366224188662e+00,1.907626959164378411e+00,-2.896394504896851796e+00,-1.259964843249500310e+00,-3.468634507667582412e+00
1.123177627368721287e+00,-1.315687007855396828e+00,1.907538809954843595e+00,-2.896284568994170971e+00,-1.259754688059768979e+00,-3.468879415402501554e+00
1.122863752766606105e+00,-1.315633526612407511e+00,1.907450480177291130e+00,-2.896174518295686173e+00,-1.259544555961151779e+00,-3.469124349293658760e+00
1.122549886937871166e+00,-1.315579922517563727e+00,1.907361969856933959e+00,-2.896064352865467040e+00,-1.259334447100210586e+00,-3.469369309198211404e+00
1.122236030086559699e+00,-1.315526195593208048e+00,1.907273279018984802e+00,-2.895954072767581877e+00,-1.259124361623505939e+00,-3.469614294973315971e+00
1.121922182409616164e+00,-1.315472345859749037e+00,1.907184407685572403e+00,-2.895843678062930859e+00,-1.258914299672960757e+00,-3.469859306481877237e+00
1.121608343728581536e+00,-1.315418373235269334e+00,1.907095355715690443e+00,-2.895733168644757161e+00,-1.258704261145136893e+00,-3.470104343890856313e+00
1.121294513310396868e+00,-1.315364277486683164e+00,1.907006122727328501e+00,-2.895622544158620748e+00,-1.258494245574117709e+00,-3.470349407816404774e+00
1.120980690377348932e+00,-1.315310058368732049e+00,1.906916708319070342e+00,-2.895511804230138875e+00,-1.258284252464799913e+00,-3.470594498910843040e+00
1.120666874151722725e+00,-1.315255715636157952e+00,1.906827112089499732e+00,-2.895400948484927905e+00,-1.258074281322079990e+00,-3.470839617826491086e+00
1.120353063855805464e+00,-1.315201249043703058e+00,1.906737333637200660e+00,-2.895289976548605093e+00,-1.257864331650855094e+00,-3.471084765215670220e+00
1.120039258711881702e+00,-1.315146658346109110e+00,1.906647372560757558e+00,-2.895178888046785914e+00,-1.257654402956020823e+00,-3.471329941730701307e+00
1.119725457942237767e+00,-1.315091943298117849e+00,1.906557228458753750e+00,-2.895067682605088066e+00,-1.257444494742474328e+00,-3.471575148023903878e+00
1.119411660769160655e+00,-1.315037103654471462e+00,1.906466900929773445e+00,-2.894956359849128802e+00,-1.257234606515112763e+00,-3.471820384747598798e+00
1.119097866414934916e+00,-1.314982139169911468e+00,1.906376389572400187e+00,-2.894844919404523598e+00,-1.257024737778831724e+00,-3.472065652554106041e+00
1.118784074101847104e+00,-1.314927049599180497e+00,1.906285693985218410e+00,-2.894733360896889263e+00,-1.256814888038528810e+00,-3.472310952095746028e+00
1.118470283052183545e+00,-1.314871834697019404e+00,1.906194813766812102e+00,-2.894621683951843938e+00,-1.256605056799100062e+00,-3.472556284024840956e+00
1.118156492488229681e+00,-1.314816494218171261e+00,1.906103748515764584e+00,-2.894509888195002656e+00,-1.256395243565442188e+00,-3.472801648993709023e+00
1.117842701632271840e+00,-1.314761027917376701e+00,1.906012497830660291e+00,-2.894397973251984002e+00,-1.256185447842452563e+00,-3.473047047654671982e+00
1.117528909706595464e+00,-1.314705435549378576e+00,1.905921061310082765e+00,-2.894285938748403009e+00,-1.255975669135026340e+00,-3.473292480660049808e+00
1.117215115933486658e+00,-1.314649716868918627e+00,1.905829438552616217e+00,-2.894173784309876929e+00,-1.255765906948061339e+00,-3.473537948662163366e+00
1.116901319535232195e+00,-1.314593871630738819e+00,1.905737629156844193e+00,-2.894061509562023016e+00,-1.255556160786453601e+00,-3.473783452313332631e+00
1.116587519734116629e+00,-1.314537899589580450e+00,1.905645632721351124e+00,-2.893949114130457190e+00,-1.255346430155100057e+00,-3.474028992265878912e+00
1.116273715752426732e+00,-1.314481800500186148e+00,1.905553448844720776e+00,-2.893836597640797148e+00,-1.255136714558897637e+00,-3.474274569172121296e+00
1.115959906812448832e+00,-1.314425574117297213e+00,1.905461077125537139e+00,-2.893723959718658811e+00,-1.254927013502742383e+00,-3.474520183684381980e+00
1.115646092136467926e+00,-1.314369220195656274e+00,1.905368517162383535e+00,-2.893611199989658989e+00,-1.254717326491531004e+00,-3.474765836454979606e+00
1.115332270946770565e+00,-1.314312738490004850e+00,1.905275768553844840e+00,-2.893498318079414933e+00,-1.254507653030160430e+00,-3.475011528136235484e+00
1.115018442465642634e+00,-1.314256128755084463e+00,1.905182830898504154e+00,-2.893385313613542564e+00,-1.254297992623526925e+00,-3.475257259380471364e+00
1.114704605915369795e+00,-1.314199390745637297e+00,1.905089703794945688e+00,-2.893272186217660025e+00,-1.254088344776527419e+00,-3.475503030840005447e+00
1.114390760518238821e+00,-1.314142524216405539e+00,1.904996386841753875e+00,-2.893158935517382790e+00,-1.253878708994058622e+00,-3.475748843167159485e+00
1.114076905496534486e+00,-1.314085528922131152e+00,1.904902879637511592e+00,-2.893045561138327670e+00,-1.253669084781017018e+00,-3.475994697014254342e+00
1.113763040072543786e+00,-1.314028404617555434e+00,1.904809181780803495e+00,-2.892932062706111473e+00,-1.253459471642298650e+00,-3.476240593033608661e+00
1.113449163468552161e+00,-1.313971151057420794e+00,1.904715292870213350e+00,-2.892818439846351897e+00,-1.253249869082801338e+00,-3.476486531877545083e+00
1.113135274906845273e+00,-1.313913767996468751e+00,1.904621212504325367e+00,-2.892704692184664417e+00,-1.253040276607420678e+00,-3.476732514198382695e+00
1.112821373609709896e+00,-1.313856255189441713e+00,1.904526940281722869e+00,-2.892590819346666287e+00,-1.252830693721054045e+00,-3.476978540648441918e+00
1.112507458799431248e+00,-1.313798612391080978e+00,1.904432475800990066e+00,-2.892476820957974315e+00,-1.252621119928597260e+00,-3.477224611880044502e+00
1.112193529698295658e+00,-1.313740839356128953e+00,1.904337818660710946e+00,-2.892362696644204867e+00,-1.252411554734947696e+00,-3.477470728545509981e+00
1.111879585528589010e+00,-1.313682935839327159e+00,1.904242968459469498e+00,-2.892248446030975639e+00,-1.252201997645001841e+00,-3.477716891297158330e+00
1.111565625512596966e+00,-1.313624901595418004e+00,1.904147924795849267e+00,-2.892134068743902109e+00,-1.251992448163655958e+00,-3.477963100787311301e+00
1.111251648872605635e+00,-1.313566736379143007e+00,1.904052687268434685e+00,-2.892019564408601529e+00,-1.251782905795806977e+00,-3.478209357668288426e+00
1.110937654830901788e+00,-1.313508439945244133e+00,1.903957255475809518e+00,-2.891904932650691151e+00,-1.251573370046351386e+00,-3.478455662592410125e+00
1.110623642609769979e+00,-1.313450012048463122e+00,1.903861629016557533e+00,-2.891790173095786898e+00,-1.251363840420185891e+00,-3.478702016211997705e+00
1.110309611431497201e+00,-1.313391452443542606e+00,1.903765807489262496e+00,-2.891675285369506021e+00,-1.251154316422207202e+00,-3.478948419179370255e+00
1.109995560518369118e+00,-1.313332760885223438e+00,1.903669790492508618e+00,-2.891560269097464886e+00,-1.250944797557312027e+00,-3.479194872146849526e+00
1.109681489092671391e+00,-1.313273937128248026e+00,1.903573577624879887e+00,-2.891445123905280745e+00,-1.250735283330396630e+00,-3.479441375766755939e+00
1.109367396376690351e+00,-1.313214980927358555e+00,1.903477168484960069e+00,-2.891329849418569964e+00,-1.250525773246357497e+00,-3.479687930691409026e+00
1.109053281592711659e+00,-1.313155892037296324e+00,1.903380562671332932e+00,-2.891214445262948907e+00,-1.250316266810092003e+00,-3.479934537573130537e+00
1.108739143963021423e+00,-1.313096670212803962e+00,1.903283759782582463e+00,-2.891098911064035271e+00,-1.250106763526496412e+00,-3.480181197064239118e+00
1.108424982709905526e+00,-1.313037315208622768e+00,1.903186759417293095e+00,-2.890983246447445421e+00,-1.249897262900467432e+00,-3.480427909817057408e+00
1.108110797055649854e+00,-1.312977826779494928e+00,1.903089561174048150e+00,-2.890867451038795277e+00,-1.249687764436901327e+00,-3.480674676483903607e+00
1.107796586222541180e+00,-1.312918204680162182e+00,1.902992164651431839e+00,-2.890751524463702093e+00,-1.249478267640695250e+00,-3.480921497717099466e+00
1.107482349432864277e+00,-1.312858448665366495e+00,1.902894569448027928e+00,-2.890635466347784011e+00,-1.249268772016745244e+00,-3.481168374168966295e+00
1.107168085908905253e+00,-1.312798558489849832e+00,1.902796775162420184e+00,-2.890519276316655617e+00,-1.249059277069948237e+00,-3.481415306491823181e+00
1.106853794872950658e+00,-1.312738533908354155e+00,1.902698781393193039e+00,-2.890402953995934165e+00,-1.248849782305201161e+00,-3.481662295337990543e+00
1.106539475547286377e+00,-1.312678374675621207e+00,1.902600587738930260e+00,-2.890286499011236909e+00,-1.248640287227400059e+00,-3.481909341359790133e+00
1.106225127154197851e+00,-1.312618080546392951e+00,1.902502193798215391e+00,-2.890169910988180657e+00,-1.248430791341441859e+00,-3.482156445209541040e+00
1.105910748915971631e+00,-1.312557651275411352e+00,1.902403599169632420e+00,-2.890053189552382218e+00,-1.248221294152223715e+00,-3.482403607539565016e+00
1.105596340054893156e+00,-1.312497086617418152e+00,1.902304803451765558e+00,-2.889936334329457512e+00,-1.248011795164641446e+00,-3.482650829002180703e+00
1.105281899793248979e+00,-1.312436386327155757e+00,1.902205806243199016e+00,-2.889819344945023794e+00,-1.247802293883591762e+00,-3.482898110249710300e+00
1.104967427353324094e+00,-1.312375550159365245e+00,1.902106607142515893e+00,-2.889702221024697870e+00,-1.247592789813971592e+00,-3.483145451934473336e+00
1.104652921957405276e+00,-1.312314577868788801e+00,1.902007205748300622e+00,-2.889584962194096551e+00,-1.247383282460677645e+00,-3.483392854708791120e+00
1.104338382827778631e+00,-1.312253469210168833e+00,1.901907601659137192e+00,-2.889467568078836646e+00,-1.247173771328606406e+00,-3.483640319224982740e+00
1.104023809239118803e+00,-1.312192223952677983e+00,1.901807794496521264e+00,-2.889350038328097448e+00,-1.246964255956919621e+00,-3.483887846092970086e+00
1.103709202108538845e+00,-1.312130842317908996e+00,1.901707784600245921e+00,-2.889232373329772674e+00,-1.246754736959011511e+00,-3.484135434593401026e+00
1.103394564283145751e+00,-1.312069325059084690e+00,1.901607573154162623e+00,-2.889114574339803010e+00,-1.246545216210585227e+00,-3.484383082444925339e+00
1.103079898720417118e+00,-1.312007672959829785e+00,1.901507161390390888e+00,-2.888996642663771208e+00,-1.246335695659530618e+00,-3.484630787276866037e+00
1.102765208377831652e+00,-1.311945886803769223e+00,1.901406550541050677e+00,-2.888878579607259578e+00,-1.246126177253739309e+00,-3.484878546718546133e+00
1.102450496212866282e+00,-1.311883967374527726e+00,1.901305741838261953e+00,-2.888760386475849540e+00,-1.245916662941101594e+00,-3.485126358399289082e+00
1.102135765183000160e+00,-1.311821915455730680e+00,1.901204736514145122e+00,-2.888642064575123403e+00,-1.245707154669507766e+00,-3.485374219948418339e+00
1.101821018245710215e+00,-1.311759731831003029e+00,1.901103535800819255e+00,-2.888523615210663920e+00,-1.245497654386849007e+00,-3.485622128995256475e+00
1.101506258358475154e+00,-1.311697417283969269e+00,1.901002140930404982e+00,-2.888405039688052955e+00,-1.245288164041016055e+00,-3.485870083169126055e+00
1.101191488478772795e+00,-1.311634972598254789e+00,1.900900553135022042e+00,-2.888286339312872819e+00,-1.245078685579898758e+00,-3.486118080099351868e+00
1.100876711564081178e+00,-1.311572398557484087e+00,1.900798773646790618e+00,-2.888167515390704931e+00,-1.244869220951389188e+00,-3.486366117415255150e+00
1.100561930571878122e+00,-1.311509695945282106e+00,1.900696803697830450e+00,-2.888048569227132489e+00,-1.244659772103376971e+00,-3.486614192746160246e+00
1.100247148459641888e+00,-1.311446865545274454e+00,1.900594644520261278e+00,-2.887929502127737802e+00,-1.244450340983753067e+00,-3.486862303721389722e+00
1.099932368184849851e+00,-1.311383908141085186e+00,1.900492297346203507e+00,-2.887810315398102290e+00,-1.244240929540408436e+00,-3.487110447970267479e+00
1.099617592704980717e+00,-1.311320824516339689e+00,1.900389763407776877e+00,-2.887691010343808262e+00,-1.244031539721233148e+00,-3.487358623122115198e+00
1.099302824977512527e+00,-1.311257615454662684e+00,1.900287043937101572e+00,-2.887571588270437584e+00,-1.243822173474118609e+00,-3.487606826806256777e+00
1.098988067959922654e+00,-1.311194281739679779e+00,1.900184140166296887e+00,-2.887452050483573451e+00,-1.243612832746954888e+00,-3.487855056652016117e+00
1.098673324609689139e+00,-1.311130824155014807e+00,1.900081053327483449e+00,-2.887332398288796842e+00,-1.243403519487632947e+00,-3.488103310288714898e+00
1.098358597884290466e+00,-1.311067243484293821e+00,1.899977784652781221e+00,-2.887212632991691397e+00,-1.243194235644043744e+00,-3.488351585345677019e+00
1.098043890741204676e+00,-1.311003540511140875e+00,1.899874335374309720e+00,-2.887092755897838092e+00,-1.242984983164077351e+00,-3.488599879452225938e+00
1.097729206137909141e+00,-1.310939716019181356e+00,1.899770706724189351e+00,-2.886972768312819237e+00,-1.242775763995625171e+00,-3.488848190237683333e+00
1.097414547031882126e+00,-1.310875770792039985e+00,1.899666899934539632e+00,-2.886852671542218030e+00,-1.242566580086577055e+00,-3.489096515331373993e+00
1.097099916380601892e+00,-1.310811705613341704e+00,1.899562916237480970e+00,-2.886732466891615445e+00,-1.242357433384824406e+00,-3.489344852362620486e+00
1.096785317141546479e+00,-1.310747521266711679e+00,1.899458756865132880e+00,-2.886612155666594237e+00,-1.242148325838257961e+00,-3.489593198960745379e+00
1.096470752272193039e+00,-1.310683218535774630e+00,1.899354423049615548e+00,-2.886491739172735826e+00,-1.241939259394767792e+00,-3.489841552755072573e+00
1.096156224730020279e+00,-1.310618798204155500e+00,1.899249916023048934e+00,-2.886371218715623854e+00,-1.241730236002244414e+00,-3.490089911374924636e+00
1.095841737472506461e+00,-1.310554261055479452e+00,1.899145237017553223e+00,-2.886250595600839741e+00,-1.241521257608579676e+00,-3.490338272449624579e+00
1.095527293457128959e+00,-1.310489607873371209e+00,1.899040387265248153e+00,-2.886129871133965352e+00,-1.241312326161663204e+00,-3.490586633608495859e+00
1.095212895641366257e+00,-1.310424839441455713e+00,1.898935367998253465e+00,-2.886009046620582552e+00,-1.241103443609386403e+00,-3.490834992480861487e+00
1.094898546982695509e+00,-1.310359956543357907e+00,1.898830180448689342e+00,-2.885888123366274982e+00,-1.240894611899639344e+00,-3.491083346696044920e+00
1.094584250438595419e+00,-1.310294959962702510e+00,1.898724825848675746e+00,-2.885767102676623619e+00,-1.240685832980312986e+00,-3.491331693883368281e+00
1.094270008966544250e+00,-1.310229850483114911e+00,1.898619305430332638e+00,-2.885645985857211215e+00,-1.240477108799298067e+00,-3.491580031672155915e+00
1.093955825524019376e+00,-1.310164628888219829e+00,1.898513620425779758e+00,-2.885524774213619636e+00,-1.240268441304485103e+00,-3.491828357691729945e+00
1.093641703068498838e+00,-1.310099295961641985e+00,1.898407772067137511e+00,-2.885403469051430747e+00,-1.240059832443764831e+00,-3.492076669571414715e+00
1.093327644557461120e+00,-1.310033852487006767e+00,1.898301761586525416e+00,-2.885282071676227300e+00,-1.239851284165028211e+00,-3.492324964940531462e+00
1.093013652948383596e+00,-1.309968299247938672e+00,1.898195590216063877e+00,-2.885160583393591160e+00,-1.239642798416165537e+00,-3.492573241428404973e+00
1.092699731198745194e+00,-1.309902637028063088e+00,1.898089259187872413e+00,-2.885039005509105525e+00,-1.239434377145067767e+00,-3.492821496664357372e+00
1.092385882266022401e+00,-1.309836866611004291e+00,1.897982769734071207e+00,-2.884917339328350927e+00,-1.239226022299625418e+00,-3.493069728277712560e+00
1.092072109107694367e+00,-1.309770988780387668e+00,1.897876123086780220e+00,-2.884795586156910563e+00,-1.239017735827729227e+00,-3.493317933897793104e+00
1.091758414681239131e+00,-1.309705004319838162e+00,1.897769320478119193e+00,-2.884673747300366742e+00,-1.238809519677270155e+00,-3.493566111153922016e+00
1.091444801944133847e+00,-1.309638914012980715e+00,1.897662363140208308e+00,-2.884551824064300884e+00,-1.238601375796138493e+00,-3.493814257675423196e+00
1.091131273853857220e+00,-1.309572718643439826e+00,1.897555252305167528e+00,-2.884429817754295744e+00,-1.238393306132224758e+00,-3.494062371091618768e+00
1.090817833367887291e+00,-1.309506418994841104e+00,1.897447989205116592e+00,-2.884307729675933185e+00,-1.238185312633420354e+00,-3.494310449031832189e+00
1.090504483443701433e+00,-1.309440015850809047e+00,1.897340575072175906e+00,-2.884185561134795517e+00,-1.237977397247615352e+00,-3.494558489125387357e+00
1.090191227038778576e+00,-1.309373509994968821e+00,1.897233011138465208e+00,-2.884063313436465048e+00,-1.237769561922700712e+00,-3.494806489001605510e+00
1.089878067110595650e+00,-1.309306902210944923e+00,1.897125298636104018e+00,-2.883940987886524532e+00,-1.237561808606566949e+00,-3.495054446289811878e+00
1.089565006616630916e+00,-1.309240193282362741e+00,1.897017438797212741e+00,-2.883818585790554945e+00,-1.237354139247105023e+00,-3.495302358619328587e+00
1.089252048514363080e+00,-1.309173383992846995e+00,1.896909432853911337e+00,-2.883696108454138596e+00,-1.237146555792205227e+00,-3.495550223619478203e+00
1.088939195761269518e+00,-1.309106475126022628e+00,1.896801282038319769e+00,-2.883573557182858238e+00,-1.236939060189758299e+00,-3.495798038919584627e+00
1.088626451314828270e+00,-1.309039467465514806e+00,1.896692987582557999e+00,-2.883450933282296624e+00,-1.236731654387655421e+00,-3.496045802148971759e+00
1.088313818132517374e+00,-1.308972361794948247e+00,1.896584550718745543e+00,-2.883328238058035176e+00,-1.236524340333786887e+00,-3.496293510936960836e+00
1.088001299171814873e+00,-1.308905158897947896e+00,1.896475972679003030e+00,-2.883205472815655313e+00,-1.236317119976043433e+00,-3.496541162912875755e+00
1.087688897390199028e+00,-1.308837859558138472e+00,1.896367254695449978e+00,-2.883082638860740232e+00,-1.236109995262315575e+00,-3.496788755706039975e+00
1.087376615745147213e+00,-1.308770464559145585e+00,1.896258398000206569e+00,-2.882959737498872244e+00,-1.235902968140494274e+00,-3.497036286945776951e+00
1.087064457194137912e+00,-1.308702974684593290e+00,1.896149403825392543e+00,-2.882836770035632767e+00,-1.235696040558470266e+00,-3.497283754261408362e+00
1.086752424694648944e+00,-1.308635390718107194e+00,1.896040273403128085e+00,-2.882713737776605001e+00,-1.235489214464134067e+00,-3.497531155282258108e+00
1.086440521177074459e+00,-1.308567713435874857e+00,1.895931007953712610e+00,-2.882590642015214755e+00,-1.235282491787665027e+00,-3.497778487659573443e+00
1.086128745326338851e+00,-1.308499942448351216e+00,1.895821606844550145e+00,-2.882467482139444037e+00,-1.235075871682962623e+00,-3.498025752481156214e+00
1.085817087001813563e+00,-1.308432074942643908e+00,1.895712065591216522e+00,-2.882344253576206050e+00,-1.234869347532547845e+00,-3.498272957978782127e+00
1.085505534962904806e+00,-1.308364107803828169e+00,1.895602379229217593e+00,-2.882220951258731123e+00,-1.234662911999631296e+00,-3.498520113274605325e+00
1.085194077969021675e+00,-1.308296037916980792e+00,1.895492542794060542e+00,-2.882097570120248253e+00,-1.234456557747425576e+00,-3.498767227490781728e+00
1.084882704779571050e+00,-1.308227862167178124e+00,1.895382551321251441e+00,-2.881974105093986882e+00,-1.234250277439141730e+00,-3.499014309749466367e+00
1.084571404153961138e+00,-1.308159577439496069e+00,1.895272399846297029e+00,-2.881850551113176451e+00,-1.234044063737991692e+00,-3.499261369172815161e+00
1.084260164851599040e+00,-1.308091180619010974e+00,1.895162083404703601e+00,-2.881726903111047289e+00,-1.233837909307186731e+00,-3.499508414882983587e+00
1.083948975631892742e+00,-1.308022668590798965e+00,1.895051597031978563e+00,-2.881603156020827949e+00,-1.233631806809938336e+00,-3.499755456002125786e+00
1.083637825254250231e+00,-1.307954038239936390e+00,1.894940935763627543e+00,-2.881479304775748318e+00,-1.233425748909458664e+00,-3.500002501652398124e+00
1.083326702478078829e+00,-1.307885286451499374e+00,1.894830094635157725e+00,-2.881355344309038724e+00,-1.233219728268958759e+00,-3.500249560955955186e+00
1.083015596062786079e+00,-1.307816410110564265e+00,1.894719068682075402e+00,-2.881231269553926833e+00,-1.233013737551650113e+00,-3.500496643034953781e+00
1.082704494767779968e+00,-1.307747406102206966e+00,1.894607852939887316e+00,-2.881107075443644749e+00,-1.232807769420744659e+00,-3.500743757011548052e+00
1.082393387352468039e+00,-1.307678271311504048e+00,1.894496442444099982e+00,-2.880982756911420140e+00,-1.232601816539453443e+00,-3.500990912007893474e+00
1.082082262576257836e+00,-1.307609002623531858e+00,1.894384832230220139e+00,-2.880858308890483777e+00,-1.232395871570989065e+00,-3.501238117146145967e+00
1.081771109198557568e+00,-1.307539596923366076e+00,1.894273017333753861e+00,-2.880733726314064214e+00,-1.232189927178561906e+00,-3.501485381548460563e+00
1.081459915978774111e+00,-1.307470051096083274e+00,1.894160992790208109e+00,-2.880609004115390892e+00,-1.231983976025384120e+00,-3.501732714336992736e+00
1.081148671676316120e+00,-1.307400362026759355e+00,1.894048753635089399e+00,-2.880484137227694585e+00,-1.231778010774667420e+00,-3.501980124633897518e+00
1.080837365050590249e+00,-1.307330526600471110e+00,1.893936294903904471e+00,-2.880359120584203847e+00,-1.231572024089623074e+00,-3.502227621561330384e+00
1.080525984861004707e+00,-1.307260541702294221e+00,1.893823611632159620e+00,-2.880233949118148118e+00,-1.231366008633462572e+00,-3.502475214241446810e+00
1.080214519866967260e+00,-1.307190404217305257e+00,1.893710698855361807e+00,-2.880108617762758172e+00,-1.231159957069397848e+00,-3.502722911796401828e+00
1.079902958827885451e+00,-1.307120111030580123e+00,1.893597551609016660e+00,-2.879983121451261674e+00,-1.230953862060639947e+00,-3.502970723348351356e+00
1.079591290503166823e+00,-1.307049659027195165e+00,1.893484164928632030e+00,-2.879857455116889842e+00,-1.230747716270401249e+00,-3.503218658019451315e+00
1.079279503652219585e+00,-1.306979045092226732e+00,1.893370533849713988e+00,-2.879731613692872116e+00,-1.230541512361892575e+00,-3.503466724931855403e+00
1.078967587034450615e+00,-1.306908266110750727e+00,1.893256653407768386e+00,-2.879605592112437051e+00,-1.230335242998325640e+00,-3.503714933207719984e+00
1.078655529409268343e+00,-1.306837318967843942e+00,1.893142518638303073e+00,-2.879479385308814976e+00,-1.230128900842912598e+00,-3.503963291969200089e+00
1.078343319536079870e+00,-1.306766200548581836e+00,1.893028124576823679e+00,-2.879352988215234888e+00,-1.229922478558864052e+00,-3.504211810338451194e+00
1.078030946174293181e+00,-1.306694907738040978e+00,1.892913466258836941e+00,-2.879226395764927116e+00,-1.229715968809392379e+00,-3.504460497437629218e+00
1.077718398083316043e+00,-1.306623437421297940e+00,1.892798538719850043e+00,-2.879099602891120657e+00,-1.229509364257708848e+00,-3.504709362388888749e+00
1.077405664022555776e+00,-1.306551786483428179e+00,1.892683336995368837e+00,-2.878972604527044954e+00,-1.229302657567024726e+00,-3.504958414314385262e+00
1.077092732751420368e+00,-1.306479951809508711e+00,1.892567856120900283e+00,-2.878845395605929447e+00,-1.229095841400551947e+00,-3.505207662336274677e+00
1.076779593029317583e+00,-1.306407930284614993e+00,1.892452091131950676e+00,-2.878717971061004910e+00,-1.228888908421502446e+00,-3.505457115576711580e+00
1.076466233615654744e+00,-1.306335718793824041e+00,1.892336037064026533e+00,-2.878590325825499452e+00,-1.228681851293087046e+00,-3.505706783157851891e+00
1.076152643269839615e+00,-1.306263314222211314e+00,1.892219688952635037e+00,-2.878462454832643402e+00,-1.228474662678517682e+00,-3.505956674201850198e+00
1.075838810751280183e+00,-1.306190713454853602e+00,1.892103041833282262e+00,-2.878334353015666647e+00,-1.228267335241005620e+00,-3.506206797830863309e+00
1.075524724819383771e+00,-1.306117913376826811e+00,1.891986090741474946e+00,-2.878206015307797738e+00,-1.228059861643763018e+00,-3.506457163167045366e+00
1.075210374233558586e+00,-1.306044910873207288e+00,1.891868830712719607e+00,-2.878077436642266562e+00,-1.227852234550001143e+00,-3.506707779332552288e+00
1.074895747753211284e+00,-1.305971702829071157e+00,1.891751256782522983e+00,-2.877948611952303004e+00,-1.227644446622931262e+00,-3.506958655449539553e+00
1.074580834137750518e+00,-1.305898286129494545e+00,1.891633363986391370e+00,-2.877819536171136505e+00,-1.227436490525765311e+00,-3.507209800640161745e+00
1.074265622146583832e+00,-1.305824657659553800e+00,1.891515147359831506e+00,-2.877690204231996507e+00,-1.227228358921714779e+00,-3.507461224026574786e+00
1.073950100539118324e+00,-1.305750814304325491e+00,1.891396601938349686e+00,-2.877560611068112451e+00,-1.227020044473991378e+00,-3.507712934730933707e+00
1.073634258074762426e+00,-1.305676752948885300e+00,1.891277722757453095e+00,-2.877430751612714666e+00,-1.226811539845806376e+00,-3.507964941875394871e+00
1.073318083512923460e+00,-1.305602470478309352e+00,1.891158504852647804e+00,-2.877300620799031261e+00,-1.226602837700371484e+00,-3.508217254582111977e+00
1.073001565613008745e+00,-1.305527963777674216e+00,1.891038943259440330e+00,-2.877170213560293011e+00,-1.226393930700898416e+00,-3.508469881973241833e+00
1.072684693134426492e+00,-1.305453229732056242e+00,1.890919033013337636e+00,-2.877039524829729800e+00,-1.226184811510598660e+00,-3.508722833170938582e+00
1.072367454836584466e+00,-1.305378265226531331e+00,1.890798769149846459e+00,-2.876908549540569737e+00,-1.225975472792683485e+00,-3.508976117297359032e+00
1.072049839478889766e+00,-1.305303067146175833e+00,1.890678146704472429e+00,-2.876777282626043153e+00,-1.225765907210364380e+00,-3.509229743474658214e+00
1.071731835820750822e+00,-1.305227632376065872e+00,1.890557160712723173e+00,-2.876645719019379488e+00,-1.225556107426853725e+00,-3.509483720824989827e+00
1.071413432621574291e+00,-1.305151957801277796e+00,1.890435806210104763e+00,-2.876513853653809072e+00,-1.225346066105362564e+00,-3.509738058470510680e+00
1.071094618640768825e+00,-1.305076040306887730e+00,1.890314078232123718e+00,-2.876381681462560458e+00,-1.225135775909102609e+00,-3.509992765533376247e+00
1.070775382637741746e+00,-1.304999876777972023e+00,1.890191971814286775e+00,-2.876249197378863531e+00,-1.224925229501284907e+00,-3.510247851135741115e+00
1.070455713371900375e+00,-1.304923464099606356e+00,1.890069481992100231e+00,-2.876116396335947289e+00,-1.224714419545121613e+00,-3.510503324399762093e+00
1.070135599602653365e+00,-1.304846799156867743e+00,1.889946603801071268e+00,-2.875983273267042950e+00,-1.224503338703824440e+00,-3.510759194447592435e+00
1.069815030089407371e+00,-1.304769878834831864e+00,1.889823332276706180e+00,-2.875849823105378178e+00,-1.224291979640604433e+00,-3.511015470401389393e+00
1.069493993591570380e+00,-1.304692700018575069e+00,1.889699662454510820e+00,-2.875716040784183747e+00,-1.224080335018673082e+00,-3.511272161383307111e+00
1.069172478868550158e+00,-1.304615259593173704e+00,1.889575589369992814e+00,-2.875581921236688654e+00,-1.223868397501242544e+00,-3.511529276515501063e+00
1.068850477624370798e+00,-1.304537555253019843e+00,1.889451109344640001e+00,-2.875447460718548509e+00,-1.223656161677199039e+00,-3.511786822536650643e+00
1.068528013127902021e+00,-1.304459593367981451e+00,1.889326232485035062e+00,-2.875312669661181264e+00,-1.223443642777721774e+00,-3.512044780635731556e+00
1.068205127813931954e+00,-1.304381385575603236e+00,1.889200977267956993e+00,-2.875177567103411214e+00,-1.223230868567821927e+00,-3.512303116488146415e+00
1.067881864386908575e+00,-1.304302943587546393e+00,1.889075362287953253e+00,-2.875042172205168001e+00,-1.223017866988860947e+00,-3.512561795551027544e+00
1.067558265551281194e+00,-1.304224279115470342e+00,1.888949406139570186e+00,-2.874906504126379492e+00,-1.222804665982198280e+00,-3.512820783281504156e+00
1.067234374011496900e+00,-1.304145403871036057e+00,1.888823127417354142e+00,-2.874770582026976218e+00,-1.222591293489193598e+00,-3.513080045136708573e+00
1.066910232472004116e+00,-1.304066329565902960e+00,1.888696544715852133e+00,-2.874634425066886489e+00,-1.222377777451207237e+00,-3.513339546573770900e+00
1.066585883637251486e+00,-1.303987067911732467e+00,1.888569676629610283e+00,-2.874498052406039061e+00,-1.222164145809599090e+00,-3.513599253049822568e+00
1.066261370211686099e+00,-1.303907630620183999e+00,1.888442541753175163e+00,-2.874361483204363577e+00,-1.221950426505729270e+00,-3.513859130021995902e+00
1.065936734899757710e+00,-1.303828029402918087e+00,1.888315158681093564e+00,-2.874224736621788789e+00,-1.221736647480957672e+00,-3.514119142947419228e+00
1.065612020405913185e+00,-1.303748275971595039e+00,1.888187546007911832e+00,-2.874087831818243455e+00,-1.221522836676644630e+00,-3.514379257283226643e+00
1.065287269434600725e+00,-1.303668382037875162e+00,1.888059722328176315e+00,-2.873950787953656771e+00,-1.221309022034149372e+00,-3.514639438486546474e+00
1.064962524690269641e+00,-1.303588359313418987e+00,1.887931706236434026e+00,-2.873813624187958382e+00,-1.221095231494832678e+00,-3.514899652014510600e+00
1.064637828877367021e+00,-1.303508219509886601e+00,1.887803516327231534e+00,-2.873676359681076153e+00,-1.220881493000054441e+00,-3.515159863324251344e+00
1.064313224700341287e+00,-1.303427974338938089e+00,1.887675171195114743e+00,-2.873539013592939728e+00,-1.220667834491174331e+00,-3.515420037872898362e+00
1.063988754863641084e+00,-1.303347635512234204e+00,1.887546689434631109e+00,-2.873401605083478749e+00,-1.220454283909552684e+00,-3.515680141117583535e+00
1.063664462071713723e+00,-1.303267214741434588e+00,1.887418089640326313e+00,-2.873264153312620639e+00,-1.220240869196549394e+00,-3.515940138515436963e+00
1.063340389029008071e+00,-1.303186723738200437e+00,1.887289390406747591e+00,-2.873126677440295929e+00,-1.220027618293524352e+00,-3.516199995523589639e+00
1.063016578439972326e+00,-1.303106174214191171e+00,1.887160610328441068e+00,-2.872989196626433372e+00,-1.219814559141837895e+00,-3.516459677599173883e+00
1.062693073009053801e+00,-1.303025577881067765e+00,1.887031767999953313e+00,-2.872851730030960837e+00,-1.219601719682849250e+00,-3.516719150199319355e+00
1.062369915440702028e+00,-1.302944946450490082e+00,1.886902882015831118e+00,-2.872714296813809742e+00,-1.219389127857919419e+00,-3.516978378781158376e+00
1.062047148439364097e+00,-1.302864291634118654e+00,1.886773970970620828e+00,-2.872576916134906622e+00,-1.219176811608407851e+00,-3.517237328801820606e+00
1.061724814709488429e+00,-1.302783625143613344e+00,1.886645053458869015e+00,-2.872439607154181118e+00,-1.218964798875674660e+00,-3.517495965718437922e+00
1.061402956955523447e+00,-1.302702958690635349e+00,1.886516148075122246e+00,-2.872302389031563319e+00,-1.218753117601079961e+00,-3.517754254988141316e+00
1.061081617881917127e+00,-1.302622303986843866e+00,1.886387273413927534e+00,-2.872165280926981534e+00,-1.218541795725983645e+00,-3.518012162068061333e+00
1.060760840193117893e+00,-1.302541672743900092e+00,1.886258448069830562e+00,-2.872028302000364519e+00,-1.218330861191746051e+00,-3.518269652415329851e+00
1.060440666593573500e+00,-1.302461076673463669e+00,1.886129690637378342e+00,-2.871891471411641916e+00,-1.218120341939726403e+00,-3.518526691487076974e+00
1.060121139787732147e+00,-1.302380527487195350e+00,1.886001019711117443e+00,-2.871754808320742036e+00,-1.217910265911285483e+00,-3.518783244740434135e+00
1.059802302480042702e+00,-1.302300036896755442e+00,1.885872453885594435e+00,-2.871618331887594522e+00,-1.217700661047782740e+00,-3.519039277632532325e+00
1.059484197374952474e+00,-1.302219616613803366e+00,1.885744011755355887e+00,-2.871482061272128128e+00,-1.217491555290578509e+00,-3.519294755620502979e+00
1.059166867176909888e+00,-1.302139278350000540e+00,1.885615711914948145e+00,-2.871346015634272053e+00,-1.217282976581032683e+00,-3.519549644161476643e+00
1.058850354590363585e+00,-1.302059033817007050e+00,1.885487572958917779e+00,-2.871210214133955052e+00,-1.217074952860505821e+00,-3.519803908712584306e+00
1.058534702319761100e+00,-1.301978894726482761e+00,1.885359613481811358e+00,-2.871074675931106768e+00,-1.216867512070356705e+00,-3.520057514730957404e+00
1.058219953069551300e+00,-1.301898872790088202e+00,1.885231852078175896e+00,-2.870939420185655511e+00,-1.216660682151946782e+00,-3.520310427673726483e+00
1.057906149544181496e+00,-1.301818979719483460e+00,1.885104307342557517e+00,-2.870804466057530036e+00,-1.216454491046635056e+00,-3.520562612998022978e+00
1.057593334448100109e+00,-1.301739227226329287e+00,1.884976997869502346e+00,-2.870669832706660873e+00,-1.216248966695781641e+00,-3.520814036160977878e+00
1.057281550485756005e+00,-1.301659627022285548e+00,1.884849942253557842e+00,-2.870535539292975447e+00,-1.216044137040746875e+00,-3.521064662619722174e+00
1.056970840361596498e+00,-1.301580190819012772e+00,1.884723159089269906e+00,-2.870401604976403398e+00,-1.215840030022890650e+00,-3.521314457831386413e+00
1.056661246780070007e+00,-1.301500930328171046e+00,1.884596666971185330e+00,-2.870268048916874370e+00,-1.215636673583572858e+00,-3.521563387253102473e+00
1.056352812445625400e+00,-1.301421857261420900e+00,1.884470484493850684e+00,-2.870134890274315786e+00,-1.215434095664154057e+00,-3.521811416342000456e+00
1.056045580062709544e+00,-1.301342983330422198e+00,1.884344630251812536e+00,-2.870002148208658177e+00,-1.215232324205993475e+00,-3.522058510555212241e+00
1.055739592335771748e+00,-1.301264320246836137e+00,1.884219122839617233e+00,-2.869869841879830297e+00,-1.215031387150451447e+00,-3.522304635349867930e+00
1.055434891969259992e+00,-1.301185879722321914e+00,1.884093980851811345e+00,-2.869737990447760900e+00,-1.214831312438887867e+00,-3.522549756183099845e+00
1.055131521667621808e+00,-1.301107673468540504e+00,1.883969222882941885e+00,-2.869606613072378742e+00,-1.214632128012663070e+00,-3.522793838512038089e+00
1.054829524135305840e+00,-1.301029713197152216e+00,1.883844867527554978e+00,-2.869475728913613466e+00,-1.214433861813136728e+00,-3.523036847793813653e+00
1.054528942076760512e+00,-1.300952010619816912e+00,1.883720933380196749e+00,-2.869345357131393826e+00,-1.214236541781668954e+00,-3.523278749485557526e+00
1.054229818196433133e+00,-1.300874577448195346e+00,1.883597439035414656e+00,-2.869215516885648132e+00,-1.214040195859619864e+00,-3.523519509044402032e+00
1.053932195198772792e+00,-1.300797425393947826e+00,1.883474403087754823e+00,-2.869086227336306916e+00,-1.213844851988349571e+00,-3.523759091927476383e+00
1.053636115788227245e+00,-1.300720566168733994e+00,1.883351844131764041e+00,-2.868957507643298044e+00,-1.213650538109217747e+00,-3.523997463591912460e+00
1.053341622669244693e+00,-1.300644011484214824e+00,1.883229780761988215e+00,-2.868829376966551159e+00,-1.213457282163584283e+00,-3.524234589494840808e+00
1.053048758546273334e+00,-1.300567773052050402e+00,1.883108231572974356e+00,-2.868701854465995016e+00,-1.213265112092809739e+00,-3.524470435093394194e+00
1.052757566123761368e+00,-1.300491862583900815e+00,1.882987215159269256e+00,-2.868574959301557925e+00,-1.213074055838253784e+00,-3.524704965844701832e+00
1.052468088106156996e+00,-1.300416291791426593e+00,1.882866750115418819e+00,-2.868448710633170862e+00,-1.212884141341276534e+00,-3.524938147205894268e+00
1.052180367197908195e+00,-1.300341072386288266e+00,1.882746855035970057e+00,-2.868323127620760804e+00,-1.212695396543237658e+00,-3.525169944634105157e+00
1.051894446103463165e+00,-1.300266216080145476e+00,1.882627548515469540e+00,-2.868198229424257395e+00,-1.212507849385497716e+00,-3.525400323586462825e+00
1.051610365006840686e+00,-1.300191734051681536e+00,1.882508848289511150e+00,-2.868074034220969182e+00,-1.212321526134905847e+00,-3.525629251511747775e+00
1.051328145853206664e+00,-1.300117633622736468e+00,1.882390765877958394e+00,-2.867950553077560194e+00,-1.212136440940872806e+00,-3.525856710271117578e+00
1.051047802562682376e+00,-1.300043920418150423e+00,1.882273310065771588e+00,-2.867827793932031355e+00,-1.211952602621168662e+00,-3.526082688067133208e+00
1.050769349020632459e+00,-1.299970600055414094e+00,1.882156489626065188e+00,-2.867705764708833094e+00,-1.211770019970473733e+00,-3.526307173129824335e+00
1.050492799112421993e+00,-1.299897678152018399e+00,1.882040313331954984e+00,-2.867584473332416728e+00,-1.211588701783467448e+00,-3.526530153689216185e+00
1.050218166723416946e+00,-1.299825160325453588e+00,1.881924789956555433e+00,-2.867463927727231354e+00,-1.211408656854830346e+00,-3.526751617975337094e+00
1.049945465738982397e+00,-1.299753052193210578e+00,1.881809928272981880e+00,-2.867344135817729178e+00,-1.211229893979241412e+00,-3.526971554218213178e+00
1.049674710044483206e+00,-1.299681359372780287e+00,1.881695737054349227e+00,-2.867225105528360185e+00,-1.211052421951380520e+00,-3.527189950647872330e+00
1.049405913525284673e+00,-1.299610087481652743e+00,1.881582225073773262e+00,-2.867106844783575248e+00,-1.210876249565928431e+00,-3.527406795494341107e+00
1.049139090066752322e+00,-1.299539242137319084e+00,1.881469401104368444e+00,-2.866989361507824796e+00,-1.210701385617563908e+00,-3.527622076987646960e+00
1.048874253554251679e+00,-1.299468828957270006e+00,1.881357273919249673e+00,-2.866872663625559703e+00,-1.210527838900967712e+00,-3.527835783357817334e+00
1.048611417873146934e+00,-1.299398853558995981e+00,1.881245852291532739e+00,-2.866756759061230841e+00,-1.210355618210818829e+00,-3.528047902834878347e+00
1.048350596908804500e+00,-1.299329321559987704e+00,1.881135144994332320e+00,-2.866641655739288641e+00,-1.210184732341797131e+00,-3.528258423648857889e+00
1.048091804546588790e+00,-1.299260238577736093e+00,1.881025160800763762e+00,-2.866527361584183087e+00,-1.210015190088583603e+00,-3.528467334029783853e+00
1.047835054671865551e+00,-1.299191610229731175e+00,1.880915908483941745e+00,-2.866413884520365940e+00,-1.209847000245856785e+00,-3.528674622207681466e+00
1.047580361170000085e+00,-1.299123442133464534e+00,1.880807396816981836e+00,-2.866301232472287186e+00,-1.209680171608297217e+00,-3.528880276412579509e+00
1.047327737926357027e+00,-1.299055739906425977e+00,1.880699634572998935e+00,-2.866189413364398586e+00,-1.209514712970584105e+00,-3.529084284874504096e+00
1.047077198826302347e+00,-1.298988509166107086e+00,1.880592630525107722e+00,-2.866078435121149681e+00,-1.209350633127398211e+00,-3.529286635823482676e+00
1.046828757755201122e+00,-1.298921755529997890e+00,1.880486393446424209e+00,-2.865968305666991345e+00,-1.209187940873418521e+00,-3.529487317489542253e+00
1.046582428598418213e+00,-1.298855484615588640e+00,1.880380932110062853e+00,-2.865859032926374006e+00,-1.209026645003325129e+00,-3.529686318102710274e+00
1.046338225241319142e+00,-1.298789702040371141e+00,1.880276255289138776e+00,-2.865750624823749426e+00,-1.208866754311798131e+00,-3.529883625893013299e+00
1.046096161569269212e+00,-1.298724413421835200e+00,1.880172371756767102e+00,-2.865643089283567146e+00,-1.208708277593516955e+00,-3.530079229090479220e+00
1.045856251467633502e+00,-1.298659624377471733e+00,1.880069290286063399e+00,-2.865536434230278484e+00,-1.208551223643161698e+00,-3.530273115925134153e+00
1.045618508821777093e+00,-1.298595340524771657e+00,1.879967019650141902e+00,-2.865430667588333424e+00,-1.208395601255412233e+00,-3.530465274627006433e+00
1.045382947517066174e+00,-1.298531567481225224e+00,1.879865568622118621e+00,-2.865325797282183728e+00,-1.208241419224948210e+00,-3.530655693426122177e+00
1.045149581438865161e+00,-1.298468310864323350e+00,1.879764945975108015e+00,-2.865221831236278494e+00,-1.208088686346449503e+00,-3.530844360552509276e+00
1.044918424472539131e+00,-1.298405576291556729e+00,1.879665160482225206e+00,-2.865118777375069925e+00,-1.207937411414595985e+00,-3.531031264236193845e+00
1.044689490503453833e+00,-1.298343369380415835e+00,1.879566220916585984e+00,-2.865016643623008008e+00,-1.207787603224067530e+00,-3.531216392707204221e+00
1.044462793416974344e+00,-1.298281695748391362e+00,1.879468136051304583e+00,-2.864915437904543172e+00,-1.207639270569543788e+00,-3.531399734195566964e+00
1.044238347098465969e+00,-1.298220561012974450e+00,1.879370914659496572e+00,-2.864815168144127178e+00,-1.207492422245705299e+00,-3.531581276931308189e+00
1.044016165433294008e+00,-1.298159970791655349e+00,1.879274565514277073e+00,-2.864715842266209123e+00,-1.207347067047230826e+00,-3.531761009144457564e+00
1.043796262306823763e+00,-1.298099930701924754e+00,1.879179097388760988e+00,-2.864617468195240768e+00,-1.207203213768800465e+00,-3.531938919065038984e+00
1.043578651604419871e+00,-1.298040446361273359e+00,1.879084519056063218e+00,-2.864520053855673432e+00,-1.207060871205094532e+00,-3.532114994923082119e+00
1.043363347211448522e+00,-1.297981523387191638e+00,1.878990839289299331e+00,-2.864423607171955322e+00,-1.206920048150792901e+00,-3.532289224948613082e+00
1.043150363013274129e+00,-1.297923167397170507e+00,1.878898066861584448e+00,-2.864328136068539532e+00,-1.206780753400574779e+00,-3.532461597371658879e+00
1.042939712895262439e+00,-1.297865384008700884e+00,1.878806210546033251e+00,-2.864233648469875604e+00,-1.206642995749120484e+00,-3.532632100422246957e+00
1.042731410742778753e+00,-1.297808178839273019e+00,1.878715279115760861e+00,-2.864140152300414410e+00,-1.206506783991109666e+00,-3.532800722330404319e+00
1.042525470441187929e+00,-1.297751557506377829e+00,1.878625281343882847e+00,-2.864047655484606825e+00,-1.206372126921222199e+00,-3.532967451326158415e+00
1.042321905875855714e+00,-1.297695525627505786e+00,1.878536226003513887e+00,-2.863956165946903276e+00,-1.206239033334137734e+00,-3.533132275639535358e+00
1.042120730932146966e+00,-1.297640088820147586e+00,1.878448121867769549e+00,-2.863865691611754638e+00,-1.206107512024536588e+00,-3.533295183500563486e+00
1.041921959495426764e+00,-1.297585252701793923e+00,1.878360977709764068e+00,-2.863776240403611784e+00,-1.205977571787098190e+00,-3.533456163139268913e+00
1.041725605451061076e+00,-1.297531022889935493e+00,1.878274802302613011e+00,-2.863687820246924698e+00,-1.205849221416502415e+00,-3.533615202785679976e+00
1.041531682684414317e+00,-1.297477405002062989e+00,1.878189604419431946e+00,-2.863600439066143810e+00,-1.205722469707429134e+00,-3.533772290669822347e+00
1.041340205080852455e+00,-1.297424404655667329e+00,1.878105392833335330e+00,-2.863514104785721326e+00,-1.205597325454558222e+00,-3.533927415021724361e+00
1.041151186525740124e+00,-1.297372027468238542e+00,1.878022176317438729e+00,-2.863428825330106342e+00,-1.205473797452569551e+00,-3.534080564071412578e+00
1.040964640904443517e+00,-1.297320279057267767e+00,1.877939963644856824e+00,-2.863344608623750620e+00,-1.205351894496142995e+00,-3.534231726048914002e+00
1.040780582102326823e+00,-1.297269165040245920e+00,1.877858763588704960e+00,-2.863261462591104145e+00,-1.205231625379957983e+00,-3.534380889184256080e+00
1.040599024004755568e+00,-1.297218691034663030e+00,1.877778584922098259e+00,-2.863179395156617790e+00,-1.205112998898694832e+00,-3.534528041707465373e+00
1.040419980497095498e+00,-1.297168862658010458e+00,1.877699436418151402e+00,-2.863098414244742873e+00,-1.204996023847033193e+00,-3.534673171848569329e+00
1.040243465464711248e+00,-1.297119685527777788e+00,1.877621326849980399e+00,-2.863018527779928935e+00,-1.204880709019652718e+00,-3.534816267837595394e+00
1.040069492792968342e+00,-1.297071165261457049e+00,1.877544264990699263e+00,-2.862939743686626848e+00,-1.204767063211233724e+00,-3.534957317904570573e+00
1.039898076367232083e+00,-1.297023307476538045e+00,1.877468259613423562e+00,-2.862862069889288374e+00,-1.204655095216455418e+00,-3.535096310279521425e+00
1.039729230072867550e+00,-1.296976117790511918e+00,1.877393319491268642e+00,-2.862785514312362611e+00,-1.204544813829998118e+00,-3.535233233192476732e+00
1.039562967795240267e+00,-1.296929601820868694e+00,1.877319453397349402e+00,-2.862710084880302208e+00,-1.204436227846541696e+00,-3.535368074873460387e+00
1.039399303419715537e+00,-1.296883765185099513e+00,1.877246670104780968e+00,-2.862635789517555818e+00,-1.204329346060765582e+00,-3.535500823552503391e+00
1.039238250831657995e+00,-1.296838613500695070e+00,1.877174978386678239e+00,-2.862562636148574757e+00,-1.204224177267349871e+00,-3.535631467459630084e+00
1.039079823916433609e+00,-1.296794152385145837e+00,1.877104387016156783e+00,-2.862490632697810788e+00,-1.204120730260973993e+00,-3.535759994824868802e+00
1.038924036559407016e+00,-1.296750387455942732e+00,1.877034904766331280e+00,-2.862419787089713008e+00,-1.204019013836318486e+00,-3.535886393878245659e+00
1.038770902645943961e+00,-1.296707324330576450e+00,1.876966540410316853e+00,-2.862350107248732733e+00,-1.203919036788062780e+00,-3.536010652849788993e+00
1.038620436061409524e+00,-1.296664968626537018e+00,1.876899302721228402e+00,-2.862281601099321282e+00,-1.203820807910886970e+00,-3.536132759969524919e+00
1.038472650691168564e+00,-1.296623325961316020e+00,1.876833200472181939e+00,-2.862214276565927751e+00,-1.203724335999470263e+00,-3.536252703467481773e+00
1.038327560420587270e+00,-1.296582401952403485e+00,1.876768242436291700e+00,-2.862148141573004789e+00,-1.203629629848492977e+00,-3.536370471573685226e+00
1.038185179135030278e+00,-1.296542202217290107e+00,1.876704437386672808e+00,-2.862083204045001938e+00,-1.203536698252634984e+00,-3.536486052518163614e+00
1.038045520719862447e+00,-1.296502732373467026e+00,1.876641794096440830e+00,-2.862019471906369184e+00,-1.203445550006576159e+00,-3.536599434530943498e+00
1.037908599060449744e+00,-1.296463998038424492e+00,1.876580321338710444e+00,-2.861956953081558730e+00,-1.203356193904995930e+00,-3.536710605842051880e+00
1.037774428042156805e+00,-1.296426004829653200e+00,1.876520027886597219e+00,-2.861895655495020563e+00,-1.203268638742574392e+00,-3.536819554681516209e+00
1.037643021550349820e+00,-1.296388758364644067e+00,1.876460922513215390e+00,-2.861835587071205111e+00,-1.203182893313991420e+00,-3.536926269279363488e+00
1.037514393470393204e+00,-1.296352264260887788e+00,1.876403013991681190e+00,-2.861776755734563249e+00,-1.203098966413926663e+00,-3.537030737865620722e+00
1.037388557687652035e+00,-1.296316528135874613e+00,1.876346311095109076e+00,-2.861719169409545405e+00,-1.203016866837059995e+00,-3.537132948670314914e+00
1.037265528087492505e+00,-1.296281555607095459e+00,1.876290822596614172e+00,-2.861662836020602896e+00,-1.202936603378071734e+00,-3.537232889923473511e+00
1.037145318555279250e+00,-1.296247352292041022e+00,1.876236557269311378e+00,-2.861607763492186152e+00,-1.202858184831641086e+00,-3.537330549855123518e+00
1.037027942976377126e+00,-1.296213923808201995e+00,1.876183523886316262e+00,-2.861553959748745157e+00,-1.202781619992448148e+00,-3.537425916695291939e+00
1.036913415236152325e+00,-1.296181275773069075e+00,1.876131731220743726e+00,-2.861501432714731230e+00,-1.202706917655172569e+00,-3.537518978674006220e+00
1.036801749219969260e+00,-1.296149413804132955e+00,1.876081188045708670e+00,-2.861450190314595243e+00,-1.202634086614494446e+00,-3.537609724021292479e+00
1.036692958813193899e+00,-1.296118343518884108e+00,1.876031903134326662e+00,-2.861400240472787182e+00,-1.202563135665093430e+00,-3.537698140967179494e+00
1.036587057901191100e+00,-1.296088070534813008e+00,1.875983885259712380e+00,-2.861351591113758364e+00,-1.202494073601649616e+00,-3.537784217741693382e+00
1.036484060369326166e+00,-1.296058600469411015e+00,1.875937143194981171e+00,-2.861304250161959217e+00,-1.202426909218842432e+00,-3.537867942574861146e+00
1.036383980102964175e+00,-1.296029938940168380e+00,1.875891685713247714e+00,-2.861258225541840616e+00,-1.202361651311351975e+00,-3.537949303696709791e+00
1.036286830987470653e+00,-1.296002091564575798e+00,1.875847521587627798e+00,-2.861213525177852102e+00,-1.202298308673857896e+00,-3.538028289337267651e+00
1.036192626908210679e+00,-1.295975063960123741e+00,1.875804659591235879e+00,-2.861170156994445879e+00,-1.202236890101040512e+00,-3.538104887726560399e+00
1.036101381750549777e+00,-1.295948861744303349e+00,1.875763108497187304e+00,-2.861128128916071933e+00,-1.202177404387579029e+00,-3.538179087094615927e+00
1.036013109399852361e+00,-1.295923490534604872e+00,1.875722877078597195e+00,-2.861087448867181138e+00,-1.202119860328153766e+00,-3.538250875671461682e+00
1.035927823741484843e+00,-1.295898955948519227e+00,1.875683974108580676e+00,-2.861048124772223922e+00,-1.202064266717443930e+00,-3.538320241687123779e+00
1.035845538660812082e+00,-1.295875263603537109e+00,1.875646408360252870e+00,-2.861010164555651158e+00,-1.202010632350129837e+00,-3.538387173371629668e+00
1.035766268043198712e+00,-1.295852419117148768e+00,1.875610188606728679e+00,-2.860973576141912389e+00,-1.201958966020891584e+00,-3.538451658955006351e+00
1.035690025774010925e+00,-1.295830428106845345e+00,1.875575323621123669e+00,-2.860938367455460707e+00,-1.201909276524408599e+00,-3.538513686667281721e+00
1.035616825738612912e+00,-1.295809296190117532e+00,1.875541822176552298e+00,-2.860904546420744765e+00,-1.201861572655360755e+00,-3.538573244738482781e+00
1.035546681822370862e+00,-1.295789028984455582e+00,1.875509693046130133e+00,-2.860872120962215881e+00,-1.201815863208427482e+00,-3.538630321398635648e+00
1.035479607910649857e+00,-1.295769632107350633e+00,1.875478945002972075e+00,-2.860841099004324928e+00,-1.201772156978289541e+00,-3.538684904877768655e+00
1.035415617888814532e+00,-1.295751111176293158e+00,1.875449586820193248e+00,-2.860811488471522335e+00,-1.201730462759626139e+00,-3.538736983405907477e+00
1.035354725642231077e+00,-1.295733471808773407e+00,1.875421627270908775e+00,-2.860783297288258087e+00,-1.201690789347117372e+00,-3.538786545213080448e+00
1.035296945056263906e+00,-1.295716719622282520e+00,1.875395075128233557e+00,-2.860756533378984390e+00,-1.201653145535442446e+00,-3.538833578529315016e+00
1.035242290016278544e+00,-1.295700860234311413e+00,1.875369939165283162e+00,-2.860731204668150784e+00,-1.201617540119282124e+00,-3.538878071584636853e+00
1.035190774407640513e+00,-1.295685899262350338e+00,1.875346228155172268e+00,-2.860707319080208144e+00,-1.201583981893315833e+00,-3.538920012609074295e+00
1.035142412115714672e+00,-1.295671842323889988e+00,1.875323950871016443e+00,-2.860684884539607342e+00,-1.201552479652223226e+00,-3.538959389832653901e+00
1.035097217025866545e+00,-1.295658695036421060e+00,1.875303116085930366e+00,-2.860663908970798808e+00,-1.201523042190684176e+00,-3.538996191485402676e+00
1.035055203023461434e+00,-1.295646463017434247e+00,1.875283732573028939e+00,-2.860644400298232970e+00,-1.201495678303378556e+00,-3.539030405797348067e+00
1.035016383993864197e+00,-1.295635151884420466e+00,1.875265809105427506e+00,-2.860626366446362034e+00,-1.201470396784986683e+00,-3.539062020998517077e+00
1.034980773822440359e+00,-1.295624767254869969e+00,1.875249354456241413e+00,-2.860609815339634210e+00,-1.201447206430187764e+00,-3.539091025318937600e+00
1.034948386394554998e+00,-1.295615314746273672e+00,1.875234377398585783e+00,-2.860594754902502590e+00,-1.201426116033661673e+00,-3.539117406988634862e+00
1.034919235595573861e+00,-1.295606799976122048e+00,1.875220886705575296e+00,-2.860581193059415828e+00,-1.201407134390088727e+00,-3.539141154237638087e+00
1.034893335310861806e+00,-1.295599228561906013e+00,1.875208891150325297e+00,-2.860569137734826572e+00,-1.201390270294148133e+00,-3.539162255295972948e+00
1.034870699425783913e+00,-1.295592606121116264e+00,1.875198399505950686e+00,-2.860558596853183477e+00,-1.201375532540520208e+00,-3.539180698393666891e+00
1.034851341825705706e+00,-1.295586938271243271e+00,1.875189420545566810e+00,-2.860549578338938304e+00,-1.201362929923884604e+00,-3.539196471760747809e+00
1.034835276395992487e+00,-1.295582230629777953e+00,1.875181963042288569e+00,-2.860542090116541480e+00,-1.201352471238921193e+00,-3.539209563627241373e+00
1.034822517022009114e+00,-1.295578488814210560e+00,1.875176035769231309e+00,-2.860536140110444325e+00,-1.201344165280309628e+00,-3.539219962223176807e+00
1.034813077589121555e+00,-1.295575718442032009e+00,1.875171647499510152e+00,-2.860531736245096379e+00,-1.201338020842730003e+00,-3.539227655778578896e+00
1.034806971982694224e+00,-1.295573925130732995e+00,1.875168807006239780e+00,-2.860528886444949404e+00,-1.201334046720861970e+00,-3.539232632523476418e+00
1.034804214088093088e+00,-1.295573114497804434e+00,1.875167523062535535e+00,-2.860527598634453383e+00,-1.201332251709385623e+00,-3.539234880687895934e+00
1.034804817790682785e+00,-1.295573292160736356e+00,1.875167804441512764e+00,-2.860527880738059192e+00,-1.201332644602980393e+00,-3.539234388501864448e+00
