q1,q2,q3,q4,q5,q6
-5.011455059051513672e+00,-1.043902635574340820e+00,1.190927743911743164e+00,-1.193669080734252930e+00,-9.497218728065490723e-01,-5.500769615173339844e+00
-5.011456982273424288e+00,-1.043902080768892349e+00,1.190927011770429145e+00,-1.193668995604183047e+00,-9.497228395292154346e-01,-5.500769553278746393e+00
-5.011462740466976484e+00,-1.043900425790589059e+00,1.190924827345196890e+00,-1.193668737904541421e+00,-9.497257268371532835e-01,-5.500769373085210745e+00
-5.011472316423898121e+00,-1.043897684796494474e+00,1.190921208634111883e+00,-1.193668304171180861e+00,-9.497305154402703176e-01,-5.500769082828099066e+00
-5.011485692935917058e+00,-1.043893871943671448e+00,1.190916173635239828e+00,-1.193667690939952841e+00,-9.497371860484749018e-01,-5.500768690742775746e+00
-5.011502852794763818e+00,-1.043889001389183724e+00,1.190909740346645762e+00,-1.193666894746710394e+00,-9.497457193716745127e-01,-5.500768205064608729e+00
-5.011523778792165373e+00,-1.043883087290094602e+00,1.190901926766394947e+00,-1.193665912127305218e+00,-9.497560961197772933e-01,-5.500767634028962405e+00
-5.011548453719851359e+00,-1.043876143803467160e+00,1.190892750892553309e+00,-1.193664739617589898e+00,-9.497682970026912752e-01,-5.500766985871203829e+00
-5.011576860369549635e+00,-1.043868185086364919e+00,1.190882230723185442e+00,-1.193663373753416579e+00,-9.497823027303242682e-01,-5.500766268826697392e+00
-5.011608981532988949e+00,-1.043859225295850957e+00,1.190870384256357273e+00,-1.193661811070637846e+00,-9.497980940125841931e-01,-5.500765491130810148e+00
-5.011644800001898936e+00,-1.043849278588988794e+00,1.190857229490134284e+00,-1.193660048105105176e+00,-9.498156515593791926e-01,-5.500764661018907375e+00
-5.011684298568006568e+00,-1.043838359122841508e+00,1.190842784422581291e+00,-1.193658081392671599e+00,-9.498349560806169656e-01,-5.500763786726357019e+00
-5.011727460023041480e+00,-1.043826481054472843e+00,1.190827067051764221e+00,-1.193655907469189259e+00,-9.498559882862056547e-01,-5.500762876488521691e+00
-5.011774267158732421e+00,-1.043813658540945655e+00,1.190810095375748112e+00,-1.193653522870510075e+00,-9.498787288860529587e-01,-5.500761938540769336e+00
-5.011824702766807249e+00,-1.043799905739323686e+00,1.190791887392598447e+00,-1.193650924132486635e+00,-9.499031585900670205e-01,-5.500760981118466120e+00
-5.011878749638995600e+00,-1.043785236806669792e+00,1.190772461100380486e+00,-1.193648107790970858e+00,-9.499292581081557607e-01,-5.500760012456976433e+00
-5.011936390567025335e+00,-1.043769665900047272e+00,1.190751834497159711e+00,-1.193645070381815554e+00,-9.499570081502271002e-01,-5.500759040791666443e+00
-5.011997608342624311e+00,-1.043753207176520093e+00,1.190730025581001605e+00,-1.193641808440872865e+00,-9.499863894261887376e-01,-5.500758074357904093e+00
-5.012062385757523053e+00,-1.043735874793150886e+00,1.190707052349971207e+00,-1.193638318503994489e+00,-9.500173826459490378e-01,-5.500757121391053772e+00
-5.012130705603449421e+00,-1.043717682907003397e+00,1.190682932802134220e+00,-1.193634597107033235e+00,-9.500499685194156996e-01,-5.500756190126481648e+00
-5.012202550672131274e+00,-1.043698645675140702e+00,1.190657684935556127e+00,-1.193630640785841468e+00,-9.500841277564967546e-01,-5.500755288799552112e+00
-5.012277903755299135e+00,-1.043678777254626100e+00,1.190631326748301522e+00,-1.193626446076270886e+00,-9.501198410671001238e-01,-5.500754425645633994e+00
-5.012356747644678201e+00,-1.043658091802523114e+00,1.190603876238436776e+00,-1.193622009514174076e+00,-9.501570891611335057e-01,-5.500753608900090796e+00
-5.012439065132000771e+00,-1.043636603475894820e+00,1.190575351404026483e+00,-1.193617327635403624e+00,-9.501958527485051542e-01,-5.500752846798289575e+00
-5.012524839008992927e+00,-1.043614326431804518e+00,1.190545770243136570e+00,-1.193612396975811452e+00,-9.502361125391229901e-01,-5.500752147575595608e+00
-5.012614052067385195e+00,-1.043591274827315951e+00,1.190515150753832296e+00,-1.193607214071249700e+00,-9.502778492428947121e-01,-5.500751519467375950e+00
-5.012706687098904546e+00,-1.043567462819491976e+00,1.190483510934178479e+00,-1.193601775457570957e+00,-9.503210435697285741e-01,-5.500750970708994991e+00
-5.012802726895280614e+00,-1.043542904565395890e+00,1.190450868782241045e+00,-1.193596077670627142e+00,-9.503656762295323857e-01,-5.500750509535819788e+00
-5.012902154248241260e+00,-1.043517614222091217e+00,1.190417242296085476e+00,-1.193590117246271065e+00,-9.504117279322139566e-01,-5.500750144183215617e+00
-5.013004951949516119e+00,-1.043491605946641254e+00,1.190382649473777033e+00,-1.193583890720354646e+00,-9.504591793876813188e-01,-5.500749882886547759e+00
-5.013111102790833051e+00,-1.043464893896109302e+00,1.190347108313380531e+00,-1.193577394628729804e+00,-9.505080113058425040e-01,-5.500749733881184156e+00
-5.013220589563919916e+00,-1.043437492227558439e+00,1.190310636812962120e+00,-1.193570625507249350e+00,-9.505582043966053218e-01,-5.500749705402489198e+00
-5.013333395060508124e+00,-1.043409415098052406e+00,1.190273252970586615e+00,-1.193563579891765425e+00,-9.506097393698778042e-01,-5.500749805685829052e+00
-5.013449502072321984e+00,-1.043380676664654283e+00,1.190234974784319721e+00,-1.193556254318130394e+00,-9.506625969355678718e-01,-5.500750042966569886e+00
-5.013568893391094683e+00,-1.043351291084427368e+00,1.190195820252226699e+00,-1.193548645322196178e+00,-9.507167578035834454e-01,-5.500750425480076977e+00
-5.013691551808551417e+00,-1.043321272514434961e+00,1.190155807372372809e+00,-1.193540749439815363e+00,-9.507722026838324458e-01,-5.500750961461717381e+00
-5.013817460116423597e+00,-1.043290635111740139e+00,1.190114954142823755e+00,-1.193532563206840313e+00,-9.508289122862227938e-01,-5.500751659146856376e+00
-5.013946601106436418e+00,-1.043259393033406868e+00,1.190073278561644576e+00,-1.193524083159122728e+00,-9.508868673206625211e-01,-5.500752526770859241e+00
-5.014078957570321293e+00,-1.043227560436498003e+00,1.190030798626900754e+00,-1.193515305832515416e+00,-9.509460484970595484e-01,-5.500753572569092142e+00
-5.014214512299806081e+00,-1.043195151478076843e+00,1.189987532336657772e+00,-1.193506227762870298e+00,-9.510064365253217966e-01,-5.500754804776922136e+00
-5.014353248086619530e+00,-1.043162180315206689e+00,1.189943497688980667e+00,-1.193496845486039737e+00,-9.510680121153571864e-01,-5.500756231629713611e+00
-5.014495147722489499e+00,-1.043128661104951060e+00,1.189898712681935145e+00,-1.193487155537876321e+00,-9.511307559770736386e-01,-5.500757861362833623e+00
-5.014640193999146511e+00,-1.043094608004373480e+00,1.189853195313586687e+00,-1.193477154454232192e+00,-9.511946488203791850e-01,-5.500759702211647451e+00
-5.014788369708315763e+00,-1.043060035170536581e+00,1.189806963582000110e+00,-1.193466838770959271e+00,-9.512596713551816352e-01,-5.500761762411520372e+00
-5.014939657641729553e+00,-1.043024956760503885e+00,1.189760035485241563e+00,-1.193456205023910144e+00,-9.513258042913891321e-01,-5.500764050197820332e+00
-5.015094040591113966e+00,-1.042989386931339135e+00,1.189712429021375417e+00,-1.193445249748936732e+00,-9.513930283389093745e-01,-5.500766573805911719e+00
-5.015251501348199525e+00,-1.042953339840105409e+00,1.189664162188468044e+00,-1.193433969481892065e+00,-9.514613242076503941e-01,-5.500769341471160701e+00
-5.015412022704712314e+00,-1.042916829643865784e+00,1.189615252984584259e+00,-1.193422360758627399e+00,-9.515306726075202226e-01,-5.500772361428933444e+00
-5.015575587452383743e+00,-1.042879870499683781e+00,1.189565719407789768e+00,-1.193410420114995762e+00,-9.516010542484267809e-01,-5.500775641914594338e+00
-5.015742178382939898e+00,-1.042842476564622700e+00,1.189515579456149386e+00,-1.193398144086849300e+00,-9.516724498402778787e-01,-5.500779191163512216e+00
-5.015911778288112188e+00,-1.042804661995746063e+00,1.189464851127729039e+00,-1.193385529210039930e+00,-9.517448400929816588e-01,-5.500783017411050579e+00
-5.016084369959626699e+00,-1.042766440950116502e+00,1.189413552420593767e+00,-1.193372572020420241e+00,-9.518182057164458199e-01,-5.500787128892576483e+00
-5.016259936189213064e+00,-1.042727827584798206e+00,1.189361701332809051e+00,-1.193359269053842375e+00,-9.518925274205785048e-01,-5.500791533843456094e+00
-5.016438459768600033e+00,-1.042688836056854029e+00,1.189309315862440597e+00,-1.193345616846158697e+00,-9.519677859152874122e-01,-5.500796240499052914e+00
-5.016619923489517241e+00,-1.042649480523347272e+00,1.189256414007553220e+00,-1.193331611933221348e+00,-9.520439619104807960e-01,-5.500801257094736663e+00
-5.016804310143690770e+00,-1.042609775141341233e+00,1.189203013766212624e+00,-1.193317250850882694e+00,-9.521210361160664659e-01,-5.500806591865869954e+00
-5.016991602522851146e+00,-1.042569734067899434e+00,1.189149133136483849e+00,-1.193302530134995099e+00,-9.521989892419522317e-01,-5.500812253047820732e+00
-5.017181783418727115e+00,-1.042529371460084731e+00,1.189094790116432820e+00,-1.193287446321410483e+00,-9.522778019980462361e-01,-5.500818248875952499e+00
-5.017374835623045648e+00,-1.042488701474961088e+00,1.189040002704124355e+00,-1.193271995945981434e+00,-9.523574550942562889e-01,-5.500824587585634973e+00
-5.017570741927536382e+00,-1.042447738269591584e+00,1.188984788897624378e+00,-1.193256175544560094e+00,-9.524379292404904218e-01,-5.500831277412229880e+00
-5.017769485123928064e+00,-1.042406496001038851e+00,1.188929166694997708e+00,-1.193239981652999049e+00,-9.525192051466565557e-01,-5.500838326591106942e+00
-5.017971048003949441e+00,-1.042364988826367522e+00,1.188873154094310047e+00,-1.193223410807149776e+00,-9.526012635226625003e-01,-5.500845743357629658e+00
-5.018175413359328374e+00,-1.042323230902639564e+00,1.188816769093626435e+00,-1.193206459542865305e+00,-9.526840850784162873e-01,-5.500853535947164197e+00
-5.018382563981794497e+00,-1.042281236386919163e+00,1.188760029691012798e+00,-1.193189124395997780e+00,-9.527676505238258375e-01,-5.500861712595077613e+00
-5.018592482663075671e+00,-1.042239019436269398e+00,1.188702953884534397e+00,-1.193171401902399120e+00,-9.528519405687992938e-01,-5.500870281536735185e+00
-5.018805152194901531e+00,-1.042196594207753346e+00,1.188645559672256047e+00,-1.193153288597921691e+00,-9.529369359232443548e-01,-5.500879251007502191e+00
-5.019020555368999048e+00,-1.042153974858434751e+00,1.188587865052243675e+00,-1.193134781018418300e+00,-9.530226172970689413e-01,-5.500888629242743910e+00
-5.019238674977097858e+00,-1.042111175545376467e+00,1.188529888022562320e+00,-1.193115875699740425e+00,-9.531089654001811962e-01,-5.500898424477829174e+00
-5.019459493810926709e+00,-1.042068210425642238e+00,1.188471646581277685e+00,-1.193096569177740873e+00,-9.531959609424889290e-01,-5.500908644948121484e+00
-5.019682994662213460e+00,-1.042025093656295365e+00,1.188413158726454810e+00,-1.193076857988271788e+00,-9.532835846339000607e-01,-5.500919298888987008e+00
-5.019909160322687747e+00,-1.041981839394398479e+00,1.188354442456159177e+00,-1.193056738667185535e+00,-9.533718171843226230e-01,-5.500930394535792800e+00
-5.020137973584076541e+00,-1.041938461797015769e+00,1.188295515768456490e+00,-1.193036207750333810e+00,-9.534606393036645366e-01,-5.500941940123903251e+00
-5.020369417238110366e+00,-1.041894975021209868e+00,1.188236396661411565e+00,-1.193015261773569646e+00,-9.535500317018335004e-01,-5.500953943888685416e+00
-5.020603474076517081e+00,-1.041851393224044520e+00,1.188177103133090107e+00,-1.192993897272744741e+00,-9.536399750887378790e-01,-5.500966414065504573e+00
-5.020840126891025434e+00,-1.041807730562582801e+00,1.188117653181557376e+00,-1.192972110783711903e+00,-9.537304501742853713e-01,-5.500979358889726889e+00
-5.021079358473363285e+00,-1.041764001193888456e+00,1.188058064804878855e+00,-1.192949898842323053e+00,-9.538214376683838980e-01,-5.500992786596718531e+00
-5.021321151615260270e+00,-1.041720219275024117e+00,1.187998356001119804e+00,-1.192927257984430334e+00,-9.539129182809413798e-01,-5.501006705421844778e+00
-5.021565489108444247e+00,-1.041676398963053529e+00,1.187938544768345706e+00,-1.192904184745886331e+00,-9.540048727218659597e-01,-5.501021123600471796e+00
-5.021812353744644852e+00,-1.041632554415039991e+00,1.187878649104621820e+00,-1.192880675662543188e+00,-9.540972817010653362e-01,-5.501036049367965752e+00
-5.022061728315589946e+00,-1.041588699788046801e+00,1.187818687008013852e+00,-1.192856727270253048e+00,-9.541901259284476522e-01,-5.501051490959692813e+00
-5.022313595613008275e+00,-1.041544849239137038e+00,1.187758676476586395e+00,-1.192832336104868496e+00,-9.542833861139207174e-01,-5.501067456611017370e+00
-5.022567938428627698e+00,-1.041501016925374223e+00,1.187698635508405598e+00,-1.192807498702241231e+00,-9.543770429673925637e-01,-5.501083954557307365e+00
-5.022824739554177853e+00,-1.041457217003821656e+00,1.187638582101536500e+00,-1.192782211598224062e+00,-9.544710771987710007e-01,-5.501100993033928077e+00
-5.023083981781386598e+00,-1.041413463631542635e+00,1.187578534254044582e+00,-1.192756471328669354e+00,-9.545654695179640603e-01,-5.501118580276244785e+00
-5.023345647901983568e+00,-1.041369770965600461e+00,1.187518509963995106e+00,-1.192730274429428583e+00,-9.546602006348796632e-01,-5.501136724519622767e+00
-5.023609720707697512e+00,-1.041326153163058432e+00,1.187458527229453331e+00,-1.192703617436355001e+00,-9.547552512594258411e-01,-5.501155433999429967e+00
-5.023876182990255401e+00,-1.041282624380980071e+00,1.187398604048485184e+00,-1.192676496885300308e+00,-9.548506021015104039e-01,-5.501174716951030774e+00
-5.024145017541386871e+00,-1.041239198776428232e+00,1.187338758419155260e+00,-1.192648909312116645e+00,-9.549462338710412723e-01,-5.501194581609791356e+00
-5.024416207152820668e+00,-1.041195890506466659e+00,1.187279008339529707e+00,-1.192620851252656600e+00,-9.550421272779264781e-01,-5.501215036211078768e+00
-5.024689734616284653e+00,-1.041152713728158208e+00,1.187219371807673118e+00,-1.192592319242772536e+00,-9.551382630320739420e-01,-5.501236088990257400e+00
-5.024965582723509350e+00,-1.041109682598566843e+00,1.187159866821651644e+00,-1.192563309818316375e+00,-9.552346218433915848e-01,-5.501257748182693419e+00
-5.025243734266220841e+00,-1.041066811274755421e+00,1.187100511379529877e+00,-1.192533819515140703e+00,-9.553311844217874382e-01,-5.501280022023753880e+00
-5.025524172036148762e+00,-1.041024113913787241e+00,1.187041323479373967e+00,-1.192503844869097662e+00,-9.554279314771693121e-01,-5.501302918748802284e+00
-5.025806878784863763e+00,-1.040981604667363225e+00,1.186982321113586591e+00,-1.192473382426626705e+00,-9.555248437188866850e-01,-5.501326446579675178e+00
-5.026091825668109969e+00,-1.040939296138724490e+00,1.186923520639667551e+00,-1.192442431791206126e+00,-9.556219016949903944e-01,-5.501350609830913285e+00
-5.026378956261922326e+00,-1.040897197248230599e+00,1.186864934526633331e+00,-1.192410999837227426e+00,-9.557190855698969312e-01,-5.501375403523880436e+00
-5.026668210130714520e+00,-1.040855316380544959e+00,1.186806574677898851e+00,-1.192379094496678560e+00,-9.558163754522210898e-01,-5.501400821328200408e+00
-5.026959526838897574e+00,-1.040813661920331645e+00,1.186748452996878589e+00,-1.192346723701545708e+00,-9.559137514505773314e-01,-5.501426856913494312e+00
-5.027252845950887838e+00,-1.040772242252253621e+00,1.186690581386987242e+00,-1.192313895383815936e+00,-9.560111936735803395e-01,-5.501453503949385038e+00
-5.027548107031095448e+00,-1.040731065760975182e+00,1.186632971751639953e+00,-1.192280617475476312e+00,-9.561086822298445753e-01,-5.501480756105494585e+00
-5.027845249643937642e+00,-1.040690140831159738e+00,1.186575635994251643e+00,-1.192246897908513237e+00,-9.562061972279849442e-01,-5.501508607051445843e+00
-5.028144213353821890e+00,-1.040649475847470695e+00,1.186518586018236565e+00,-1.192212744614914000e+00,-9.563037187766160185e-01,-5.501537050456859035e+00
-5.028444937725166319e+00,-1.040609079194571907e+00,1.186461833727009862e+00,-1.192178165526665001e+00,-9.564012269843522596e-01,-5.501566079991357938e+00
-5.028747362322381065e+00,-1.040568959257127224e+00,1.186405391023986455e+00,-1.192143168575753531e+00,-9.564987019598083506e-01,-5.501595689324564553e+00
-5.029051426709882477e+00,-1.040529124419800278e+00,1.186349269812581042e+00,-1.192107761694166213e+00,-9.565961238115991971e-01,-5.501625872126102657e+00
-5.029357070452079803e+00,-1.040489583067254253e+00,1.186293481996208765e+00,-1.192071952813889890e+00,-9.566934726483390383e-01,-5.501656622065591584e+00
-5.029664233113390281e+00,-1.040450343584153226e+00,1.186238039478284101e+00,-1.192035749866911631e+00,-9.567907285786426685e-01,-5.501687932812656001e+00
-5.029972854258223158e+00,-1.040411414355160602e+00,1.186182954162221748e+00,-1.191999160785218059e+00,-9.568878717111247711e-01,-5.501719798036916131e+00
-5.030282873450995673e+00,-1.040372803764940457e+00,1.186128237951436626e+00,-1.191962193500795797e+00,-9.569848821543999184e-01,-5.501752211407995752e+00
-5.030594230256116184e+00,-1.040334520198156198e+00,1.186073902749343656e+00,-1.191924855945632356e+00,-9.570817400170829048e-01,-5.501785166595515975e+00
-5.030906864238003706e+00,-1.040296572039471013e+00,1.186019960459357758e+00,-1.191887156051714136e+00,-9.571784254077878584e-01,-5.501818657269098800e+00
-5.031220714961065710e+00,-1.040258967673549417e+00,1.185966422984893631e+00,-1.191849101751028206e+00,-9.572749184351300178e-01,-5.501852677098367117e+00
-5.031535721989720322e+00,-1.040221715485054599e+00,1.185913302229365973e+00,-1.191810700975561188e+00,-9.573711992077237332e-01,-5.501887219752943814e+00
-5.031851824888375901e+00,-1.040184823858650187e+00,1.185860610096190149e+00,-1.191771961657300150e+00,-9.574672478341836879e-01,-5.501922278902450003e+00
-5.032168963221450575e+00,-1.040148301178999812e+00,1.185808358488779968e+00,-1.191732891728231936e+00,-9.575630444231242322e-01,-5.501957848216508573e+00
-5.032487076553353589e+00,-1.040112155830767326e+00,1.185756559310551239e+00,-1.191693499120343169e+00,-9.576585690831604936e-01,-5.501993921364741524e+00
-5.032806104448500406e+00,-1.040076396198616138e+00,1.185705224464918217e+00,-1.191653791765620918e+00,-9.577538019229067112e-01,-5.502030492016769969e+00
-5.033125986471302937e+00,-1.040041030667210098e+00,1.185654365855295822e+00,-1.191613777596052248e+00,-9.578487230509777905e-01,-5.502067553842217684e+00
-5.033446662186175757e+00,-1.040006067621212837e+00,1.185603995385098974e+00,-1.191573464543623562e+00,-9.579433125759880818e-01,-5.502105100510706670e+00
-5.033768071157530777e+00,-1.039971515445287986e+00,1.185554124957742594e+00,-1.191532860540321703e+00,-9.580375506065524904e-01,-5.502143125691858039e+00
-5.034090152949782571e+00,-1.039937382524099396e+00,1.185504766476641159e+00,-1.191491973518133962e+00,-9.581314172512854777e-01,-5.502181623055295567e+00
-5.034412847127342161e+00,-1.039903677242310032e+00,1.185455931845209809e+00,-1.191450811409046739e+00,-9.582248926188017268e-01,-5.502220586270640368e+00
-5.034736093254625011e+00,-1.039870407984584411e+00,1.185407632966863245e+00,-1.191409382145047102e+00,-9.583179568177156993e-01,-5.502260009007515329e+00
-5.035059830896043032e+00,-1.039837583135585497e+00,1.185359881745016164e+00,-1.191367693658122118e+00,-9.584105899566425224e-01,-5.502299884935540675e+00
-5.035383999616009021e+00,-1.039805211079977587e+00,1.185312690083083709e+00,-1.191325753880258409e+00,-9.585027721441961024e-01,-5.502340207724341958e+00
-5.035708538978937554e+00,-1.039773300202423645e+00,1.185266069884480133e+00,-1.191283570743443043e+00,-9.585944834889916777e-01,-5.502380971043537627e+00
-5.036033388549241430e+00,-1.039741858887587966e+00,1.185220033052621025e+00,-1.191241152179662199e+00,-9.586857040996435986e-01,-5.502422168562754123e+00
-5.036358487891332558e+00,-1.039710895520133738e+00,1.185174591490920637e+00,-1.191198506120903611e+00,-9.587764140847665484e-01,-5.502463793951610782e+00
-5.036683776569626403e+00,-1.039680418484725033e+00,1.185129757102793890e+00,-1.191155640499153900e+00,-9.588665935529750994e-01,-5.502505840879730492e+00
-5.037009194148533098e+00,-1.039650436166024816e+00,1.185085541791655706e+00,-1.191112563246399247e+00,-9.589562226128840461e-01,-5.502548303016734366e+00
-5.037334680192469882e+00,-1.039620956948697383e+00,1.185041957460921003e+00,-1.191069282294627607e+00,-9.590452813731077386e-01,-5.502591174032247068e+00
-5.037660174265846003e+00,-1.039591989217406365e+00,1.184999016014004258e+00,-1.191025805575824714e+00,-9.591337499422613044e-01,-5.502634447595888822e+00
-5.037985615933077810e+00,-1.039563541356815168e+00,1.184956729354320393e+00,-1.190982141021978080e+00,-9.592216084289587608e-01,-5.502678117377282518e+00
-5.038310944758575438e+00,-1.039535621751587202e+00,1.184915109385284326e+00,-1.190938296565074550e+00,-9.593088369418151240e-01,-5.502722177046050156e+00
-5.038636100306754351e+00,-1.039508238786386984e+00,1.184874168010310980e+00,-1.190894280137100969e+00,-9.593954155894450775e-01,-5.502766620271813736e+00
-5.038961022142027346e+00,-1.039481400845877257e+00,1.184833917132815273e+00,-1.190850099670043960e+00,-9.594813244804628605e-01,-5.502811440724197034e+00
-5.039285649828808111e+00,-1.039455116314722316e+00,1.184794368656211683e+00,-1.190805763095890590e+00,-9.595665437234833783e-01,-5.502856632072821164e+00
-5.039609922931506780e+00,-1.039429393577585126e+00,1.184755534483914907e+00,-1.190761278346627483e+00,-9.596510534271214254e-01,-5.502902187987307236e+00
-5.039933781014540592e+00,-1.039404241019130204e+00,1.184717426519340311e+00,-1.190716653354241927e+00,-9.597348336999911300e-01,-5.502948102137278141e+00
-5.040257163642320570e+00,-1.039379667024020293e+00,1.184680056665902592e+00,-1.190671896050720324e+00,-9.598178646507077305e-01,-5.502994368192356767e+00
-5.040580010379261289e+00,-1.039355679976919467e+00,1.184643436827015561e+00,-1.190627014368049741e+00,-9.599001263878860213e-01,-5.503040979822165113e+00
-5.040902273631392205e+00,-1.039332285931241051e+00,1.184607575715985517e+00,-1.190582014962103363e+00,-9.599816038847323041e-01,-5.503087931480250994e+00
-5.041223956421857721e+00,-1.039309481751432340e+00,1.184572469471829814e+00,-1.190536899458765507e+00,-9.600623012889603070e-01,-5.503135220710110964e+00
-5.041545074243479974e+00,-1.039287262038211868e+00,1.184538111135854610e+00,-1.190491668244767931e+00,-9.601422274719787486e-01,-5.503182845816467328e+00
-5.041865642589077545e+00,-1.039265621392297723e+00,1.184504493749365839e+00,-1.190446321706842836e+00,-9.602213913051956817e-01,-5.503230805104037948e+00
-5.042185676951472573e+00,-1.039244554414409549e+00,1.184471610353669435e+00,-1.190400860231721758e+00,-9.602998016600199360e-01,-5.503279096877543353e+00
-5.042505192823484528e+00,-1.039224055705265437e+00,1.184439453990071556e+00,-1.190355284206136455e+00,-9.603774674078597862e-01,-5.503327719441701404e+00
-5.042824205697931994e+00,-1.039204119865584364e+00,1.184408017699878135e+00,-1.190309594016818906e+00,-9.604543974201240619e-01,-5.503376671101231743e+00
-5.043142731067637996e+00,-1.039184741496084641e+00,1.184377294524395108e+00,-1.190263790050500647e+00,-9.605306005682208159e-01,-5.503425950160851343e+00
-5.043460784425420229e+00,-1.039165915197485246e+00,1.184347277504928631e+00,-1.190217872693914325e+00,-9.606060857235587669e-01,-5.503475554925283397e+00
-5.043778381264100830e+00,-1.039147635570505157e+00,1.184317959682784416e+00,-1.190171842333791030e+00,-9.606808617575463005e-01,-5.503525483699242216e+00
-5.044095537076498381e+00,-1.039129897215862686e+00,1.184289334099268842e+00,-1.190125699356862965e+00,-9.607549375415921356e-01,-5.503575734787450990e+00
-5.044412267355434132e+00,-1.039112694734276809e+00,1.184261393795687844e+00,-1.190079444149861665e+00,-9.608283219471045467e-01,-5.503626306494626697e+00
-5.044728587593726665e+00,-1.039096022726465840e+00,1.184234131813347135e+00,-1.190033077099519554e+00,-9.609010238454921415e-01,-5.503677197125490750e+00
-5.045044513284198118e+00,-1.039079875793148755e+00,1.184207541193552871e+00,-1.189986598592567724e+00,-9.609730521081631949e-01,-5.503728404984759237e+00
-5.045360059919667961e+00,-1.039064248535044088e+00,1.184181614977611208e+00,-1.189940009015738598e+00,-9.610444156065266474e-01,-5.503779928377152686e+00
-5.045675242992956555e+00,-1.039049135552871039e+00,1.184156346206828081e+00,-1.189893308755763934e+00,-9.611151232119904408e-01,-5.503831765607389848e+00
-5.045990077996884260e+00,-1.039034531447347476e+00,1.184131727922509425e+00,-1.189846498199375269e+00,-9.611851837959632938e-01,-5.503883914980190362e+00
-5.046304580424268771e+00,-1.039020430819192597e+00,1.184107753165961396e+00,-1.189799577733304803e+00,-9.612546062298540361e-01,-5.503936374800273867e+00
-5.046618765767934889e+00,-1.039006828269124938e+00,1.184084414978489264e+00,-1.189752547744284294e+00,-9.613233993850706094e-01,-5.503989143372357340e+00
-5.046932649520697645e+00,-1.038993718397863475e+00,1.184061706401399849e+00,-1.189705408619045501e+00,-9.613915721330218433e-01,-5.504042219001163083e+00
-5.047246247175381839e+00,-1.038981095806126520e+00,1.184039620475999532e+00,-1.189658160744320403e+00,-9.614591333451160127e-01,-5.504095599991406296e+00
-5.047559574224805168e+00,-1.038968955094633051e+00,1.184018150243593137e+00,-1.189610804506840536e+00,-9.615260918927618361e-01,-5.504149284647809282e+00
-5.047872646161787991e+00,-1.038957290864101601e+00,1.183997288745487486e+00,-1.189563340293338101e+00,-9.615924566473676993e-01,-5.504203271275089904e+00
-5.048185478479150667e+00,-1.038946097715250927e+00,1.183977029022988070e+00,-1.189515768490544856e+00,-9.616582364803419880e-01,-5.504257558177966914e+00
-5.048498086669713558e+00,-1.038935370248799561e+00,1.183957364117401267e+00,-1.189468089485192559e+00,-9.617234402630933099e-01,-5.504312143661160839e+00
-5.048810486226297023e+00,-1.038925103065466704e+00,1.183938287070033013e+00,-1.189420303664012968e+00,-9.617880768670302727e-01,-5.504367026029389542e+00
-5.049122692641719645e+00,-1.038915290765970667e+00,1.183919790922189241e+00,-1.189372411413738284e+00,-9.618521551635610400e-01,-5.504422203587371776e+00
-5.049434721408804450e+00,-1.038905927951030206e+00,1.183901868715176109e+00,-1.189324413121100044e+00,-9.619156840240943307e-01,-5.504477674639828955e+00
-5.049746588020370019e+00,-1.038897009221363854e+00,1.183884513490299328e+00,-1.189276309172830004e+00,-9.619786723200387524e-01,-5.504533437491478942e+00
-5.050058307969235827e+00,-1.038888529177690367e+00,1.183867718288865278e+00,-1.189228099955660145e+00,-9.620411289228024687e-01,-5.504589490447037825e+00
-5.050369896748223120e+00,-1.038880482420728724e+00,1.183851476152179671e+00,-1.189179785856322669e+00,-9.621030627037941985e-01,-5.504645831811229684e+00
-5.050681369850151370e+00,-1.038872863551197234e+00,1.183835780121548220e+00,-1.189131367261549110e+00,-9.621644825344223273e-01,-5.504702459888770605e+00
-5.050992742767841825e+00,-1.038865667169815099e+00,1.183820623238277969e+00,-1.189082844558071006e+00,-9.622253972860954629e-01,-5.504759372984381116e+00
-5.051304030994113958e+00,-1.038858887877300408e+00,1.183805998543673521e+00,-1.189034218132620557e+00,-9.622858158302219911e-01,-5.504816569402778192e+00
-5.051615250021786352e+00,-1.038852520274372360e+00,1.183791899079042143e+00,-1.188985488371929966e+00,-9.623457470382104084e-01,-5.504874047448684138e+00
-5.051926415343682919e+00,-1.038846558961749489e+00,1.183778317885689102e+00,-1.188936655662730324e+00,-9.624051997814692117e-01,-5.504931805426815039e+00
-5.052237542452621355e+00,-1.038840998540150329e+00,1.183765248004920778e+00,-1.188887720391754055e+00,-9.624641829314070085e-01,-5.504989841641892312e+00
-5.052548646841421132e+00,-1.038835833610293635e+00,1.183752682478042884e+00,-1.188838682945732694e+00,-9.625227053594320736e-01,-5.505048154398633820e+00
-5.052859744002904385e+00,-1.038831058772898164e+00,1.183740614346361131e+00,-1.188789543711398222e+00,-9.625807759369531258e-01,-5.505106742001759201e+00
-5.053170849429890588e+00,-1.038826668628682670e+00,1.183729036651182565e+00,-1.188740303075482174e+00,-9.626384035353785507e-01,-5.505165602755986320e+00
-5.053481978615199210e+00,-1.038822657778366132e+00,1.183717942433812231e+00,-1.188690961424716974e+00,-9.626955970261167339e-01,-5.505224734966035705e+00
-5.053793147051651502e+00,-1.038819020822666417e+00,1.183707324735556510e+00,-1.188641519145833936e+00,-9.627523652805762833e-01,-5.505284136936626105e+00
-5.054104370232066046e+00,-1.038815752362303169e+00,1.183697176597721112e+00,-1.188591976625565483e+00,-9.628087171701656954e-01,-5.505343806972478049e+00
-5.054415663649264090e+00,-1.038812846997994255e+00,1.183687491061612640e+00,-1.188542334250642929e+00,-9.628646615662934671e-01,-5.505403743378308512e+00
-5.054727042796067771e+00,-1.038810299330458875e+00,1.183678261168536805e+00,-1.188492592407798032e+00,-9.629202073403679840e-01,-5.505463944458836245e+00
-5.055038523165293896e+00,-1.038808103960415563e+00,1.183669479959799098e+00,-1.188442751483763216e+00,-9.629753633637977428e-01,-5.505524408518782664e+00
-5.055350120249763712e+00,-1.038806255488583075e+00,1.183661140476706342e+00,-1.188392811865269794e+00,-9.630301385079913512e-01,-5.505585133862864744e+00
-5.055661849542299358e+00,-1.038804748515679943e+00,1.183653235760563804e+00,-1.188342773939049968e+00,-9.630845416443574170e-01,-5.505646118795803012e+00
-5.055973726341639107e+00,-1.038803577683795387e+00,1.183645758908376422e+00,-1.188292638107258492e+00,-9.631385815636676062e-01,-5.505707361616274831e+00
-5.056285757980873541e+00,-1.038802739332998604e+00,1.183638705303205807e+00,-1.188242405405061097e+00,-9.631922637470959891e-01,-5.505768860375021667e+00
-5.056597941195150270e+00,-1.038802232062442821e+00,1.183632073369607740e+00,-1.188192077709817163e+00,-9.632455892725475533e-01,-5.505830612792919965e+00
-5.056910271985593397e+00,-1.038802054627749216e+00,1.183625861742796381e+00,-1.188141656957215853e+00,-9.632985589129513526e-01,-5.505892616567992448e+00
-5.057222746353327913e+00,-1.038802205784538302e+00,1.183620069057984558e+00,-1.188091145082947442e+00,-9.633511734412367744e-01,-5.505954869398269835e+00
-5.057535360299476146e+00,-1.038802684288431033e+00,1.183614693950386432e+00,-1.188040544022701539e+00,-9.634034336303327617e-01,-5.506017368981775739e+00
-5.057848109825162197e+00,-1.038803488895047922e+00,1.183609735055215717e+00,-1.187989855712168197e+00,-9.634553402531689237e-01,-5.506080113016538213e+00
-5.058160990931511058e+00,-1.038804618360009480e+00,1.183605191007685464e+00,-1.187939082087037246e+00,-9.635068940826744255e-01,-5.506143099200582647e+00
-5.058473999619644168e+00,-1.038806071438936662e+00,1.183601060443009834e+00,-1.187888225082998739e+00,-9.635580958917783212e-01,-5.506206325231937981e+00
-5.058787131890685629e+00,-1.038807846887449982e+00,1.183597341996402097e+00,-1.187837286635742728e+00,-9.636089464534099980e-01,-5.506269788808628718e+00
-5.059100383745760432e+00,-1.038809943461170615e+00,1.183594034303076192e+00,-1.187786268680958823e+00,-9.636594465404986209e-01,-5.506333487628682910e+00
-5.059413751185990904e+00,-1.038812359915718631e+00,1.183591135998245392e+00,-1.187735173154337076e+00,-9.637095969259734662e-01,-5.506397419390127723e+00
-5.059727230212502036e+00,-1.038815095006714984e+00,1.183588645717123411e+00,-1.187684001991567317e+00,-9.637593983827636990e-01,-5.506461581790986770e+00
-5.060040816826417043e+00,-1.038818147489780630e+00,1.183586562094923966e+00,-1.187632757128339156e+00,-9.638088516837985953e-01,-5.506525972529289881e+00
-5.060354507028860027e+00,-1.038821516120536081e+00,1.183584883766860774e+00,-1.187581440500343088e+00,-9.638579576020074313e-01,-5.506590589303062444e+00
-5.060668296820952428e+00,-1.038825199654601850e+00,1.183583609368147105e+00,-1.187530054043268279e+00,-9.639067169103193722e-01,-5.506655429810331626e+00
-5.060982182203820123e+00,-1.038829196847598890e+00,1.183582737533996454e+00,-1.187478599692805448e+00,-9.639551303816635830e-01,-5.506720491749122814e+00
-5.061296159178587217e+00,-1.038833506455147937e+00,1.183582266899622759e+00,-1.187427079384643980e+00,-9.640031987889695619e-01,-5.506785772817464952e+00
-5.061610223746376036e+00,-1.038838127232869279e+00,1.183582196100240180e+00,-1.187375495054473928e+00,-9.640509229051662521e-01,-5.506851270713383428e+00
-5.061924371908312459e+00,-1.038843057936384096e+00,1.183582523771061323e+00,-1.187323848637984902e+00,-9.640983035031830406e-01,-5.506916983134904520e+00
-5.062238599665517036e+00,-1.038848297321313341e+00,1.183583248547300348e+00,-1.187272142070867176e+00,-9.641453413559490926e-01,-5.506982907780054504e+00
-5.062552903019113870e+00,-1.038853844143276861e+00,1.183584369064170527e+00,-1.187220377288810580e+00,-9.641920372363937952e-01,-5.507049042346862322e+00
-5.062867277970228841e+00,-1.038859697157895834e+00,1.183585883956886020e+00,-1.187168556227504945e+00,-9.642383919174462026e-01,-5.507115384533352476e+00
-5.063181720519985163e+00,-1.038865855120790993e+00,1.183587791860659877e+00,-1.187116680822639658e+00,-9.642844061720355908e-01,-5.507181932037553018e+00
-5.063496226669505162e+00,-1.038872316787583072e+00,1.183590091410706036e+00,-1.187064753009905660e+00,-9.643300807730912361e-01,-5.507248682557488451e+00
-5.063810792419913831e+00,-1.038879080913892583e+00,1.183592781242237990e+00,-1.187012774724992337e+00,-9.643754164935424145e-01,-5.507315633791188603e+00
-5.064125413772334383e+00,-1.038886146255340259e+00,1.183595859990469457e+00,-1.186960747903589519e+00,-9.644204141063181801e-01,-5.507382783436677975e+00
-5.064440086727890922e+00,-1.038893511567547057e+00,1.183599326290613929e+00,-1.186908674481387038e+00,-9.644650743843479201e-01,-5.507450129191984622e+00
-5.064754807287704885e+00,-1.038901175606133709e+00,1.183603178777885123e+00,-1.186856556394075168e+00,-9.645093981005607997e-01,-5.507517668755133045e+00
-5.065069571452903041e+00,-1.038909137126720728e+00,1.183607416087496533e+00,-1.186804395577343296e+00,-9.645533860278860949e-01,-5.507585399824152184e+00
-5.065384375224606828e+00,-1.038917394884928402e+00,1.183612036854661875e+00,-1.186752193966881253e+00,-9.645970389392530819e-01,-5.507653320097067429e+00
-5.065699214603943012e+00,-1.038925947636377911e+00,1.183617039714594421e+00,-1.186699953498379534e+00,-9.646403576075909259e-01,-5.507721427271906833e+00
-5.066014085592033034e+00,-1.038934794136689987e+00,1.183622423302508331e+00,-1.186647676107527971e+00,-9.646833428058289028e-01,-5.507789719046694898e+00
-5.066328984189999218e+00,-1.038943933141485587e+00,1.183628186253617098e+00,-1.186595363730016173e+00,-9.647259953068961780e-01,-5.507858193119459678e+00
-5.066643906398967445e+00,-1.038953363406384778e+00,1.183634327203133996e+00,-1.186543018301534191e+00,-9.647683158837220274e-01,-5.507926847188227448e+00
-5.066958848220060041e+00,-1.038963083687008515e+00,1.183640844786272517e+00,-1.186490641757771414e+00,-9.648103053092357273e-01,-5.507995678951027152e+00
-5.067273805654401997e+00,-1.038973092738977755e+00,1.183647737638247044e+00,-1.186438236034418559e+00,-9.648519643563664427e-01,-5.508064686105880625e+00
-5.067588774703118304e+00,-1.038983389317912787e+00,1.183655004394270849e+00,-1.186385803067165234e+00,-9.648932937980434499e-01,-5.508133866350819474e+00
-5.067903751367328624e+00,-1.038993972179434788e+00,1.183662643689557425e+00,-1.186333344791700828e+00,-9.649342944071960249e-01,-5.508203217383866424e+00
-5.068218731648159725e+00,-1.039004840079163827e+00,1.183670654159320046e+00,-1.186280863143715836e+00,-9.649749669567532218e-01,-5.508272736903051303e+00
-5.068533711546733933e+00,-1.039015991772721081e+00,1.183679034438772870e+00,-1.186228360058900089e+00,-9.650153122196445388e-01,-5.508342422606400390e+00
-5.068848687064175351e+00,-1.039027426015727285e+00,1.183687783163129392e+00,-1.186175837472943195e+00,-9.650553309687989190e-01,-5.508412272191936410e+00
-5.069163654201608971e+00,-1.039039141563802948e+00,1.183696898967603106e+00,-1.186123297321535652e+00,-9.650950239771458605e-01,-5.508482283357691855e+00
-5.069478608960157118e+00,-1.039051137172569028e+00,1.183706380487407506e+00,-1.186070741540366624e+00,-9.651343920176144175e-01,-5.508552453801688564e+00
-5.069793547340943007e+00,-1.039063411597646036e+00,1.183716226357756529e+00,-1.186018172065126164e+00,-9.651734358631339772e-01,-5.508622781221957254e+00
-5.070108465345091631e+00,-1.039075963594654484e+00,1.183726435213863892e+00,-1.185965590831504546e+00,-9.652121562866337046e-01,-5.508693263316520650e+00
-5.070423358973725314e+00,-1.039088791919215327e+00,1.183737005690942645e+00,-1.185912999775191157e+00,-9.652505540610426538e-01,-5.508763897783408581e+00
-5.070738224227968161e+00,-1.039101895326949299e+00,1.183747936424206726e+00,-1.185860400831876493e+00,-9.652886299592902120e-01,-5.508834682320646436e+00
-5.071053057108945161e+00,-1.039115272573477133e+00,1.183759226048869628e+00,-1.185807795937249942e+00,-9.653263847543058773e-01,-5.508905614626261382e+00
-5.071367853617778643e+00,-1.039128922414419121e+00,1.183770873200145290e+00,-1.185755187027001778e+00,-9.653638192190183709e-01,-5.508976692398278807e+00
-5.071682609899407446e+00,-1.039142843586740250e+00,1.183782876486681124e+00,-1.185702576018317522e+00,-9.654009341722112891e-01,-5.509047913350238801e+00
-5.071997324684391018e+00,-1.039157034491981380e+00,1.183795234039502375e+00,-1.185649964495700814e+00,-9.654377312570775471e-01,-5.509119275474569477e+00
-5.072311998941859024e+00,-1.039171493241283661e+00,1.183807943576119071e+00,-1.185597353755626360e+00,-9.654742128305625615e-01,-5.509190777005157358e+00
-5.072626633714889088e+00,-1.039186217936195034e+00,1.183821002800381716e+00,-1.185544745085053808e+00,-9.655103812731902213e-01,-5.509262416183862143e+00
-5.072941230046559724e+00,-1.039201206678262990e+00,1.183834409416140376e+00,-1.185492139770944364e+00,-9.655462389654845268e-01,-5.509334191252548862e+00
-5.073255788979948555e+00,-1.039216457569035246e+00,1.183848161127245557e+00,-1.185439539100256789e+00,-9.655817882879692560e-01,-5.509406100453075439e+00
-5.073570311558133206e+00,-1.039231968710059961e+00,1.183862255637547545e+00,-1.185386944359952288e+00,-9.656170316211685201e-01,-5.509478142027305125e+00
-5.073884798824193965e+00,-1.039247738202884186e+00,1.183876690650896624e+00,-1.185334356836990066e+00,-9.656519713456060972e-01,-5.509550314217100286e+00
-5.074199251821206680e+00,-1.039263764149056080e+00,1.183891463871143079e+00,-1.185281777818331106e+00,-9.656866098418057653e-01,-5.509622615264319734e+00
-5.074513671592249864e+00,-1.039280044650123358e+00,1.183906573002137419e+00,-1.185229208590934613e+00,-9.657209494902919689e-01,-5.509695043410829385e+00
-5.074828059180402029e+00,-1.039296577807633293e+00,1.183922015747729706e+00,-1.185176650441761126e+00,-9.657549926715880417e-01,-5.509767596898487163e+00
-5.075142415628741688e+00,-1.039313361723134488e+00,1.183937789811770003e+00,-1.185124104657770960e+00,-9.657887417662183172e-01,-5.509840273969157209e+00
-5.075456741980347353e+00,-1.039330394498173993e+00,1.183953892898109039e+00,-1.185071572525923767e+00,-9.658221991547064622e-01,-5.509913072864700112e+00
-5.075771039278294872e+00,-1.039347674234299967e+00,1.183970322710596879e+00,-1.185019055333180527e+00,-9.658553672175764770e-01,-5.509985991826976459e+00
-5.076085308565664533e+00,-1.039365199033059683e+00,1.183987076953084028e+00,-1.184966554366500002e+00,-9.658882483353523618e-01,-5.510059029097850392e+00
-5.076399550885534850e+00,-1.039382966996001301e+00,1.184004153329420550e+00,-1.184914070912843176e+00,-9.659208448885578946e-01,-5.510132182919180721e+00
-5.076713767280980782e+00,-1.039400976224672091e+00,1.184021549543456953e+00,-1.184861606259169475e+00,-9.659531592577169645e-01,-5.510205451532830701e+00
-5.077027958795084395e+00,-1.039419224820620213e+00,1.184039263299043521e+00,-1.184809161692439883e+00,-9.659851938233536828e-01,-5.510278833180661806e+00
-5.077342126470920647e+00,-1.039437710885393162e+00,1.184057292300030539e+00,-1.184756738499614048e+00,-9.660169509659918274e-01,-5.510352326104536402e+00
-5.077656271351569828e+00,-1.039456432520539098e+00,1.184075634250268072e+00,-1.184704337967652066e+00,-9.660484330661553987e-01,-5.510425928546315966e+00
-5.077970394480108673e+00,-1.039475387827605291e+00,1.184094286853606848e+00,-1.184651961383514029e+00,-9.660796425043681745e-01,-5.510499638747860196e+00
-5.078284496899616585e+00,-1.039494574908139013e+00,1.184113247813896708e+00,-1.184599610034159811e+00,-9.661105816611543773e-01,-5.510573454951032346e+00
-5.078598579653169409e+00,-1.039513991863689091e+00,1.184132514834988381e+00,-1.184547285206549949e+00,-9.661412529170376740e-01,-5.510647375397693892e+00
-5.078912643783848324e+00,-1.039533636795802796e+00,1.184152085620731931e+00,-1.184494988187644537e+00,-9.661716586525419537e-01,-5.510721398329705423e+00
-5.079226690334729177e+00,-1.039553507806027621e+00,1.184171957874977421e+00,-1.184442720264403226e+00,-9.662018012481912166e-01,-5.510795521988930190e+00
-5.079540720348890481e+00,-1.039573602995911727e+00,1.184192129301576024e+00,-1.184390482723786331e+00,-9.662316830845093518e-01,-5.510869744617230559e+00
-5.079854734869410748e+00,-1.039593920467002386e+00,1.184212597604376915e+00,-1.184338276852753946e+00,-9.662613065420203595e-01,-5.510944064456466229e+00
-5.080168734939369379e+00,-1.039614458320847534e+00,1.184233360487231268e+00,-1.184286103938266166e+00,-9.662906740012481288e-01,-5.511018479748497789e+00
-5.080482721601841334e+00,-1.039635214658994888e+00,1.184254415653988701e+00,-1.184233965267283306e+00,-9.663197878427166598e-01,-5.511092988735189380e+00
-5.080796695899907789e+00,-1.039656187582992386e+00,1.184275760808500166e+00,-1.184181862126765017e+00,-9.663486504469496197e-01,-5.511167589658401589e+00
-5.081110658876644592e+00,-1.039677375194387521e+00,1.184297393654615282e+00,-1.184129795803671836e+00,-9.663772641944711195e-01,-5.511242280759996781e+00
-5.081424611575132033e+00,-1.039698775594728009e+00,1.184319311896185223e+00,-1.184077767584963636e+00,-9.664056314658049374e-01,-5.511317060281834657e+00
-5.081738555038445071e+00,-1.039720386885562009e+00,1.184341513237059385e+00,-1.184025778757600733e+00,-9.664337546414752955e-01,-5.511391926465780244e+00
-5.082052490309665771e+00,-1.039742207168436572e+00,1.184363995381088719e+00,-1.183973830608542777e+00,-9.664616361020057500e-01,-5.511466877553692356e+00
-5.082366418431869093e+00,-1.039764234544899635e+00,1.184386756032123067e+00,-1.183921924424750305e+00,-9.664892782279204120e-01,-5.511541911787432468e+00
-5.082680340448134437e+00,-1.039786467116499358e+00,1.184409792894013158e+00,-1.183870061493182968e+00,-9.665166833997432816e-01,-5.511617027408864722e+00
-5.082994257401540317e+00,-1.039808902984783234e+00,1.184433103670609055e+00,-1.183818243100801304e+00,-9.665438539979979149e-01,-5.511692222659847928e+00
-5.083308170335164355e+00,-1.039831540251298758e+00,1.184456686065761044e+00,-1.183766470534565185e+00,-9.665707924032085341e-01,-5.511767495782246229e+00
-5.083622080292085066e+00,-1.039854377017593867e+00,1.184480537783319631e+00,-1.183714745081434483e+00,-9.665975009958992503e-01,-5.511842845017919323e+00
-5.083935988315379184e+00,-1.039877411385216055e+00,1.184504656527134880e+00,-1.183663068028369958e+00,-9.666239821565936197e-01,-5.511918268608729576e+00
-5.084249895448126111e+00,-1.039900641455713703e+00,1.184529040001057076e+00,-1.183611440662331260e+00,-9.666502382658156423e-01,-5.511993764796539352e+00
-5.084563802733404358e+00,-1.039924065330633862e+00,1.184553685908936949e+00,-1.183559864270278705e+00,-9.666762717040892072e-01,-5.512069331823208351e+00
-5.084877711214289775e+00,-1.039947681111524691e+00,1.184578591954624116e+00,-1.183508340139171944e+00,-9.667020848519384257e-01,-5.512144967930599826e+00
-5.085191621933863537e+00,-1.039971486899933684e+00,1.184603755841969530e+00,-1.183456869555971513e+00,-9.667276800898869649e-01,-5.512220671360575253e+00
-5.085505535935201493e+00,-1.039995480797408556e+00,1.184629175274822810e+00,-1.183405453807637064e+00,-9.667530597984590468e-01,-5.512296440354996108e+00
-5.085819454261382155e+00,-1.040019660905497023e+00,1.184654847957034907e+00,-1.183354094181129135e+00,-9.667782263581783386e-01,-5.512372273155723867e+00
-5.086133377955485813e+00,-1.040044025325747024e+00,1.184680771592455883e+00,-1.183302791963407596e+00,-9.668031821495688405e-01,-5.512448168004620008e+00
-5.086447308060587424e+00,-1.040068572159706495e+00,1.184706943884936248e+00,-1.183251548441432766e+00,-9.668279295531542195e-01,-5.512524123143547783e+00
-5.086761245619766392e+00,-1.040093299508922486e+00,1.184733362538325618e+00,-1.183200364902164514e+00,-9.668524709494589198e-01,-5.512600136814366003e+00
-5.087075191676101227e+00,-1.040118205474943380e+00,1.184760025256474947e+00,-1.183149242632562936e+00,-9.668768087190066085e-01,-5.512676207258938810e+00
-5.087389147272670442e+00,-1.040143288159316226e+00,1.184786929743234296e+00,-1.183098182919588348e+00,-9.669009452423210638e-01,-5.512752332719125903e+00
-5.087703113371647490e+00,-1.040168545691502411e+00,1.184814073738899465e+00,-1.183047187051380789e+00,-9.669248828538911100e-01,-5.512828511443456314e+00
-5.088017090149037358e+00,-1.040193976472204129e+00,1.184841455337918292e+00,-1.182996256327547568e+00,-9.669486234408651848e-01,-5.512904741745228598e+00
-5.088331077338448694e+00,-1.040219579054757926e+00,1.184869072834029868e+00,-1.182945392054148837e+00,-9.669721686386610893e-01,-5.512981021974186824e+00
-5.088645074668545654e+00,-1.040245351994206757e+00,1.184896924523199058e+00,-1.182894595537316906e+00,-9.669955200798845407e-01,-5.513057350480488061e+00
-5.088959081867993284e+00,-1.040271293845591583e+00,1.184925008701391835e+00,-1.182843868083184313e+00,-9.670186793971414785e-01,-5.513133725614286718e+00
-5.089273098665458406e+00,-1.040297403163955137e+00,1.184953323664573066e+00,-1.182793210997883371e+00,-9.670416482230379529e-01,-5.513210145725735423e+00
-5.089587124789605177e+00,-1.040323678504339044e+00,1.184981867708707171e+00,-1.182742625587546170e+00,-9.670644281901799033e-01,-5.513286609164991248e+00
-5.089901159969098643e+00,-1.040350118421786041e+00,1.185010639129760346e+00,-1.182692113158305247e+00,-9.670870209311731580e-01,-5.513363114282205935e+00
-5.090215203932603849e+00,-1.040376721471337085e+00,1.185039636223697235e+00,-1.182641675016292471e+00,-9.671094280786236563e-01,-5.513439659427533890e+00
-5.090529256408786729e+00,-1.040403486208034911e+00,1.185068857286482924e+00,-1.182591312467640821e+00,-9.671316512651373376e-01,-5.513516242951130408e+00
-5.090843317126312328e+00,-1.040430411186921145e+00,1.185098300614083167e+00,-1.182541026818482388e+00,-9.671536921233202522e-01,-5.513592863203149896e+00
-5.091157385813846581e+00,-1.040457494963038299e+00,1.185127964502462605e+00,-1.182490819374949265e+00,-9.671755522857783394e-01,-5.513669518533747649e+00
-5.091471462200054532e+00,-1.040484736091427775e+00,1.185157847247586327e+00,-1.182440691443173986e+00,-9.671972333851173165e-01,-5.513746207293074519e+00
-5.091785546013599451e+00,-1.040512133127132088e+00,1.185187947145419862e+00,-1.182390644329288421e+00,-9.672187370539432338e-01,-5.513822927831287579e+00
-5.092099636983149047e+00,-1.040539684625193084e+00,1.185218262491928520e+00,-1.182340679339425549e+00,-9.672400649248620308e-01,-5.513899678498540347e+00
-5.092413734837368366e+00,-1.040567389140652610e+00,1.185248791583076500e+00,-1.182290797779717462e+00,-9.672612186304798687e-01,-5.513976457644987228e+00
-5.092727839304922455e+00,-1.040595245228552956e+00,1.185279532714830442e+00,-1.182241000956296029e+00,-9.672821998034023538e-01,-5.514053263620783518e+00
-5.093041950114475469e+00,-1.040623251443935970e+00,1.185310484183154323e+00,-1.182191290175294229e+00,-9.673030100762355366e-01,-5.514130094776081847e+00
-5.093356066994695119e+00,-1.040651406341843499e+00,1.185341644284013674e+00,-1.182141666742843933e+00,-9.673236510815853562e-01,-5.514206949461036622e+00
-5.093670189674243787e+00,-1.040679708477318055e+00,1.185373011313374025e+00,-1.182092131965077453e+00,-9.673441244520578630e-01,-5.514283826025803137e+00
-5.093984317881789181e+00,-1.040708156405401041e+00,1.185404583567200021e+00,-1.182042687148127547e+00,-9.673644318202588854e-01,-5.514360722820536687e+00
-5.094298451345994572e+00,-1.040736748681134971e+00,1.185436359341457191e+00,-1.181993333598126306e+00,-9.673845748187941407e-01,-5.514437638195389013e+00
-5.094612589795526780e+00,-1.040765483859561469e+00,1.185468336932110400e+00,-1.181944072621205821e+00,-9.674045550802700122e-01,-5.514514570500515411e+00
-5.094926732959049964e+00,-1.040794360495722826e+00,1.185500514635125180e+00,-1.181894905523498185e+00,-9.674243742372922172e-01,-5.514591518086071176e+00
-5.095240880565230945e+00,-1.040823377144661332e+00,1.185532890746466395e+00,-1.181845833611136598e+00,-9.674440339224664731e-01,-5.514668479302210713e+00
-5.095555032342733881e+00,-1.040852532361418170e+00,1.185565463562099131e+00,-1.181796858190252708e+00,-9.674635357683990522e-01,-5.514745452499084877e+00
-5.095869188020223817e+00,-1.040881824701036296e+00,1.185598231377988920e+00,-1.181747980566978828e+00,-9.674828814076957828e-01,-5.514822436026852515e+00
-5.096183347326366686e+00,-1.040911252718556890e+00,1.185631192490101071e+00,-1.181699202047447494e+00,-9.675020724729626043e-01,-5.514899428235665368e+00
-5.096497509989825758e+00,-1.040940814969022687e+00,1.185664345194400005e+00,-1.181650523937791242e+00,-9.675211105968053449e-01,-5.514976427475677845e+00
-5.096811675739269631e+00,-1.040970510007474870e+00,1.185697687786851695e+00,-1.181601947544141940e+00,-9.675399974118300550e-01,-5.515053432097046127e+00
-5.097125844303362463e+00,-1.041000336388956393e+00,1.185731218563421008e+00,-1.181553474172631901e+00,-9.675587345506426740e-01,-5.515130440449922844e+00
-5.097440015410769298e+00,-1.041030292668508217e+00,1.185764935820072585e+00,-1.181505105129393884e+00,-9.675773236458491411e-01,-5.515207450884462403e+00
-5.097754188790154295e+00,-1.041060377401173520e+00,1.185798837852772403e+00,-1.181456841720559758e+00,-9.675957663300552847e-01,-5.515284461750819212e+00
-5.098068364170184275e+00,-1.041090589141993483e+00,1.185832922957485325e+00,-1.181408685252262059e+00,-9.676140642358670441e-01,-5.515361471399148563e+00
-5.098382541279524283e+00,-1.041120926446010841e+00,1.185867189430176438e+00,-1.181360637030632876e+00,-9.676322189958904696e-01,-5.515438478179602200e+00
-5.098696719846839365e+00,-1.041151387868266331e+00,1.185901635566810830e+00,-1.181312698361804969e+00,-9.676502322427316116e-01,-5.515515480442338081e+00
-5.099010899600793678e+00,-1.041181971963803576e+00,1.185936259663354031e+00,-1.181264870551910429e+00,-9.676681056089960764e-01,-5.515592476537507061e+00
-5.099325080270054933e+00,-1.041212677287663313e+00,1.185971060015770906e+00,-1.181217154907081124e+00,-9.676858407272901363e-01,-5.515669464815266210e+00
-5.099639261583285510e+00,-1.041243502394888276e+00,1.186006034920026764e+00,-1.181169552733450034e+00,-9.677034392302192867e-01,-5.515746443625767270e+00
-5.099953443269153119e+00,-1.041274445840520091e+00,1.186041182672086691e+00,-1.181122065337149474e+00,-9.677209027503897998e-01,-5.515823411319167313e+00
-5.100267625056322807e+00,-1.041305506179601048e+00,1.186076501567915775e+00,-1.181074694024311311e+00,-9.677382329204078371e-01,-5.515900366245618081e+00
-5.100581806673456953e+00,-1.041336681967172995e+00,1.186111989903479547e+00,-1.181027440101067860e+00,-9.677554313728788937e-01,-5.515977306755274867e+00
-5.100895987849225044e+00,-1.041367971758278221e+00,1.186147645974742870e+00,-1.180980304873551878e+00,-9.677724997404089091e-01,-5.516054231198293856e+00
-5.101210168312289461e+00,-1.041399374107958575e+00,1.186183468077671055e+00,-1.180933289647895457e+00,-9.677894396556040446e-01,-5.516131137924825900e+00
-5.101524347791317027e+00,-1.041430887571255459e+00,1.186219454508229187e+00,-1.180886395730230687e+00,-9.678062527510703505e-01,-5.516208025285027183e+00
-5.101838526014972786e+00,-1.041462510703212052e+00,1.186255603562382355e+00,-1.180839624426690104e+00,-9.678229406594134332e-01,-5.516284891629053000e+00
-5.102152702711920895e+00,-1.041494242058869313e+00,1.186291913536095644e+00,-1.180792977043406022e+00,-9.678395050132392319e-01,-5.516361735307055980e+00
-5.102466877610828178e+00,-1.041526080193269976e+00,1.186328382725334585e+00,-1.180746454886510977e+00,-9.678559474451539080e-01,-5.516438554669190530e+00
-5.102781050440358790e+00,-1.041558023661455445e+00,1.186365009426064265e+00,-1.180700059262136614e+00,-9.678722695877634008e-01,-5.516515348065611946e+00
-5.103095220929177778e+00,-1.041590071018468455e+00,1.186401791934249772e+00,-1.180653791476415915e+00,-9.678884730736734276e-01,-5.516592113846473744e+00
-5.103409388805951963e+00,-1.041622220819350408e+00,1.186438728545855970e+00,-1.180607652835480970e+00,-9.679045595354901499e-01,-5.516668850361930332e+00
-5.103723553799399681e+00,-1.041654471619152034e+00,1.186475817556858603e+00,-1.180561644645454988e+00,-9.679205306058191738e-01,-5.516745555962151215e+00
-5.104037715713922729e+00,-1.041686821985085665e+00,1.186513057277674088e+00,-1.180515768199216886e+00,-9.679363879169503582e-01,-5.516822229018952584e+00
-5.104351874580570936e+00,-1.041719270520782503e+00,1.186550446061962027e+00,-1.180470024749986857e+00,-9.679521331002275408e-01,-5.516898867968966336e+00
-5.104666030472630567e+00,-1.041751815836660988e+00,1.186587982271442687e+00,-1.180424415543593675e+00,-9.679677677868187002e-01,-5.516975471260909814e+00
-5.104980183463394106e+00,-1.041784456543139559e+00,1.186625664267836111e+00,-1.180378941825865668e+00,-9.679832936078914818e-01,-5.517052037343496806e+00
-5.105294333626149594e+00,-1.041817191250637542e+00,1.186663490412862121e+00,-1.180333604842632056e+00,-9.679987121946134199e-01,-5.517128564665441104e+00
-5.105608481034184187e+00,-1.041850018569573155e+00,1.186701459068240760e+00,-1.180288405839720722e+00,-9.680140251781523819e-01,-5.517205051675459160e+00
-5.105922625760790368e+00,-1.041882937110365059e+00,1.186739568595692074e+00,-1.180243346062960219e+00,-9.680292341896760133e-01,-5.517281496822266540e+00
-5.106236767879254401e+00,-1.041915945483432582e+00,1.186777817356936104e+00,-1.180198426758179764e+00,-9.680443408603520705e-01,-5.517357898554576146e+00
-5.106550907462867883e+00,-1.041949042299193717e+00,1.186816203713692675e+00,-1.180153649171207464e+00,-9.680593468213480879e-01,-5.517434255321103542e+00
-5.106865044584917968e+00,-1.041982226168067571e+00,1.186854726027682050e+00,-1.180109014547871871e+00,-9.680742537038318218e-01,-5.517510565570566072e+00
-5.107179179318694473e+00,-1.042015495700472583e+00,1.186893382660624052e+00,-1.180064524134001314e+00,-9.680890631389709178e-01,-5.517586827751674861e+00
-5.107493311737488106e+00,-1.042048849506827635e+00,1.186932171974238726e+00,-1.180020179175425010e+00,-9.681037767579334652e-01,-5.517663040313146361e+00
-5.107807441914586022e+00,-1.042082286197551833e+00,1.186971092330246114e+00,-1.179975980917971068e+00,-9.681183961918867764e-01,-5.517739201703697915e+00
-5.108121569923278038e+00,-1.042115804383063171e+00,1.187010142090366038e+00,-1.179931930607468260e+00,-9.681329230719986079e-01,-5.517815310372039761e+00
-5.108435695836853974e+00,-1.042149402673780534e+00,1.187049319616318543e+00,-1.179888029489744694e+00,-9.681473590294367160e-01,-5.517891364766891016e+00
-5.108749819728602759e+00,-1.042183079680122804e+00,1.187088623269823451e+00,-1.179844278810629810e+00,-9.681617056953688571e-01,-5.517967363336965470e+00
-5.109063941671813325e+00,-1.042216834012508864e+00,1.187128051412601470e+00,-1.179800679815951492e+00,-9.681759647009626768e-01,-5.518043304530976911e+00
-5.109378061739775490e+00,-1.042250664281356931e+00,1.187167602406371758e+00,-1.179757233751538292e+00,-9.681901376773857093e-01,-5.518119186797640907e+00
-5.109692180005777296e+00,-1.042284569097086333e+00,1.187207274612854802e+00,-1.179713941863219206e+00,-9.682042262558058221e-01,-5.518195008585673023e+00
-5.110006296543108562e+00,-1.042318547070115065e+00,1.187247066393770423e+00,-1.179670805396822564e+00,-9.682182320673909937e-01,-5.518270768343786159e+00
-5.110320411425058218e+00,-1.042352596810862453e+00,1.187286976110838665e+00,-1.179627825598176694e+00,-9.682321567433084253e-01,-5.518346464520698547e+00
-5.110634524724916972e+00,-1.042386716929746937e+00,1.187327002125779352e+00,-1.179585003713110813e+00,-9.682460019147260954e-01,-5.518422095565123087e+00
-5.110948636515971977e+00,-1.042420906037186956e+00,1.187367142800312747e+00,-1.179542340987452587e+00,-9.682597692128115385e-01,-5.518497659925775345e+00
-5.111262746871513940e+00,-1.042455162743601615e+00,1.187407396496158674e+00,-1.179499838667031231e+00,-9.682734602687327330e-01,-5.518573156051369111e+00
-5.111576855864830016e+00,-1.042489485659410020e+00,1.187447761575037397e+00,-1.179457497997675297e+00,-9.682870767136572132e-01,-5.518648582390620838e+00
-5.111890963569211799e+00,-1.042523873395029943e+00,1.187488236398668517e+00,-1.179415320225213115e+00,-9.683006201787525136e-01,-5.518723937392243428e+00
-5.112205070057947331e+00,-1.042558324560880489e+00,1.187528819328772078e+00,-1.179373306595473236e+00,-9.683140922951865015e-01,-5.518799219504955111e+00
-5.112519175404325544e+00,-1.042592837767380098e+00,1.187569508727068568e+00,-1.179331458354284434e+00,-9.683274946941270445e-01,-5.518874427177467012e+00
-5.112833279681636256e+00,-1.042627411624948319e+00,1.187610302955277364e+00,-1.179289776747475482e+00,-9.683408290067415658e-01,-5.518949558858496474e+00
-5.113147382963169285e+00,-1.042662044744003369e+00,1.187651200375119176e+00,-1.179248263020874044e+00,-9.683540968641978219e-01,-5.519024612996759060e+00
-5.113461485322211786e+00,-1.042696735734963465e+00,1.187692199348312938e+00,-1.179206918420309558e+00,-9.683672998976636803e-01,-5.519099588040966786e+00
-5.113775586832055353e+00,-1.042731483208247933e+00,1.187733298236579582e+00,-1.179165744191610354e+00,-9.683804397383067863e-01,-5.519174482439836993e+00
-5.114089687565986253e+00,-1.042766285774275214e+00,1.187774495401638486e+00,-1.179124741580604985e+00,-9.683935180172946744e-01,-5.519249294642085246e+00
-5.114403787597296969e+00,-1.042801142043464191e+00,1.187815789205210137e+00,-1.179083911833121778e+00,-9.684065363657952119e-01,-5.519324023096424447e+00
-5.114717886999273766e+00,-1.042836050626233302e+00,1.187857178009014358e+00,-1.179043256194989731e+00,-9.684194964149759333e-01,-5.519398666251570162e+00
-5.115031985845209128e+00,-1.042871010133001874e+00,1.187898660174770971e+00,-1.179002775912036949e+00,-9.684323997960048169e-01,-5.519473222556237957e+00
-5.115346084208388433e+00,-1.042906019174188126e+00,1.187940234064200018e+00,-1.178962472230092429e+00,-9.684452481400491752e-01,-5.519547690459141620e+00
-5.115660182162104164e+00,-1.042941076360210495e+00,1.187981898039021766e+00,-1.178922346394984499e+00,-9.684580430782772087e-01,-5.519622068408996718e+00
-5.115974279779643474e+00,-1.042976180301488087e+00,1.188023650460955816e+00,-1.178882399652541713e+00,-9.684707862418561186e-01,-5.519696354854518816e+00
-5.116288377134296184e+00,-1.043011329608439564e+00,1.188065489691722654e+00,-1.178842633248592842e+00,-9.684834792619539945e-01,-5.519770548244422592e+00
-5.116602474299352998e+00,-1.043046522891483585e+00,1.188107414093041880e+00,-1.178803048428965994e+00,-9.684961237697382597e-01,-5.519844647027421836e+00
-5.116916571348099296e+00,-1.043081758761039035e+00,1.188149422026633539e+00,-1.178763646439490387e+00,-9.685087213963767816e-01,-5.519918649652233000e+00
-5.117230668353828449e+00,-1.043117035827524353e+00,1.188191511854217897e+00,-1.178724428525994128e+00,-9.685212737730372057e-01,-5.519992554567570764e+00
-5.117544765389826722e+00,-1.043152352701358421e+00,1.188233681937514552e+00,-1.178685395934305769e+00,-9.685337825308871773e-01,-5.520066360222148028e+00
-5.117858862529384822e+00,-1.043187707992959679e+00,1.188275930638243549e+00,-1.178646549910254082e+00,-9.685462493010944529e-01,-5.520140065064683910e+00
-5.118172959845791681e+00,-1.043223100312747453e+00,1.188318256318125377e+00,-1.178607891699667620e+00,-9.685586757148268999e-01,-5.520213667543889535e+00
-5.118487057412336227e+00,-1.043258528271139740e+00,1.188360657338879633e+00,-1.178569422548374934e+00,-9.685710634032520527e-01,-5.520287166108480470e+00
-5.118801155302307393e+00,-1.043293990478555866e+00,1.188403132062226142e+00,-1.178531143702204576e+00,-9.685834139975374457e-01,-5.520360559207174056e+00
-5.119115253588994996e+00,-1.043329485545413826e+00,1.188445678849885168e+00,-1.178493056406985096e+00,-9.685957291288510573e-01,-5.520433845288682306e+00
-5.119429352345688855e+00,-1.043365012082132948e+00,1.188488296063576755e+00,-1.178455161908544824e+00,-9.686080104283605330e-01,-5.520507022801720787e+00
-5.119743451645676124e+00,-1.043400568699131448e+00,1.188530982065020725e+00,-1.178417461452712756e+00,-9.686202595272332960e-01,-5.520580090195005951e+00
-5.120057551562247511e+00,-1.043436154006828431e+00,1.188573735215937344e+00,-1.178379956285316998e+00,-9.686324780566374359e-01,-5.520653045917252477e+00
-5.120371652157059472e+00,-1.043471766627430242e+00,1.188616553892929639e+00,-1.178342647649354147e+00,-9.686446676301670999e-01,-5.520725888425523920e+00
-5.120685753431558851e+00,-1.043507405244143094e+00,1.188659436549624138e+00,-1.178305536773159412e+00,-9.686568297704708508e-01,-5.520798616220098154e+00
-5.120999855367777798e+00,-1.043543068559849019e+00,1.188702381664489938e+00,-1.178268624880340898e+00,-9.686689659708658251e-01,-5.520871227815193016e+00
-5.121313957947740469e+00,-1.043578755277439152e+00,1.188745387716007018e+00,-1.178231913194504044e+00,-9.686810777246543935e-01,-5.520943721725028119e+00
-5.121628061153464806e+00,-1.043614464099804184e+00,1.188788453182656468e+00,-1.178195402939255176e+00,-9.686931665251393708e-01,-5.521016096463824852e+00
-5.121942164966976740e+00,-1.043650193729835474e+00,1.188831576542918489e+00,-1.178159095338199069e+00,-9.687052338656230166e-01,-5.521088350545806378e+00
-5.122256269370295101e+00,-1.043685942870423933e+00,1.188874756275273947e+00,-1.178122991614941606e+00,-9.687172812394080346e-01,-5.521160482485195864e+00
-5.122570374345444044e+00,-1.043721710224460475e+00,1.188917990858203488e+00,-1.178087092993088225e+00,-9.687293101397967954e-01,-5.521232490796212922e+00
-5.122884479874445063e+00,-1.043757494494836235e+00,1.188961278770187979e+00,-1.178051400696244810e+00,-9.687413220600921138e-01,-5.521304373993079828e+00
-5.123198585939319649e+00,-1.043793294384442349e+00,1.189004618489707177e+00,-1.178015915948016579e+00,-9.687533184935962494e-01,-5.521376130590018860e+00
-5.123512692522089296e+00,-1.043829108596169730e+00,1.189048008495242614e+00,-1.177980639972009413e+00,-9.687653009336122389e-01,-5.521447759101252295e+00
-5.123826799604774607e+00,-1.043864935832909513e+00,1.189091447265274271e+00,-1.177945573991828976e+00,-9.687772708734420091e-01,-5.521519258041001521e+00
-5.124140907169402404e+00,-1.043900774797552611e+00,1.189134933278283457e+00,-1.177910719231080261e+00,-9.687892298063883745e-01,-5.521590625923488815e+00
-5.124455015197989738e+00,-1.043936624192989937e+00,1.189178465012750152e+00,-1.177876076913369596e+00,-9.688011792257540389e-01,-5.521661861262936455e+00
-5.124769123672561655e+00,-1.043972482722113071e+00,1.189222040947155223e+00,-1.177841648262301977e+00,-9.688131206248413729e-01,-5.521732962573565828e+00
-5.125083232575137870e+00,-1.044008349087812704e+00,1.189265659559979094e+00,-1.177807434501483286e+00,-9.688250554969528583e-01,-5.521803928369598324e+00
-5.125397341887741653e+00,-1.044044221992979971e+00,1.189309319329702630e+00,-1.177773436854518962e+00,-9.688369853353911987e-01,-5.521874757165257108e+00
-5.125711451592394496e+00,-1.044080100140505785e+00,1.189353018734806477e+00,-1.177739656545014668e+00,-9.688489116334588758e-01,-5.521945447474763569e+00
-5.126025561671118780e+00,-1.044115982233280837e+00,1.189396756253770837e+00,-1.177706094796576064e+00,-9.688608358844583712e-01,-5.522015997812339094e+00
-5.126339672105935108e+00,-1.044151866974196929e+00,1.189440530365077020e+00,-1.177672752832808589e+00,-9.688727595816923888e-01,-5.522086406692204186e+00
-5.126653782878867638e+00,-1.044187753066144531e+00,1.189484339547205005e+00,-1.177639631877317905e+00,-9.688846842184635211e-01,-5.522156672628584673e+00
-5.126967893971936974e+00,-1.044223639212015220e+00,1.189528182278635660e+00,-1.177606733153709895e+00,-9.688966112880739168e-01,-5.522226794135700167e+00
-5.127282005367165496e+00,-1.044259524114699467e+00,1.189572057037849628e+00,-1.177574057885589109e+00,-9.689085422838265016e-01,-5.522296769727772947e+00
-5.127596117046572921e+00,-1.044295406477088628e+00,1.189615962303327557e+00,-1.177541607296562320e+00,-9.689204786990237572e-01,-5.522366597919024400e+00
-5.127910228992185182e+00,-1.044331285002073395e+00,1.189659896553549867e+00,-1.177509382610234523e+00,-9.689324220269681653e-01,-5.522436277223676804e+00
-5.128224341186021107e+00,-1.044367158392545347e+00,1.189703858266997649e+00,-1.177477385050211156e+00,-9.689443737609622076e-01,-5.522505806155952435e+00
-5.128538453610104852e+00,-1.044403025351395176e+00,1.189747845922150660e+00,-1.177445615840098325e+00,-9.689563353943086987e-01,-5.522575183230071794e+00
-5.128852566246455247e+00,-1.044438884581514237e+00,1.189791857997490432e+00,-1.177414076203501248e+00,-9.689683084203097874e-01,-5.522644406960258934e+00
-5.129166679077097335e+00,-1.044474734785793002e+00,1.189835892971496945e+00,-1.177382767364025362e+00,-9.689802943322682882e-01,-5.522713475860733467e+00
-5.129480792084051721e+00,-1.044510574667122826e+00,1.189879949322651287e+00,-1.177351690545276774e+00,-9.689922946234867940e-01,-5.522782388445719448e+00
-5.129794905249340786e+00,-1.044546402928395068e+00,1.189924025529433882e+00,-1.177320846970860480e+00,-9.690043107872676753e-01,-5.522851143229436488e+00
-5.130109018554986022e+00,-1.044582218272500196e+00,1.189968120070324931e+00,-1.177290237864382361e+00,-9.690163443169135249e-01,-5.522919738726109529e+00
-5.130423131983008034e+00,-1.044618019402329567e+00,1.190012231423805966e+00,-1.177259864449448301e+00,-9.690283967057270464e-01,-5.522988173449959071e+00
-5.130737245515432754e+00,-1.044653805020774540e+00,1.190056358068356746e+00,-1.177229727949663074e+00,-9.690404694470104996e-01,-5.523056445915205614e+00
-5.131051359134277234e+00,-1.044689573830725360e+00,1.190100498482458358e+00,-1.177199829588633007e+00,-9.690525640340665881e-01,-5.523124554636072325e+00
-5.131365472821568297e+00,-1.044725324535073607e+00,1.190144651144591004e+00,-1.177170170589963538e+00,-9.690646819601980155e-01,-5.523192498126781480e+00
-5.131679586559323880e+00,-1.044761055836710195e+00,1.190188814533235773e+00,-1.177140752177259886e+00,-9.690768247187070417e-01,-5.523260274901554467e+00
-5.131993700329568142e+00,-1.044796766438526259e+00,1.190232987126873088e+00,-1.177111575574127933e+00,-9.690889938028963702e-01,-5.523327883474612676e+00
-5.132307814114321687e+00,-1.044832455043412933e+00,1.190277167403983594e+00,-1.177082642004173341e+00,-9.691011907060684827e-01,-5.523395322360179271e+00
-5.132621927895607783e+00,-1.044868120354260910e+00,1.190321353843047492e+00,-1.177053952691001326e+00,-9.691134169215260830e-01,-5.523462590072475642e+00
-5.132936041655447035e+00,-1.044903761073961324e+00,1.190365544922546315e+00,-1.177025508858217773e+00,-9.691256739425714306e-01,-5.523529685125723176e+00
-5.133250155375863599e+00,-1.044939375905405310e+00,1.190409739120959820e+00,-1.176997311729428120e+00,-9.691379632625074514e-01,-5.523596606034144152e+00
-5.133564269038876304e+00,-1.044974963551484004e+00,1.190453934916769096e+00,-1.176969362528238250e+00,-9.691502863746362939e-01,-5.523663351311961733e+00
-5.133878382626509307e+00,-1.045010522715088097e+00,1.190498130788454567e+00,-1.176941662478253381e+00,-9.691626447722607729e-01,-5.523729919473395533e+00
-5.134192496120784099e+00,-1.045046052099109168e+00,1.190542325214497099e+00,-1.176914212803079174e+00,-9.691750399486833700e-01,-5.523796309032668717e+00
-5.134506609503722174e+00,-1.045081550406437909e+00,1.190586516673376893e+00,-1.176887014726321290e+00,-9.691874733972065670e-01,-5.523862518504002672e+00
-5.134820722757345024e+00,-1.045117016339965232e+00,1.190630703643574817e+00,-1.176860069471584946e+00,-9.691999466111329564e-01,-5.523928546401620565e+00
-5.135134835863675917e+00,-1.045152448602582496e+00,1.190674884603571515e+00,-1.176833378262476471e+00,-9.692124610837652421e-01,-5.523994391239742896e+00
-5.135448948804735458e+00,-1.045187845897180612e+00,1.190719058031847410e+00,-1.176806942322600857e+00,-9.692250183084055726e-01,-5.524060051532591054e+00
-5.135763061562547804e+00,-1.045223206926650494e+00,1.190763222406883370e+00,-1.176780762875563768e+00,-9.692376197783568736e-01,-5.524125525794389979e+00
-5.136077174119132671e+00,-1.045258530393883500e+00,1.190807376207159818e+00,-1.176754841144970865e+00,-9.692502669869216270e-01,-5.524190812539359285e+00
-5.136391286456513328e+00,-1.045293815001770321e+00,1.190851517911157398e+00,-1.176729178354427807e+00,-9.692629614274022032e-01,-5.524255910281720361e+00
-5.136705398556949298e+00,-1.045329059452708487e+00,1.190895645997078311e+00,-1.176703775729756263e+00,-9.692757045942981264e-01,-5.524320817533649119e+00
-5.137019510412653922e+00,-1.045364262428518876e+00,1.190939758931506276e+00,-1.176678634589098271e+00,-9.692884980319648180e-01,-5.524385532722058123e+00
-5.137333622029166769e+00,-1.045399422583473292e+00,1.190983855165471228e+00,-1.176653756374212767e+00,-9.693013433515147437e-01,-5.524450054159690815e+00
-5.137647733412959106e+00,-1.045434538569915528e+00,1.191027933148914864e+00,-1.176629142535501327e+00,-9.693142421687286348e-01,-5.524514380151308579e+00
-5.137961844570499537e+00,-1.045469609040191150e+00,1.191071991331778657e+00,-1.176604794523367081e+00,-9.693271960993867786e-01,-5.524578509001674576e+00
-5.138275955508261106e+00,-1.045504632646644172e+00,1.191116028164004081e+00,-1.176580713788211829e+00,-9.693402067592699067e-01,-5.524642439015546636e+00
-5.138590066232713305e+00,-1.045539608041618829e+00,1.191160042095533056e+00,-1.176556901780438480e+00,-9.693532757641581954e-01,-5.524706168497689696e+00
-5.138904176750325625e+00,-1.045574533877460244e+00,1.191204031576306832e+00,-1.176533359950448832e+00,-9.693664047298324871e-01,-5.524769695752862475e+00
-5.139218287067572000e+00,-1.045609408806512652e+00,1.191247995056267772e+00,-1.176510089748645571e+00,-9.693795952720731801e-01,-5.524833019085829022e+00
-5.139532397190920143e+00,-1.045644231481121178e+00,1.191291930985356906e+00,-1.176487092625430719e+00,-9.693928490066607839e-01,-5.524896136801347168e+00
-5.139846507126841324e+00,-1.045679000553629612e+00,1.191335837813515930e+00,-1.176464370031206963e+00,-9.694061675493755859e-01,-5.524959047204182738e+00
-5.140160616881806810e+00,-1.045713714676383299e+00,1.191379713990686762e+00,-1.176441923416376323e+00,-9.694195525159984284e-01,-5.525021748599093563e+00
-5.140474726462287869e+00,-1.045748372501726253e+00,1.191423557966810653e+00,-1.176419754231341486e+00,-9.694330055223095988e-01,-5.525084239290841914e+00
-5.140788835874753104e+00,-1.045782972682003376e+00,1.191467368191829745e+00,-1.176397863926504472e+00,-9.694465281840897175e-01,-5.525146517584190065e+00
-5.141102945125675561e+00,-1.045817513869559123e+00,1.191511143115685512e+00,-1.176376253952267970e+00,-9.694601221171191829e-01,-5.525208581783898509e+00
-5.141417054221524729e+00,-1.045851994716737954e+00,1.191554881188318982e+00,-1.176354925759033998e+00,-9.694737889371787265e-01,-5.525270430194729521e+00
-5.141731163168771879e+00,-1.045886413875884768e+00,1.191598580859672962e+00,-1.176333880797204801e+00,-9.694875302600485245e-01,-5.525332061121444482e+00
-5.142045271973887388e+00,-1.045920769999344024e+00,1.191642240579688261e+00,-1.176313120517183286e+00,-9.695013477015091974e-01,-5.525393472868803002e+00
-5.142359380643341638e+00,-1.045955061739459957e+00,1.191685858798306352e+00,-1.176292646369371253e+00,-9.695152428773413655e-01,-5.525454663741569128e+00
-5.142673489183605007e+00,-1.045989287748577690e+00,1.191729433965469820e+00,-1.176272459804171389e+00,-9.695292174033253163e-01,-5.525515632044501579e+00
-5.142987597601149652e+00,-1.046023446679041236e+00,1.191772964531119472e+00,-1.176252562271985491e+00,-9.695432728952418922e-01,-5.525576376082364405e+00
-5.143301705902445065e+00,-1.046057537183195940e+00,1.191816448945197005e+00,-1.176232955223216692e+00,-9.695574109688712694e-01,-5.525636894159916324e+00
-5.143615814093963401e+00,-1.046091557913385817e+00,1.191859885657644558e+00,-1.176213640108266789e+00,-9.695716332399941795e-01,-5.525697184581921384e+00
-5.143929922182172376e+00,-1.046125507521955322e+00,1.191903273118403384e+00,-1.176194618377538470e+00,-9.695859413243907987e-01,-5.525757245653139194e+00
-5.144244030173544147e+00,-1.046159384661249581e+00,1.191946609777415178e+00,-1.176175891481433533e+00,-9.696003368378420806e-01,-5.525817075678331136e+00
-5.144558138074550868e+00,-1.046193187983612605e+00,1.191989894084621637e+00,-1.176157460870354887e+00,-9.696148213961282014e-01,-5.525876672962259484e+00
-5.144872245891662921e+00,-1.046226916141389296e+00,1.192033124489964679e+00,-1.176139327994704553e+00,-9.696293966150297816e-01,-5.525936035809684732e+00
-5.145186353631348908e+00,-1.046260567786924556e+00,1.192076299443385112e+00,-1.176121494304884774e+00,-9.696440641103273306e-01,-5.525995162525370041e+00
-5.145500461300080985e+00,-1.046294141572561953e+00,1.192119417394825520e+00,-1.176103961251298236e+00,-9.696588254978013577e-01,-5.526054051414074131e+00
-5.145814568904330422e+00,-1.046327636150647278e+00,1.192162476794227377e+00,-1.176086730284347182e+00,-9.696736823932322613e-01,-5.526112700780561937e+00
-5.146128676450565820e+00,-1.046361050173524099e+00,1.192205476091531491e+00,-1.176069802854433854e+00,-9.696886364124007729e-01,-5.526171108929591291e+00
-5.146442783945260224e+00,-1.046394382293537539e+00,1.192248413736680446e+00,-1.176053180411960497e+00,-9.697036891710870687e-01,-5.526229274165924465e+00
-5.146756891394883127e+00,-1.046427631163032057e+00,1.192291288179615716e+00,-1.176036864407329574e+00,-9.697188422850719913e-01,-5.526287194794324620e+00
-5.147070998805904907e+00,-1.046460795434352331e+00,1.192334097870278553e+00,-1.176020856290943772e+00,-9.697340973701357170e-01,-5.526344869119550474e+00
-5.147385106184797721e+00,-1.046493873759843041e+00,1.192376841258610876e+00,-1.176005157513204669e+00,-9.697494560420590881e-01,-5.526402295446366963e+00
-5.147699213538030172e+00,-1.046526864791848199e+00,1.192419516794554379e+00,-1.175989769524515172e+00,-9.697649199166223921e-01,-5.526459472079531920e+00
-5.148013320872074416e+00,-1.046559767182712930e+00,1.192462122928050539e+00,-1.175974693775277524e+00,-9.697804906096061384e-01,-5.526516397323808505e+00
-5.148327428193400834e+00,-1.046592579584781690e+00,1.192504658109041049e+00,-1.175959931715893969e+00,-9.697961697367908362e-01,-5.526573069483958101e+00
-5.148641535508480693e+00,-1.046625300650399160e+00,1.192547120787467607e+00,-1.175945484796766749e+00,-9.698119589139572172e-01,-5.526629486864742091e+00
-5.148955642823784373e+00,-1.046657929031909795e+00,1.192589509413271909e+00,-1.175931354468298773e+00,-9.698278597568854575e-01,-5.526685647770921861e+00
-5.149269750145780478e+00,-1.046690463381657832e+00,1.192631822436395428e+00,-1.175917542180891839e+00,-9.698438738813561777e-01,-5.526741550507257017e+00
-5.149583857480942939e+00,-1.046722902351988393e+00,1.192674058306779639e+00,-1.175904049384947969e+00,-9.698600029031498870e-01,-5.526797193378512496e+00
-5.149897964835741249e+00,-1.046755244595245715e+00,1.192716215474366903e+00,-1.175890877530870515e+00,-9.698762484380472060e-01,-5.526852574689446129e+00
-5.150212072216644899e+00,-1.046787488763774698e+00,1.192758292389098251e+00,-1.175878028069061054e+00,-9.698926121018284219e-01,-5.526907692744822853e+00
-5.150526179630125156e+00,-1.046819633509919800e+00,1.192800287500915157e+00,-1.175865502449921829e+00,-9.699090955102743772e-01,-5.526962545849400499e+00
-5.150840287082654179e+00,-1.046851677486025256e+00,1.192842199259760205e+00,-1.175853302123855748e+00,-9.699257002791650262e-01,-5.527017132307942227e+00
-5.151154394580700568e+00,-1.046883619344436189e+00,1.192884026115573981e+00,-1.175841428541264833e+00,-9.699424280242814334e-01,-5.527071450425210308e+00
-5.151468502130736482e+00,-1.046915457737496835e+00,1.192925766518298625e+00,-1.175829883152551547e+00,-9.699592803614037750e-01,-5.527125498505964352e+00
-5.151782609739232299e+00,-1.046947191317551873e+00,1.192967418917875833e+00,-1.175818667408118134e+00,-9.699762589063127827e-01,-5.527179274854966629e+00
-5.152096717412659288e+00,-1.046978818736945982e+00,1.193008981764247078e+00,-1.175807782758367059e+00,-9.699933652747887436e-01,-5.527232777776978523e+00
-5.152410825157486052e+00,-1.047010338648023398e+00,1.193050453507353836e+00,-1.175797230653700343e+00,-9.700106010826121672e-01,-5.527286005576761418e+00
-5.152724932980185635e+00,-1.047041749703129021e+00,1.193091832597138247e+00,-1.175787012544520671e+00,-9.700279679455637849e-01,-5.527338956559076699e+00
-5.153039040887226641e+00,-1.047073050554607310e+00,1.193133117483541783e+00,-1.175777129881230287e+00,-9.700454674794237730e-01,-5.527391629028684861e+00
-5.153353148884561641e+00,-1.047104239864736774e+00,1.193174306623499659e+00,-1.175767584080161576e+00,-9.700631012732594538e-01,-5.527444021327339030e+00
-5.153667256973442079e+00,-1.047135316385538362e+00,1.193215398537133431e+00,-1.175758376249863790e+00,-9.700808706748108579e-01,-5.527496132130955253e+00
-5.153981365152628058e+00,-1.047166278916668025e+00,1.193256391778101611e+00,-1.175749507335511312e+00,-9.700987769037194841e-01,-5.527547960292827689e+00
-5.154295473420854812e+00,-1.047197126258221145e+00,1.193297284900373567e+00,-1.175740978280775950e+00,-9.701168211784481077e-01,-5.527599504667884744e+00
-5.154609581776859351e+00,-1.047227857210292434e+00,1.193338076457916230e+00,-1.175732790029328623e+00,-9.701350047174595037e-01,-5.527650764111053050e+00
-5.154923690219377796e+00,-1.047258470572977274e+00,1.193378765004698749e+00,-1.175724943524840249e+00,-9.701533287392163363e-01,-5.527701737477261901e+00
-5.155237798747144495e+00,-1.047288965146369488e+00,1.193419349094688720e+00,-1.175717439710982637e+00,-9.701717944621814915e-01,-5.527752423621434374e+00
-5.155551907358898234e+00,-1.047319339730565568e+00,1.193459827281855068e+00,-1.175710279531427149e+00,-9.701904031048174115e-01,-5.527802821398499766e+00
-5.155866016053374246e+00,-1.047349593125659339e+00,1.193500198120165168e+00,-1.175703463929844705e+00,-9.702091558855873155e-01,-5.527852929663385595e+00
-5.156180124829308653e+00,-1.047379724131745959e+00,1.193540460163587724e+00,-1.175696993849906669e+00,-9.702280540229534234e-01,-5.527902747271018491e+00
-5.156494233685436690e+00,-1.047409731548920586e+00,1.193580611966090554e+00,-1.175690870235284402e+00,-9.702470987353788434e-01,-5.527952273076325973e+00
-5.156808342620494479e+00,-1.047439614177278155e+00,1.193620652081642364e+00,-1.175685094029649047e+00,-9.702662912413260177e-01,-5.528001505934235560e+00
-5.157122451633220805e+00,-1.047469370816913381e+00,1.193660579064211191e+00,-1.175679666176671967e+00,-9.702856327592579433e-01,-5.528050444699674770e+00
-5.157436560722349128e+00,-1.047499000267921421e+00,1.193700391467764854e+00,-1.175674587620024081e+00,-9.703051245076372844e-01,-5.528099088227568458e+00
-5.157750669886616457e+00,-1.047528501330396988e+00,1.193740087846272058e+00,-1.175669859303377196e+00,-9.703247677049267050e-01,-5.528147435372845031e+00
-5.158064779124758914e+00,-1.047557872804434798e+00,1.193779666753700397e+00,-1.175665482170402232e+00,-9.703445635695889804e-01,-5.528195484990433783e+00
-5.158378888435513510e+00,-1.047587113490130450e+00,1.193819126744018799e+00,-1.175661457164770773e+00,-9.703645133200868855e-01,-5.528243235935258681e+00
-5.158692997817615478e+00,-1.047616222187578439e+00,1.193858466371195082e+00,-1.175657785230153740e+00,-9.703846181748830846e-01,-5.528290687062249908e+00
-5.159007107269800052e+00,-1.047645197696873920e+00,1.193897684189197506e+00,-1.175654467310222717e+00,-9.704048793524403527e-01,-5.528337837226332319e+00
-5.159321216790806908e+00,-1.047674038818111608e+00,1.193936778751994332e+00,-1.175651504348648624e+00,-9.704252980712214649e-01,-5.528384685282434319e+00
-5.159635326379366838e+00,-1.047702744351386883e+00,1.193975748613553600e+00,-1.175648897289102823e+00,-9.704458755496890854e-01,-5.528431230085482539e+00
-5.159949436034221293e+00,-1.047731313096794015e+00,1.194014592327843349e+00,-1.175646647075256901e+00,-9.704666130063062113e-01,-5.528477470490404500e+00
-5.160263545754102843e+00,-1.047759743854428161e+00,1.194053308448832063e+00,-1.175644754650781998e+00,-9.704875116595351736e-01,-5.528523405352126829e+00
-5.160577655537748498e+00,-1.047788035424384478e+00,1.194091895530488001e+00,-1.175643220959349033e+00,-9.705085727278389696e-01,-5.528569033525577048e+00
-5.160891765383896157e+00,-1.047816186606757904e+00,1.194130352126779204e+00,-1.175642046944629593e+00,-9.705297974296802632e-01,-5.528614353865684450e+00
-5.161205875291280165e+00,-1.047844196201642930e+00,1.194168676791674155e+00,-1.175641233550294595e+00,-9.705511869835218297e-01,-5.528659365227373002e+00
-5.161519985258637533e+00,-1.047872063009135157e+00,1.194206868079140449e+00,-1.175640781720016292e+00,-9.705727426078263331e-01,-5.528704066465570222e+00
-5.161834095284704382e+00,-1.047899785829328856e+00,1.194244924543146791e+00,-1.175640692397464715e+00,-9.705944655210566596e-01,-5.528748456435204517e+00
-5.162148205368215059e+00,-1.047927363462319628e+00,1.194282844737661220e+00,-1.175640966526311670e+00,-9.706163569416753623e-01,-5.528792533991203406e+00
-5.162462315507909238e+00,-1.047954794708201964e+00,1.194320627216651998e+00,-1.175641605050228744e+00,-9.706384180881454382e-01,-5.528836297988492632e+00
-5.162776425702519489e+00,-1.047982078367070802e+00,1.194358270534087385e+00,-1.175642608912886633e+00,-9.706606501789292185e-01,-5.528879747282000601e+00
-5.163090535950784599e+00,-1.048009213239021520e+00,1.194395773243935199e+00,-1.175643979057957145e+00,-9.706830544324897003e-01,-5.528922880726654832e+00
-5.163404646251439800e+00,-1.048036198124148388e+00,1.194433133900164146e+00,-1.175645716429111198e+00,-9.707056320672896588e-01,-5.528965697177381067e+00
-5.163718756603219440e+00,-1.048063031822546787e+00,1.194470351056742041e+00,-1.175647821970020157e+00,-9.707283843017919800e-01,-5.529008195489107713e+00
-5.164032867004864080e+00,-1.048089713134311207e+00,1.194507423267637369e+00,-1.175650296624355162e+00,-9.707513123544589950e-01,-5.529050374516760513e+00
-5.164346977455105403e+00,-1.048116240859537251e+00,1.194544349086818169e+00,-1.175653141335787355e+00,-9.707744174437535900e-01,-5.529092233115267874e+00
-5.164661087952682195e+00,-1.048142613798319633e+00,1.194581127068252480e+00,-1.175656357047988321e+00,-9.707977007881386511e-01,-5.529133770139557313e+00
-5.164975198496329689e+00,-1.048168830750753067e+00,1.194617755765909006e+00,-1.175659944704629645e+00,-9.708211636060769534e-01,-5.529174984444556351e+00
-5.165289309084784009e+00,-1.048194890516932487e+00,1.194654233733755566e+00,-1.175663905249381802e+00,-9.708448071160309389e-01,-5.529215874885189841e+00
-5.165603419716782163e+00,-1.048220791896953052e+00,1.194690559525760420e+00,-1.175668239625916822e+00,-9.708686325364634939e-01,-5.529256440316387078e+00
-5.165917530391058499e+00,-1.048246533690909477e+00,1.194726731695891608e+00,-1.175672948777905624e+00,-9.708926410858373934e-01,-5.529296679593073804e+00
-5.166231641106351802e+00,-1.048272114698896917e+00,1.194762748798117391e+00,-1.175678033649019349e+00,-9.709168339826155236e-01,-5.529336591570178427e+00
-5.166545751861396418e+00,-1.048297533721010311e+00,1.194798609386406474e+00,-1.175683495182929139e+00,-9.709412124452603265e-01,-5.529376175102628466e+00
-5.166859862654928470e+00,-1.048322789557344148e+00,1.194834312014726230e+00,-1.175689334323306801e+00,-9.709657776922345773e-01,-5.529415429045348773e+00
-5.167173973485684080e+00,-1.048347881007993809e+00,1.194869855237045808e+00,-1.175695552013823031e+00,-9.709905309420011621e-01,-5.529454352253270422e+00
-5.167488084352400257e+00,-1.048372806873054230e+00,1.194905237607332360e+00,-1.175702149198149415e+00,-9.710154734130229670e-01,-5.529492943581315600e+00
-5.167802195253814013e+00,-1.048397565952620347e+00,1.194940457679555035e+00,-1.175709126819957540e+00,-9.710406063237624341e-01,-5.529531201884416269e+00
-5.168116306188658804e+00,-1.048422157046786873e+00,1.194975514007680983e+00,-1.175716485822918100e+00,-9.710659308926822275e-01,-5.529569126017496394e+00
-5.168430417155672529e+00,-1.048446578955648745e+00,1.195010405145679577e+00,-1.175724227150702683e+00,-9.710914483382453444e-01,-5.529606714835484382e+00
-5.168744528153591311e+00,-1.048470830479301119e+00,1.195045129647518189e+00,-1.175732351746982429e+00,-9.711171598789146708e-01,-5.529643967193307752e+00
-5.169058639181151271e+00,-1.048494910417838932e+00,1.195079686067165525e+00,-1.175740860555428702e+00,-9.711430667331524269e-01,-5.529680881945894022e+00
-5.169372750237088532e+00,-1.048518817571356676e+00,1.195114072958589624e+00,-1.175749754519712642e+00,-9.711691701194217208e-01,-5.529717457948168935e+00
-5.169686861320141880e+00,-1.048542550741214718e+00,1.195148288876694442e+00,-1.175759034579319851e+00,-9.711954712531508660e-01,-5.529753694059435176e+00
-5.170000972429892094e+00,-1.048566109055047990e+00,1.195182332617920062e+00,-1.175768700594076455e+00,-9.712219705670526171e-01,-5.529789590267395916e+00
-5.170315083567874836e+00,-1.048589492399304213e+00,1.195216203540437450e+00,-1.175778749912860466e+00,-9.712486666734921892e-01,-5.529825149184060429e+00
-5.170629194735903766e+00,-1.048612700768061679e+00,1.195249901082094501e+00,-1.175789179528397677e+00,-9.712755579266356687e-01,-5.529860373793670014e+00
-5.170943305935791656e+00,-1.048635734155398680e+00,1.195283424680739559e+00,-1.175799986433413213e+00,-9.713026426806495861e-01,-5.529895267080465970e+00
-5.171257417169352166e+00,-1.048658592555392843e+00,1.195316773774220298e+00,-1.175811167620632869e+00,-9.713299192897002499e-01,-5.529929832028688708e+00
-5.171571528438396292e+00,-1.048681275962122905e+00,1.195349947800384838e+00,-1.175822720082781103e+00,-9.713573861079538574e-01,-5.529964071622580413e+00
-5.171885639744739471e+00,-1.048703784369666492e+00,1.195382946197081075e+00,-1.175834640812583487e+00,-9.713850414895768282e-01,-5.529997988846380608e+00
-5.172199751090192699e+00,-1.048726117772102118e+00,1.195415768402156464e+00,-1.175846926802765147e+00,-9.714128837887355816e-01,-5.530031586684331479e+00
-5.172513862476572299e+00,-1.048748276163507631e+00,1.195448413853459790e+00,-1.175859575046051875e+00,-9.714409113595962042e-01,-5.530064868120675214e+00
-5.172827973905687493e+00,-1.048770259537961103e+00,1.195480881988838284e+00,-1.175872582535168576e+00,-9.714691225563251153e-01,-5.530097836139650447e+00
-5.173142085379354604e+00,-1.048792067889541046e+00,1.195513172246140066e+00,-1.175885946262840598e+00,-9.714975157330889566e-01,-5.530130493725501140e+00
-5.173456196899384629e+00,-1.048813701212325311e+00,1.195545284063213698e+00,-1.175899663221792846e+00,-9.715260892440534812e-01,-5.530162843862465039e+00
-5.173770308467591228e+00,-1.048835159500392189e+00,1.195577216877906190e+00,-1.175913730404751112e+00,-9.715548414433854418e-01,-5.530194889534787883e+00
-5.174084420085788949e+00,-1.048856442747819528e+00,1.195608970128065884e+00,-1.175928144804440523e+00,-9.715837706852511468e-01,-5.530226633726705643e+00
-5.174398531755788788e+00,-1.048877550948685844e+00,1.195640543251540677e+00,-1.175942903413586649e+00,-9.716128753238165716e-01,-5.530258079422463169e+00
-5.174712643479406182e+00,-1.048898484097068984e+00,1.195671935686178688e+00,-1.175958003224914172e+00,-9.716421537132483577e-01,-5.530289229606300871e+00
-5.175026755258452127e+00,-1.048919242187047018e+00,1.195703146869827593e+00,-1.175973441231148442e+00,-9.716716042077129245e-01,-5.530320087262459161e+00
-5.175340867094740283e+00,-1.048939825212698240e+00,1.195734176240335733e+00,-1.175989214425015250e+00,-9.717012251613762475e-01,-5.530350655375179336e+00
-5.175654978990084309e+00,-1.048960233168100942e+00,1.195765023235550562e+00,-1.176005319799239279e+00,-9.717310149284048570e-01,-5.530380936928702695e+00
-5.175969090946296092e+00,-1.048980466047332971e+00,1.195795687293320197e+00,-1.176021754346546766e+00,-9.717609718629651727e-01,-5.530410934907269649e+00
-5.176283202965191066e+00,-1.049000523844472843e+00,1.195826167851492761e+00,-1.176038515059661727e+00,-9.717910943192233919e-01,-5.530440652295123272e+00
-5.176597315048580228e+00,-1.049020406553597962e+00,1.195856464347915704e+00,-1.176055598931309953e+00,-9.718213806513457120e-01,-5.530470092076503086e+00
-5.176911427198277238e+00,-1.049040114168787063e+00,1.195886576220437814e+00,-1.176073002954217017e+00,-9.718518292134988856e-01,-5.530499257235651278e+00
-5.177225539416095756e+00,-1.049059646684118219e+00,1.195916502906906320e+00,-1.176090724121107822e+00,-9.718824383598487771e-01,-5.530528150756806482e+00
-5.177539651703848556e+00,-1.049079004093669276e+00,1.195946243845169121e+00,-1.176108759424707939e+00,-9.719132064445619168e-01,-5.530556775624213550e+00
-5.177853764063347519e+00,-1.049098186391518528e+00,1.195975798473074780e+00,-1.176127105857742716e+00,-9.719441318218046133e-01,-5.530585134822111115e+00
-5.178167876496408972e+00,-1.049117193571744489e+00,1.196005166228470529e+00,-1.176145760412936836e+00,-9.719752128457431750e-01,-5.530613231334740476e+00
-5.178481989004843022e+00,-1.049136025628424340e+00,1.196034346549204930e+00,-1.176164720083016091e+00,-9.720064478705439104e-01,-5.530641068146343819e+00
-5.178796101590463330e+00,-1.049154682555637264e+00,1.196063338873125437e+00,-1.176183981860705607e+00,-9.720378352503734609e-01,-5.530668648241161556e+00
-5.179110214255084443e+00,-1.049173164347460663e+00,1.196092142638080391e+00,-1.176203542738730734e+00,-9.720693733393975799e-01,-5.530695974603435872e+00
-5.179424327000517358e+00,-1.049191470997973052e+00,1.196120757281917024e+00,-1.176223399709816819e+00,-9.721010604917829090e-01,-5.530723050217405401e+00
-5.179738439828576624e+00,-1.049209602501252503e+00,1.196149182242484343e+00,-1.176243549766688767e+00,-9.721328950616958675e-01,-5.530749878067314995e+00
-5.180052552741075012e+00,-1.049227558851376862e+00,1.196177416957629580e+00,-1.176263989902071927e+00,-9.721648754033026529e-01,-5.530776461137403288e+00
-5.180366665739825294e+00,-1.049245340042424424e+00,1.196205460865200854e+00,-1.176284717108692091e+00,-9.721969998707694627e-01,-5.530802802411910690e+00
-5.180680778826642019e+00,-1.049262946068473701e+00,1.196233313403045839e+00,-1.176305728379273940e+00,-9.722292668182629383e-01,-5.530828904875080276e+00
-5.180994892003336183e+00,-1.049280376923602320e+00,1.196260974009012656e+00,-1.176327020706543269e+00,-9.722616745999490551e-01,-5.530854771511152457e+00
-5.181309005271723223e+00,-1.049297632601888575e+00,1.196288442120949647e+00,-1.176348591083224981e+00,-9.722942215699944546e-01,-5.530880405304368530e+00
-5.181623118633614133e+00,-1.049314713097410534e+00,1.196315717176704263e+00,-1.176370436502044203e+00,-9.723269060825653343e-01,-5.530905809238969795e+00
-5.181937232090823464e+00,-1.049331618404246491e+00,1.196342798614124625e+00,-1.176392553955726727e+00,-9.723597264918280025e-01,-5.530930986299195773e+00
-5.182251345645163099e+00,-1.049348348516474516e+00,1.196369685871058408e+00,-1.176414940436997458e+00,-9.723926811519487678e-01,-5.530955939469290428e+00
-5.182565459298447585e+00,-1.049364903428172680e+00,1.196396378385353954e+00,-1.176437592938581966e+00,-9.724257684170941607e-01,-5.530980671733491505e+00
-5.182879573052487920e+00,-1.049381283133419052e+00,1.196422875594858937e+00,-1.176460508453205156e+00,-9.724589866414301564e-01,-5.531005186076043856e+00
-5.183193686909099540e+00,-1.049397487626291925e+00,1.196449176937421699e+00,-1.176483683973592598e+00,-9.724923341791231746e-01,-5.531029485481187002e+00
-5.183507800870093440e+00,-1.049413516900869370e+00,1.196475281850889472e+00,-1.176507116492469418e+00,-9.725258093843398566e-01,-5.531053572933160467e+00
-5.183821914937285946e+00,-1.049429370951229457e+00,1.196501189773110818e+00,-1.176530803002560965e+00,-9.725594106112462889e-01,-5.531077451416207325e+00
-5.184136029112486277e+00,-1.049445049771450256e+00,1.196526900141933192e+00,-1.176554740496592366e+00,-9.725931362140085579e-01,-5.531101123914567985e+00
-5.184450143397509869e+00,-1.049460553355610060e+00,1.196552412395205156e+00,-1.176578925967289413e+00,-9.726269845467935271e-01,-5.531124593412484636e+00
-5.184764257794169495e+00,-1.049475881697787161e+00,1.196577725970773942e+00,-1.176603356407376566e+00,-9.726609539637670609e-01,-5.531147862894196798e+00
-5.185078372304278815e+00,-1.049491034792059407e+00,1.196602840306487892e+00,-1.176628028809579618e+00,-9.726950428190956899e-01,-5.531170935343946660e+00
-5.185392486929648825e+00,-1.049506012632504870e+00,1.196627754840195124e+00,-1.176652940166623695e+00,-9.727292494669458334e-01,-5.531193813745975518e+00
-5.185706601672094962e+00,-1.049520815213201841e+00,1.196652469009743314e+00,-1.176678087471234146e+00,-9.727635722614835778e-01,-5.531216501084522896e+00
-5.186020716533429109e+00,-1.049535442528228391e+00,1.196676982252979915e+00,-1.176703467716136542e+00,-9.727980095568754537e-01,-5.531239000343831869e+00
-5.186334831515982735e+00,-1.049549894544552497e+00,1.196701293977826541e+00,-1.176729077932427758e+00,-9.728325597386691115e-01,-5.531261314471598745e+00
-5.186648946624524470e+00,-1.049564171101524890e+00,1.196725403451323944e+00,-1.176754915331839069e+00,-9.728672213401369229e-01,-5.531283446243491220e+00
-5.186963061864538815e+00,-1.049578272000978529e+00,1.196749309899097335e+00,-1.176780977179203935e+00,-9.729019929379801868e-01,-5.531305398384603222e+00
-5.187277177241511161e+00,-1.049592197044741271e+00,1.196773012546765935e+00,-1.176807260739363814e+00,-9.729368731089055311e-01,-5.531327173620024240e+00
-5.187591292760926009e+00,-1.049605946034640969e+00,1.196796510619949627e+00,-1.176833763277159273e+00,-9.729718604296198059e-01,-5.531348774674841096e+00
-5.187905408428273191e+00,-1.049619518772506366e+00,1.196819803344267630e+00,-1.176860482057431545e+00,-9.730069534768298611e-01,-5.531370204274140612e+00
-5.188219524249031878e+00,-1.049632915060164651e+00,1.196842889945339827e+00,-1.176887414345021421e+00,-9.730421508272427689e-01,-5.531391465143012276e+00
-5.188533640228691013e+00,-1.049646134699444122e+00,1.196865769648785660e+00,-1.176914557404769912e+00,-9.730774510575650460e-01,-5.531412560006542023e+00
-5.188847756372735098e+00,-1.049659177492172857e+00,1.196888441680224124e+00,-1.176941908501518252e+00,-9.731128527445038756e-01,-5.531433491589819340e+00
-5.189161872686648636e+00,-1.049672043240178709e+00,1.196910905265275105e+00,-1.176969464900107454e+00,-9.731483544647659967e-01,-5.531454262617930162e+00
-5.189475989175917903e+00,-1.049684731745289756e+00,1.196933159629558041e+00,-1.176997223865378084e+00,-9.731839547950583702e-01,-5.531474875815963088e+00
-5.189790105846028290e+00,-1.049697242809333630e+00,1.196955203998692596e+00,-1.177025182662171821e+00,-9.732196523120876241e-01,-5.531495333909005829e+00
-5.190104222702463410e+00,-1.049709576234139075e+00,1.196977037598297988e+00,-1.177053338555329232e+00,-9.732554455925608305e-01,-5.531515639622146985e+00
-5.190418339750711318e+00,-1.049721731821533277e+00,1.196998659653993657e+00,-1.177081688809691329e+00,-9.732913332131848394e-01,-5.531535795680472489e+00
-5.190732456996255628e+00,-1.049733709373344537e+00,1.197020069391399710e+00,-1.177110230690099124e+00,-9.733273137506665007e-01,-5.531555804809071830e+00
-5.191046574444579953e+00,-1.049745508691401374e+00,1.197041266036134921e+00,-1.177138961461393629e+00,-9.733633857817126644e-01,-5.531575669733031830e+00
-5.191360692101173235e+00,-1.049757129577530756e+00,1.197062248813819396e+00,-1.177167878388416300e+00,-9.733995478830299586e-01,-5.531595393177441089e+00
-5.191674809971518201e+00,-1.049768571833561648e+00,1.197083016950072132e+00,-1.177196978736007704e+00,-9.734357986313257882e-01,-5.531614977867385541e+00
-5.191988928061101127e+00,-1.049779835261321237e+00,1.197103569670513012e+00,-1.177226259769008632e+00,-9.734721366033065593e-01,-5.531634426527953785e+00
-5.192303046375407405e+00,-1.049790919662637600e+00,1.197123906200761034e+00,-1.177255718752260538e+00,-9.735085603756793438e-01,-5.531653741884234421e+00
-5.192617164919922423e+00,-1.049801824839339703e+00,1.197144025766436526e+00,-1.177285352950603992e+00,-9.735450685251511027e-01,-5.531672926661313383e+00
-5.192931283700129796e+00,-1.049812550593254290e+00,1.197163927593158261e+00,-1.177315159628880670e+00,-9.735816596284283531e-01,-5.531691983584281047e+00
-5.193245402721516690e+00,-1.049823096726210103e+00,1.197183610906545903e+00,-1.177345136051930696e+00,-9.736183322622181668e-01,-5.531710915378222460e+00
-5.193559521989568495e+00,-1.049833463040034998e+00,1.197203074932219113e+00,-1.177375279484595749e+00,-9.736550850032273940e-01,-5.531729724768227108e+00
-5.193873641509769712e+00,-1.049843649336556828e+00,1.197222318895797333e+00,-1.177405587191716618e+00,-9.736919164281631067e-01,-5.531748414479381815e+00
-5.194187761287604843e+00,-1.049853655417603449e+00,1.197241342022900223e+00,-1.177436056438134315e+00,-9.737288251137318218e-01,-5.531766987236775179e+00
-5.194501881328560167e+00,-1.049863481085002936e+00,1.197260143539147004e+00,-1.177466684488689852e+00,-9.737658096366405003e-01,-5.531785445765494025e+00
-5.194816001638121961e+00,-1.049873126140583812e+00,1.197278722670156892e+00,-1.177497468608224240e+00,-9.738028685735963252e-01,-5.531803792790626062e+00
-5.195130122221772950e+00,-1.049882590386173264e+00,1.197297078641550439e+00,-1.177528406061578270e+00,-9.738400005013057026e-01,-5.531822031037259890e+00
-5.195444243085001190e+00,-1.049891873623600036e+00,1.197315210678945974e+00,-1.177559494113593841e+00,-9.738772039964758154e-01,-5.531840163230482332e+00
-5.195758364233290294e+00,-1.049900975654691315e+00,1.197333118007963826e+00,-1.177590730029110411e+00,-9.739144776358131805e-01,-5.531858192095381987e+00
-5.196072485672125651e+00,-1.049909896281275623e+00,1.197350799854222769e+00,-1.177622111072970323e+00,-9.739518199960253142e-01,-5.531876120357044790e+00
-5.196386607406993541e+00,-1.049918635305181036e+00,1.197368255443343132e+00,-1.177653634510013925e+00,-9.739892296538184002e-01,-5.531893950740561117e+00
-5.196700729443378464e+00,-1.049927192528235187e+00,1.197385484000943912e+00,-1.177685297605082448e+00,-9.740267051858996217e-01,-5.531911685971016901e+00
-5.197014851786764922e+00,-1.049935567752266374e+00,1.197402484752644547e+00,-1.177717097623016906e+00,-9.740642451689758285e-01,-5.531929328773500742e+00
-5.197328974442640082e+00,-1.049943760779102231e+00,1.197419256924064923e+00,-1.177749031828658088e+00,-9.741018481797538708e-01,-5.531946881873099464e+00
-5.197643097416488445e+00,-1.049951771410570833e+00,1.197435799740824036e+00,-1.177781097486847228e+00,-9.741395127949404875e-01,-5.531964347994901665e+00
-5.197957220713794513e+00,-1.049959599448500702e+00,1.197452112428541993e+00,-1.177813291862425116e+00,-9.741772375912427506e-01,-5.531981729863995056e+00
-5.198271344340043676e+00,-1.049967244694719026e+00,1.197468194212837789e+00,-1.177845612220233207e+00,-9.742150211453675102e-01,-5.531999030205466461e+00
-5.198585468300723100e+00,-1.049974706951054326e+00,1.197484044319331087e+00,-1.177878055825112069e+00,-9.742528620340215051e-01,-5.532016251744404478e+00
-5.198899592601316400e+00,-1.049981986019334457e+00,1.197499661973641549e+00,-1.177910619941902715e+00,-9.742907588339115854e-01,-5.532033397205895930e+00
-5.199213717247308963e+00,-1.049989081701387272e+00,1.197515046401388394e+00,-1.177943301835446599e+00,-9.743287101217448232e-01,-5.532050469315028529e+00
-5.199527842244187070e+00,-1.049995993799041072e+00,1.197530196828191285e+00,-1.177976098770584068e+00,-9.743667144742277353e-01,-5.532067470796891762e+00
-5.199841967597433445e+00,-1.050002722114123488e+00,1.197545112479669438e+00,-1.178009008012156800e+00,-9.744047704680676159e-01,-5.532084404376572451e+00
-5.200156093312537031e+00,-1.050009266448462819e+00,1.197559792581443183e+00,-1.178042026825004918e+00,-9.744428766799708708e-01,-5.532101272779157419e+00
-5.200470219394980553e+00,-1.050015626603886920e+00,1.197574236359131072e+00,-1.178075152473970322e+00,-9.744810316866449051e-01,-5.532118078729735267e+00
-5.200784345850250290e+00,-1.050021802382223646e+00,1.197588443038353212e+00,-1.178108382223893580e+00,-9.745192340647961249e-01,-5.532134824953393704e+00
-5.201098472683831631e+00,-1.050027793585301072e+00,1.197602411844728820e+00,-1.178141713339615926e+00,-9.745574823911316020e-01,-5.532151514175220441e+00
-5.201412599901208189e+00,-1.050033600014947277e+00,1.197616142003877115e+00,-1.178175143085978149e+00,-9.745957752423580756e-01,-5.532168149120302303e+00
-5.201726727507868020e+00,-1.050039221472990336e+00,1.197629632741418426e+00,-1.178208668727821262e+00,-9.746341111951826175e-01,-5.532184732513727887e+00
-5.202040855509294737e+00,-1.050044657761257882e+00,1.197642883282971527e+00,-1.178242287529986276e+00,-9.746724888263119668e-01,-5.532201267080584906e+00
-5.202354983910926656e+00,-1.050049908681539135e+00,1.197655892853997983e+00,-1.178275996756762201e+00,-9.747109067120617309e-01,-5.532217755546405158e+00
-5.202669112711774346e+00,-1.050054974030200095e+00,1.197668660658067763e+00,-1.178309793596076682e+00,-9.747493633746596720e-01,-5.532234200698107784e+00
-5.202983241897898736e+00,-1.050059853592690384e+00,1.197681185854678310e+00,-1.178343675082125008e+00,-9.747878572274407682e-01,-5.532250605446195735e+00
-5.203297371453809106e+00,-1.050064547153150674e+00,1.197693467598039962e+00,-1.178377638230657221e+00,-9.748263866706751157e-01,-5.532266972716004538e+00
-5.203611501364015623e+00,-1.050069054495720078e+00,1.197705505042362395e+00,-1.178411680057423361e+00,-9.748649501046325883e-01,-5.532283305432867948e+00
-5.203925631613028457e+00,-1.050073375404539266e+00,1.197717297341855724e+00,-1.178445797578173915e+00,-9.749035459295831707e-01,-5.532299606522117941e+00
-5.204239762185356888e+00,-1.050077509663747799e+00,1.197728843650729624e+00,-1.178479987808658036e+00,-9.749421725457969590e-01,-5.532315878909089157e+00
-5.204553893065508419e+00,-1.050081457057485235e+00,1.197740143123194434e+00,-1.178514247764626433e+00,-9.749808283535439379e-01,-5.532332125519114463e+00
-5.204868024237994995e+00,-1.050085217369892243e+00,1.197751194913459383e+00,-1.178548574461829146e+00,-9.750195117530940925e-01,-5.532348349277527610e+00
-5.205182155687324119e+00,-1.050088790385108384e+00,1.197761998175735254e+00,-1.178582964916016218e+00,-9.750582211447172964e-01,-5.532364553109661465e+00
-5.205496287398006849e+00,-1.050092175887273882e+00,1.197772552064231277e+00,-1.178617416142937691e+00,-9.750969549286836457e-01,-5.532380739940849779e+00
-5.205810419354552465e+00,-1.050095373660528297e+00,1.197782855733157792e+00,-1.178651925158343383e+00,-9.751357115052634583e-01,-5.532396912696426305e+00
-5.206124551541468470e+00,-1.050098383489011633e+00,1.197792908336724693e+00,-1.178686488977984004e+00,-9.751744892747261639e-01,-5.532413074301723022e+00
-5.206438683943266810e+00,-1.050101205156864115e+00,1.197802709029141655e+00,-1.178721104617608928e+00,-9.752132866373423026e-01,-5.532429227682077233e+00
-5.206752816544455875e+00,-1.050103838448225524e+00,1.197812256964619015e+00,-1.178755769092968420e+00,-9.752521019933814150e-01,-5.532445375762817363e+00
-5.207066949329545835e+00,-1.050106283147235864e+00,1.197821551297366227e+00,-1.178790479419812964e+00,-9.752909337431138193e-01,-5.532461521469279830e+00
-5.207381082283044194e+00,-1.050108539038035138e+00,1.197830591181593629e+00,-1.178825232613892382e+00,-9.753297802868095001e-01,-5.532477667726797499e+00
-5.207695215389462895e+00,-1.050110605904763128e+00,1.197839375771510673e+00,-1.178860025690956492e+00,-9.753686400247383315e-01,-5.532493817460704122e+00
-5.208009348633309443e+00,-1.050112483531559837e+00,1.197847904221327919e+00,-1.178894855666755559e+00,-9.754075113571701872e-01,-5.532509973596332564e+00
-5.208323481999094895e+00,-1.050114171702565047e+00,1.197856175685254820e+00,-1.178929719557039624e+00,-9.754463926843754962e-01,-5.532526139059016579e+00
-5.208637615471329418e+00,-1.050115670201918983e+00,1.197864189317501493e+00,-1.178964614377558950e+00,-9.754852824066239103e-01,-5.532542316774089919e+00
-5.208951749034519629e+00,-1.050116978813761870e+00,1.197871944272277389e+00,-1.178999537144063581e+00,-9.755241789241855255e-01,-5.532558509666885449e+00
-5.209265882673175696e+00,-1.050118097322232602e+00,1.197879439703793736e+00,-1.179034484872303112e+00,-9.755630806373303265e-01,-5.532574720662736922e+00
-5.209580016371808675e+00,-1.050119025511472515e+00,1.197886674766258652e+00,-1.179069454578028253e+00,-9.756019859463284094e-01,-5.532590952686977204e+00
-5.209894150114927847e+00,-1.050119763165620057e+00,1.197893648613883810e+00,-1.179104443276988601e+00,-9.756408932514495369e-01,-5.532607208664940934e+00
-5.210208283887040714e+00,-1.050120310068816565e+00,1.197900360400877773e+00,-1.179139447984934641e+00,-9.756798009529642490e-01,-5.532623491521960091e+00
-5.210522417672658335e+00,-1.050120666005201375e+00,1.197906809281451324e+00,-1.179174465717616416e+00,-9.757187074511418645e-01,-5.532639804183369314e+00
-5.210836551456290877e+00,-1.050120830758914270e+00,1.197912994409813914e+00,-1.179209493490783522e+00,-9.757576111462529234e-01,-5.532656149574501470e+00
-5.211150685222445844e+00,-1.050120804114095252e+00,1.197918914940176105e+00,-1.179244528320186003e+00,-9.757965104385670774e-01,-5.532672530620690310e+00
-5.211464818955635181e+00,-1.050120585854884547e+00,1.197924570026746904e+00,-1.179279567221574787e+00,-9.758354037283545335e-01,-5.532688950247267812e+00
-5.211778952640365503e+00,-1.050120175765421937e+00,1.197929958823736873e+00,-1.179314607210699029e+00,-9.758742894158852765e-01,-5.532705411379570393e+00
-5.212093086261147867e+00,-1.050119573629847203e+00,1.197935080485355686e+00,-1.179349645303309435e+00,-9.759131659014290694e-01,-5.532721916942929141e+00
-5.212407219802492442e+00,-1.050118779232300570e+00,1.197939934165813458e+00,-1.179384678515155827e+00,-9.759520315852562300e-01,-5.532738469862677810e+00
-5.212721353248906730e+00,-1.050117792356922264e+00,1.197944519019320087e+00,-1.179419703861988022e+00,-9.759908848676366322e-01,-5.532755073064151929e+00
-5.213035486584901790e+00,-1.050116612787851178e+00,1.197948834200085466e+00,-1.179454718359556731e+00,-9.760297241488403719e-01,-5.532771729472681699e+00
-5.213349619794988676e+00,-1.050115240309228426e+00,1.197952878862319492e+00,-1.179489719023611549e+00,-9.760685478291372119e-01,-5.532788442013601760e+00
-5.213663752863672229e+00,-1.050113674705193123e+00,1.197956652160232061e+00,-1.179524702869902741e+00,-9.761073543087973592e-01,-5.532805213612247641e+00
-5.213977885775464394e+00,-1.050111915759885939e+00,1.197960153248033288e+00,-1.179559666914179905e+00,-9.761461419880906876e-01,-5.532822047193949544e+00
-5.214292018514876226e+00,-1.050109963257445989e+00,1.197963381279932626e+00,-1.179594608172193748e+00,-9.761849092672875150e-01,-5.532838945684042109e+00
-5.214606151066414341e+00,-1.050107816982013942e+00,1.197966335410140637e+00,-1.179629523659694090e+00,-9.762236545466574933e-01,-5.532855912007860866e+00
-5.214920283414589797e+00,-1.050105476717729358e+00,1.197969014792866771e+00,-1.179664410392430973e+00,-9.762623762264706073e-01,-5.532872949090736014e+00
-5.215234415543911872e+00,-1.050102942248732019e+00,1.197971418582321368e+00,-1.179699265386154439e+00,-9.763010727069971750e-01,-5.532890059858002196e+00
-5.215548547438890736e+00,-1.050100213359162815e+00,1.197973545932713879e+00,-1.179734085656614528e+00,-9.763397423885070703e-01,-5.532907247234994941e+00
-5.215862679084034781e+00,-1.050097289833160641e+00,1.197975395998254422e+00,-1.179768868219561506e+00,-9.763783836712700559e-01,-5.532924514147043560e+00
-5.216176810463854174e+00,-1.050094171454865499e+00,1.197976967933153114e+00,-1.179803610090745636e+00,-9.764169949555563388e-01,-5.532941863519484471e+00
-5.216490941562858197e+00,-1.050090858008418282e+00,1.197978260891619851e+00,-1.179838308285916293e+00,-9.764555746416359039e-01,-5.532959298277651428e+00
-5.216805072365554352e+00,-1.050087349277957660e+00,1.197979274027864305e+00,-1.179872959820824185e+00,-9.764941211297789581e-01,-5.532976821346875518e+00
-5.217119202856455473e+00,-1.050083645047624747e+00,1.197980006496096594e+00,-1.179907561711219133e+00,-9.765326328202551531e-01,-5.532994435652493159e+00
-5.217433333020069064e+00,-1.050079745101558881e+00,1.197980457450526615e+00,-1.179942110972851177e+00,-9.765711081133344740e-01,-5.533012144119835440e+00
-5.217747462840906181e+00,-1.050075649223900065e+00,1.197980626045364483e+00,-1.179976604621470360e+00,-9.766095454092873496e-01,-5.533029949674236114e+00
-5.218061592303474328e+00,-1.050071357198788302e+00,1.197980511434819650e+00,-1.180011039672826945e+00,-9.766479431083834317e-01,-5.533047855241030710e+00
-5.218375721392574107e+00,-1.050066868809672815e+00,1.197980112771719119e+00,-1.180045413140351052e+00,-9.766862996099642258e-01,-5.533065863748782398e+00
-5.218689850120934892e+00,-1.050062183773531554e+00,1.197979429075697322e+00,-1.180079721814138782e+00,-9.767246132239809642e-01,-5.533083978437304040e+00
-5.219003978552046341e+00,-1.050057301686541544e+00,1.197978459124338757e+00,-1.180113962078419121e+00,-9.767628820979343818e-01,-5.533102203112037820e+00
-5.219318106754766262e+00,-1.050052222132092927e+00,1.197977201669605751e+00,-1.180148130274457419e+00,-9.768011043621293021e-01,-5.533120541638296253e+00
-5.219632234797960457e+00,-1.050046944693575623e+00,1.197975655463460187e+00,-1.180182222743518805e+00,-9.768392781468702157e-01,-5.533138997881397181e+00
-5.219946362750485847e+00,-1.050041468954379109e+00,1.197973819257864392e+00,-1.180216235826869520e+00,-9.768774015824619461e-01,-5.533157575706654896e+00
-5.220260490681207344e+00,-1.050035794497893527e+00,1.197971691804780026e+00,-1.180250165865774914e+00,-9.769154727992090947e-01,-5.533176278979383689e+00
-5.220574618658983646e+00,-1.050029920907509240e+00,1.197969271856169637e+00,-1.180284009201500117e+00,-9.769534899274164852e-01,-5.533195111564901403e+00
-5.220888746752677001e+00,-1.050023847766615948e+00,1.197966558163995110e+00,-1.180317762175311369e+00,-9.769914510973887189e-01,-5.533214077328520553e+00
-5.221202875031147883e+00,-1.050017574658603348e+00,1.197963549480218992e+00,-1.180351421128473799e+00,-9.770293544394306195e-01,-5.533233180135558982e+00
-5.221517003563258541e+00,-1.050011101166861804e+00,1.197960244556802722e+00,-1.180384982402252980e+00,-9.770671980838465664e-01,-5.533252423851329205e+00
-5.221831132417869448e+00,-1.050004426874780794e+00,1.197956642145708850e+00,-1.180418442337914264e+00,-9.771049801609416052e-01,-5.533271812341149065e+00
-5.222145261663841076e+00,-1.049997551365750459e+00,1.197952740998899257e+00,-1.180451797276723891e+00,-9.771426988010203374e-01,-5.533291349470331966e+00
-5.222459391370034787e+00,-1.049990474223160941e+00,1.197948539868336493e+00,-1.180485043559946767e+00,-9.771803521343872534e-01,-5.533311039104193974e+00
-5.222773521605313718e+00,-1.049983195030401939e+00,1.197944037505981996e+00,-1.180518177528848689e+00,-9.772179382913472878e-01,-5.533330885108052932e+00
-5.223087652438537454e+00,-1.049975713370863595e+00,1.197939232663798759e+00,-1.180551195524695007e+00,-9.772554554022050421e-01,-5.533350891347220468e+00
-5.223401783938568244e+00,-1.049968028827935607e+00,1.197934124093748220e+00,-1.180584093888751518e+00,-9.772929015972652289e-01,-5.533371061687011760e+00
-5.223715916174264784e+00,-1.049960140985008117e+00,1.197928710547792264e+00,-1.180616868962283794e+00,-9.773302750068324496e-01,-5.533391399992744653e+00
-5.224030049214490212e+00,-1.049952049425470824e+00,1.197922990777893659e+00,-1.180649517086557188e+00,-9.773675737612116388e-01,-5.533411910129732547e+00
-5.224344183128105890e+00,-1.049943753732714091e+00,1.197916963536014290e+00,-1.180682034602837271e+00,-9.774047959907071759e-01,-5.533432595963293288e+00
-5.224658317983972289e+00,-1.049935253490127396e+00,1.197910627574116260e+00,-1.180714417852389841e+00,-9.774419398256239955e-01,-5.533453461358740277e+00
-5.224972453850951659e+00,-1.049926548281101102e+00,1.197903981644161675e+00,-1.180746663176480249e+00,-9.774790033962665881e-01,-5.533474510181387807e+00
-5.225286590797904474e+00,-1.049917637689024685e+00,1.197897024498112417e+00,-1.180778766916373845e+00,-9.775159848329398882e-01,-5.533495746296552831e+00
-5.225600728893691205e+00,-1.049908521297288511e+00,1.197889754887931035e+00,-1.180810725413336648e+00,-9.775528822659482753e-01,-5.533517173569549641e+00
-5.225914868207174102e+00,-1.049899198689282498e+00,1.197882171565579634e+00,-1.180842535008634009e+00,-9.775896938255969060e-01,-5.533538795865695192e+00
-5.226229008807212750e+00,-1.049889669448396123e+00,1.197874273283019653e+00,-1.180874192043531501e+00,-9.776264176421899377e-01,-5.533560617050302888e+00
-5.226543150762670287e+00,-1.049879933158019751e+00,1.197866058792214083e+00,-1.180905692859294476e+00,-9.776630518460324160e-01,-5.533582640988689683e+00
-5.226857294142407184e+00,-1.049869989401543302e+00,1.197857526845124365e+00,-1.180937033797188729e+00,-9.776995945674289423e-01,-5.533604871546168980e+00
-5.227171439015284804e+00,-1.049859837762356696e+00,1.197848676193713047e+00,-1.180968211198479612e+00,-9.777360439366842293e-01,-5.533627312588057734e+00
-5.227485585450164507e+00,-1.049849477823849853e+00,1.197839505589942233e+00,-1.180999221404432920e+00,-9.777723980841027673e-01,-5.533649967979671125e+00
-5.227799733515906766e+00,-1.049838909169412471e+00,1.197830013785773362e+00,-1.181030060756313782e+00,-9.778086551399896020e-01,-5.533672841586324331e+00
-5.228113883281372942e+00,-1.049828131382434693e+00,1.197820199533169427e+00,-1.181060725595388217e+00,-9.778448132346491128e-01,-5.533695937273330756e+00
-5.228428034815423509e+00,-1.049817144046306439e+00,1.197810061584092090e+00,-1.181091212262921575e+00,-9.778808704983863453e-01,-5.533719258906009131e+00
-5.228742188186921602e+00,-1.049805946744417851e+00,1.197799598690503453e+00,-1.181121517100179430e+00,-9.779168250615056790e-01,-5.533742810349671970e+00
-5.229056343464727696e+00,-1.049794539060158627e+00,1.197788809604365845e+00,-1.181151636448427356e+00,-9.779526750543119373e-01,-5.533766595469636229e+00
-5.229370500717702264e+00,-1.049782920576918910e+00,1.197777693077641370e+00,-1.181181566648930703e+00,-9.779884186071097218e-01,-5.533790618131215311e+00
-5.229684660014705777e+00,-1.049771090878088398e+00,1.197766247862291689e+00,-1.181211304042955490e+00,-9.780240538502038561e-01,-5.533814882199727059e+00
-5.229998821424601374e+00,-1.049759049547057010e+00,1.197754472710279794e+00,-1.181240844971766846e+00,-9.780595789138989415e-01,-5.533839391540484876e+00
-5.230312985016250416e+00,-1.049746796167214891e+00,1.197742366373566902e+00,-1.181270185776630344e+00,-9.780949919284996907e-01,-5.533864150018804828e+00
-5.230627150858510710e+00,-1.049734330321952180e+00,1.197729927604115563e+00,-1.181299322798812002e+00,-9.781302910243108162e-01,-5.533889161500002096e+00
-5.230941319020247171e+00,-1.049721651594658356e+00,1.197717155153887658e+00,-1.181328252379576726e+00,-9.781654743316369194e-01,-5.533914429849392747e+00
-5.231255489570320272e+00,-1.049708759568723559e+00,1.197704047774845737e+00,-1.181356970860190314e+00,-9.782005399807828239e-01,-5.533939958932290182e+00
-5.231569662577589597e+00,-1.049695653827537933e+00,1.197690604218951682e+00,-1.181385474581918782e+00,-9.782354861020532422e-01,-5.533965752614011357e+00
-5.231883838110917395e+00,-1.049682333954490954e+00,1.197676823238167376e+00,-1.181413759886026815e+00,-9.782703108257527758e-01,-5.533991814759871453e+00
-5.232198016239165028e+00,-1.049668799532972985e+00,1.197662703584455368e+00,-1.181441823113780654e+00,-9.783050122821860262e-01,-5.534018149235184758e+00
-5.232512197031192969e+00,-1.049655050146373725e+00,1.197648244009777097e+00,-1.181469660606445427e+00,-9.783395886016579279e-01,-5.534044759905268229e+00
-5.232826380555862578e+00,-1.049641085378083316e+00,1.197633443266095554e+00,-1.181497268705287151e+00,-9.783740379144729715e-01,-5.534071650635435269e+00
-5.233140566882035216e+00,-1.049626904811491457e+00,1.197618300105371736e+00,-1.181524643751570958e+00,-9.784083583509360915e-01,-5.534098825291002832e+00
-5.233454756078573133e+00,-1.049612508029988511e+00,1.197602813279569078e+00,-1.181551782086562641e+00,-9.784425480413514453e-01,-5.534126287737284322e+00
-5.233768948214336802e+00,-1.049597894616963734e+00,1.197586981540648576e+00,-1.181578680051527552e+00,-9.784766051160244116e-01,-5.534154041839597582e+00
-5.234083143356333956e+00,-1.049583064156779155e+00,1.197570803642345583e+00,-1.181605333990009887e+00,-9.785105277052441597e-01,-5.534182091457396702e+00
-5.234397341392256209e+00,-1.049568016327881104e+00,1.197554278510069459e+00,-1.181631740466267511e+00,-9.785443139378243727e-01,-5.534210439882567556e+00
-5.234711541883288355e+00,-1.049552750980024873e+00,1.197537405381812858e+00,-1.181657896446428158e+00,-9.785779619398922158e-01,-5.534239089373580001e+00
-5.235025744355970900e+00,-1.049537267981143440e+00,1.197520183528734794e+00,-1.181683798939259900e+00,-9.786114698372898602e-01,-5.534268042079252936e+00
-5.235339948336847016e+00,-1.049521567199168448e+00,1.197502612221993834e+00,-1.181709444953530141e+00,-9.786448357558589217e-01,-5.534297300148403487e+00
-5.235654153352456319e+00,-1.049505648502032207e+00,1.197484690732749435e+00,-1.181734831498007621e+00,-9.786780578214419046e-01,-5.534326865729851441e+00
-5.235968358929341981e+00,-1.049489511757667026e+00,1.197466418332160165e+00,-1.181759955581459964e+00,-9.787111341598802028e-01,-5.534356740972414812e+00
-5.236282564594044509e+00,-1.049473156834004772e+00,1.197447794291385703e+00,-1.181784814212655466e+00,-9.787440628970162093e-01,-5.534386928024912500e+00
-5.236596769873107071e+00,-1.049456583598978199e+00,1.197428817881584173e+00,-1.181809404400362418e+00,-9.787768421586916512e-01,-5.534417429036160740e+00
-5.236910974293068399e+00,-1.049439791920519394e+00,1.197409488373915254e+00,-1.181833723153348226e+00,-9.788094700707489215e-01,-5.534448246154980211e+00
-5.237225177380473440e+00,-1.049422781666560223e+00,1.197389805039537514e+00,-1.181857767480381405e+00,-9.788419447590295253e-01,-5.534479381530188036e+00
-5.237539378661861811e+00,-1.049405552705033440e+00,1.197369767149610631e+00,-1.181881534390230026e+00,-9.788742643493757445e-01,-5.534510837310603115e+00
-5.237853577663774907e+00,-1.049388104903870467e+00,1.197349373975292730e+00,-1.181905020891661939e+00,-9.789064269676294172e-01,-5.534542615645043462e+00
-5.238167773912755010e+00,-1.049370438131004057e+00,1.197328624787743268e+00,-1.181928223993445437e+00,-9.789384307396327145e-01,-5.534574718682327976e+00
-5.238481966935343515e+00,-1.049352552254366522e+00,1.197307518858121478e+00,-1.181951140704348369e+00,-9.789702737912272523e-01,-5.534607148571274671e+00
-5.238796156258082704e+00,-1.049334447141890170e+00,1.197286055457585929e+00,-1.181973768033138805e+00,-9.790019542482554238e-01,-5.534639907460702446e+00
-5.239110341407513083e+00,-1.049316122661506645e+00,1.197264233857295856e+00,-1.181996102988585040e+00,-9.790334702365590669e-01,-5.534672997499428426e+00
-5.239424521910176047e+00,-1.049297578681148480e+00,1.197242053328410050e+00,-1.182018142579455144e+00,-9.790648198819801307e-01,-5.534706420836272400e+00
-5.239738697292614766e+00,-1.049278815068747983e+00,1.197219513142087743e+00,-1.182039883814516967e+00,-9.790960013103606752e-01,-5.534740179620051492e+00
-5.240052867081368859e+00,-1.049259831692237466e+00,1.197196612569487950e+00,-1.182061323702538580e+00,-9.791270126475425384e-01,-5.534774275999585491e+00
-5.240367030802982384e+00,-1.049240628419548793e+00,1.197173350881769460e+00,-1.182082459252288054e+00,-9.791578520193676693e-01,-5.534808712123691521e+00
-5.240681187983993183e+00,-1.049221205118614497e+00,1.197149727350091286e+00,-1.182103287472533459e+00,-9.791885175516784612e-01,-5.534843490141188482e+00
-5.240995338150946203e+00,-1.049201561657366444e+00,1.197125741245612662e+00,-1.182123805372042868e+00,-9.792190073703164188e-01,-5.534878612200894388e+00
-5.241309480830381951e+00,-1.049181697903737165e+00,1.197101391839492823e+00,-1.182144009959584352e+00,-9.792493196011237133e-01,-5.534914080451629026e+00
-5.241623615548842707e+00,-1.049161613725658526e+00,1.197076678402889671e+00,-1.182163898243925981e+00,-9.792794523699425158e-01,-5.534949897042208633e+00
-5.241937741832868092e+00,-1.049141308991063060e+00,1.197051600206963329e+00,-1.182183467233835827e+00,-9.793094038026145531e-01,-5.534986064121452998e+00
-5.242251859209001275e+00,-1.049120783567883297e+00,1.197026156522872586e+00,-1.182202713938082184e+00,-9.793391720249818855e-01,-5.535022583838180132e+00
-5.242565967203783650e+00,-1.049100037324050883e+00,1.197000346621776234e+00,-1.182221635365432677e+00,-9.793687551628864618e-01,-5.535059458341208938e+00
-5.242880065343754836e+00,-1.049079070127498126e+00,1.196974169774833063e+00,-1.182240228524655601e+00,-9.793981513421702312e-01,-5.535096689779356538e+00
-5.243194153155460668e+00,-1.049057881846157114e+00,1.196947625253202530e+00,-1.182258490424519026e+00,-9.794273586886754757e-01,-5.535134280301442722e+00
-5.243508230165438988e+00,-1.049036472347960602e+00,1.196920712328043646e+00,-1.182276418073790802e+00,-9.794563753282438112e-01,-5.535172232056283725e+00
-5.243822295900232078e+00,-1.049014841500840456e+00,1.196893430270514758e+00,-1.182294008481239223e+00,-9.794851993867175199e-01,-5.535210547192701114e+00
-5.244136349886383996e+00,-1.048992989172729207e+00,1.196865778351775544e+00,-1.182311258655632136e+00,-9.795138289899382178e-01,-5.535249227859511123e+00
-5.244450391650432586e+00,-1.048970915231558276e+00,1.196837755842984574e+00,-1.182328165605738057e+00,-9.795422622637484089e-01,-5.535288276205532654e+00
-5.244764420718921016e+00,-1.048948619545260419e+00,1.196809362015301526e+00,-1.182344726340324614e+00,-9.795704973339894872e-01,-5.535327694379582830e+00
-5.245078436618391571e+00,-1.048926101981768166e+00,1.196780596139884523e+00,-1.182360937868160100e+00,-9.795985323265040678e-01,-5.535367484530483217e+00
-5.245392438875385643e+00,-1.048903362409013162e+00,1.196751457487893022e+00,-1.182376797198012142e+00,-9.796263653671334337e-01,-5.535407648807048275e+00
-5.245706427016444628e+00,-1.048880400694928161e+00,1.196721945330486037e+00,-1.182392301338649476e+00,-9.796539945817203110e-01,-5.535448189358099569e+00
-5.246020400568109032e+00,-1.048857216707444806e+00,1.196692058938822800e+00,-1.182407447298839731e+00,-9.796814180961059826e-01,-5.535489108332452446e+00
-5.246334359056922914e+00,-1.048833810314495629e+00,1.196661797584061659e+00,-1.182422232087350977e+00,-9.797086340361329526e-01,-5.535530407878928472e+00
-5.246648302009424114e+00,-1.048810181384012497e+00,1.196631160537362071e+00,-1.182436652712951508e+00,-9.797356405276429481e-01,-5.535572090146343882e+00
-5.246962228952158469e+00,-1.048786329783928384e+00,1.196600147069883047e+00,-1.182450706184408951e+00,-9.797624356964781400e-01,-5.535614157283518466e+00
-5.247276139411662932e+00,-1.048762255382174713e+00,1.196568756452783377e+00,-1.182464389510491820e+00,-9.797890176684801444e-01,-5.535656611439269348e+00
-5.247590032914484226e+00,-1.048737958046684238e+00,1.196536987957222298e+00,-1.182477699699967744e+00,-9.798153845694914654e-01,-5.535699454762415428e+00
-5.247903908987160193e+00,-1.048713437645389268e+00,1.196504840854358598e+00,-1.182490633761605459e+00,-9.798415345253537190e-01,-5.535742689401775607e+00
-5.248217767156234004e+00,-1.048688694046221004e+00,1.196472314415351734e+00,-1.182503188704172370e+00,-9.798674656619089651e-01,-5.535786317506167009e+00
-5.248531606948246164e+00,-1.048663727117113087e+00,1.196439407911360053e+00,-1.182515361536436771e+00,-9.798931761049992639e-01,-5.535830341224408535e+00
-5.248845427889739845e+00,-1.048638536725996495e+00,1.196406120613542789e+00,-1.182527149267166733e+00,-9.799186639804665644e-01,-5.535874762705320862e+00
-5.249159229507254665e+00,-1.048613122740804426e+00,1.196372451793059177e+00,-1.182538548905130549e+00,-9.799439274141528156e-01,-5.535919584097717561e+00
-5.249473011340839435e+00,-1.048587485051857726e+00,1.196338400765877497e+00,-1.182549557533789653e+00,-9.799689645543592231e-01,-5.535964807422971035e+00
-5.249786773361963199e+00,-1.048561624264707115e+00,1.196303968279430974e+00,-1.182560174622734106e+00,-9.799937742668571872e-01,-5.536010430630999402e+00
-5.250100516053712418e+00,-1.048535541833069074e+00,1.196269156778671627e+00,-1.182570402471172510e+00,-9.800183562682388549e-01,-5.536056446843542922e+00
-5.250414239928857363e+00,-1.048509239259876713e+00,1.196233968807056680e+00,-1.182580243542514564e+00,-9.800427103244689908e-01,-5.536102848902166862e+00
-5.250727945500170080e+00,-1.048482718048064255e+00,1.196198406908044687e+00,-1.182589700300170188e+00,-9.800668362015118040e-01,-5.536149629648438264e+00
-5.251041633280423504e+00,-1.048455979700565033e+00,1.196162473625093758e+00,-1.182598775207548192e+00,-9.800907336653325030e-01,-5.536196781923922394e+00
-5.251355303782387018e+00,-1.048429025720313046e+00,1.196126171501660673e+00,-1.182607470728058274e+00,-9.801144024818952971e-01,-5.536244298570184519e+00
-5.251668957518833558e+00,-1.048401857610242072e+00,1.196089503081204652e+00,-1.182615789325109912e+00,-9.801378424171651726e-01,-5.536292172428790792e+00
-5.251982595002534282e+00,-1.048374476873285666e+00,1.196052470907182474e+00,-1.182623733462112803e+00,-9.801610532371063389e-01,-5.536340396341305592e+00
-5.252296216746262125e+00,-1.048346885012378049e+00,1.196015077523052916e+00,-1.182631305602475980e+00,-9.801840347076837823e-01,-5.536388963149295961e+00
-5.252609823262788247e+00,-1.048319083530452334e+00,1.195977325472272756e+00,-1.182638508209609363e+00,-9.802067865948618230e-01,-5.536437865694325389e+00
-5.252923415064883805e+00,-1.048291073930442963e+00,1.195939217298300550e+00,-1.182645343746922206e+00,-9.802293086646054476e-01,-5.536487096817962694e+00
-5.253236992665321736e+00,-1.048262857715283491e+00,1.195900755544594407e+00,-1.182651814677823987e+00,-9.802516006828789763e-01,-5.536536649361771367e+00
-5.253550556576872310e+00,-1.048234436387907031e+00,1.195861942754611773e+00,-1.182657923465724625e+00,-9.802736624156471734e-01,-5.536586516167317562e+00
-5.253864107312308462e+00,-1.048205811451248692e+00,1.195822781471810536e+00,-1.182663672574032931e+00,-9.802954936288748033e-01,-5.536636690076165657e+00
-5.254177645384402240e+00,-1.048176984408240919e+00,1.195783274239648586e+00,-1.182669064466158826e+00,-9.803170940885261864e-01,-5.536687163929883582e+00
-5.254491171305923913e+00,-1.048147956761818378e+00,1.195743423601583810e+00,-1.182674101605511563e+00,-9.803384635605660868e-01,-5.536737930570035715e+00
-5.254804685589646418e+00,-1.048118730014914179e+00,1.195703232101074320e+00,-1.182678786455500841e+00,-9.803596018109593802e-01,-5.536788982838188211e+00
-5.255118188748340025e+00,-1.048089305670462990e+00,1.195662702281577561e+00,-1.182683121479535915e+00,-9.803805086056703866e-01,-5.536840313575905448e+00
-5.255431681294778556e+00,-1.048059685231397697e+00,1.195621836686551642e+00,-1.182687109141026482e+00,-9.804011837106639815e-01,-5.536891915624753580e+00
-5.255745163741732284e+00,-1.048029870200652081e+00,1.195580637859454454e+00,-1.182690751903382020e+00,-9.804216268919044852e-01,-5.536943781826299649e+00
-5.256058636601974143e+00,-1.047999862081160805e+00,1.195539108343743884e+00,-1.182694052230011561e+00,-9.804418379153567731e-01,-5.536995905022107145e+00
-5.256372100388273516e+00,-1.047969662375856537e+00,1.195497250682877377e+00,-1.182697012584325469e+00,-9.804618165469853874e-01,-5.537048278053743999e+00
-5.256685555613406891e+00,-1.047939272587673942e+00,1.195455067420313711e+00,-1.182699635429732332e+00,-9.804815625527549816e-01,-5.537100893762771925e+00
-5.256999002790139208e+00,-1.047908694219546355e+00,1.195412561099509885e+00,-1.182701923229642071e+00,-9.805010756986302090e-01,-5.537153744990760629e+00
-5.257312442431247845e+00,-1.047877928774407774e+00,1.195369734263924011e+00,-1.182703878447464163e+00,-9.805203557505756118e-01,-5.537206824579274489e+00
-5.257625875049502184e+00,-1.047846977755191533e+00,1.195326589457013977e+00,-1.182705503546607861e+00,-9.805394024745559545e-01,-5.537260125369878772e+00
-5.257939301157674272e+00,-1.047815842664831631e+00,1.195283129222237672e+00,-1.182706800990482865e+00,-9.805582156365358903e-01,-5.537313640204138743e+00
-5.258252721268536156e+00,-1.047784525006262069e+00,1.195239356103053208e+00,-1.182707773242499094e+00,-9.805767950024797397e-01,-5.537367361923620557e+00
-5.258566135894858995e+00,-1.047753026282416400e+00,1.195195272642918027e+00,-1.182708422766065137e+00,-9.805951403383524889e-01,-5.537421283369890368e+00
-5.258879545549416612e+00,-1.047721347996228181e+00,1.195150881385290464e+00,-1.182708752024590915e+00,-9.806132514101186803e-01,-5.537475397384512554e+00
-5.259192950744977502e+00,-1.047689491650631854e+00,1.195106184873627742e+00,-1.182708763481486125e+00,-9.806311279837428563e-01,-5.537529696809052382e+00
-5.259506351994314599e+00,-1.047657458748560533e+00,1.195061185651388191e+00,-1.182708459600159800e+00,-9.806487698251896701e-01,-5.537584174485078670e+00
-5.259819749810200840e+00,-1.047625250792948437e+00,1.195015886262029925e+00,-1.182707842844021640e+00,-9.806661767004237751e-01,-5.537638823254153131e+00
-5.260133144705406494e+00,-1.047592869286728678e+00,1.194970289249010165e+00,-1.182706915676481119e+00,-9.806833483754097136e-01,-5.537693635957843696e+00
-5.260446537192704497e+00,-1.047560315732835923e+00,1.194924397155787243e+00,-1.182705680560947714e+00,-9.807002846161123610e-01,-5.537748605437714744e+00
-5.260759927784866008e+00,-1.047527591634203281e+00,1.194878212525818606e+00,-1.182704139960831125e+00,-9.807169851884962597e-01,-5.537803724535332428e+00
-5.261073316994663074e+00,-1.047494698493764753e+00,1.194831737902562807e+00,-1.182702296339540604e+00,-9.807334498585258409e-01,-5.537858986092263791e+00
-5.261386705334866853e+00,-1.047461637814453894e+00,1.194784975829476847e+00,-1.182700152160485407e+00,-9.807496783921659800e-01,-5.537914382950072323e+00
-5.261700093318248506e+00,-1.047428411099205370e+00,1.194737928850019282e+00,-1.182697709887075677e+00,-9.807656705553811083e-01,-5.537969907950324178e+00
-5.262013481457581854e+00,-1.047395019850951847e+00,1.194690599507647777e+00,-1.182694971982720444e+00,-9.807814261141359902e-01,-5.538025553934585510e+00
-5.262326870265637169e+00,-1.047361465572627326e+00,1.194642990345819999e+00,-1.182691940910828743e+00,-9.807969448343951679e-01,-5.538081313744421585e+00
-5.262640260255186497e+00,-1.047327749767166027e+00,1.194595103907994282e+00,-1.182688619134811159e+00,-9.808122264821235170e-01,-5.538137180221398559e+00
-5.262953651939000999e+00,-1.047293873937501285e+00,1.194546942737627848e+00,-1.182685009118076280e+00,-9.808272708232852466e-01,-5.538193146207080808e+00
-5.263267045829853608e+00,-1.047259839586567098e+00,1.194498509378179252e+00,-1.182681113324034028e+00,-9.808420776238453431e-01,-5.538249204543034487e+00
-5.263580442440515483e+00,-1.047225648217297245e+00,1.194449806373105716e+00,-1.182676934216093656e+00,-9.808566466497683489e-01,-5.538305348070826639e+00
-5.263893842283758673e+00,-1.047191301332625279e+00,1.194400836265865351e+00,-1.182672474257665085e+00,-9.808709776670188063e-01,-5.538361569632020753e+00
-5.264207245872354335e+00,-1.047156800435485202e+00,1.194351601599916490e+00,-1.182667735912157125e+00,-9.808850704415613686e-01,-5.538417862068183872e+00
-5.264520653703439912e+00,-1.047122147033173523e+00,1.194302104924126695e+00,-1.182662721639447856e+00,-9.808989247437323034e-01,-5.538474218240319047e+00
-5.264834065973615473e+00,-1.047087342716856551e+00,1.194252348891374549e+00,-1.182657433831523885e+00,-9.809125404279056548e-01,-5.538530631383105529e+00
-5.265147482608482754e+00,-1.047052389153326324e+00,1.194202336248322283e+00,-1.182651874819154125e+00,-9.809259174242316304e-01,-5.538587095068164601e+00
-5.265460903523941028e+00,-1.047017288012081160e+00,1.194152069744991440e+00,-1.182646046930915684e+00,-9.809390556655742666e-01,-5.538643602879179006e+00
-5.265774328635888679e+00,-1.046982040962621374e+00,1.194101552131403343e+00,-1.182639952495385449e+00,-9.809519550847979330e-01,-5.538700148399838596e+00
-5.266087757860224983e+00,-1.046946649674446617e+00,1.194050786157579092e+00,-1.182633593841139641e+00,-9.809646156147662222e-01,-5.538756725213827004e+00
-5.266401191112848323e+00,-1.046911115817055871e+00,1.193999774573540451e+00,-1.182626973296755812e+00,-9.809770371883438367e-01,-5.538813326904830525e+00
-5.266714628309657087e+00,-1.046875441059949674e+00,1.193948520129308299e+00,-1.182620093190810406e+00,-9.809892197383941470e-01,-5.538869947056537235e+00
-5.267028069366550547e+00,-1.046839627072626566e+00,1.193897025574904402e+00,-1.182612955851880532e+00,-9.810011631977815227e-01,-5.538926579252630766e+00
-5.267341514199426200e+00,-1.046803675524587085e+00,1.193845293660349416e+00,-1.182605563608542631e+00,-9.810128674993701114e-01,-5.538983217076799193e+00
-5.267654962724182433e+00,-1.046767588085330214e+00,1.193793327135665550e+00,-1.182597918789373814e+00,-9.810243325760239497e-01,-5.539039854112728811e+00
-5.267968414856719406e+00,-1.046731366424355381e+00,1.193741128750873459e+00,-1.182590023722950967e+00,-9.810355583606070740e-01,-5.539096483944104143e+00
-5.268281870512934617e+00,-1.046695012211162901e+00,1.193688701255994911e+00,-1.182581880737850533e+00,-9.810465447859835209e-01,-5.539153100154613263e+00
-5.268595329608727340e+00,-1.046658527115251536e+00,1.193636047401050559e+00,-1.182573492162649620e+00,-9.810572917850174379e-01,-5.539209696327940691e+00
-5.268908792059995072e+00,-1.046621912806121379e+00,1.193583169936062394e+00,-1.182564860325925338e+00,-9.810677992905727507e-01,-5.539266266047773613e+00
-5.269222257782637975e+00,-1.046585170953272081e+00,1.193530071611051735e+00,-1.182555987556253907e+00,-9.810780672355137177e-01,-5.539322802897799214e+00
-5.269535726692551769e+00,-1.046548303226202847e+00,1.193476755176039239e+00,-1.182546876182212436e+00,-9.810880955527041536e-01,-5.539379300461700240e+00
-5.269849198705639282e+00,-1.046511311294413327e+00,1.193423223381046894e+00,-1.182537528532378035e+00,-9.810978841750085389e-01,-5.539435752323166540e+00
-5.270162673737794456e+00,-1.046474196827403169e+00,1.193369478976096021e+00,-1.182527946935327146e+00,-9.811074330352903550e-01,-5.539492152065882635e+00
-5.270476151704920120e+00,-1.046436961494672246e+00,1.193315524711207720e+00,-1.182518133719636877e+00,-9.811167420664141936e-01,-5.539548493273534824e+00
-5.270789632522913770e+00,-1.046399606965719542e+00,1.193261363336402869e+00,-1.182508091213883894e+00,-9.811258112012437582e-01,-5.539604769529810291e+00
-5.271103116107672903e+00,-1.046362134910045372e+00,1.193206997601703900e+00,-1.182497821746644862e+00,-9.811346403726434184e-01,-5.539660974418392669e+00
-5.271416602375095017e+00,-1.046324546997148719e+00,1.193152430257131247e+00,-1.182487327646497111e+00,-9.811432295134769888e-01,-5.539717101522971809e+00
-5.271730091241080274e+00,-1.046286844896529233e+00,1.193097664052706675e+00,-1.182476611242017084e+00,-9.811515785566088388e-01,-5.539773144427231344e+00
-5.272043582621528834e+00,-1.046249030277686787e+00,1.193042701738451061e+00,-1.182465674861781446e+00,-9.811596874349025610e-01,-5.539829096714857570e+00
-5.272357076432336420e+00,-1.046211104810120585e+00,1.192987546064386395e+00,-1.182454520834367750e+00,-9.811675560812226360e-01,-5.539884951969536786e+00
-5.272670572589403193e+00,-1.046173070163330499e+00,1.192932199780533331e+00,-1.182443151488352218e+00,-9.811751844284329893e-01,-5.539940703774956177e+00
-5.272984071008627538e+00,-1.046134928006816178e+00,1.192876665636913414e+00,-1.182431569152311734e+00,-9.811825724093978796e-01,-5.539996345714801151e+00
-5.273297571605908729e+00,-1.046096680010077051e+00,1.192820946383548186e+00,-1.182419776154822966e+00,-9.811897199569808992e-01,-5.540051871372758008e+00
-5.273611074297143375e+00,-1.046058327842612545e+00,1.192765044770458971e+00,-1.182407774824463464e+00,-9.811966270040465288e-01,-5.540107274332513931e+00
-5.273924578998230750e+00,-1.046019873173922532e+00,1.192708963547666867e+00,-1.182395567489809451e+00,-9.812032934834586939e-01,-5.540162548177752555e+00
-5.274238085625071903e+00,-1.045981317673506439e+00,1.192652705465193197e+00,-1.182383156479437814e+00,-9.812097193280814311e-01,-5.540217686492163729e+00
-5.274551594093562557e+00,-1.045942663010863694e+00,1.192596273273059504e+00,-1.182370544121925438e+00,-9.812159044707789990e-01,-5.540272682859429310e+00
-5.274865104319601983e+00,-1.045903910855494390e+00,1.192539669721287110e+00,-1.182357732745849210e+00,-9.812218488444152120e-01,-5.540327530863239147e+00
-5.275178616219089456e+00,-1.045865062876897511e+00,1.192482897559897115e+00,-1.182344724679786019e+00,-9.812275523818542178e-01,-5.540382224087277763e+00
-5.275492129707923361e+00,-1.045826120744572929e+00,1.192425959538910618e+00,-1.182331522252312306e+00,-9.812330150159601638e-01,-5.540436756115230565e+00
-5.275805644702002084e+00,-1.045787086128020515e+00,1.192368858408349830e+00,-1.182318127792005624e+00,-9.812382366795969757e-01,-5.540491120530785629e+00
-5.276119161117224010e+00,-1.045747960696738810e+00,1.192311596918235184e+00,-1.182304543627442195e+00,-9.812432173056290230e-01,-5.540545310917629251e+00
-5.276432678869487525e+00,-1.045708746120228794e+00,1.192254177818588445e+00,-1.182290772087199127e+00,-9.812479568269200092e-01,-5.540599320859445953e+00
-5.276746197874692790e+00,-1.045669444067989007e+00,1.192196603859430937e+00,-1.182276815499853306e+00,-9.812524551763341929e-01,-5.540653143939923808e+00
-5.277059718048737302e+00,-1.045630056209519321e+00,1.192138877790783980e+00,-1.182262676193981177e+00,-9.812567122867354996e-01,-5.540706773742746449e+00
-5.277373239307519448e+00,-1.045590584214319607e+00,1.192081002362668896e+00,-1.182248356498160069e+00,-9.812607280909882990e-01,-5.540760203851601062e+00
-5.277686761566936724e+00,-1.045551029751889072e+00,1.192022980325106563e+00,-1.182233858740966426e+00,-9.812645025219562944e-01,-5.540813427850175721e+00
-5.278000284742890180e+00,-1.045511394491727808e+00,1.191964814428118968e+00,-1.182219185250977578e+00,-9.812680355125037446e-01,-5.540866439322154058e+00
-5.278313808751278202e+00,-1.045471680103334577e+00,1.191906507421727213e+00,-1.182204338356769524e+00,-9.812713269954946860e-01,-5.540919231851223259e+00
-5.278627333507997399e+00,-1.045431888256209696e+00,1.191848062055952395e+00,-1.182189320386919817e+00,-9.812743769037931552e-01,-5.540971799021070510e+00
-5.278940858928947932e+00,-1.045392020619852147e+00,1.191789481080815838e+00,-1.182174133670004901e+00,-9.812771851702634107e-01,-5.541024134415380331e+00
-5.279254384930028188e+00,-1.045352078863762024e+00,1.191730767246339306e+00,-1.182158780534601883e+00,-9.812797517277691561e-01,-5.541076231617840797e+00
-5.279567911435243843e+00,-1.045312064658171058e+00,1.191671923307107139e+00,-1.182143263329207050e+00,-9.812820765490677388e-01,-5.541128084274212995e+00
-5.279881438425482187e+00,-1.045271979678449092e+00,1.191612952049708296e+00,-1.182127584542033594e+00,-9.812841598867250159e-01,-5.541179686465675047e+00
-5.280194965905970150e+00,-1.045231825602163989e+00,1.191553856274431222e+00,-1.182111746721096424e+00,-9.812860021130712651e-01,-5.541231032459763561e+00
-5.280508493882026144e+00,-1.045191604106892491e+00,1.191494638781616544e+00,-1.182095752414636269e+00,-9.812876036008900682e-01,-5.541282116524729240e+00
-5.280822022358973911e+00,-1.045151316870211566e+00,1.191435302371603777e+00,-1.182079604170895193e+00,-9.812889647229656731e-01,-5.541332932928815680e+00
-5.281135551342132750e+00,-1.045110965569697736e+00,1.191375849844733548e+00,-1.182063304538113702e+00,-9.812900858520819947e-01,-5.541383475940270031e+00
-5.281449080836821075e+00,-1.045070551882927967e+00,1.191316284001346038e+00,-1.182046856064533857e+00,-9.812909673610229477e-01,-5.541433739827338556e+00
-5.281762610848364403e+00,-1.045030077487478559e+00,1.191256607641781207e+00,-1.182030261298396612e+00,-9.812916096225724472e-01,-5.541483718858268404e+00
-5.282076141382077594e+00,-1.044989544060926256e+00,1.191196823566379459e+00,-1.182013522787943360e+00,-9.812920130095146298e-01,-5.541533407301304948e+00
-5.282389672443284390e+00,-1.044948953280848247e+00,1.191136934575480977e+00,-1.181996643081415277e+00,-9.812921778946334106e-01,-5.541582799424696226e+00
-5.282703204037304978e+00,-1.044908306824820388e+00,1.191076943469425942e+00,-1.181979624727053979e+00,-9.812921046507124823e-01,-5.541631889496686725e+00
-5.283016736169458660e+00,-1.044867606370420088e+00,1.191016853048554758e+00,-1.181962470273100640e+00,-9.812917936505362038e-01,-5.541680671785525369e+00
-5.283330268845067401e+00,-1.044826853595223870e+00,1.190956666113207163e+00,-1.181945182267796657e+00,-9.812912452668883789e-01,-5.541729140559457534e+00
-5.283643802069452278e+00,-1.044786050176808034e+00,1.190896385463723561e+00,-1.181927763259382980e+00,-9.812904598725529226e-01,-5.541777290086729479e+00
-5.283957335847931702e+00,-1.044745197792749769e+00,1.190836013900444357e+00,-1.181910215796101449e+00,-9.812894378403138607e-01,-5.541825114635588356e+00
-5.284270870185827640e+00,-1.044704298120625596e+00,1.190775554223709509e+00,-1.181892542426193016e+00,-9.812881795429552190e-01,-5.541872608474277762e+00
-5.284584405088459391e+00,-1.044663352838012038e+00,1.190715009233859201e+00,-1.181874745697899520e+00,-9.812866853532608014e-01,-5.541919765871048398e+00
-5.284897940561148033e+00,-1.044622363622485839e+00,1.190654381731233835e+00,-1.181856828159461470e+00,-9.812849556440146337e-01,-5.541966581094144750e+00
-5.285211476609215531e+00,-1.044581332151624187e+00,1.190593674516173595e+00,-1.181838792359120704e+00,-9.812829907880006308e-01,-5.542013048411813969e+00
-5.285525013237981184e+00,-1.044540260103003160e+00,1.190532890389018217e+00,-1.181820640845118620e+00,-9.812807911580030407e-01,-5.542059162092301428e+00
-5.285838550452764295e+00,-1.044499149154199724e+00,1.190472032150108772e+00,-1.181802376165696611e+00,-9.812783571268054450e-01,-5.542104916403854276e+00
-5.286152088258887716e+00,-1.044458000982790624e+00,1.190411102599784332e+00,-1.181784000869095186e+00,-9.812756890671922028e-01,-5.542150305614717887e+00
-5.286465626661669859e+00,-1.044416817266352382e+00,1.190350104538386189e+00,-1.181765517503556628e+00,-9.812727873519470068e-01,-5.542195323993142075e+00
-5.286779165666433578e+00,-1.044375599682461520e+00,1.190289040766254081e+00,-1.181746928617321890e+00,-9.812696523538536608e-01,-5.542239965807369551e+00
-5.287092705278498173e+00,-1.044334349908695003e+00,1.190227914083727745e+00,-1.181728236758632367e+00,-9.812662844456965239e-01,-5.542284225325648350e+00
-5.287406245503182944e+00,-1.044293069622629799e+00,1.190166727291148030e+00,-1.181709444475729009e+00,-9.812626840002592887e-01,-5.542328096816225624e+00
-5.287719786345809858e+00,-1.044251760501841986e+00,1.190105483188855340e+00,-1.181690554316853659e+00,-9.812588513903260923e-01,-5.542371574547346746e+00
-5.288033327811699102e+00,-1.044210424223908751e+00,1.190044184577188968e+00,-1.181671568830247709e+00,-9.812547869886808494e-01,-5.542414652787259755e+00
-5.288346869906171754e+00,-1.044169062466406617e+00,1.189982834256489763e+00,-1.181652490564151670e+00,-9.812504911681074748e-01,-5.542457325804208246e+00
-5.288660412634547114e+00,-1.044127676906912106e+00,1.189921435027097685e+00,-1.181633322066807601e+00,-9.812459643013901056e-01,-5.542499587866442035e+00
-5.288973956002147148e+00,-1.044086269223002184e+00,1.189859989689352915e+00,-1.181614065886456899e+00,-9.812412067613122124e-01,-5.542541433242204718e+00
-5.289287500014290266e+00,-1.044044841092253373e+00,1.189798501043596080e+00,-1.181594724571340294e+00,-9.812362189206583762e-01,-5.542582856199746111e+00
-5.289601044676299324e+00,-1.044003394192242640e+00,1.189736971890166695e+00,-1.181575300669699624e+00,-9.812310011522121789e-01,-5.542623851007309810e+00
-5.289914589993493621e+00,-1.043961930200545840e+00,1.189675405029405386e+00,-1.181555796729775620e+00,-9.812255538287578682e-01,-5.542664411933142965e+00
-5.290228135971194234e+00,-1.043920450794741051e+00,1.189613803261652780e+00,-1.181536215299810344e+00,-9.812198773230790261e-01,-5.542704533245492726e+00
-5.290541682614720465e+00,-1.043878957652403683e+00,1.189552169387247949e+00,-1.181516558928044747e+00,-9.812139720079601224e-01,-5.542744209212604467e+00
-5.290855229929396053e+00,-1.043837452451110925e+00,1.189490506206531961e+00,-1.181496830162720224e+00,-9.812078382561847389e-01,-5.542783434102726225e+00
-5.291168777920536748e+00,-1.043795936868439744e+00,1.189428816519844778e+00,-1.181477031552077728e+00,-9.812014764405367906e-01,-5.542822202184104263e+00
-5.291482326593467178e+00,-1.043754412581966662e+00,1.189367103127526359e+00,-1.181457165644359097e+00,-9.811948869338005252e-01,-5.542860507724983954e+00
-5.291795875953504869e+00,-1.043712881269268200e+00,1.189305368829917331e+00,-1.181437234987805285e+00,-9.811880701087597467e-01,-5.542898344993611559e+00
-5.292109426005972672e+00,-1.043671344607920881e+00,1.189243616427357431e+00,-1.181417242130658130e+00,-9.811810263381984809e-01,-5.542935708258236005e+00
-5.292422976756189890e+00,-1.043629804275502115e+00,1.189181848720187507e+00,-1.181397189621158361e+00,-9.811737559949005316e-01,-5.542972591787100889e+00
-5.292736528209477598e+00,-1.043588261949587759e+00,1.189120068508747075e+00,-1.181377080007547375e+00,-9.811662594516500357e-01,-5.543008989848454249e+00
-5.293050080371155097e+00,-1.043546719307755000e+00,1.189058278593376761e+00,-1.181356915838067234e+00,-9.811585370812311302e-01,-5.543044896710542346e+00
-5.293363633246544353e+00,-1.043505178027580582e+00,1.188996481774416747e+00,-1.181336699660958223e+00,-9.811505892564272857e-01,-5.543080306641612331e+00
-5.293677186840964666e+00,-1.043463639786640806e+00,1.188934680852206993e+00,-1.181316434024462403e+00,-9.811424163500229723e-01,-5.543115213909909578e+00
-5.293990741159738000e+00,-1.043422106262512417e+00,1.188872878627087459e+00,-1.181296121476820504e+00,-9.811340187348017716e-01,-5.543149612783680347e+00
-5.294304296208183658e+00,-1.043380579132772601e+00,1.188811077899399438e+00,-1.181275764566274367e+00,-9.811253967835479317e-01,-5.543183497531171788e+00
-5.294617851992709845e+00,-1.043339060072608460e+00,1.188749281465572016e+00,-1.181255365837926563e+00,-9.811165508704119409e-01,-5.543216862432680969e+00
-5.294931408588486654e+00,-1.043297550606003155e+00,1.188687491874612645e+00,-1.181234927638242338e+00,-9.811074814560238888e-01,-5.543249702531054979e+00
-5.295244966179375012e+00,-1.043256052017944358e+00,1.188625711284446052e+00,-1.181214451999719861e+00,-9.810981891377057451e-01,-5.543282014074444319e+00
-5.295558524958836166e+00,-1.043214565572310848e+00,1.188563941818454817e+00,-1.181193940927125707e+00,-9.810886745248523777e-01,-5.543313793417454782e+00
-5.295872085120326922e+00,-1.043173092532980961e+00,1.188502185600021965e+00,-1.181173396425226008e+00,-9.810789382268589875e-01,-5.543345036914694823e+00
-5.296185646857312079e+00,-1.043131634163833477e+00,1.188440444752529856e+00,-1.181152820498788003e+00,-9.810689808531203315e-01,-5.543375740920772898e+00
-5.296499210363250221e+00,-1.043090191728746507e+00,1.188378721399361071e+00,-1.181132215152577603e+00,-9.810588030130314996e-01,-5.543405901790293910e+00
-5.296812775831600817e+00,-1.043048766491598833e+00,1.188317017663898412e+00,-1.181111582391361825e+00,-9.810484053159875817e-01,-5.543435515877868092e+00
-5.297126343455825115e+00,-1.043007359716269011e+00,1.188255335669524682e+00,-1.181090924219907023e+00,-9.810377883713833347e-01,-5.543464579538102122e+00
-5.297439913429384362e+00,-1.042965972666634933e+00,1.188193677539622239e+00,-1.181070242642979995e+00,-9.810269527886139596e-01,-5.543493089125602680e+00
-5.297753485945737140e+00,-1.042924606606576043e+00,1.188132045397574332e+00,-1.181049539665347092e+00,-9.810158991770743242e-01,-5.543521040994978222e+00
-5.298067061198346472e+00,-1.042883262799970456e+00,1.188070441366762875e+00,-1.181028817291774669e+00,-9.810046281461592965e-01,-5.543548431500835427e+00
-5.298380639380670054e+00,-1.042841942510696507e+00,1.188008867570570892e+00,-1.181008077527029521e+00,-9.809931403052641885e-01,-5.543575256997782752e+00
-5.298694220686167355e+00,-1.042800647002632308e+00,1.187947326132380965e+00,-1.180987322375878223e+00,-9.809814362637837570e-01,-5.543601513840426875e+00
-5.299007805308302288e+00,-1.042759377539657528e+00,1.187885819175575675e+00,-1.180966553843087130e+00,-9.809695166311132031e-01,-5.543627198383376253e+00
-5.299321393440534322e+00,-1.042718135385649836e+00,1.187824348823538267e+00,-1.180945773933423260e+00,-9.809573820166471725e-01,-5.543652306981236677e+00
-5.299634985276322041e+00,-1.042676921804487788e+00,1.187762917199650659e+00,-1.180924984651652743e+00,-9.809450330297809773e-01,-5.543676835988618379e+00
-5.299948581009127579e+00,-1.042635738060050166e+00,1.187701526427295651e+00,-1.180904188002542377e+00,-9.809324702799094853e-01,-5.543700781760126262e+00
-5.300262180832410408e+00,-1.042594585416215303e+00,1.187640178629856713e+00,-1.180883385990858514e+00,-9.809196943764275645e-01,-5.543724140650369669e+00
-5.300575784939630886e+00,-1.042553465136861535e+00,1.187578875930715316e+00,-1.180862580621367730e+00,-9.809067059287303048e-01,-5.543746909013954394e+00
-5.300889393524249371e+00,-1.042512378485868085e+00,1.187517620453254708e+00,-1.180841773898836822e+00,-9.808935055462129071e-01,-5.543769083205489778e+00
-5.301203006779728000e+00,-1.042471326727112624e+00,1.187456414320857689e+00,-1.180820967828031920e+00,-9.808800938382700174e-01,-5.543790659579582503e+00
-5.301516624899522689e+00,-1.042430311124474152e+00,1.187395259656906621e+00,-1.180800164413720044e+00,-9.808664714142969476e-01,-5.543811634490839246e+00
-5.301830248077100016e+00,-1.042389332941830782e+00,1.187334158584784305e+00,-1.180779365660667546e+00,-9.808526388836883436e-01,-5.543832004293868465e+00
-5.302143876505915010e+00,-1.042348393443061294e+00,1.187273113227873322e+00,-1.180758573573640779e+00,-9.808385968558394064e-01,-5.543851765343277727e+00
-5.302457510379431582e+00,-1.042307493892044024e+00,1.187212125709556698e+00,-1.180737790157406986e+00,-9.808243459401451148e-01,-5.543870913993673710e+00
-5.302771149891108315e+00,-1.042266635552657750e+00,1.187151198153216791e+00,-1.180717017416731851e+00,-9.808098867460004477e-01,-5.543889446599665760e+00
-5.303084795234405568e+00,-1.042225819688781030e+00,1.187090332682236182e+00,-1.180696257356382617e+00,-9.807952198828002732e-01,-5.543907359515859667e+00
-5.303398446602784588e+00,-1.042185047564291756e+00,1.187029531419997674e+00,-1.180675511981125192e+00,-9.807803459599399032e-01,-5.543924649096863888e+00
-5.303712104189705734e+00,-1.042144320443069150e+00,1.186968796489883626e+00,-1.180654783295726817e+00,-9.807652655868140945e-01,-5.543941311697284213e+00
-5.304025768188628476e+00,-1.042103639588991326e+00,1.186908130015277285e+00,-1.180634073304953624e+00,-9.807499793728177151e-01,-5.543957343671730875e+00
-5.304339438793014061e+00,-1.042063006265937064e+00,1.186847534119560565e+00,-1.180613384013572187e+00,-9.807344879273458549e-01,-5.543972741374809665e+00
-5.304653116196321960e+00,-1.042022421737784255e+00,1.186787010926117159e+00,-1.180592717426349081e+00,-9.807187918597937148e-01,-5.543987501161128151e+00
-5.304966800592013421e+00,-1.041981887268412121e+00,1.186726562558328535e+00,-1.180572075548051325e+00,-9.807028917795559408e-01,-5.544001619385293900e+00
-5.305280492173547913e+00,-1.041941404121699000e+00,1.186666191139578386e+00,-1.180551460383444828e+00,-9.806867882960278449e-01,-5.544015092401915368e+00
-5.305594191134387572e+00,-1.041900973561523225e+00,1.186605898793248848e+00,-1.180530873937296388e+00,-9.806704820186040727e-01,-5.544027916565597458e+00
-5.305907897667990980e+00,-1.041860596851763354e+00,1.186545687642722724e+00,-1.180510318214372578e+00,-9.806539735566800475e-01,-5.544040088230952179e+00
-5.306221611967819385e+00,-1.041820275256297945e+00,1.186485559811382373e+00,-1.180489795219440197e+00,-9.806372635196505261e-01,-5.544051603752582658e+00
-5.306535334227333145e+00,-1.041780010039005333e+00,1.186425517422611042e+00,-1.180469306957264930e+00,-9.806203525169103763e-01,-5.544062459485099126e+00
-5.306849064639992619e+00,-1.041739802463764297e+00,1.186365562599790646e+00,-1.180448855432614685e+00,-9.806032411578545771e-01,-5.544072651783107375e+00
-5.307162803399257278e+00,-1.041699653794453173e+00,1.186305697466304654e+00,-1.180428442650254928e+00,-9.805859300518784405e-01,-5.544082177001216749e+00
-5.307476550698588369e+00,-1.041659565294950518e+00,1.186245924145535202e+00,-1.180408070614952898e+00,-9.805684198083767233e-01,-5.544091031494032151e+00
-5.307790306731446250e+00,-1.041619538229134889e+00,1.186186244760865094e+00,-1.180387741331474727e+00,-9.805507110367444046e-01,-5.544099211616164702e+00
-5.308104071691292170e+00,-1.041579573860884400e+00,1.186126661435676910e+00,-1.180367456804586768e+00,-9.805328043463765741e-01,-5.544106713722218416e+00
-5.308417845771584709e+00,-1.041539673454078052e+00,1.186067176293353675e+00,-1.180347219039056261e+00,-9.805147003466682110e-01,-5.544113534166803525e+00
-5.308731629165785115e+00,-1.041499838272594403e+00,1.186007791457277527e+00,-1.180327030039649117e+00,-9.804963996470142940e-01,-5.544119669304524045e+00
-5.309045422067353748e+00,-1.041460069580311565e+00,1.185948509050831490e+00,-1.180306891811132353e+00,-9.804779028568096910e-01,-5.544125115489991096e+00
-5.309359224669751853e+00,-1.041420368641108318e+00,1.185889331197398144e+00,-1.180286806358272322e+00,-9.804592105854493811e-01,-5.544129869077811357e+00
-5.309673037166438903e+00,-1.041380736718862998e+00,1.185830260020359850e+00,-1.180266775685835601e+00,-9.804403234423285651e-01,-5.544133926422591507e+00
-5.309986859750875254e+00,-1.041341175077454162e+00,1.185771297643099853e+00,-1.180246801798589207e+00,-9.804212420368422221e-01,-5.544137283878939115e+00
-5.310300692616353402e+00,-1.041301684980748377e+00,1.185712446188979419e+00,-1.180226886701264855e+00,-9.804019669783973212e-01,-5.544139937801663365e+00
-5.310614535844703887e+00,-1.041262267684380127e+00,1.185653707767244658e+00,-1.180207032376002108e+00,-9.803824988845067923e-01,-5.544141884680054311e+00
-5.310928389213184886e+00,-1.041222924421496332e+00,1.185595084448572534e+00,-1.180187240743203025e+00,-9.803628383948314040e-01,-5.544143121370859184e+00
-5.311242252447514467e+00,-1.041183656421436288e+00,1.185536578297112786e+00,-1.180167513712822913e+00,-9.803429861527808153e-01,-5.544143644793015469e+00
-5.311556125273408036e+00,-1.041144464913539069e+00,1.185478191377015600e+00,-1.180147853194815744e+00,-9.803229428017642411e-01,-5.544143451865458871e+00
-5.311870007416579220e+00,-1.041105351127145306e+00,1.185419925752430270e+00,-1.180128261099136155e+00,-9.803027089851908960e-01,-5.544142539507124212e+00
-5.312183898602746090e+00,-1.041066316291594296e+00,1.185361783487506759e+00,-1.180108739335738566e+00,-9.802822853464702169e-01,-5.544140904636948086e+00
-5.312497798557623163e+00,-1.041027361636225779e+00,1.185303766646394807e+00,-1.180089289814578057e+00,-9.802616725290111965e-01,-5.544138544173866201e+00
-5.312811707006925843e+00,-1.040988488390379496e+00,1.185245877293244154e+00,-1.180069914445608603e+00,-9.802408711762234939e-01,-5.544135455036815152e+00
-5.313125623676372200e+00,-1.040949697783394967e+00,1.185188117492204762e+00,-1.180050615138785064e+00,-9.802198819315162126e-01,-5.544131634144729759e+00
-5.313439548291674974e+00,-1.040910991044612377e+00,1.185130489307426149e+00,-1.180031393804061857e+00,-9.801987054382987896e-01,-5.544127078416546617e+00
-5.313753480578552235e+00,-1.040872369403370357e+00,1.185072994803058055e+00,-1.180012252351393620e+00,-9.801773423399805507e-01,-5.544121784771202321e+00
-5.314067420262717611e+00,-1.040833834089009979e+00,1.185015636043250442e+00,-1.179993192690734771e+00,-9.801557932799705997e-01,-5.544115750127632580e+00
-5.314381367069890061e+00,-1.040795386330870098e+00,1.184958415092152828e+00,-1.179974216732039949e+00,-9.801340589016784843e-01,-5.544108971404772213e+00
-5.314695320725781436e+00,-1.040757027358290454e+00,1.184901334013915175e+00,-1.179955326385263792e+00,-9.801121398485133085e-01,-5.544101445521557814e+00
-5.315009280956110693e+00,-1.040718758400611010e+00,1.184844394872687001e+00,-1.179936523560360495e+00,-9.800900367638845090e-01,-5.544093169396925980e+00
-5.315323247486592351e+00,-1.040680580687171508e+00,1.184787599732618268e+00,-1.179917810167284919e+00,-9.800677502912013006e-01,-5.544084139949811529e+00
-5.315637220042941813e+00,-1.040642495447311022e+00,1.184730950657858495e+00,-1.179899188115991482e+00,-9.800452810738730092e-01,-5.544074354099151059e+00
-5.315951198350875373e+00,-1.040604503910370182e+00,1.184674449712557864e+00,-1.179880659316435043e+00,-9.800226297553091825e-01,-5.544063808763881163e+00
-5.316265182136109324e+00,-1.040566607305687841e+00,1.184618098960865895e+00,-1.179862225678570020e+00,-9.799997969789188135e-01,-5.544052500862935773e+00
-5.316579171124358183e+00,-1.040528806862604627e+00,1.184561900466932327e+00,-1.179843889112350386e+00,-9.799767833881113388e-01,-5.544040427315252373e+00
-5.316893165041339131e+00,-1.040491103810459395e+00,1.184505856294906900e+00,-1.179825651527731445e+00,-9.799535896262959733e-01,-5.544027585039766670e+00
-5.317207163612766685e+00,-1.040453499378591884e+00,1.184449968508939577e+00,-1.179807514834667392e+00,-9.799302163368820429e-01,-5.544013970955414372e+00
-5.317521166564356250e+00,-1.040415994796342503e+00,1.184394239173179875e+00,-1.179789480943112867e+00,-9.799066641632789842e-01,-5.543999581981131186e+00
-5.317835173621825007e+00,-1.040378591293050103e+00,1.184338670351777312e+00,-1.179771551763022286e+00,-9.798829337488960123e-01,-5.543984415035854596e+00
-5.318149184510889249e+00,-1.040341290098055094e+00,1.184283264108882516e+00,-1.179753729204350066e+00,-9.798590257371424528e-01,-5.543968467038518533e+00
-5.318463198957740445e+00,-1.040304092440215378e+00,1.184228022507851863e+00,-1.179736015176433339e+00,-9.798349407715164494e-01,-5.543951734909648543e+00
-5.318777217170319815e+00,-1.040266999062086528e+00,1.184172946811729465e+00,-1.179718410964494479e+00,-9.798106795851744266e-01,-5.543934217173680068e+00
-5.319091240744604043e+00,-1.040230009305072478e+00,1.184118035977665961e+00,-1.179700916055536064e+00,-9.797862431696001684e-01,-5.543915916976293268e+00
-5.319405271525052825e+00,-1.040193122259746472e+00,1.184063288550017967e+00,-1.179683529614649062e+00,-9.797616325625221334e-01,-5.543896838290454099e+00
-5.319719311356120528e+00,-1.040156337016682198e+00,1.184008703073140989e+00,-1.179666250806924221e+00,-9.797368488016694466e-01,-5.543876985089131182e+00
-5.320033362082268624e+00,-1.040119652666452010e+00,1.183954278091391421e+00,-1.179649078797451178e+00,-9.797118929247707886e-01,-5.543856361345287809e+00
-5.320347425547952369e+00,-1.040083068299629376e+00,1.183900012149125214e+00,-1.179632012751320902e+00,-9.796867659695548403e-01,-5.543834971031890824e+00
-5.320661503597630571e+00,-1.040046583006787762e+00,1.183845903790698317e+00,-1.179615051833623252e+00,-9.796614689737502824e-01,-5.543812818121907071e+00
-5.320975598075761148e+00,-1.040010195878499966e+00,1.183791951560466460e+00,-1.179598195209449196e+00,-9.796360029750859066e-01,-5.543789906588299843e+00
-5.321289710826802910e+00,-1.039973906005339233e+00,1.183738154002786036e+00,-1.179581442043889261e+00,-9.796103690112905049e-01,-5.543766240404037760e+00
-5.321603843695211999e+00,-1.039937712477879028e+00,1.183684509662012774e+00,-1.179564791502033305e+00,-9.795845681200928690e-01,-5.543741823542085001e+00
-5.321917998525448112e+00,-1.039901614386692374e+00,1.183631017082503289e+00,-1.179548242748972076e+00,-9.795586013392215685e-01,-5.543716659975409300e+00
-5.322232177161969169e+00,-1.039865610822352515e+00,1.183577674808612645e+00,-1.179531794949795875e+00,-9.795324697064057284e-01,-5.543690753676973948e+00
-5.322546381449231312e+00,-1.039829700875432250e+00,1.183524481384697680e+00,-1.179515447269595008e+00,-9.795061742593736964e-01,-5.543664108619746678e+00
-5.322860613231693350e+00,-1.039793883636505267e+00,1.183471435355113677e+00,-1.179499198873460220e+00,-9.794797160358543753e-01,-5.543636728776692557e+00
-5.323174874353812314e+00,-1.039758158196144366e+00,1.183418535264217253e+00,-1.179483048926481592e+00,-9.794530960735765568e-01,-5.543608618120777543e+00
-5.323489166660049676e+00,-1.039722523644923013e+00,1.183365779656364136e+00,-1.179466996593749650e+00,-9.794263154102690327e-01,-5.543579780624967590e+00
-5.323803491994858916e+00,-1.039686979073414230e+00,1.183313167075910499e+00,-1.179451041040354919e+00,-9.793993750836603729e-01,-5.543550220262229544e+00
-5.324117852202699730e+00,-1.039651523572191039e+00,1.183260696067212292e+00,-1.179435181431387925e+00,-9.793722761314794800e-01,-5.543519941005528473e+00
-5.324432249128030037e+00,-1.039616156231826904e+00,1.183208365174625021e+00,-1.179419416931938525e+00,-9.793450195914550349e-01,-5.543488946827830333e+00
-5.324746684615307757e+00,-1.039580876142894628e+00,1.183156172942505302e+00,-1.179403746707097689e+00,-9.793176065013158293e-01,-5.543457241702100191e+00
-5.325061160508992586e+00,-1.039545682395968118e+00,1.183104117915209308e+00,-1.179388169921955498e+00,-9.792900378987905441e-01,-5.543424829601305781e+00
-5.325375678653539779e+00,-1.039510574081619732e+00,1.183052198637092323e+00,-1.179372685741602700e+00,-9.792623148216081930e-01,-5.543391714498412171e+00
-5.325690240893408145e+00,-1.039475550290423156e+00,1.183000413652510963e+00,-1.179357293331129597e+00,-9.792344383074971237e-01,-5.543357900366386204e+00
-5.326004849073054714e+00,-1.039440610112951635e+00,1.182948761505820956e+00,-1.179341991855626048e+00,-9.792064093941863501e-01,-5.543323391178190285e+00
-5.326319505036939184e+00,-1.039405752639777525e+00,1.182897240741378697e+00,-1.179326780480183023e+00,-9.791782291194045529e-01,-5.543288190906793922e+00
-5.326634210629519472e+00,-1.039370976961474957e+00,1.182845849903539470e+00,-1.179311658369891047e+00,-9.791498985208805239e-01,-5.543252303525161295e+00
-5.326948967671341961e+00,-1.039336282168106917e+00,1.182794587535147768e+00,-1.179296624685874928e+00,-9.791214186363527139e-01,-5.543215733012832658e+00
-5.327263776745431834e+00,-1.039301667323352163e+00,1.182743452100786241e+00,-1.179281678384004328e+00,-9.790927905040611723e-01,-5.543178483689590763e+00
-5.327578636622084751e+00,-1.039267131452241921e+00,1.182692441950399909e+00,-1.179266818119492966e+00,-9.790640151629804722e-01,-5.543140560373609027e+00
-5.327893545927373964e+00,-1.039232673576730992e+00,1.182641555424813307e+00,-1.179252042523633026e+00,-9.790350936521436953e-01,-5.543101967922710926e+00
-5.328208503287367392e+00,-1.039198292718775729e+00,1.182590790864851193e+00,-1.179237350227716696e+00,-9.790060270105844786e-01,-5.543062711194724379e+00
-5.328523507328137399e+00,-1.039163987900331376e+00,1.182540146611337439e+00,-1.179222739863035496e+00,-9.789768162773356819e-01,-5.543022795047473750e+00
-5.328838556675751903e+00,-1.039129758143353843e+00,1.182489621005097247e+00,-1.179208210060882278e+00,-9.789474624914307199e-01,-5.542982224338785180e+00
-5.329153649956284156e+00,-1.039095602469798374e+00,1.182439212386954042e+00,-1.179193759452548562e+00,-9.789179666919025635e-01,-5.542941003926485699e+00
-5.329468785795802965e+00,-1.039061519901621100e+00,1.182388919097733027e+00,-1.179179386669326091e+00,-9.788883299177844055e-01,-5.542899138668398784e+00
-5.329783962820378029e+00,-1.039027509460777932e+00,1.182338739478258516e+00,-1.179165090342507494e+00,-9.788585532081094387e-01,-5.542856633422352353e+00
-5.330099179656080821e+00,-1.038993570169223668e+00,1.182288671869354379e+00,-1.179150869103384514e+00,-9.788286376019109669e-01,-5.542813493046169881e+00
-5.330414434928980150e+00,-1.038959701048914885e+00,1.182238714611845598e+00,-1.179136721583249336e+00,-9.787985841382222940e-01,-5.542769722397679288e+00
-5.330729727265149265e+00,-1.038925901121806605e+00,1.182188866046556264e+00,-1.179122646413393927e+00,-9.787683938560763908e-01,-5.542725326334705827e+00
-5.331045055290654311e+00,-1.038892169409854516e+00,1.182139124514310913e+00,-1.179108642225110248e+00,-9.787380677945064500e-01,-5.542680309715073861e+00
-5.331360417631570314e+00,-1.038858504935014748e+00,1.182089488355934304e+00,-1.179094707649690932e+00,-9.787076069925457755e-01,-5.542634677396611309e+00
-5.331675812913962531e+00,-1.038824906719242769e+00,1.182039955912250306e+00,-1.179080841318427275e+00,-9.786770124892273381e-01,-5.542588434237142536e+00
-5.331991239763905988e+00,-1.038791373784494043e+00,1.181990525524083679e+00,-1.179067041862611465e+00,-9.786462853235846637e-01,-5.542541585094494572e+00
-5.332306696807467716e+00,-1.038757905152724259e+00,1.181941195532258737e+00,-1.179053307913535686e+00,-9.786154265346507231e-01,-5.542494134826490892e+00
-5.332622182670720079e+00,-1.038724499845889104e+00,1.181891964277599794e+00,-1.179039638102492127e+00,-9.785844371614588200e-01,-5.542446088290959416e+00
-5.332937695979730996e+00,-1.038691156885944489e+00,1.181842830100931607e+00,-1.179026031060772306e+00,-9.785533182430419252e-01,-5.542397450345725396e+00
-5.333253235360573719e+00,-1.038657875294845878e+00,1.181793791343078048e+00,-1.179012485419669076e+00,-9.785220708184334537e-01,-5.542348225848614085e+00
-5.333568799439317942e+00,-1.038624654094548960e+00,1.181744846344864319e+00,-1.178998999810473958e+00,-9.784906959266664872e-01,-5.542298419657451625e+00
-5.333884386842031589e+00,-1.038591492307009645e+00,1.181695993447113846e+00,-1.178985572864479137e+00,-9.784591946067741075e-01,-5.542248036630064156e+00
-5.334199996194787907e+00,-1.038558388954182954e+00,1.181647230990651609e+00,-1.178972203212976577e+00,-9.784275678977898405e-01,-5.542197081624276045e+00
-5.334515626123653931e+00,-1.038525343058025019e+00,1.181598557316302367e+00,-1.178958889487258022e+00,-9.783958168387466570e-01,-5.542145559497915208e+00
-5.334831275254703797e+00,-1.038492353640491750e+00,1.181549970764889990e+00,-1.178945630318615878e+00,-9.783639424686777497e-01,-5.542093475108806011e+00
-5.335146942214004540e+00,-1.038459419723538391e+00,1.181501469677239236e+00,-1.178932424338342333e+00,-9.783319458266163116e-01,-5.542040833314773707e+00
-5.335462625627629407e+00,-1.038426540329120629e+00,1.181453052394173975e+00,-1.178919270177729572e+00,-9.782998279515956463e-01,-5.541987638973646213e+00
-5.335778324121646321e+00,-1.038393714479193930e+00,1.181404717256519188e+00,-1.178906166468069117e+00,-9.782675898826486138e-01,-5.541933896943246118e+00
-5.336094036322127643e+00,-1.038360941195714648e+00,1.181356462605099189e+00,-1.178893111840653152e+00,-9.782352326588087399e-01,-5.541879612081402229e+00
-5.336409760855140405e+00,-1.038328219500637806e+00,1.181308286780738070e+00,-1.178880104926773642e+00,-9.782027573191091063e-01,-5.541824789245939797e+00
-5.336725496346759634e+00,-1.038295548415919534e+00,1.181260188124260813e+00,-1.178867144357722996e+00,-9.781701649025829060e-01,-5.541769433294683189e+00
-5.337041241423051474e+00,-1.038262926963515298e+00,1.181212164976491286e+00,-1.178854228764792955e+00,-9.781374564482633316e-01,-5.541713549085458546e+00
-5.337356994710088287e+00,-1.038230354165380565e+00,1.181164215678254248e+00,-1.178841356779275706e+00,-9.781046329951835760e-01,-5.541657141476092008e+00
-5.337672754833940658e+00,-1.038197829043471243e+00,1.181116338570374014e+00,-1.178828527032462992e+00,-9.780716955823766101e-01,-5.541600215324410605e+00
-5.337988520420676508e+00,-1.038165350619742799e+00,1.181068531993675119e+00,-1.178815738155647663e+00,-9.780386452488760707e-01,-5.541542775488238703e+00
-5.338304290096369087e+00,-1.038132917916151143e+00,1.181020794288981657e+00,-1.178802988780120575e+00,-9.780054830337149285e-01,-5.541484826825401555e+00
-5.338620062487086315e+00,-1.038100529954651741e+00,1.180973123797118385e+00,-1.178790277537174580e+00,-9.779722099759261544e-01,-5.541426374193726190e+00
-5.338935836218902331e+00,-1.038068185757200501e+00,1.180925518858909617e+00,-1.178777603058101864e+00,-9.779388271145433853e-01,-5.541367422451036973e+00
-5.339251609917882391e+00,-1.038035884345752891e+00,1.180877977815179669e+00,-1.178764963974193947e+00,-9.779053354885994809e-01,-5.541307976455160045e+00
-5.339567382210099744e+00,-1.038003624742264153e+00,1.180830499006753076e+00,-1.178752358916743015e+00,-9.778717361371276340e-01,-5.541248041063923324e+00
-5.339883151721624088e+00,-1.037971405968691085e+00,1.180783080774454374e+00,-1.178739786517041255e+00,-9.778380300991609264e-01,-5.541187621135149399e+00
-5.340198917078526009e+00,-1.037939227046988044e+00,1.180735721459107435e+00,-1.178727245406380630e+00,-9.778042184137329951e-01,-5.541126721526667076e+00
-5.340514676906876090e+00,-1.037907086999111828e+00,1.180688419401537459e+00,-1.178714734216053328e+00,-9.777703021198766997e-01,-5.541065347096299831e+00
-5.340830429832744919e+00,-1.037874984847017457e+00,1.180641172942568318e+00,-1.178702251577351090e+00,-9.777362822566253442e-01,-5.541003502701873806e+00
-5.341146174482201303e+00,-1.037842919612660619e+00,1.180593980423024547e+00,-1.178689796121566324e+00,-9.777021598630120103e-01,-5.540941193201216031e+00
-5.341461909481315828e+00,-1.037810890317997004e+00,1.180546840183730906e+00,-1.178677366479990551e+00,-9.776679359780700018e-01,-5.540878423452150869e+00
-5.341777633456159968e+00,-1.037778895984982741e+00,1.180499750565511263e+00,-1.178664961283916401e+00,-9.776336116408321786e-01,-5.540815198312506240e+00
-5.342093345032803420e+00,-1.037746935635572854e+00,1.180452709909190157e+00,-1.178652579164635616e+00,-9.775991878903322885e-01,-5.540751522640104731e+00
-5.342409042837316768e+00,-1.037715008291723251e+00,1.180405716555592566e+00,-1.178640218753440161e+00,-9.775646657656031913e-01,-5.540687401292773373e+00
-5.342724725495768823e+00,-1.037683112975389621e+00,1.180358768845542139e+00,-1.178627878681622443e+00,-9.775300463056780798e-01,-5.540622839128340082e+00
-5.343040391634231945e+00,-1.037651248708527429e+00,1.180311865119863857e+00,-1.178615557580474205e+00,-9.774953305495902578e-01,-5.540557841004627448e+00
-5.343356039878774943e+00,-1.037619414513093030e+00,1.180265003719381589e+00,-1.178603254081287632e+00,-9.774605195363728072e-01,-5.540492411779464277e+00
-5.343671668855470180e+00,-1.037587609411041223e+00,1.180218182984920317e+00,-1.178590966815354468e+00,-9.774256143050588097e-01,-5.540426556310673156e+00
-5.343987277190387353e+00,-1.037555832424328139e+00,1.180171401257304131e+00,-1.178578694413967121e+00,-9.773906158946816802e-01,-5.540360279456081116e+00
-5.344302863663589420e+00,-1.037524082566994688e+00,1.180124656865277455e+00,-1.178566435507670818e+00,-9.773555253044324820e-01,-5.540293585930666787e+00
-5.344618428695246948e+00,-1.037492358768783651e+00,1.180077948008928290e+00,-1.178554188719059814e+00,-9.773203431091719295e-01,-5.540226478928024001e+00
-5.344933973696484486e+00,-1.037460659908506333e+00,1.180031272810609044e+00,-1.178541952665924208e+00,-9.772850696273769344e-01,-5.540158960722517456e+00
-5.345249500092174699e+00,-1.037428984864266601e+00,1.179984629391594320e+00,-1.178529725965986819e+00,-9.772497051739692520e-01,-5.540091033575764712e+00
-5.345565009307190252e+00,-1.037397332514169213e+00,1.179938015873158719e+00,-1.178517507236971129e+00,-9.772142500638701934e-01,-5.540022699749378887e+00
-5.345880502766399367e+00,-1.037365701736317591e+00,1.179891430376576844e+00,-1.178505295096600403e+00,-9.771787046120005149e-01,-5.539953961504979318e+00
-5.346195981894675597e+00,-1.037334091408816938e+00,1.179844871023122632e+00,-1.178493088162597902e+00,-9.771430691332821938e-01,-5.539884821104180013e+00
-5.346511448116888943e+00,-1.037302500409770678e+00,1.179798335934071130e+00,-1.178480885052686666e+00,-9.771073439426360974e-01,-5.539815280808595865e+00
-5.346826902857912955e+00,-1.037270927617283567e+00,1.179751823230696939e+00,-1.178468684384590404e+00,-9.770715293549836478e-01,-5.539745342879845325e+00
-5.347142347542616747e+00,-1.037239371909459251e+00,1.179705331034273996e+00,-1.178456484776031932e+00,-9.770356256852462673e-01,-5.539675009579541509e+00
-5.347457783595872094e+00,-1.037207832164402710e+00,1.179658857466077126e+00,-1.178444284844734735e+00,-9.769996332483451562e-01,-5.539604283169302867e+00
-5.347773212442552548e+00,-1.037176307260217589e+00,1.179612400647381154e+00,-1.178432083208421632e+00,-9.769635523592014037e-01,-5.539533165910744295e+00
-5.348088635507526334e+00,-1.037144796075008424e+00,1.179565958699460015e+00,-1.178419878484816774e+00,-9.769273833327367651e-01,-5.539461660065479798e+00
-5.348404054215667891e+00,-1.037113297486879526e+00,1.179519529743588535e+00,-1.178407669291642534e+00,-9.768911264838723296e-01,-5.539389767895128713e+00
-5.348719469991847220e+00,-1.037081810373934987e+00,1.179473111901041094e+00,-1.178395454246622398e+00,-9.768547821275290755e-01,-5.539317491661305048e+00
-5.349034884260935208e+00,-1.037050333614278896e+00,1.179426703293092293e+00,-1.178383231967480071e+00,-9.768183505786288690e-01,-5.539244833625623698e+00
-5.349350298447803631e+00,-1.037018866086015789e+00,1.179380302041016737e+00,-1.178371001071938373e+00,-9.767818321520926883e-01,-5.539171796049702223e+00
-5.349665713977324266e+00,-1.036987406667249534e+00,1.179333906266088583e+00,-1.178358760177720566e+00,-9.767452271628419558e-01,-5.539098381195155518e+00
-5.349981132274368001e+00,-1.036955954236084887e+00,1.179287514089582656e+00,-1.178346507902549911e+00,-9.767085359257978716e-01,-5.539024591323600255e+00
-5.350296554763806611e+00,-1.036924507670625717e+00,1.179241123632773114e+00,-1.178334242864149894e+00,-9.766717587558817470e-01,-5.538950428696652217e+00
-5.350611982870511874e+00,-1.036893065848976336e+00,1.179194733016935004e+00,-1.178321963680243778e+00,-9.766348959680148933e-01,-5.538875895575926300e+00
-5.350927418019356452e+00,-1.036861627649240836e+00,1.179148340363342262e+00,-1.178309668968553936e+00,-9.765979478771188438e-01,-5.538800994223039176e+00
-5.351242861635206793e+00,-1.036830191949523750e+00,1.179101943793269935e+00,-1.178297357346804963e+00,-9.765609147981145766e-01,-5.538725726899607515e+00
-5.351558315142940003e+00,-1.036798757627928946e+00,1.179055541427992182e+00,-1.178285027432719456e+00,-9.765237970459235139e-01,-5.538650095867245327e+00
-5.351873779967423417e+00,-1.036767323562560961e+00,1.179009131388783604e+00,-1.178272677844020455e+00,-9.764865949354670782e-01,-5.538574103387569281e+00
-5.352189257533530586e+00,-1.036735888631523883e+00,1.178962711796918361e+00,-1.178260307198431445e+00,-9.764493087816663586e-01,-5.538497751722196050e+00
-5.352504749266132400e+00,-1.036704451712922248e+00,1.178916280773671721e+00,-1.178247914113676131e+00,-9.764119388994427773e-01,-5.538421043132741417e+00
-5.352820256590099746e+00,-1.036673011684859924e+00,1.178869836440317620e+00,-1.178235497207477112e+00,-9.763744856037176456e-01,-5.538343979880820278e+00
-5.353135780930304399e+00,-1.036641567425441224e+00,1.178823376918130661e+00,-1.178223055097557870e+00,-9.763369492094122748e-01,-5.538266564228048416e+00
-5.353451323711619025e+00,-1.036610117812770460e+00,1.178776900328385446e+00,-1.178210586401641224e+00,-9.762993300314478651e-01,-5.538188798436043392e+00
-5.353766886358912735e+00,-1.036578661724951944e+00,1.178730404792356135e+00,-1.178198089737451326e+00,-9.762616283847459497e-01,-5.538110684766420100e+00
-5.354082470297059082e+00,-1.036547198040089768e+00,1.178683888431317772e+00,-1.178185563722710771e+00,-9.762238445842275070e-01,-5.538032225480792548e+00
-5.354398076950928065e+00,-1.036515725636288021e+00,1.178637349366544518e+00,-1.178173006975142822e+00,-9.761859789448140701e-01,-5.537953422840780071e+00
-5.354713707745391460e+00,-1.036484243391651461e+00,1.178590785719310974e+00,-1.178160418112471186e+00,-9.761480317814269503e-01,-5.537874279107995790e+00
-5.355029364105321044e+00,-1.036452750184283733e+00,1.178544195610891743e+00,-1.178147795752418903e+00,-9.761100034089872368e-01,-5.537794796544058151e+00
-5.355345047455587704e+00,-1.036421244892289595e+00,1.178497577162561205e+00,-1.178135138512708791e+00,-9.760718941424164630e-01,-5.537714977410581163e+00
-5.355660759221062328e+00,-1.036389726393772914e+00,1.178450928495593741e+00,-1.178122445011064778e+00,-9.760337042966358290e-01,-5.537634823969180609e+00
-5.355976500826618469e+00,-1.036358193566838004e+00,1.178404247731263954e+00,-1.178109713865209685e+00,-9.759954341865667571e-01,-5.537554338481472271e+00
-5.356292273697125239e+00,-1.036326645289588733e+00,1.178357532990846668e+00,-1.178096943692866772e+00,-9.759570841271304475e-01,-5.537473523209073711e+00
-5.356608079257454413e+00,-1.036295080440130079e+00,1.178310782395615819e+00,-1.178084133111759302e+00,-9.759186544332481006e-01,-5.537392380413599824e+00
-5.356923918932478657e+00,-1.036263497896566355e+00,1.178263994066846454e+00,-1.178071280739610982e+00,-9.758801454198412495e-01,-5.537310912356666392e+00
-5.357239794147067968e+00,-1.036231896537000985e+00,1.178217166125812732e+00,-1.178058385194144853e+00,-9.758415574018308725e-01,-5.537229121299887424e+00
-5.357555706326094125e+00,-1.036200275239538504e+00,1.178170296693788810e+00,-1.178045445093083732e+00,-9.758028906941387248e-01,-5.537147009504883144e+00
-5.357871656894429790e+00,-1.036168632882283447e+00,1.178123383892050180e+00,-1.178032459054150882e+00,-9.757641456116857848e-01,-5.537064579233265782e+00
-5.358187647276944077e+00,-1.036136968343339682e+00,1.178076425841870778e+00,-1.178019425695070455e+00,-9.757253224693932525e-01,-5.536981832746652898e+00
-5.358503678898509648e+00,-1.036105280500811965e+00,1.178029420664524762e+00,-1.178006343633564823e+00,-9.756864215821827724e-01,-5.536898772306659389e+00
-5.358819753183999168e+00,-1.036073568232803943e+00,1.177982366481287402e+00,-1.177993211487357472e+00,-9.756474432649755446e-01,-5.536815400174902813e+00
-5.359135871558281750e+00,-1.036041830417420151e+00,1.177935261413432855e+00,-1.177980027874171665e+00,-9.756083878326926584e-01,-5.536731718612996289e+00
-5.359452035446230944e+00,-1.036010065932764679e+00,1.177888103582235280e+00,-1.177966791411730885e+00,-9.755692556002557581e-01,-5.536647729882558266e+00
-5.359768246272714975e+00,-1.035978273656941839e+00,1.177840891108969723e+00,-1.177953500717758173e+00,-9.755300468825859328e-01,-5.536563436245202752e+00
-5.360084505462610061e+00,-1.035946452468055945e+00,1.177793622114910566e+00,-1.177940154409976570e+00,-9.754907619946043829e-01,-5.536478839962548193e+00
-5.360400814440782646e+00,-1.035914601244211086e+00,1.177746294721331966e+00,-1.177926751106109782e+00,-9.754514012512327525e-01,-5.536393943296207709e+00
-5.360717174632107174e+00,-1.035882718863511798e+00,1.177698907049508525e+00,-1.177913289423880849e+00,-9.754119649673920200e-01,-5.536308748507797084e+00
-5.361033587461455419e+00,-1.035850804204061726e+00,1.177651457220715070e+00,-1.177899767981012813e+00,-9.753724534580034966e-01,-5.536223257858935654e+00
-5.361350053939943017e+00,-1.035818856105857888e+00,1.177603943278158649e+00,-1.177886185294482635e+00,-9.753328670857190907e-01,-5.536137473755324834e+00
-5.361666572307511203e+00,-1.035786873153662357e+00,1.177556362742174567e+00,-1.177872539206499258e+00,-9.752932065328734357e-01,-5.536051399567723408e+00
-5.361983139665988496e+00,-1.035754853827414168e+00,1.177508712918358791e+00,-1.177858827282148191e+00,-9.752534726130930309e-01,-5.535965039063234450e+00
-5.362299753113722645e+00,-1.035722796606731277e+00,1.177460991111649147e+00,-1.177845047085666508e+00,-9.752136661404064988e-01,-5.535878396010174285e+00
-5.362616409749061397e+00,-1.035690699971232309e+00,1.177413194626984350e+00,-1.177831196181291729e+00,-9.751737879288422395e-01,-5.535791474176856575e+00
-5.362933106670348060e+00,-1.035658562400535443e+00,1.177365320769302892e+00,-1.177817272133260929e+00,-9.751338387924286533e-01,-5.535704277331599421e+00
-5.363249840975931271e+00,-1.035626382374258858e+00,1.177317366843543045e+00,-1.177803272505812071e+00,-9.750938195451942514e-01,-5.535616809242714709e+00
-5.363566609764159665e+00,-1.035594158372020734e+00,1.177269330154642857e+00,-1.177789194863182232e+00,-9.750537310011675451e-01,-5.535529073678519651e+00
-5.363883410133376550e+00,-1.035561888873439695e+00,1.177221208007540598e+00,-1.177775036769608707e+00,-9.750135739743768237e-01,-5.535441074407329687e+00
-5.364200239181932339e+00,-1.035529572358133477e+00,1.177172997707175206e+00,-1.177760795789329018e+00,-9.749733492788504874e-01,-5.535352815197460252e+00
-5.364517094008172116e+00,-1.035497207305720702e+00,1.177124696558484729e+00,-1.177746469486580239e+00,-9.749330577286173805e-01,-5.535264299817224121e+00
-5.364833971710441851e+00,-1.035464792195819550e+00,1.177076301866407437e+00,-1.177732055425600333e+00,-9.748927001377055701e-01,-5.535175532034939394e+00
-5.365150869387091070e+00,-1.035432325508047979e+00,1.177027810935882046e+00,-1.177717551170626153e+00,-9.748522773201435676e-01,-5.535086515618920622e+00
-5.365467784136463081e+00,-1.035399805722024835e+00,1.176979221071846160e+00,-1.177702954285895443e+00,-9.748117900899601063e-01,-5.534997254337482353e+00
-5.365784713056908295e+00,-1.035367231317368075e+00,1.176930529579238938e+00,-1.177688262335645275e+00,-9.747712392611831422e-01,-5.534907751958941802e+00
-5.366101653246770908e+00,-1.035334600773695657e+00,1.176881733762998428e+00,-1.177673472884113615e+00,-9.747306256478415198e-01,-5.534818012251611741e+00
-5.366418601804398669e+00,-1.035301912570626204e+00,1.176832830928062679e+00,-1.177658583495536870e+00,-9.746899500639635283e-01,-5.534728038983809384e+00
-5.366735555828138438e+00,-1.035269165187778118e+00,1.176783818379370850e+00,-1.177643591734153228e+00,-9.746492133235776789e-01,-5.534637835923851057e+00
-5.367052512416337073e+00,-1.035236357104768912e+00,1.176734693421860101e+00,-1.177628495164199762e+00,-9.746084162407124829e-01,-5.534547406840047756e+00
-5.367369468667342325e+00,-1.035203486801217876e+00,1.176685453360469813e+00,-1.177613291349913771e+00,-9.745675596293962295e-01,-5.534456755500718472e+00
-5.367686421679499276e+00,-1.035170552756742524e+00,1.176636095500138035e+00,-1.177597977855532996e+00,-9.745266443036574300e-01,-5.534365885674176866e+00
-5.368003368551155674e+00,-1.035137553450961034e+00,1.176586617145802816e+00,-1.177582552245294512e+00,-9.744856710775245956e-01,-5.534274801128740151e+00
-5.368320306380658380e+00,-1.035104487363492254e+00,1.176537015602403091e+00,-1.177567012083435616e+00,-9.744446407650261266e-01,-5.534183505632721989e+00
-5.368637232266353365e+00,-1.035071352973954362e+00,1.176487288174876689e+00,-1.177551354934193828e+00,-9.744035541801906453e-01,-5.534092002954436929e+00
-5.368954143306590154e+00,-1.035038148761964649e+00,1.176437432168162101e+00,-1.177535578361806889e+00,-9.743624121370462188e-01,-5.534000296862202184e+00
-5.369271036599712943e+00,-1.035004873207142628e+00,1.176387444887197820e+00,-1.177519679930511654e+00,-9.743212154496215804e-01,-5.533908391124332304e+00
-5.369587909244068591e+00,-1.034971524789106034e+00,1.176337323636922116e+00,-1.177503657204545640e+00,-9.742799649319450195e-01,-5.533816289509141839e+00
-5.369904758338005735e+00,-1.034938101987472825e+00,1.176287065722273484e+00,-1.177487507748146367e+00,-9.742386613980452692e-01,-5.533723995784948002e+00
-5.370221580979868570e+00,-1.034904603281861846e+00,1.176236668448189970e+00,-1.177471229125551133e+00,-9.741973056619505078e-01,-5.533631513720063566e+00
-5.370538374268007509e+00,-1.034871027151891054e+00,1.176186129119609847e+00,-1.177454818900997457e+00,-9.741558985376891355e-01,-5.533538847082806633e+00
-5.370855135300766747e+00,-1.034837372077178408e+00,1.176135445041472050e+00,-1.177438274638722415e+00,-9.741144408392898857e-01,-5.533445999641489976e+00
-5.371171861176493145e+00,-1.034803636537342975e+00,1.176084613518714628e+00,-1.177421593902963526e+00,-9.740729333807810475e-01,-5.533352975164430809e+00
-5.371488548993533563e+00,-1.034769819012002046e+00,1.176033631856275852e+00,-1.177404774257958087e+00,-9.740313769761913543e-01,-5.533259777419942793e+00
-5.371805195850236636e+00,-1.034735917980774467e+00,1.175982497359094214e+00,-1.177387813267944061e+00,-9.739897724395486511e-01,-5.533166410176342254e+00
-5.372121798844949225e+00,-1.034701931923278417e+00,1.175931207332107320e+00,-1.177370708497157858e+00,-9.739481205848817824e-01,-5.533072877201944628e+00
-5.372438355076015526e+00,-1.034667859319132077e+00,1.175879759080254772e+00,-1.177353457509837664e+00,-9.739064222262192594e-01,-5.532979182265064466e+00
-5.372754861641783286e+00,-1.034633698647953626e+00,1.175828149908474396e+00,-1.177336057870220332e+00,-9.738646781775892602e-01,-5.532885329134017205e+00
-5.373071315640600254e+00,-1.034599448389361465e+00,1.175776377121704463e+00,-1.177318507142543824e+00,-9.738228892530204073e-01,-5.532791321577119170e+00
-5.373387714170813290e+00,-1.034565107022973773e+00,1.175724438024883467e+00,-1.177300802891044773e+00,-9.737810562665413228e-01,-5.532697163362684911e+00
-5.373704054330769253e+00,-1.034530673028408732e+00,1.175672329922949011e+00,-1.177282942679961142e+00,-9.737391800321800739e-01,-5.532602858259028977e+00
-5.374020333218814116e+00,-1.034496144885284963e+00,1.175620050120840698e+00,-1.177264924073530006e+00,-9.736972613639653940e-01,-5.532508410034468582e+00
-5.374336547933294739e+00,-1.034461521073220425e+00,1.175567595923496134e+00,-1.177246744635989106e+00,-9.736553010759257942e-01,-5.532413822457317387e+00
-5.374652695572559757e+00,-1.034426800071832853e+00,1.175514964635853810e+00,-1.177228401931575741e+00,-9.736132999820893419e-01,-5.532319099295890830e+00
-5.374968773234953368e+00,-1.034391980360741536e+00,1.175462153562851997e+00,-1.177209893524526763e+00,-9.735712588964848813e-01,-5.532224244318505235e+00
-5.375284778018825094e+00,-1.034357060419564212e+00,1.175409160009428966e+00,-1.177191216979080135e+00,-9.735291786331405905e-01,-5.532129261293474265e+00
-5.375600707022519131e+00,-1.034322038727919058e+00,1.175355981280523654e+00,-1.177172369859472933e+00,-9.734870600060850920e-01,-5.532034153989115133e+00
-5.375916557344384117e+00,-1.034286913765424698e+00,1.175302614681073665e+00,-1.177153349729942677e+00,-9.734449038293467860e-01,-5.531938926173742388e+00
-5.376232326082766022e+00,-1.034251684011699091e+00,1.175249057516017936e+00,-1.177134154154726664e+00,-9.734027109169540726e-01,-5.531843581615670580e+00
-5.376548010336012595e+00,-1.034216347946360193e+00,1.175195307090294294e+00,-1.177114780698062413e+00,-9.733604820829354631e-01,-5.531748124083216034e+00
-5.376863607202477802e+00,-1.034180904049023741e+00,1.175141360708836569e+00,-1.177095226924183446e+00,-9.733182181413185807e-01,-5.531652557344692411e+00
-5.377179115347666460e+00,-1.034145350247794859e+00,1.175087214753005815e+00,-1.177075489743831360e+00,-9.732759197359271974e-01,-5.531556885065543661e+00
-5.377494539377626559e+00,-1.034109682380184081e+00,1.175032862103205344e+00,-1.177055563590567955e+00,-9.732335868653995137e-01,-5.531461110521257218e+00
-5.377809885305784299e+00,-1.034073895788418795e+00,1.174978294810424817e+00,-1.177035442311088254e+00,-9.731912193755224427e-01,-5.531365236894934867e+00
-5.378125159145561440e+00,-1.034037985814726168e+00,1.174923504925654782e+00,-1.177015119752085726e+00,-9.731488171120830089e-01,-5.531269267369680165e+00
-5.378440366910385073e+00,-1.034001947801334254e+00,1.174868484499885124e+00,-1.176994589760255394e+00,-9.731063799208680143e-01,-5.531173205128598447e+00
-5.378755514613676958e+00,-1.033965777090470661e+00,1.174813225584106613e+00,-1.176973846182290728e+00,-9.730639076476645943e-01,-5.531077053354790607e+00
-5.379070608268863296e+00,-1.033929469024362557e+00,1.174757720229309133e+00,-1.176952882864886751e+00,-9.730214001382599953e-01,-5.530980815231359315e+00
-5.379385653889368513e+00,-1.033893018945237996e+00,1.174701960486483232e+00,-1.176931693654737376e+00,-9.729788572384405754e-01,-5.530884493941411684e+00
-5.379700657488614368e+00,-1.033856422195324143e+00,1.174645938406618795e+00,-1.176910272398536961e+00,-9.729362787939938029e-01,-5.530788092668048606e+00
-5.380015625080029729e+00,-1.033819674116849052e+00,1.174589646040706148e+00,-1.176888612942979417e+00,-9.728936646507064800e-01,-5.530691614594372751e+00
-5.380330562677035466e+00,-1.033782770052039668e+00,1.174533075439735841e+00,-1.176866709134759104e+00,-9.728510146543656312e-01,-5.530595062903487680e+00
-5.380645476293056895e+00,-1.033745705343124044e+00,1.174476218654697979e+00,-1.176844554820570821e+00,-9.728083286507582805e-01,-5.530498440778497837e+00
-5.380960371941519327e+00,-1.033708475332329568e+00,1.174419067736582889e+00,-1.176822143847108038e+00,-9.727656064856712304e-01,-5.530401751402504118e+00
-5.381275255635844523e+00,-1.033671075361883629e+00,1.174361614736380455e+00,-1.176799470061065556e+00,-9.727228480048917270e-01,-5.530304997958612745e+00
-5.381590133389460462e+00,-1.033633500774014280e+00,1.174303851705081669e+00,-1.176776527309137288e+00,-9.726800530542066836e-01,-5.530208183629926388e+00
-5.381905011215787127e+00,-1.033595746910948465e+00,1.174245770693676194e+00,-1.176753309438017814e+00,-9.726372214794029025e-01,-5.530111311599545942e+00
-5.382219895128253384e+00,-1.033557809114914461e+00,1.174187363753154356e+00,-1.176729810294401046e+00,-9.725943531262674080e-01,-5.530014385050576742e+00
-5.382534791140281882e+00,-1.033519682728139211e+00,1.174128622934506705e+00,-1.176706023724981565e+00,-9.725514478405873353e-01,-5.529917407166122345e+00
-5.382849705265294382e+00,-1.033481363092850325e+00,1.174069540288723124e+00,-1.176681943576453726e+00,-9.725085054681495977e-01,-5.529820381129285423e+00
-5.383164643516719750e+00,-1.033442845551275635e+00,1.174010107866794161e+00,-1.176657563695511000e+00,-9.724655258547412195e-01,-5.529723310123167757e+00
-5.383479611907977969e+00,-1.033404125445642974e+00,1.173950317719709924e+00,-1.176632877928848631e+00,-9.724225088461491140e-01,-5.529626197330875570e+00
-5.383794616452497905e+00,-1.033365198118179284e+00,1.173890161898460738e+00,-1.176607880123160310e+00,-9.723794542881600833e-01,-5.529529045935509757e+00
-5.384109663088625375e+00,-1.033326058875379205e+00,1.173829632390268385e+00,-1.176582564069459380e+00,-9.723363620379329442e-01,-5.529431859176760611e+00
-5.384424755329176193e+00,-1.033286701869252644e+00,1.173768719122111559e+00,-1.176556921759805530e+00,-9.722932323200164095e-01,-5.529334642122501364e+00
-5.384739893794900034e+00,-1.033247119875271069e+00,1.173707409564456405e+00,-1.176530943041290911e+00,-9.722500657970146731e-01,-5.529237402020426018e+00
-5.385055078937261541e+00,-1.033207305588330183e+00,1.173645691043975647e+00,-1.176504617635453442e+00,-9.722068631571730846e-01,-5.529140146245824283e+00
-5.385370311207720917e+00,-1.033167251703325462e+00,1.173583550887343119e+00,-1.176477935263829711e+00,-9.721636250887372155e-01,-5.529042882173984985e+00
-5.385685591057741917e+00,-1.033126950915153275e+00,1.173520976421233541e+00,-1.176450885647957412e+00,-9.721203522799527486e-01,-5.528945617180199612e+00
-5.386000918938789184e+00,-1.033086395918708655e+00,1.173457954972319639e+00,-1.176423458509372688e+00,-9.720770454190651444e-01,-5.528848358639756100e+00
-5.386316295302322033e+00,-1.033045579408887527e+00,1.173394473867275467e+00,-1.176395643569613458e+00,-9.720337051943198636e-01,-5.528751113927944161e+00
-5.386631720599804218e+00,-1.033004494080585589e+00,1.173330520432774637e+00,-1.176367430550216753e+00,-9.719903322939625889e-01,-5.528653890420055284e+00
-5.386947195282699496e+00,-1.032963132628698100e+00,1.173266081995490762e+00,-1.176338809172719380e+00,-9.719469274062386699e-01,-5.528556695491376516e+00
-5.387262719802469846e+00,-1.032921487748121869e+00,1.173201145882097451e+00,-1.176309769158658369e+00,-9.719034912193936782e-01,-5.528459536517200235e+00
-5.387578294610578133e+00,-1.032879552133751710e+00,1.173135699419268541e+00,-1.176280300229571418e+00,-9.718600244216734074e-01,-5.528362420872811711e+00
-5.387893920158489003e+00,-1.032837318480483546e+00,1.173069729933677641e+00,-1.176250392106995335e+00,-9.718165277013230963e-01,-5.528265355933505099e+00
-5.388209596897660880e+00,-1.032794779483213077e+00,1.173003224751998586e+00,-1.176220034512467150e+00,-9.717730017465885384e-01,-5.528168349074569221e+00
-5.388525325279561962e+00,-1.032751927836836003e+00,1.172936171200904765e+00,-1.176189217167523893e+00,-9.717294472457150833e-01,-5.528071407671291126e+00
-5.388841105755650673e+00,-1.032708756236247805e+00,1.172868556607070234e+00,-1.176157929793702817e+00,-9.716858648869483028e-01,-5.527974539098962303e+00
-5.389156938777390771e+00,-1.032665257376344403e+00,1.172800368297167939e+00,-1.176126162112540952e+00,-9.716422553585337685e-01,-5.527877750732873352e+00
-5.389472824796246009e+00,-1.032621423952021722e+00,1.172731593597872601e+00,-1.176093903845575772e+00,-9.715986193487170519e-01,-5.527781049948311320e+00
-5.389788764263677479e+00,-1.032577248658175240e+00,1.172662219835857389e+00,-1.176061144714343865e+00,-9.715549575457437248e-01,-5.527684444120567697e+00
-5.390104757631150711e+00,-1.032532724189700657e+00,1.172592234337795913e+00,-1.176027874440382703e+00,-9.715112706378590257e-01,-5.527587940624933083e+00
-5.390420805350110811e+00,-1.032487843241439718e+00,1.172521624430267639e+00,-1.175994082745143388e+00,-9.714675593133217379e-01,-5.527491546836770908e+00
-5.390736907347061013e+00,-1.032442596541272017e+00,1.172450373978869864e+00,-1.175959756199985717e+00,-9.714238247275361893e-01,-5.527395272945117455e+00
-5.391053061635156851e+00,-1.032396967647849051e+00,1.172378454234543010e+00,-1.175924869894751978e+00,-9.713800697385729377e-01,-5.527299139394324712e+00
-5.391369265791763787e+00,-1.032350938486912950e+00,1.172305833575031375e+00,-1.175889396304178769e+00,-9.713362975923118814e-01,-5.527203168964562430e+00
-5.391685517394243732e+00,-1.032304490984206735e+00,1.172232480378079922e+00,-1.175853307903004685e+00,-9.712925115346330296e-01,-5.527107384435995918e+00
-5.392001814019961259e+00,-1.032257607065472538e+00,1.172158363021432947e+00,-1.175816577165967214e+00,-9.712487148114168356e-01,-5.527011808588795816e+00
-5.392318153246278278e+00,-1.032210268656452934e+00,1.172083449882834971e+00,-1.175779176567803619e+00,-9.712049106685431976e-01,-5.526916464203131873e+00
-5.392634532650559365e+00,-1.032162457682890055e+00,1.172007709340030956e+00,-1.175741078583251387e+00,-9.711611023518922359e-01,-5.526821374059170289e+00
-5.392950949810166428e+00,-1.032114156070526922e+00,1.171931109770765422e+00,-1.175702255687049114e+00,-9.711172931073442927e-01,-5.526726560937081700e+00
-5.393267402302464042e+00,-1.032065345745105889e+00,1.171853619552783332e+00,-1.175662680353933176e+00,-9.710734861807793772e-01,-5.526632047617032306e+00
-5.393583887704815005e+00,-1.032016008632368864e+00,1.171775207063828761e+00,-1.175622325058641948e+00,-9.710296848180773877e-01,-5.526537856879192745e+00
-5.393900403594582116e+00,-1.031966126658059091e+00,1.171695840681646450e+00,-1.175581162275912916e+00,-9.709858922651189994e-01,-5.526444011503730103e+00
-5.394216947549129948e+00,-1.031915681747918478e+00,1.171615488783981585e+00,-1.175539164480484233e+00,-9.709421117677837776e-01,-5.526350534270814130e+00
-5.394533517145819523e+00,-1.031864655827689603e+00,1.171534119748578240e+00,-1.175496304147092497e+00,-9.708983465719520645e-01,-5.526257447960613689e+00
-5.394850109962016305e+00,-1.031813030823115263e+00,1.171451701953181157e+00,-1.175452553750476081e+00,-9.708545999235042023e-01,-5.526164775353294978e+00
-5.395166723575082202e+00,-1.031760788659937367e+00,1.171368203775535299e+00,-1.175407885765372473e+00,-9.708108750683198673e-01,-5.526072539229028635e+00
-5.395483355562380900e+00,-1.031707911263899158e+00,1.171283593593384742e+00,-1.175362272666518937e+00,-9.707671752522795128e-01,-5.525980762367982635e+00
-5.395800003501276976e+00,-1.031654380560742101e+00,1.171197839784474670e+00,-1.175315686928653625e+00,-9.707235037212633699e-01,-5.525889467550325840e+00
-5.396116664963493292e+00,-1.031600178449104011e+00,1.171110910681326001e+00,-1.175268101007094446e+00,-9.706798637129843144e-01,-5.525798677551167160e+00
-5.396433336561339722e+00,-1.031545282215291737e+00,1.171022766921195224e+00,-1.175219484052701269e+00,-9.706362570754372143e-01,-5.525708414284636660e+00
-5.396750012872201019e+00,-1.031489659362832434e+00,1.170933352819629736e+00,-1.175169798207555516e+00,-9.705926827090158859e-01,-5.525618697838722504e+00
-5.397066688213784325e+00,-1.031433276146880740e+00,1.170842610609379664e+00,-1.175119004719355598e+00,-9.705491391379736932e-01,-5.525529548068383257e+00
-5.397383356903796781e+00,-1.031376098822593512e+00,1.170750482523196689e+00,-1.175067064835801034e+00,-9.705056248865636670e-01,-5.525440984828577484e+00
-5.397700013259948193e+00,-1.031318093645125611e+00,1.170656910793831607e+00,-1.175013939804589569e+00,-9.704621384790392824e-01,-5.525353027974260200e+00
-5.398016651599943927e+00,-1.031259226869633228e+00,1.170561837654034543e+00,-1.174959590873420723e+00,-9.704186784396536813e-01,-5.525265697360389971e+00
-5.398333266241495565e+00,-1.031199464751271888e+00,1.170465205336557180e+00,-1.174903979289992684e+00,-9.703752432926601168e-01,-5.525179012841924475e+00
-5.398649851502308472e+00,-1.031138773545197340e+00,1.170366956074150533e+00,-1.174847066302004084e+00,-9.703318315623119528e-01,-5.525092994273820501e+00
-5.398966401700092455e+00,-1.031077119506565554e+00,1.170267032099564508e+00,-1.174788813157153777e+00,-9.702884417728623312e-01,-5.525007661511035728e+00
-5.399282911152554654e+00,-1.031014468890531832e+00,1.170165375645551009e+00,-1.174729181103140174e+00,-9.702450724485647271e-01,-5.524923034408527833e+00
-5.399599374177402211e+00,-1.030950787952252368e+00,1.170061928944860385e+00,-1.174668131387662351e+00,-9.702017221136723935e-01,-5.524839132821253607e+00
-5.399915785092344933e+00,-1.030886042946882242e+00,1.169956634230243431e+00,-1.174605625258418717e+00,-9.701583892924383612e-01,-5.524755976604170726e+00
-5.400232138215090849e+00,-1.030820200129578090e+00,1.169849433734451605e+00,-1.174541623963108350e+00,-9.701150725091161053e-01,-5.524673585612236870e+00
-5.400548427863347101e+00,-1.030753225755494773e+00,1.169740269690235257e+00,-1.174476088749429215e+00,-9.700717702879586568e-01,-5.524591979700407940e+00
-5.400864647664612050e+00,-1.030685086215727075e+00,1.169629084559629772e+00,-1.174408981073340685e+00,-9.700284812108811439e-01,-5.524511178810001866e+00
-5.401180725679418870e+00,-1.030615760814934445e+00,1.169515842585712173e+00,-1.174340282174623606e+00,-9.699852093373915185e-01,-5.524431211086082705e+00
-5.401496471293265600e+00,-1.030545252231099163e+00,1.169400547434853666e+00,-1.174270009101422652e+00,-9.699419686413439656e-01,-5.524352119522350613e+00
-5.401811681392963749e+00,-1.030473565603848618e+00,1.169283206925431307e+00,-1.174198182673168889e+00,-9.698987741407577579e-01,-5.524273948676342805e+00
-5.402126152865324826e+00,-1.030400706072810646e+00,1.169163828875822153e+00,-1.174124823709293164e+00,-9.698556408536519458e-01,-5.524196743105597385e+00
-5.402439682597160342e+00,-1.030326678777612415e+00,1.169042421104403706e+00,-1.174049953029226545e+00,-9.698125837980455799e-01,-5.524120547367652456e+00
-5.402752067475280917e+00,-1.030251488857881981e+00,1.168918991429553023e+00,-1.173973591452400100e+00,-9.697696179919580439e-01,-5.524045406020045235e+00
-5.403063104386498949e+00,-1.030175141453246734e+00,1.168793547669647381e+00,-1.173895759798244898e+00,-9.697267584534083884e-01,-5.523971363620312935e+00
-5.403372590217625948e+00,-1.030097641703334066e+00,1.168666097643063617e+00,-1.173816478886191561e+00,-9.696840202004155529e-01,-5.523898464725993662e+00
-5.403680321855471647e+00,-1.030018994747771810e+00,1.168536649168179453e+00,-1.173735769535671825e+00,-9.696414182509989210e-01,-5.523826753894624630e+00
-5.403986096186848442e+00,-1.029939205726187357e+00,1.168405210063371280e+00,-1.173653652566116312e+00,-9.695989676231777654e-01,-5.523756275683745720e+00
-5.404289710098567845e+00,-1.029858279778208097e+00,1.168271788147017265e+00,-1.173570148796955870e+00,-9.695566833349708036e-01,-5.523687074650892370e+00
-5.404590960477439587e+00,-1.029776222043462530e+00,1.168136391237494021e+00,-1.173485279047622232e+00,-9.695145804043976412e-01,-5.523619195353602684e+00
-5.404889650783142763e+00,-1.029693038626172452e+00,1.167999029157648083e+00,-1.173399067590392253e+00,-9.694726722754533066e-01,-5.523552677452263637e+00
-5.405185627163501039e+00,-1.029608741895223556e+00,1.167859724748555816e+00,-1.173311561122408753e+00,-9.694309621694737755e-01,-5.523487528802213831e+00
-5.405478752815525922e+00,-1.029523346721538779e+00,1.167718506050633209e+00,-1.173222815297062072e+00,-9.693894492249760519e-01,-5.523423744556203552e+00
-5.405768890980870545e+00,-1.029436867982593373e+00,1.167575401117911138e+00,-1.173132885791195124e+00,-9.693481325697859141e-01,-5.523361319833715477e+00
-5.406055904901185372e+00,-1.029349320555862368e+00,1.167430438004421145e+00,-1.173041828281651267e+00,-9.693070113317285852e-01,-5.523300249754234059e+00
-5.406339657818128863e+00,-1.029260719318820794e+00,1.167283644764194550e+00,-1.172949698445272970e+00,-9.692660846386299545e-01,-5.523240529437246416e+00
-5.406620012973353262e+00,-1.029171079148943901e+00,1.167135049451262230e+00,-1.172856551958903815e+00,-9.692253516183156892e-01,-5.523182154002236999e+00
-5.406896833608512587e+00,-1.029080414923707165e+00,1.166984680119655060e+00,-1.172762444499386936e+00,-9.691848113986113455e-01,-5.523125118568688485e+00
-5.407169982965259969e+00,-1.028988741520585171e+00,1.166832564823404583e+00,-1.172667431743565469e+00,-9.691444631073422578e-01,-5.523069418256088881e+00
-5.407439324285252091e+00,-1.028896073817052947e+00,1.166678731616541675e+00,-1.172571569368282551e+00,-9.691043058723342041e-01,-5.523015048183920861e+00
-5.407704720810140309e+00,-1.028802426690586191e+00,1.166523208553097657e+00,-1.172474913050381540e+00,-9.690643388214129628e-01,-5.522962003471671544e+00
-5.407966052362085385e+00,-1.028707811567937336e+00,1.166366018288323980e+00,-1.172377517025198879e+00,-9.690245579925732544e-01,-5.522910272819079758e+00
-5.408223297999388279e+00,-1.028612219222909241e+00,1.166207151165179479e+00,-1.172279426900498578e+00,-9.689849409308336492e-01,-5.522859806503003455e+00
-5.408476473537132456e+00,-1.028515632779510858e+00,1.166046585558243365e+00,-1.172180685088416441e+00,-9.689454583314680569e-01,-5.522810540568579896e+00
-5.408725594850211316e+00,-1.028418035349304205e+00,1.165884299822621095e+00,-1.172081333995888430e+00,-9.689060808786047474e-01,-5.522762411037786201e+00
-5.408970677813516481e+00,-1.028319410043850191e+00,1.165720272313417682e+00,-1.171981416029850287e+00,-9.688667792563717684e-01,-5.522715353932601268e+00
-5.409211738301940464e+00,-1.028219739974711278e+00,1.165554481385737917e+00,-1.171880973597237530e+00,-9.688275241488972789e-01,-5.522669305275003993e+00
-5.409448792190377553e+00,-1.028119008253448374e+00,1.165386905394687034e+00,-1.171780049104986565e+00,-9.687882862403091044e-01,-5.522624201086970608e+00
-5.409681855353718483e+00,-1.028017197991624165e+00,1.165217522695369823e+00,-1.171678684960032912e+00,-9.687490362147357370e-01,-5.522579977390480011e+00
-5.409910943666856653e+00,-1.027914292300799115e+00,1.165046311642891519e+00,-1.171576923569312756e+00,-9.687097447563050023e-01,-5.522536570207510209e+00
-5.410136073004683688e+00,-1.027810274292535908e+00,1.164873250592357135e+00,-1.171474807339761393e+00,-9.686703825491450592e-01,-5.522493915560040101e+00
-5.410357258449985274e+00,-1.027705125592442759e+00,1.164698315706372833e+00,-1.171372380206070485e+00,-9.686309188544641735e-01,-5.522451946929312960e+00
-5.410574508436459595e+00,-1.027598815352797956e+00,1.164521464743355939e+00,-1.171269698927158931e+00,-9.685913109892466677e-01,-5.522410576469220622e+00
-5.410787828075456218e+00,-1.027491306493327317e+00,1.164342646265698722e+00,-1.171166826669830296e+00,-9.685515103023039085e-01,-5.522369705677015794e+00
-5.410997222453748812e+00,-1.027382561887653534e+00,1.164161808767766759e+00,-1.171063826648289119e+00,-9.685114680983001323e-01,-5.522329235971122685e+00
-5.411202696658106603e+00,-1.027272544409399302e+00,1.163978900743927625e+00,-1.170960762076739492e+00,-9.684711356818987982e-01,-5.522289068769963727e+00
-5.411404255775305039e+00,-1.027161216932187093e+00,1.163793870688548227e+00,-1.170857696169385731e+00,-9.684304643577642535e-01,-5.522249105491963128e+00
-5.411601904892117787e+00,-1.027048542329639824e+00,1.163606667095994807e+00,-1.170754692140431485e+00,-9.683894054305601795e-01,-5.522209247555544209e+00
-5.411795649095314964e+00,-1.026934483475380189e+00,1.163417238460634939e+00,-1.170651813204081071e+00,-9.683479102049507015e-01,-5.522169396379130291e+00
-5.411985493471671127e+00,-1.026819003243030215e+00,1.163225533276835089e+00,-1.170549122574539025e+00,-9.683059299855996116e-01,-5.522129453381144693e+00
-5.412171443395792814e+00,-1.026702065573977585e+00,1.163031501858352579e+00,-1.170446684570435547e+00,-9.682634161898903136e-01,-5.522089319536203078e+00
-5.412353515027255035e+00,-1.026583674418000802e+00,1.162835162690265545e+00,-1.170344604892511464e+00,-9.682203244587310742e-01,-5.522048879189798143e+00
-5.412531738306006979e+00,-1.026463884845180363e+00,1.162636621362835854e+00,-1.170243042117061538e+00,-9.681766158295942448e-01,-5.522007995439727424e+00
-5.412706144070218883e+00,-1.026342755257674266e+00,1.162435989143940196e+00,-1.170142158266867849e+00,-9.681322516917060250e-01,-5.521966529998841189e+00
-5.412876763158064541e+00,-1.026220344057641842e+00,1.162233377301454373e+00,-1.170042115364712920e+00,-9.680871934342929475e-01,-5.521924344579989707e+00
-5.413043626407709752e+00,-1.026096709647240646e+00,1.162028897103254854e+00,-1.169943075433379720e+00,-9.680414024465814338e-01,-5.521881300896026801e+00
-5.413206764657329195e+00,-1.025971910428629563e+00,1.161822659817217662e+00,-1.169845200495650106e+00,-9.679948401177977946e-01,-5.521837260659799185e+00
-5.413366208745093111e+00,-1.025846004803967260e+00,1.161614776711218155e+00,-1.169748652574306824e+00,-9.679474678371683405e-01,-5.521792085584161569e+00
-5.413521989509171739e+00,-1.025719051175412178e+00,1.161405359053133024e+00,-1.169653593692131954e+00,-9.678992469939194931e-01,-5.521745637381961558e+00
-5.413674137787734431e+00,-1.025591107945122538e+00,1.161194518110838292e+00,-1.169560185871908464e+00,-9.678501389772777852e-01,-5.521697777766050308e+00
-5.413822684418954090e+00,-1.025462233515257227e+00,1.160982365152209983e+00,-1.169468591136418434e+00,-9.678001051764694163e-01,-5.521648368449280753e+00
-5.413967660240999180e+00,-1.025332486287974465e+00,1.160769011445124121e+00,-1.169378971508444165e+00,-9.677491069807209190e-01,-5.521597271144501384e+00
-5.414109096092043494e+00,-1.025201924665433140e+00,1.160554568257456953e+00,-1.169291489010768625e+00,-9.676971057792584929e-01,-5.521544347564563360e+00
-5.414247022810255494e+00,-1.025070607049791471e+00,1.160339146857084280e+00,-1.169206305666174117e+00,-9.676440629613086708e-01,-5.521489459422317836e+00
-5.414381471233806309e+00,-1.024938591843207902e+00,1.160122858511882793e+00,-1.169123583497442498e+00,-9.675899399160978742e-01,-5.521432468430615970e+00
-5.414512472200867954e+00,-1.024805937447841098e+00,1.159905814489727849e+00,-1.169043484527356958e+00,-9.675346980328524138e-01,-5.521373236302308030e+00
-5.414640056549609781e+00,-1.024672702265849722e+00,1.159688126058495694e+00,-1.168966170778699576e+00,-9.674782987007984891e-01,-5.521311624750243396e+00
-5.414764256480766313e+00,-1.024538944737031443e+00,1.159469904474879298e+00,-1.168891803545180741e+00,-9.674207034908877123e-01,-5.521247495881111966e+00
-5.414885166103371894e+00,-1.024404725011349049e+00,1.159251260487464297e+00,-1.168820510995000062e+00,-9.673618822307764598e-01,-5.521180729695613465e+00
-5.415002965538443291e+00,-1.024270105614772941e+00,1.159032304138899017e+00,-1.168752375273595101e+00,-9.673018162195329284e-01,-5.521111231055403579e+00
-5.415117841254302178e+00,-1.024135149248611709e+00,1.158813145419737012e+00,-1.168687475130128828e+00,-9.672404876027641540e-01,-5.521038906656775325e+00
-5.415229979719268449e+00,-1.023999918614175053e+00,1.158593894320531836e+00,-1.168625889313762656e+00,-9.671778785260775058e-01,-5.520963663196011062e+00
-5.415339567401662890e+00,-1.023864476412772007e+00,1.158374660831837488e+00,-1.168567696573659775e+00,-9.671139711350802415e-01,-5.520885407369401143e+00
-5.415446790769805396e+00,-1.023728885345711825e+00,1.158155554944206633e+00,-1.168512975658982045e+00,-9.670487475753798412e-01,-5.520804045873231480e+00
-5.415551836292016752e+00,-1.023593208114303321e+00,1.157936686648193714e+00,-1.168461805318892210e+00,-9.669821899925835629e-01,-5.520719485403788873e+00
-5.415654890436617741e+00,-1.023457507419855750e+00,1.157718165934352061e+00,-1.168414264302551908e+00,-9.669142805322983314e-01,-5.520631632657361898e+00
-5.415756139671927372e+00,-1.023321845963678811e+00,1.157500102793235008e+00,-1.168370431359124550e+00,-9.668450013401318488e-01,-5.520540394330237355e+00
-5.415855770466269092e+00,-1.023186286447081095e+00,1.157282607215396109e+00,-1.168330385237771329e+00,-9.667743345616912620e-01,-5.520445677118702044e+00
-5.415953969287960135e+00,-1.023050891571371857e+00,1.157065789191389360e+00,-1.168294204687655657e+00,-9.667022623425838290e-01,-5.520347387719044541e+00
-5.416050922605322171e+00,-1.022915724037860352e+00,1.156849758711767873e+00,-1.168261968457938726e+00,-9.666287668284169188e-01,-5.520245432827550758e+00
-5.416146816886676874e+00,-1.022780846547855838e+00,1.156634625767085423e+00,-1.168233755297784171e+00,-9.665538301647977892e-01,-5.520139719140507495e+00
-5.416241838600342362e+00,-1.022646321802667346e+00,1.156420500347896008e+00,-1.168209643956353183e+00,-9.664774344973336984e-01,-5.520030153354204216e+00
-5.416336174214641197e+00,-1.022512212503604356e+00,1.156207492444752294e+00,-1.168189713182808953e+00,-9.663995619716320151e-01,-5.519916642164927723e+00
-5.416430010197893274e+00,-1.022378581351975457e+00,1.155995712048208279e+00,-1.168174041726313561e+00,-9.663201947332996644e-01,-5.519799092268963925e+00
-5.416523530169241596e+00,-1.022245488929741430e+00,1.155785265455748334e+00,-1.168162705117890665e+00,-9.662393154674239204e-01,-5.519677412963091001e+00
-5.416616855582319090e+00,-1.022112949577293595e+00,1.155576178386650721e+00,-1.168155708672764526e+00,-9.661569186298617495e-01,-5.519551570283593556e+00
-5.416710047539428530e+00,-1.021980932742929671e+00,1.155368398333513458e+00,-1.168152989539478437e+00,-9.660730101037338091e-01,-5.519421585350418269e+00
-5.416803164656636582e+00,-1.021849406025568063e+00,1.155161869566300847e+00,-1.168154482058373578e+00,-9.659875962429187446e-01,-5.519287481552748176e+00
-5.416896265550007250e+00,-1.021718337024126289e+00,1.154956536354976526e+00,-1.168160120569790683e+00,-9.659006834012962006e-01,-5.519149282279764535e+00
-5.416989408835606312e+00,-1.021587693337522529e+00,1.154752342969503909e+00,-1.168169839414071154e+00,-9.658122779327444896e-01,-5.519007010920648604e+00
-5.417082653129499548e+00,-1.021457442564674523e+00,1.154549233679846632e+00,-1.168183572931555725e+00,-9.657223861911433671e-01,-5.518860690864580754e+00
-5.417176057047752735e+00,-1.021327552304501118e+00,1.154347152755968553e+00,-1.168201255462585353e+00,-9.656310145303712567e-01,-5.518710345500743131e+00
-5.417269679206428989e+00,-1.021197990155919388e+00,1.154146044467833754e+00,-1.168222821347500995e+00,-9.655381693043078029e-01,-5.518555998218317882e+00
-5.417363578221594089e+00,-1.021068723717847737e+00,1.153945853085405204e+00,-1.168248204926644052e+00,-9.654438568668315401e-01,-5.518397672406485377e+00
-5.417457812709313814e+00,-1.020939720589204347e+00,1.153746522878647429e+00,-1.168277340540355702e+00,-9.653480835718218911e-01,-5.518235391454427763e+00
-5.417552441285652165e+00,-1.020810948368906956e+00,1.153547998117523177e+00,-1.168310162528976459e+00,-9.652508557731577232e-01,-5.518069178751327186e+00
-5.417647522566676699e+00,-1.020682374655873526e+00,1.153350223071996750e+00,-1.168346605232847502e+00,-9.651521798247181261e-01,-5.517899057686363129e+00
-5.417743115168449641e+00,-1.020553967049022237e+00,1.153153142012032228e+00,-1.168386602992310008e+00,-9.650520620803821892e-01,-5.517725051648718626e+00
-5.417839277707037660e+00,-1.020425693147271273e+00,1.152956699207592139e+00,-1.168430090147704936e+00,-9.649505088940288910e-01,-5.517547184027574048e+00
-5.417936068798505644e+00,-1.020297520549538151e+00,1.152760838928641451e+00,-1.168477001039373242e+00,-9.648475266195373212e-01,-5.517365478212111540e+00
-5.418033547058917598e+00,-1.020169416854741273e+00,1.152565505445142913e+00,-1.168527270007656105e+00,-9.647431216107865692e-01,-5.517179957591513251e+00
-5.418131771104341077e+00,-1.020041349661798380e+00,1.152370643027060604e+00,-1.168580831392894259e+00,-9.646373002216555026e-01,-5.516990645554957773e+00
-5.418230799535495912e+00,-1.019913286566120236e+00,1.152176195939206282e+00,-1.168637619536088579e+00,-9.645300688060547412e-01,-5.516797565492197464e+00
-5.418330670977763219e+00,-1.019785190596545155e+00,1.151982101738732389e+00,-1.168697569636398148e+00,-9.644214337584066099e-01,-5.516600741531034302e+00
-5.418431364823997676e+00,-1.019657011240740152e+00,1.151788278092694018e+00,-1.168760619437668069e+00,-9.643114015932667815e-01,-5.516400199987819164e+00
-5.418532849539257512e+00,-1.019528695488162606e+00,1.151594638998624243e+00,-1.168826707153213018e+00,-9.641999788473530897e-01,-5.516195967582667059e+00
-5.418635093588598295e+00,-1.019400190328270117e+00,1.151401098454055694e+00,-1.168895770996345895e+00,-9.640871720573839232e-01,-5.515988071035694773e+00
-5.418738065437075591e+00,-1.019271442750520729e+00,1.151207570456521445e+00,-1.168967749180380933e+00,-9.639729877600772268e-01,-5.515776537067013763e+00
-5.418841733549745854e+00,-1.019142399744370930e+00,1.151013969003554793e+00,-1.169042579918631697e+00,-9.638574324921515002e-01,-5.515561392396740814e+00
-5.418946066391666427e+00,-1.019013008299279210e+00,1.150820208092688368e+00,-1.169120201424411754e+00,-9.637405127903245772e-01,-5.515342663744991825e+00
-5.419051032427893766e+00,-1.018883215404702725e+00,1.150626201721455244e+00,-1.169200551911035779e+00,-9.636222351913148465e-01,-5.515120377831880027e+00
-5.419156600123482548e+00,-1.018752968050098628e+00,1.150431863887388495e+00,-1.169283569591816674e+00,-9.635026062318404749e-01,-5.514894561377520432e+00
-5.419262737943489228e+00,-1.018622213224925410e+00,1.150237108588020751e+00,-1.169369192680068448e+00,-9.633816324486196292e-01,-5.514665241102028936e+00
-5.419369414352972036e+00,-1.018490897918639559e+00,1.150041849820885309e+00,-1.169457359389105111e+00,-9.632593203783703650e-01,-5.514432443725519661e+00
-5.419476597816985652e+00,-1.018358969120699786e+00,1.149846001583515243e+00,-1.169548007932240230e+00,-9.631356765578111823e-01,-5.514196195968106728e+00
-5.419584256800586530e+00,-1.018226373820562580e+00,1.149649477873443182e+00,-1.169641076522787815e+00,-9.630107075236599146e-01,-5.513956524549906035e+00
-5.419692359768831125e+00,-1.018093059007685763e+00,1.149452192688202201e+00,-1.169736503374061432e+00,-9.628844198126348397e-01,-5.513713456191033480e+00
-5.419800875186775890e+00,-1.017958971671527157e+00,1.149254060025325597e+00,-1.169834226699374868e+00,-9.627568199614543465e-01,-5.513467017611602294e+00
-5.419909771519476394e+00,-1.017824058801544140e+00,1.149054993882345777e+00,-1.169934184712041914e+00,-9.626279145068363796e-01,-5.513217235531728377e+00
-5.420019017231989977e+00,-1.017688267387193868e+00,1.148854908256796259e+00,-1.170036315625376799e+00,-9.624977099854992169e-01,-5.512964136671524962e+00
-5.420128580789372208e+00,-1.017551544417934828e+00,1.148653717146209674e+00,-1.170140557652692426e+00,-9.623662129341610250e-01,-5.512707747751110610e+00
-5.420238430656679540e+00,-1.017413836883223732e+00,1.148451334548118874e+00,-1.170246849007303469e+00,-9.622334298895400817e-01,-5.512448095490595001e+00
-5.420348534362246617e+00,-1.017275094295130966e+00,1.148247678292970475e+00,-1.170355126921130751e+00,-9.620993693042263484e-01,-5.512185209986371959e+00
-5.420458848634893911e+00,-1.017135295249087301e+00,1.148042710401111721e+00,-1.170465317311557785e+00,-9.619640617190208243e-01,-5.511919160260124073e+00
-5.420569323278445317e+00,-1.016994436989703710e+00,1.147836421228864978e+00,-1.170577338840725901e+00,-9.618275518383903044e-01,-5.511650040293675445e+00
-5.420679907983199541e+00,-1.016852517067316386e+00,1.147628801597079251e+00,-1.170691110051837125e+00,-9.616898845989936273e-01,-5.511377944478031310e+00
-5.420790552439457954e+00,-1.016709533032260193e+00,1.147419842326602879e+00,-1.170806549488093706e+00,-9.615511049374895203e-01,-5.511102967204202230e+00
-5.420901206337519262e+00,-1.016565482434871992e+00,1.147209534238284201e+00,-1.170923575692697671e+00,-9.614112577905367107e-01,-5.510825202863194328e+00
-5.421011819367683060e+00,-1.016420362825487089e+00,1.146997868152972000e+00,-1.171042107208851268e+00,-9.612703880947941482e-01,-5.510544745846015502e+00
-5.421122341220248941e+00,-1.016274171754441902e+00,1.146784834891515059e+00,-1.171162062579756746e+00,-9.611285407869205599e-01,-5.510261690543675428e+00
-5.421232721585516501e+00,-1.016126906772072180e+00,1.146570425274761496e+00,-1.171283360348616354e+00,-9.609857608035747845e-01,-5.509976131347177564e+00
-5.421342910153784445e+00,-1.015978565428713454e+00,1.146354630123560314e+00,-1.171405919058631895e+00,-9.608420930814156602e-01,-5.509688162647533360e+00
-5.421452856615355032e+00,-1.015829145274702583e+00,1.146137440258759410e+00,-1.171529657253005619e+00,-9.606975825571018035e-01,-5.509397878835749829e+00
-5.421562510660524303e+00,-1.015678643860374430e+00,1.145918846501208010e+00,-1.171654493474939773e+00,-9.605522741672923859e-01,-5.509105374302834868e+00
-5.421671821979594519e+00,-1.015527058736065635e+00,1.145698839671754454e+00,-1.171780346267636830e+00,-9.604062128486459127e-01,-5.508810743439793711e+00
-5.421780740262865272e+00,-1.015374387452111948e+00,1.145477410591247081e+00,-1.171907134174298593e+00,-9.602594435378213333e-01,-5.508514080637638699e+00
-5.421889215200634382e+00,-1.015220627558849120e+00,1.145254550080534894e+00,-1.172034775738127310e+00,-9.601120111714774863e-01,-5.508215480287373289e+00
-5.421997196483202330e+00,-1.015065776606613568e+00,1.145030248960466013e+00,-1.172163189502325231e+00,-9.599639606862730989e-01,-5.507915036780006268e+00
-5.422104633800870488e+00,-1.014909832145740376e+00,1.144804498051889441e+00,-1.172292294010094604e+00,-9.598153370188670097e-01,-5.507612844506547312e+00
-5.422211476843935785e+00,-1.014752791726566183e+00,1.144577288175653074e+00,-1.172422007804637234e+00,-9.596661851059179460e-01,-5.507308997858001653e+00
-5.422317675302698703e+00,-1.014594652899426741e+00,1.144348610152606138e+00,-1.172552249429155591e+00,-9.595165498840848572e-01,-5.507003591225378969e+00
-5.422423179061668819e+00,-1.014435412928758273e+00,1.144118454371496174e+00,-1.172682937609052622e+00,-9.593664760192205376e-01,-5.506696718524795031e+00
-5.422527943119117566e+00,-1.014275061550907298e+00,1.143886799843333080e+00,-1.172813995867306058e+00,-9.592160010465218267e-01,-5.506388461167875725e+00
-5.422631927974625121e+00,-1.014113580403621206e+00,1.143653613339134179e+00,-1.172945352888047799e+00,-9.590651548301381002e-01,-5.506078887114110643e+00
-5.422735094399618205e+00,-1.013950950724454181e+00,1.143418861025076616e+00,-1.173076937610449066e+00,-9.589139668551537321e-01,-5.505768063658260658e+00
-5.422837403165520875e+00,-1.013787153750959957e+00,1.143182509067338870e+00,-1.173208678973680641e+00,-9.587624666066533186e-01,-5.505456058095077765e+00
-5.422938815043762517e+00,-1.013622170720693161e+00,1.142944523632098974e+00,-1.173340505916913967e+00,-9.586106835697213446e-01,-5.505142937719318397e+00
-5.423039290805767187e+00,-1.013455982871207972e+00,1.142704870885533852e+00,-1.173472347379319158e+00,-9.584586472294420734e-01,-5.504828769825737211e+00
-5.423138791222963384e+00,-1.013288571440058572e+00,1.142463516993821981e+00,-1.173604132300068326e+00,-9.583063870709001009e-01,-5.504513621709091531e+00
-5.423237277066776052e+00,-1.013119917664799363e+00,1.142220428123141174e+00,-1.173735789618331360e+00,-9.581539325791799122e-01,-5.504197560664136013e+00
-5.423334709108631912e+00,-1.012950002782984527e+00,1.141975570439669463e+00,-1.173867248273280151e+00,-9.580013132393659925e-01,-5.503880653985625315e+00
-5.423431048119957687e+00,-1.012778808032168243e+00,1.141728910109583994e+00,-1.173998437204085032e+00,-9.578485585365427157e-01,-5.503562968968314983e+00
-5.423526254872180985e+00,-1.012606314649904915e+00,1.141480413299063024e+00,-1.174129285349917007e+00,-9.576956979557943450e-01,-5.503244572906962340e+00
-5.423620290136726751e+00,-1.012432503873748946e+00,1.141230046174284585e+00,-1.174259721649947297e+00,-9.575427609822059205e-01,-5.502925533096320265e+00
-5.423713114685019931e+00,-1.012257356941253850e+00,1.140977774901426267e+00,-1.174389675043346903e+00,-9.573897771008612612e-01,-5.502605916831146082e+00
-5.423804689288490799e+00,-1.012080855089974696e+00,1.140723565646665660e+00,-1.174519074469286606e+00,-9.572367757968450741e-01,-5.502285791406194448e+00
-5.423894974718563411e+00,-1.011902979557465221e+00,1.140467384576181242e+00,-1.174647848866937183e+00,-9.570837865552419554e-01,-5.501965224116220909e+00
-5.423983931746664489e+00,-1.011723711581280272e+00,1.140209197856150602e+00,-1.174775927175469858e+00,-9.569308388611362792e-01,-5.501644282255981011e+00
-5.424071521144220753e+00,-1.011543032398973363e+00,1.139948971652751331e+00,-1.174903238334055855e+00,-9.567779621996124195e-01,-5.501323033120231187e+00
-5.424157703682658926e+00,-1.011360923248099342e+00,1.139686672132161460e+00,-1.175029711281865730e+00,-9.566251860557548614e-01,-5.501001544003725208e+00
-5.424242440108085539e+00,-1.011177365440342646e+00,1.139422265565469772e+00,-1.175155274902176306e+00,-9.564725399782728621e-01,-5.500679882335414383e+00
-5.424325687931377260e+00,-1.010992349760346798e+00,1.139155731630091983e+00,-1.175279850935685211e+00,-9.563200616463009007e-01,-5.500358132692656277e+00
-5.424407398285485016e+00,-1.010805885667670267e+00,1.138887076432567147e+00,-1.175403347042266677e+00,-9.561678047672301783e-01,-5.500036413459040041e+00
-5.424487521557201042e+00,-1.010617984806673864e+00,1.138616309171412544e+00,-1.175525669234460890e+00,-9.560158249236182515e-01,-5.499714846973188465e+00
-5.424566008133315798e+00,-1.010428658821719061e+00,1.138343439045145677e+00,-1.175646723524808257e+00,-9.558641776980230098e-01,-5.499393555573729664e+00
-5.424642808400625071e+00,-1.010237919357166447e+00,1.138068475252284273e+00,-1.175766415925848962e+00,-9.557129186730020098e-01,-5.499072661599286427e+00
-5.424717872745917546e+00,-1.010045778057377497e+00,1.137791426991344945e+00,-1.175884652450122969e+00,-9.555621034311129192e-01,-5.498752287388485094e+00
-5.424791151555986346e+00,-1.009852246566712797e+00,1.137512303460845864e+00,-1.176001339110170685e+00,-9.554117875549136274e-01,-5.498432555279948453e+00
-5.424862595217624595e+00,-1.009657336529533378e+00,1.137231113859304088e+00,-1.176116381918532294e+00,-9.552620266269616911e-01,-5.498113587612302844e+00
-5.424932154117622751e+00,-1.009461059590200716e+00,1.136947867385237121e+00,-1.176229686887747983e+00,-9.551128762298147779e-01,-5.497795506724174608e+00
-5.424999778642772164e+00,-1.009263427393075840e+00,1.136662573237162022e+00,-1.176341160030357935e+00,-9.549643919460307773e-01,-5.497478434954184756e+00
-5.425065419179866844e+00,-1.009064451582519339e+00,1.136375240613596294e+00,-1.176450707358902337e+00,-9.548166293581673569e-01,-5.497162494640961405e+00
-5.425129026115697251e+00,-1.008864143802892688e+00,1.136085878713057218e+00,-1.176558234885922039e+00,-9.546696440487821844e-01,-5.496847808123128232e+00
-5.425190549837056508e+00,-1.008662515698556916e+00,1.135794496734062742e+00,-1.176663648623956338e+00,-9.545234916004328163e-01,-5.496534497739310687e+00
-5.425249940730736853e+00,-1.008459578913872390e+00,1.135501103875129703e+00,-1.176766854585545863e+00,-9.543782275956771421e-01,-5.496222685828132448e+00
-5.425307149183527855e+00,-1.008255345093201250e+00,1.135205709334775603e+00,-1.176867758783231022e+00,-9.542339076170728296e-01,-5.495912494728218967e+00
-5.425362125582224415e+00,-1.008049825880903638e+00,1.134908322311517725e+00,-1.176966267229551555e+00,-9.540905872471776572e-01,-5.495604046778196583e+00
-5.425414820313616993e+00,-1.007843032921341253e+00,1.134608952003873794e+00,-1.177062285937048092e+00,-9.539483220685490705e-01,-5.495297464316687197e+00
-5.425465183764497823e+00,-1.007634977858874459e+00,1.134307607610360646e+00,-1.177155720918261039e+00,-9.538071676637450702e-01,-5.494992869682318926e+00
-5.425513166321660030e+00,-1.007425672337864953e+00,1.134004298329496230e+00,-1.177246478185729917e+00,-9.536671796153231018e-01,-5.494690385213714556e+00
-5.425558723730422805e+00,-1.007215132516904310e+00,1.133699040721807716e+00,-1.177334472228780626e+00,-9.535284104546952744e-01,-5.494390127315673666e+00
-5.425601859845659014e+00,-1.007003415083902231e+00,1.133391917444856123e+00,-1.177419693642357990e+00,-9.533908853197108346e-01,-5.494092159118380003e+00
-5.425642603930977970e+00,-1.006790598132066172e+00,1.133083046064920829e+00,-1.177502173216095738e+00,-9.532546148804863506e-01,-5.493796515615372300e+00
-5.425680985479772289e+00,-1.006576759948174749e+00,1.132772544463968689e+00,-1.177581942103117285e+00,-9.531196096763037140e-01,-5.493503231545745713e+00
-5.425717033985427484e+00,-1.006361978819007463e+00,1.132460530523966558e+00,-1.177659031456545824e+00,-9.529858802464454826e-01,-5.493212341648593622e+00
-5.425750778941336172e+00,-1.006146333031343820e+00,1.132147122126881067e+00,-1.177733472429504324e+00,-9.528534371301933259e-01,-5.492923880663012959e+00
-5.425782249840886529e+00,-1.005929900871962879e+00,1.131832437154679072e+00,-1.177805296175115979e+00,-9.527222908668294687e-01,-5.492637883328094439e+00
-5.425811476177467618e+00,-1.005712760627644142e+00,1.131516593489326761e+00,-1.177874533846503313e+00,-9.525924519956362468e-01,-5.492354384382934995e+00
-5.425838487444470282e+00,-1.005494990585166448e+00,1.131199709012791654e+00,-1.177941216596790408e+00,-9.524639310558952188e-01,-5.492073418566627119e+00
-5.425863313135282695e+00,-1.005276669031309744e+00,1.130881901607039941e+00,-1.178005375579099789e+00,-9.523367385868886092e-01,-5.491795020618266854e+00
-5.425885982743294811e+00,-1.005057874252852645e+00,1.130563289154038031e+00,-1.178067041946554427e+00,-9.522108851278986430e-01,-5.491519225276947580e+00
-5.425906525761896582e+00,-1.004838684536575100e+00,1.130243989535753224e+00,-1.178126246852277736e+00,-9.520863812182073227e-01,-5.491246067281763565e+00
-5.425924971684476183e+00,-1.004619178169255944e+00,1.129924120634151929e+00,-1.178183021449392465e+00,-9.519632373970966510e-01,-5.490975581371811742e+00
-5.425941350004424457e+00,-1.004399433437674238e+00,1.129603800331201002e+00,-1.178237396891022026e+00,-9.518414642038486306e-01,-5.490707802286182826e+00
-5.425955690215129579e+00,-1.004179528628610152e+00,1.129283146508867075e+00,-1.178289404330289614e+00,-9.517210721777454863e-01,-5.490442764763971972e+00
-5.425968021809982389e+00,-1.003959542028842078e+00,1.128962277049116780e+00,-1.178339074920317753e+00,-9.516020718580692206e-01,-5.490180503544275226e+00
-5.425978374282371064e+00,-1.003739551925149964e+00,1.128641309833916750e+00,-1.178386439814230302e+00,-9.514844737841018363e-01,-5.489921053366185966e+00
-5.425986777125686444e+00,-1.003519636604312426e+00,1.128320362745233840e+00,-1.178431530165149566e+00,-9.513682884951256691e-01,-5.489664448968797572e+00
-5.425993259833315818e+00,-1.003299874353109633e+00,1.127999553665034682e+00,-1.178474377126199402e+00,-9.512535265304224996e-01,-5.489410725091206089e+00
-5.425997851898649138e+00,-1.003080343458319978e+00,1.127679000475285909e+00,-1.178515011850502114e+00,-9.511401984292742195e-01,-5.489159916472504896e+00
-5.426000582815079021e+00,-1.002861122206723188e+00,1.127358821057954597e+00,-1.178553465491181340e+00,-9.510283147309633867e-01,-5.488912057851789150e+00
-5.426001482747166982e+00,-1.002642277661685233e+00,1.127039117130107515e+00,-1.178589773092868054e+00,-9.509178793681281050e-01,-5.488667169040941651e+00
-5.426000585723270042e+00,-1.002423812276255433e+00,1.126719897351630140e+00,-1.178623992102607154e+00,-9.508088582406520883e-01,-5.488425183919718009e+00
-5.425997927151557931e+00,-1.002205705430184723e+00,1.126401137150310205e+00,-1.178656187967677127e+00,-9.507012036663600174e-01,-5.488186005680247170e+00
-5.425993542441920781e+00,-1.001987936474477259e+00,1.126082811912534121e+00,-1.178686426145324262e+00,-9.505948679461548867e-01,-5.487949537476416673e+00
-5.425987467004247833e+00,-1.001770484760136970e+00,1.125764897024686739e+00,-1.178714772092793739e+00,-9.504898033809395796e-01,-5.487715682462116717e+00
-5.425979736248430108e+00,-1.001553329638168011e+00,1.125447367873152693e+00,-1.178741291267331404e+00,-9.503859622716168687e-01,-5.487484343791241947e+00
-5.425970385584355959e+00,-1.001336450459573868e+00,1.125130199844318613e+00,-1.178766049126183546e+00,-9.502832969190900814e-01,-5.487255424617680788e+00
-5.425959450421915520e+00,-1.001119826575358918e+00,1.124813368324568463e+00,-1.178789111126595790e+00,-9.501817596242616570e-01,-5.487028828095324329e+00
-5.425946966170999808e+00,-1.000903437336527313e+00,1.124496848700288210e+00,-1.178810542725813759e+00,-9.500813026880349232e-01,-5.486804457378063660e+00
-5.425932968241498067e+00,-1.000687262094082763e+00,1.124180616357862927e+00,-1.178830409381083077e+00,-9.499818784113126524e-01,-5.486582215619789871e+00
-5.425917492043299539e+00,-1.000471280199028978e+00,1.123864646683678359e+00,-1.178848776549650035e+00,-9.498834390949977280e-01,-5.486362005974394052e+00
-5.425900572986293469e+00,-1.000255471002370555e+00,1.123548915064118914e+00,-1.178865709688760477e+00,-9.497859370399930334e-01,-5.486143731595767292e+00
-5.425882246480371762e+00,-1.000039813855111204e+00,1.123233396885570334e+00,-1.178881274255659806e+00,-9.496893245472016742e-01,-5.485927295637799794e+00
-5.425862547935422775e+00,-9.998242881082547440e-01,1.122918067534417919e+00,-1.178895535707594089e+00,-9.495935539175264228e-01,-5.485712601254381759e+00
-5.425841512761335750e+00,-9.996088731128055516e-01,1.122602902397046742e+00,-1.178908559501809172e+00,-9.494985774518701627e-01,-5.485499551599407830e+00
-5.425819176368001706e+00,-9.993935482197671138e-01,1.122287876859842548e+00,-1.178920411095551124e+00,-9.494043474511358882e-01,-5.485288049826764656e+00
-5.425795574165310775e+00,-9.991782927801439174e-01,1.121972966309189967e+00,-1.178931155946065124e+00,-9.493108162162267050e-01,-5.485077999090345990e+00
-5.425770741563151311e+00,-9.989630861449394494e-01,1.121658146131474743e+00,-1.178940859510597239e+00,-9.492179360480451633e-01,-5.484869302544042924e+00
-5.425744713971414335e+00,-9.987479076651580856e-01,1.121343391713082172e+00,-1.178949587246393316e+00,-9.491256592474945908e-01,-5.484661863341742993e+00
-5.425717526799989976e+00,-9.985327366918036462e-01,1.121028678440396886e+00,-1.178957404610699644e+00,-9.490339381154775378e-01,-5.484455584637339953e+00
-5.425689215458766590e+00,-9.983175525758801738e-01,1.120713981699804851e+00,-1.178964377060761404e+00,-9.489427249528971098e-01,-5.484250369584725782e+00
-5.425659815357634308e+00,-9.981023346683915998e-01,1.120399276877691142e+00,-1.178970570053824440e+00,-9.488519720606563013e-01,-5.484046121337788016e+00
-5.425629361906484149e+00,-9.978870623203419665e-01,1.120084539360440834e+00,-1.178976049047134822e+00,-9.487616317396579957e-01,-5.483842743050420410e+00
-5.425597890515200028e+00,-9.976717148827383141e-01,1.119769744534443445e+00,-1.178980879497932621e+00,-9.486716562908096284e-01,-5.483640137876522935e+00
-5.425565431940185590e+00,-9.974562753355038502e-01,1.119454872669698897e+00,-1.178985119693648942e+00,-9.485820037438366104e-01,-5.483438220944469421e+00
-5.425531998844993709e+00,-9.972407407678632874e-01,1.119139923023785066e+00,-1.178988800045355667e+00,-9.484926544022231898e-01,-5.483236953939630176e+00
-5.425497599496615919e+00,-9.970251116976034389e-01,1.118824899468263467e+00,-1.178991944190164398e+00,-9.484035939819799310e-01,-5.483036309860732871e+00
-5.425462242162040205e+00,-9.968093886425110073e-01,1.118509805874696061e+00,-1.178994575765185848e+00,-9.483148081991183975e-01,-5.482836261706504288e+00
-5.425425935108262543e+00,-9.965935721203729170e-01,1.118194646114645252e+00,-1.178996718407532063e+00,-9.482262827696494867e-01,-5.482636782475672099e+00
-5.425388686602269139e+00,-9.963776626489760924e-01,1.117879424059672777e+00,-1.178998395754314421e+00,-9.481380034095842069e-01,-5.482437845166963086e+00
-5.425350504911051530e+00,-9.961616607461073469e-01,1.117564143581340597e+00,-1.178999631442644525e+00,-9.480499558349338995e-01,-5.482239422779106697e+00
-5.425311398301602139e+00,-9.959455669295533831e-01,1.117248808551210448e+00,-1.179000449109633530e+00,-9.479621257617093510e-01,-5.482041488310827049e+00
-5.425271375040910726e+00,-9.957293817171011252e-01,1.116933422840844958e+00,-1.179000872392393040e+00,-9.478744989059215698e-01,-5.481844014760853590e+00
-5.425230443395966162e+00,-9.955131056265377198e-01,1.116617990321805198e+00,-1.179000924928034655e+00,-9.477870609835820082e-01,-5.481646975127913102e+00
-5.425188611633762648e+00,-9.952967391756496474e-01,1.116302514865654238e+00,-1.179000630353669754e+00,-9.476997977107013416e-01,-5.481450342410733256e+00
-5.425145888021289053e+00,-9.950802828822239432e-01,1.115987000343952928e+00,-1.179000012306410161e+00,-9.476126948032910224e-01,-5.481254089608042612e+00
-5.425102280825535139e+00,-9.948637372640473098e-01,1.115671450628264116e+00,-1.178999094423366589e+00,-9.475257379773619482e-01,-5.481058189718566176e+00
-5.425057798313492441e+00,-9.946471028389067826e-01,1.115355869590149318e+00,-1.178997900341650862e+00,-9.474389129489251271e-01,-5.480862615741031618e+00
-5.425012448752152494e+00,-9.944303801245890639e-01,1.115040261101170493e+00,-1.178996453698374358e+00,-9.473522054339916787e-01,-5.480667340674168386e+00
-5.424966240408504170e+00,-9.942135696388809674e-01,1.114724629032889602e+00,-1.178994778130648902e+00,-9.472656011485728333e-01,-5.480472337516700598e+00
-5.424919181549539005e+00,-9.939966718995695283e-01,1.114408977256869049e+00,-1.178992897275585650e+00,-9.471790858086793774e-01,-5.480277579267358590e+00
-5.424871280442248533e+00,-9.937796874244415601e-01,1.114093309644670349e+00,-1.178990834770296203e+00,-9.470926451303225413e-01,-5.480083038924870031e+00
-5.424822545353623404e+00,-9.935626167312837653e-01,1.113777630067855684e+00,-1.178988614251891942e+00,-9.470062648295135554e-01,-5.479888689487959041e+00
-5.424772984550652488e+00,-9.933454603378830683e-01,1.113461942397986792e+00,-1.178986259357484467e+00,-9.469199306222633172e-01,-5.479694503955354179e+00
-5.424722606300328209e+00,-9.931282187620263935e-01,1.113146250506625856e+00,-1.178983793724185158e+00,-9.468336282245829461e-01,-5.479500455325784891e+00
-5.424671418869640327e+00,-9.929108925215004433e-01,1.112830558265335057e+00,-1.178981240989105395e+00,-9.467473433524834503e-01,-5.479306516597977073e+00
-5.424619430525581265e+00,-9.926934821340923643e-01,1.112514869545675911e+00,-1.178978624789356777e+00,-9.466610617219760604e-01,-5.479112660770657506e+00
-5.424566649535138119e+00,-9.924759881175885257e-01,1.112199188219210599e+00,-1.178975968762050464e+00,-9.465747690490716737e-01,-5.478918860842554750e+00
-5.424513084165305088e+00,-9.922584109897762961e-01,1.111883518157501083e+00,-1.178973296544298277e+00,-9.464884510497815207e-01,-5.478725089812395588e+00
-5.424458742664438837e+00,-9.920407512555716734e-01,1.111567863214707685e+00,-1.178970631771054656e+00,-9.464020934382484374e-01,-5.478531320670826155e+00
-5.424403632203689263e+00,-9.918230086758619279e-01,1.111252226238992558e+00,-1.178967997952580005e+00,-9.463156818206182042e-01,-5.478337525941363140e+00
-5.424347758307598966e+00,-9.916051818742127599e-01,1.110936608540754378e+00,-1.178965418408526755e+00,-9.462292016379524329e-01,-5.478143677433470415e+00
-5.424291126361724835e+00,-9.913872693781942136e-01,1.110621011300595873e+00,-1.178962916442459541e+00,-9.461426383173791033e-01,-5.477949746896338290e+00
-5.424233741751623761e+00,-9.911692697153758891e-01,1.110305435699119991e+00,-1.178960515357943883e+00,-9.460559772860254180e-01,-5.477755706079159737e+00
-5.424175609862857073e+00,-9.909511814133277197e-01,1.109989882916929238e+00,-1.178958238458543306e+00,-9.459692039710194678e-01,-5.477561526731126840e+00
-5.424116736080978107e+00,-9.907330029996194165e-01,1.109674354134627006e+00,-1.178956109047823553e+00,-9.458823037994885663e-01,-5.477367180601431684e+00
-5.424057125791546419e+00,-9.905147330018210239e-01,1.109358850532815577e+00,-1.178954150429348147e+00,-9.457952621985608044e-01,-5.477172639439268131e+00
-5.423996784380118896e+00,-9.902963699475022530e-01,1.109043373292097678e+00,-1.178952385906682387e+00,-9.457080645953637177e-01,-5.476977874993826489e+00
-5.423935717232254206e+00,-9.900779123642325930e-01,1.108727923593076481e+00,-1.178950838783391131e+00,-9.456206964170248419e-01,-5.476782859014297955e+00
-5.423873929733509236e+00,-9.898593587795823101e-01,1.108412502616354711e+00,-1.178949532363038344e+00,-9.455331430906720458e-01,-5.476587563249878166e+00
-5.423811427269443541e+00,-9.896407077211210046e-01,1.108097111542534430e+00,-1.178948489949189549e+00,-9.454453900434328650e-01,-5.476391959449757429e+00
-5.423748215225612235e+00,-9.894219577164183876e-01,1.107781751552219474e+00,-1.178947734845408490e+00,-9.453574227024351684e-01,-5.476196019363127832e+00
-5.423684298987574870e+00,-9.892031072930442814e-01,1.107466423826012125e+00,-1.178947290355260247e+00,-9.452692264948063805e-01,-5.475999714739181456e+00
-5.423619683940887448e+00,-9.889841549785688413e-01,1.107151129544515111e+00,-1.178947179782309895e+00,-9.451807868476743701e-01,-5.475803017327111277e+00
-5.423554375471107747e+00,-9.887650993005613342e-01,1.106835869888331381e+00,-1.178947426430121403e+00,-9.450920891881665620e-01,-5.475605898876109379e+00
-5.423488378963796208e+00,-9.885459387865920267e-01,1.106520646038063438e+00,-1.178948053602259627e+00,-9.450031189434110468e-01,-5.475408331135367845e+00
-5.423421699804507945e+00,-9.883266719642306297e-01,1.106205459174314454e+00,-1.178949084602289199e+00,-9.449138615405353603e-01,-5.475210285854077874e+00
-5.423354343378800735e+00,-9.881072973610467436e-01,1.105890310477686933e+00,-1.178950542733774753e+00,-9.448243024066670381e-01,-5.475011734781434214e+00
-5.423286315072232355e+00,-9.878878135046104125e-01,1.105575201128784046e+00,-1.178952451300281590e+00,-9.447344269689339491e-01,-5.474812649666627173e+00
-5.423217620270361472e+00,-9.876682189224912367e-01,1.105260132308208298e+00,-1.178954833605373231e+00,-9.446442206544635178e-01,-5.474613002258848837e+00
-5.423148264358744974e+00,-9.874485121422591494e-01,1.104945105196562416e+00,-1.178957712952615200e+00,-9.445536688903836131e-01,-5.474412764307292179e+00
-5.423078252722941528e+00,-9.872286916914840837e-01,1.104630120974449348e+00,-1.178961112645571463e+00,-9.444627571038221037e-01,-5.474211907561150170e+00
-5.423007590748506246e+00,-9.870087560977357510e-01,1.104315180822471598e+00,-1.178965055987807320e+00,-9.443714707219063031e-01,-5.474010403769613120e+00
-5.422936283820999570e+00,-9.867887038885836404e-01,1.104000285921232560e+00,-1.178969566282887182e+00,-9.442797951717640803e-01,-5.473808224681875778e+00
-5.422864337325977502e+00,-9.865685335915981291e-01,1.103685437451334517e+00,-1.178974666834375462e+00,-9.441877158805229708e-01,-5.473605342047127564e+00
-5.422791756639019134e+00,-9.863482437195969510e-01,1.103370636578099750e+00,-1.178980380968790875e+00,-9.440952182545649940e-01,-5.473401727576468367e+00
-5.422718544565056753e+00,-9.861278289854346069e-01,1.103055880530683819e+00,-1.178986737925427075e+00,-9.440022823561455834e-01,-5.473197343168265228e+00
-5.422644697932144986e+00,-9.859072752668674999e-01,1.102741157386464499e+00,-1.178993780691066195e+00,-9.439088758221737541e-01,-5.472992127905812687e+00
-5.422570212720836835e+00,-9.856865671888647151e-01,1.102426453925129612e+00,-1.179001554201835278e+00,-9.438149645276863176e-01,-5.472786017637302436e+00
-5.422495084911688856e+00,-9.854656893763963366e-01,1.102111756926366315e+00,-1.179010103393862696e+00,-9.437205143477200853e-01,-5.472578948210933270e+00
-5.422419310485254940e+00,-9.852446264544317822e-01,1.101797053169861318e+00,-1.179019473203276602e+00,-9.436254911573120907e-01,-5.472370855474896878e+00
-5.422342885422089864e+00,-9.850233630479409142e-01,1.101482329435302665e+00,-1.179029708566204260e+00,-9.435298608314990343e-01,-5.472161675277390280e+00
-5.422265805702748409e+00,-9.848018837818930393e-01,1.101167572502377734e+00,-1.179040854418773820e+00,-9.434335892453181716e-01,-5.471951343466606055e+00
-5.422188067307784465e+00,-9.845801732812581308e-01,1.100852769150773458e+00,-1.179052955697112992e+00,-9.433366422738059809e-01,-5.471739795890741220e+00
-5.422109666217752810e+00,-9.843582161710056067e-01,1.100537906160177881e+00,-1.179066057337349926e+00,-9.432389857919996068e-01,-5.471526968397988355e+00
-5.422030598413208224e+00,-9.841359970761052178e-01,1.100222970310277493e+00,-1.179080204275612553e+00,-9.431405856749357497e-01,-5.471312796836543590e+00
-5.421950859874705486e+00,-9.839135006215263823e-01,1.099907948380760780e+00,-1.179095441448028359e+00,-9.430414077976516651e-01,-5.471097217054602169e+00
-5.421870446582798486e+00,-9.836907114322390733e-01,1.099592827151314012e+00,-1.179111813790725716e+00,-9.429414180351840535e-01,-5.470880164900358444e+00
-5.421789354518041115e+00,-9.834676141332124866e-01,1.099277593401625230e+00,-1.179129366239831889e+00,-9.428405822625698374e-01,-5.470661576222007660e+00
-5.421707579660990817e+00,-9.832441933494167063e-01,1.098962233911381370e+00,-1.179148143731475029e+00,-9.427388663548457171e-01,-5.470441386867743283e+00
-5.421625117992199705e+00,-9.830204337058210395e-01,1.098646735460270474e+00,-1.179168191201783289e+00,-9.426362361870488371e-01,-5.470219532685760555e+00
-5.421541965492223447e+00,-9.827963198273954593e-01,1.098331084827979032e+00,-1.179189553586884154e+00,-9.425326576342160090e-01,-5.469995949524255607e+00
-5.421458118141615934e+00,-9.825718363391091614e-01,1.098015268794195087e+00,-1.179212275822905776e+00,-9.424280965713842662e-01,-5.469770573231422794e+00
-5.421373571920932832e+00,-9.823469678659321191e-01,1.097699274138605574e+00,-1.179236402845976084e+00,-9.423225188735903091e-01,-5.469543339655456471e+00
-5.421288322810726257e+00,-9.821216990328337504e-01,1.097383087640898092e+00,-1.179261979592222342e+00,-9.422158904158711712e-01,-5.469314184644550103e+00
-5.421202366791553651e+00,-9.818960144647838062e-01,1.097066696080760240e+00,-1.179289050997773147e+00,-9.421081770732637750e-01,-5.469083044046900710e+00
-5.421115699843968905e+00,-9.816698987867520376e-01,1.096750086237879174e+00,-1.179317661998756206e+00,-9.419993447208048210e-01,-5.468849853710702646e+00
-5.421028317948525910e+00,-9.814433366237078626e-01,1.096433244891941827e+00,-1.179347857531299226e+00,-9.418893592335314535e-01,-5.468614549484149379e+00
-5.420940217085777668e+00,-9.812163126006209213e-01,1.096116158822636244e+00,-1.179379682531530138e+00,-9.417781864864803731e-01,-5.468377067215437926e+00
-5.420851393236282512e+00,-9.809888113424610756e-01,1.095798814809649357e+00,-1.179413181935576649e+00,-9.416657923546887243e-01,-5.468137342752760865e+00
-5.420761842380592554e+00,-9.807608174741976326e-01,1.095481199632668767e+00,-1.179448400679566911e+00,-9.415521427131932075e-01,-5.467895311944313441e+00
-5.420671561585552745e+00,-9.805323218156482001e-01,1.095163308215467701e+00,-1.179485380776311487e+00,-9.414372081874915477e-01,-5.467650919372103679e+00
-5.420580554470230794e+00,-9.803033525523545677e-01,1.094845184604847033e+00,-1.179524146605924306e+00,-9.413209880566379972e-01,-5.467404162298234560e+00
-5.420488827098245643e+00,-9.800739518105504589e-01,1.094526891174804062e+00,-1.179564715969977806e+00,-9.412034922899749079e-01,-5.467155057639106808e+00
-5.420396385537400441e+00,-9.798441617403110815e-01,1.094208490330679906e+00,-1.179607106658793425e+00,-9.410847308751277840e-01,-5.466903622344738700e+00
-5.420303235855496560e+00,-9.796140244917118656e-01,1.093890044477814572e+00,-1.179651336462692379e+00,-9.409647137997221300e-01,-5.466649873365138745e+00
-5.420209384120333596e+00,-9.793835822148276860e-01,1.093571616021550286e+00,-1.179697423171996107e+00,-9.408434510513832283e-01,-5.466393827650326109e+00
-5.420114836399712921e+00,-9.791528770597339726e-01,1.093253267367226833e+00,-1.179745384577026712e+00,-9.407209526177365833e-01,-5.466135502150311076e+00
-5.420019598761437685e+00,-9.789219511765059334e-01,1.092935060920185553e+00,-1.179795238468104968e+00,-9.405972284864076993e-01,-5.465874913815110148e+00
-5.419923677273307483e+00,-9.786908467152187763e-01,1.092617059085766895e+00,-1.179847002635552977e+00,-9.404722886450216368e-01,-5.465612079594737160e+00
-5.419827078003124576e+00,-9.784596058259478202e-01,1.092299324269311755e+00,-1.179900694869691735e+00,-9.403461430812042332e-01,-5.465347016439205952e+00
-5.419729807018688561e+00,-9.782282706587681620e-01,1.091981918876161695e+00,-1.179956332960843124e+00,-9.402188017825806599e-01,-5.465079741298531246e+00
-5.419631870387801698e+00,-9.779968833637553427e-01,1.091664905311656719e+00,-1.180013934699328138e+00,-9.400902747367761991e-01,-5.464810271122725993e+00
-5.419533274178266247e+00,-9.777654860909841261e-01,1.091348345981138168e+00,-1.180073517875468436e+00,-9.399605719314166885e-01,-5.464538622861805806e+00
-5.419434024457880916e+00,-9.775341209905302753e-01,1.091032303289946270e+00,-1.180135100279585680e+00,-9.398297033541271883e-01,-5.464264813465785409e+00
-5.419334127294449743e+00,-9.773028302124686650e-01,1.090716839643422809e+00,-1.180198699702001308e+00,-9.396976789925330920e-01,-5.463988859884676863e+00
-5.419233588755772324e+00,-9.770716559068746143e-01,1.090402017446908012e+00,-1.180264333933036758e+00,-9.395645088342600149e-01,-5.463710779068495782e+00
-5.419132414909650031e+00,-9.768406402238234421e-01,1.090087899105742775e+00,-1.180332020763013468e+00,-9.394302028669333504e-01,-5.463430587967256891e+00
-5.419030611823884236e+00,-9.766098253133901341e-01,1.089774547025268436e+00,-1.180401777982253098e+00,-9.392947710781783810e-01,-5.463148303530973138e+00
-5.418928185566277200e+00,-9.763792533256502315e-01,1.089462023610825003e+00,-1.180473623381076642e+00,-9.391582234556206110e-01,-5.462863942709661025e+00
-5.418825142204628520e+00,-9.761489664106788311e-01,1.089150391267753815e+00,-1.180547574749806428e+00,-9.390205699868855449e-01,-5.462577522453330836e+00
-5.418721487806739567e+00,-9.759190067185512518e-01,1.088839712401395987e+00,-1.180623649878763004e+00,-9.388818206595981319e-01,-5.462289059711999073e+00
-5.418617228440413491e+00,-9.756894163993425906e-01,1.088530049417091972e+00,-1.180701866558268476e+00,-9.387419854613843206e-01,-5.461998571435681349e+00
-5.418512370173448112e+00,-9.754602376031281663e-01,1.088221464720182663e+00,-1.180782242578644059e+00,-9.386010743798695044e-01,-5.461706074574388836e+00
-5.418406919270346123e+00,-9.752315125979352795e-01,1.087914020415462257e+00,-1.180864793664007761e+00,-9.384590987696099784e-01,-5.461411588460864053e+00
-5.418300885244806686e+00,-9.750032856002157633e-01,1.087607773643060272e+00,-1.180949501407319024e+00,-9.383160925651979900e-01,-5.461115171787546352e+00
-5.418194280278154196e+00,-9.747756024260944008e-01,1.087302777467073822e+00,-1.181036319379563215e+00,-9.381721082396274891e-01,-5.460816915561534479e+00
-5.418087116630675659e+00,-9.745485089390466538e-01,1.086999084830949647e+00,-1.181125200322277635e+00,-9.380271988146288153e-01,-5.460516911746436719e+00
-5.417979406562656308e+00,-9.743220510025475400e-01,1.086696748678134927e+00,-1.181216096976998475e+00,-9.378814173119323083e-01,-5.460215252305862244e+00
-5.417871162334381374e+00,-9.740962744800721884e-01,1.086395821952076401e+00,-1.181308962085261482e+00,-9.377348167532678636e-01,-5.459912029203422890e+00
-5.417762396206138753e+00,-9.738712252350958387e-01,1.086096357596220585e+00,-1.181403748388603958e+00,-9.375874501603658207e-01,-5.459607334402723389e+00
-5.417653120438213676e+00,-9.736469491310937308e-01,1.085798408554014438e+00,-1.181500408628561871e+00,-9.374393705549565192e-01,-5.459301259867376466e+00
-5.417543347290891376e+00,-9.734234920315411044e-01,1.085502027768905142e+00,-1.181598895546671857e+00,-9.372906309587702989e-01,-5.458993897560989517e+00
-5.417433089024458859e+00,-9.732008997999131994e-01,1.085207268184339213e+00,-1.181699161884470106e+00,-9.371412843935370551e-01,-5.458685339447173490e+00
-5.417322357899202245e+00,-9.729792182996850336e-01,1.084914182743763167e+00,-1.181801160383493032e+00,-9.369913838809870166e-01,-5.458375677489536670e+00
-5.417211166175405879e+00,-9.727584933943317358e-01,1.084622824390624629e+00,-1.181904843785277714e+00,-9.368409824428508559e-01,-5.458065003651688230e+00
-5.417099526113357655e+00,-9.725387709473288789e-01,1.084333246068369894e+00,-1.182010164831359900e+00,-9.366901331008582465e-01,-5.457753409897236452e+00
-5.416987449973343693e+00,-9.723200968221513696e-01,1.084045500720445698e+00,-1.182117076263276223e+00,-9.365388888767397502e-01,-5.457440988189791398e+00
-5.416874950015648338e+00,-9.721025168822743368e-01,1.083759641290299225e+00,-1.182225530822563320e+00,-9.363873027922254844e-01,-5.457127830492962239e+00
-5.416762038500558596e+00,-9.718860769911733533e-01,1.083475720721376989e+00,-1.182335481250757159e+00,-9.362354278690456777e-01,-5.456814028770359926e+00
-5.416648727688360587e+00,-9.716708230123233259e-01,1.083193791957125951e+00,-1.182446880289394597e+00,-9.360833171289305588e-01,-5.456499674985591852e+00
-5.416535029839341320e+00,-9.714568008091994944e-01,1.082913907940993292e+00,-1.182559680680012271e+00,-9.359310235936103561e-01,-5.456184861102267192e+00
-5.416420957213784249e+00,-9.712440562452768766e-01,1.082636121616425307e+00,-1.182673835164145704e+00,-9.357786002848152984e-01,-5.455869679083996004e+00
-5.416306522071977270e+00,-9.710326351840311565e-01,1.082360485926868732e+00,-1.182789296483332198e+00,-9.356261002242755032e-01,-5.455554220894387463e+00
-5.416191736674205615e+00,-9.708225834889370187e-01,1.082087053815770972e+00,-1.182906017379108166e+00,-9.354735764337214210e-01,-5.455238578497048962e+00
-5.416076613280756291e+00,-9.706139470234699251e-01,1.081815878226578542e+00,-1.183023950593009577e+00,-9.353210819348831695e-01,-5.454922843855593229e+00
-5.415961164145499218e+00,-9.704067716364580543e-01,1.081547012083853954e+00,-1.183143048875173520e+00,-9.351686697381015323e-01,-5.454607108911150526e+00
-5.415845395267187001e+00,-9.702010888944614386e-01,1.081280489898385211e+00,-1.183263273362110679e+00,-9.350163817480676709e-01,-5.454291443688790153e+00
-5.415729294697372964e+00,-9.699968893853400109e-01,1.081016293348132207e+00,-1.183384609252524422e+00,-9.348642280051285836e-01,-5.453975855331976597e+00
-5.415612847288864273e+00,-9.697941563932744868e-01,1.080754394694603215e+00,-1.183507046033749344e+00,-9.347122128704140609e-01,-5.453660339776717159e+00
-5.415496037894463655e+00,-9.695928732024451380e-01,1.080494766199304291e+00,-1.183630573193120261e+00,-9.345603407050533384e-01,-5.453344892959016477e+00
-5.415378851366980939e+00,-9.693930230970324580e-01,1.080237380123743485e+00,-1.183755180217972214e+00,-9.344086158701760958e-01,-5.453029510814886294e+00
-5.415261272559217964e+00,-9.691945893612167184e-01,1.079982208729427073e+00,-1.183880856595640019e+00,-9.342570427269116795e-01,-5.452714189280328583e+00
-5.415143286323981897e+00,-9.689975552791786351e-01,1.079729224277862887e+00,-1.184007591813457827e+00,-9.341056256363897692e-01,-5.452398924291352422e+00
-5.415024877514078128e+00,-9.688019041350981464e-01,1.079478399030557645e+00,-1.184135375358761566e+00,-9.339543689597394893e-01,-5.452083711783965114e+00
-5.414906030982312046e+00,-9.686076192131560791e-01,1.079229705249018290e+00,-1.184264196718885609e+00,-9.338032770580907416e-01,-5.451768547694172184e+00
-5.414786731581489931e+00,-9.684146837975327049e-01,1.078983115194752651e+00,-1.184394045381164551e+00,-9.336523542925727615e-01,-5.451453427957980935e+00
-5.414666964164416285e+00,-9.682230811724084063e-01,1.078738601129267005e+00,-1.184524910832933653e+00,-9.335016050243152286e-01,-5.451138348511399556e+00
-5.414546713583896498e+00,-9.680327946219635660e-01,1.078496135314068960e+00,-1.184656782561527288e+00,-9.333510336144473785e-01,-5.450823305290431797e+00
-5.414425964692737736e+00,-9.678438074303788996e-01,1.078255690010665679e+00,-1.184789650054280497e+00,-9.332006444240988907e-01,-5.450508294231087625e+00
-5.414304702343744502e+00,-9.676561028818343457e-01,1.078017237480564106e+00,-1.184923502798528094e+00,-9.330504418143991119e-01,-5.450193311269373453e+00
-5.414182911389722186e+00,-9.674696642605106200e-01,1.077780749985270958e+00,-1.185058330281605121e+00,-9.329004301464777216e-01,-5.449878352341293919e+00
-5.414060576683476178e+00,-9.672844748505879942e-01,1.077546199786294068e+00,-1.185194121990846172e+00,-9.327506137814640663e-01,-5.449563413382858101e+00
-5.413937683077812757e+00,-9.671005179362471837e-01,1.077313559145140376e+00,-1.185330867413586065e+00,-9.326009970804876037e-01,-5.449248490330071526e+00
-5.413814215425537313e+00,-9.669177768016683494e-01,1.077082800323316603e+00,-1.185468556037159615e+00,-9.324515844046779023e-01,-5.448933579118942383e+00
-5.413690158579456124e+00,-9.667362347310316517e-01,1.076853895582330134e+00,-1.185607177348901642e+00,-9.323023801151644196e-01,-5.448618675685476198e+00
-5.413565497392372805e+00,-9.665558750085180284e-01,1.076626817183688356e+00,-1.185746720836147627e+00,-9.321533885730767244e-01,-5.448303775965680273e+00
-5.413440216717095410e+00,-9.663766809183075290e-01,1.076401537388897989e+00,-1.185887175986231501e+00,-9.320046141395441630e-01,-5.447988875895561911e+00
-5.413314301406426665e+00,-9.661986357445808693e-01,1.076178028459465974e+00,-1.186028532286488524e+00,-9.318560611756963041e-01,-5.447673971411127525e+00
-5.413187736313174625e+00,-9.660217227715182098e-01,1.075956262656900142e+00,-1.186170779224253513e+00,-9.317077340426626053e-01,-5.447359058448384417e+00
-5.413060506113001935e+00,-9.658459269063618402e-01,1.075736214699608340e+00,-1.186313907064018069e+00,-9.315596374213720443e-01,-5.447044133494988394e+00
-5.412932594597854141e+00,-9.656712411534164042e-01,1.075517871562886807e+00,-1.186457909947321365e+00,-9.314117775881555206e-01,-5.446729195790656952e+00
-5.412803985284647013e+00,-9.654976610369480072e-01,1.075301224036610659e+00,-1.186602783222314716e+00,-9.312641613158634257e-01,-5.446414245431593137e+00
-5.412674661690210165e+00,-9.653251820820299978e-01,1.075086262911875812e+00,-1.186748522237534909e+00,-9.311167953775058015e-01,-5.446099282514275330e+00
-5.412544607331370550e+00,-9.651537998137353913e-01,1.074872978979779070e+00,-1.186895122341519837e+00,-9.309696865460920234e-01,-5.445784307135188129e+00
-5.412413805724955118e+00,-9.649835097571374254e-01,1.074661363031416128e+00,-1.187042578882806509e+00,-9.308228415946318002e-01,-5.445469319390805474e+00
-5.412282240387790822e+00,-9.648143074373091155e-01,1.074451405857883568e+00,-1.187190887209932155e+00,-9.306762672961348404e-01,-5.445154319377612850e+00
-5.412149894836709052e+00,-9.646461883793235881e-01,1.074243098250278194e+00,-1.187340042671434448e+00,-9.305299704236106306e-01,-5.444839307192086864e+00
-5.412016752588534096e+00,-9.644791481082539697e-01,1.074036430999695702e+00,-1.187490040615850395e+00,-9.303839577500688796e-01,-5.444524282930708559e+00
-5.411882797160095571e+00,-9.643131821491734978e-01,1.073831394897232672e+00,-1.187640876391717670e+00,-9.302382360485191848e-01,-5.444209246689956316e+00
-5.411748012068221314e+00,-9.641482860271550770e-01,1.073627980733985465e+00,-1.187792545347573281e+00,-9.300928120919713660e-01,-5.443894198566312070e+00
-5.411612380829738278e+00,-9.639844552672720557e-01,1.073426179301050443e+00,-1.187945042831954678e+00,-9.299476926534349097e-01,-5.443579138656254202e+00
-5.411475886961475190e+00,-9.638216853945973384e-01,1.073225981389523520e+00,-1.188098364193399314e+00,-9.298028845059195246e-01,-5.443264067056264643e+00
-5.411338513980259002e+00,-9.636599719342041626e-01,1.073027377790501502e+00,-1.188252504780444418e+00,-9.296583944224348084e-01,-5.442948983862820889e+00
-5.411200245402919329e+00,-9.634993104111656548e-01,1.072830359295080527e+00,-1.188407459941627220e+00,-9.295142291759902475e-01,-5.442633889172403983e+00
-5.411061064746281346e+00,-9.633396963505549415e-01,1.072634916694356955e+00,-1.188563225025485393e+00,-9.293703955395958838e-01,-5.442318783081493194e+00
-5.410920955527174669e+00,-9.631811252774452603e-01,1.072441040779426924e+00,-1.188719795380555722e+00,-9.292269002862609817e-01,-5.442003665686569569e+00
-5.410779901262426250e+00,-9.630235927169095156e-01,1.072248722341387017e+00,-1.188877166355375881e+00,-9.290837501889952499e-01,-5.441688537084112376e+00
-5.410637885468864816e+00,-9.628670941940209449e-01,1.072057952171333817e+00,-1.189035333298483321e+00,-9.289409520208083970e-01,-5.441373397370601772e+00
-5.410494891663317318e+00,-9.627116252338525637e-01,1.071868721060362573e+00,-1.189194291558415273e+00,-9.287985125547102427e-01,-5.441058246642517915e+00
-5.410350903362611596e+00,-9.625571813614777206e-01,1.071681019799570977e+00,-1.189354036483708743e+00,-9.286564385637100516e-01,-5.440743084996338297e+00
-5.410205904083577266e+00,-9.624037581019692089e-01,1.071494839180054282e+00,-1.189514563422901627e+00,-9.285147368208177543e-01,-5.440427912528545740e+00
-5.410059877343040391e+00,-9.622513509804005993e-01,1.071310169992909511e+00,-1.189675867724530933e+00,-9.283734140990429484e-01,-5.440112729335619512e+00
-5.409912806220228632e+00,-9.620999557258246293e-01,1.071127003311159509e+00,-1.189837944893399113e+00,-9.282324773674096585e-01,-5.439797535515402238e+00
-5.409764664085730423e+00,-9.619495725928107754e-01,1.070945336462684416e+00,-1.190000793901217824e+00,-9.280919379437370109e-01,-5.439482331195999443e+00
-5.409615414795337252e+00,-9.618002062710876432e-01,1.070765172905335350e+00,-1.190164417117387519e+00,-9.279518114078093571e-01,-5.439167116535172930e+00
-5.409465021806017404e+00,-9.616518616362896843e-01,1.070586516353909667e+00,-1.190328817053727617e+00,-9.278121135180577017e-01,-5.438851891691924401e+00
-5.409313448574736505e+00,-9.615045435640513505e-01,1.070409370523204506e+00,-1.190493996222057316e+00,-9.276728600329131602e-01,-5.438536656825260884e+00
-5.409160658558461954e+00,-9.613582569300072045e-01,1.070233739128017891e+00,-1.190659957134195812e+00,-9.275340667108067372e-01,-5.438221412094184082e+00
-5.409006615214159375e+00,-9.612130066097916981e-01,1.070059625883146515e+00,-1.190826702301962525e+00,-9.273957493101694372e-01,-5.437906157657699246e+00
-5.408851281998796168e+00,-9.610687974790395049e-01,1.069887034503388623e+00,-1.190994234237176652e+00,-9.272579235894325977e-01,-5.437590893674810744e+00
-5.408694622369338845e+00,-9.609256344133850769e-01,1.069715968703540909e+00,-1.191162555451658056e+00,-9.271206053070267794e-01,-5.437275620304521162e+00
-5.408536599782753029e+00,-9.607835222884628656e-01,1.069546432198401176e+00,-1.191331668457225046e+00,-9.269838102213834308e-01,-5.436960337705835755e+00
-5.408377177696006122e+00,-9.606424659799076560e-01,1.069378428702767225e+00,-1.191501575765697485e+00,-9.268475540909332233e-01,-5.436645046037758888e+00
-5.408216319566065522e+00,-9.605024703633535665e-01,1.069211961931435972e+00,-1.191672279888895014e+00,-9.267118526741073836e-01,-5.436329745459294926e+00
-5.408053988849897742e+00,-9.603635403144354932e-01,1.069047035599204998e+00,-1.191843783338636165e+00,-9.265767217293370273e-01,-5.436014436129445571e+00
-5.407890149004467517e+00,-9.602256807087877766e-01,1.068883653420871882e+00,-1.192016088626740800e+00,-9.264421770150530477e-01,-5.435699118207217850e+00
-5.407724763486743136e+00,-9.600888964220449795e-01,1.068721819111234206e+00,-1.192189198265028338e+00,-9.263082342896866717e-01,-5.435383791851615243e+00
-5.407557795753691110e+00,-9.599531923298416647e-01,1.068561536385088884e+00,-1.192363114765317533e+00,-9.261749093116686815e-01,-5.435068457221639449e+00
-5.407389209262277063e+00,-9.598185733078121729e-01,1.068402808957233940e+00,-1.192537840639428026e+00,-9.260422178394301929e-01,-5.434753114476298386e+00
-5.407218967469468396e+00,-9.596850442315913998e-01,1.068245640542466512e+00,-1.192713378399179236e+00,-9.259101756314024323e-01,-5.434437763774592867e+00
-5.407047033832230731e+00,-9.595526099768134642e-01,1.068090034855584403e+00,-1.192889730556390360e+00,-9.257787984460162933e-01,-5.434122405275529033e+00
-5.406873371807533246e+00,-9.594212754191131509e-01,1.067935995611384525e+00,-1.193066899622880372e+00,-9.256481020417027805e-01,-5.433807039138111250e+00
-5.406697944852339788e+00,-9.592910454341250226e-01,1.067783526524664461e+00,-1.193244888110468915e+00,-9.255181021768927874e-01,-5.433491665521341218e+00
-5.406520716423616868e+00,-9.591619248974834200e-01,1.067632631310222235e+00,-1.193423698530975408e+00,-9.253888146100176515e-01,-5.433176284584223303e+00
-5.406341649978332775e+00,-9.590339186848230169e-01,1.067483313682854540e+00,-1.193603333396219046e+00,-9.252602550995082664e-01,-5.432860896485765423e+00
-5.406160711531182272e+00,-9.589070310621100601e-01,1.067335576354824456e+00,-1.193783793990212283e+00,-9.251324381016770015e-01,-5.432545501861078208e+00
-5.405977885001265193e+00,-9.587812620275607545e-01,1.067189415020527887e+00,-1.193965073002177579e+00,-9.250053689578492389e-01,-5.432230104678102300e+00
-5.405793161957659798e+00,-9.586566097559183763e-01,1.067044822375852409e+00,-1.194147159449055806e+00,-9.248790491148078940e-01,-5.431914710328791251e+00
-5.405606533998187579e+00,-9.585330724150750159e-01,1.066901791105418829e+00,-1.194330042333991537e+00,-9.247534800047034764e-01,-5.431599324210442781e+00
-5.405417992720671805e+00,-9.584106481729220972e-01,1.066760313893848178e+00,-1.194513710660128902e+00,-9.246286630596862732e-01,-5.431283951720362602e+00
-5.405227529722933077e+00,-9.582893351973517104e-01,1.066620383425761487e+00,-1.194698153430612253e+00,-9.245045997119065717e-01,-5.430968598255847546e+00
-5.405035136602793777e+00,-9.581691316562557237e-01,1.066481992385779565e+00,-1.194883359648585941e+00,-9.243812913935143261e-01,-5.430653269214202439e+00
-5.404840804958077172e+00,-9.580500357175262272e-01,1.066345133458523664e+00,-1.195069318317193430e+00,-9.242587395366602676e-01,-5.430337969992727665e+00
-5.404644526386604753e+00,-9.579320455490549779e-01,1.066209799328614372e+00,-1.195256018439579737e+00,-9.241369455734943505e-01,-5.430022705988722720e+00
-5.404446292486197123e+00,-9.578151593187336221e-01,1.066075982680672940e+00,-1.195443449018888549e+00,-9.240159109361671952e-01,-5.429707482599493318e+00
-5.404246094854676663e+00,-9.576993751944543609e-01,1.065943676199320400e+00,-1.195631599058264216e+00,-9.238956370568286447e-01,-5.429392305222335402e+00
-5.404043925089866640e+00,-9.575846913441089514e-01,1.065812872569176895e+00,-1.195820457560850647e+00,-9.237761253676293194e-01,-5.429077179254554686e+00
-5.403839774789588546e+00,-9.574711059355893727e-01,1.065683564474864786e+00,-1.196010013529792859e+00,-9.236573773007193955e-01,-5.428762110093451554e+00
-5.403633635551663872e+00,-9.573586171367873821e-01,1.065555744601003774e+00,-1.196200255968234316e+00,-9.235393942882491602e-01,-5.428447103136324614e+00
-5.403425498973915886e+00,-9.572472231155948474e-01,1.065429405632215554e+00,-1.196391173879319147e+00,-9.234221777623687899e-01,-5.428132163780479580e+00
-5.403215356654164303e+00,-9.571369220399038591e-01,1.065304540253120713e+00,-1.196582756266191927e+00,-9.233057291552287937e-01,-5.427817297423214171e+00
-5.403003200190231503e+00,-9.570277120776060631e-01,1.065181141148340282e+00,-1.196774992131996784e+00,-9.231900498989793480e-01,-5.427502509461831437e+00
-5.402789021179941642e+00,-9.569195913965935496e-01,1.065059201002495515e+00,-1.196967870479877849e+00,-9.230751414257705179e-01,-5.427187805293633538e+00
-5.402572811221114435e+00,-9.568125581647580757e-01,1.064938712500206774e+00,-1.197161380312979251e+00,-9.229610051677529237e-01,-5.426873190315919970e+00
-5.402354561911573150e+00,-9.567066105499915096e-01,1.064819668326095758e+00,-1.197355510634445119e+00,-9.228476425570767416e-01,-5.426558669925993783e+00
-5.402134264849140166e+00,-9.566017467201858304e-01,1.064702061164782831e+00,-1.197550250447420250e+00,-9.227350550258922590e-01,-5.426244249521155361e+00
-5.401911910879645617e+00,-9.564979635442931727e-01,1.064585881843777670e+00,-1.197745589255619247e+00,-9.226232422818217982e-01,-5.425929932298224401e+00
-5.401687483492798592e+00,-9.563952451847559377e-01,1.064471103023920229e+00,-1.197941521459457981e+00,-9.225121871627846026e-01,-5.425615699928441060e+00
-5.401460962017028855e+00,-9.562935686160841664e-01,1.064357687089367399e+00,-1.198138044229360100e+00,-9.224018629636940858e-01,-5.425301521906260582e+00
-5.401232325733504425e+00,-9.561929107311557541e-01,1.064245596307564323e+00,-1.198335154767207422e+00,-9.222922428710853548e-01,-5.424987367587847054e+00
-5.401001553923395093e+00,-9.560932484228488182e-01,1.064134792945957031e+00,-1.198532850274882877e+00,-9.221833000714945161e-01,-5.424673206329367225e+00
-5.400768625867872430e+00,-9.559945585840413651e-01,1.064025239271990886e+00,-1.198731127954268061e+00,-9.220750077514564547e-01,-5.424359007486986073e+00
-5.400533520848104452e+00,-9.558968181076111792e-01,1.063916897553112584e+00,-1.198929985007245458e+00,-9.219673390975067218e-01,-5.424044740416867683e+00
-5.400296218145260063e+00,-9.558000038864362669e-01,1.063809730056766600e+00,-1.199129418635697553e+00,-9.218602672961806466e-01,-5.423730374475178806e+00
-5.400056697040510834e+00,-9.557040928133947455e-01,1.063703699050399853e+00,-1.199329426041506164e+00,-9.217537655340136693e-01,-5.423415879018084418e+00
-5.399814936815026556e+00,-9.556090617813645105e-01,1.063598766801457263e+00,-1.199530004426553997e+00,-9.216478069975412302e-01,-5.423101223401750381e+00
-5.399570916749976135e+00,-9.555148876832234572e-01,1.063494895577385524e+00,-1.199731150992722872e+00,-9.215423648732986583e-01,-5.422786376982341672e+00
-5.399324616126529364e+00,-9.554215474118498141e-01,1.063392047645629335e+00,-1.199932862941895051e+00,-9.214374123478215051e-01,-5.422471309116023264e+00
-5.399076014225856923e+00,-9.553290178601212546e-01,1.063290185273634947e+00,-1.200135137475953018e+00,-9.213329226076448775e-01,-5.422155989158961020e+00
-5.398825090329128606e+00,-9.552372759209158959e-01,1.063189270728848168e+00,-1.200337971796779257e+00,-9.212288688393044378e-01,-5.421840386467320805e+00
-5.398571823717512430e+00,-9.551462984871117445e-01,1.063089266278714806e+00,-1.200541363106255366e+00,-9.211252242293354042e-01,-5.421524470397266704e+00
-5.398316193672179075e+00,-9.550560624515865848e-01,1.062990134190680225e+00,-1.200745308606264050e+00,-9.210219619642733280e-01,-5.421208210304965469e+00
-5.398058179474299223e+00,-9.549665447072185342e-01,1.062891836732190676e+00,-1.200949805498687351e+00,-9.209190552306535382e-01,-5.420891575546581187e+00
-5.397797760405041778e+00,-9.548777221468857102e-01,1.062794336170691523e+00,-1.201154850985407752e+00,-9.208164772150112531e-01,-5.420574535478280609e+00
-5.397534915745576534e+00,-9.547895716634657859e-01,1.062697594773629017e+00,-1.201360442268307294e+00,-9.207142011038823570e-01,-5.420257059456228710e+00
-5.397269632166040942e+00,-9.547020711336773324e-01,1.062601575169786150e+00,-1.201566570181461513e+00,-9.206122015727890018e-01,-5.419939124550398724e+00
-5.397001984986802725e+00,-9.546152102380118798e-01,1.062506244323150773e+00,-1.201773149160241694e+00,-9.205104711616004520e-01,-5.419620800378345926e+00
-5.396732108057133992e+00,-9.545289864500813293e-01,1.062411572059911657e+00,-1.201980043199847970e+00,-9.204090142046356116e-01,-5.419302217659651255e+00
-5.396460136263574903e+00,-9.544433973816088823e-01,1.062317528256982113e+00,-1.202187115401568640e+00,-9.203078352452367383e-01,-5.418983508196753895e+00
-5.396186204492663840e+00,-9.543584406443180734e-01,1.062224082791274782e+00,-1.202394228866692449e+00,-9.202069388267462013e-01,-5.418664803792101026e+00
-5.395910447630933859e+00,-9.542741138499318820e-01,1.062131205539703194e+00,-1.202601246696508142e+00,-9.201063294925068137e-01,-5.418346236248132719e+00
-5.395633000564926007e+00,-9.541904146101740647e-01,1.062038866379180213e+00,-1.202808031992303572e+00,-9.200060117858611664e-01,-5.418027937367291713e+00
-5.395353998181176003e+00,-9.541073405367676008e-01,1.061947035186619148e+00,-1.203014447855367708e+00,-9.199059902501514063e-01,-5.417710038952021634e+00
-5.395073575366219565e+00,-9.540248892414360249e-01,1.061855681838933085e+00,-1.203220357386988848e+00,-9.198062694287202357e-01,-5.417392672804766995e+00
-5.394791867006596853e+00,-9.539430583359025384e-01,1.061764776213034889e+00,-1.203425623688455737e+00,-9.197068538649103564e-01,-5.417075970727967871e+00
-5.394509007988842697e+00,-9.538618454318904538e-01,1.061674288185838089e+00,-1.203630109861056896e+00,-9.196077481020639155e-01,-5.416760064524068774e+00
-5.394225133199494593e+00,-9.537812481411231946e-01,1.061584187634255771e+00,-1.203833679006080626e+00,-9.195089566835236150e-01,-5.416445085995513331e+00
-5.393940377525091812e+00,-9.537012640753241843e-01,1.061494444435200579e+00,-1.204036194224815670e+00,-9.194104841526320460e-01,-5.416131166944742503e+00
-5.393654875852170072e+00,-9.536218908462165134e-01,1.061405028465586042e+00,-1.204237518618550107e+00,-9.193123350527316884e-01,-5.415818439174199916e+00
-5.393368763067265981e+00,-9.535431260655237162e-01,1.061315909602325691e+00,-1.204437515288572902e+00,-9.192145139271649112e-01,-5.415507034486329196e+00
-5.393082174056918809e+00,-9.534649673449689944e-01,1.061227057722331946e+00,-1.204636047336172355e+00,-9.191170253192741946e-01,-5.415197084683573081e+00
-5.392795243707663388e+00,-9.533874122962757713e-01,1.061138442702517892e+00,-1.204832977862636989e+00,-9.190198737724024625e-01,-5.414888721568376084e+00
-5.392508116111407013e+00,-9.533104584461928876e-01,1.061050035542093539e+00,-1.205028168905173169e+00,-9.189230651902215996e-01,-5.414582080855026902e+00
-5.392221000314366464e+00,-9.532341027218790286e-01,1.060961815159339183e+00,-1.205221474992684172e+00,-9.188266150750721284e-01,-5.414277325860353152e+00
-5.391934133312783928e+00,-9.531583417924872625e-01,1.060873763880135323e+00,-1.205412747423228348e+00,-9.187305430596292011e-01,-5.413974631778629032e+00
-5.391647752211659927e+00,-9.530831723261665722e-01,1.060785864043622073e+00,-1.205601837482291661e+00,-9.186348687926395584e-01,-5.413674173850344218e+00
-5.391362094115996761e+00,-9.530085909910662734e-01,1.060698097988938882e+00,-1.205788596455360517e+00,-9.185396119228500522e-01,-5.413376127315991049e+00
-5.391077396130793176e+00,-9.529345944553353487e-01,1.060610448055225419e+00,-1.205972875627921770e+00,-9.184447920990073122e-01,-5.413080667416060088e+00
-5.390793895361052357e+00,-9.528611793871232249e-01,1.060522896581621133e+00,-1.206154526285461603e+00,-9.183504289698584122e-01,-5.412787969391042786e+00
-5.390511828911773051e+00,-9.527883424545787738e-01,1.060435425907266360e+00,-1.206333399713466870e+00,-9.182565421841498710e-01,-5.412498208481429707e+00
-5.390231433887954893e+00,-9.527160803258512001e-01,1.060348018371300771e+00,-1.206509347197423310e+00,-9.181631513906284292e-01,-5.412211559927713189e+00
-5.389952947394601956e+00,-9.526443896690897084e-01,1.060260656312864036e+00,-1.206682220022818441e+00,-9.180702762380411608e-01,-5.411928198970382908e+00
-5.389676606536711212e+00,-9.525732671524435036e-01,1.060173322071096047e+00,-1.206851869475137784e+00,-9.179779363751344734e-01,-5.411648300849929427e+00
-5.389402648419286734e+00,-9.525027094440615683e-01,1.060085997985136030e+00,-1.207018146839868411e+00,-9.178861514506555519e-01,-5.411372040806845973e+00
-5.389131310147327270e+00,-9.524327132120931072e-01,1.059998666394124101e+00,-1.207180903402496508e+00,-9.177949411133509150e-01,-5.411099594081622222e+00
-5.388862828825833340e+00,-9.523632751246873251e-01,1.059911309637199928e+00,-1.207339990448508704e+00,-9.177043250119673035e-01,-5.410831135914748735e+00
-5.388597441559806356e+00,-9.522943918499932048e-01,1.059823910053503404e+00,-1.207495259263391185e+00,-9.176143227952515691e-01,-5.410566841546717853e+00
-5.388335385454246840e+00,-9.522260600561600619e-01,1.059736449982173756e+00,-1.207646561132630580e+00,-9.175249541119505636e-01,-5.410306886218019251e+00
-5.388076873946595846e+00,-9.521582695873269664e-01,1.059648902880215182e+00,-1.207793761872914207e+00,-9.174362295344227203e-01,-5.410051419475619738e+00
-5.387821936511634213e+00,-9.520909572461233594e-01,1.059561173165763259e+00,-1.207936840248713839e+00,-9.173480890862821813e-01,-5.409800391156418975e+00
-5.387570516494389672e+00,-9.520240350015956032e-01,1.059473132933544726e+00,-1.208075827905692012e+00,-9.172604397608226101e-01,-5.409553657594773135e+00
-5.387322556748291191e+00,-9.519574146810484416e-01,1.059384654093795008e+00,-1.208210756791339602e+00,-9.171731883628111426e-01,-5.409311074591355073e+00
-5.387078000126769517e+00,-9.518910081117867295e-01,1.059295608556749535e+00,-1.208341658853147260e+00,-9.170862416970150255e-01,-5.409072497946837643e+00
-5.386836789483250065e+00,-9.518247271211150995e-01,1.059205868232643954e+00,-1.208468566038605863e+00,-9.169995065682019497e-01,-5.408837783461893700e+00
-5.386598867671164470e+00,-9.517584835363382956e-01,1.059115305031713694e+00,-1.208591510295205618e+00,-9.169128897811389400e-01,-5.408606786937197874e+00
-5.386364177543940812e+00,-9.516921891847610615e-01,1.059023790864194181e+00,-1.208710523570437623e+00,-9.168262981405936873e-01,-5.408379364173420356e+00
-5.386132661955006284e+00,-9.516257558936880301e-01,1.058931197640321065e+00,-1.208825637811792308e+00,-9.167396384513333274e-01,-5.408155370971235776e+00
-5.385904263757791632e+00,-9.515590954904240562e-01,1.058837397270329550e+00,-1.208936884966760772e+00,-9.166528175181252180e-01,-5.407934663131317876e+00
-5.385678925805725825e+00,-9.514921198022738835e-01,1.058742261664455064e+00,-1.209044296982833000e+00,-9.165657421457367171e-01,-5.407717096454338623e+00
-5.385456590952236944e+00,-9.514247406565421450e-01,1.058645662732933701e+00,-1.209147905807500534e+00,-9.164783191389352934e-01,-5.407502526740970872e+00
-5.385237202050754846e+00,-9.513568698805335844e-01,1.058547472386000221e+00,-1.209247743388253360e+00,-9.163904553024883048e-01,-5.407290809791887476e+00
-5.385020701954706723e+00,-9.512884193015530565e-01,1.058447562533890496e+00,-1.209343841672582798e+00,-9.163020574411632202e-01,-5.407081801407763955e+00
-5.384807033517522434e+00,-9.512193007469051942e-01,1.058345805086839730e+00,-1.209436232607978612e+00,-9.162130323597270642e-01,-5.406875357389270498e+00
-5.384596139592631836e+00,-9.511494260438945192e-01,1.058242071955083796e+00,-1.209524948141932565e+00,-9.161232868629474169e-01,-5.406671333537081736e+00
-5.384387963033462121e+00,-9.510787070198262194e-01,1.058136235048857898e+00,-1.209610020221934423e+00,-9.160327277555917469e-01,-5.406469585651869636e+00
-5.384182436853469866e+00,-9.510070684031973753e-01,1.058028184925327908e+00,-1.209691474873609840e+00,-9.159412771642414519e-01,-5.406269994366610376e+00
-5.383979444461790109e+00,-9.509344999587403535e-01,1.057917906142747055e+00,-1.209769308269851074e+00,-9.158489344543139232e-01,-5.406072565496460314e+00
-5.383778853671804754e+00,-9.508610118987875781e-01,1.057805412813610513e+00,-1.209843507197757129e+00,-9.157557232753634757e-01,-5.405877344214251146e+00
-5.383580532291218468e+00,-9.507866144431136313e-01,1.057690719061170848e+00,-1.209914058441009521e+00,-9.156616672857829098e-01,-5.405684375707141776e+00
-5.383384348127735919e+00,-9.507113178114932062e-01,1.057573839008680405e+00,-1.209980948783290655e+00,-9.155667901439652479e-01,-5.405493705162291995e+00
-5.383190168989061775e+00,-9.506351322237011070e-01,1.057454786779391309e+00,-1.210044165008282713e+00,-9.154711155083035123e-01,-5.405305377766858932e+00
-5.382997862682900703e+00,-9.505580678995122490e-01,1.057333576496555905e+00,-1.210103693899667876e+00,-9.153746670371907257e-01,-5.405119438708002377e+00
-5.382807297016958259e+00,-9.504801350587006592e-01,1.057210222283426537e+00,-1.210159522241128105e+00,-9.152774683890195773e-01,-5.404935933172880347e+00
-5.382618339798936447e+00,-9.504013439210418079e-01,1.057084738263255330e+00,-1.210211636816346248e+00,-9.151795432221833115e-01,-5.404754906348651744e+00
-5.382430858836542598e+00,-9.503217047063098333e-01,1.056957138559295295e+00,-1.210260024409004043e+00,-9.150809151950748399e-01,-5.404576403422474584e+00
-5.382244721937478715e+00,-9.502412276342798725e-01,1.056827437294798111e+00,-1.210304671802783671e+00,-9.149816079660870738e-01,-5.404400469581507771e+00
-5.382059796909453020e+00,-9.501599229247262857e-01,1.056695648593015902e+00,-1.210345565781367316e+00,-9.148816451936129246e-01,-5.404227150012909320e+00
-5.381875951560164850e+00,-9.500778007974239880e-01,1.056561786577201456e+00,-1.210382693128437159e+00,-9.147810505360454147e-01,-5.404056489903839022e+00
-5.381693053697325091e+00,-9.499948714721475618e-01,1.056425865370606676e+00,-1.210416040627675383e+00,-9.146798476517776777e-01,-5.403888534441454006e+00
-5.381510971128633969e+00,-9.499111451686717000e-01,1.056287899096484795e+00,-1.210445595062764612e+00,-9.145780601992022918e-01,-5.403723328812914950e+00
-5.381329571661797040e+00,-9.498266321067713180e-01,1.056147901878087048e+00,-1.210471343217385920e+00,-9.144757118367126125e-01,-5.403560918205378094e+00
-5.381148723027289194e+00,-9.497413448656070178e-01,1.056005892252857237e+00,-1.210493274563678501e+00,-9.143728288300795315e-01,-5.403401348771020629e+00
-5.380968291420664684e+00,-9.496553429147915892e-01,1.055861976485883424e+00,-1.210511432004157895e+00,-9.142694892641218818e-01,-5.403244685840797423e+00
-5.380788141625802545e+00,-9.495687288497358658e-01,1.055716341526587554e+00,-1.210525907582000071e+00,-9.141658188823549303e-01,-5.403091012384649616e+00
-5.380608138374046057e+00,-9.494816068706535273e-01,1.055569177326825647e+00,-1.210536795169009139e+00,-9.140619452017744173e-01,-5.402940412028903516e+00
-5.380428146396742051e+00,-9.493940811777579203e-01,1.055420673838453949e+00,-1.210544188636989871e+00,-9.139579957393765275e-01,-5.402792968399880102e+00
-5.380248030425233807e+00,-9.493062559712622805e-01,1.055271021013328481e+00,-1.210548181857745931e+00,-9.138540980121574453e-01,-5.402648765123910124e+00
-5.380067655190868159e+00,-9.492182354513799547e-01,1.055120408803305265e+00,-1.210548868703081649e+00,-9.137503795371131332e-01,-5.402507885827314560e+00
-5.379886885424988385e+00,-9.491301238183246225e-01,1.054969027160240325e+00,-1.210546343044801576e+00,-9.136469678312398868e-01,-5.402370414136422383e+00
-5.379705585858939543e+00,-9.490420252723091865e-01,1.054817066035989903e+00,-1.210540698754709155e+00,-9.135439904115333354e-01,-5.402236433677555461e+00
-5.379523621224066687e+00,-9.489540440135474375e-01,1.054664715382410467e+00,-1.210532029704609158e+00,-9.134415747949897746e-01,-5.402106028077040989e+00
-5.379340856251715763e+00,-9.488662842422526111e-01,1.054512165151357150e+00,-1.210520429766305472e+00,-9.133398484986052779e-01,-5.401979280961204388e+00
-5.379157155673230939e+00,-9.487788501586380541e-01,1.054359605294687086e+00,-1.210505992811601983e+00,-9.132389390393760298e-01,-5.401856275956370190e+00
-5.378972384219956382e+00,-9.486918459629171130e-01,1.054207225764255851e+00,-1.210488812712303464e+00,-9.131389739342979928e-01,-5.401737096688863815e+00
-5.378786406623238037e+00,-9.486053758553032456e-01,1.054055216511919912e+00,-1.210468983340213800e+00,-9.130400807003670183e-01,-5.401621826785009794e+00
-5.378599087614420071e+00,-9.485195440360097985e-01,1.053903767489535070e+00,-1.210446598567137100e+00,-9.129423868545794019e-01,-5.401510549871135325e+00
-5.378410291924848430e+00,-9.484344547052500074e-01,1.053753068648957125e+00,-1.210421752264877249e+00,-9.128460199139313280e-01,-5.401403349573563162e+00
-5.378219882163096877e+00,-9.483502045832350458e-01,1.053603297478907130e+00,-1.210394538649990803e+00,-9.127510979740645070e-01,-5.401300296541021950e+00
-5.378027707228223875e+00,-9.482668420819982957e-01,1.053454550977306114e+00,-1.210365054165549736e+00,-9.126576782845923219e-01,-5.401201377608872534e+00
-5.377833610571768119e+00,-9.481843964181505546e-01,1.053306894158775320e+00,-1.210333396139338991e+00,-9.125657939177461708e-01,-5.401106546308944267e+00
-5.377637435631417162e+00,-9.481028967595009904e-01,1.053160391956623476e+00,-1.210299661901393042e+00,-9.124754778842900649e-01,-5.401015756088400011e+00
-5.377439025844858556e+00,-9.480223722738588821e-01,1.053015109304159314e+00,-1.210263948781747256e+00,-9.123867631949880153e-01,-5.400928960394397293e+00
-5.377238224649778964e+00,-9.479428521290333975e-01,1.052871111134691562e+00,-1.210226354110435221e+00,-9.122996828606040332e-01,-5.400846112674099864e+00
-5.377034875483868603e+00,-9.478643654928337048e-01,1.052728462381529173e+00,-1.210186975217492522e+00,-9.122142698919019077e-01,-5.400767166374667028e+00
-5.376828821784811474e+00,-9.477869415330689717e-01,1.052587227977980211e+00,-1.210145909432953637e+00,-9.121305572996459832e-01,-5.400692074943258092e+00
-5.376619906990297793e+00,-9.477106094175483664e-01,1.052447472857353405e+00,-1.210103254086852820e+00,-9.120485780946000487e-01,-5.400620791827035916e+00
-5.376407974538014223e+00,-9.476353983140815007e-01,1.052309261952957931e+00,-1.210059106509225213e+00,-9.119683652875283375e-01,-5.400553270473159806e+00
-5.376192867865648317e+00,-9.475613373904769876e-01,1.052172660198101850e+00,-1.210013564030104849e+00,-9.118899518891944167e-01,-5.400489464328790845e+00
-5.375974430410886740e+00,-9.474884558145445501e-01,1.052037732526094338e+00,-1.209966723979527314e+00,-9.118133709103626305e-01,-5.400429326841089228e+00
-5.375752505611420595e+00,-9.474167827540929121e-01,1.051904543870243902e+00,-1.209918683687526197e+00,-9.117386553617968792e-01,-5.400372811457215150e+00
-5.375526936904933883e+00,-9.473463473769316856e-01,1.051773159163858828e+00,-1.209869540484136641e+00,-9.116658382542611738e-01,-5.400319871624331469e+00
-5.375297567729115045e+00,-9.472771788508698165e-01,1.051643643340248513e+00,-1.209819391699393343e+00,-9.115949525985196367e-01,-5.400270460789597493e+00
-5.375064241521652519e+00,-9.472093063437165839e-01,1.051516061332720797e+00,-1.209768334663331446e+00,-9.115260314053360569e-01,-5.400224532400170752e+00
-5.374826802758430944e+00,-9.471427589876163511e-01,1.051390478013046303e+00,-1.209716466607591023e+00,-9.114591076002770409e-01,-5.400182039882458263e+00
-5.374585174847762659e+00,-9.470775632031799285e-01,1.051266953574322427e+00,-1.209663877283114530e+00,-9.113942076314958118e-01,-5.400142935084607743e+00
-5.374339414212588650e+00,-9.470137408416196001e-01,1.051145540325283845e+00,-1.209610643834586829e+00,-9.113313470315956843e-01,-5.400107167195147717e+00
-5.374089590062747668e+00,-9.469513133148850237e-01,1.051026289816729964e+00,-1.209556842194835724e+00,-9.112705402838524593e-01,-5.400074685146930342e+00
-5.373835771608071354e+00,-9.468903020349258570e-01,1.050909253599459969e+00,-1.209502548296687685e+00,-9.112118018715419376e-01,-5.400045437872812215e+00
-5.373578028058398459e+00,-9.468307284136916468e-01,1.050794483224272824e+00,-1.209447838072970072e+00,-9.111551462779398092e-01,-5.400019374305644604e+00
-5.373316428623564178e+00,-9.467726138631317179e-01,1.050682030241968157e+00,-1.209392787456509577e+00,-9.111005879863216528e-01,-5.399996443378282329e+00
-5.373051042513403708e+00,-9.467159797951959499e-01,1.050571946203344709e+00,-1.209337472380133782e+00,-9.110481414799632693e-01,-5.399976594023580212e+00
-5.372781938937754020e+00,-9.466608476218335566e-01,1.050464282659202109e+00,-1.209281968776669380e+00,-9.109978212421403487e-01,-5.399959775174390408e+00
-5.372509187106450312e+00,-9.466072387549946399e-01,1.050359091160339098e+00,-1.209226352578943731e+00,-9.109496417561285808e-01,-5.399945935763568627e+00
-5.372232856229327780e+00,-9.465551746066281913e-01,1.050256423257555305e+00,-1.209170699719783748e+00,-9.109036175052036555e-01,-5.399935024723967913e+00
-5.371953015516222507e+00,-9.465046765886840907e-01,1.050156330501649693e+00,-1.209115086132016570e+00,-9.108597629726413736e-01,-5.399926990988441311e+00
-5.371669734176972355e+00,-9.464557661131116628e-01,1.050058864443421669e+00,-1.209059587748469333e+00,-9.108180926417172030e-01,-5.399921783489842753e+00
-5.371383081421410743e+00,-9.464084645918608985e-01,1.049964076633670418e+00,-1.209004280501968731e+00,-9.107786209957072776e-01,-5.399919351161027947e+00
-5.371093126459373757e+00,-9.463627934368809003e-01,1.049872018623194903e+00,-1.208949240325342345e+00,-9.107413625178868433e-01,-5.399919642934849939e+00
-5.370799938500697479e+00,-9.463187740601214371e-01,1.049782741962794530e+00,-1.208894543151417311e+00,-9.107063316915320339e-01,-5.399922607744160885e+00
-5.370503586755219771e+00,-9.462764278735320556e-01,1.049696298203268485e+00,-1.208840264913020102e+00,-9.106735429999182063e-01,-5.399928194521817382e+00
-5.370204140432773166e+00,-9.462357762890623025e-01,1.049612738895416175e+00,-1.208786481542978519e+00,-9.106430109263211614e-01,-5.399936352200670697e+00
-5.369901668750117985e+00,-9.461968407172786089e-01,1.049532115587647807e+00,-1.208733268973136488e+00,-9.106147499520284017e-01,-5.399947029711833046e+00
-5.369596289268703693e+00,-9.461596329076367162e-01,1.049454463146719085e+00,-1.208680696273369159e+00,-9.105887606722046224e-01,-5.399960163805023861e+00
-5.369288283506480575e+00,-9.461241318448418980e-01,1.049379759865114892e+00,-1.208628809241825808e+00,-9.105649965885301844e-01,-5.399975649917934106e+00
-5.368977967705644616e+00,-9.460903095743731228e-01,1.049307972053488802e+00,-1.208577648747949373e+00,-9.105434012287848544e-01,-5.399993374738799368e+00
-5.368665658108390915e+00,-9.460581381417091373e-01,1.049239066022495503e+00,-1.208527255661184352e+00,-9.105239181207483989e-01,-5.400013224955855229e+00
-5.368351670956913679e+00,-9.460275895923287992e-01,1.049173008082789682e+00,-1.208477670850973906e+00,-9.105064907922010287e-01,-5.400035087257340827e+00
-5.368036322493411561e+00,-9.459986359717108551e-01,1.049109764545024470e+00,-1.208428935186762310e+00,-9.104910627709226212e-01,-5.400058848331491745e+00
-5.367719928960079656e+00,-9.459712493253340515e-01,1.049049301719854776e+00,-1.208381089537992725e+00,-9.104775775846927210e-01,-5.400084394866547122e+00
-5.367402806599112175e+00,-9.459454016986773572e-01,1.048991585917934843e+00,-1.208334174774109648e+00,-9.104659787612915389e-01,-5.400111613550742540e+00
-5.367085271652706879e+00,-9.459210651372194079e-01,1.048936583449918691e+00,-1.208288231764556464e+00,-9.104562098284988414e-01,-5.400140391072315360e+00
-5.366767640363058867e+00,-9.458982116864390610e-01,1.048884260626460563e+00,-1.208243301378777446e+00,-9.104482143140947281e-01,-5.400170614119502943e+00
-5.366450223795468766e+00,-9.458768132053677613e-01,1.048834583186935232e+00,-1.208199423597605904e+00,-9.104419358795059480e-01,-5.400202170375316690e+00
-5.366133173548827351e+00,-9.458568358098081719e-01,1.048787499273314605e+00,-1.208156611029601146e+00,-9.104373223029519346e-01,-5.400234978165335598e+00
-5.365816455443430222e+00,-9.458382389246934308e-01,1.048742936526569691e+00,-1.208114844394581500e+00,-9.104343261587221070e-01,-5.400268991513764050e+00
-5.365500024821731273e+00,-9.458209815975938684e-01,1.048700821431424846e+00,-1.208074102613852840e+00,-9.104329002916019542e-01,-5.400304166458199440e+00
-5.365183837026184399e+00,-9.458050228760802591e-01,1.048661080472603091e+00,-1.208034364608721489e+00,-9.104329975463768543e-01,-5.400340459036237384e+00
-5.364867847399245271e+00,-9.457903218077227114e-01,1.048623640134828339e+00,-1.207995609300493101e+00,-9.104345707678325184e-01,-5.400377825285471722e+00
-5.364552011283366006e+00,-9.457768374400923328e-01,1.048588426902823612e+00,-1.207957815610473995e+00,-9.104375728007546575e-01,-5.400416221243500736e+00
-5.364236284021002277e+00,-9.457645288207594536e-01,1.048555367261312821e+00,-1.207920962459969827e+00,-9.104419564899285389e-01,-5.400455602947917377e+00
-5.363920620954610641e+00,-9.457533549972944042e-01,1.048524387695018989e+00,-1.207885028770286917e+00,-9.104476746801397624e-01,-5.400495926436319927e+00
-5.363604977426641440e+00,-9.457432750172680702e-01,1.048495414688666472e+00,-1.207849993462731142e+00,-9.104546802161740393e-01,-5.400537147746302225e+00
-5.363289308779553899e+00,-9.457342479282506709e-01,1.048468374726977848e+00,-1.207815835458608822e+00,-9.104629259428166366e-01,-5.400579222915459887e+00
-5.362973570355798358e+00,-9.457262327778129807e-01,1.048443194294677472e+00,-1.207782533679225834e+00,-9.104723647048534874e-01,-5.400622107981388531e+00
-5.362657717497831378e+00,-9.457191886135254411e-01,1.048419799876488145e+00,-1.207750067045888276e+00,-9.104829493470699697e-01,-5.400665758981684661e+00
-5.362341708852059519e+00,-9.457130752898779136e-01,1.048398119374101212e+00,-1.207718414460427825e+00,-9.104946334474344205e-01,-5.400710132947925679e+00
-5.362025539669790675e+00,-9.457078616013181449e-01,1.048378096387962310e+00,-1.207687554608921854e+00,-9.105073787069407620e-01,-5.400755197924146600e+00
-5.361709227989289950e+00,-9.457035219075160537e-01,1.048359684291166660e+00,-1.207657466043138506e+00,-9.105211518832544426e-01,-5.400800928809755597e+00
-5.361392792193030665e+00,-9.457000306522080901e-01,1.048342836604430062e+00,-1.207628127312816657e+00,-9.105359198104258089e-01,-5.400847300607716228e+00
-5.361076250663484366e+00,-9.456973622791303713e-01,1.048327506848469648e+00,-1.207599516967694520e+00,-9.105516493225050967e-01,-5.400894288320993830e+00
-5.360759621783128814e+00,-9.456954912320193474e-01,1.048313648544002108e+00,-1.207571613557511414e+00,-9.105683072535422085e-01,-5.400941866952551962e+00
-5.360442923934436443e+00,-9.456943919546110244e-01,1.048301215211743687e+00,-1.207544395632005774e+00,-9.105858604375877130e-01,-5.400990011505352406e+00
-5.360126175499882351e+00,-9.456940388906420747e-01,1.048290160372411073e+00,-1.207517841740917142e+00,-9.106042757086915129e-01,-5.401038696982362275e+00
-5.359809394861940746e+00,-9.456944064838482822e-01,1.048280437546720734e+00,-1.207491930433983507e+00,-9.106235199009036219e-01,-5.401087898386543351e+00
-5.359492600403085838e+00,-9.456954691779665412e-01,1.048272000255389580e+00,-1.207466640260944191e+00,-9.106435598482748306e-01,-5.401137590720860970e+00
-5.359175810505792725e+00,-9.456972014167326357e-01,1.048264802019133857e+00,-1.207441949771538292e+00,-9.106643623848548197e-01,-5.401187748988276915e+00
-5.358859043552533841e+00,-9.456995776438831269e-01,1.048258796358670475e+00,-1.207417837515504022e+00,-9.106858943446938248e-01,-5.401238348191757410e+00
-5.358542317925784282e+00,-9.457025723031542430e-01,1.048253936794715679e+00,-1.207394282042580924e+00,-9.107081225618421927e-01,-5.401289363334265126e+00
-5.358225652008019146e+00,-9.457061598382822121e-01,1.048250176847986603e+00,-1.207371261902507209e+00,-9.107310138703498259e-01,-5.401340769418764509e+00
-5.357909064181713532e+00,-9.457103146930032622e-01,1.048247470039199269e+00,-1.207348755645021976e+00,-9.107545351042674042e-01,-5.401392541448220008e+00
-5.357592572575799572e+00,-9.457150114509110805e-01,1.048245770136235100e+00,-1.207326741911756818e+00,-9.107786532861477102e-01,-5.401444654594590666e+00
-5.357276185452294115e+00,-9.457202301383834664e-01,1.048245040525794369e+00,-1.207305202920516685e+00,-9.108033427744716137e-01,-5.401497090606670604e+00
-5.356959898249608720e+00,-9.457259578555455848e-01,1.048245257095735905e+00,-1.207284125536901342e+00,-9.108285874619008737e-01,-5.401549839780863671e+00
-5.356643705548516543e+00,-9.457321821756128344e-01,1.048246396569992411e+00,-1.207263496937352798e+00,-9.108543718787407428e-01,-5.401602892985241766e+00
-5.356327601929791626e+00,-9.457388906718009469e-01,1.048248435672495704e+00,-1.207243304298313724e+00,-9.108806805552965846e-01,-5.401656241087874122e+00
-5.356011581974207125e+00,-9.457460709173252100e-01,1.048251351127178488e+00,-1.207223534796226794e+00,-9.109074980218740958e-01,-5.401709874956829083e+00
-5.355695640262536195e+00,-9.457537104854013554e-01,1.048255119657973466e+00,-1.207204175607534680e+00,-9.109348088087784179e-01,-5.401763785460174994e+00
-5.355379771375550213e+00,-9.457617969492445598e-01,1.048259717988812678e+00,-1.207185213908679833e+00,-9.109625974463150255e-01,-5.401817963465982864e+00
-5.355063969894026776e+00,-9.457703178820705547e-01,1.048265122843628605e+00,-1.207166636876104926e+00,-9.109908484647893934e-01,-5.401872399842321926e+00
-5.354748230398734599e+00,-9.457792608570948500e-01,1.048271310946353951e+00,-1.207148431686252854e+00,-9.110195463945068850e-01,-5.401927085457258748e+00
-5.354432547470449499e+00,-9.457886134475328443e-01,1.048278259020921199e+00,-1.207130585515565846e+00,-9.110486757657727530e-01,-5.401982011178866117e+00
-5.354116915689946410e+00,-9.457983632266002694e-01,1.048285943791262387e+00,-1.207113085540486574e+00,-9.110782211088924720e-01,-5.402037167875211487e+00
-5.353801329637994932e+00,-9.458084977675123017e-01,1.048294341981310218e+00,-1.207095918937457490e+00,-9.111081669541715167e-01,-5.402092546414364982e+00
-5.353485783895370886e+00,-9.458190046434846732e-01,1.048303430314996953e+00,-1.207079072882921489e+00,-9.111384978319151395e-01,-5.402148137664394056e+00
-5.353170273042846539e+00,-9.458298714277327823e-01,1.048313185516255297e+00,-1.207062534553321020e+00,-9.111691982724289263e-01,-5.402203932493371497e+00
-5.352854791661195044e+00,-9.458410856934723610e-01,1.048323584309017509e+00,-1.207046291125098758e+00,-9.112002528060181294e-01,-5.402259921769363871e+00
-5.352539334331190446e+00,-9.458526350139184746e-01,1.048334603417216071e+00,-1.207030329774697375e+00,-9.112316459629881127e-01,-5.402316096360439523e+00
-5.352223895633605899e+00,-9.458645069622870771e-01,1.048346219564783466e+00,-1.207014637678559099e+00,-9.112633622736443506e-01,-5.402372447134670352e+00
-5.351908470444885602e+00,-9.458766894015192550e-01,1.048358410025352905e+00,-1.206999202333271182e+00,-9.112953866165670602e-01,-5.402428965136864214e+00
-5.351593057579319357e+00,-9.458891740532316961e-01,1.048371159393670871e+00,-1.206984015499219964e+00,-9.113277085087859719e-01,-5.402485643765722045e+00
-5.351277658651658165e+00,-9.459019553831894411e-01,1.048384457470993736e+00,-1.206969071969050011e+00,-9.113603207660265770e-01,-5.402542478093943501e+00
-5.350962275336518914e+00,-9.459150279158278218e-01,1.048398294169892608e+00,-1.206954366600235584e+00,-9.113932162745415066e-01,-5.402599463230017385e+00
-5.350646909308521160e+00,-9.459283861755826139e-01,1.048412659402939040e+00,-1.206939894250252276e+00,-9.114263879205829477e-01,-5.402656594282437830e+00
-5.350331562242288896e+00,-9.459420246868891491e-01,1.048427543082705027e+00,-1.206925649776574128e+00,-9.114598285904035313e-01,-5.402713866359692751e+00
-5.350016235812439014e+00,-9.459559379741828700e-01,1.048442935121762121e+00,-1.206911628036676065e+00,-9.114935311702554444e-01,-5.402771274570273619e+00
-5.349700931693593731e+00,-9.459701205618994413e-01,1.048458825432681651e+00,-1.206897823888033239e+00,-9.115274885463910959e-01,-5.402828814022671011e+00
-5.349385651560373489e+00,-9.459845669744743057e-01,1.048475203928035837e+00,-1.206884232188119910e+00,-9.115616936050627839e-01,-5.402886479825377286e+00
-5.349070397087397843e+00,-9.459992717363430170e-01,1.048492060520396008e+00,-1.206870847794411006e+00,-9.115961392325233614e-01,-5.402944267086879471e+00
-5.348755169949288124e+00,-9.460142293719411288e-01,1.048509385122334381e+00,-1.206857665564381454e+00,-9.116308183150246824e-01,-5.403002170915671698e+00
-5.348439971820664773e+00,-9.460294344057040838e-01,1.048527167646421621e+00,-1.206844680355505517e+00,-9.116657237388193780e-01,-5.403060186420242772e+00
-5.348124804376146457e+00,-9.460448813620673247e-01,1.048545398005230389e+00,-1.206831887025258787e+00,-9.117008483901600790e-01,-5.403118308709083273e+00
-5.347809669290354506e+00,-9.460605647654665162e-01,1.048564066111331572e+00,-1.206819280431115304e+00,-9.117361851552986396e-01,-5.403176532890685557e+00
-5.347494568237911139e+00,-9.460764791403373231e-01,1.048583161877297609e+00,-1.206806855430549996e+00,-9.117717269204879127e-01,-5.403234854073539317e+00
-5.347179502893435021e+00,-9.460926190111147438e-01,1.048602675215699387e+00,-1.206794606881038234e+00,-9.118074665719799743e-01,-5.403293267366135133e+00
-5.346864474931545708e+00,-9.461089789022347762e-01,1.048622596039109345e+00,-1.206782529640053836e+00,-9.118433969960275665e-01,-5.403351767876963585e+00
-5.346549486026865416e+00,-9.461255533381325300e-01,1.048642914260098591e+00,-1.206770618565072395e+00,-9.118795110788828762e-01,-5.403410350714515253e+00
-5.346234537854012814e+00,-9.461423368432438918e-01,1.048663619791238677e+00,-1.206758868513568173e+00,-9.119158017067983124e-01,-5.403469010987280718e+00
-5.345919632087610118e+00,-9.461593239420041934e-01,1.048684702545101821e+00,-1.206747274343015652e+00,-9.119522617660261732e-01,-5.403527743803752337e+00
-5.345604769961746605e+00,-9.461765093160072748e-01,1.048706152710076944e+00,-1.206735831014143612e+00,-9.119888843531747114e-01,-5.403586544458471863e+00
-5.345289948265635083e+00,-9.461938892325492123e-01,1.048727963257506612e+00,-1.206724534529487025e+00,-9.120256646873086126e-01,-5.403645410123250059e+00
-5.344975161212370374e+00,-9.462114608779513825e-01,1.048750128771650525e+00,-1.206713381495382098e+00,-9.120625992176039087e-01,-5.403704339057895822e+00
-5.344660402983493874e+00,-9.462292214497908249e-01,1.048772643856521691e+00,-1.206702368525560454e+00,-9.120996844083025801e-01,-5.403763329535546944e+00
-5.344345667760554086e+00,-9.462471681456449124e-01,1.048795503116133121e+00,-1.206691492233752161e+00,-9.121369167236469400e-01,-5.403822379829337663e+00
-5.344030949725090629e+00,-9.462652981630905735e-01,1.048818701154498934e+00,-1.206680749233689509e+00,-9.121742926278789687e-01,-5.403881488212407547e+00
-5.343716243058648452e+00,-9.462836086997049589e-01,1.048842232575632361e+00,-1.206670136139102789e+00,-9.122118085852409797e-01,-5.403940652957890833e+00
-5.343401541942772504e+00,-9.463020969530652193e-01,1.048866091983546633e+00,-1.206659649563723624e+00,-9.122494610599748421e-01,-5.403999872338926203e+00
-5.343086840559003292e+00,-9.463207601207487274e-01,1.048890273982255206e+00,-1.206649286121282971e+00,-9.122872465163228695e-01,-5.404059144628647893e+00
-5.342772133088888431e+00,-9.463395954003325228e-01,1.048914773175771753e+00,-1.206639042425512232e+00,-9.123251614185267089e-01,-5.404118468100193695e+00
-5.342457413713968428e+00,-9.463585999893938672e-01,1.048939584168109285e+00,-1.206628915090142140e+00,-9.123632022308291178e-01,-5.404177841026699625e+00
-5.342142676615789121e+00,-9.463777710855096892e-01,1.048964701563281254e+00,-1.206618900728904320e+00,-9.124013654174718546e-01,-5.404237261681302584e+00
-5.341827915975892793e+00,-9.463971058862572505e-01,1.048990119965301560e+00,-1.206608995955529506e+00,-9.124396474426971215e-01,-5.404296728337138589e+00
-5.341513125975824394e+00,-9.464166015892137018e-01,1.049015833978183210e+00,-1.206599197383748434e+00,-9.124780447707471209e-01,-5.404356239267346318e+00
-5.341198300797126208e+00,-9.464362553919563048e-01,1.049041838205939436e+00,-1.206589501627293393e+00,-9.125165538658638331e-01,-5.404415792745060010e+00
-5.340883434621342296e+00,-9.464560644920620991e-01,1.049068127252584359e+00,-1.206579905299894895e+00,-9.125551711922891274e-01,-5.404475387043417456e+00
-5.340568521630016718e+00,-9.464760260871084574e-01,1.049094695722130544e+00,-1.206570405015283676e+00,-9.125938932142655391e-01,-5.404535020435552894e+00
-5.340253556004694424e+00,-9.464961373746723083e-01,1.049121538218591887e+00,-1.206560997387191581e+00,-9.126327163960349376e-01,-5.404594691194605893e+00
-5.339938531926916809e+00,-9.465163955523308026e-01,1.049148649345982287e+00,-1.206551679029349344e+00,-9.126716372018397472e-01,-5.404654397593711579e+00
-5.339623443578228823e+00,-9.465367978176612018e-01,1.049176023708313865e+00,-1.206542446555488368e+00,-9.127106520959216152e-01,-5.404714137906007743e+00
-5.339308285140172750e+00,-9.465573413682406567e-01,1.049203655909600963e+00,-1.206533296579339831e+00,-9.127497575425230769e-01,-5.404773910404628623e+00
-5.338993050794294426e+00,-9.465780234016464290e-01,1.049231540553857034e+00,-1.206524225714634246e+00,-9.127889500058858907e-01,-5.404833713362711123e+00
-5.338677736059829648e+00,-9.465988412875825375e-01,1.049259672608420901e+00,-1.206515230855899290e+00,-9.128282260908029411e-01,-5.404893544988353504e+00
-5.338362342144985284e+00,-9.466197931277797739e-01,1.049288048585793387e+00,-1.206506310091835843e+00,-9.128675829998038616e-01,-5.404953403213045071e+00
-5.338046871770038670e+00,-9.466408772185329612e-01,1.049316665409162130e+00,-1.206497461828544004e+00,-9.129070180942904233e-01,-5.405013285894757047e+00
-5.337731327655277802e+00,-9.466620918561392539e-01,1.049345520001717658e+00,-1.206488684472126316e+00,-9.129465287356653969e-01,-5.405073190891461543e+00
-5.337415712520990674e+00,-9.466834353368953625e-01,1.049374609286651383e+00,-1.206479976428685985e+00,-9.129861122853321076e-01,-5.405133116061128007e+00
-5.337100029087466169e+00,-9.467049059570981084e-01,1.049403930187154055e+00,-1.206471336104325331e+00,-9.130257661046933260e-01,-5.405193059261729438e+00
-5.336784280074990505e+00,-9.467265020130443132e-01,1.049433479626417087e+00,-1.206462761905147341e+00,-9.130654875551521554e-01,-5.405253018351234395e+00
-5.336468468203855231e+00,-9.467482218010309092e-01,1.049463254527631006e+00,-1.206454252237254776e+00,-9.131052739981115884e-01,-5.405312991187616767e+00
-5.336152596194345676e+00,-9.467700636173543849e-01,1.049493251813987005e+00,-1.206445805506749958e+00,-9.131451227949745064e-01,-5.405372975628846888e+00
-5.335836666766752501e+00,-9.467920257583120058e-01,1.049523468408676274e+00,-1.206437420119735870e+00,-9.131850313071442349e-01,-5.405432969532894205e+00
-5.335520682641363699e+00,-9.468141065202002604e-01,1.049553901234889564e+00,-1.206429094482315056e+00,-9.132249968960235442e-01,-5.405492970757732607e+00
-5.335204646538465489e+00,-9.468363041993159701e-01,1.049584547215818287e+00,-1.206420827000590723e+00,-9.132650169230155379e-01,-5.405552977161329764e+00
-5.334888561178349420e+00,-9.468586170919561784e-01,1.049615403274652969e+00,-1.206412616080664968e+00,-9.133050887495230974e-01,-5.405612986601659564e+00
-5.334572429281299932e+00,-9.468810434944175958e-01,1.049646466334584582e+00,-1.206404460128641221e+00,-9.133452097369494371e-01,-5.405672996936690566e+00
-5.334256253567608574e+00,-9.469035817029970437e-01,1.049677733318804540e+00,-1.206396357550621579e+00,-9.133853772466973275e-01,-5.405733006024396659e+00
-5.333940036757563341e+00,-9.469262300139911215e-01,1.049709201150503812e+00,-1.206388306752708806e+00,-9.134255886401698721e-01,-5.405793011722748176e+00
-5.333623781571450451e+00,-9.469489867236970948e-01,1.049740866752873147e+00,-1.206380306141006109e+00,-9.134658412787700632e-01,-5.405853011889714566e+00
-5.333307490729560563e+00,-9.469718501284114520e-01,1.049772727049103516e+00,-1.206372354121615587e+00,-9.135061325239011154e-01,-5.405913004383267939e+00
-5.332991166952179896e+00,-9.469948185244311256e-01,1.049804778962386331e+00,-1.206364449100640224e+00,-9.135464597369657991e-01,-5.405972987061380408e+00
-5.332674812959598221e+00,-9.470178902080528260e-01,1.049837019415912343e+00,-1.206356589484183006e+00,-9.135868202793671067e-01,-5.406032957782021420e+00
-5.332358431472103533e+00,-9.470410634755735968e-01,1.049869445332872298e+00,-1.206348773678346253e+00,-9.136272115125082527e-01,-5.406092914403161309e+00
-5.332042025209983827e+00,-9.470643366232900373e-01,1.049902053636457389e+00,-1.206341000089233395e+00,-9.136676307977920075e-01,-5.406152854782773964e+00
-5.331725596893527097e+00,-9.470877079474990801e-01,1.049934841249858808e+00,-1.206333267122946085e+00,-9.137080754966215856e-01,-5.406212776778829721e+00
-5.331409149243024004e+00,-9.471111757444975465e-01,1.049967805096267304e+00,-1.206325573185587752e+00,-9.137485429703998685e-01,-5.406272678249298025e+00
-5.331092684978758101e+00,-9.471347383105821471e-01,1.050000942098874290e+00,-1.206317916683260938e+00,-9.137890305805299596e-01,-5.406332557052150989e+00
-5.330776206821023600e+00,-9.471583939420498144e-01,1.050034249180870516e+00,-1.206310296022068185e+00,-9.138295356884147402e-01,-5.406392411045359836e+00
-5.330459717490104055e+00,-9.471821409351973697e-01,1.050067723265446729e+00,-1.206302709608112478e+00,-9.138700556554574250e-01,-5.406452238086895790e+00
-5.330143219706290125e+00,-9.472059775863215236e-01,1.050101361275794343e+00,-1.206295155847496581e+00,-9.139105878430606733e-01,-5.406512036034727409e+00
-5.329826716189870695e+00,-9.472299021917192086e-01,1.050135160135104329e+00,-1.206287633146323257e+00,-9.139511296126279216e-01,-5.406571802746829469e+00
-5.329510209661131093e+00,-9.472539130476872460e-01,1.050169116766567434e+00,-1.206280139910694826e+00,-9.139916783255618293e-01,-5.406631536081172307e+00
-5.329193702840361979e+00,-9.472780084505224574e-01,1.050203228093374852e+00,-1.206272674546714274e+00,-9.140322313432657220e-01,-5.406691233895725368e+00
-5.328877198447852237e+00,-9.473021866965215532e-01,1.050237491038717552e+00,-1.206265235460484364e+00,-9.140727860271421479e-01,-5.406750894048460765e+00
-5.328560699203888085e+00,-9.473264460819814659e-01,1.050271902525786505e+00,-1.206257821058107638e+00,-9.141133397385946546e-01,-5.406810514397349721e+00
-5.328244207828759293e+00,-9.473507849031990169e-01,1.050306459477772680e+00,-1.206250429745686858e+00,-9.141538898390259016e-01,-5.406870092800361682e+00
-5.327927727042753858e+00,-9.473752014564708057e-01,1.050341158817867049e+00,-1.206243059929324790e+00,-9.141944336898389922e-01,-5.406929627115469650e+00
-5.327611259566160662e+00,-9.473996940380938758e-01,1.050375997469261025e+00,-1.206235710015124418e+00,-9.142349686524368080e-01,-5.406989115200644846e+00
-5.327294808119265923e+00,-9.474242609443649377e-01,1.050410972355144690e+00,-1.206228378409188506e+00,-9.142754920882227854e-01,-5.407048554913856719e+00
-5.326978375422359413e+00,-9.474489004715810347e-01,1.050446080398710347e+00,-1.206221063517618930e+00,-9.143160013585993617e-01,-5.407107944113078268e+00
-5.326661964195730903e+00,-9.474736109160387665e-01,1.050481318523148078e+00,-1.206213763746519341e+00,-9.143564938249699736e-01,-5.407167280656278940e+00
-5.326345577159665723e+00,-9.474983905740349543e-01,1.050516683651649075e+00,-1.206206477501991836e+00,-9.143969668487372804e-01,-5.407226562401430847e+00
-5.326029217034454533e+00,-9.475232377418666418e-01,1.050552172707404308e+00,-1.206199203190139402e+00,-9.144374177913046076e-01,-5.407285787206503436e+00
-5.325712886540384439e+00,-9.475481507158302064e-01,1.050587782613605414e+00,-1.206191939217065023e+00,-9.144778440140749476e-01,-5.407344952929468818e+00
-5.325396588397744324e+00,-9.475731277922229134e-01,1.050623510293442475e+00,-1.206184683988871020e+00,-9.145182428784510709e-01,-5.407404057428299105e+00
-5.325080325326822184e+00,-9.475981672673412515e-01,1.050659352670106683e+00,-1.206177435911660378e+00,-9.145586117458359698e-01,-5.407463098560964632e+00
-5.324764100047906012e+00,-9.476232674374823750e-01,1.050695306666789453e+00,-1.206170193391535417e+00,-9.145989479776330811e-01,-5.407522074185436622e+00
-5.324447915281285582e+00,-9.476484265989428835e-01,1.050731369206681753e+00,-1.206162954834599121e+00,-9.146392489352450639e-01,-5.407580982159686300e+00
-5.324131773747247109e+00,-9.476736430480195983e-01,1.050767537212974334e+00,-1.206155718646954478e+00,-9.146795119800747997e-01,-5.407639820341683112e+00
-5.323815677878714681e+00,-9.476989151542462020e-01,1.050803807735023021e+00,-1.206148483270295113e+00,-9.147197345607357422e-01,-5.407698586670166563e+00
-5.323499627611409046e+00,-9.477242419235794024e-01,1.050840178918550416e+00,-1.206141247455599919e+00,-9.147599148836916827e-01,-5.407757279785735172e+00
-5.323183621596935922e+00,-9.477496226892399012e-01,1.050876649473057478e+00,-1.206134010112891009e+00,-9.148000515451117920e-01,-5.407815898689896983e+00
-5.322867658476335251e+00,-9.477750567871406906e-01,1.050913218112681236e+00,-1.206126770153497008e+00,-9.148401431443707876e-01,-5.407874442387135439e+00
-5.322551736890648755e+00,-9.478005435531943190e-01,1.050949883551559605e+00,-1.206119526488747651e+00,-9.148801882808430541e-01,-5.407932909881926875e+00
-5.322235855480918154e+00,-9.478260823233137788e-01,1.050986644503830503e+00,-1.206112278029972673e+00,-9.149201855539031980e-01,-5.407991300178753846e+00
-5.321920012888183393e+00,-9.478516724334119514e-01,1.051023499683631623e+00,-1.206105023688500699e+00,-9.149601335629259369e-01,-5.408049612282093577e+00
-5.321604207753487081e+00,-9.478773132194011630e-01,1.051060447805100218e+00,-1.206097762375662352e+00,-9.150000309072858773e-01,-5.408107845196426844e+00
-5.321288438717868274e+00,-9.479030040171942950e-01,1.051097487582375090e+00,-1.206090493002785813e+00,-9.150398761863578478e-01,-5.408165997926235313e+00
-5.320972704422370470e+00,-9.479287441627043398e-01,1.051134617729592824e+00,-1.206083214481201038e+00,-9.150796679995160110e-01,-5.408224069475994433e+00
-5.320657003508034499e+00,-9.479545329918439567e-01,1.051171836960891781e+00,-1.206075925722237763e+00,-9.151194049461353064e-01,-5.408282058850185869e+00
-5.320341334615900308e+00,-9.479803698405256940e-01,1.051209143990409878e+00,-1.206068625637225056e+00,-9.151590856255901185e-01,-5.408339965053291287e+00
-5.320025696387009617e+00,-9.480062540446627661e-01,1.051246537532284364e+00,-1.206061313137492208e+00,-9.151987086372551650e-01,-5.408397787089787023e+00
-5.319710087462404147e+00,-9.480321849401674994e-01,1.051284016300653379e+00,-1.206053987134368954e+00,-9.152382725805052743e-01,-5.408455523964154743e+00
-5.319394506483124729e+00,-9.480581618629527751e-01,1.051321579009654172e+00,-1.206046646539184586e+00,-9.152777760547147201e-01,-5.408513174680874336e+00
-5.319078952090212198e+00,-9.480841841489314747e-01,1.051359224373425105e+00,-1.206039290263268837e+00,-9.153172176592582199e-01,-5.408570738244423914e+00
-5.318763422924709161e+00,-9.481102511340162575e-01,1.051396951106103650e+00,-1.206031917217950333e+00,-9.153565959935103802e-01,-5.408628213659283368e+00
-5.318447917627654675e+00,-9.481363621541198938e-01,1.051434757921827501e+00,-1.206024526314559253e+00,-9.153959096568458076e-01,-5.408685599929934362e+00
-5.318132434840091349e+00,-9.481625165451553761e-01,1.051472643534734130e+00,-1.206017116464424888e+00,-9.154351572486392197e-01,-5.408742896060855010e+00
-5.317816973203060016e+00,-9.481887136430351415e-01,1.051510606658962121e+00,-1.206009686578876305e+00,-9.154743373682652230e-01,-5.408800101056524312e+00
-5.317501531357601507e+00,-9.482149527836719605e-01,1.051548646008648280e+00,-1.206002235569243242e+00,-9.155134486150982021e-01,-5.408857213921423934e+00
-5.317186107944758433e+00,-9.482412333029787144e-01,1.051586760297930523e+00,-1.205994762346855431e+00,-9.155524895885130965e-01,-5.408914233660031101e+00
-5.316870701605569849e+00,-9.482675545368682846e-01,1.051624948240947433e+00,-1.205987265823041499e+00,-9.155914588878841798e-01,-5.408971159276827478e+00
-5.316555310981079252e+00,-9.482939158212532194e-01,1.051663208551835815e+00,-1.205979744909131401e+00,-9.156303551125861695e-01,-5.409027989776292067e+00
-5.316239934712326587e+00,-9.483203164920465111e-01,1.051701539944733810e+00,-1.205972198516454430e+00,-9.156691768619940053e-01,-5.409084724162904756e+00
-5.315924571440352686e+00,-9.483467558851605972e-01,1.051739941133778888e+00,-1.205964625556340319e+00,-9.157079227354817386e-01,-5.409141361441146323e+00
-5.315609219806199270e+00,-9.483732333365084699e-01,1.051778410833109190e+00,-1.205957024940117917e+00,-9.157465913324244200e-01,-5.409197900615493104e+00
-5.315293878450907172e+00,-9.483997481820027886e-01,1.051816947756861742e+00,-1.205949395579117400e+00,-9.157851812521964341e-01,-5.409254340690427654e+00
-5.314978546015517225e+00,-9.484262997575564347e-01,1.051855550619175350e+00,-1.205941736384667173e+00,-9.158236910941723874e-01,-5.409310680670428084e+00
-5.314663221141072924e+00,-9.484528873990820674e-01,1.051894218134187042e+00,-1.205934046268097415e+00,-9.158621194577271085e-01,-5.409366919559975173e+00
-5.314347902468613327e+00,-9.484795104424926793e-01,1.051932949016034957e+00,-1.205926324140737638e+00,-9.159004649422349820e-01,-5.409423056363547921e+00
-5.314032588639180155e+00,-9.485061682237007075e-01,1.051971741978856345e+00,-1.205918568913916911e+00,-9.159387261470706143e-01,-5.409479090085627107e+00
-5.313717278293814239e+00,-9.485328600786190334e-01,1.052010595736789345e+00,-1.205910779498964525e+00,-9.159769016716087231e-01,-5.409535019730689953e+00
-5.313401970073556413e+00,-9.485595853431604274e-01,1.052049509003971206e+00,-1.205902954807210437e+00,-9.160149901152239149e-01,-5.409590844303218127e+00
-5.313086662619449285e+00,-9.485863433532376598e-01,1.052088480494540290e+00,-1.205895093749983271e+00,-9.160529900772907963e-01,-5.409646562807692405e+00
-5.312771354572532800e+00,-9.486131334447633900e-01,1.052127508922634069e+00,-1.205887195238613430e+00,-9.160909001571840848e-01,-5.409702174248590012e+00
-5.312456044573849567e+00,-9.486399549536507214e-01,1.052166593002390238e+00,-1.205879258184429537e+00,-9.161287189542780540e-01,-5.409757677630390837e+00
-5.312140731264440419e+00,-9.486668072158119802e-01,1.052205731447946713e+00,-1.205871281498761771e+00,-9.161664450679475324e-01,-5.409813071957575659e+00
-5.311825413285344410e+00,-9.486936895671602699e-01,1.052244922973440966e+00,-1.205863264092938758e+00,-9.162040770975671267e-01,-5.409868356234624365e+00
-5.311510089277605928e+00,-9.487206013436080276e-01,1.052284166293011136e+00,-1.205855204878290232e+00,-9.162416136425115543e-01,-5.409923529466014180e+00
-5.311194757882263140e+00,-9.487475418810683570e-01,1.052323460120794474e+00,-1.205847102766145928e+00,-9.162790533021553108e-01,-5.409978590656228548e+00
-5.310879417740359543e+00,-9.487745105154536951e-01,1.052362803170929118e+00,-1.205838956667834916e+00,-9.163163946758728917e-01,-5.410033538809743803e+00
-5.310564067492935081e+00,-9.488015065826772565e-01,1.052402194157552762e+00,-1.205830765494686929e+00,-9.163536363630391257e-01,-5.410088372931042500e+00
-5.310248705781031475e+00,-9.488285294186512564e-01,1.052441631794802879e+00,-1.205822528158031037e+00,-9.163907769630283973e-01,-5.410143092024601863e+00
-5.309933331245690447e+00,-9.488555783592887982e-01,1.052481114796817385e+00,-1.205814243569196975e+00,-9.164278150752155350e-01,-5.410197695094902670e+00
-5.309617942527951939e+00,-9.488826527405025413e-01,1.052520641877734198e+00,-1.205805910639513590e+00,-9.164647492989751454e-01,-5.410252181146423922e+00
-5.309302538268856786e+00,-9.489097518982052559e-01,1.052560211751690566e+00,-1.205797528280311282e+00,-9.165015782336815020e-01,-5.410306549183646396e+00
-5.308987117109448484e+00,-9.489368751683098235e-01,1.052599823132824630e+00,-1.205789095402918676e+00,-9.165383004787096555e-01,-5.410360798211048206e+00
-5.308671677690766977e+00,-9.489640218867287924e-01,1.052639474735274305e+00,-1.205780610918665507e+00,-9.165749146334338793e-01,-5.410414927233111015e+00
-5.308356218653853098e+00,-9.489911913893751549e-01,1.052679165273176842e+00,-1.205772073738880845e+00,-9.166114192972290020e-01,-5.410468935254312939e+00
-5.308040738667651581e+00,-9.490183830106589946e-01,1.052718893458520322e+00,-1.205763482771815776e+00,-9.166478130588052720e-01,-5.410522821266686933e+00
-5.307725237523410300e+00,-9.490455960245576250e-01,1.052758657916818663e+00,-1.205754836801876451e+00,-9.166840940779592550e-01,-5.410576583761657510e+00
-5.307409716492371921e+00,-9.490728296253551077e-01,1.052798457159551448e+00,-1.205746134450156326e+00,-9.167202599488700754e-01,-5.410630220570483040e+00
-5.307094176946947961e+00,-9.491000830018877510e-01,1.052838289690402940e+00,-1.205737374326584677e+00,-9.167563082270550057e-01,-5.410683729479297099e+00
-5.306778620259545498e+00,-9.491273553429917520e-01,1.052878154013058287e+00,-1.205728555041090999e+00,-9.167922364680307634e-01,-5.410737108274233265e+00
-5.306463047802576050e+00,-9.491546458375035300e-01,1.052918048631202197e+00,-1.205719675203605012e+00,-9.168280422273142882e-01,-5.410790354741427777e+00
-5.306147460948447581e+00,-9.491819536742597263e-01,1.052957972048519375e+00,-1.205710733424055991e+00,-9.168637230604225197e-01,-5.410843466667015988e+00
-5.305831861069569833e+00,-9.492092780420960940e-01,1.052997922768694306e+00,-1.205701728312373433e+00,-9.168992765228726194e-01,-5.410896441837128812e+00
-5.305516249538352547e+00,-9.492366181298493855e-01,1.053037899295411917e+00,-1.205692658478487278e+00,-9.169347001701813049e-01,-5.410949278037902488e+00
-5.305200627727203688e+00,-9.492639731263559089e-01,1.053077900132356692e+00,-1.205683522532326801e+00,-9.169699915578655158e-01,-5.411001973055469705e+00
-5.304884997008534775e+00,-9.492913422204518614e-01,1.053117923783213561e+00,-1.205674319083820833e+00,-9.170051482414421917e-01,-5.411054524675967592e+00
-5.304569358754754660e+00,-9.493187246009737734e-01,1.053157968751667450e+00,-1.205665046742899982e+00,-9.170401677764284942e-01,-5.411106930685527061e+00
-5.304253714338271308e+00,-9.493461194567577310e-01,1.053198033541402845e+00,-1.205655704119493299e+00,-9.170750477183411409e-01,-5.411159188870284353e+00
-5.303938065131496238e+00,-9.493735259766404866e-01,1.053238116656104228e+00,-1.205646289823530282e+00,-9.171097856226970713e-01,-5.411211297016373045e+00
-5.303622412506835637e+00,-9.494009433494580152e-01,1.053278216599456307e+00,-1.205636802464940649e+00,-9.171443790450132250e-01,-5.411263252909928489e+00
-5.303306757836702801e+00,-9.494283707640467362e-01,1.053318331875144453e+00,-1.205627240653653454e+00,-9.171788255408066526e-01,-5.411315054337082486e+00
-5.302991102493504805e+00,-9.494558074092429578e-01,1.053358460986852707e+00,-1.205617602999598859e+00,-9.172131226655942937e-01,-5.411366699083972165e+00
-5.302675447849651391e+00,-9.494832524738833213e-01,1.053398602438266218e+00,-1.205607888112705695e+00,-9.172472679748929769e-01,-5.411418184936730214e+00
-5.302359795277551413e+00,-9.495107051468038017e-01,1.053438754733069471e+00,-1.205598094602904125e+00,-9.172812590242196418e-01,-5.411469509681491097e+00
-5.302044146149614612e+00,-9.495381646168411516e-01,1.053478916374947172e+00,-1.205588221080123423e+00,-9.173150933690913389e-01,-5.411520671104388391e+00
-5.301728501838250729e+00,-9.495656300728312349e-01,1.053519085867583804e+00,-1.205578266154292866e+00,-9.173487685650248968e-01,-5.411571666991557450e+00
-5.301412863715869506e+00,-9.495931007036108040e-01,1.053559261714664741e+00,-1.205568228435342171e+00,-9.173822821675373662e-01,-5.411622495129131849e+00
-5.301097233154881572e+00,-9.496205756980158341e-01,1.053599442419874244e+00,-1.205558106533201057e+00,-9.174156317321455756e-01,-5.411673153303247830e+00
-5.300781611527691339e+00,-9.496480542448829665e-01,1.053639626486897241e+00,-1.205547899057798578e+00,-9.174488148143664645e-01,-5.411723639300035416e+00
-5.300466000206712991e+00,-9.496755355330483983e-01,1.053679812419417994e+00,-1.205537604619064895e+00,-9.174818289697171947e-01,-5.411773950905631736e+00
-5.300150400564353603e+00,-9.497030187513486599e-01,1.053719998721121653e+00,-1.205527221826929063e+00,-9.175146717537143726e-01,-5.411824085906171256e+00
-5.299834813973024694e+00,-9.497305030886199484e-01,1.053760183895692926e+00,-1.205516749291320355e+00,-9.175473407218751598e-01,-5.411874042087787551e+00
-5.299519241805132452e+00,-9.497579877336985721e-01,1.053800366446816295e+00,-1.205506185622168935e+00,-9.175798334297163850e-01,-5.411923817236615974e+00
-5.299203685433090172e+00,-9.497854718754208392e-01,1.053840544878176910e+00,-1.205495529429404078e+00,-9.176121474327549876e-01,-5.411973409138787439e+00
-5.298888146229304930e+00,-9.498129547026232800e-01,1.053880717693459035e+00,-1.205484779322955058e+00,-9.176442802865081294e-01,-5.412022815580440849e+00
-5.298572625566184691e+00,-9.498404354041420916e-01,1.053920883396347596e+00,-1.205473933912751816e+00,-9.176762295464924168e-01,-5.412072034347706229e+00
-5.298257124816141861e+00,-9.498679131688136934e-01,1.053961040490527079e+00,-1.205462991808723627e+00,-9.177079927682250116e-01,-5.412121063226720707e+00
-5.297941645351582629e+00,-9.498953871854743936e-01,1.054001187479682633e+00,-1.205451951620799989e+00,-9.177395675072227421e-01,-5.412169900003616085e+00
-5.297626188544919401e+00,-9.499228566429606113e-01,1.054041322867498520e+00,-1.205440811958910396e+00,-9.177709513190026591e-01,-5.412218542464530380e+00
-5.297310755768560142e+00,-9.499503207301086549e-01,1.054081445157659669e+00,-1.205429571432984348e+00,-9.178021417590815911e-01,-5.412266988395593614e+00
-5.296995348394915482e+00,-9.499777786357547216e-01,1.054121552853850785e+00,-1.205418228652951562e+00,-9.178331363829765888e-01,-5.412315235582942918e+00
-5.296679967796391608e+00,-9.500052295487353415e-01,1.054161644459756797e+00,-1.205406782228741536e+00,-9.178639327462044806e-01,-5.412363281812710980e+00
-5.296364615345401816e+00,-9.500326726578867120e-01,1.054201718479061967e+00,-1.205395230770283321e+00,-9.178945284042822061e-01,-5.412411124871032264e+00
-5.296049292414353182e+00,-9.500601071520453633e-01,1.054241773415451222e+00,-1.205383572887507526e+00,-9.179249209127268161e-01,-5.412458762544042123e+00
-5.295734000375655448e+00,-9.500875322200474926e-01,1.054281807772609492e+00,-1.205371807190342537e+00,-9.179551078270550279e-01,-5.412506192617874134e+00
-5.295418740601718355e+00,-9.501149470507296302e-01,1.054321820054221259e+00,-1.205359932288718294e+00,-9.179850867027841144e-01,-5.412553412878660986e+00
-5.295103514464949868e+00,-9.501423508329278622e-01,1.054361808763971009e+00,-1.205347946792564517e+00,-9.180148550954307929e-01,-5.412600421112540694e+00
-5.294788323337762392e+00,-9.501697427554786080e-01,1.054401772405544113e+00,-1.205335849311810481e+00,-9.180444105605121141e-01,-5.412647215105642395e+00
-5.294473168592563006e+00,-9.501971220072182867e-01,1.054441709482624834e+00,-1.205323638456385460e+00,-9.180737506535447956e-01,-5.412693792644104107e+00
-5.294158051601761450e+00,-9.502244877769833176e-01,1.054481618498897655e+00,-1.205311312836219839e+00,-9.181028729300459990e-01,-5.412740151514060294e+00
-5.293842973737768354e+00,-9.502518392536098979e-01,1.054521497958047949e+00,-1.205298871061242005e+00,-9.181317749455325528e-01,-5.412786289501642756e+00
-5.293527936372990794e+00,-9.502791756259343359e-01,1.054561346363760199e+00,-1.205286311741382343e+00,-9.181604542555215076e-01,-5.412832204392987734e+00
-5.293212940879839401e+00,-9.503064960827932728e-01,1.054601162219718669e+00,-1.205273633486570350e+00,-9.181889084155296921e-01,-5.412877893974227916e+00
-5.292897988630723027e+00,-9.503337998130225728e-01,1.054640944029608507e+00,-1.205260834906734857e+00,-9.182171349810740457e-01,-5.412923356031498656e+00
-5.292583080998053191e+00,-9.503610860054590992e-01,1.054680690297114642e+00,-1.205247914611806026e+00,-9.182451315076716192e-01,-5.412968588350933530e+00
-5.292268219354236081e+00,-9.503883538489387162e-01,1.054720399525921115e+00,-1.205234871211713132e+00,-9.182728955508392410e-01,-5.413013588718668778e+00
-5.291953404948214867e+00,-9.504156025356644832e-01,1.054760070240993608e+00,-1.205221703421648138e+00,-9.183004248463405572e-01,-5.413058355075053285e+00
-5.291638637869344741e+00,-9.504428312894540598e-01,1.054799701167158155e+00,-1.205208410945403097e+00,-9.183277188227699783e-01,-5.413102886808824010e+00
-5.291323917571889801e+00,-9.504700393514405876e-01,1.054839291138702562e+00,-1.205194994028216504e+00,-9.183547778358688296e-01,-5.413147184101974929e+00
-5.291009243503615345e+00,-9.504972259629347331e-01,1.054878838991033962e+00,-1.205181452920864871e+00,-9.183816022508631827e-01,-5.413191247144617080e+00
-5.290694615112285781e+00,-9.505243903652466075e-01,1.054918343559560601e+00,-1.205167787874125374e+00,-9.184081924329781099e-01,-5.413235076126862388e+00
-5.290380031845670850e+00,-9.505515317996868774e-01,1.054957803679689832e+00,-1.205153999138774745e+00,-9.184345487474391279e-01,-5.413278671238822781e+00
-5.290065493151534071e+00,-9.505786495075655429e-01,1.054997218186829233e+00,-1.205140086965590163e+00,-9.184606715594716420e-01,-5.413322032670607520e+00
-5.289750998477643407e+00,-9.506057427301933815e-01,1.055036585916386382e+00,-1.205126051605347692e+00,-9.184865612343013908e-01,-5.413365160612328530e+00
-5.289436547271765043e+00,-9.506328107088806156e-01,1.055075905703768635e+00,-1.205111893308824955e+00,-9.185122181371537797e-01,-5.413408055254097739e+00
-5.289122138981666055e+00,-9.506598526849375785e-01,1.055115176384384013e+00,-1.205097612326798684e+00,-9.185376426332539923e-01,-5.413450716786025296e+00
-5.288807773055109962e+00,-9.506868678996746036e-01,1.055154396793639870e+00,-1.205083208910045389e+00,-9.185628350878278781e-01,-5.413493145398221351e+00
-5.288493448939865615e+00,-9.507138555944021352e-01,1.055193565766943786e+00,-1.205068683309342692e+00,-9.185877958661007314e-01,-5.413535341280798718e+00
-5.288179166083697424e+00,-9.507408150104308397e-01,1.055232682139703115e+00,-1.205054035775466659e+00,-9.186125253332981799e-01,-5.413577304623867548e+00
-5.287864923934374239e+00,-9.507677453890706065e-01,1.055271744747325879e+00,-1.205039266559194910e+00,-9.186370238546454070e-01,-5.413619035617538877e+00
-5.287550721939661358e+00,-9.507946459716319909e-01,1.055310752425219656e+00,-1.205024375911303514e+00,-9.186612917953682622e-01,-5.413660534451923745e+00
-5.287236559547322301e+00,-9.508215159994254373e-01,1.055349704008791134e+00,-1.205009364082570089e+00,-9.186853295206921510e-01,-5.413701801317134965e+00
-5.286922436205127696e+00,-9.508483547137613900e-01,1.055388598333449224e+00,-1.204994231323770926e+00,-9.187091373958422569e-01,-5.413742836403280023e+00
-5.286608351360841951e+00,-9.508751613559500715e-01,1.055427434234600614e+00,-1.204978977885683422e+00,-9.187327157860444293e-01,-5.413783639900475286e+00
-5.286294304462231253e+00,-9.509019351673018150e-01,1.055466210547653327e+00,-1.204963604019084089e+00,-9.187560650565238518e-01,-5.413824211998826463e+00
-5.285980294957062675e+00,-9.509286753891273980e-01,1.055504926108014718e+00,-1.204948109974749659e+00,-9.187791855725060408e-01,-5.413864552888446369e+00
-5.285666322293099739e+00,-9.509553812627368208e-01,1.055543579751091920e+00,-1.204932496003457310e+00,-9.188020776992168459e-01,-5.413904662759447817e+00
-5.285352385918113072e+00,-9.509820520294405277e-01,1.055582170312293622e+00,-1.204916762355984217e+00,-9.188247418018813395e-01,-5.413944541801940069e+00
-5.285038485279865306e+00,-9.510086869305488522e-01,1.055620696627026511e+00,-1.204900909283106891e+00,-9.188471782457252601e-01,-5.413984190206034164e+00
-5.284724619826124403e+00,-9.510352852073723495e-01,1.055659157530698611e+00,-1.204884937035602066e+00,-9.188693873959737912e-01,-5.414023608161842027e+00
-5.284410789004656550e+00,-9.510618461012213531e-01,1.055697551858717276e+00,-1.204868845864246696e+00,-9.188913696178527823e-01,-5.414062795859475585e+00
-5.284096992263228820e+00,-9.510883688534063074e-01,1.055735878446489862e+00,-1.204852636019817957e+00,-9.189131252765875280e-01,-5.414101753489044100e+00
-5.283783229049606511e+00,-9.511148527052372126e-01,1.055774136129424834e+00,-1.204836307753092361e+00,-9.189346547374033225e-01,-5.414140481240659497e+00
-5.283469498811555809e+00,-9.511412968980248461e-01,1.055812323742928660e+00,-1.204819861314846641e+00,-9.189559583655260155e-01,-5.414178979304431927e+00
-5.283155800996844675e+00,-9.511677006730794304e-01,1.055850440122409806e+00,-1.204803296955858416e+00,-9.189770365261807905e-01,-5.414217247870474203e+00
-5.282842135053236632e+00,-9.511940632717115207e-01,1.055888484103275182e+00,-1.204786614926903976e+00,-9.189978895845933859e-01,-5.414255287128895588e+00
-5.282528500428500529e+00,-9.512203839352312285e-01,1.055926454520932811e+00,-1.204769815478760275e+00,-9.190185179059890963e-01,-5.414293097269808008e+00
-5.282214896570400775e+00,-9.512466619049491090e-01,1.055964350210790270e+00,-1.204752898862204047e+00,-9.190389218555934381e-01,-5.414330678483323389e+00
-5.281901322926705333e+00,-9.512728964221756067e-01,1.056002170008254915e+00,-1.204735865328012689e+00,-9.190591017986319278e-01,-5.414368030959551881e+00
-5.281587778945178613e+00,-9.512990867282207219e-01,1.056039912748734544e+00,-1.204718715126962492e+00,-9.190790581003298598e-01,-5.414405154888604521e+00
-5.281274264073589464e+00,-9.513252320643954540e-01,1.056077577267636514e+00,-1.204701448509830630e+00,-9.190987911259130838e-01,-5.414442050460592348e+00
-5.280960777759702296e+00,-9.513513316720095814e-01,1.056115162400368401e+00,-1.204684065727394282e+00,-9.191183012406068942e-01,-5.414478717865626400e+00
-5.280647319451284183e+00,-9.513773847923737703e-01,1.056152666982338006e+00,-1.204666567030429514e+00,-9.191375888096366964e-01,-5.414515157293818604e+00
-5.280333888596101310e+00,-9.514033906667983542e-01,1.056190089848952907e+00,-1.204648952669714168e+00,-9.191566541982280070e-01,-5.414551368935279108e+00
-5.280020484641918088e+00,-9.514293485365938885e-01,1.056227429835620679e+00,-1.204631222896024312e+00,-9.191754977716063424e-01,-5.414587352980118062e+00
-5.279707107036505143e+00,-9.514552576430704844e-01,1.056264685777748680e+00,-1.204613377960137122e+00,-9.191941198949973302e-01,-5.414623109618449170e+00
-5.279393755227624219e+00,-9.514811172275386975e-01,1.056301856510744708e+00,-1.204595418112829552e+00,-9.192125209336260427e-01,-5.414658639040382582e+00
-5.279080428663045943e+00,-9.515069265313087499e-01,1.056338940870015897e+00,-1.204577343604878115e+00,-9.192307012527184407e-01,-5.414693941436027558e+00
-5.278767126790532060e+00,-9.515326847956910861e-01,1.056375937690970712e+00,-1.204559154687060429e+00,-9.192486612174995964e-01,-5.414729016995496025e+00
-5.278453849057853198e+00,-9.515583912619962614e-01,1.056412845809015844e+00,-1.204540851610152785e+00,-9.192664011931951373e-01,-5.414763865908900797e+00
-5.278140594912772876e+00,-9.515840451715344983e-01,1.056449664059559534e+00,-1.204522434624932137e+00,-9.192839215450308021e-01,-5.414798488366351137e+00
-5.277827363803058169e+00,-9.516096457656160190e-01,1.056486391278009362e+00,-1.204503903982175217e+00,-9.193012226382318852e-01,-5.414832884557959858e+00
-5.277514155176475263e+00,-9.516351922855516010e-01,1.056523026299772017e+00,-1.204485259932659647e+00,-9.193183048380236810e-01,-5.414867054673835334e+00
-5.277200968480791232e+00,-9.516606839726511335e-01,1.056559567960256185e+00,-1.204466502727161270e+00,-9.193351685096318171e-01,-5.414900998904090379e+00
-5.276887803163771373e+00,-9.516861200682255051e-01,1.056596015094868557e+00,-1.204447632616457486e+00,-9.193518140182819209e-01,-5.414934717438836032e+00
-5.276574658679145102e+00,-9.517114997924094322e-01,1.056632366510990018e+00,-1.204428649900607606e+00,-9.193682418075370677e-01,-5.414968210534890858e+00
-5.276261534524657293e+00,-9.517368222090732965e-01,1.056668620809172676e+00,-1.204409555243352026e+00,-9.193844528990614551e-01,-5.415001478941348978e+00
-5.275948430217745511e+00,-9.517620863121403207e-01,1.056704776497386478e+00,-1.204390349471223365e+00,-9.194004485732878429e-01,-5.415034523627654472e+00
-5.275635345275945909e+00,-9.517872910952053234e-01,1.056740832083169046e+00,-1.204371033411516745e+00,-9.194162301118626868e-01,-5.415067345564286150e+00
-5.275322279216792865e+00,-9.518124355518635671e-01,1.056776786074057783e+00,-1.204351607891527731e+00,-9.194317987964319983e-01,-5.415099945721721930e+00
-5.275009231557819867e+00,-9.518375186757103146e-01,1.056812636977589204e+00,-1.204332073738551445e+00,-9.194471559086421220e-01,-5.415132325070441510e+00
-5.274696201816559515e+00,-9.518625394603406065e-01,1.056848383301300487e+00,-1.204312431779883230e+00,-9.194623027301391804e-01,-5.415164484580921922e+00
-5.274383189510547076e+00,-9.518874968993495944e-01,1.056884023552728369e+00,-1.204292682842818429e+00,-9.194772405425695183e-01,-5.415196425223641086e+00
-5.274070194157316926e+00,-9.519123899863322080e-01,1.056919556239410474e+00,-1.204272827754652608e+00,-9.194919706275794802e-01,-5.415228147969078698e+00
-5.273757215274402554e+00,-9.519372177148838210e-01,1.056954979868883093e+00,-1.204252867342681110e+00,-9.195064942668150776e-01,-5.415259653787712679e+00
-5.273444252379336561e+00,-9.519619790785995850e-01,1.056990292948683852e+00,-1.204232802434199057e+00,-9.195208127419225441e-01,-5.415290943650020949e+00
-5.273131304989655099e+00,-9.519866730710746516e-01,1.057025493986349263e+00,-1.204212633856502235e+00,-9.195349273345483354e-01,-5.415322018526483205e+00
-5.272818372622892547e+00,-9.520112986859039506e-01,1.057060581489416728e+00,-1.204192362436885544e+00,-9.195488393263386850e-01,-5.415352879387574703e+00
-5.272505454796579727e+00,-9.520358549166826334e-01,1.057095553965423429e+00,-1.204171989002644105e+00,-9.195625499989393825e-01,-5.415383527203777803e+00
-5.272192551028252794e+00,-9.520603407570058518e-01,1.057130409921905434e+00,-1.204151514381073929e+00,-9.195760606339972165e-01,-5.415413962945565984e+00
-5.271879660835446124e+00,-9.520847552004688685e-01,1.057165147866400812e+00,-1.204130939399470135e+00,-9.195893725131580876e-01,-5.415444187583422497e+00
-5.271566783735693207e+00,-9.521090972406667241e-01,1.057199766306446076e+00,-1.204110264885128068e+00,-9.196024869180684513e-01,-5.415474202087823485e+00
-5.271253919246527531e+00,-9.521333658711945702e-01,1.057234263749578407e+00,-1.204089491665343070e+00,-9.196154051303743193e-01,-5.415504007429246869e+00
-5.270941066885483473e+00,-9.521575600856475585e-01,1.057268638703334318e+00,-1.204068620567410486e+00,-9.196281284317220361e-01,-5.415533604578171456e+00
-5.270628226170095409e+00,-9.521816788776207297e-01,1.057302889675251434e+00,-1.204047652418625658e+00,-9.196406581037579464e-01,-5.415562994505076055e+00
-5.270315396617895054e+00,-9.522057212407092353e-01,1.057337015172866712e+00,-1.204026588046283708e+00,-9.196529954281280617e-01,-5.415592178180437699e+00
-5.270002577746419448e+00,-9.522296861685083380e-01,1.057371013703717111e+00,-1.204005428277680645e+00,-9.196651416864786155e-01,-5.415621156574736084e+00
-5.269689769073202079e+00,-9.522535726546129675e-01,1.057404883775339144e+00,-1.203984173940111368e+00,-9.196770981604560635e-01,-5.415649930658449129e+00
-5.269376970115775549e+00,-9.522773796926183865e-01,1.057438623895270657e+00,-1.203962825860871444e+00,-9.196888661317065283e-01,-5.415678501402054756e+00
-5.269064180391674235e+00,-9.523011062761198575e-01,1.057472232571048165e+00,-1.203941384867255771e+00,-9.197004468818762435e-01,-5.415706869776031773e+00
-5.268751399418432513e+00,-9.523247513987123103e-01,1.057505708310208847e+00,-1.203919851786559914e+00,-9.197118416926114426e-01,-5.415735036750858100e+00
-5.268438626713584760e+00,-9.523483140539908964e-01,1.057539049620289218e+00,-1.203898227446079439e+00,-9.197230518455583592e-01,-5.415763003297013434e+00
-5.268125861794662690e+00,-9.523717932355507676e-01,1.057572255008827122e+00,-1.203876512673109689e+00,-9.197340786223632270e-01,-5.415790770384973918e+00
-5.267813104179203343e+00,-9.523951879369869644e-01,1.057605322983358853e+00,-1.203854708294946008e+00,-9.197449233046722794e-01,-5.415818338985218361e+00
-5.267500353384738432e+00,-9.524184971518947496e-01,1.057638252051422034e+00,-1.203832815138883516e+00,-9.197555871741318612e-01,-5.415845710068226460e+00
-5.267187608928804998e+00,-9.524417198738691637e-01,1.057671040720552957e+00,-1.203810834032217558e+00,-9.197660715123878727e-01,-5.415872884604476134e+00
-5.266874870328932978e+00,-9.524648550965055804e-01,1.057703687498289469e+00,-1.203788765802243921e+00,-9.197763776010869918e-01,-5.415899863564445305e+00
-5.266562137102658525e+00,-9.524879018133987074e-01,1.057736190892168082e+00,-1.203766611276257281e+00,-9.197865067218752300e-01,-5.415926647918611891e+00
-5.266249408767515128e+00,-9.525108590181441404e-01,1.057768549409725978e+00,-1.203744371281553871e+00,-9.197964601563985987e-01,-5.415953238637454703e+00
-5.265936684841038939e+00,-9.525337257043365868e-01,1.057800761558499891e+00,-1.203722046645428367e+00,-9.198062391863037757e-01,-5.415979636691453436e+00
-5.265623964840759896e+00,-9.525565008655715316e-01,1.057832825846027003e+00,-1.203699638195176336e+00,-9.198158450932366614e-01,-5.416005843051083346e+00
-5.265311248284214152e+00,-9.525791834954437931e-01,1.057864740779844714e+00,-1.203677146758093119e+00,-9.198252791588436006e-01,-5.416031858686824130e+00
-5.264998534688937859e+00,-9.526017725875488562e-01,1.057896504867489318e+00,-1.203654573161474284e+00,-9.198345426647710488e-01,-5.416057684569155484e+00
-5.264685823572460954e+00,-9.526242671354814284e-01,1.057928116616498437e+00,-1.203631918232614728e+00,-9.198436368926649065e-01,-5.416083321668555328e+00
-5.264373114452319591e+00,-9.526466661328369945e-01,1.057959574534408587e+00,-1.203609182798810018e+00,-9.198525631241716294e-01,-5.416108770955500695e+00
-5.264060406846046369e+00,-9.526689685732105950e-01,1.057990877128757390e+00,-1.203586367687355718e+00,-9.198613226409371180e-01,-5.416134033400470393e+00
-5.263747700271178331e+00,-9.526911734501971596e-01,1.058022022907081361e+00,-1.203563473725546951e+00,-9.198699167246079389e-01,-5.416159109973944119e+00
-5.263434994245247189e+00,-9.527132797573920620e-01,1.058053010376917458e+00,-1.203540501740679280e+00,-9.198783466568304368e-01,-5.416184001646398016e+00
-5.263122288285785544e+00,-9.527352864883903427e-01,1.058083838045803082e+00,-1.203517452560048051e+00,-9.198866137192505121e-01,-5.416208709388311782e+00
-5.262809581910329548e+00,-9.527571926367870425e-01,1.058114504421275193e+00,-1.203494327010948162e+00,-9.198947191935143985e-01,-5.416233234170162447e+00
-5.262496874636414468e+00,-9.527789971961774240e-01,1.058145008010870303e+00,-1.203471125920675178e+00,-9.199026643612685517e-01,-5.416257576962431486e+00
-5.262184165981570239e+00,-9.528006991601566389e-01,1.058175347322126258e+00,-1.203447850116524886e+00,-9.199104505041592050e-01,-5.416281738735594153e+00
-5.261871455463333902e+00,-9.528222975223198388e-01,1.058205520862579352e+00,-1.203424500425792187e+00,-9.199180789038324813e-01,-5.416305720460129258e+00
-5.261558742599239835e+00,-9.528437912762619533e-01,1.058235527139767207e+00,-1.203401077675772646e+00,-9.199255508419346139e-01,-5.416329523106516497e+00
-5.261246026906818862e+00,-9.528651794155782451e-01,1.058265364661225894e+00,-1.203377582693761827e+00,-9.199328676001118366e-01,-5.416353147645232902e+00
-5.260933307903608025e+00,-9.528864609338640879e-01,1.058295031934493480e+00,-1.203354016307054408e+00,-9.199400304600103828e-01,-5.416376595046756393e+00
-5.260620585107140812e+00,-9.529076348247140782e-01,1.058324527467106257e+00,-1.203330379342946177e+00,-9.199470407032767083e-01,-5.416399866281566666e+00
-5.260307858034948936e+00,-9.529287000817235898e-01,1.058353849766601851e+00,-1.203306672628732699e+00,-9.199538996115566025e-01,-5.416422962320141643e+00
-5.259995126204568550e+00,-9.529496556984879962e-01,1.058382997340516551e+00,-1.203282896991708872e+00,-9.199606084664967431e-01,-5.416445884132960131e+00
-5.259682389133533142e+00,-9.529705006686020052e-01,1.058411968696387984e+00,-1.203259053259170264e+00,-9.199671685497431417e-01,-5.416468632690500051e+00
-5.259369646339377979e+00,-9.529912339856612125e-01,1.058440762341752883e+00,-1.203235142258412216e+00,-9.199735811429419208e-01,-5.416491208963238435e+00
-5.259056897339633885e+00,-9.530118546432604365e-01,1.058469376784148430e+00,-1.203211164816730516e+00,-9.199798475277395360e-01,-5.416513613921654979e+00
-5.258744141651837012e+00,-9.530323616349947180e-01,1.058497810531111138e+00,-1.203187121761419620e+00,-9.199859689857823319e-01,-5.416535848536228492e+00
-5.258431378793521738e+00,-9.530527539544595417e-01,1.058526062090178854e+00,-1.203163013919775537e+00,-9.199919467987162092e-01,-5.416557913777436006e+00
-5.258118608282221551e+00,-9.530730305952496151e-01,1.058554129968887869e+00,-1.203138842119093388e+00,-9.199977822481875123e-01,-5.416579810615756330e+00
-5.257805829635469941e+00,-9.530931905509605340e-01,1.058582012674775807e+00,-1.203114607186668739e+00,-9.200034766158425859e-01,-5.416601540021669159e+00
-5.257493042370800396e+00,-9.531132328151871169e-01,1.058609708715378961e+00,-1.203090309949796932e+00,-9.200090311833275525e-01,-5.416623102965650638e+00
-5.257180246005749957e+00,-9.531331563815245156e-01,1.058637216598234954e+00,-1.203065951235773090e+00,-9.200144472322887568e-01,-5.416644500418179575e+00
-5.256867440057847674e+00,-9.531529602435679926e-01,1.058664534830880299e+00,-1.203041531871892333e+00,-9.200197260443722103e-01,-5.416665733349735667e+00
-5.256554624044631474e+00,-9.531726433949125887e-01,1.058691661920852845e+00,-1.203017052685450894e+00,-9.200248689012244796e-01,-5.416686802730795947e+00
-5.256241797483633071e+00,-9.531922048291534555e-01,1.058718596375688437e+00,-1.202992514503743227e+00,-9.200298770844915763e-01,-5.416707709531839221e+00
-5.255928959892389507e+00,-9.532116435398857446e-01,1.058745336702925144e+00,-1.202967918154065341e+00,-9.200347518758198451e-01,-5.416728454723343411e+00
-5.255616110788430717e+00,-9.532309585207043856e-01,1.058771881410099480e+00,-1.202943264463712136e+00,-9.200394945568551863e-01,-5.416749039275788213e+00
-5.255303249689293743e+00,-9.532501487652049743e-01,1.058798229004748404e+00,-1.202918554259979178e+00,-9.200441064092443888e-01,-5.416769464159649772e+00
-5.254990376112510297e+00,-9.532692132669819962e-01,1.058824377994408872e+00,-1.202893788370161587e+00,-9.200485887146333530e-01,-5.416789730345408671e+00
-5.254677489575616534e+00,-9.532881510196311581e-01,1.058850326886618287e+00,-1.202868967621555152e+00,-9.200529427546684236e-01,-5.416809838803541943e+00
-5.254364589596145052e+00,-9.533069610167473895e-01,1.058876074188913607e+00,-1.202844092841454771e+00,-9.200571698109955010e-01,-5.416829790504526621e+00
-5.254051675691630230e+00,-9.533256422519256201e-01,1.058901618408831569e+00,-1.202819164857156453e+00,-9.200612711652613740e-01,-5.416849586418844176e+00
-5.253738747379606444e+00,-9.533441937187613346e-01,1.058926958053908907e+00,-1.202794184495954877e+00,-9.200652480991119431e-01,-5.416869227516972529e+00
-5.253425804177607183e+00,-9.533626144108495737e-01,1.058952091631683468e+00,-1.202769152585145607e+00,-9.200691018941934418e-01,-5.416888714769386937e+00
-5.253112845603166825e+00,-9.533809033217851558e-01,1.058977017649691543e+00,-1.202744069952024208e+00,-9.200728338321519928e-01,-5.416908049146568871e+00
-5.252799871173817969e+00,-9.533990594451636769e-01,1.059001734615470758e+00,-1.202718937423885359e+00,-9.200764451946342737e-01,-5.416927231618993588e+00
-5.252486880407096770e+00,-9.534170817745799553e-01,1.059026241036557625e+00,-1.202693755828025290e+00,-9.200799372632862960e-01,-5.416946263157143449e+00
-5.252173872820535827e+00,-9.534349693036290319e-01,1.059050535420489547e+00,-1.202668525991738901e+00,-9.200833113197539603e-01,-5.416965144731492821e+00
-5.251860847931669518e+00,-9.534527210259063912e-01,1.059074616274803038e+00,-1.202643248742321758e+00,-9.200865686456839443e-01,-5.416983877312522289e+00
-5.251547805258030444e+00,-9.534703359350068519e-01,1.059098482107035499e+00,-1.202617924907069202e+00,-9.200897105227223705e-01,-5.417002461870710661e+00
-5.251234744317156533e+00,-9.534878130245256767e-01,1.059122131424723889e+00,-1.202592555313276357e+00,-9.200927382325153614e-01,-5.417020899376534970e+00
-5.250921664626576835e+00,-9.535051512880581281e-01,1.059145562735405166e+00,-1.202567140788238342e+00,-9.200956530567091507e-01,-5.417039190800473136e+00
-5.250608565703828390e+00,-9.535223497191991360e-01,1.059168774546616509e+00,-1.202541682159251168e+00,-9.200984562769501940e-01,-5.417057337113005744e+00
-5.250295447066444687e+00,-9.535394073115438518e-01,1.059191765365894433e+00,-1.202516180253609956e+00,-9.201011491748845028e-01,-5.417075339284608049e+00
-5.249982308231959216e+00,-9.535563230586874273e-01,1.059214533700776339e+00,-1.202490635898610050e+00,-9.201037330321584218e-01,-5.417093198285760636e+00
-5.249669148717906353e+00,-9.535730959542250140e-01,1.059237078058799408e+00,-1.202465049921546569e+00,-9.201062091304179624e-01,-5.417110915086941425e+00
-5.249355968041819587e+00,-9.535897249917517637e-01,1.059259396947500598e+00,-1.202439423149715303e+00,-9.201085787513098024e-01,-5.417128490658627449e+00
-5.249042765721234183e+00,-9.536062091648630501e-01,1.059281488874416421e+00,-1.202413756410410928e+00,-9.201108431764797313e-01,-5.417145925971299292e+00
-5.248729541273681853e+00,-9.536225474671534696e-01,1.059303352347084504e+00,-1.202388050530929453e+00,-9.201130036875744267e-01,-5.417163221995433986e+00
-5.248416294216698752e+00,-9.536387388922185071e-01,1.059324985873041580e+00,-1.202362306338566000e+00,-9.201150615662394561e-01,-5.417180379701510340e+00
-5.248103024067818367e+00,-9.536547824336530921e-01,1.059346387959824831e+00,-1.202336524660615913e+00,-9.201170180941217192e-01,-5.417197400060005386e+00
-5.247789730346412718e+00,-9.536706770849121551e-01,1.059367557114804459e+00,-1.202310706325037337e+00,-9.201188745538860791e-01,-5.417214284042326966e+00
-5.247476412885613506e+00,-9.536864218155146622e-01,1.059388491817020883e+00,-1.202284852272770044e+00,-9.201206324019127747e-01,-5.417231032778023092e+00
-5.247163072184343413e+00,-9.537020155441869873e-01,1.059409190485392394e+00,-1.202258963684503579e+00,-9.201222934632116157e-01,-5.417247647732226667e+00
-5.246849708826536229e+00,-9.537174571831704695e-01,1.059429651531162753e+00,-1.202233041771541000e+00,-9.201238596098590961e-01,-5.417264130412923429e+00
-5.246536323396126633e+00,-9.537327456447062257e-01,1.059449873365574391e+00,-1.202207087745183811e+00,-9.201253327139318205e-01,-5.417280482328094671e+00
-5.246222916477048415e+00,-9.537478798410355951e-01,1.059469854399870847e+00,-1.202181102816733516e+00,-9.201267146475061720e-01,-5.417296704985720801e+00
-5.245909488653235364e+00,-9.537628586844000278e-01,1.059489593045294775e+00,-1.202155088197492727e+00,-9.201280072826587553e-01,-5.417312799893784891e+00
-5.245596040508622160e+00,-9.537776810870405297e-01,1.059509087713089270e+00,-1.202129045098762949e+00,-9.201292124914661752e-01,-5.417328768560270902e+00
-5.245282572627139928e+00,-9.537923459611984400e-01,1.059528336814497207e+00,-1.202102974731845908e+00,-9.201303321460049256e-01,-5.417344612493159239e+00
-5.244969085592726010e+00,-9.538068522191152088e-01,1.059547338760762347e+00,-1.202076878308044217e+00,-9.201313681183516113e-01,-5.417360333200432088e+00
-5.244655579989313310e+00,-9.538211987730315089e-01,1.059566091963126677e+00,-1.202050757038659157e+00,-9.201323222805827262e-01,-5.417375932190072518e+00
-5.244342056400835617e+00,-9.538353845351892346e-01,1.059584594832833959e+00,-1.202024612134993342e+00,-9.201331965047747641e-01,-5.417391410970062715e+00
-5.244028515411226721e+00,-9.538494084178296140e-01,1.059602845781126623e+00,-1.201998444808348054e+00,-9.201339926630042187e-01,-5.417406771048385750e+00
-5.243714957604419524e+00,-9.538632693331933199e-01,1.059620843219248210e+00,-1.201972256270025463e+00,-9.201347126273478061e-01,-5.417422013933022029e+00
-5.243401383564350482e+00,-9.538769661935222466e-01,1.059638585558441370e+00,-1.201946047731327738e+00,-9.201353582698821310e-01,-5.417437141131955514e+00
-5.243087793874950719e+00,-9.538904979110571780e-01,1.059656071209949424e+00,-1.201919820403556383e+00,-9.201359314626833541e-01,-5.417452154153165722e+00
-5.242774189120156692e+00,-9.539038633980396753e-01,1.059673298585015244e+00,-1.201893575498013567e+00,-9.201364340778283024e-01,-5.417467054504639279e+00
-5.242460569883901300e+00,-9.539170615667110775e-01,1.059690266094881705e+00,-1.201867314226001460e+00,-9.201368679873934697e-01,-5.417481843694355703e+00
-5.242146936750118336e+00,-9.539300913293123907e-01,1.059706972150792348e+00,-1.201841037798821343e+00,-9.201372350634553499e-01,-5.417496523230298067e+00
-5.241833290302741588e+00,-9.539429515980848429e-01,1.059723415163989602e+00,-1.201814747427775831e+00,-9.201375371780906587e-01,-5.417511094620446777e+00
-5.241519631125703960e+00,-9.539556412852698841e-01,1.059739593545716785e+00,-1.201788444324166427e+00,-9.201377762033757790e-01,-5.417525559372785793e+00
-5.241205959802942793e+00,-9.539681593031086315e-01,1.059755505707216772e+00,-1.201762129699295523e+00,-9.201379540113872046e-01,-5.417539918995298187e+00
-5.240892276918388326e+00,-9.539805045638424241e-01,1.059771150059732436e+00,-1.201735804764464177e+00,-9.201380724742015405e-01,-5.417554174995964367e+00
-5.240578583055976125e+00,-9.539926759797127120e-01,1.059786525014507319e+00,-1.201709470730975227e+00,-9.201381334638953913e-01,-5.417568328882768292e+00
-5.240264878799641757e+00,-9.540046724629602792e-01,1.059801628982784072e+00,-1.201683128810130174e+00,-9.201381388525452509e-01,-5.417582382163691257e+00
-5.239951164733316347e+00,-9.540164929258267978e-01,1.059816460375805791e+00,-1.201656780213231190e+00,-9.201380905122277243e-01,-5.417596336346715447e+00
-5.239637441440934573e+00,-9.540281362805533849e-01,1.059831017604815351e+00,-1.201630426151580222e+00,-9.201379903150190831e-01,-5.417610192939823932e+00
-5.239323709506431115e+00,-9.540396014393811575e-01,1.059845299081056069e+00,-1.201604067836478551e+00,-9.201378401329962653e-01,-5.417623953450997121e+00
-5.239009969513739762e+00,-9.540508873145515656e-01,1.059859303215770820e+00,-1.201577706479228791e+00,-9.201376418382354316e-01,-5.417637619388220749e+00
-5.238696222046793416e+00,-9.540619928183060594e-01,1.059873028420202479e+00,-1.201551343291132889e+00,-9.201373973028135200e-01,-5.417651192259473447e+00
-5.238382467689527644e+00,-9.540729168628853119e-01,1.059886473105594140e+00,-1.201524979483492350e+00,-9.201371083988068023e-01,-5.417664673572738288e+00
-5.238068707025876236e+00,-9.540836583605311061e-01,1.059899635683188679e+00,-1.201498616267609565e+00,-9.201367769982916611e-01,-5.417678064836000118e+00
-5.237754940639771206e+00,-9.540942162234845592e-01,1.059912514564229635e+00,-1.201472254854785815e+00,-9.201364049733450345e-01,-5.417691367557237569e+00
-5.237441169115149009e+00,-9.541045893639866771e-01,1.059925108159959661e+00,-1.201445896456323936e+00,-9.201359941960433053e-01,-5.417704583244435490e+00
-5.237127393035941658e+00,-9.541147766942791320e-01,1.059937414881622075e+00,-1.201419542283525210e+00,-9.201355465384630783e-01,-5.417717713405575175e+00
-5.236813612986084721e+00,-9.541247771266029298e-01,1.059949433140459307e+00,-1.201393193547691585e+00,-9.201350638726806253e-01,-5.417730759548638808e+00
-5.236499829549509322e+00,-9.541345895731991877e-01,1.059961161347714675e+00,-1.201366851460125451e+00,-9.201345480707727731e-01,-5.417743723181608573e+00
-5.236186043310152805e+00,-9.541442129463095778e-01,1.059972597914631276e+00,-1.201340517232128091e+00,-9.201340010048159046e-01,-5.417756605812468429e+00
-5.235872254851947183e+00,-9.541536461581749951e-01,1.059983741252452205e+00,-1.201314192075001896e+00,-9.201334245468866246e-01,-5.417769408949197896e+00
-5.235558464758828023e+00,-9.541628881210370006e-01,1.059994589772420115e+00,-1.201287877200048815e+00,-9.201328205690615381e-01,-5.417782134099781821e+00
-5.235244673614727340e+00,-9.541719377471366004e-01,1.060005141885778324e+00,-1.201261573818570572e+00,-9.201321909434170276e-01,-5.417794782772200612e+00
-5.234930882003578922e+00,-9.541807939487150225e-01,1.060015396003769705e+00,-1.201235283141869559e+00,-9.201315375420296983e-01,-5.417807356474437341e+00
-5.234617090509318338e+00,-9.541894556380139392e-01,1.060025350537637578e+00,-1.201209006381246835e+00,-9.201308622369761547e-01,-5.417819856714474192e+00
-5.234303299715879376e+00,-9.541979217272741343e-01,1.060035003898624817e+00,-1.201182744748004794e+00,-9.201301669003331130e-01,-5.417832285000293346e+00
-5.233989510207195828e+00,-9.542061911287369469e-01,1.060044354497974073e+00,-1.201156499453446047e+00,-9.201294534041766227e-01,-5.417844642839877878e+00
-5.233675722559619103e+00,-9.542142627666727606e-01,1.060053400766035381e+00,-1.201130271710084907e+00,-9.201287236169968242e-01,-5.417856931738003645e+00
-5.233361937219280335e+00,-9.542221357720170882e-01,1.060062141461424634e+00,-1.201104062751289003e+00,-9.201279793456583755e-01,-5.417869153144409644e+00
-5.233048154522697892e+00,-9.542298094496499683e-01,1.060070575619048938e+00,-1.201077873827974596e+00,-9.201272223451579801e-01,-5.417881308462503043e+00
-5.232734374802971544e+00,-9.542372831098753228e-01,1.060078702282432506e+00,-1.201051706191605506e+00,-9.201264543688756348e-01,-5.417893399094246831e+00
-5.232420598393206390e+00,-9.542445560629970736e-01,1.060086520495097329e+00,-1.201025561093645555e+00,-9.201256771701907811e-01,-5.417905426441604000e+00
-5.232106825626499536e+00,-9.542516276193191427e-01,1.060094029300566509e+00,-1.200999439785558565e+00,-9.201248925024830827e-01,-5.417917391906538427e+00
-5.231793056835956079e+00,-9.542584970891454521e-01,1.060101227742363594e+00,-1.200973343518808578e+00,-9.201241021191322034e-01,-5.417929296891013990e+00
-5.231479292354675792e+00,-9.542651637827797018e-01,1.060108114864011242e+00,-1.200947273544858973e+00,-9.201233077735175847e-01,-5.417941142796992793e+00
-5.231165532515761107e+00,-9.542716270105259246e-01,1.060114689709032776e+00,-1.200921231115173793e+00,-9.201225112190190014e-01,-5.417952931026441377e+00
-5.230851777652312684e+00,-9.542778860826878207e-01,1.060120951320950855e+00,-1.200895217481216859e+00,-9.201217142090162282e-01,-5.417964662981320068e+00
-5.230538028097432957e+00,-9.542839403095696449e-01,1.060126898743288582e+00,-1.200869233894451771e+00,-9.201209184968887067e-01,-5.417976340063593632e+00
-5.230224284184222583e+00,-9.542897890014748752e-01,1.060132531019569058e+00,-1.200843281606342794e+00,-9.201201258360159896e-01,-5.417987963675225060e+00
-5.229910546245785774e+00,-9.542954314687075446e-01,1.060137847193315386e+00,-1.200817361868353528e+00,-9.201193379797778515e-01,-5.417999535218179119e+00
-5.229596814615219635e+00,-9.543008670215717970e-01,1.060142846308050446e+00,-1.200791475931947350e+00,-9.201185566815538452e-01,-5.418011056094416134e+00
-5.229283089625630154e+00,-9.543060949703709994e-01,1.060147527407297119e+00,-1.200765625048588525e+00,-9.201177836947237454e-01,-5.418022527705902647e+00
-5.228969371610116212e+00,-9.543111146254095178e-01,1.060151889534578507e+00,-1.200739810469740432e+00,-9.201170207726668826e-01,-5.418033951454602537e+00
-5.228655660901779356e+00,-9.543159252969909412e-01,1.060155931733417711e+00,-1.200714033446867557e+00,-9.201162696687631426e-01,-5.418045328742476130e+00
-5.228341957833722020e+00,-9.543205262954191914e-01,1.060159653047338058e+00,-1.200688295231433278e+00,-9.201155321363920780e-01,-5.418056660971488192e+00
-5.228028262739047527e+00,-9.543249169309984126e-01,1.060163052519861759e+00,-1.200662597074901417e+00,-9.201148099289332416e-01,-5.418067949543604378e+00
-5.227714575950852982e+00,-9.543290965140320825e-01,1.060166129194512807e+00,-1.200636940228735572e+00,-9.201141047997662969e-01,-5.418079195860784125e+00
-5.227400897802244373e+00,-9.543330643548245673e-01,1.060168882114813638e+00,-1.200611325944400010e+00,-9.201134185022709078e-01,-5.418090401324993977e+00
-5.227087228626319693e+00,-9.543368197636791228e-01,1.060171310324286909e+00,-1.200585755473358329e+00,-9.201127527898268488e-01,-5.418101567338197810e+00
-5.226773568756184041e+00,-9.543403620509003371e-01,1.060173412866456388e+00,-1.200560230067074352e+00,-9.201121094158133396e-01,-5.418112695302355952e+00
-5.226459918524936299e+00,-9.543436905267914661e-01,1.060175188784844735e+00,-1.200534750977011678e+00,-9.201114901336103769e-01,-5.418123786619434945e+00
-5.226146278265679790e+00,-9.543468045016567647e-01,1.060176637122974830e+00,-1.200509319454634349e+00,-9.201108966965975133e-01,-5.418134842691396891e+00
-5.225832648311514284e+00,-9.543497032858001550e-01,1.060177756924369996e+00,-1.200483936751406189e+00,-9.201103308581543017e-01,-5.418145864920203891e+00
-5.225519028995543103e+00,-9.543523861895252258e-01,1.060178547232553337e+00,-1.200458604118790795e+00,-9.201097943716604055e-01,-5.418156854707820713e+00
-5.225205420650866017e+00,-9.543548525231361213e-01,1.060179007091047287e+00,-1.200433322808252212e+00,-9.201092889904953775e-01,-5.418167813456213011e+00
-5.224891823610586350e+00,-9.543571015969366522e-01,1.060179135543375395e+00,-1.200408094071254039e+00,-9.201088164680388815e-01,-5.418178742567341111e+00
-5.224578238207803871e+00,-9.543591327212306297e-01,1.060178931633060317e+00,-1.200382919159260320e+00,-9.201083785576706919e-01,-5.418189643443169778e+00
-5.224264664775623679e+00,-9.543609452063221976e-01,1.060178394403625379e+00,-1.200357799323734875e+00,-9.201079770127702506e-01,-5.418200517485662004e+00
-5.223951103647141991e+00,-9.543625383625147229e-01,1.060177522898593461e+00,-1.200332735816141083e+00,-9.201076135867173322e-01,-5.418211366096781667e+00
-5.223637555155464796e+00,-9.543639115001126827e-01,1.060176316161487442e+00,-1.200307729887943209e+00,-9.201072900328912674e-01,-5.418222190678490868e+00
-5.223324019633692750e+00,-9.543650639294194438e-01,1.060174773235830648e+00,-1.200282782790604630e+00,-9.201070081046720528e-01,-5.418232992632754375e+00
-5.223010497414925624e+00,-9.543659949607393722e-01,1.060172893165145958e+00,-1.200257895775589612e+00,-9.201067695554391301e-01,-5.418243773361536064e+00
-5.222696988832266740e+00,-9.543667039043760569e-01,1.060170674992956252e+00,-1.200233070094361532e+00,-9.201065761385720521e-01,-5.418254534266798927e+00
-5.222383494218815869e+00,-9.543671900706333089e-01,1.060168117762784634e+00,-1.200208306998384433e+00,-9.201064296074505933e-01,-5.418265276750506843e+00
-5.222070013907678110e+00,-9.543674527698152721e-01,1.060165220518154205e+00,-1.200183607739122360e+00,-9.201063317154543064e-01,-5.418276002214621911e+00
-5.221756548231952344e+00,-9.543674913122255354e-01,1.060161982302588068e+00,-1.200158973568038689e+00,-9.201062842159628552e-01,-5.418286712061107124e+00
-5.221443097524738342e+00,-9.543673050081683540e-01,1.060158402159608659e+00,-1.200134405736597243e+00,-9.201062888623560143e-01,-5.418297407691929024e+00
-5.221129662119141202e+00,-9.543668931679473166e-01,1.060154479132739747e+00,-1.200109905496262064e+00,-9.201063474080130034e-01,-5.418308090509048824e+00
-5.220816242348261582e+00,-9.543662551018662343e-01,1.060150212265503766e+00,-1.200085474098497196e+00,-9.201064616063138191e-01,-5.418318761914429516e+00
-5.220502838545199253e+00,-9.543653901202294731e-01,1.060145600601424265e+00,-1.200061112794765572e+00,-9.201066332106379031e-01,-5.418329423310035864e+00
-5.220189451043058426e+00,-9.543642975333403999e-01,1.060140643184023901e+00,-1.200036822836531902e+00,-9.201068639743650301e-01,-5.418340076097831748e+00
-5.219876080174842947e+00,-9.543629766518252344e-01,1.060135339057369341e+00,-1.200012605475406335e+00,-9.201071556504389903e-01,-5.418350721679188631e+00
-5.219562726111796280e+00,-9.543614273239264811e-01,1.060129688173268914e+00,-1.199988462207981277e+00,-9.201075092640264019e-01,-5.418361360470228760e+00
-5.219249388533062195e+00,-9.543596510333987037e-01,1.060123693245017762e+00,-1.199964395276120310e+00,-9.201079236262887928e-01,-5.418371989889788409e+00
-5.218936067024552372e+00,-9.543576495738702592e-01,1.060117357509119396e+00,-1.199940407062891179e+00,-9.201083971289076846e-01,-5.418382606788821221e+00
-5.218622761172171387e+00,-9.543554247389696155e-01,1.060110684202077325e+00,-1.199916499951361848e+00,-9.201089281635647099e-01,-5.418393208018276397e+00
-5.218309470561830032e+00,-9.543529783223255736e-01,1.060103676560394614e+00,-1.199892676324599616e+00,-9.201095151219416124e-01,-5.418403790429108469e+00
-5.217996194779435548e+00,-9.543503121175663795e-01,1.060096337820574997e+00,-1.199868938565672005e+00,-9.201101563957196916e-01,-5.418414350872267526e+00
-5.217682933410896950e+00,-9.543474279183206122e-01,1.060088671219121981e+00,-1.199845289057646758e+00,-9.201108503765810243e-01,-5.418424886198708101e+00
-5.217369686042123256e+00,-9.543443275182167396e-01,1.060080679992539299e+00,-1.199821730183591173e+00,-9.201115954562070209e-01,-5.418435393259380284e+00
-5.217056452259019927e+00,-9.543410127108833407e-01,1.060072367377330016e+00,-1.199798264326573216e+00,-9.201123900262794253e-01,-5.418445868905235940e+00
-5.216743231647499535e+00,-9.543374852899491056e-01,1.060063736609997642e+00,-1.199774893869660630e+00,-9.201132324784798699e-01,-5.418456309987228714e+00
-5.216430023793467541e+00,-9.543337470490422803e-01,1.060054790927045909e+00,-1.199751621195920936e+00,-9.201141212044899875e-01,-5.418466713356308695e+00
-5.216116828282832962e+00,-9.543297997817914435e-01,1.060045533564978326e+00,-1.199728448688421212e+00,-9.201150545959912996e-01,-5.418477075863429526e+00
-5.215803644701503039e+00,-9.543256452818251745e-01,1.060035967760297737e+00,-1.199705378730229643e+00,-9.201160310446656609e-01,-5.418487394359542186e+00
-5.215490472635388564e+00,-9.543212853427720521e-01,1.060026096749508318e+00,-1.199682413704413531e+00,-9.201170489421945931e-01,-5.418497665695599430e+00
-5.215177311670396776e+00,-9.543167217582605444e-01,1.060015923769113355e+00,-1.199659555994040838e+00,-9.201181066802596176e-01,-5.418507886722554012e+00
-5.214864161392436692e+00,-9.543119563219191193e-01,1.060005452055616582e+00,-1.199636807982178865e+00,-9.201192026505427002e-01,-5.418518054291356911e+00
-5.214551021387414664e+00,-9.543069908273763557e-01,1.059994684845520840e+00,-1.199614172051895133e+00,-9.201203352447252515e-01,-5.418528165252959994e+00
-5.214237891241241485e+00,-9.543018270682606108e-01,1.059983625375329863e+00,-1.199591650586257385e+00,-9.201215028544890151e-01,-5.418538216458316015e+00
-5.213924770539822617e+00,-9.542964668382006854e-01,1.059972276881547604e+00,-1.199569245968333586e+00,-9.201227038715155127e-01,-5.418548204758376841e+00
-5.213611658869070631e+00,-9.542909119308249366e-01,1.059960642600676906e+00,-1.199546960581191035e+00,-9.201239366874865988e-01,-5.418558127004095226e+00
-5.213298555814889212e+00,-9.542851641397618323e-01,1.059948725769221722e+00,-1.199524796807897031e+00,-9.201251996940836841e-01,-5.418567980046421262e+00
-5.212985460963190931e+00,-9.542792252586399515e-01,1.059936529623685120e+00,-1.199502757031519318e+00,-9.201264912829885123e-01,-5.418577760736309479e+00
-5.212672373899880363e+00,-9.542730970810879843e-01,1.059924057400571051e+00,-1.199480843635126304e+00,-9.201278098458827159e-01,-5.418587465924709967e+00
-5.212359294210870075e+00,-9.542667814007340654e-01,1.059911312336382139e+00,-1.199459059001784400e+00,-9.201291537744481497e-01,-5.418597092462575482e+00
-5.212046221482063757e+00,-9.542602800112071071e-01,1.059898297667622780e+00,-1.199437405514562238e+00,-9.201305214603661131e-01,-5.418606637200858778e+00
-5.211733155299373976e+00,-9.542535947061353552e-01,1.059885016630796262e+00,-1.199415885556526673e+00,-9.201319112953183499e-01,-5.418616096990509945e+00
-5.211420095248705309e+00,-9.542467272791474997e-01,1.059871472462405873e+00,-1.199394501510745670e+00,-9.201333216709868257e-01,-5.418625468682484403e+00
-5.211107040915969435e+00,-9.542396795238718976e-01,1.059857668398955122e+00,-1.199373255760286749e+00,-9.201347509790526180e-01,-5.418634749127730466e+00
-5.210793991887072707e+00,-9.542324532339372389e-01,1.059843607676947075e+00,-1.199352150688217655e+00,-9.201361976111976926e-01,-5.418643935177202664e+00
-5.210480947747925029e+00,-9.542250502029721027e-01,1.059829293532886130e+00,-1.199331188677605908e+00,-9.201376599591039041e-01,-5.418653023681852865e+00
-5.210167908084432753e+00,-9.542174722246046237e-01,1.059814729203275130e+00,-1.199310372111519030e+00,-9.201391364144526630e-01,-5.418662011492631159e+00
-5.209854872482506671e+00,-9.542097210924636030e-01,1.059799917924617807e+00,-1.199289703373024540e+00,-9.201406253689254910e-01,-5.418670895460492964e+00
-5.209541840528052248e+00,-9.542017986001776197e-01,1.059784862933417227e+00,-1.199269184845190406e+00,-9.201421252142042428e-01,-5.418679672436386596e+00
-5.209228811806980275e+00,-9.541937065413750307e-01,1.059769567466177564e+00,-1.199248818911083925e+00,-9.201436343419703290e-01,-5.418688339271266585e+00
-5.208915785905198881e+00,-9.541854467096845260e-01,1.059754034759401664e+00,-1.199228607953773063e+00,-9.201451511439058262e-01,-5.418696892816084798e+00
-5.208602762408616194e+00,-9.541770208987344626e-01,1.059738268049593257e+00,-1.199208554356324896e+00,-9.201466740116919230e-01,-5.418705329921792213e+00
-5.208289740903138565e+00,-9.541684309021533084e-01,1.059722270573255853e+00,-1.199188660501807169e+00,-9.201482013370103630e-01,-5.418713647439342473e+00
-5.207976720974676788e+00,-9.541596785135697534e-01,1.059706045566892962e+00,-1.199168928773287846e+00,-9.201497315115431119e-01,-5.418721842219685669e+00
-5.207663702209138989e+00,-9.541507655266122656e-01,1.059689596267007872e+00,-1.199149361553834447e+00,-9.201512629269714694e-01,-5.418729911113774556e+00
-5.207350684192432411e+00,-9.541416937349094241e-01,1.059672925910104313e+00,-1.199129961226514496e+00,-9.201527939749771789e-01,-5.418737850972562775e+00
-5.207037666510466067e+00,-9.541324649320896967e-01,1.059656037732685574e+00,-1.199110730174395290e+00,-9.201543230472418733e-01,-5.418745658646999530e+00
-5.206724648749148976e+00,-9.541230809117814404e-01,1.059638934971254942e+00,-1.199091670780545016e+00,-9.201558485354472960e-01,-5.418753330988040240e+00
-5.206411630494388376e+00,-9.541135434676134564e-01,1.059621620862316593e+00,-1.199072785428030974e+00,-9.201573688312749688e-01,-5.418760864846634107e+00
-5.206098611332093284e+00,-9.541038543932139904e-01,1.059604098642373371e+00,-1.199054076499920685e+00,-9.201588823264065242e-01,-5.418768257073734773e+00
-5.205785590848171829e+00,-9.540940154822118435e-01,1.059586371547929007e+00,-1.199035546379281891e+00,-9.201603874125237059e-01,-5.418775504520293218e+00
-5.205472568628532137e+00,-9.540840285282352617e-01,1.059568442815486788e+00,-1.199017197449181893e+00,-9.201618824813082576e-01,-5.418782604037262196e+00
-5.205159544259083226e+00,-9.540738953249129350e-01,1.059550315681550448e+00,-1.198999032092688877e+00,-9.201633659244415897e-01,-5.418789552475595350e+00
-5.204846517325733224e+00,-9.540636176658733314e-01,1.059531993382623272e+00,-1.198981052692870142e+00,-9.201648361336053350e-01,-5.418796346686240994e+00
-5.204533487414390258e+00,-9.540531973447450298e-01,1.059513479155208771e+00,-1.198963261632793209e+00,-9.201662915004814591e-01,-5.418802983520153660e+00
-5.204220454110962457e+00,-9.540426361551563872e-01,1.059494776235810898e+00,-1.198945661295525822e+00,-9.201677304167511506e-01,-5.418809459828286101e+00
-5.203907417001359725e+00,-9.540319358907362046e-01,1.059475887860932053e+00,-1.198928254064135279e+00,-9.201691512740965972e-01,-5.418815772461588409e+00
-5.203594375671488415e+00,-9.540210983451126170e-01,1.059456817267076856e+00,-1.198911042321689768e+00,-9.201705524641989875e-01,-5.418821918271014226e+00
-5.203281329707258429e+00,-9.540101253119145364e-01,1.059437567690747928e+00,-1.198894028451256588e+00,-9.201719323787399540e-01,-5.418827894107514531e+00
-5.202968278694576121e+00,-9.539990185847702087e-01,1.059418142368449223e+00,-1.198877214835903260e+00,-9.201732894094016846e-01,-5.418833696822041190e+00
-5.202655222219353170e+00,-9.539877799573082129e-01,1.059398544536684250e+00,-1.198860603858697749e+00,-9.201746219478652566e-01,-5.418839323265547847e+00
-5.202342159867494154e+00,-9.539764112231572390e-01,1.059378777431956076e+00,-1.198844197902706910e+00,-9.201759283858124139e-01,-5.418844770288985480e+00
-5.202029091224910751e+00,-9.539649141759456441e-01,1.059358844290768431e+00,-1.198827999350999152e+00,-9.201772071149251220e-01,-5.418850034743305955e+00
-5.201716015877508426e+00,-9.539532906093018960e-01,1.059338748349625270e+00,-1.198812010586641774e+00,-9.201784565268845695e-01,-5.418855113479461139e+00
-5.201402933411197971e+00,-9.539415423168545738e-01,1.059318492845029436e+00,-1.198796233992702298e+00,-9.201796750133728331e-01,-5.418860003348403787e+00
-5.201089843411885738e+00,-9.539296710922322564e-01,1.059298081013484438e+00,-1.198780671952248245e+00,-9.201808609660712124e-01,-5.418864701201087541e+00
-5.200776745465482520e+00,-9.539176787290634119e-01,1.059277516091494009e+00,-1.198765326848347579e+00,-9.201820127766615620e-01,-5.418869203888459829e+00
-5.200463639157893780e+00,-9.539055670209765081e-01,1.059256801315561436e+00,-1.198750201064067822e+00,-9.201831288368255146e-01,-5.418873508261477845e+00
-5.200150524075031200e+00,-9.538933377616002351e-01,1.059235939922190228e+00,-1.198735296982476495e+00,-9.201842075382445918e-01,-5.418877611171089903e+00
-5.199837399802799354e+00,-9.538809927445629500e-01,1.059214935147884118e+00,-1.198720616986641119e+00,-9.201852472726005372e-01,-5.418881509468249646e+00
-5.199524265927110811e+00,-9.538685337634931205e-01,1.059193790229146170e+00,-1.198706163459629215e+00,-9.201862464315750945e-01,-5.418885200003910718e+00
-5.199211122033870147e+00,-9.538559626120196588e-01,1.059172508402480339e+00,-1.198691938784508748e+00,-9.201872034068496742e-01,-5.418888679629021432e+00
-5.198897967708988155e+00,-9.538432810837704778e-01,1.059151092904389468e+00,-1.198677945344347240e+00,-9.201881165901060200e-01,-5.418891945194537207e+00
-5.198584802538371186e+00,-9.538304909723744895e-01,1.059129546971377733e+00,-1.198664185522212211e+00,-9.201889843730257645e-01,-5.418894993551408135e+00
-5.198271626107930032e+00,-9.538175940714601619e-01,1.059107873839948200e+00,-1.198650661701170961e+00,-9.201898051472906515e-01,-5.418897821550586080e+00
-5.197958438003571935e+00,-9.538045921746559630e-01,1.059086076746604599e+00,-1.198637376264291454e+00,-9.201905773045822023e-01,-5.418900426043025575e+00
-5.197645237811204133e+00,-9.537914870755905827e-01,1.059064158927850219e+00,-1.198624331594641435e+00,-9.201912992365821609e-01,-5.418902803879676711e+00
-5.197332025116736531e+00,-9.537782805678922671e-01,1.059042123620188347e+00,-1.198611530075288201e+00,-9.201919693349721596e-01,-5.418904951911491352e+00
-5.197018799506077258e+00,-9.537649744451897060e-01,1.059019974060122937e+00,-1.198598974089299496e+00,-9.201925859914337202e-01,-5.418906866989423143e+00
-5.196705560565133553e+00,-9.537515705011112566e-01,1.058997713484157055e+00,-1.198586666019742841e+00,-9.201931475976485864e-01,-5.418908545964422174e+00
-5.196392307879815320e+00,-9.537380705292856087e-01,1.058975345128794210e+00,-1.198574608249685980e+00,-9.201936525452983906e-01,-5.418909985687442088e+00
-5.196079041036029800e+00,-9.537244763233413414e-01,1.058952872230538356e+00,-1.198562803162196433e+00,-9.201940992260648766e-01,-5.418911183009433863e+00
-5.195765759619686008e+00,-9.537107896769068116e-01,1.058930298025892558e+00,-1.198551253140341943e+00,-9.201944860316295660e-01,-5.418912134781350254e+00
-5.195452463216692074e+00,-9.536970123836104873e-01,1.058907625751360104e+00,-1.198539960567189810e+00,-9.201948113536740914e-01,-5.418912837854142239e+00
-5.195139151412957013e+00,-9.536831462370811696e-01,1.058884858643444948e+00,-1.198528927825807999e+00,-9.201950735838800854e-01,-5.418913289078764350e+00
-5.194825823794388064e+00,-9.536691930309469933e-01,1.058861999938650378e+00,-1.198518157299263809e+00,-9.201952711139292918e-01,-5.418913485306165789e+00
-5.194512479946893357e+00,-9.536551545588368706e-01,1.058839052873479902e+00,-1.198507651370624982e+00,-9.201954023355033430e-01,-5.418913423387300199e+00
-5.194199119456384572e+00,-9.536410326143789362e-01,1.058816020684436809e+00,-1.198497412422959485e+00,-9.201954656402837607e-01,-5.418913100173119446e+00
-5.193885741908764508e+00,-9.536268289912021023e-01,1.058792906608024609e+00,-1.198487442839334394e+00,-9.201954594199523996e-01,-5.418912512514575397e+00
-5.193572346889945734e+00,-9.536125454829345038e-01,1.058769713880747254e+00,-1.198477745002817230e+00,-9.201953820661907812e-01,-5.418911657262619919e+00
-5.193258933985835490e+00,-9.535981838832049418e-01,1.058746445739107811e+00,-1.198468321296476180e+00,-9.201952319706803163e-01,-5.418910531268205766e+00
-5.192945502782342793e+00,-9.535837459856417730e-01,1.058723105419609567e+00,-1.198459174103378544e+00,-9.201950075251033034e-01,-5.418909131382283917e+00
-5.192632052865374881e+00,-9.535692335838736877e-01,1.058699696158756254e+00,-1.198450305806591842e+00,-9.201947071211405982e-01,-5.418907454455808015e+00
-5.192318583820839883e+00,-9.535546484715290427e-01,1.058676221193051381e+00,-1.198441718789183819e+00,-9.201943291504743883e-01,-5.418905497339728150e+00
-5.192005095234647705e+00,-9.535399924422363060e-01,1.058652683758998458e+00,-1.198433415434221994e+00,-9.201938720047861953e-01,-5.418903256884997965e+00
-5.191691586692706473e+00,-9.535252672896242787e-01,1.058629087093100996e+00,-1.198425398124774333e+00,-9.201933340757574298e-01,-5.418900729942568439e+00
-5.191378057785728473e+00,-9.535104748058842450e-01,1.058605434428818270e+00,-1.198417669239474570e+00,-9.201927137574155147e-01,-5.418897913368835084e+00
-5.191064508421019852e+00,-9.534956166885341089e-01,1.058581728799084187e+00,-1.198410230864876302e+00,-9.201920095983068260e-01,-5.418894804378678209e+00
-5.190750939013581089e+00,-9.534806944832715514e-01,1.058557972915264100e+00,-1.198403084619148462e+00,-9.201912203947675284e-01,-5.418891400761864041e+00
-5.190437350024128094e+00,-9.534657097221229671e-01,1.058534169459766527e+00,-1.198396232078281276e+00,-9.201903449654482703e-01,-5.418887700359926285e+00
-5.190123741913377664e+00,-9.534506639371141956e-01,1.058510321114998876e+00,-1.198389674818263417e+00,-9.201893821289990338e-01,-5.418883701014396870e+00
-5.189810115142048375e+00,-9.534355586602714094e-01,1.058486430563369440e+00,-1.198383414415085557e+00,-9.201883307040704674e-01,-5.418879400566808613e+00
-5.189496470170855247e+00,-9.534203954236206702e-01,1.058462500487286517e+00,-1.198377452444737257e+00,-9.201871895093126641e-01,-5.418874796858696996e+00
-5.189182807460516855e+00,-9.534051757591880394e-01,1.058438533569157958e+00,-1.198371790483207855e+00,-9.201859573633760503e-01,-5.418869887731592172e+00
-5.188869127471749110e+00,-9.533899011989995786e-01,1.058414532491391613e+00,-1.198366430106487357e+00,-9.201846330849109412e-01,-5.418864671027028734e+00
-5.188555430665271473e+00,-9.533745732750815716e-01,1.058390499936395557e+00,-1.198361372890565324e+00,-9.201832154925676521e-01,-5.418859144586541277e+00
-5.188241717501798078e+00,-9.533591935194598577e-01,1.058366438586577862e+00,-1.198356620411431983e+00,-9.201817034049966093e-01,-5.418853306251660840e+00
-5.187927988442049276e+00,-9.533437634641607206e-01,1.058342351124346603e+00,-1.198352174245076229e+00,-9.201800956408480170e-01,-5.418847153863921129e+00
-5.187614243946739201e+00,-9.533282846412102218e-01,1.058318240232110075e+00,-1.198348035967488734e+00,-9.201783910187721904e-01,-5.418840685264856738e+00
-5.187300484476586426e+00,-9.533127585826343120e-01,1.058294108592275684e+00,-1.198344207154658836e+00,-9.201765883574195559e-01,-5.418833898295998708e+00
-5.186986710492307751e+00,-9.532971868204590526e-01,1.058269958887251949e+00,-1.198340689382575874e+00,-9.201746864754402067e-01,-5.418826790798880744e+00
-5.186672922454619972e+00,-9.532815708867107274e-01,1.058245793799446721e+00,-1.198337484227230076e+00,-9.201726841914849020e-01,-5.418819360615036551e+00
-5.186359120824242552e+00,-9.532659123134155088e-01,1.058221616011267852e+00,-1.198334593264611003e+00,-9.201705803242035131e-01,-5.418811605585999835e+00
-5.186045306061890514e+00,-9.532502126325991254e-01,1.058197428205123858e+00,-1.198332018070708438e+00,-9.201683736922466883e-01,-5.418803523553304302e+00
-5.185731478628279767e+00,-9.532344733762878608e-01,1.058173233063422369e+00,-1.198329760221512164e+00,-9.201660631142646318e-01,-5.418795112358480104e+00
-5.185417638984129773e+00,-9.532186960765077766e-01,1.058149033268571459e+00,-1.198327821293011741e+00,-9.201636474089077700e-01,-5.418786369843063611e+00
-5.185103787590155555e+00,-9.532028822652850453e-01,1.058124831502979424e+00,-1.198326202861197176e+00,-9.201611253948261959e-01,-5.418777293848585863e+00
-5.184789924907077463e+00,-9.531870334746457285e-01,1.058100630449053892e+00,-1.198324906502058029e+00,-9.201584958906704470e-01,-5.418767882216581455e+00
-5.184476051395610519e+00,-9.531711512366156658e-01,1.058076432789202936e+00,-1.198323933791583862e+00,-9.201557577150907274e-01,-5.418758132788581428e+00
-5.184162167516470632e+00,-9.531552370832213628e-01,1.058052241205834854e+00,-1.198323286305764679e+00,-9.201529096867374635e-01,-5.418748043406123038e+00
-5.183848273730377265e+00,-9.531392925464885479e-01,1.058028058381357717e+00,-1.198322965620590042e+00,-9.201499506242608595e-01,-5.418737611910735552e+00
-5.183534370498046329e+00,-9.531233191584436160e-01,1.058003886998179155e+00,-1.198322973312049733e+00,-9.201468793463114526e-01,-5.418726836143954451e+00
-5.183220458280195508e+00,-9.531073184511124063e-01,1.057979729738707686e+00,-1.198323310956133758e+00,-9.201436946715393361e-01,-5.418715713947311663e+00
-5.182906537537542491e+00,-9.530912919565210917e-01,1.057955589285350939e+00,-1.198323980128831678e+00,-9.201403954185949363e-01,-5.418704243162340006e+00
-5.182592608730801409e+00,-9.530752412066957335e-01,1.057931468320516988e+00,-1.198324982406132833e+00,-9.201369804061285684e-01,-5.418692421630574074e+00
-5.182278672320693502e+00,-9.530591677336626155e-01,1.057907369526614128e+00,-1.198326319364027670e+00,-9.201334484527906588e-01,-5.418680247193546684e+00
-5.181964728767932904e+00,-9.530430730694474661e-01,1.057883295586049988e+00,-1.198327992578505308e+00,-9.201297983772313005e-01,-5.418667717692789765e+00
-5.181650778533238189e+00,-9.530269587460766800e-01,1.057859249181233086e+00,-1.198330003625555751e+00,-9.201260289981010310e-01,-5.418654830969838798e+00
-5.181336822077326154e+00,-9.530108262955760967e-01,1.057835232994571051e+00,-1.198332354081168782e+00,-9.201221391340501654e-01,-5.418641584866224825e+00
-5.181022859860912710e+00,-9.529946772499721108e-01,1.057811249708471957e+00,-1.198335045521334186e+00,-9.201181276037289081e-01,-5.418627977223481551e+00
-5.180708892344718208e+00,-9.529785131412905619e-01,1.057787302005344099e+00,-1.198338079522041522e+00,-9.201139932257877962e-01,-5.418614005883142681e+00
-5.180394919989455893e+00,-9.529623355015576225e-01,1.057763392567595107e+00,-1.198341457659280573e+00,-9.201097348188769232e-01,-5.418599668686741033e+00
-5.180080943255845227e+00,-9.529461458627993542e-01,1.057739524077633275e+00,-1.198345181509040902e+00,-9.201053512016467151e-01,-5.418584963475811200e+00
-5.179766962604604785e+00,-9.529299457570419296e-01,1.057715699217866678e+00,-1.198349252647312735e+00,-9.201008411927473762e-01,-5.418569888091883335e+00
-5.179452978496446924e+00,-9.529137367163112993e-01,1.057691920670703167e+00,-1.198353672650085411e+00,-9.200962036108294440e-01,-5.418554440376492920e+00
-5.179138991392092883e+00,-9.528975202726336358e-01,1.057668191118551038e+00,-1.198358443093348713e+00,-9.200914372745431224e-01,-5.418538618171172772e+00
-5.178825001752259460e+00,-9.528812979580351117e-01,1.057644513243817919e+00,-1.198363565553092203e+00,-9.200865410025388380e-01,-5.418522419317455707e+00
-5.178511010037660789e+00,-9.528650713045415666e-01,1.057620889728911884e+00,-1.198369041605306107e+00,-9.200815136134667949e-01,-5.418505841656875432e+00
-5.178197016709018108e+00,-9.528488418441793950e-01,1.057597323256241229e+00,-1.198374872825979542e+00,-9.200763539259773083e-01,-5.418488883030963876e+00
-5.177883022227044663e+00,-9.528326111089744366e-01,1.057573816508214248e+00,-1.198381060791102959e+00,-9.200710607587208045e-01,-5.418471541281255632e+00
-5.177569027052459916e+00,-9.528163806309527528e-01,1.057550372167238129e+00,-1.198387607076665473e+00,-9.200656329303477099e-01,-5.418453814249282630e+00
-5.177255031645981553e+00,-9.528001519421406273e-01,1.057526992915721609e+00,-1.198394513258657090e+00,-9.200600692595080066e-01,-5.418435699776580350e+00
-5.176941036468324597e+00,-9.527839265745642328e-01,1.057503681436072318e+00,-1.198401780913067594e+00,-9.200543685648524539e-01,-5.418417195704679834e+00
-5.176627041978544064e+00,-9.527677060588279900e-01,1.057480440408008260e+00,-1.198409411613224895e+00,-9.200485296666263135e-01,-5.418398299878406377e+00
-5.176313048534268546e+00,-9.527514918389222709e-01,1.057457272347318122e+00,-1.198417406770269977e+00,-9.200425514822854201e-01,-5.418379010343187474e+00
-5.175999056335026438e+00,-9.527352852238156755e-01,1.057434179514244121e+00,-1.198425767542511400e+00,-9.200364330808254998e-01,-5.418359325457166698e+00
-5.175685065566637988e+00,-9.527190875107709456e-01,1.057411164146873972e+00,-1.198434495066339034e+00,-9.200301735443789930e-01,-5.418339243605595712e+00
-5.175371076414923444e+00,-9.527028999970517109e-01,1.057388228483295611e+00,-1.198443590478144083e+00,-9.200237719550785620e-01,-5.418318763173726182e+00
-5.175057089065703053e+00,-9.526867239799207132e-01,1.057365374761597643e+00,-1.198453054914316640e+00,-9.200172273950566471e-01,-5.418297882546811550e+00
-5.174743103704797953e+00,-9.526705607566414713e-01,1.057342605219868004e+00,-1.198462889511247020e+00,-9.200105389464462435e-01,-5.418276600110105257e+00
-5.174429120518027503e+00,-9.526544116244768379e-01,1.057319922096194853e+00,-1.198473095405325317e+00,-9.200037056913796807e-01,-5.418254914248858078e+00
-5.174115139691211951e+00,-9.526382778806898877e-01,1.057297327628666572e+00,-1.198483673732942290e+00,-9.199967267119898429e-01,-5.418232823348324345e+00
-5.173801161410173322e+00,-9.526221608225440285e-01,1.057274824055371099e+00,-1.198494625630488475e+00,-9.199896010904090593e-01,-5.418210325793753945e+00
-5.173487185860730087e+00,-9.526060617473023351e-01,1.057252413614396369e+00,-1.198505952234353744e+00,-9.199823279087702144e-01,-5.418187419970402097e+00
-5.173173213228703382e+00,-9.525899819522277712e-01,1.057230098543830987e+00,-1.198517654680928635e+00,-9.199749062492059704e-01,-5.418164104263518688e+00
-5.172859243699913456e+00,-9.525739227345837445e-01,1.057207881081762890e+00,-1.198529734106603906e+00,-9.199673351938487675e-01,-5.418140377058358048e+00
-5.172545277460182334e+00,-9.525578853916332189e-01,1.057185763466280015e+00,-1.198542191647769650e+00,-9.199596138248312682e-01,-5.418116236740173619e+00
-5.172231314695326709e+00,-9.525418712206394911e-01,1.057163747935470965e+00,-1.198555028440816184e+00,-9.199517412242862457e-01,-5.418091681694215289e+00
-5.171917355591170384e+00,-9.525258815188655248e-01,1.057141836727423456e+00,-1.198568245622133821e+00,-9.199437164743462514e-01,-5.418066710305736500e+00
-5.171603400333532718e+00,-9.525099175835745058e-01,1.057120032080225647e+00,-1.198581844328113322e+00,-9.199355386571439475e-01,-5.418041320959991580e+00
-5.171289449108233072e+00,-9.524939807120298418e-01,1.057098336231965696e+00,-1.198595825695144779e+00,-9.199272068548118853e-01,-5.418015512042229531e+00
-5.170975502101093468e+00,-9.524780722014941636e-01,1.057076751420732430e+00,-1.198610190859618285e+00,-9.199187201494827271e-01,-5.417989281937705570e+00
-5.170661559497933268e+00,-9.524621933492309900e-01,1.057055279884612897e+00,-1.198624940957925045e+00,-9.199100776232891352e-01,-5.417962629031670474e+00
-5.170347621484571832e+00,-9.524463454525035067e-01,1.057033923861696145e+00,-1.198640077126454928e+00,-9.199012783583638830e-01,-5.417935551709380348e+00
-5.170033688246832071e+00,-9.524305298085746774e-01,1.057012685590069889e+00,-1.198655600501598029e+00,-9.198923214368394108e-01,-5.417908048356082418e+00
-5.169719759970532458e+00,-9.524147477147077989e-01,1.056991567307821844e+00,-1.198671512219745106e+00,-9.198832059408483808e-01,-5.417880117357031899e+00
-5.169405836841495017e+00,-9.523990004681656130e-01,1.056970571253041280e+00,-1.198687813417286474e+00,-9.198739309525234553e-01,-5.417851757097482235e+00
-5.169091919045537331e+00,-9.523832893662118604e-01,1.056949699663815689e+00,-1.198704505230612671e+00,-9.198644955539972967e-01,-5.417822965962684201e+00
-5.168778006768483202e+00,-9.523676157061093939e-01,1.056928954778233010e+00,-1.198721588796113791e+00,-9.198548988274023452e-01,-5.417793742337891238e+00
-5.168464100196150213e+00,-9.523519807851211771e-01,1.056908338834381622e+00,-1.198739065250180147e+00,-9.198451398548715963e-01,-5.417764084608355013e+00
-5.168150199514360388e+00,-9.523363859005106180e-01,1.056887854070349686e+00,-1.198756935729202722e+00,-9.198352177185374901e-01,-5.417733991159328966e+00
-5.167836304908933087e+00,-9.523208323495407912e-01,1.056867502724225139e+00,-1.198775201369571386e+00,-9.198251315005324669e-01,-5.417703460376064761e+00
-5.167522416565689447e+00,-9.523053214294747715e-01,1.056847287034096583e+00,-1.198793863307676677e+00,-9.198148802829895221e-01,-5.417672490643814953e+00
-5.167208534670449716e+00,-9.522898544375759666e-01,1.056827209238051957e+00,-1.198812922679908688e+00,-9.198044631480409850e-01,-5.417641080347832983e+00
-5.166894659409034141e+00,-9.522744326711070073e-01,1.056807271574179197e+00,-1.198832380622657956e+00,-9.197938791778198508e-01,-5.417609227873370514e+00
-5.166580790967262971e+00,-9.522590574273315234e-01,1.056787476280566684e+00,-1.198852238272315240e+00,-9.197831274544582270e-01,-5.417576931605680102e+00
-5.166266929530955565e+00,-9.522437300035124785e-01,1.056767825595302357e+00,-1.198872496765270190e+00,-9.197722070600893307e-01,-5.417544189930014298e+00
-5.165953075285935725e+00,-9.522284516969129475e-01,1.056748321756474374e+00,-1.198893157237914009e+00,-9.197611170768452693e-01,-5.417511001231626544e+00
-5.165639228418019258e+00,-9.522132238047962272e-01,1.056728967002171116e+00,-1.198914220826636789e+00,-9.197498565868591491e-01,-5.417477363895767617e+00
-5.165325389113030852e+00,-9.521980476244252811e-01,1.056709763570480742e+00,-1.198935688667828625e+00,-9.197384246722630774e-01,-5.417443276307690958e+00
-5.165011557556787203e+00,-9.521829244530634062e-01,1.056690713699490969e+00,-1.198957561897879831e+00,-9.197268204151900495e-01,-5.417408736852648232e+00
-5.164697733935112112e+00,-9.521678555879737882e-01,1.056671819627290621e+00,-1.198979841653181388e+00,-9.197150428977729497e-01,-5.417373743915893769e+00
-5.164383918433822274e+00,-9.521528423264192798e-01,1.056653083591966968e+00,-1.199002529070123169e+00,-9.197030912021437743e-01,-5.417338295882678345e+00
-5.164070111238741490e+00,-9.521378859656633997e-01,1.056634507831609060e+00,-1.199025625285095709e+00,-9.196909644104356296e-01,-5.417302391138254514e+00
-5.163756312535688231e+00,-9.521229878029690008e-01,1.056616094584304166e+00,-1.199049131434489324e+00,-9.196786616047808449e-01,-5.417266028067876604e+00
-5.163442522510482746e+00,-9.521081491355993798e-01,1.056597846088141113e+00,-1.199073048654694551e+00,-9.196661818673124156e-01,-5.417229205056795394e+00
-5.163128741348946171e+00,-9.520933712608177224e-01,1.056579764581208059e+00,-1.199097378082101706e+00,-9.196535242801625598e-01,-5.417191920490263435e+00
-5.162814969236898754e+00,-9.520786554758868814e-01,1.056561852301592719e+00,-1.199122120853100881e+00,-9.196406879254642730e-01,-5.417154172753533281e+00
-5.162501206360162520e+00,-9.520640030780703755e-01,1.056544111487383031e+00,-1.199147278104083059e+00,-9.196276718853499954e-01,-5.417115960231858374e+00
-5.162187452904553275e+00,-9.520494153646311686e-01,1.056526544376668042e+00,-1.199172850971438109e+00,-9.196144752419521673e-01,-5.417077281310490378e+00
-5.161873709055896597e+00,-9.520348936328322242e-01,1.056509153207535245e+00,-1.199198840591556792e+00,-9.196010970774040061e-01,-5.417038134374682734e+00
-5.161559975000008293e+00,-9.520204391799371724e-01,1.056491940218072800e+00,-1.199225248100828756e+00,-9.195875364738376190e-01,-5.416998517809686220e+00
-5.161246250855899831e+00,-9.520060532769388795e-01,1.056474907598761614e+00,-1.199252074598690099e+00,-9.195737925330340623e-01,-5.416958430043627537e+00
-5.160932535962455603e+00,-9.519917368880994601e-01,1.056458056984210581e+00,-1.199279320753078748e+00,-9.195598645861901010e-01,-5.416917870005232061e+00
-5.160618829153629683e+00,-9.519774907791496155e-01,1.056441389649240836e+00,-1.199306986952648701e+00,-9.195457521129913880e-01,-5.416876836947230878e+00
-5.160305129254892265e+00,-9.519633157124821610e-01,1.056424906862625024e+00,-1.199335073581357047e+00,-9.195314545956203567e-01,-5.416835330127810266e+00
-5.159991435091708212e+00,-9.519492124504903563e-01,1.056408609893135786e+00,-1.199363581023161984e+00,-9.195169715162589963e-01,-5.416793348805150288e+00
-5.159677745489541500e+00,-9.519351817555670170e-01,1.056392500009546209e+00,-1.199392509662022155e+00,-9.195023023570897402e-01,-5.416750892237432780e+00
-5.159364059273861436e+00,-9.519212243901048476e-01,1.056376578480628714e+00,-1.199421859881895092e+00,-9.194874466002945779e-01,-5.416707959682841356e+00
-5.159050375270131994e+00,-9.519073411164972187e-01,1.056360846575155943e+00,-1.199451632066738327e+00,-9.194724037280560536e-01,-5.416664550399556077e+00
-5.158736692303822480e+00,-9.518935326971367239e-01,1.056345305561900538e+00,-1.199481826600510503e+00,-9.194571732225559346e-01,-5.416620663645761447e+00
-5.158423009200395981e+00,-9.518797998944165117e-01,1.056329956709635587e+00,-1.199512443867169598e+00,-9.194417545659768765e-01,-5.416576298679636636e+00
-5.158109324785320027e+00,-9.518661434707293978e-01,1.056314801287133065e+00,-1.199543484250673142e+00,-9.194261472405007574e-01,-5.416531454759366149e+00
-5.157795637884061257e+00,-9.518525641884686417e-01,1.056299840563166281e+00,-1.199574948134979113e+00,-9.194103507283100107e-01,-5.416486131143132710e+00
-5.157481947322086313e+00,-9.518390628100268369e-01,1.056285075806507656e+00,-1.199606835904045710e+00,-9.193943645115867369e-01,-5.416440327089115492e+00
-5.157168251924861835e+00,-9.518256400977971321e-01,1.056270508285929832e+00,-1.199639147941830908e+00,-9.193781880725131472e-01,-5.416394041855498998e+00
-5.156854550517851798e+00,-9.518122968141724538e-01,1.056256139270205674e+00,-1.199671884632292462e+00,-9.193618208932715641e-01,-5.416347274700465064e+00
-5.156540841926525509e+00,-9.517990337215457286e-01,1.056241970028107602e+00,-1.199705046359388572e+00,-9.193452624560440878e-01,-5.416300024882194641e+00
-5.156227124976346943e+00,-9.517858515823099941e-01,1.056228001828408480e+00,-1.199738633507077434e+00,-9.193285122430129297e-01,-5.416252291658872231e+00
-5.155913398492784516e+00,-9.517727511588579548e-01,1.056214235939881174e+00,-1.199772646459316361e+00,-9.193115697363605232e-01,-5.416204074288677894e+00
-5.155599661301302206e+00,-9.517597332135829813e-01,1.056200673631297660e+00,-1.199807085600063550e+00,-9.192944344182687466e-01,-5.416155372029793469e+00
-5.155285912227368428e+00,-9.517467985088775562e-01,1.056187316171431467e+00,-1.199841951313277200e+00,-9.192771057709201443e-01,-5.416106184140402569e+00
-5.154972150096448047e+00,-9.517339478071350500e-01,1.056174164829054796e+00,-1.199877243982915287e+00,-9.192595832764965946e-01,-5.416056509878686143e+00
-5.154658373734008592e+00,-9.517211818707480564e-01,1.056161220872940287e+00,-1.199912963992935344e+00,-9.192418664171806419e-01,-5.416006348502827805e+00
-5.154344581965515815e+00,-9.517085014621098349e-01,1.056148485571861029e+00,-1.199949111727296014e+00,-9.192239546751541646e-01,-5.415955699271008505e+00
-5.154030773616434580e+00,-9.516959073436132011e-01,1.056135960194589440e+00,-1.199985687569954607e+00,-9.192058475325998179e-01,-5.415904561441410081e+00
-5.153716947512234192e+00,-9.516834002776510815e-01,1.056123646009897943e+00,-1.200022691904869543e+00,-9.191875444716992583e-01,-5.415852934272215258e+00
-5.153403102478379516e+00,-9.516709810266164027e-01,1.056111544286559623e+00,-1.200060125115998355e+00,-9.191690449746352520e-01,-5.415800817021606761e+00
-5.153089237340337192e+00,-9.516586503529023133e-01,1.056099656293346900e+00,-1.200097987587299686e+00,-9.191503485235896775e-01,-5.415748208947765541e+00
-5.152775350923571196e+00,-9.516464090189017400e-01,1.056087983299032862e+00,-1.200136279702730846e+00,-9.191314546007447461e-01,-5.415695109308874322e+00
-5.152461442053551721e+00,-9.516342577870072761e-01,1.056076526572389485e+00,-1.200175001846250256e+00,-9.191123626882828912e-01,-5.415641517363114943e+00
-5.152147509555741856e+00,-9.516221974196124034e-01,1.056065287382190077e+00,-1.200214154401815447e+00,-9.190930722683862131e-01,-5.415587432368670129e+00
-5.151833552255610904e+00,-9.516102286791094933e-01,1.056054266997207280e+00,-1.200253737753384842e+00,-9.190735828232368121e-01,-5.415532853583721717e+00
-5.151519568978621066e+00,-9.515983523278920275e-01,1.056043466686213073e+00,-1.200293752284915971e+00,-9.190538938350171216e-01,-5.415477780266452434e+00
-5.151205558550243424e+00,-9.515865691283527106e-01,1.056032887717981428e+00,-1.200334198380367479e+00,-9.190340047859091310e-01,-5.415422211675043229e+00
-5.150891519795941953e+00,-9.515748798428845801e-01,1.056022531361283656e+00,-1.200375076423696230e+00,-9.190139151580952737e-01,-5.415366147067675051e+00
-5.150577451541182405e+00,-9.515632852338803405e-01,1.056012398884893067e+00,-1.200416386798861312e+00,-9.189936244337575388e-01,-5.415309585702535067e+00
-5.150263352611431422e+00,-9.515517860637333625e-01,1.056002491557582745e+00,-1.200458129889820036e+00,-9.189731320950783600e-01,-5.415252526837800673e+00
-5.149949221832155644e+00,-9.515403830948362396e-01,1.055992810648124447e+00,-1.200500306080530821e+00,-9.189524376242398374e-01,-5.415194969731653707e+00
-5.149635058028822598e+00,-9.515290770895822314e-01,1.055983357425291480e+00,-1.200542915754950979e+00,-9.189315405034242934e-01,-5.415136913642280447e+00
-5.149320860026896263e+00,-9.515178688103641536e-01,1.055974133157856487e+00,-1.200585959297039151e+00,-9.189104402148136064e-01,-5.415078357827859179e+00
-5.149006626651845053e+00,-9.515067590195748215e-01,1.055965139114591889e+00,-1.200629437090752871e+00,-9.188891362405904317e-01,-5.415019301546573516e+00
-5.148692356729134723e+00,-9.514957484796073839e-01,1.055956376564270771e+00,-1.200673349520050559e+00,-9.188676280629366477e-01,-5.414959744056606183e+00
-5.148378049084230135e+00,-9.514848379528545452e-01,1.055947846775665333e+00,-1.200717696968889525e+00,-9.188459151640347988e-01,-5.414899684616139020e+00
-5.148063702542599707e+00,-9.514740282017095652e-01,1.055939551017548439e+00,-1.200762479821228190e+00,-9.188239970260668743e-01,-5.414839122483352085e+00
-5.147749315929707414e+00,-9.514633199885651482e-01,1.055931490558693397e+00,-1.200807698461024531e+00,-9.188018731312149745e-01,-5.414778056916431659e+00
-5.147434888071022563e+00,-9.514527140758145540e-01,1.055923666667871519e+00,-1.200853353272236523e+00,-9.187795429616616438e-01,-5.414716487173555137e+00
-5.147120417792009128e+00,-9.514422112258503761e-01,1.055916080613856778e+00,-1.200899444638821922e+00,-9.187570059995887606e-01,-5.414654412512907911e+00
-5.146805903918134639e+00,-9.514318122010658740e-01,1.055908733665421151e+00,-1.200945972944738704e+00,-9.187342617271788692e-01,-5.414591832192671816e+00
-5.146491345274863960e+00,-9.514215177638537524e-01,1.055901627091337724e+00,-1.200992938573944846e+00,-9.187113096266138479e-01,-5.414528745471026916e+00
-5.146176740687665507e+00,-9.514113286766071598e-01,1.055894762160378919e+00,-1.201040341910398768e+00,-9.186881491800762412e-01,-5.414465151606158599e+00
-5.145862088982004146e+00,-9.514012457017190227e-01,1.055888140141317377e+00,-1.201088183338057780e+00,-9.186647798697480383e-01,-5.414401049856246040e+00
-5.145547388983347403e+00,-9.513912696015822679e-01,1.055881762302925964e+00,-1.201136463240880525e+00,-9.186412011778116726e-01,-5.414336439479472851e+00
-5.145232639842487465e+00,-9.513814009554272255e-01,1.055875629531733972e+00,-1.201185181478112707e+00,-9.186174127908388609e-01,-5.414271320319929970e+00
-5.144917842377943806e+00,-9.513716394035376389e-01,1.055869740754777242e+00,-1.201234335219170779e+00,-9.185934154431668608e-01,-5.414205695225252413e+00
-5.144602997941190914e+00,-9.513619842861382736e-01,1.055864094272896958e+00,-1.201283920773883018e+00,-9.185692102039659801e-01,-5.414139568002920733e+00
-5.144288107883937755e+00,-9.513524349433217786e-01,1.055858688386657640e+00,-1.201333934451697782e+00,-9.185447981425544084e-01,-5.414072942460835591e+00
-5.143973173557891521e+00,-9.513429907151805809e-01,1.055853521396623362e+00,-1.201384372562064540e+00,-9.185201803282506683e-01,-5.414005822406898538e+00
-5.143658196314762954e+00,-9.513336509418071074e-01,1.055848591603359310e+00,-1.201435231414431204e+00,-9.184953578303727273e-01,-5.413938211649014676e+00
-5.143343177506260133e+00,-9.513244149632938962e-01,1.055843897307430002e+00,-1.201486507318247243e+00,-9.184703317182391080e-01,-5.413870113995082889e+00
-5.143028118484092914e+00,-9.513152821197332631e-01,1.055839436809400178e+00,-1.201538196582960571e+00,-9.184451030611678890e-01,-5.413801533253005616e+00
-5.142713020599969376e+00,-9.513062517512177463e-01,1.055835208409833692e+00,-1.201590295518020879e+00,-9.184196729284778149e-01,-5.413732473230686182e+00
-5.142397885205597596e+00,-9.512973231978396615e-01,1.055831210409295728e+00,-1.201642800432876301e+00,-9.183940423894867422e-01,-5.413662937736025249e+00
-5.142082713652690096e+00,-9.512884957996916580e-01,1.055827441108350806e+00,-1.201695707636975641e+00,-9.183682125135131935e-01,-5.413592930576927031e+00
-5.141767507292951400e+00,-9.512797688968659404e-01,1.055823898807563221e+00,-1.201749013439767699e+00,-9.183421843698753584e-01,-5.413522455561291302e+00
-5.141452267478092253e+00,-9.512711418294551580e-01,1.055820581807497938e+00,-1.201802714150701057e+00,-9.183159590278914264e-01,-5.413451516497021387e+00
-5.141136995559822509e+00,-9.512626139375517376e-01,1.055817488408719473e+00,-1.201856806079224960e+00,-9.182895375568799201e-01,-5.413380117192019725e+00
-5.140821692889850247e+00,-9.512541845612481062e-01,1.055814616911792347e+00,-1.201911285534787321e+00,-9.182629210261590291e-01,-5.413308261454186976e+00
-5.140506360819885323e+00,-9.512458530406365798e-01,1.055811965617280856e+00,-1.201966148826837832e+00,-9.182361105050471650e-01,-5.413235953091427355e+00
-5.140191000701634039e+00,-9.512376187158098073e-01,1.055809532825750185e+00,-1.202021392264824629e+00,-9.182091070628624063e-01,-5.413163195911639747e+00
-5.139875613886807137e+00,-9.512294809268602158e-01,1.055807316837764409e+00,-1.202077012158196068e+00,-9.181819117689231646e-01,-5.413089993722729254e+00
-5.139560201727115363e+00,-9.512214390138800102e-01,1.055805315953888268e+00,-1.202133004816401840e+00,-9.181545256925476295e-01,-5.413016350332596538e+00
-5.139244765574264129e+00,-9.512134923169619505e-01,1.055803528474686503e+00,-1.202189366548890082e+00,-9.181269499030543235e-01,-5.412942269549143148e+00
-5.138929306779965067e+00,-9.512056401761983526e-01,1.055801952700723634e+00,-1.202246093665109816e+00,-9.180991854697613253e-01,-5.412867755180273299e+00
-5.138613826695925368e+00,-9.511978819316816436e-01,1.055800586932564178e+00,-1.202303182474509402e+00,-9.180712334619870463e-01,-5.412792811033886764e+00
-5.138298326673854888e+00,-9.511902169235042503e-01,1.055799429470772433e+00,-1.202360629286538085e+00,-9.180430949490497872e-01,-5.412717440917886869e+00
-5.137982808065463480e+00,-9.511826444917588219e-01,1.055798478615913583e+00,-1.202418430410644001e+00,-9.180147710002676265e-01,-5.412641648640176051e+00
-5.137667272222457449e+00,-9.511751639765374522e-01,1.055797732668551925e+00,-1.202476582156276175e+00,-9.179862626849590868e-01,-5.412565438008654084e+00
-5.137351720496548424e+00,-9.511677747179329012e-01,1.055797189929251756e+00,-1.202535080832883629e+00,-9.179575710724424686e-01,-5.412488812831226070e+00
-5.137036154239442709e+00,-9.511604760560375960e-01,1.055796848698578261e+00,-1.202593922749914723e+00,-9.179286972320359617e-01,-5.412411776915791783e+00
-5.136720574802851935e+00,-9.511532673309437413e-01,1.055796707277095736e+00,-1.202653104216818036e+00,-9.178996422330579774e-01,-5.412334334070253661e+00
-5.136404983538483293e+00,-9.511461478827442084e-01,1.055796763965368257e+00,-1.202712621543042815e+00,-9.178704071448267054e-01,-5.412256488102515029e+00
-5.136089381798046638e+00,-9.511391170515308691e-01,1.055797017063961452e+00,-1.202772471038037638e+00,-9.178409930366604463e-01,-5.412178242820477436e+00
-5.135773770933250937e+00,-9.511321741773967053e-01,1.055797464873439173e+00,-1.202832649011250865e+00,-9.178114009778773896e-01,-5.412099602032041545e+00
-5.135458152295803380e+00,-9.511253186004339222e-01,1.055798105694366384e+00,-1.202893151772131963e+00,-9.177816320377960579e-01,-5.412020569545111570e+00
-5.135142527237414711e+00,-9.511185496607348355e-01,1.055798937827307160e+00,-1.202953975630128847e+00,-9.177516872857346408e-01,-5.411941149167589948e+00
-5.134826897109793897e+00,-9.511118666983922054e-01,1.055799959572826463e+00,-1.203015116894690761e+00,-9.177215677910114389e-01,-5.411861344707375565e+00
-5.134511263264649017e+00,-9.511052690534983478e-01,1.055801169231488812e+00,-1.203076571875266287e+00,-9.176912746229447526e-01,-5.411781159972373523e+00
-5.134195627053689925e+00,-9.510987560661458007e-01,1.055802565103858726e+00,-1.203138336881304005e+00,-9.176608088508527716e-01,-5.411700598770484483e+00
-5.133879989828624701e+00,-9.510923270764266579e-01,1.055804145490501167e+00,-1.203200408222253381e+00,-9.176301715440539075e-01,-5.411619664909609995e+00
-5.133564352941162312e+00,-9.510859814244337906e-01,1.055805908691980211e+00,-1.203262782207562109e+00,-9.175993637718664608e-01,-5.411538362197653385e+00
-5.133248717743011724e+00,-9.510797184502594037e-01,1.055807853008860597e+00,-1.203325455146679435e+00,-9.175683866036087322e-01,-5.411456694442516202e+00
-5.132933085585882793e+00,-9.510735374939961462e-01,1.055809976741707290e+00,-1.203388423349054159e+00,-9.175372411085989111e-01,-5.411374665452100885e+00
-5.132617457821484486e+00,-9.510674378957361119e-01,1.055812278191084141e+00,-1.203451683124135085e+00,-9.175059283561554091e-01,-5.411292279034308983e+00
-5.132301835801523104e+00,-9.510614189955721720e-01,1.055814755657556558e+00,-1.203515230781370793e+00,-9.174744494155964158e-01,-5.411209538997043822e+00
-5.131986220877711169e+00,-9.510554801335965314e-01,1.055817407441688394e+00,-1.203579062630209862e+00,-9.174428053562401209e-01,-5.411126449148205175e+00
-5.131670614401754094e+00,-9.510496206499017280e-01,1.055820231844044610e+00,-1.203643174980101316e+00,-9.174109972474051578e-01,-5.411043013295697257e+00
-5.131355017725364398e+00,-9.510438398845801888e-01,1.055823227165189948e+00,-1.203707564140493735e+00,-9.173790261584096051e-01,-5.410959235247419841e+00
-5.131039432200248385e+00,-9.510381371777243409e-01,1.055826391705688483e+00,-1.203772226420835700e+00,-9.173468931585717634e-01,-5.410875118811277140e+00
-5.130723859178115909e+00,-9.510325118694267221e-01,1.055829723766105177e+00,-1.203837158130576235e+00,-9.173145993172101553e-01,-5.410790667795170705e+00
-5.130408300010677713e+00,-9.510269632997795375e-01,1.055833221647004994e+00,-1.203902355579164141e+00,-9.172821457036426374e-01,-5.410705886007002086e+00
-5.130092756049638325e+00,-9.510214908088755470e-01,1.055836883648951563e+00,-1.203967815076047998e+00,-9.172495333871876211e-01,-5.410620777254674607e+00
-5.129777228646710263e+00,-9.510160937368068446e-01,1.055840708072510070e+00,-1.204033532930676165e+00,-9.172167634371637401e-01,-5.410535345346088931e+00
-5.129461719153602495e+00,-9.510107714236664123e-01,1.055844693218245256e+00,-1.204099505452498109e+00,-9.171838369228889620e-01,-5.410449594089148384e+00
-5.129146228922021322e+00,-9.510055232095461220e-01,1.055848837386721195e+00,-1.204165728950961745e+00,-9.171507549136818094e-01,-5.410363527291753627e+00
-5.128830759223417246e+00,-9.510003484458555700e-01,1.055853138906263755e+00,-1.204232199792275804e+00,-9.171175184467169617e-01,-5.410277148690321170e+00
-5.128515309949354339e+00,-9.509952466785632774e-01,1.055857596582468583e+00,-1.204298915318463781e+00,-9.170841280065494816e-01,-5.410190460792250633e+00
-5.128199879829496766e+00,-9.509902176174639399e-01,1.055862209622809411e+00,-1.204365873693219235e+00,-9.170505836124116517e-01,-5.410103465070075224e+00
-5.127884467557248804e+00,-9.509852609774643861e-01,1.055866977247300831e+00,-1.204433073105877217e+00,-9.170168852690135930e-01,-5.410016162964031317e+00
-5.127569071826013847e+00,-9.509803764734718889e-01,1.055871898675957876e+00,-1.204500511745772773e+00,-9.169830329810658709e-01,-5.409928555914350845e+00
-5.127253691329193508e+00,-9.509755638203930550e-01,1.055876973128795360e+00,-1.204568187802241619e+00,-9.169490267532789396e-01,-5.409840645361271960e+00
-5.126938324760192067e+00,-9.509708227331352681e-01,1.055882199825828094e+00,-1.204636099464618804e+00,-9.169148665903628093e-01,-5.409752432745031925e+00
-5.126622970812413804e+00,-9.509661529266051350e-01,1.055887577987071335e+00,-1.204704244922239820e+00,-9.168805524970281562e-01,-5.409663919505862673e+00
-5.126307628179259446e+00,-9.509615541157101504e-01,1.055893106832539896e+00,-1.204772622364439938e+00,-9.168460844779849905e-01,-5.409575107084001466e+00
-5.125992295554134159e+00,-9.509570260153570320e-01,1.055898785582248589e+00,-1.204841229980554429e+00,-9.168114625379439886e-01,-5.409485996919686457e+00
-5.125676971630440448e+00,-9.509525683404527197e-01,1.055904613456212449e+00,-1.204910065959918786e+00,-9.167766866816151605e-01,-5.409396590453147802e+00
-5.125361655101581704e+00,-9.509481808059044861e-01,1.055910589674446065e+00,-1.204979128491868057e+00,-9.167417569137090716e-01,-5.409306889124625428e+00
-5.125046344660959541e+00,-9.509438631266191599e-01,1.055916713456964917e+00,-1.205048415765737735e+00,-9.167066732389360650e-01,-5.409216894374353934e+00
-5.124731039001980015e+00,-9.509396150175039031e-01,1.055922984023783373e+00,-1.205117925970863313e+00,-9.166714356620063731e-01,-5.409126607642567031e+00
-5.124415736818045630e+00,-9.509354361934655442e-01,1.055929400594916912e+00,-1.205187657296580062e+00,-9.166360441876304499e-01,-5.409036030369502868e+00
-5.124100436802558001e+00,-9.509313263694111340e-01,1.055935962390379901e+00,-1.205257607932222808e+00,-9.166004988205185278e-01,-5.408945163995395156e+00
-5.123785137648921406e+00,-9.509272852602478343e-01,1.055942668630187598e+00,-1.205327776067127488e+00,-9.165647995653810609e-01,-5.408854009960481157e+00
-5.123469838050539238e+00,-9.509233125808825848e-01,1.055949518534354814e+00,-1.205398159890629373e+00,-9.165289464269281705e-01,-5.408762569704996359e+00
-5.123154536700813999e+00,-9.509194080462222143e-01,1.055956511322896807e+00,-1.205468757592063511e+00,-9.164929394098704218e-01,-5.408670844669173583e+00
-5.122839232293149969e+00,-9.509155713711741065e-01,1.055963646215827945e+00,-1.205539567360765396e+00,-9.164567785189182691e-01,-5.408578836293250980e+00
-5.122523923520949651e+00,-9.509118022706448681e-01,1.055970922433163484e+00,-1.205610587386070298e+00,-9.164204637587816116e-01,-5.408486546017464924e+00
-5.122208609077616437e+00,-9.509081004595417719e-01,1.055978339194918236e+00,-1.205681815857313710e+00,-9.163839951341711254e-01,-5.408393975282048238e+00
-5.121893287656553717e+00,-9.509044656527718686e-01,1.055985895721107237e+00,-1.205753250963830459e+00,-9.163473726497971539e-01,-5.408301125527238185e+00
-5.121577957951163107e+00,-9.509008975652419871e-01,1.055993591231745299e+00,-1.205824890894956480e+00,-9.163105963103700402e-01,-5.408207998193271138e+00
-5.121262618654850662e+00,-9.508973959118592889e-01,1.056001424946847234e+00,-1.205896733840027046e+00,-9.162736661206000166e-01,-5.408114594720379920e+00
-5.120947268461017998e+00,-9.508939604075306029e-01,1.056009396086428298e+00,-1.205968777988376983e+00,-9.162365820851974263e-01,-5.408020916548803569e+00
-5.120631906063068506e+00,-9.508905907671630908e-01,1.056017503870503305e+00,-1.206041021529342006e+00,-9.161993442088727235e-01,-5.407926965118774909e+00
-5.120316530154403800e+00,-9.508872867056636924e-01,1.056025747519086622e+00,-1.206113462652257384e+00,-9.161619524963360295e-01,-5.407832741870531201e+00
-5.120001139428430825e+00,-9.508840479379396804e-01,1.056034126252193950e+00,-1.206186099546458612e+00,-9.161244069522979094e-01,-5.407738248244306156e+00
-5.119685732578549420e+00,-9.508808741788975505e-01,1.056042639289840102e+00,-1.206258930401280516e+00,-9.160867075814685956e-01,-5.407643485680338813e+00
-5.119370308298162975e+00,-9.508777651434449085e-01,1.056051285852039445e+00,-1.206331953406058810e+00,-9.160488543885584312e-01,-5.407548455618860217e+00
-5.119054865280676658e+00,-9.508747205464883612e-01,1.056060065158807459e+00,-1.206405166750128988e+00,-9.160108473782778704e-01,-5.407453159500111184e+00
-5.118739402219492973e+00,-9.508717401029350702e-01,1.056068976430158957e+00,-1.206478568622825875e+00,-9.159726865553372566e-01,-5.407357598764322759e+00
-5.118423917808014423e+00,-9.508688235276919754e-01,1.056078018886108749e+00,-1.206552157213485188e+00,-9.159343719244468218e-01,-5.407261774851731317e+00
-5.118108410739646175e+00,-9.508659705356660163e-01,1.056087191746671428e+00,-1.206625930711442196e+00,-9.158959034903169094e-01,-5.407165689202575010e+00
-5.117792879707788956e+00,-9.508631808417644660e-01,1.056096494231862470e+00,-1.206699887306032171e+00,-9.158572812576577515e-01,-5.407069343257086658e+00
-5.117477323405847045e+00,-9.508604541608940419e-01,1.056105925561696912e+00,-1.206774025186590382e+00,-9.158185052311799135e-01,-5.406972738455502636e+00
-5.117161740527223834e+00,-9.508577902079621280e-01,1.056115484956188899e+00,-1.206848342542452324e+00,-9.157795754155937384e-01,-5.406875876238060208e+00
-5.116846129765321827e+00,-9.508551886978753309e-01,1.056125171635353910e+00,-1.206922837562953044e+00,-9.157404918156093476e-01,-5.406778758044993083e+00
-5.116530489813545302e+00,-9.508526493455409234e-01,1.056134984819206757e+00,-1.206997508437428035e+00,-9.157012544359373063e-01,-5.406681385316536748e+00
-5.116214819365297650e+00,-9.508501718658658453e-01,1.056144923727762697e+00,-1.207072353355212790e+00,-9.156618632812879577e-01,-5.406583759492929353e+00
-5.115899117113980488e+00,-9.508477559737571472e-01,1.056154987581036098e+00,-1.207147370505642581e+00,-9.156223183563715340e-01,-5.406485882014401945e+00
-5.115583381752998093e+00,-9.508454013841217689e-01,1.056165175599041994e+00,-1.207222558078052232e+00,-9.155826196658982674e-01,-5.406387754321194450e+00
-5.115267611975753859e+00,-9.508431078118666502e-01,1.056175487001795865e+00,-1.207297914261777905e+00,-9.155427672145786122e-01,-5.406289377853541467e+00
-5.114951806475650287e+00,-9.508408749718989528e-01,1.056185921009311635e+00,-1.207373437246154424e+00,-9.155027610071230226e-01,-5.406190754051675817e+00
-5.114635963946089880e+00,-9.508387025791258385e-01,1.056196476841605003e+00,-1.207449125220517061e+00,-9.154626010482417309e-01,-5.406091884355836541e+00
-5.114320083080478696e+00,-9.508365903484540249e-01,1.056207153718690783e+00,-1.207524976374201309e+00,-9.154222873426450802e-01,-5.405992770206257347e+00
-5.114004162572218348e+00,-9.508345379947904519e-01,1.056217950860583787e+00,-1.207600988896542438e+00,-9.153818198950435248e-01,-5.405893413043173723e+00
-5.113688201114709564e+00,-9.508325452330425032e-01,1.056228867487299050e+00,-1.207677160976875941e+00,-9.153411987101471858e-01,-5.405793814306823819e+00
-5.113372197401359287e+00,-9.508306117781168965e-01,1.056239902818851162e+00,-1.207753490804536867e+00,-9.153004237926667397e-01,-5.405693975437439569e+00
-5.113056150125569133e+00,-9.508287373449209046e-01,1.056251056075255157e+00,-1.207829976568860708e+00,-9.152594951473121965e-01,-5.405593897875258236e+00
-5.112740057980742492e+00,-9.508269216483612452e-01,1.056262326476526514e+00,-1.207906616459182958e+00,-9.152184127787938994e-01,-5.405493583060516194e+00
-5.112423919928028582e+00,-9.508251644114792400e-01,1.056273713234978873e+00,-1.207983408559728744e+00,-9.151771766853473711e-01,-5.405393032521367935e+00
-5.112107737319122158e+00,-9.508234654299405619e-01,1.056285215494174201e+00,-1.208060350016257889e+00,-9.151357868073967117e-01,-5.405292248570964908e+00
-5.111791512762571266e+00,-9.508218245375940070e-01,1.056296832361525828e+00,-1.208137437481123566e+00,-9.150942430549710016e-01,-5.405191233935171979e+00
-5.111475248878112332e+00,-9.508202415686286546e-01,1.056308562944126006e+00,-1.208214667602285353e+00,-9.150525453378289820e-01,-5.405089991343532851e+00
-5.111158948285480896e+00,-9.508187163572332512e-01,1.056320406349066543e+00,-1.208292037027703270e+00,-9.150106935657289497e-01,-5.404988523525585897e+00
-5.110842613604414275e+00,-9.508172487375965432e-01,1.056332361683439469e+00,-1.208369542405338004e+00,-9.149686876484299791e-01,-5.404886833210874819e+00
-5.110526247454649784e+00,-9.508158385439071658e-01,1.056344428054336815e+00,-1.208447180383149355e+00,-9.149265274956903671e-01,-5.404784923128937990e+00
-5.110209852455924739e+00,-9.508144856103543097e-01,1.056356604568850388e+00,-1.208524947609097566e+00,-9.148842130172687437e-01,-5.404682796009319112e+00
-5.109893431227972904e+00,-9.508131897711262770e-01,1.056368890334072441e+00,-1.208602840731142880e+00,-9.148417441229238500e-01,-5.404580454581558335e+00
-5.109576986390530706e+00,-9.508119508604124803e-01,1.056381284457094560e+00,-1.208680856397245318e+00,-9.147991207224142052e-01,-5.404477901575195808e+00
-5.109260520563338126e+00,-9.508107687124011109e-01,1.056393786045008998e+00,-1.208758991255365123e+00,-9.147563427254984392e-01,-5.404375139719774346e+00
-5.108944036366128927e+00,-9.508096431612814703e-01,1.056406394204907562e+00,-1.208837241953462760e+00,-9.147134100419351821e-01,-5.404272171744834097e+00
-5.108627536418640425e+00,-9.508085740412420828e-01,1.056419108043882282e+00,-1.208915605139498251e+00,-9.146703225814829530e-01,-5.404169000379916099e+00
-5.108311023340608159e+00,-9.508075611864720278e-01,1.056431926669025190e+00,-1.208994077461431171e+00,-9.146270802539007150e-01,-5.404065628354561390e+00
-5.107994499751770334e+00,-9.508066044311597187e-01,1.056444849187428314e+00,-1.209072655567222432e+00,-9.145836829689466541e-01,-5.403962058398311896e+00
-5.107677968271863378e+00,-9.508057036094944570e-01,1.056457874706183464e+00,-1.209151336104831831e+00,-9.145401306363795113e-01,-5.403858293240707766e+00
-5.107361431520621942e+00,-9.508048585556645449e-01,1.056471002332382891e+00,-1.209230115722219834e+00,-9.144964231659580278e-01,-5.403754335611290038e+00
-5.107044892117784229e+00,-9.508040691038591730e-01,1.056484231173117960e+00,-1.209308991067346462e+00,-9.144525604674407226e-01,-5.403650188239603303e+00
-5.106728352683084893e+00,-9.508033350882667545e-01,1.056497560335481145e+00,-1.209387958788171735e+00,-9.144085424505861148e-01,-5.403545853855182379e+00
-5.106411815836263024e+00,-9.508026563430765910e-01,1.056510988926564476e+00,-1.209467015532655898e+00,-9.143643690251530565e-01,-5.403441335187573635e+00
-5.106095284197053275e+00,-9.508020327024770957e-01,1.056524516053459539e+00,-1.209546157948759415e+00,-9.143200401009000666e-01,-5.403336634966315444e+00
-5.105778760385192960e+00,-9.508014640006574592e-01,1.056538140823258365e+00,-1.209625382684442085e+00,-9.142755555875856643e-01,-5.403231755920949730e+00
-5.105462247020418509e+00,-9.508009500718060947e-01,1.056551862343053205e+00,-1.209704686387664374e+00,-9.142309153949683687e-01,-5.403126700781018421e+00
-5.105145746722465461e+00,-9.508004907501119707e-01,1.056565679719936091e+00,-1.209784065706385858e+00,-9.141861194328071427e-01,-5.403021472276060777e+00
-5.104829262111072019e+00,-9.508000858697639446e-01,1.056579592060998607e+00,-1.209863517288567669e+00,-9.141411676108603945e-01,-5.402916073135621389e+00
-5.104512795805973724e+00,-9.507997352649508738e-01,1.056593598473332785e+00,-1.209943037782169384e+00,-9.140960598388865321e-01,-5.402810506089236853e+00
-5.104196350426907003e+00,-9.507994387698613936e-01,1.056607698064030876e+00,-1.210022623835151023e+00,-9.140507960266446297e-01,-5.402704773866450871e+00
-5.103879928593607396e+00,-9.507991962186843615e-01,1.056621889940184689e+00,-1.210102272095473275e+00,-9.140053760838930952e-01,-5.402598879196804482e+00
-5.103563532925813995e+00,-9.507990074456086349e-01,1.056636173208886031e+00,-1.210181979211095493e+00,-9.139597999203903367e-01,-5.402492824809837835e+00
-5.103247166043262339e+00,-9.507988722848230712e-01,1.056650546977227156e+00,-1.210261741829978810e+00,-9.139140674458952063e-01,-5.402386613435093743e+00
-5.102930830565687081e+00,-9.507987905705163056e-01,1.056665010352299872e+00,-1.210341556600083024e+00,-9.138681785701663340e-01,-5.402280247802111468e+00
-5.102614529112826425e+00,-9.507987621368771958e-01,1.056679562441195985e+00,-1.210421420169367934e+00,-9.138221332029621280e-01,-5.402173730640433824e+00
-5.102298264304415909e+00,-9.507987868180949320e-01,1.056694202351008194e+00,-1.210501329185794228e+00,-9.137759312540414403e-01,-5.402067064679600072e+00
-5.101982038760193738e+00,-9.507988644483577056e-01,1.056708929188827417e+00,-1.210581280297321927e+00,-9.137295726331626788e-01,-5.401960252649152139e+00
-5.101665855099896341e+00,-9.507989948618547071e-01,1.056723742061746352e+00,-1.210661270151911051e+00,-9.136830572500846959e-01,-5.401853297278631949e+00
-5.101349715943257479e+00,-9.507991778927746829e-01,1.056738640076856806e+00,-1.210741295397521844e+00,-9.136363850145657883e-01,-5.401746201297579653e+00
-5.101033623910015358e+00,-9.507994133753063792e-01,1.056753622341250587e+00,-1.210821352682114327e+00,-9.135895558363648083e-01,-5.401638967435536287e+00
-5.100717581619908181e+00,-9.507997011436386536e-01,1.056768687962019726e+00,-1.210901438653649187e+00,-9.135425696252403860e-01,-5.401531598422043778e+00
-5.100401591692669712e+00,-9.508000410319604745e-01,1.056783836046256475e+00,-1.210981549960086001e+00,-9.134954262909509293e-01,-5.401424096986644052e+00
-5.100085656748037266e+00,-9.508004328744602551e-01,1.056799065701052198e+00,-1.211061683249385457e+00,-9.134481257432552903e-01,-5.401316465858876370e+00
-5.099769779405748160e+00,-9.508008765053271860e-01,1.056814376033499592e+00,-1.211141835169507353e+00,-9.134006678919117661e-01,-5.401208707768281769e+00
-5.099453962285538822e+00,-9.508013717587497915e-01,1.056829766150690020e+00,-1.211222002368411932e+00,-9.133530526466794308e-01,-5.401100825444403064e+00
-5.099138208007145678e+00,-9.508019184689171510e-01,1.056845235159715957e+00,-1.211302181494059660e+00,-9.133052799173164704e-01,-5.400992821616778627e+00
-5.098822519190304270e+00,-9.508025164700177889e-01,1.056860782167668766e+00,-1.211382369194410336e+00,-9.132573496135818480e-01,-5.400884699014953050e+00
-5.098506898454751912e+00,-9.508031655962407847e-01,1.056876406281641145e+00,-1.211462562117423980e+00,-9.132092616452337497e-01,-5.400776460368464704e+00
-5.098191348420224145e+00,-9.508038656817746626e-01,1.056892106608724458e+00,-1.211542756911061502e+00,-9.131610159220312495e-01,-5.400668108406858181e+00
-5.097875871706460060e+00,-9.508046165608086131e-01,1.056907882256010733e+00,-1.211622950223282036e+00,-9.131126123537326444e-01,-5.400559645859669189e+00
-5.097560470933193422e+00,-9.508054180675311606e-01,1.056923732330592447e+00,-1.211703138702046934e+00,-9.130640508500967867e-01,-5.400451075456444094e+00
-5.097245148682525873e+00,-9.508062700366952669e-01,1.056939655940374978e+00,-1.211783318995773628e+00,-9.130153313102586932e-01,-5.400342399917703595e+00
-5.096929904711317683e+00,-9.508071723454025737e-01,1.056955652254340627e+00,-1.211863487787268490e+00,-9.129664528358962805e-01,-5.400233621287075181e+00
-5.096614734035796346e+00,-9.508081249418142145e-01,1.056971720543955495e+00,-1.211943641817040396e+00,-9.129174131905860579e-01,-5.400124740472380225e+00
-5.096299631219000759e+00,-9.508091277808836672e-01,1.056987860090484288e+00,-1.212023777831113147e+00,-9.128682100099874130e-01,-5.400015758272862954e+00
-5.095984590823971594e+00,-9.508101808175654091e-01,1.057004070175190158e+00,-1.212103892575510988e+00,-9.128188409297592898e-01,-5.399906675487763152e+00
-5.095669607413747748e+00,-9.508112840068131399e-01,1.057020350079337812e+00,-1.212183982796259274e+00,-9.127693035855608539e-01,-5.399797492916325936e+00
-5.095354675551368118e+00,-9.508124373035807819e-01,1.057036699084190179e+00,-1.212264045239380916e+00,-9.127195956130510490e-01,-5.399688211357792866e+00
-5.095039789799874264e+00,-9.508136406628223680e-01,1.057053116471011300e+00,-1.212344076650901270e+00,-9.126697146478891520e-01,-5.399578831611406393e+00
-5.094724944722303306e+00,-9.508148940394918203e-01,1.057069601521064994e+00,-1.212424073776844136e+00,-9.126196583257344397e-01,-5.399469354476408078e+00
-5.094410134881695917e+00,-9.508161973885431717e-01,1.057086153515615523e+00,-1.212504033363234424e+00,-9.125694242822456337e-01,-5.399359780752043925e+00
-5.094095354841090106e+00,-9.508175506649300113e-01,1.057102771735926039e+00,-1.212583952156096156e+00,-9.125190101530822329e-01,-5.399250111237553718e+00
-5.093780599163528322e+00,-9.508189538236067051e-01,1.057119455463260804e+00,-1.212663826901453135e+00,-9.124684135739031809e-01,-5.399140346732179019e+00
-5.093465862412047684e+00,-9.508204068195269532e-01,1.057136203978883193e+00,-1.212743654345330713e+00,-9.124176321803677547e-01,-5.399030488035165831e+00
-5.093151139149687978e+00,-9.508219096076448995e-01,1.057153016564057690e+00,-1.212823431233752469e+00,-9.123666636081347869e-01,-5.398920535945754828e+00
-5.092836423939491652e+00,-9.508234621429143552e-01,1.057169892500047670e+00,-1.212903154312743093e+00,-9.123155054928635543e-01,-5.398810491263188460e+00
-5.092521711344494051e+00,-9.508250643802893531e-01,1.057186831068116728e+00,-1.212982820328326605e+00,-9.122641554702133337e-01,-5.398700354786710065e+00
-5.092206995927736735e+00,-9.508267162747235934e-01,1.057203831549529127e+00,-1.213062426026527918e+00,-9.122126111758430689e-01,-5.398590127315561205e+00
-5.091892272252259488e+00,-9.508284177811713311e-01,1.057220893225548464e+00,-1.213141968153370831e+00,-9.121608702454118145e-01,-5.398479809648986105e+00
-5.091577534881101208e+00,-9.508301688545863772e-01,1.057238015377438778e+00,-1.213221443454880033e+00,-9.121089303145788474e-01,-5.398369402586225441e+00
-5.091262778377300791e+00,-9.508319694499226538e-01,1.057255197286463444e+00,-1.213300848677079768e+00,-9.120567890190032223e-01,-5.398258906926523437e+00
-5.090947997303898909e+00,-9.508338195221341937e-01,1.057272438233886502e+00,-1.213380180565994060e+00,-9.120044439943441050e-01,-5.398148323469122545e+00
-5.090633186223934459e+00,-9.508357190261749192e-01,1.057289737500971993e+00,-1.213459435867647818e+00,-9.119518928762606613e-01,-5.398037653013263437e+00
-5.090318339700864669e+00,-9.508376679170037482e-01,1.057307094368934663e+00,-1.213538611327772188e+00,-9.118991333003682032e-01,-5.397926896358407944e+00
-5.090003453553481272e+00,-9.508396661649494153e-01,1.057324507972120964e+00,-1.213617702808247101e+00,-9.118461627705695127e-01,-5.397816054958238574e+00
-5.089688527623597025e+00,-9.508417137895964766e-01,1.057341976974201403e+00,-1.213696703338450700e+00,-9.117929783686636869e-01,-5.397705132363046943e+00
-5.089373562557268471e+00,-9.508438108203758343e-01,1.057359499944753756e+00,-1.213775605381514744e+00,-9.117395770920670994e-01,-5.397594132542258727e+00
-5.089058559000546822e+00,-9.508459572867185017e-01,1.057377075453355575e+00,-1.213854401400569660e+00,-9.116859559381957911e-01,-5.397483059465300492e+00
-5.088743517599493060e+00,-9.508481532180556028e-01,1.057394702069585302e+00,-1.213933083858746098e+00,-9.116321119044662469e-01,-5.397371917101598804e+00
-5.088428439000161951e+00,-9.508503986438179290e-01,1.057412378363020045e+00,-1.214011645219175151e+00,-9.115780419882943963e-01,-5.397260709420578451e+00
-5.088113323848606484e+00,-9.508526935934369373e-01,1.057430102903237579e+00,-1.214090077944987911e+00,-9.115237431870963913e-01,-5.397149440391666886e+00
-5.087798172790883200e+00,-9.508550380963434190e-01,1.057447874259816123e+00,-1.214168374499315028e+00,-9.114692124982887167e-01,-5.397038113984290675e+00
-5.087482986473047752e+00,-9.508574321819683872e-01,1.057465691002332786e+00,-1.214246527345287818e+00,-9.114144469192875242e-01,-5.396926734167873718e+00
-5.087167765541156683e+00,-9.508598758797429662e-01,1.057483551700366231e+00,-1.214324528946036930e+00,-9.113594434475087436e-01,-5.396815304911845246e+00
-5.086852510641265646e+00,-9.508623692190982801e-01,1.057501454923493345e+00,-1.214402371764693012e+00,-9.113041990803687487e-01,-5.396703830185630935e+00
-5.086537222419430293e+00,-9.508649122294654532e-01,1.057519399241292124e+00,-1.214480048264387380e+00,-9.112487108152840243e-01,-5.396592313958653797e+00
-5.086221901521704503e+00,-9.508675049402751656e-01,1.057537383223340566e+00,-1.214557550908250683e+00,-9.111929756496702781e-01,-5.396480760200343951e+00
-5.085906548594143928e+00,-9.508701473809588745e-01,1.057555405439216223e+00,-1.214634872159414014e+00,-9.111369905809439951e-01,-5.396369172880125298e+00
-5.085591164282805998e+00,-9.508728395809472600e-01,1.057573464458496648e+00,-1.214712004481008467e+00,-9.110807526065214379e-01,-5.396257555967424402e+00
-5.085275749233746367e+00,-9.508755815696716684e-01,1.057591558850760283e+00,-1.214788940336164691e+00,-9.110242587238187584e-01,-5.396145913431667829e+00
-5.084960304093018912e+00,-9.508783733765630020e-01,1.057609687185584013e+00,-1.214865672188013557e+00,-9.109675059302519973e-01,-5.396034249242282144e+00
-5.084644829506680175e+00,-9.508812150310523847e-01,1.057627848032546281e+00,-1.214942192499685936e+00,-9.109104912232375284e-01,-5.395922567368692135e+00
-5.084329326120785808e+00,-9.508841065625706079e-01,1.057646039961224194e+00,-1.215018493734312921e+00,-9.108532116001915035e-01,-5.395810871780324369e+00
-5.084013794581391465e+00,-9.508870480005491288e-01,1.057664261541196415e+00,-1.215094568355025384e+00,-9.107956640585301855e-01,-5.395699166446606299e+00
-5.083698235429634060e+00,-9.508900393885686420e-01,1.057682511250577884e+00,-1.215170408244062861e+00,-9.107378453592419598e-01,-5.395587455639929253e+00
-5.083382648218710109e+00,-9.508930809034498166e-01,1.057700786706256668e+00,-1.215245999813835853e+00,-9.106797500370482634e-01,-5.395475746485506541e+00
-5.083067031959600968e+00,-9.508961727951396048e-01,1.057719085052448271e+00,-1.215321326474732011e+00,-9.106213714048210228e-01,-5.395364047674267916e+00
-5.082751385657703125e+00,-9.508993153143380228e-01,1.057737403428500755e+00,-1.215396371606217718e+00,-9.105627027628476755e-01,-5.395252367913274227e+00
-5.082435708318415735e+00,-9.509025087117454200e-01,1.057755738973762183e+00,-1.215471118587760468e+00,-9.105037374114157700e-01,-5.395140715909583662e+00
-5.082119998947133510e+00,-9.509057532380615907e-01,1.057774088827579728e+00,-1.215545550798827090e+00,-9.104444686508122997e-01,-5.395029100370256181e+00
-5.081804256549253829e+00,-9.509090491439867732e-01,1.057792450129301676e+00,-1.215619651618884633e+00,-9.103848897813247021e-01,-5.394917530002349970e+00
-5.081488480130174068e+00,-9.509123966802210948e-01,1.057810820018275866e+00,-1.215693404427399926e+00,-9.103249941032405257e-01,-5.394806013512923215e+00
-5.081172668695290717e+00,-9.509157960974644608e-01,1.057829195633849917e+00,-1.215766792603839797e+00,-9.102647749168467639e-01,-5.394694559609035878e+00
-5.080856821250002930e+00,-9.509192476464171095e-01,1.057847574115371447e+00,-1.215839799527671961e+00,-9.102042255224308542e-01,-5.394583176997746143e+00
-5.080540936799703644e+00,-9.509227515777793904e-01,1.057865952602188742e+00,-1.215912408578362580e+00,-9.101433392202802342e-01,-5.394471874386113086e+00
-5.080225014349792900e+00,-9.509263081422509867e-01,1.057884328233648974e+00,-1.215984603135378928e+00,-9.100821093106821191e-01,-5.394360660481196668e+00
-5.079909052905666300e+00,-9.509299175905322477e-01,1.057902698149100651e+00,-1.216056366578188275e+00,-9.100205290939240577e-01,-5.394249543990055074e+00
-5.079593051472722109e+00,-9.509335801733233007e-01,1.057921059487890725e+00,-1.216127682286257006e+00,-9.099585918702931542e-01,-5.394138533619746489e+00
-5.079277009056355929e+00,-9.509372961413238290e-01,1.057939409389367702e+00,-1.216198533639053059e+00,-9.098962909400768462e-01,-5.394027638077330877e+00
-5.078960924661965137e+00,-9.509410657452345150e-01,1.057957744992879201e+00,-1.216268904016042374e+00,-9.098336196035623491e-01,-5.393916866069867311e+00
-5.078644797294947999e+00,-9.509448892357551530e-01,1.057976063437772618e+00,-1.216338776796692889e+00,-9.097705711610372115e-01,-5.393806226304413975e+00
-5.078328625960699227e+00,-9.509487668635858704e-01,1.057994361863396460e+00,-1.216408135360470766e+00,-9.097071389127884267e-01,-5.393695727488029945e+00
-5.078012409596728283e+00,-9.509526988800673930e-01,1.058012637281147805e+00,-1.216476962449897448e+00,-9.096433157060769270e-01,-5.393585378504908157e+00
-5.077696146187211212e+00,-9.509566855455332535e-01,1.058030884905649893e+00,-1.216545231863012999e+00,-9.095790880264181810e-01,-5.393475190726677582e+00
-5.077379833013134558e+00,-9.509607271269511219e-01,1.058049098626213214e+00,-1.216612910800351388e+00,-9.095144376668637953e-01,-5.393365177359722651e+00
-5.077063467339089087e+00,-9.509648238914429896e-01,1.058067272301237649e+00,-1.216679966308566785e+00,-9.094493463110191467e-01,-5.393255351653213125e+00
-5.076747046429658461e+00,-9.509689761061310698e-01,1.058085399789121972e+00,-1.216746365434314692e+00,-9.093837956424897229e-01,-5.393145726856328537e+00
-5.076430567549431672e+00,-9.509731840381375756e-01,1.058103474948265621e+00,-1.216812075224249279e+00,-9.093177673448806786e-01,-5.393036316218240422e+00
-5.076114027962998598e+00,-9.509774479545846093e-01,1.058121491637068479e+00,-1.216877062725025604e+00,-9.092512431017973906e-01,-5.392927132988124761e+00
-5.075797424934942903e+00,-9.509817681225942732e-01,1.058139443713929095e+00,-1.216941294983297839e+00,-9.091842045968453467e-01,-5.392818190415155755e+00
-5.075480755729855353e+00,-9.509861448092886693e-01,1.058157325037247576e+00,-1.217004739045721262e+00,-9.091166335136297016e-01,-5.392709501748509382e+00
-5.075164017612320499e+00,-9.509905782817901221e-01,1.058175129465422692e+00,-1.217067361958950489e+00,-9.090485115357559431e-01,-5.392601080237358069e+00
-5.074847207846929109e+00,-9.509950688072207337e-01,1.058192850856854106e+00,-1.217129130769639689e+00,-9.089798203468294480e-01,-5.392492939130878682e+00
-5.074530323698267509e+00,-9.509996166527023842e-01,1.058210483069941255e+00,-1.217190012524444143e+00,-9.089105416304554819e-01,-5.392385091678244535e+00
-5.074213362430923802e+00,-9.510042220853575090e-01,1.058228019963082911e+00,-1.217249974270018464e+00,-9.088406570702394216e-01,-5.392277551128632496e+00
-5.073896321309484314e+00,-9.510088853723082103e-01,1.058245455394679180e+00,-1.217308983053017268e+00,-9.087701483497866439e-01,-5.392170330731213213e+00
-5.073579197598538038e+00,-9.510136067806764792e-01,1.058262783223128833e+00,-1.217367005920094947e+00,-9.086989971527025256e-01,-5.392063443735165329e+00
-5.073261988568520842e+00,-9.510183865770973632e-01,1.058279997306115439e+00,-1.217424009918360417e+00,-9.086271851613765271e-01,-5.391956903388280153e+00
-5.072944703830441604e+00,-9.510232240000874304e-01,1.058297089989922668e+00,-1.217479963051936398e+00,-9.085546914927840056e-01,-5.391850720023820820e+00
-5.072627391370287064e+00,-9.510281150910664394e-01,1.058314048920901085e+00,-1.217534836300937284e+00,-9.084814872863383739e-01,-5.391744894911854047e+00
-5.072310106611730873e+00,-9.510330552718052610e-01,1.058330860834477249e+00,-1.217588601222271194e+00,-9.084075421352727497e-01,-5.391639427565855236e+00
-5.071992904978444905e+00,-9.510380399640749882e-01,1.058347512466078388e+00,-1.217641229372847356e+00,-9.083328256328200290e-01,-5.391534317499298012e+00
-5.071675841894101033e+00,-9.510430645896463808e-01,1.058363990551131728e+00,-1.217692692309573443e+00,-9.082573073722138846e-01,-5.391429564225656001e+00
-5.071358972782372909e+00,-9.510481245702904207e-01,1.058380281825064273e+00,-1.217742961589359352e+00,-9.081809569466872123e-01,-5.391325167258401940e+00
-5.071042353066934183e+00,-9.510532153277780898e-01,1.058396373023302806e+00,-1.217792008769112755e+00,-9.081037439494734631e-01,-5.391221126111012119e+00
-5.070726038171455841e+00,-9.510583322838802589e-01,1.058412250881274552e+00,-1.217839805405742659e+00,-9.080256379738058659e-01,-5.391117440296959273e+00
-5.070410083519610644e+00,-9.510634708603679099e-01,1.058427902134406517e+00,-1.217886323056157405e+00,-9.079466086129173163e-01,-5.391014109329717918e+00
-5.070094544535073133e+00,-9.510686264790118027e-01,1.058443313518125928e+00,-1.217931533277265999e+00,-9.078666254600413765e-01,-5.390911132722761678e+00
-5.069779476641515181e+00,-9.510737945615831412e-01,1.058458471767859566e+00,-1.217975407625977002e+00,-9.077856581084111642e-01,-5.390808509989564179e+00
-5.069464935262609551e+00,-9.510789705298525742e-01,1.058473363619034879e+00,-1.218017917659198979e+00,-9.077036761512597973e-01,-5.390706240643600822e+00
-5.069150975967105843e+00,-9.510841497980200288e-01,1.058487975796071678e+00,-1.218059034936351592e+00,-9.076206492116872804e-01,-5.390604324219574472e+00
-5.068837702591034500e+00,-9.510893252613810134e-01,1.058502291361412828e+00,-1.218098731852294891e+00,-9.075365568493373170e-01,-5.390502767315366484e+00
-5.068525336883924481e+00,-9.510944836617279963e-01,1.058516284431552990e+00,-1.218136982842809024e+00,-9.074514028981208735e-01,-5.390401593783695766e+00
-5.068214118264767087e+00,-9.510996108187449449e-01,1.058529927782426272e+00,-1.218173762649509273e+00,-9.073651948294730873e-01,-5.390300830062936477e+00
-5.067904286152554505e+00,-9.511046925521151607e-01,1.058543194189967673e+00,-1.218209046014009589e+00,-9.072779401148284295e-01,-5.390200502591460108e+00
-5.067596079966278033e+00,-9.511097146815225001e-01,1.058556056430111969e+00,-1.218242807677925033e+00,-9.071896462256218152e-01,-5.390100637807641704e+00
-5.067289739124931636e+00,-9.511146630266508195e-01,1.058568487278793491e+00,-1.218275022382869777e+00,-9.071003206332882707e-01,-5.390001262149853645e+00
-5.066985503047503947e+00,-9.511195234071837534e-01,1.058580459511946792e+00,-1.218305664870458660e+00,-9.070099708092624891e-01,-5.389902402056471864e+00
-5.066683611152987154e+00,-9.511242816428050473e-01,1.058591945905506648e+00,-1.218334709882306299e+00,-9.069186042249793855e-01,-5.389804083965866965e+00
-5.066384302860373445e+00,-9.511289235531984465e-01,1.058602919235407835e+00,-1.218362132160027089e+00,-9.068262283518736533e-01,-5.389706334316413994e+00
-5.066087817588655007e+00,-9.511334349580474745e-01,1.058613352277585129e+00,-1.218387906445236091e+00,-9.067328506613805406e-01,-5.389609179546487105e+00
-5.065794394528257527e+00,-9.511378016735239083e-01,1.058623217824646190e+00,-1.218412007597998281e+00,-9.066384786037782195e-01,-5.389512645975354843e+00
-5.065504231450098871e+00,-9.511420088793566263e-01,1.058632491690730371e+00,-1.218434431943664631e+00,-9.065431157954603192e-01,-5.389416738338751678e+00
-5.065217436949975394e+00,-9.511460403850294787e-01,1.058641156195251121e+00,-1.218455222021775253e+00,-9.064467575985671877e-01,-5.389321414903633034e+00
-5.064934108043988914e+00,-9.511498798220956452e-01,1.058649194502355284e+00,-1.218474426372940789e+00,-9.063493983033970025e-01,-5.389226627902824696e+00
-5.064654341748248356e+00,-9.511535108221080836e-01,1.058656589776189039e+00,-1.218492093537772547e+00,-9.062510322002471641e-01,-5.389132329569148006e+00
-5.064378235078854651e+00,-9.511569170166199738e-01,1.058663325180898562e+00,-1.218508272056880726e+00,-9.061516535794155169e-01,-5.389038472135431412e+00
-5.064105885051914946e+00,-9.511600820371843845e-01,1.058669383880630033e+00,-1.218523010470875967e+00,-9.060512567311997945e-01,-5.388945007834496259e+00
-5.063837388683533725e+00,-9.511629895153544956e-01,1.058674749039529628e+00,-1.218536357320369579e+00,-9.059498359458978411e-01,-5.388851888899170106e+00
-5.063572842989813694e+00,-9.511656230826831537e-01,1.058679403821743970e+00,-1.218548361145971759e+00,-9.058473855138071684e-01,-5.388759067562276073e+00
-5.063312344986862890e+00,-9.511679663707235388e-01,1.058683331391419236e+00,-1.218559070488293372e+00,-9.057438997252258428e-01,-5.388666496056638167e+00
-5.063055990798206452e+00,-9.511700029801951617e-01,1.058686514891554076e+00,-1.218568534074029985e+00,-9.056393724284567126e-01,-5.388574126094991534e+00
-5.062803822033099976e+00,-9.511717146286566837e-01,1.058688936173580064e+00,-1.218576811995023101e+00,-9.055337704769297336e-01,-5.388481877625383554e+00
-5.062555795247211776e+00,-9.511730800955443543e-01,1.058690575073813145e+00,-1.218583982075103211e+00,-9.054270186064636849e-01,-5.388389621036360211e+00
-5.062311859614346155e+00,-9.511740779052925143e-01,1.058691411253677161e+00,-1.218590123677073978e+00,-9.053190378974588226e-01,-5.388297222415156185e+00
-5.062071964308306526e+00,-9.511746865823353936e-01,1.058691424374595069e+00,-1.218595316163738396e+00,-9.052097494303151803e-01,-5.388204547849010595e+00
-5.061836058502893643e+00,-9.511748846511075550e-01,1.058690594097990045e+00,-1.218599638897900128e+00,-9.050990742854327920e-01,-5.388111463425160785e+00
-5.061604091371913583e+00,-9.511746506360432285e-01,1.058688900085285711e+00,-1.218603171242362393e+00,-9.049869335432118023e-01,-5.388017835230844987e+00
-5.061376012089168874e+00,-9.511739630615768659e-01,1.058686321997904578e+00,-1.218605992559928408e+00,-9.048732482840522451e-01,-5.387923529353300545e+00
-5.061151769828462044e+00,-9.511728004521429192e-01,1.058682839497270711e+00,-1.218608182213401614e+00,-9.047579395883541542e-01,-5.387828411879763912e+00
-5.060931313764251982e+00,-9.511711413322561093e-01,1.058678432245869105e+00,-1.218609819570022790e+00,-9.046409285415195622e-01,-5.387732348897720236e+00
-5.060714594957389956e+00,-9.511689644591876380e-01,1.058673082971899104e+00,-1.218610996804987190e+00,-9.045221506654862464e-01,-5.387635207204278132e+00
-5.060501570492530909e+00,-9.511662493334636093e-01,1.058666784193258659e+00,-1.218611846992940784e+00,-9.044015875821669326e-01,-5.387536855862586904e+00
-5.060292198654149587e+00,-9.511629756036515948e-01,1.058659530377751068e+00,-1.218612511354852268e+00,-9.042792300956347118e-01,-5.387437164387142374e+00
-5.060086437726716291e+00,-9.511591229183191665e-01,1.058651315993179631e+00,-1.218613131111690118e+00,-9.041550690099624532e-01,-5.387336002292443915e+00
-5.059884245994703100e+00,-9.511546709260338961e-01,1.058642135507346982e+00,-1.218613847484423918e+00,-9.040290951292234700e-01,-5.387233239092985571e+00
-5.059685581742580318e+00,-9.511495992753632445e-01,1.058631983388056641e+00,-1.218614801694022587e+00,-9.039012992574906313e-01,-5.387128744303264938e+00
-5.059490403254822688e+00,-9.511438876148746724e-01,1.058620854103111686e+00,-1.218616134961454600e+00,-9.037716721988368063e-01,-5.387022387437779614e+00
-5.059298668815901401e+00,-9.511375155931358627e-01,1.058608742120314972e+00,-1.218617988507689320e+00,-9.036402047573354190e-01,-5.386914038011025418e+00
-5.059110336710286759e+00,-9.511304628587141652e-01,1.058595641907470242e+00,-1.218620503553695222e+00,-9.035068877370588947e-01,-5.386803565537499949e+00
-5.058925365222451731e+00,-9.511227090601773737e-01,1.058581547932380573e+00,-1.218623821320441447e+00,-9.033717119420806574e-01,-5.386690839531699915e+00
-5.058743712636868395e+00,-9.511142338460927270e-01,1.058566454662848377e+00,-1.218628083028896913e+00,-9.032346681764734653e-01,-5.386575729508122912e+00
-5.058565337238008830e+00,-9.511050168650275749e-01,1.058550356566677397e+00,-1.218633429900030984e+00,-9.030957472443106315e-01,-5.386458104981263872e+00
-5.058390197310344227e+00,-9.510950377655499333e-01,1.058533248111670710e+00,-1.218640003154811913e+00,-9.029549399496649142e-01,-5.386337835465621282e+00
-5.058218251138346666e+00,-9.510842761962271519e-01,1.058515123765631394e+00,-1.218647944014208839e+00,-9.028122370966096266e-01,-5.386214790475690961e+00
-5.058049457006490002e+00,-9.510727118056265805e-01,1.058495977996362525e+00,-1.218657393699190683e+00,-9.026676294892173047e-01,-5.386088839525970506e+00
-5.057883773199243649e+00,-9.510603242423160131e-01,1.058475805271667403e+00,-1.218668493430726363e+00,-9.025211079315613727e-01,-5.385959852130957515e+00
-5.057721158001081463e+00,-9.510470931548625773e-01,1.058454600059349326e+00,-1.218681384429785020e+00,-9.023726632277146997e-01,-5.385827697805146030e+00
-5.057561558730883533e+00,-9.510330012945916733e-01,1.058432360474171885e+00,-1.218696200481502734e+00,-9.022222930295767940e-01,-5.385692258208948147e+00
-5.057404863399064254e+00,-9.510180481943995012e-01,1.058409104355851449e+00,-1.218713035153575541e+00,-9.020700320261951788e-01,-5.385553480695151940e+00
-5.057250940056654542e+00,-9.510022390347693255e-01,1.058384856182239986e+00,-1.218731968479124461e+00,-9.019159273709158597e-01,-5.385411334724328647e+00
-5.057099656739648452e+00,-9.509855790004388965e-01,1.058359640436191240e+00,-1.218753080481072004e+00,-9.017600262264739985e-01,-5.385265789773704626e+00
-5.056950881484042704e+00,-9.509680732761458533e-01,1.058333481600558290e+00,-1.218776451182341347e+00,-9.016023757556054230e-01,-5.385116815320510675e+00
-5.056804482325832240e+00,-9.509497270466281682e-01,1.058306404158194658e+00,-1.218802160605856555e+00,-9.014430231210456279e-01,-5.384964380841972265e+00
-5.056660327301012892e+00,-9.509305454966234805e-01,1.058278432591954088e+00,-1.218830288774540804e+00,-9.012820154855305521e-01,-5.384808455815320194e+00
-5.056518284445580491e+00,-9.509105338108694294e-01,1.058249591384689214e+00,-1.218860915711316828e+00,-9.011194000117955794e-01,-5.384649009717779045e+00
-5.056378221795529093e+00,-9.508896971741042092e-01,1.058219905019254226e+00,-1.218894121439108469e+00,-9.009552238625765375e-01,-5.384486012026578727e+00
-5.056240007386854529e+00,-9.508680407710651261e-01,1.058189397978501756e+00,-1.218929985980839126e+00,-9.007895342006088102e-01,-5.384319432218946488e+00
-5.056103509255553519e+00,-9.508455697864902634e-01,1.058158094745285771e+00,-1.218968589359431753e+00,-9.006223781886281143e-01,-5.384149239772109574e+00
-5.055968595437619229e+00,-9.508222894051172602e-01,1.058126019802459572e+00,-1.219010011597810195e+00,-9.004538029893702777e-01,-5.383975404163297895e+00
-5.055835133969049267e+00,-9.507982048116838669e-01,1.058093197632876459e+00,-1.219054332718897626e+00,-9.002838557655705731e-01,-5.383797894869736922e+00
-5.055702992885837688e+00,-9.507733211909278337e-01,1.058059652719389954e+00,-1.219101632745617003e+00,-9.001125836799649393e-01,-5.383616681368655676e+00
-5.055572040223981212e+00,-9.507476437275871328e-01,1.058025409544853579e+00,-1.219151991700891946e+00,-8.999400338952888712e-01,-5.383431733137283182e+00
-5.055442144019473005e+00,-9.507211776063992925e-01,1.057990492592120413e+00,-1.219205489607646298e+00,-8.997662535742780854e-01,-5.383243019652844019e+00
-5.055313172308310676e+00,-9.506939280121022851e-01,1.057954926344043978e+00,-1.219262206488802569e+00,-8.995912898796681878e-01,-5.383050510392569876e+00
-5.055184992617169470e+00,-9.506659003409991815e-01,1.057918734977836950e+00,-1.219322219577996469e+00,-8.994151868162489905e-01,-5.382854174864949215e+00
-5.055057466609611971e+00,-9.506371024248646551e-01,1.057881939152280903e+00,-1.219385573999512307e+00,-8.992379520355964218e-01,-5.382653982938366610e+00
-5.054930452193774570e+00,-9.506075436554345393e-01,1.057844557272541675e+00,-1.219452294311046847e+00,-8.990595699044331424e-01,-5.382449904711723576e+00
-5.054803807216419642e+00,-9.505772334499399401e-01,1.057806607706952118e+00,-1.219522404734160403e+00,-8.988800244089164559e-01,-5.382241910287689279e+00
-5.054677389524303344e+00,-9.505461812256121856e-01,1.057768108823845310e+00,-1.219595929490411512e+00,-8.986992995352034441e-01,-5.382029969768932887e+00
-5.054551056964188938e+00,-9.505143963996827150e-01,1.057729078991554328e+00,-1.219672892801359820e+00,-8.985173792694515216e-01,-5.381814053258120900e+00
-5.054424667382835246e+00,-9.504818883893830783e-01,1.057689536578411804e+00,-1.219753318888564975e+00,-8.983342475978181030e-01,-5.381594130857925151e+00
-5.054298078627000201e+00,-9.504486666119443816e-01,1.057649499952751260e+00,-1.219837231973585734e+00,-8.981498885064606030e-01,-5.381370172671013030e+00
-5.054171148543443515e+00,-9.504147404845982861e-01,1.057608987482905549e+00,-1.219924656277981301e+00,-8.979642859815358813e-01,-5.381142148800052816e+00
-5.054043735891821321e+00,-9.503801193459617824e-01,1.057568017349101774e+00,-1.220015615450847468e+00,-8.977774245018343979e-01,-5.380910030110909403e+00
-5.053915747372733414e+00,-9.503448084062037227e-01,1.057526597853154282e+00,-1.220110103078147823e+00,-8.975893144169092563e-01,-5.380673827548856814e+00
-5.053787160311997262e+00,-9.503088067935806516e-01,1.057484722744280736e+00,-1.220208068457706352e+00,-8.974000041883781753e-01,-5.380433611103003777e+00
-5.053657957699737580e+00,-9.502721131485665218e-01,1.057442384604548646e+00,-1.220309457335339243e+00,-8.972095453345327876e-01,-5.380189455497906614e+00
-5.053528122526077304e+00,-9.502347261116355082e-01,1.057399576016025744e+00,-1.220414215456861129e+00,-8.970179893736640597e-01,-5.379941435458126087e+00
-5.053397637781138485e+00,-9.501966443232612303e-01,1.057356289560778650e+00,-1.220522288568087976e+00,-8.968253878240631805e-01,-5.379689625708216738e+00
-5.053266486455042283e+00,-9.501578664239177519e-01,1.057312517820875097e+00,-1.220633622414835084e+00,-8.966317922040211164e-01,-5.379434100972737554e+00
-5.053134651537912525e+00,-9.501183910540788036e-01,1.057268253378382594e+00,-1.220748162742918197e+00,-8.964372540318291671e-01,-5.379174935976246630e+00
-5.053002116019872147e+00,-9.500782168542183381e-01,1.057223488815367984e+00,-1.220865855298152391e+00,-8.962418248257786324e-01,-5.378912205443301175e+00
-5.052868862891041424e+00,-9.500373424648100862e-01,1.057178216713898777e+00,-1.220986645826353634e+00,-8.960455561041605899e-01,-5.378645984098460175e+00
-5.052734875833033712e+00,-9.499957665854004141e-01,1.057132429668034224e+00,-1.221110479633854773e+00,-8.958484996108009302e-01,-5.378376347236832444e+00
-5.052600164364897672e+00,-9.499534901227644212e-01,1.057086120719917366e+00,-1.221237285605753176e+00,-8.956507155166183454e-01,-5.378103391472295769e+00
-5.052464770977537434e+00,-9.499105168003827426e-01,1.057039283483501624e+00,-1.221366971671562496e+00,-8.954522747465721855e-01,-5.377827240624172944e+00
-5.052328740306875510e+00,-9.498668505249793226e-01,1.056991911609940660e+00,-1.221499444397509127e+00,-8.952532489252378323e-01,-5.377548020281664343e+00
-5.052192116988833526e+00,-9.498224952032782165e-01,1.056943998750388358e+00,-1.221634610349819461e+00,-8.950537096771902235e-01,-5.377265856033973890e+00
-5.052054945659333107e+00,-9.497774547420038127e-01,1.056895538555997716e+00,-1.221772376094719448e+00,-8.948537286270042967e-01,-5.376980873470301070e+00
-5.051917270954297656e+00,-9.497317330478798336e-01,1.056846524677922394e+00,-1.221912648198435924e+00,-8.946533773992552119e-01,-5.376693198179848032e+00
-5.051779137509649686e+00,-9.496853340276305566e-01,1.056796950767316279e+00,-1.222055333227194840e+00,-8.944527276185182396e-01,-5.376402955751818702e+00
-5.051640589961310823e+00,-9.496382615879802591e-01,1.056746810475332810e+00,-1.222200337747222587e+00,-8.942518509093679846e-01,-5.376110271775412563e+00
-5.051501672945202692e+00,-9.495905196356526634e-01,1.056696097453125427e+00,-1.222347568324745781e+00,-8.940508188963797176e-01,-5.375815271839832654e+00
-5.051362431097248695e+00,-9.495421120773722690e-01,1.056644805351847793e+00,-1.222496931525990593e+00,-8.938497032041283763e-01,-5.375518081534280235e+00
-5.051222909053370458e+00,-9.494930428198630201e-01,1.056592927822653127e+00,-1.222648333917183638e+00,-8.936485754571891205e-01,-5.375218826447957454e+00
-5.051083151449490494e+00,-9.494433157698488612e-01,1.056540458516695535e+00,-1.222801682064550644e+00,-8.934475072801369988e-01,-5.374917632170066462e+00
-5.050943202921529540e+00,-9.493929348340539587e-01,1.056487391085128014e+00,-1.222956882534318446e+00,-8.932465702975470601e-01,-5.374614624289809406e+00
-5.050803108105413664e+00,-9.493419039192024789e-01,1.056433719179104891e+00,-1.223113841892713216e+00,-8.930458361339942419e-01,-5.374309928396386660e+00
-5.050662911637061825e+00,-9.492902269320184772e-01,1.056379436449778719e+00,-1.223272466705961348e+00,-8.928453764140538151e-01,-5.374003670079001260e+00
-5.050522658152397426e+00,-9.492379077792260089e-01,1.056324536548304271e+00,-1.223432663540288790e+00,-8.926452627623003844e-01,-5.373695974926854468e+00
-5.050382392287341204e+00,-9.491849503675494626e-01,1.056269013125833656e+00,-1.223594338961922601e+00,-8.924455668033093314e-01,-5.373386968529147545e+00
-5.050242158677817450e+00,-9.491313586037127825e-01,1.056212859833521645e+00,-1.223757399537088952e+00,-8.922463601616558160e-01,-5.373076776475084415e+00
-5.050102001959747788e+00,-9.490771363944398020e-01,1.056156070322521012e+00,-1.223921751832013571e+00,-8.920477144619146648e-01,-5.372765524353864564e+00
-5.049961966769053845e+00,-9.490222876464547985e-01,1.056098638243985866e+00,-1.224087302412923517e+00,-8.918497013286609265e-01,-5.372453337754691916e+00
-5.049822097741659022e+00,-9.489668162664819384e-01,1.056040557249069645e+00,-1.224253957846044738e+00,-8.916523923864695389e-01,-5.372140342266765956e+00
-5.049682439090935837e+00,-9.489107261362702550e-01,1.055981821038041391e+00,-1.224421625400138325e+00,-8.914558586004917018e-01,-5.371826662449551648e+00
-5.049543019219654205e+00,-9.488540202030606441e-01,1.055922425148949628e+00,-1.224590238630908878e+00,-8.912601462620171056e-01,-5.371512384332493006e+00
-5.049403846341444790e+00,-9.487967002207885470e-01,1.055862367466569474e+00,-1.224759764660811712e+00,-8.910652701553872790e-01,-5.371197544744653385e+00
-5.049264927355247679e+00,-9.487387678656822310e-01,1.055801646028492025e+00,-1.224930172798130101e+00,-8.908712430132492699e-01,-5.370882177311228745e+00
-5.049126269160001179e+00,-9.486802248139701854e-01,1.055740258872308823e+00,-1.225101432351145769e+00,-8.906780775682497930e-01,-5.370566315657415046e+00
-5.048987878654647155e+00,-9.486210727418806776e-01,1.055678204035610301e+00,-1.225273512628141770e+00,-8.904857865530356742e-01,-5.370249993408404698e+00
-5.048849762738122138e+00,-9.485613133256420859e-01,1.055615479555988001e+00,-1.225446382937400713e+00,-8.902943827002537391e-01,-5.369933244189394550e+00
-5.048711928309367991e+00,-9.485009482414830106e-01,1.055552083471033242e+00,-1.225620012587204544e+00,-8.901038787425507026e-01,-5.369616101625576121e+00
-5.048574382267322136e+00,-9.484399791656316081e-01,1.055488013818336901e+00,-1.225794370885836537e+00,-8.899142874125733904e-01,-5.369298599342148037e+00
-5.048437131510925546e+00,-9.483784077743162566e-01,1.055423268635490075e+00,-1.225969427141578638e+00,-8.897256214429685173e-01,-5.368980770964301819e+00
-5.048300182939117420e+00,-9.483162357437654455e-01,1.055357845960084084e+00,-1.226145150662713901e+00,-8.895378935663829090e-01,-5.368662650117235202e+00
-5.048163543450836066e+00,-9.482534647502075531e-01,1.055291743829710027e+00,-1.226321510757524713e+00,-8.893511165154635023e-01,-5.368344270426139708e+00
-5.048027219945021571e+00,-9.481900964698709577e-01,1.055224960281958779e+00,-1.226498476734293464e+00,-8.891653030228569010e-01,-5.368025665516213074e+00
-5.047891219320614908e+00,-9.481261325789840377e-01,1.055157493354422105e+00,-1.226676017901302762e+00,-8.889804658212100419e-01,-5.367706869012648596e+00
-5.047755548476553500e+00,-9.480615747537752824e-01,1.055089341084690657e+00,-1.226854103566834997e+00,-8.887966176431695287e-01,-5.367387914540641347e+00
-5.047620214311778319e+00,-9.479964246704727371e-01,1.055020501510355313e+00,-1.227032703039173223e+00,-8.886137712213822981e-01,-5.367068835725385512e+00
-5.047485223725226788e+00,-9.479306840053051131e-01,1.054950972669007836e+00,-1.227211785626599605e+00,-8.884319392884952871e-01,-5.366749666192074386e+00
-5.047350583615840769e+00,-9.478643544345007887e-01,1.054880752598239324e+00,-1.227391320637396754e+00,-8.882511345771549882e-01,-5.366430439565907484e+00
-5.047216300882557682e+00,-9.477974376342879204e-01,1.054809839335640431e+00,-1.227571277379847503e+00,-8.880713698200084494e-01,-5.366111189472075438e+00
-5.047082382424317615e+00,-9.477299352808949973e-01,1.054738230918802699e+00,-1.227751625162233795e+00,-8.878926577497021633e-01,-5.365791949535773320e+00
-5.046948835140060652e+00,-9.476618490505506198e-01,1.054665925385317449e+00,-1.227932333292838463e+00,-8.877150110988831777e-01,-5.365472753382197091e+00
-5.046815665928725991e+00,-9.475931806194829443e-01,1.054592920772775111e+00,-1.228113371079944338e+00,-8.875384426001983185e-01,-5.365153634636541824e+00
-5.046682881689253719e+00,-9.475239316639204601e-01,1.054519215118767228e+00,-1.228294707831833366e+00,-8.873629649862940783e-01,-5.364834626923999927e+00
-5.046550489320580368e+00,-9.474541038600913234e-01,1.054444806460885342e+00,-1.228476312856789265e+00,-8.871885909898175049e-01,-5.364515763869769138e+00
-5.046418495721648689e+00,-9.473836988842242457e-01,1.054369692836719885e+00,-1.228658155463093093e+00,-8.870153333434152021e-01,-5.364197079099041865e+00
-5.046286907791396992e+00,-9.473127184125473832e-01,1.054293872283862399e+00,-1.228840204959028348e+00,-8.868432047797342177e-01,-5.363878606237014957e+00
-5.046155730642309045e+00,-9.472411628201597988e-01,1.054217341655955487e+00,-1.229022435161582383e+00,-8.866722156524486920e-01,-5.363560372757397943e+00
-5.046024961015454835e+00,-9.471690263850144342e-01,1.054140092258607053e+00,-1.229204841015720140e+00,-8.865023651672686578e-01,-5.363242377307796183e+00
-5.045894593201864176e+00,-9.470963016006248569e-01,1.054062113773695186e+00,-1.229387423649889177e+00,-8.863336492672525546e-01,-5.362924610099335077e+00
-5.045764621492258684e+00,-9.470229809602802584e-01,1.053983395882892582e+00,-1.229570184193312432e+00,-8.861660638950490387e-01,-5.362607061342083981e+00
-5.045635040177359976e+00,-9.469490569572707184e-01,1.053903928267873269e+00,-1.229753123775213730e+00,-8.859996049933072104e-01,-5.362289721246109586e+00
-5.045505843547888780e+00,-9.468745220848857613e-01,1.053823700610310166e+00,-1.229936243524816009e+00,-8.858342685046758369e-01,-5.361972580021481249e+00
-5.045377025894568490e+00,-9.467993688364149119e-01,1.053742702591877523e+00,-1.230119544571342427e+00,-8.856700503718037965e-01,-5.361655627878266550e+00
-5.045248581508117169e+00,-9.467235897051480276e-01,1.053660923894247814e+00,-1.230303028044016145e+00,-8.855069465373404114e-01,-5.361338855026533956e+00
-5.045120504679259099e+00,-9.466471771843745220e-01,1.053578354199095513e+00,-1.230486695072060543e+00,-8.853449529439342269e-01,-5.361022251676350159e+00
-5.044992789698713231e+00,-9.465701237673841417e-01,1.053494983188093093e+00,-1.230670546784698560e+00,-8.851840655342343434e-01,-5.360705808037786291e+00
-5.044865430857203847e+00,-9.464924219474665223e-01,1.053410800542914583e+00,-1.230854584311153577e+00,-8.850242802508895279e-01,-5.360389514320907267e+00
-5.044738422445449899e+00,-9.464140642179112994e-01,1.053325795945233567e+00,-1.231038808780648530e+00,-8.848655930365487698e-01,-5.360073360735783332e+00
-5.044611758754174780e+00,-9.463350430720081086e-01,1.053239959076723187e+00,-1.231223221322406802e+00,-8.847079998338612805e-01,-5.359757337492481177e+00
-5.044485434074098329e+00,-9.462553510030465853e-01,1.053153279619056804e+00,-1.231407823065651552e+00,-8.845514965854754941e-01,-5.359441434801071047e+00
-5.044359442695941276e+00,-9.461749805043163652e-01,1.053065747253908002e+00,-1.231592615139606162e+00,-8.843960792340406218e-01,-5.359125642871616968e+00
-5.044233778910426125e+00,-9.460939240691071950e-01,1.052977351662950811e+00,-1.231777598673493346e+00,-8.842417437222057641e-01,-5.358809951914192737e+00
-5.044108437008275381e+00,-9.460121741907085990e-01,1.052888082527858149e+00,-1.231962774796536930e+00,-8.840884859926194661e-01,-5.358494352138861494e+00
-5.043983411280209772e+00,-9.459297233624101020e-01,1.052797929530302934e+00,-1.232148144637959408e+00,-8.839363019879308281e-01,-5.358178833755694370e+00
-5.043858696016949139e+00,-9.458465640775016725e-01,1.052706882351959639e+00,-1.232333709326984383e+00,-8.837851876507887283e-01,-5.357863386974757169e+00
-5.043734285509217763e+00,-9.457626888292727241e-01,1.052614930674501181e+00,-1.232519469992835237e+00,-8.836351389238423781e-01,-5.357548002006121024e+00
-5.043610174047733707e+00,-9.456780901110128923e-01,1.052522064179601147e+00,-1.232705427764734685e+00,-8.834861517497403227e-01,-5.357232669059851737e+00
-5.043486355923220366e+00,-9.455927604160119238e-01,1.052428272548933119e+00,-1.232891583771905886e+00,-8.833382220711317734e-01,-5.356917378346018666e+00
-5.043362825426399354e+00,-9.455066922375593430e-01,1.052333545464170239e+00,-1.233077939143572666e+00,-8.831913458306653864e-01,-5.356602120074687612e+00
-5.043239576847991401e+00,-9.454198780689447856e-01,1.052237872606986313e+00,-1.233264495008957740e+00,-8.830455189709902619e-01,-5.356286884455930597e+00
-5.043116604478718124e+00,-9.453323104034581092e-01,1.052141243659054481e+00,-1.233451252497284045e+00,-8.829007374347553894e-01,-5.355971661699811648e+00
-5.042993902609299361e+00,-9.452439817343887274e-01,1.052043648302048773e+00,-1.233638212737775408e+00,-8.827569971646095359e-01,-5.355656442016401897e+00
-5.042871465530459396e+00,-9.451548845550262756e-01,1.051945076217641883e+00,-1.233825376859654765e+00,-8.826142941032016909e-01,-5.355341215615767148e+00
-5.042749287532918068e+00,-9.450650113586606116e-01,1.051845517087507842e+00,-1.234012745992145277e+00,-8.824726241931809545e-01,-5.355025972707978532e+00
-5.042627362921608736e+00,-9.449743546281538231e-01,1.051744960579940491e+00,-1.234200321257774569e+00,-8.823319834122759220e-01,-5.354710703525729087e+00
-5.042505688091035942e+00,-9.448829053131206912e-01,1.051643394395984421e+00,-1.234388102794573561e+00,-8.821923728963566580e-01,-5.354395401628994300e+00
-5.042384263710021131e+00,-9.447906512268599011e-01,1.051540802212596493e+00,-1.234576088726748511e+00,-8.820538043324679389e-01,-5.354080067383814701e+00
-5.042263090970026340e+00,-9.446975797991715718e-01,1.051437167214681168e+00,-1.234764276932259763e+00,-8.819162906978189609e-01,-5.353764701988456665e+00
-5.042142171062516276e+00,-9.446036784598552671e-01,1.051332472587144462e+00,-1.234952665289069218e+00,-8.817798449696186980e-01,-5.353449306641187455e+00
-5.042021505178955643e+00,-9.445089346387114393e-01,1.051226701514890838e+00,-1.235141251675137886e+00,-8.816444801250762353e-01,-5.353133882540274335e+00
-5.041901094510809145e+00,-9.444133357655396521e-01,1.051119837182824535e+00,-1.235330033968427221e+00,-8.815102091414006580e-01,-5.352818430883982792e+00
-5.041780940249541487e+00,-9.443168692701398026e-01,1.051011862775851124e+00,-1.235519010046898236e+00,-8.813770449958012732e-01,-5.352502952870580977e+00
-5.041661043586619151e+00,-9.442195225823118987e-01,1.050902761478875069e+00,-1.235708177788512607e+00,-8.812450006654870549e-01,-5.352187449698334376e+00
-5.041541405713505064e+00,-9.441212831318557264e-01,1.050792516476801719e+00,-1.235897535071230902e+00,-8.811140891276671994e-01,-5.351871922565511142e+00
-5.041422027821663931e+00,-9.440221383485715156e-01,1.050681110954535091e+00,-1.236087079773015240e+00,-8.809843233595506806e-01,-5.351556372670376760e+00
-5.041302911102563122e+00,-9.439220756622588304e-01,1.050568528096980980e+00,-1.236276809771826413e+00,-8.808557163383466948e-01,-5.351240801211198495e+00
-5.041184056747662012e+00,-9.438210825027177897e-01,1.050454751089043626e+00,-1.236466722945626096e+00,-8.807282810412644380e-01,-5.350925209386244497e+00
-5.041065465948431523e+00,-9.437191462997480684e-01,1.050339763115628156e+00,-1.236656817172375078e+00,-8.806020304455127734e-01,-5.350609598393778477e+00
-5.040947139896332807e+00,-9.436162544831500076e-01,1.050223547361639476e+00,-1.236847090330034593e+00,-8.804769775283008970e-01,-5.350293969432068586e+00
-5.040829079782830568e+00,-9.435123944827231712e-01,1.050106087011982492e+00,-1.237037540296566318e+00,-8.803531352668382270e-01,-5.349978323699383864e+00
-5.040711286799391289e+00,-9.434075537282676782e-01,1.049987365251561888e+00,-1.237228164949931264e+00,-8.802305166383332935e-01,-5.349662662393988022e+00
-5.040593762137478784e+00,-9.433017196495832035e-01,1.049867365265282793e+00,-1.237418962168090886e+00,-8.801091346199957366e-01,-5.349346986714149210e+00
-5.040476506988557759e+00,-9.431948796764697551e-01,1.049746070238049667e+00,-1.237609929829006639e+00,-8.799890021890344194e-01,-5.349031297858132916e+00
-5.040359522544092918e+00,-9.430870212387274520e-01,1.049623463354767638e+00,-1.237801065810639312e+00,-8.798701323226585380e-01,-5.348715597024208179e+00
-5.040242809995548967e+00,-9.429781317661560802e-01,1.049499527800341614e+00,-1.237992367990950582e+00,-8.797525379980770666e-01,-5.348399885410640486e+00
-5.040126370534391498e+00,-9.428681986885553146e-01,1.049374246759676499e+00,-1.238183834247901238e+00,-8.796362321924993122e-01,-5.348084164215696212e+00
-5.040010205352084327e+00,-9.427572094357253851e-01,1.049247603417676977e+00,-1.238375462459453180e+00,-8.795212278831340269e-01,-5.347768434637642621e+00
-5.039894315640092159e+00,-9.426451514374661889e-01,1.049119580959247955e+00,-1.238567250503567418e+00,-8.794075380471908510e-01,-5.347452697874746086e+00
-5.039778702589881476e+00,-9.425320121235775117e-01,1.048990162569294560e+00,-1.238759196258204964e+00,-8.792951756618784254e-01,-5.347136955125274760e+00
-5.039663367392915205e+00,-9.424177789238591396e-01,1.048859331432721476e+00,-1.238951297601327495e+00,-8.791841537044060573e-01,-5.346821207587492353e+00
-5.039548311240658052e+00,-9.423024392681113026e-01,1.048727070734433386e+00,-1.239143552410896243e+00,-8.790744851519828318e-01,-5.346505456459668792e+00
-5.039433535324575608e+00,-9.421859805861337867e-01,1.048593363659335420e+00,-1.239335958564871998e+00,-8.789661829818179450e-01,-5.346189702940069566e+00
-5.039319040836133468e+00,-9.420683903077264887e-01,1.048458193392332261e+00,-1.239528513941216659e+00,-8.788592601711203711e-01,-5.345873948226961048e+00
-5.039204828966792782e+00,-9.419496558626891947e-01,1.048321543118329036e+00,-1.239721216417891014e+00,-8.787537296970993062e-01,-5.345558193518611390e+00
-5.039090900910244031e+00,-9.418297646816449209e-01,1.048183396022507319e+00,-1.239914063871587979e+00,-8.786496045368764607e-01,-5.345242440014392749e+00
-5.038977258656647251e+00,-9.417087044902354709e-01,1.048043735389320830e+00,-1.240107053723987329e+00,-8.785468976362866833e-01,-5.344926689310625534e+00
-5.038863906168407958e+00,-9.415864637446353935e-01,1.047902544749043319e+00,-1.240300182270060780e+00,-8.784456218636901292e-01,-5.344610943986551455e+00
-5.038750847707931690e+00,-9.414630310121396839e-01,1.047759807669339294e+00,-1.240493445633398029e+00,-8.783457900756624914e-01,-5.344295206770921958e+00
-5.038638087537619548e+00,-9.413383948600423379e-01,1.047615507717873040e+00,-1.240686839937589214e+00,-8.782474151287800179e-01,-5.343979480392492043e+00
-5.038525629919876181e+00,-9.412125438556383505e-01,1.047469628462309510e+00,-1.240880361306224255e+00,-8.781505098796185127e-01,-5.343663767580013157e+00
-5.038413479117101801e+00,-9.410854665662217178e-01,1.047322153470313211e+00,-1.241074005862892848e+00,-8.780550871847537797e-01,-5.343348071062239413e+00
-5.038301639391701059e+00,-9.409571515590876567e-01,1.047173066309548428e+00,-1.241267769731184467e+00,-8.779611599007617340e-01,-5.343032393567921368e+00
-5.038190115006076830e+00,-9.408275874015301632e-01,1.047022350547680114e+00,-1.241461649034689918e+00,-8.778687408842184015e-01,-5.342716737825814022e+00
-5.038078910222629325e+00,-9.406967626608438993e-01,1.046869989752372554e+00,-1.241655639896998231e+00,-8.777778429916994751e-01,-5.342401106564669711e+00
-5.037968029303765860e+00,-9.405646659043237490e-01,1.046715967491290478e+00,-1.241849738441699547e+00,-8.776884790797809810e-01,-5.342085502513239881e+00
-5.037857476511883981e+00,-9.404312856992638192e-01,1.046560267332098837e+00,-1.242043940792383783e+00,-8.776006620050390561e-01,-5.341769928400279532e+00
-5.037747256109391891e+00,-9.402966106129588830e-01,1.046402872842461251e+00,-1.242238243072640858e+00,-8.775144046240490603e-01,-5.341454386954540112e+00
-5.037637372358686250e+00,-9.401606292127034914e-01,1.046243767590043339e+00,-1.242432641406060689e+00,-8.774297197933872416e-01,-5.341138880904773956e+00
-5.037527829522176148e+00,-9.400233300657920843e-01,1.046082935142509163e+00,-1.242627131916232530e+00,-8.773466203696294041e-01,-5.340823412979734286e+00
-5.037418631862259133e+00,-9.398847017395192127e-01,1.045920359067523231e+00,-1.242821710726747186e+00,-8.772651192093515737e-01,-5.340507985908176103e+00
-5.037309783641340744e+00,-9.397447328011795387e-01,1.045756022932750495e+00,-1.243016373961193910e+00,-8.771852291691294434e-01,-5.340192602418849077e+00
-5.037201289121823855e+00,-9.396034118180675021e-01,1.045589910305855241e+00,-1.243211117743162619e+00,-8.771069631055390392e-01,-5.339877265240507320e+00
-5.037093152566109566e+00,-9.394607273574776540e-01,1.045422004754501977e+00,-1.243405938196243232e+00,-8.770303338751561650e-01,-5.339561977101903167e+00
-5.036985378236602529e+00,-9.393166679867045454e-01,1.045252289846355653e+00,-1.243600831444026111e+00,-8.769553543345569580e-01,-5.339246740731791618e+00
-5.036877970395703841e+00,-9.391712222730427273e-01,1.045080749149080335e+00,-1.243795793610100509e+00,-8.768820373403171109e-01,-5.338931558858922344e+00
-5.036770933305817266e+00,-9.390243787837866396e-01,1.044907366230340973e+00,-1.243990820818055898e+00,-8.768103957490125389e-01,-5.338616434212049455e+00
-5.036664271229344791e+00,-9.388761260862310554e-01,1.044732124657802297e+00,-1.244185909191483308e+00,-8.767404424172191568e-01,-5.338301369519927064e+00
-5.036557988428691068e+00,-9.387264527476704146e-01,1.044555007999128371e+00,-1.244381054853971991e+00,-8.766721902015128798e-01,-5.337986367511305730e+00
-5.036452089166255419e+00,-9.385753473353991572e-01,1.044375999821984369e+00,-1.244576253929111642e+00,-8.766056519584696227e-01,-5.337671430914939563e+00
-5.036346577704445160e+00,-9.384227984167119452e-01,1.044195083694034354e+00,-1.244771502540491959e+00,-8.765408405446650786e-01,-5.337356562459580900e+00
-5.036241458305658725e+00,-9.382687945589033296e-01,1.044012243182943278e+00,-1.244966796811703524e+00,-8.764777688166754954e-01,-5.337041764873984739e+00
-5.036136735232301653e+00,-9.381133243292677504e-01,1.043827461856375649e+00,-1.245162132866336036e+00,-8.764164496310764552e-01,-5.336727040886900753e+00
-5.036032412746775933e+00,-9.379563762950997585e-01,1.043640723281995752e+00,-1.245357506827978966e+00,-8.763568958444442059e-01,-5.336412393227083051e+00
-5.035928495111482661e+00,-9.377979390236941271e-01,1.043452011027468540e+00,-1.245552914820222234e+00,-8.762991203133542184e-01,-5.336097824623283969e+00
-5.035824986583327778e+00,-9.376380018734441490e-01,1.043261309594013309e+00,-1.245748352914727741e+00,-8.762431347961791017e-01,-5.335783337606710752e+00
-5.035721891327799682e+00,-9.374765673487658324e-01,1.043068618996116026e+00,-1.245943816320245867e+00,-8.761889328019855094e-01,-5.335468931425872974e+00
-5.035619213435060360e+00,-9.373136487880822099e-01,1.042873952033183782e+00,-1.246139299534376965e+00,-8.761364928000728858e-01,-5.335154602623910947e+00
-5.035516956993020266e+00,-9.371492598530830609e-01,1.042677321886101183e+00,-1.246334797033501474e+00,-8.760857928109829773e-01,-5.334840347663246440e+00
-5.035415126089591631e+00,-9.369834142054576098e-01,1.042478741735752834e+00,-1.246530303294000941e+00,-8.760368108552567534e-01,-5.334526163006296784e+00
-5.035313724812686687e+00,-9.368161255068955251e-01,1.042278224763023342e+00,-1.246725812792256471e+00,-8.759895249534360717e-01,-5.334212045115482859e+00
-5.035212757250215887e+00,-9.366474074190860311e-01,1.042075784148797313e+00,-1.246921320004649392e+00,-8.759439131260620126e-01,-5.333897990453225546e+00
-5.035112227490092351e+00,-9.364772736037189071e-01,1.041871433073959796e+00,-1.247116819407560584e+00,-8.758999533936761006e-01,-5.333583995481942175e+00
-5.035012139620226534e+00,-9.363057377224834887e-01,1.041665184719394954e+00,-1.247312305477370709e+00,-8.758576237768197492e-01,-5.333270056664056291e+00
-5.034912497728531555e+00,-9.361328134370693332e-01,1.041457052265987615e+00,-1.247507772690461314e+00,-8.758169022960344829e-01,-5.332956170461983447e+00
-5.034813305902917868e+00,-9.359585144091657760e-01,1.041247048894622607e+00,-1.247703215523213061e+00,-8.757777669718616043e-01,-5.332642333338146301e+00
-5.034714568231296816e+00,-9.357828543004624855e-01,1.041035187786184091e+00,-1.247898628452007497e+00,-8.757401958248425267e-01,-5.332328541754962181e+00
-5.034616288801581518e+00,-9.356058467726487970e-01,1.040821482121557118e+00,-1.248094005953225505e+00,-8.757041668755187747e-01,-5.332014792174852857e+00
-5.034518471701683318e+00,-9.354275054874143791e-01,1.040605945081626293e+00,-1.248289342503247967e+00,-8.756696581444316507e-01,-5.331701081060238323e+00
-5.034421121019513556e+00,-9.352478441064483450e-01,1.040388589847276446e+00,-1.248484632578456210e+00,-8.756366476521226794e-01,-5.331387404873535907e+00
-5.034324240842983578e+00,-9.350668762914405852e-01,1.040169429599391959e+00,-1.248679870655231117e+00,-8.756051134191330521e-01,-5.331073760077167378e+00
-5.034227835260007389e+00,-9.348846157040806570e-01,1.039948477518857439e+00,-1.248875051209954012e+00,-8.755750334660045153e-01,-5.330760143133552731e+00
-5.034131908358492780e+00,-9.347010760060575629e-01,1.039725746786557714e+00,-1.249070168719005558e+00,-8.755463858132782606e-01,-5.330446550505110181e+00
-5.034036464226353758e+00,-9.345162708590610823e-01,1.039501250583377390e+00,-1.249265217658767302e+00,-8.755191484814957015e-01,-5.330132978654260612e+00
-5.033941506951503442e+00,-9.343302139247805504e-01,1.039275002090200850e+00,-1.249460192505620126e+00,-8.754932994911983624e-01,-5.329819424043424014e+00
-5.033847040621850510e+00,-9.341429188649057469e-01,1.039047014487913589e+00,-1.249655087735945136e+00,-8.754688168629275458e-01,-5.329505883135018607e+00
-5.033753069325308971e+00,-9.339543993411260070e-01,1.038817300957399103e+00,-1.249849897826123213e+00,-8.754456786172247762e-01,-5.329192352391464382e+00
-5.033659597149788389e+00,-9.337646690151306661e-01,1.038585874679542442e+00,-1.250044617252535462e+00,-8.754238627746314672e-01,-5.328878828275183110e+00
-5.033566628183203662e+00,-9.335737415486093926e-01,1.038352748835228878e+00,-1.250239240491563208e+00,-8.754033473556890321e-01,-5.328565307248592120e+00
-5.033474166513463466e+00,-9.333816306032515220e-01,1.038117936605342351e+00,-1.250433762019587558e+00,-8.753841103809388846e-01,-5.328251785774113181e+00
-5.033382216228480921e+00,-9.331883498407467226e-01,1.037881451170767688e+00,-1.250628176312989170e+00,-8.753661298709223271e-01,-5.327938260314164509e+00
-5.033290781416167370e+00,-9.329939129227842187e-01,1.037643305712389941e+00,-1.250822477848149372e+00,-8.753493838461808840e-01,-5.327624727331166987e+00
-5.033199866164434155e+00,-9.327983335110539009e-01,1.037403513411093048e+00,-1.251016661101449268e+00,-8.753338503272559690e-01,-5.327311183287538832e+00
-5.033109474572547981e+00,-9.326016253144068235e-01,1.037162087502224050e+00,-1.251210720515583130e+00,-8.753195073022567163e-01,-5.326997624682055843e+00
-5.033019611284194283e+00,-9.324038043033108236e-01,1.036919043832799536e+00,-1.251404648917821882e+00,-8.753063312040287869e-01,-5.326684049756865491e+00
-5.032930281716472720e+00,-9.322048896610889424e-01,1.036674401959978731e+00,-1.251598436840563933e+00,-8.752942962560080753e-01,-5.326370459230750143e+00
-5.032841491345404705e+00,-9.320049008158554082e-01,1.036428181723601183e+00,-1.251792074641358665e+00,-8.752833765132933541e-01,-5.326056854011193664e+00
-5.032753245647017870e+00,-9.318038571957243388e-01,1.036180402963506886e+00,-1.251985552677755242e+00,-8.752735460309831739e-01,-5.325743235005676368e+00
-5.032665550097333629e+00,-9.316017782288097404e-01,1.035931085519535610e+00,-1.252178861307303048e+00,-8.752647788641758630e-01,-5.325429603121679456e+00
-5.032578410172377836e+00,-9.313986833432258416e-01,1.035680249231526462e+00,-1.252371990887551689e+00,-8.752570490679703052e-01,-5.325115959266686794e+00
-5.032491831348173683e+00,-9.311945919670870930e-01,1.035427913939318767e+00,-1.252564931776050328e+00,-8.752503306974646069e-01,-5.324802304348177806e+00
-5.032405819100745248e+00,-9.309895235285073900e-01,1.035174099482752741e+00,-1.252757674330348125e+00,-8.752445978077578737e-01,-5.324488639273637247e+00
-5.032320378906118385e+00,-9.307834974556009611e-01,1.034918825701668155e+00,-1.252950208907994689e+00,-8.752398244539481009e-01,-5.324174964950545430e+00
-5.032235516240316286e+00,-9.305765331764817017e-01,1.034662112435903669e+00,-1.253142525866539181e+00,-8.752359846911340613e-01,-5.323861282286382668e+00
-5.032151236579363029e+00,-9.303686501192645064e-01,1.034403979525299722e+00,-1.253334615563530985e+00,-8.752330525744144163e-01,-5.323547592188632827e+00
-5.032067545399280917e+00,-9.301598677120629377e-01,1.034144446809695417e+00,-1.253526468356519485e+00,-8.752310021588874944e-01,-5.323233895564777995e+00
-5.031984448176097580e+00,-9.299502053829913351e-01,1.033883534128930970e+00,-1.253718074603053623e+00,-8.752298074996520683e-01,-5.322920193322298488e+00
-5.031901950385835320e+00,-9.297396825601639270e-01,1.033621261322845042e+00,-1.253909424660683447e+00,-8.752294426518064663e-01,-5.322606486368676393e+00
-5.031820057504518218e+00,-9.295283186716948309e-01,1.033357648231278070e+00,-1.254100508886957455e+00,-8.752298816704493500e-01,-5.322292775611394688e+00
-5.031738775008171238e+00,-9.293161331456981644e-01,1.033092714694069159e+00,-1.254291317639425918e+00,-8.752310986106792701e-01,-5.321979061957934576e+00
-5.031658108372818461e+00,-9.291031454102881559e-01,1.032826480551058523e+00,-1.254481841275637555e+00,-8.752330675275946659e-01,-5.321665346315776368e+00
-5.031578063074483964e+00,-9.288893748935791450e-01,1.032558965642084603e+00,-1.254672070153141750e+00,-8.752357624762943100e-01,-5.321351629592405708e+00
-5.031498644589191827e+00,-9.286748410236850271e-01,1.032290189806988057e+00,-1.254861994629487887e+00,-8.752391575118765310e-01,-5.321037912695301131e+00
-5.031419858392965239e+00,-9.284595632287202527e-01,1.032020172885608211e+00,-1.255051605062225351e+00,-8.752432266894401014e-01,-5.320724196531943839e+00
-5.031341709961830055e+00,-9.282435609367987173e-01,1.031748934717784616e+00,-1.255240891808903525e+00,-8.752479440640832387e-01,-5.320410482009819475e+00
-5.031264204771809467e+00,-9.280268535760348714e-01,1.031476495143356598e+00,-1.255429845227071572e+00,-8.752532836909047154e-01,-5.320096770036406575e+00
-5.031187348298929329e+00,-9.278094605745424994e-01,1.031202874002164149e+00,-1.255618455674278877e+00,-8.752592196250029710e-01,-5.319783061519188117e+00
-5.031111146019211056e+00,-9.275914013604360520e-01,1.030928091134046376e+00,-1.255806713508075045e+00,-8.752657259214766672e-01,-5.319469357365646189e+00
-5.031035603408680501e+00,-9.273726953618296465e-01,1.030652166378843715e+00,-1.255994609086008795e+00,-8.752727766354242434e-01,-5.319155658483261995e+00
-5.030960725943362633e+00,-9.271533620068377335e-01,1.030375119576395049e+00,-1.256182132765630177e+00,-8.752803458219443611e-01,-5.318841965779518510e+00
-5.030886519088724640e+00,-9.269334207589428054e-01,1.030096970613359364e+00,-1.256369274906339761e+00,-8.752884074869383690e-01,-5.318528280154248833e+00
-5.030812987776738687e+00,-9.267128928691699130e-01,1.029817741742646175e+00,-1.256556025961138356e+00,-8.752969331498958727e-01,-5.318214602120800549e+00
-5.030740136165280596e+00,-9.264918021822639016e-01,1.029537458650589654e+00,-1.256742376518836801e+00,-8.753058907225245155e-01,-5.317900931631728945e+00
-5.030667968351443697e+00,-9.262701727466114976e-01,1.029256147293095447e+00,-1.256928317178910515e+00,-8.753152478332731912e-01,-5.317587268595558747e+00
-5.030596488432326652e+00,-9.260480286105997605e-01,1.028973833626067425e+00,-1.257113838540833806e+00,-8.753249721105905712e-01,-5.317273612920813797e+00
-5.030525700505022790e+00,-9.258253938226156388e-01,1.028690543605410790e+00,-1.257298931204081427e+00,-8.753350311829253272e-01,-5.316959964516021486e+00
-5.030455608666627221e+00,-9.256022924310458588e-01,1.028406303187030302e+00,-1.257483585768127909e+00,-8.753453926787263528e-01,-5.316646323289703879e+00
-5.030386217014238603e+00,-9.253787484842772582e-01,1.028121138326830941e+00,-1.257667792832448228e+00,-8.753560242264424307e-01,-5.316332689150387480e+00
-5.030317529644952046e+00,-9.251547860306966742e-01,1.027835074980716801e+00,-1.257851542996516470e+00,-8.753668934545222324e-01,-5.316019062006596130e+00
-5.030249550655861768e+00,-9.249304291186910554e-01,1.027548139104593528e+00,-1.258034826859807831e+00,-8.753779679914146516e-01,-5.315705441766854555e+00
-5.030182284144065541e+00,-9.247057017966472392e-01,1.027260356654365436e+00,-1.258217635021797287e+00,-8.753892154655684710e-01,-5.315391828339689262e+00
-5.030115734206658473e+00,-9.244806281129521741e-01,1.026971753585937064e+00,-1.258399958081958481e+00,-8.754006035054323620e-01,-5.315078221633623201e+00
-5.030049904940734784e+00,-9.242552321159926976e-01,1.026682355855213613e+00,-1.258581786639767053e+00,-8.754120997394551074e-01,-5.314764621557181101e+00
-5.029984800443393134e+00,-9.240295378541555360e-01,1.026392189418099399e+00,-1.258763111294697534e+00,-8.754236717960856007e-01,-5.314451028018890355e+00
-5.029920424811726853e+00,-9.238035693758276379e-01,1.026101280230499624e+00,-1.258943922646224234e+00,-8.754352873037721805e-01,-5.314137440927273026e+00
-5.029856782142834604e+00,-9.235773507293957296e-01,1.025809654248318603e+00,-1.259124211293821682e+00,-8.754469138909642956e-01,-5.313823860190855619e+00
-5.029793876533808827e+00,-9.233509059632469818e-01,1.025517337427461539e+00,-1.259303967836965299e+00,-8.754585191861101734e-01,-5.313510285718161974e+00
-5.029731712081746409e+00,-9.231242591257680097e-01,1.025224355723833192e+00,-1.259483182875129170e+00,-8.754700708176590407e-01,-5.313196717417716819e+00
-5.029670292883746008e+00,-9.228974342653457619e-01,1.024930735093338097e+00,-1.259661847007787827e+00,-8.754815364140591250e-01,-5.312883155198046659e+00
-5.029609623036899180e+00,-9.226704554303670758e-01,1.024636501491881013e+00,-1.259839950834416689e+00,-8.754928836037595419e-01,-5.312569598967674445e+00
-5.029549706638305473e+00,-9.224433466692187888e-01,1.024341680875366700e+00,-1.260017484954489841e+00,-8.755040800152090741e-01,-5.312256048635126682e+00
-5.029490547785058219e+00,-9.222161320302877385e-01,1.024046299199700139e+00,-1.260194439967482261e+00,-8.755150932768562821e-01,-5.311942504108926322e+00
-5.029432150574254301e+00,-9.219888355619610953e-01,1.023750382420786309e+00,-1.260370806472868033e+00,-8.755258910171500597e-01,-5.311628965297598981e+00
-5.029374519102989716e+00,-9.217614813126253637e-01,1.023453956494529304e+00,-1.260546575070122577e+00,-8.755364408645393004e-01,-5.311315432109669388e+00
-5.029317657468357794e+00,-9.215340933306673810e-01,1.023157047376834106e+00,-1.260721736358720424e+00,-8.755467104474726758e-01,-5.311001904453663158e+00
-5.029261569767458084e+00,-9.213066956644743177e-01,1.022859681023605916e+00,-1.260896280938135883e+00,-8.755566673943988576e-01,-5.310688382238105909e+00
-5.029206260097077497e+00,-9.210793123638814084e-01,1.022561883392570259e+00,-1.261070199407809955e+00,-8.755662793321827841e-01,-5.310374865371310982e+00
-5.029151732253897222e+00,-9.208519688915414170e-01,1.022263682217397829e+00,-1.261243482334115873e+00,-8.755755123430003506e-01,-5.310061353559173192e+00
-5.029097989173520133e+00,-9.206246947638317968e-01,1.021965110327390125e+00,-1.261416120188548096e+00,-8.755843280769286530e-01,-5.309747845926761300e+00
-5.029045033638075424e+00,-9.203975202196433836e-01,1.021666201460066592e+00,-1.261588103425690166e+00,-8.755926873940923505e-01,-5.309434341495627763e+00
-5.028992868429689622e+00,-9.201704754978667911e-01,1.021366989352943788e+00,-1.261759422500126071e+00,-8.756005511546163245e-01,-5.309120839287325033e+00
-5.028941496330492811e+00,-9.199435908373928550e-01,1.021067507743540492e+00,-1.261930067866438687e+00,-8.756078802186253451e-01,-5.308807338323403791e+00
-5.028890920122614183e+00,-9.197168964771119670e-01,1.020767790369374595e+00,-1.262100029979212223e+00,-8.756146354462441828e-01,-5.308493837625415601e+00
-5.028841142588181157e+00,-9.194904226559152960e-01,1.020467870967964208e+00,-1.262269299293030667e+00,-8.756207776975977186e-01,-5.308180336214912032e+00
-5.028792166509322925e+00,-9.192641996126931225e-01,1.020167783276827889e+00,-1.262437866262476893e+00,-8.756262678328106119e-01,-5.307866833113443761e+00
-5.028743994668166906e+00,-9.190382575863362824e-01,1.019867561033483083e+00,-1.262605721342135112e+00,-8.756310667120075220e-01,-5.307553327342565019e+00
-5.028696629846842292e+00,-9.188126268157353893e-01,1.019567237975447682e+00,-1.262772854986588866e+00,-8.756351351953136630e-01,-5.307239817923823821e+00
-5.028650074827479166e+00,-9.185873375397812790e-01,1.019266847840240686e+00,-1.262939257650421920e+00,-8.756384341428536944e-01,-5.306926303878773510e+00
-5.028604332392204057e+00,-9.183624199973645652e-01,1.018966424365379320e+00,-1.263104919788217817e+00,-8.756409244147521642e-01,-5.306612784228965651e+00
-5.028559405323146159e+00,-9.181379044273759726e-01,1.018666001288381917e+00,-1.263269831854560099e+00,-8.756425668711341759e-01,-5.306299257995950036e+00
-5.028515296402433776e+00,-9.179138210687058930e-01,1.018365612346766591e+00,-1.263433984304032531e+00,-8.756433223721242776e-01,-5.305985724201280007e+00
-5.028472008412195215e+00,-9.176902001602457171e-01,1.018065291278051898e+00,-1.263597367591218879e+00,-8.756431517778473506e-01,-5.305672181866507131e+00
-5.028429544134560558e+00,-9.174670719408855035e-01,1.017765071819755063e+00,-1.263759972170702683e+00,-8.756420159484280541e-01,-5.305358630013182086e+00
-5.028387906351656333e+00,-9.172444666495160881e-01,1.017464987709394642e+00,-1.263921788497067711e+00,-8.756398757439916025e-01,-5.305045067662856439e+00
-5.028347097845613511e+00,-9.170224145250283065e-01,1.017165072684488525e+00,-1.264082807024897503e+00,-8.756366920246623220e-01,-5.304731493837079981e+00
-5.028307121398557733e+00,-9.168009458063125505e-01,1.016865360482555047e+00,-1.264243018208776048e+00,-8.756324256505653159e-01,-5.304417907557408718e+00
-5.028267979792619968e+00,-9.165800907322599889e-01,1.016565884841112100e+00,-1.264402412503286444e+00,-8.756270374818250213e-01,-5.304104307845388000e+00
-5.028229675809927635e+00,-9.163598795417611242e-01,1.016266679497678016e+00,-1.264560980363012677e+00,-8.756204883785667636e-01,-5.303790693722575611e+00
-5.028192212232608149e+00,-9.161403424737063483e-01,1.015967778189770243e+00,-1.264718712242538512e+00,-8.756127392009148691e-01,-5.303477064210518677e+00
-5.028155591842791594e+00,-9.159215097669867189e-01,1.015669214654907559e+00,-1.264875598596447270e+00,-8.756037508089943300e-01,-5.303163418330769652e+00
-5.028119817422607163e+00,-9.157034116604926277e-01,1.015371022630607634e+00,-1.265031629879323383e+00,-8.755934840629299165e-01,-5.302849755104881879e+00
-5.028084891754183161e+00,-9.154860783931151325e-01,1.015073235854388800e+00,-1.265186796545749504e+00,-8.755818998228465100e-01,-5.302536073554403373e+00
-5.028050817615050683e+00,-9.152695401748460746e-01,1.014775888032741324e+00,-1.265341089060294522e+00,-8.755689589803206108e-01,-5.302222372700706288e+00
-5.028017596673981515e+00,-9.150538202447110470e-01,1.014479005387626698e+00,-1.265494500296025393e+00,-8.755546300138630222e-01,-5.301908651521158866e+00
-5.027985228056495615e+00,-9.148389258518585532e-01,1.014182596973127737e+00,-1.265647028650581429e+00,-8.755388988047551058e-01,-5.301594908892200309e+00
-5.027953710532963250e+00,-9.146248620125573270e-01,1.013886669445948074e+00,-1.265798673293071053e+00,-8.755217536644581688e-01,-5.301281143676180641e+00
-5.027923042873754689e+00,-9.144116337430759911e-01,1.013591229462790899e+00,-1.265949433392602685e+00,-8.755031829044348513e-01,-5.300967354735446335e+00
-5.027893223849241089e+00,-9.141992460596836123e-01,1.013296283680360510e+00,-1.266099308118284972e+00,-8.754831748361470156e-01,-5.300653540932345642e+00
-5.027864252229791830e+00,-9.139877039786487023e-01,1.013001838755359652e+00,-1.266248296639226112e+00,-8.754617177710564135e-01,-5.300339701129225034e+00
-5.027836126785776294e+00,-9.137770125162403279e-01,1.012707901344492400e+00,-1.266396398124535194e+00,-8.754388000206253517e-01,-5.300025834188432761e+00
-5.027808846287566524e+00,-9.135671766887270007e-01,1.012414478104461946e+00,-1.266543611743320419e+00,-8.754144098963156928e-01,-5.299711938972316183e+00
-5.027782409505533678e+00,-9.133582015123777875e-01,1.012121575691971920e+00,-1.266689936664690208e+00,-8.753885357095894104e-01,-5.299398014343223551e+00
-5.027756815210046248e+00,-9.131500920034610891e-01,1.011829200763725956e+00,-1.266835372057753206e+00,-8.753611657719087003e-01,-5.299084059163501337e+00
-5.027732062171476279e+00,-9.129428531782461942e-01,1.011537359976427464e+00,-1.266979917091618058e+00,-8.753322883947352029e-01,-5.298770072295498679e+00
-5.027708149160192264e+00,-9.127364900530013925e-01,1.011246059986779855e+00,-1.267123570935393184e+00,-8.753018918895314471e-01,-5.298456052601562050e+00
-5.027685074946566246e+00,-9.125310076439958618e-01,1.010955307451486984e+00,-1.267266332758187009e+00,-8.752699645677589624e-01,-5.298141998944038811e+00
-5.027662838300968495e+00,-9.123264109674981137e-01,1.010665109027252040e+00,-1.267408201729108397e+00,-8.752364947408801665e-01,-5.297827910185276323e+00
-5.027641437993769280e+00,-9.121227050397771041e-01,1.010375471370778877e+00,-1.267549177017265105e+00,-8.752014707203568111e-01,-5.297513785187622837e+00
-5.027620872795339757e+00,-9.119198948771014557e-01,1.010086401138770462e+00,-1.267689257791766888e+00,-8.751648808176508698e-01,-5.297199622813425712e+00
-5.027601141476047530e+00,-9.117179854957401242e-01,1.009797904987931094e+00,-1.267828443221721058e+00,-8.751267133442246493e-01,-5.296885421925034088e+00
-5.027582242806266422e+00,-9.115169819119618433e-01,1.009509989574963518e+00,-1.267966732476236702e+00,-8.750869566115396792e-01,-5.296571181384792659e+00
-5.027564175556364923e+00,-9.113168891420354578e-01,1.009222661556572032e+00,-1.268104124724422466e+00,-8.750455989310584881e-01,-5.296256900055050565e+00
-5.027546938496713302e+00,-9.111177122022294794e-01,1.008935927589459380e+00,-1.268240619135386771e+00,-8.750026286142426057e-01,-5.295942576798156054e+00
-5.027530530397682718e+00,-9.109194561088129749e-01,1.008649794330329863e+00,-1.268376214878238040e+00,-8.749580339725544498e-01,-5.295628210476454711e+00
-5.027514950029644325e+00,-9.107221258780546780e-01,1.008364268435886224e+00,-1.268510911122084694e+00,-8.749118033174556608e-01,-5.295313799952296563e+00
-5.027500196162968393e+00,-9.105257265262233224e-01,1.008079356562832762e+00,-1.268644707036035602e+00,-8.748639249604085455e-01,-5.294999344088027193e+00
-5.027486267568022527e+00,-9.103302630695876418e-01,1.007795065367872223e+00,-1.268777601789199183e+00,-8.748143872128749665e-01,-5.294684841745994852e+00
-5.027473163015180546e+00,-9.101357405244164811e-01,1.007511401507708904e+00,-1.268909594550683639e+00,-8.747631783863170085e-01,-5.294370291788546012e+00
-5.027460881275492177e+00,-9.099421638502954712e-01,1.007228371573351433e+00,-1.269040684500159166e+00,-8.747102868476486215e-01,-5.294055693080133906e+00
-5.027449421241341199e+00,-9.097495279128943180e-01,1.006945970457203909e+00,-1.269170872698059949e+00,-8.746557108384397372e-01,-5.293741044859538114e+00
-5.027438782065259737e+00,-9.095578059352161793e-01,1.006664167968342127e+00,-1.269300164237419981e+00,-8.745994697728053380e-01,-5.293426347168163737e+00
-5.027428962933396583e+00,-9.093669683433117656e-01,1.006382930674241116e+00,-1.269428564732420384e+00,-8.745415858010581189e-01,-5.293111600151139129e+00
-5.027419963031905858e+00,-9.091769855632306774e-01,1.006102225142375683e+00,-1.269556079797242720e+00,-8.744820810735108862e-01,-5.292796803953593532e+00
-5.027411781546939018e+00,-9.089878280210234029e-01,1.005822017940220192e+00,-1.269682715046067445e+00,-8.744209777404760020e-01,-5.292481958720656188e+00
-5.027404417664644853e+00,-9.087994661427400978e-01,1.005542275635249228e+00,-1.269808476093075900e+00,-8.743582979522667165e-01,-5.292167064597454562e+00
-5.027397870571179261e+00,-9.086118703544310282e-01,1.005262964794937819e+00,-1.269933368552449204e+00,-8.742940638591956137e-01,-5.291852121729118785e+00
-5.027392139452689257e+00,-9.084250110821462387e-01,1.004984051986760774e+00,-1.270057398038368257e+00,-8.742282976115752779e-01,-5.291537130260775434e+00
-5.027387223495328961e+00,-9.082388587519361067e-01,1.004705503778192677e+00,-1.270180570165014178e+00,-8.741610213597185153e-01,-5.291222090337556416e+00
-5.027383121885249828e+00,-9.080533837898505656e-01,1.004427286736707448e+00,-1.270302890546568086e+00,-8.740922572539380209e-01,-5.290907002104588308e+00
-5.027379833808601539e+00,-9.078685566219399927e-01,1.004149367429781226e+00,-1.270424364797210881e+00,-8.740220274445468229e-01,-5.290591865707001240e+00
-5.027377358451538214e+00,-9.076843476742546546e-01,1.003871712424887486e+00,-1.270544998531123682e+00,-8.739503540818571725e-01,-5.290276681289921790e+00
-5.027375695000208644e+00,-9.075007273728445956e-01,1.003594288289501479e+00,-1.270664797362487386e+00,-8.738772593161822089e-01,-5.289961448998480975e+00
-5.027374842640767838e+00,-9.073176661437600821e-01,1.003317061591097792e+00,-1.270783766905483336e+00,-8.738027652978345161e-01,-5.289646168977807150e+00
-5.027374800559362811e+00,-9.071351344130512695e-01,1.003039998897151230e+00,-1.270901912774292430e+00,-8.737268941771267894e-01,-5.289330841373027781e+00
-5.027375567942148571e+00,-9.069531026067682022e-01,1.002763066775136380e+00,-1.271019240583095566e+00,-8.736496681043716128e-01,-5.289015466329273885e+00
-5.027377143975275686e+00,-9.067715411509613688e-01,1.002486231792528049e+00,-1.271135755946074086e+00,-8.735711092298822367e-01,-5.288700043991672040e+00
-5.027379527844894724e+00,-9.065904204716807024e-01,1.002209460516800821e+00,-1.271251464477408888e+00,-8.734912397039708010e-01,-5.288384574505352376e+00
-5.027382718737159806e+00,-9.064097109949765807e-01,1.001932719515429282e+00,-1.271366371791281091e+00,-8.734100816769504450e-01,-5.288069058015443247e+00
-5.027386715838218834e+00,-9.062293831468992700e-01,1.001655975355888240e+00,-1.271480483501871372e+00,-8.733276572991337527e-01,-5.287753494667073895e+00
-5.027391518334225040e+00,-9.060494073534987036e-01,1.001379194605652501e+00,-1.271593805223361295e+00,-8.732439887208334195e-01,-5.287437884605372673e+00
-5.027397125411331658e+00,-9.058697540408251481e-01,1.001102343832196651e+00,-1.271706342569931758e+00,-8.731590980923622514e-01,-5.287122227975467936e+00
-5.027403536255685701e+00,-9.056903936349288697e-01,1.000825389602995497e+00,-1.271818101155763658e+00,-8.730730075640329435e-01,-5.286806524922488926e+00
-5.027410750053443955e+00,-9.055112965618600240e-01,1.000548298485523624e+00,-1.271929086595038116e+00,-8.729857392861584131e-01,-5.286490775591563995e+00
-5.027418765990754324e+00,-9.053324332476687664e-01,1.000271037047255618e+00,-1.272039304501936252e+00,-8.728973154090511333e-01,-5.286174980127822387e+00
-5.027427583379507681e+00,-9.051537741743899135e-01,9.999935718782284599e-01,-1.272148760325523709e+00,-8.728077579284770904e-01,-5.285859138790669043e+00
-5.027437205081509930e+00,-9.049752914046594876e-01,9.997158702054707025e-01,-1.272257454853182201e+00,-8.727170844769133184e-01,-5.285543255065835666e+00
-5.027447637917761725e+00,-9.047969587639437261e-01,9.994378999664410568e-01,-1.272365383673162986e+00,-8.726253078205006286e-01,-5.285227336037345403e+00
-5.027458888917160529e+00,-9.046187501702745992e-01,9.991596291359033932e-01,-1.272472542100711479e+00,-8.725324404698483471e-01,-5.284911388978168034e+00
-5.027470965108600254e+00,-9.044406395416845212e-01,9.988810256886216932e-01,-1.272578925451071541e+00,-8.724384949355660224e-01,-5.284595421161274231e+00
-5.027483873520981028e+00,-9.042626007962057955e-01,9.986020575993599380e-01,-1.272684529039487922e+00,-8.723434837282630916e-01,-5.284279439859638217e+00
-5.027497621183196763e+00,-9.040846078518708362e-01,9.983226928428817759e-01,-1.272789348181205149e+00,-8.722474193585489921e-01,-5.283963452346224443e+00
-5.027512215124145811e+00,-9.039066346267118357e-01,9.980428993939510773e-01,-1.272893378191467972e+00,-8.721503143370332722e-01,-5.283647465894008022e+00
-5.027527662372725636e+00,-9.037286550387609863e-01,9.977626452273316016e-01,-1.272996614385520475e+00,-8.720521811743251472e-01,-5.283331487775956070e+00
-5.027543969957830150e+00,-9.035506430060508132e-01,9.974818983177874410e-01,-1.273099052078607629e+00,-8.719530323810340544e-01,-5.283015525265041923e+00
-5.027561144908357704e+00,-9.033725724466135087e-01,9.972006266400823549e-01,-1.273200686585973962e+00,-8.718528804677696531e-01,-5.282699585634234474e+00
-5.027579194253204875e+00,-9.031944172784812652e-01,9.969187981689802136e-01,-1.273301513222864001e+00,-8.717517379451413806e-01,-5.282383676156505281e+00
-5.027598125021270015e+00,-9.030161514196866079e-01,9.966363808792444434e-01,-1.273401527304522496e+00,-8.716496173237583411e-01,-5.282067804104821462e+00
-5.027617944241447034e+00,-9.028377487882616181e-01,9.963533427456394698e-01,-1.273500724146193530e+00,-8.715465311142303051e-01,-5.281751976752159017e+00
-5.027638658942633398e+00,-9.026591833022389322e-01,9.960696517429289409e-01,-1.273599099063122075e+00,-8.714424918271667098e-01,-5.281436201371484174e+00
-5.027660276153726571e+00,-9.024804288796502982e-01,9.957852758458768383e-01,-1.273696647370552215e+00,-8.713375119731766594e-01,-5.281120485235768491e+00
-5.027682802903624015e+00,-9.023014594385286857e-01,9.955001830292466991e-01,-1.273793364383729143e+00,-8.712316040628698133e-01,-5.280804835617982640e+00
-5.027706246221220532e+00,-9.021222488969056208e-01,9.952143412678022827e-01,-1.273889245417896943e+00,-8.711247806068557198e-01,-5.280489259791098178e+00
-5.027730613135413584e+00,-9.019427711728141839e-01,9.949277185363080145e-01,-1.273984285788300586e+00,-8.710170541157435942e-01,-5.280173765028083110e+00
-5.027755910675100637e+00,-9.017630001842861232e-01,9.946402828095272097e-01,-1.274078480810184377e+00,-8.709084371001430958e-01,-5.279858358601909885e+00
-5.027782145869177377e+00,-9.015829098493539639e-01,9.943520020622241828e-01,-1.274171825798792845e+00,-8.707989420706636619e-01,-5.279543047785547394e+00
-5.027809325746540381e+00,-9.014024740860498985e-01,9.940628442691621380e-01,-1.274264316069370739e+00,-8.706885815379143967e-01,-5.279227839851967197e+00
-5.027837457336088889e+00,-9.012216668124063412e-01,9.937727774051053897e-01,-1.274355946937162365e+00,-8.705773680125049596e-01,-5.278912742074139963e+00
-5.027866547666715924e+00,-9.010404619464558174e-01,9.934817694448178083e-01,-1.274446713717412472e+00,-8.704653140050447879e-01,-5.278597761725035475e+00
-5.027896603767318950e+00,-9.008588334062300751e-01,9.931897883630629309e-01,-1.274536611725365587e+00,-8.703524320261435410e-01,-5.278282906077625292e+00
-5.027927631404508269e+00,-9.006767593994788879e-01,9.928968101524584533e-01,-1.274625633703915906e+00,-8.702387403637437124e-01,-5.277968193494195326e+00
-5.027959630711525740e+00,-9.004942372781684634e-01,9.926028465878217188e-01,-1.274713760916033722e+00,-8.701242830889615032e-01,-5.277653691826618143e+00
-5.027992600250708932e+00,-9.003112697327710912e-01,9.923079194221023913e-01,-1.274800971423426965e+00,-8.700091114627416244e-01,-5.277339482727295028e+00
-5.028026538584328797e+00,-9.001278594539918743e-01,9.920120504086841207e-01,-1.274887243287664562e+00,-8.698932767463418703e-01,-5.277025647849233891e+00
-5.028061444274656289e+00,-8.999440091325360269e-01,9.917152613009510009e-01,-1.274972554570314998e+00,-8.697768302010205899e-01,-5.276712268845439979e+00
-5.028097315883961471e+00,-8.997597214591085413e-01,9.914175738522874592e-01,-1.275056883332946978e+00,-8.696598230880355773e-01,-5.276399427368920314e+00
-5.028134151974513522e+00,-8.995749991244148536e-01,9.911190098160770345e-01,-1.275140207637128986e+00,-8.695423066686449598e-01,-5.276087205072679254e+00
-5.028171951108582505e+00,-8.993898448191596229e-01,9.908195909457040429e-01,-1.275222505544429952e+00,-8.694243322041066424e-01,-5.275775683609724709e+00
-5.028210711848439374e+00,-8.992042612340482854e-01,9.905193389945523563e-01,-1.275303755116418136e+00,-8.693059509556785303e-01,-5.275464944633061037e+00
-5.028250432756354193e+00,-8.990182510597858334e-01,9.902182757160061799e-01,-1.275383934414662912e+00,-8.691872141846188615e-01,-5.275155069795695262e+00
-5.028291112394596141e+00,-8.988318169870774810e-01,9.899164228634497187e-01,-1.275463021500732319e+00,-8.690681731521855413e-01,-5.274846140750633516e+00
-5.028332749325435280e+00,-8.986449617066282203e-01,9.896138021902665116e-01,-1.275540994436195064e+00,-8.689488791196364748e-01,-5.274538239150881935e+00
-5.028375342111144342e+00,-8.984576879091432655e-01,9.893104354498407638e-01,-1.275617831282620296e+00,-8.688293833482296780e-01,-5.274231446649443988e+00
-5.028418889313989837e+00,-8.982699982853276088e-01,9.890063443955567912e-01,-1.275693510101576056e+00,-8.687097370992232781e-01,-5.273925844899330251e+00
-5.028463389496245384e+00,-8.980818955258864644e-01,9.887015507807984660e-01,-1.275768008954631272e+00,-8.685899916338752913e-01,-5.273621515553542416e+00
-5.028508841220178383e+00,-8.978933823215250465e-01,9.883960763589496601e-01,-1.275841305903354650e+00,-8.684701982134435116e-01,-5.273318540265089283e+00
-5.028555243048058898e+00,-8.977044613629480141e-01,9.880899428833944675e-01,-1.275913379009314896e+00,-8.683504080991860663e-01,-5.273017000686975209e+00
-5.028602593542158772e+00,-8.975151353408610255e-01,9.877831721075172045e-01,-1.275984206334080495e+00,-8.682306725523608604e-01,-5.272716978472208105e+00
-5.028650891264747180e+00,-8.973254069459690729e-01,9.874757857847016318e-01,-1.276053765939220153e+00,-8.681110428342261320e-01,-5.272418555273792329e+00
-5.028700134778095077e+00,-8.971352788689770374e-01,9.871678056683317326e-01,-1.276122035886302575e+00,-8.679915702060397864e-01,-5.272121812744734015e+00
-5.028750322644471638e+00,-8.969447538005901333e-01,9.868592535117917119e-01,-1.276188994236896468e+00,-8.678723059290596176e-01,-5.271826832538040186e+00
-5.028801453426148704e+00,-8.967538344315137966e-01,9.865501510684656639e-01,-1.276254619052570538e+00,-8.677533012645439747e-01,-5.271533696306715200e+00
-5.028853525674379377e+00,-8.965625234521126252e-01,9.862405200944529549e-01,-1.276318888406220653e+00,-8.676346074802148145e-01,-5.271242485695197821e+00
-5.028906534515251714e+00,-8.963708234470023628e-01,9.859303831903432069e-01,-1.276381783893546285e+00,-8.675162778541825048e-01,-5.270953279683225468e+00
-5.028960466811766672e+00,-8.961787367456818254e-01,9.856197649940247052e-01,-1.276443295608864048e+00,-8.673983705145349443e-01,-5.270666150822045815e+00
-5.029015308205817547e+00,-8.959862656399492087e-01,9.853086904444546823e-01,-1.276503414902403932e+00,-8.672809443060827128e-01,-5.270381170712918006e+00
-5.029071044339297636e+00,-8.957934124216028193e-01,9.849971844805901489e-01,-1.276562133124396370e+00,-8.671640580736367232e-01,-5.270098410957102963e+00
-5.029127660854102011e+00,-8.956001793824407420e-01,9.846852720413882265e-01,-1.276619441625072016e+00,-8.670477706620078884e-01,-5.269817943155858053e+00
-5.029185143392125745e+00,-8.954065688142610613e-01,9.843729780658058148e-01,-1.276675331754661080e+00,-8.669321409160067882e-01,-5.269539838910439755e+00
-5.029243477595259471e+00,-8.952125830088620839e-01,9.840603274928005906e-01,-1.276729794863393108e+00,-8.668172276804441134e-01,-5.269264169822109878e+00
-5.029302649105400924e+00,-8.950182242580418945e-01,9.837473452613291203e-01,-1.276782822301499198e+00,-8.667030898001309991e-01,-5.268991007492125789e+00
-5.029362643564440738e+00,-8.948234948535985778e-01,9.834340563103489696e-01,-1.276834405419209562e+00,-8.665897861198776919e-01,-5.268720423521744856e+00
-5.029423446614275761e+00,-8.946283970873304403e-01,9.831204855788167052e-01,-1.276884535566753964e+00,-8.664773754844953269e-01,-5.268452489512227999e+00
-5.029485043896796626e+00,-8.944329332510356778e-01,9.828066580056901147e-01,-1.276933204094363505e+00,-8.663659167387944837e-01,-5.268187277064831697e+00
-5.029547421053901068e+00,-8.942371056365124860e-01,9.824925985299259867e-01,-1.276980402352267951e+00,-8.662554687275860754e-01,-5.267924857780815984e+00
-5.029610563727481498e+00,-8.940409165355588383e-01,9.821783320904815540e-01,-1.277026121690697513e+00,-8.661460902956809038e-01,-5.267665303261439114e+00
-5.029674457559431211e+00,-8.938443682399729306e-01,9.818638836263134939e-01,-1.277070353459882845e+00,-8.660378402878894377e-01,-5.267408685107958455e+00
-5.029739088191645280e+00,-8.936474630415531806e-01,9.815492780763795944e-01,-1.277113089010054159e+00,-8.659307775490228121e-01,-5.267155074921634927e+00
-5.029804441266017001e+00,-8.934502032320975617e-01,9.812345403796366439e-01,-1.277154319691441664e+00,-8.658249609238914957e-01,-5.266904544303725011e+00
-5.029870502424439671e+00,-8.932525911034041588e-01,9.809196954750417641e-01,-1.277194036854275350e+00,-8.657204492573064014e-01,-5.266657164855487849e+00
-5.029937257308809251e+00,-8.930546289472711674e-01,9.806047683015519656e-01,-1.277232231848786093e+00,-8.656173013940782202e-01,-5.266413008178183475e+00
-5.030004691561017260e+00,-8.928563190554971163e-01,9.802897837981248141e-01,-1.277268896025204103e+00,-8.655155761790179758e-01,-5.266172145873068366e+00
-5.030072790822959661e+00,-8.926576637198798680e-01,9.799747669037170983e-01,-1.277304020733758927e+00,-8.654153324569359151e-01,-5.265934649541403445e+00
-5.030141540736530636e+00,-8.924586652322175073e-01,9.796597425572860507e-01,-1.277337597324681884e+00,-8.653166290726435061e-01,-5.265700590784445190e+00
-5.030210926943621708e+00,-8.922593258843082298e-01,9.793447356977884599e-01,-1.277369617148202741e+00,-8.652195248709507736e-01,-5.265470041203453633e+00
-5.030280935855217628e+00,-8.920596475869283504e-01,9.790297685970471564e-01,-1.277400074637359051e+00,-8.651240723307268565e-01,-5.265243061780532585e+00
-5.030351558863296546e+00,-8.918596297831635766e-01,9.787148462531821691e-01,-1.277428984190989381e+00,-8.650302827018063745e-01,-5.265019644722820580e+00
-5.030422789344139112e+00,-8.916592709330352085e-01,9.783999667829140767e-01,-1.277456368161797418e+00,-8.649381508094355908e-01,-5.264799754839277313e+00
-5.030494620679150763e+00,-8.914585694940276861e-01,9.780851282852055517e-01,-1.277482248923010655e+00,-8.648476714364765616e-01,-5.264583356868160813e+00
-5.030567046249730723e+00,-8.912575239236260050e-01,9.777703288590201547e-01,-1.277506648847856807e+00,-8.647588393657915651e-01,-5.264370415547726445e+00
-5.030640059437279987e+00,-8.910561326793142722e-01,9.774555666033206691e-01,-1.277529590309564478e+00,-8.646716493802432124e-01,-5.264160895616232239e+00
-5.030713653623204884e+00,-8.908543942185773723e-01,9.771408396170698785e-01,-1.277551095681360716e+00,-8.645860962626931157e-01,-5.263954761811933558e+00
-5.030787822188905523e+00,-8.906523069988996344e-01,9.768261459992311213e-01,-1.277571187336473901e+00,-8.645021747960037750e-01,-5.263751978873090209e+00
-5.030862558515782901e+00,-8.904498694777659429e-01,9.765114838487675142e-01,-1.277589887648131972e+00,-8.644198797630374687e-01,-5.263552511537957557e+00
-5.030937855985239793e+00,-8.902470801126605160e-01,9.761968512646416185e-01,-1.277607218989562199e+00,-8.643392059466563637e-01,-5.263356324544792741e+00
-5.031013707978678973e+00,-8.900439373610681271e-01,9.758822463458168839e-01,-1.277623203733992963e+00,-8.642601481297227384e-01,-5.263163382631852016e+00
-5.031090107877501438e+00,-8.898404396804733274e-01,9.755676671912562048e-01,-1.277637864254652200e+00,-8.641827010950985377e-01,-5.262973650537394299e+00
-5.031167049063110852e+00,-8.896365855283605573e-01,9.752531118999223647e-01,-1.277651222924767183e+00,-8.641068596256463730e-01,-5.262787092999676730e+00
-5.031244524916908212e+00,-8.894323733622145900e-01,9.749385785707788132e-01,-1.277663302117566735e+00,-8.640326185042284113e-01,-5.262603674756953787e+00
-5.031322528820296291e+00,-8.892278016395197549e-01,9.746240653027883338e-01,-1.277674124206277684e+00,-8.639599725137067088e-01,-5.262423360547483497e+00
-5.031401054154676977e+00,-8.890228688177607141e-01,9.743095701949137100e-01,-1.277683711564128632e+00,-8.638889164369433216e-01,-5.262246115109524780e+00
-5.031480094301452155e+00,-8.888175733544221302e-01,9.739950913461185023e-01,-1.277692086564347296e+00,-8.638194450568009719e-01,-5.262071903181332111e+00
-5.031559642642023711e+00,-8.886119137069885543e-01,9.736806268553653831e-01,-1.277699271580161389e+00,-8.637515531561413828e-01,-5.261900689501165296e+00
-5.031639692557794419e+00,-8.884058883329443157e-01,9.733661748216174692e-01,-1.277705288984799070e+00,-8.636852355178271656e-01,-5.261732438807279699e+00
-5.031720237430166165e+00,-8.881994956897741877e-01,9.730517333438374328e-01,-1.277710161151487611e+00,-8.636204869247202653e-01,-5.261567115837930686e+00
-5.031801270640540835e+00,-8.879927342349629438e-01,9.727373005209889456e-01,-1.277713910453455837e+00,-8.635573021596830712e-01,-5.261404685331378950e+00
-5.031882785570321204e+00,-8.877856024259946910e-01,9.724228744520347911e-01,-1.277716559263930574e+00,-8.634956760055777503e-01,-5.261245112025878967e+00
-5.031964775600908268e+00,-8.875780987203544248e-01,9.721084532359377528e-01,-1.277718129956140647e+00,-8.634356032452664698e-01,-5.261088360659688767e+00
-5.032047235148387365e+00,-8.873702212988070492e-01,9.717940340482277284e-01,-1.277718645283171250e+00,-8.633770769996907957e-01,-5.260934393701586664e+00
-5.032130168312376917e+00,-8.871619657523192037e-01,9.714796054220780075e-01,-1.277718131553176262e+00,-8.633200748359701748e-01,-5.260783152380433592e+00
-5.032213584481235458e+00,-8.869533262574166299e-01,9.711651511705674533e-01,-1.277716617015939971e+00,-8.632645658263773392e-01,-5.260634566324736028e+00
-5.032297493096920427e+00,-8.867442969762909799e-01,9.708506550589385276e-01,-1.277714129940923815e+00,-8.632105189570928871e-01,-5.260488565045434051e+00
-5.032381903601392814e+00,-8.865348720711327957e-01,9.705361008524334698e-01,-1.277710698597588790e+00,-8.631579032142971952e-01,-5.260345078053467738e+00
-5.032466825436609170e+00,-8.863250457041343955e-01,9.702214723162948529e-01,-1.277706351255396555e+00,-8.631066875841705288e-01,-5.260204034859778943e+00
-5.032552268044527821e+00,-8.861148120374860992e-01,9.699067532157650273e-01,-1.277701116183808994e+00,-8.630568410528930423e-01,-5.260065364975306856e+00
-5.032638240867109758e+00,-8.859041652333797812e-01,9.695919273160865659e-01,-1.277695021652286878e+00,-8.630083326066455562e-01,-5.259928997910992443e+00
-5.032724753346310642e+00,-8.856930994540062052e-01,9.692769783825015972e-01,-1.277688095930292311e+00,-8.629611312316078919e-01,-5.259794863177775781e+00
-5.032811814924092353e+00,-8.854816088615571346e-01,9.689618901802528050e-01,-1.277680367287286289e+00,-8.629152059139607589e-01,-5.259662890286597836e+00
-5.032899435042410552e+00,-8.852696876182235552e-01,9.686466464745825400e-01,-1.277671863992730694e+00,-8.628705256398842005e-01,-5.259533008748397798e+00
-5.032987623143224454e+00,-8.850573298861967864e-01,9.683312310307331527e-01,-1.277662614316086520e+00,-8.628270593955589263e-01,-5.259405148074118408e+00
-5.033076388668493273e+00,-8.848445298276678139e-01,9.680156276139469940e-01,-1.277652646526815650e+00,-8.627847761671650906e-01,-5.259279237774697080e+00
-5.033165741060175336e+00,-8.846312816048284011e-01,9.676998199894668584e-01,-1.277641988894379299e+00,-8.627436449408829588e-01,-5.259155207361077444e+00
-5.033255689760228968e+00,-8.844175793798696450e-01,9.673837919225347637e-01,-1.277630669688239129e+00,-8.627036347028930185e-01,-5.259032986344196914e+00
-5.033346244210614273e+00,-8.842034173149825316e-01,9.670675271783932825e-01,-1.277618717177856578e+00,-8.626647144393755351e-01,-5.258912504234998231e+00
-5.033437413853287801e+00,-8.839887895723584910e-01,9.667510095222845434e-01,-1.277606159632693084e+00,-8.626268531365108849e-01,-5.258793690544420585e+00
-5.033529208130208765e+00,-8.837736903141890643e-01,9.664342227194513413e-01,-1.277593025322210085e+00,-8.625900197804794445e-01,-5.258676474783404942e+00
-5.033621636483335493e+00,-8.835581137026650156e-01,9.661171505351360267e-01,-1.277579342515869021e+00,-8.625541833574615902e-01,-5.258560786462891379e+00
-5.033714708354628087e+00,-8.833420538999779970e-01,9.657997767345809503e-01,-1.277565139483131329e+00,-8.625193128536375875e-01,-5.258446555093821750e+00
-5.033808433186043985e+00,-8.831255050683191055e-01,9.654820850830284629e-01,-1.277550444493458670e+00,-8.624853772551878128e-01,-5.258333710187133470e+00
-5.033902820419541513e+00,-8.829084613698794382e-01,9.651640593457211370e-01,-1.277535285816312483e+00,-8.624523455482925316e-01,-5.258222181253770167e+00
-5.033997879497078998e+00,-8.826909169668505362e-01,9.648456832879013234e-01,-1.277519691721154205e+00,-8.624201867191322313e-01,-5.258111897804670143e+00
-5.034093619724404611e+00,-8.824728664005900836e-01,9.645269412539064779e-01,-1.277503690538875691e+00,-8.623888698491853910e-01,-5.258002789539810706e+00
-5.034190042214406802e+00,-8.822543270185670972e-01,9.642078524195011324e-01,-1.277487314295318477e+00,-8.623583697519295876e-01,-5.257894797529359288e+00
-5.034287135369441835e+00,-8.820353515500342079e-01,9.638884899985104004e-01,-1.277470600748728202e+00,-8.623286701335616256e-01,-5.257787880483378196e+00
-5.034384886497124789e+00,-8.818159957716182884e-01,9.635689318589663044e-01,-1.277453588151072017e+00,-8.622997554661935293e-01,-5.257681998631230869e+00
-5.034483282905074297e+00,-8.815963154599461005e-01,9.632492558689010886e-01,-1.277436314754318403e+00,-8.622716102219369905e-01,-5.257577112202275416e+00
-5.034582311900905438e+00,-8.813763663916437396e-01,9.629295398963472197e-01,-1.277418818810435175e+00,-8.622442188729041446e-01,-5.257473181425874387e+00
-5.034681960792235955e+00,-8.811562043433383007e-01,9.626098618093371639e-01,-1.277401138571390593e+00,-8.622175658912065721e-01,-5.257370166531386779e+00
-5.034782216886682704e+00,-8.809358850916562123e-01,9.622902994759031658e-01,-1.277383312289152473e+00,-8.621916357489565197e-01,-5.257268027748173367e+00
-5.034883067491863429e+00,-8.807154644132240140e-01,9.619709307640776919e-01,-1.277365378215688407e+00,-8.621664129182656788e-01,-5.257166725305597588e+00
-5.034984499915393208e+00,-8.804949980846683566e-01,9.616518335418928753e-01,-1.277347374602967101e+00,-8.621418818712458521e-01,-5.257066219433014886e+00
-5.035086501464892450e+00,-8.802745418826161128e-01,9.613330856773811828e-01,-1.277329339702955924e+00,-8.621180270800091749e-01,-5.256966470359790478e+00
-5.035189059447974458e+00,-8.800541515836933781e-01,9.610147650385751916e-01,-1.277311311767622914e+00,-8.620948330166674500e-01,-5.256867438315281582e+00
-5.035292161172258751e+00,-8.798338829645273584e-01,9.606969494935068132e-01,-1.277293329048936554e+00,-8.620722841533325909e-01,-5.256769083528850750e+00
-5.035395793945359522e+00,-8.796137918017441493e-01,9.603797169102086251e-01,-1.277275429798864437e+00,-8.620503649621164000e-01,-5.256671366229858755e+00
-5.035499945074897177e+00,-8.793939338719707344e-01,9.600631451567130936e-01,-1.277257652269374377e+00,-8.620290599151309019e-01,-5.256574246647664594e+00
-5.035604601868485908e+00,-8.791743649518337644e-01,9.597473121010524633e-01,-1.277240034712434857e+00,-8.620083534844878992e-01,-5.256477685011629042e+00
-5.035709751633744347e+00,-8.789551408179595571e-01,9.594322956112590894e-01,-1.277222615380013471e+00,-8.619882301422994164e-01,-5.256381641551114647e+00
-5.035815381678288460e+00,-8.787363172469747630e-01,9.591181735553651055e-01,-1.277205432524078033e+00,-8.619686743606772561e-01,-5.256286076495478632e+00
-5.035921479309735993e+00,-8.785179500155061438e-01,9.588050238014032001e-01,-1.277188524396597025e+00,-8.619496706117332208e-01,-5.256190950074086210e+00
-5.036028031835702912e+00,-8.783000949001803503e-01,9.584929242174055064e-01,-1.277171929249538040e+00,-8.619312033675792240e-01,-5.256096222516292826e+00
-5.036135026563807848e+00,-8.780828076776239222e-01,9.581819526714044910e-01,-1.277155685334869339e+00,-8.619132571003274013e-01,-5.256001854051462807e+00
-5.036242450801664994e+00,-8.778661441244633989e-01,9.578721870314323983e-01,-1.277139830904558737e+00,-8.618958162820894442e-01,-5.255907804908955150e+00
-5.036350291805714363e+00,-8.776501600800455938e-01,9.575637052445754582e-01,-1.277124404208360264e+00,-8.618788653718155723e-01,-5.255814035334797296e+00
-5.036458526376932809e+00,-8.774349241967221991e-01,9.572566014077318330e-01,-1.277109443043808579e+00,-8.618623861396781383e-01,-5.255720508979852212e+00
-5.036567108179682783e+00,-8.772205334804187293e-01,9.569510053553085260e-01,-1.277094984207730821e+00,-8.618463544059208337e-01,-5.255627197029460795e+00
-5.036675987777156749e+00,-8.770070887374896706e-01,9.566470517118618178e-01,-1.277081064362822316e+00,-8.618307451932762930e-01,-5.255534071678860109e+00
-5.036785115732552498e+00,-8.767946907742896201e-01,9.563448751019484328e-01,-1.277067720171778609e+00,-8.618155335244774840e-01,-5.255441105123287215e+00
-5.036894442609067823e+00,-8.765834403971725086e-01,9.560446101501247629e-01,-1.277054988297295246e+00,-8.618006944222574850e-01,-5.255348269557980956e+00
-5.037003918969896965e+00,-8.763734384124931553e-01,9.557463914809475325e-01,-1.277042905402067996e+00,-8.617862029093489307e-01,-5.255255537178178393e+00
-5.037113495378237715e+00,-8.761647856266058243e-01,9.554503537189730222e-01,-1.277031508148792183e+00,-8.617720340084847885e-01,-5.255162880179119256e+00
-5.037223122397286090e+00,-8.759575828458648905e-01,9.551566314887576237e-01,-1.277020833200163574e+00,-8.617581627423979151e-01,-5.255070270756038830e+00
-5.037332750590238106e+00,-8.757519308766247290e-01,9.548653594148582835e-01,-1.277010917218877495e+00,-8.617445641338211670e-01,-5.254977681104178622e+00
-5.037442330520288003e+00,-8.755479305252398259e-01,9.545766721218312822e-01,-1.277001796867629269e+00,-8.617312132054875118e-01,-5.254885083418773917e+00
-5.037551812750635349e+00,-8.753456825980643341e-01,9.542907042342331225e-01,-1.276993508809114664e+00,-8.617180849801298059e-01,-5.254792449895061779e+00
-5.037661147844474385e+00,-8.751452879014529618e-01,9.540075903766203069e-01,-1.276986089706029448e+00,-8.617051544804806840e-01,-5.254699752728282824e+00
-5.037770286365001127e+00,-8.749468472417600839e-01,9.537274651735493380e-01,-1.276979576221068724e+00,-8.616923967292732245e-01,-5.254606964113672340e+00
-5.037879178875413366e+00,-8.747504614253398536e-01,9.534504632495769405e-01,-1.276974005016928482e+00,-8.616797867492403951e-01,-5.254514056246470943e+00
-5.037987775938907120e+00,-8.745562312585469789e-01,9.531767192292592838e-01,-1.276969412756303823e+00,-8.616672995631149412e-01,-5.254421001321914808e+00
-5.038096028118677516e+00,-8.743642575477353907e-01,9.529063677371528707e-01,-1.276965836101890517e+00,-8.616549101936298305e-01,-5.254327771535241887e+00
-5.038203885977922347e+00,-8.741746410992600191e-01,9.526395433978147587e-01,-1.276963311716383886e+00,-8.616425936635175864e-01,-5.254234339081691019e+00
-5.038311300079834965e+00,-8.739874827194750173e-01,9.523763808358010063e-01,-1.276961876262479922e+00,-8.616303249955116206e-01,-5.254140676156499268e+00
-5.038418220987614937e+00,-8.738028832147347602e-01,9.521170146756680053e-01,-1.276961566402873505e+00,-8.616180792123445675e-01,-5.254046754954905474e+00
-5.038524599264456505e+00,-8.736209433913936229e-01,9.518615795419727021e-01,-1.276962418800260846e+00,-8.616058313367491728e-01,-5.253952547672145812e+00
-5.038630385473558349e+00,-8.734417640558060913e-01,9.516102100592713775e-01,-1.276964470117337269e+00,-8.615935563914585149e-01,-5.253858026503460010e+00
-5.038735533154574675e+00,-8.732654403394963794e-01,9.513630329420574849e-01,-1.276967756338616811e+00,-8.615812294764066959e-01,-5.253763162072056403e+00
-5.038840033624875758e+00,-8.730919953481589557e-01,9.511200745090726549e-01,-1.276972304841035299e+00,-8.615688266713811272e-01,-5.253667905048716946e+00
-5.038943904172821675e+00,-8.729214026719901431e-01,9.508812920601279473e-01,-1.276978137084087583e+00,-8.615563247297870486e-01,-5.253572192387552242e+00
-5.039047162597443119e+00,-8.727536349275536454e-01,9.506466415379021262e-01,-1.276985274410912252e+00,-8.615437004182753267e-01,-5.253475960772957976e+00
-5.039149826697772561e+00,-8.725886647314128330e-01,9.504160788850744002e-01,-1.276993738164648118e+00,-8.615309305034968279e-01,-5.253379146889334272e+00
-5.039251914272843358e+00,-8.724264647001316320e-01,9.501895600443234224e-01,-1.277003549688434658e+00,-8.615179917521021968e-01,-5.253281687421079482e+00
-5.039353443121686205e+00,-8.722670074502731907e-01,9.499670409583284014e-01,-1.277014730325410685e+00,-8.615048609307425220e-01,-5.253183519052588402e+00
-5.039454431043332683e+00,-8.721102655984018792e-01,9.497484775697681014e-01,-1.277027301418715233e+00,-8.614915148060681149e-01,-5.253084578468261157e+00
-5.039554895836817039e+00,-8.719562117610808460e-01,9.495338258213216198e-01,-1.277041284311486891e+00,-8.614779301447303972e-01,-5.252984802352494320e+00
-5.039654855301169967e+00,-8.718048185548739060e-01,9.493230416556678319e-01,-1.277056700346864915e+00,-8.614640837133797913e-01,-5.252884127389687130e+00
-5.039754327235423048e+00,-8.716560585963445407e-01,9.491160810154857241e-01,-1.277073570867988339e+00,-8.614499522786671637e-01,-5.252782490264236159e+00
-5.039853329438608753e+00,-8.715099045020564539e-01,9.489128998434542828e-01,-1.277091917217995976e+00,-8.614355126072434921e-01,-5.252679827660538869e+00
-5.039951879709760441e+00,-8.713663288885734604e-01,9.487134540822523832e-01,-1.277111760740026858e+00,-8.614207414657593098e-01,-5.252576076262993610e+00
-5.040049995847907915e+00,-8.712253043724589308e-01,9.485176996745590117e-01,-1.277133122777219798e+00,-8.614056156208658166e-01,-5.252471172755999618e+00
-5.040147695652085424e+00,-8.710868035702767909e-01,9.483255925630529326e-01,-1.277156024672714052e+00,-8.613901118392135459e-01,-5.252365053823951691e+00
-5.040244996921324550e+00,-8.709507990985905224e-01,9.481370886904134654e-01,-1.277180487769648209e+00,-8.613742068874533642e-01,-5.252257656151249954e+00
-5.040341917454654208e+00,-8.708172635739638290e-01,9.479521439993193743e-01,-1.277206533411161526e+00,-8.613578775322361381e-01,-5.252148916422290092e+00
-5.040438475051111311e+00,-8.706861696129601924e-01,9.477707144324496458e-01,-1.277234182940392815e+00,-8.613411005402127341e-01,-5.252038771321472233e+00
-5.040534687509725664e+00,-8.705574898321434274e-01,9.475927559324831551e-01,-1.277263457700481331e+00,-8.613238526780336857e-01,-5.251927157533193835e+00
-5.040630572629528849e+00,-8.704311968480772377e-01,9.474182244420989996e-01,-1.277294379034565441e+00,-8.613061107123501925e-01,-5.251814011741850585e+00
-5.040726148209554225e+00,-8.703072632773252160e-01,9.472470759039759436e-01,-1.277326968285784625e+00,-8.612878514098126770e-01,-5.251699270631841721e+00
-5.040821432048833373e+00,-8.701856617364508439e-01,9.470792662607931955e-01,-1.277361246797277694e+00,-8.612690515370723388e-01,-5.251582870887565591e+00
-5.040916441946397875e+00,-8.700663648420178253e-01,9.469147514552294087e-01,-1.277397235912183904e+00,-8.612496878607797113e-01,-5.251464749193418768e+00
-5.041011196569259667e+00,-8.699493460314798865e-01,9.467534886938734351e-01,-1.277434958803468801e+00,-8.612297365340885191e-01,-5.251344839656146846e+00
-5.041105732282888496e+00,-8.698345954805654090e-01,9.465954609549378507e-01,-1.277474475955009181e+00,-8.612091612006992358e-01,-5.251223023823125224e+00
-5.041200101977421077e+00,-8.697221189931646501e-01,9.464406752790383015e-01,-1.277515882687064286e+00,-8.611879138245087661e-01,-5.251099134168192961e+00
-5.041294359175867434e+00,-8.696119229717075294e-01,9.462891396283507062e-01,-1.277559275654083004e+00,-8.611659459220921686e-01,-5.250973001285731634e+00
-5.041388557401233150e+00,-8.695040138186237444e-01,9.461408619650512053e-01,-1.277604751510515779e+00,-8.611432090100242798e-01,-5.250844455770125485e+00
-5.041482750176528249e+00,-8.693983979363432146e-01,9.459958502513160505e-01,-1.277652406910811500e+00,-8.611196546048797140e-01,-5.250713328215755205e+00
-5.041576991024762755e+00,-8.692950817272953046e-01,9.458541124493211605e-01,-1.277702338509419944e+00,-8.610952342232336409e-01,-5.250579449217005035e+00
-5.041671333468946692e+00,-8.691940715939104889e-01,9.457156565212424537e-01,-1.277754642960791331e+00,-8.610698993816607860e-01,-5.250442649368255665e+00
-5.041765831032087419e+00,-8.690953739386179100e-01,9.455804904292565150e-01,-1.277809416919374330e+00,-8.610436015967360968e-01,-5.250302759263892227e+00
-5.041860537237194073e+00,-8.689989951638477095e-01,9.454486221355391518e-01,-1.277866757039619383e+00,-8.610162923850342986e-01,-5.250159609498295410e+00
-5.041955505607276677e+00,-8.689049416720296959e-01,9.453200596022665048e-01,-1.277926759975975823e+00,-8.609879232631303392e-01,-5.250013030665848568e+00
-5.042050789665344368e+00,-8.688132198655933447e-01,9.451948107916144926e-01,-1.277989522382893206e+00,-8.609584457475991659e-01,-5.249862853360933279e+00
-5.042146440365788074e+00,-8.687238426946559677e-01,9.450728927456468753e-01,-1.278055122345201688e+00,-8.609278208356655471e-01,-5.249708944352548201e+00
-5.042242497506573606e+00,-8.686368515482819630e-01,9.449543619436255870e-01,-1.278123557293227686e+00,-8.608960507024090436e-01,-5.249551327528975797e+00
-5.042338997857469529e+00,-8.685522955347442231e-01,9.448392855692863135e-01,-1.278194802765177940e+00,-8.608631486998500337e-01,-5.249390069425530214e+00
-5.042435978188184009e+00,-8.684702237624626342e-01,9.447277308065681334e-01,-1.278268834298840639e+00,-8.608291281802217254e-01,-5.249225236578332066e+00
-5.042533475268428766e+00,-8.683906853398573045e-01,9.446197648394106805e-01,-1.278345627432004417e+00,-8.607940024957574376e-01,-5.249056895523505517e+00
-5.042631525867914632e+00,-8.683137293753478980e-01,9.445154548517531445e-01,-1.278425157702458348e+00,-8.607577849986903784e-01,-5.248885112797173846e+00
-5.042730166756348886e+00,-8.682394049773544120e-01,9.444148680275348262e-01,-1.278507400647990400e+00,-8.607204890412539777e-01,-5.248709954935460331e+00
-5.042829434703443248e+00,-8.681677612542968436e-01,9.443180715506950262e-01,-1.278592331806389870e+00,-8.606821279756812215e-01,-5.248531488474487361e+00
-5.042929366478908548e+00,-8.680988473145949680e-01,9.442251326051732674e-01,-1.278679926715444726e+00,-8.606427151542056508e-01,-5.248349779950378213e+00
-5.043029998852452067e+00,-8.680327122666687822e-01,9.441361183749089614e-01,-1.278770160912944487e+00,-8.606022639290604737e-01,-5.248164895899257942e+00
-5.043131368691120997e+00,-8.679694051431001700e-01,9.440510959374790456e-01,-1.278863009888489444e+00,-8.605607876728758043e-01,-5.247976902905845620e+00
-5.043233531075886233e+00,-8.679089607850354327e-01,9.439701124670586418e-01,-1.278958440114378758e+00,-8.605183035751391429e-01,-5.247785876649122550e+00
-5.043336580596389673e+00,-8.678513832503269576e-01,9.438931719644430007e-01,-1.279056398503068959e+00,-8.604748371046568867e-01,-5.247591912534836034e+00
-5.043440617017346916e+00,-8.677966725646557578e-01,9.438202727753310928e-01,-1.279156829404955564e+00,-8.604304148147080555e-01,-5.247395108552656673e+00
-5.043545740103469122e+00,-8.677448287537027349e-01,9.437514132454215554e-01,-1.279259677170435872e+00,-8.603850632585718916e-01,-5.247195562692256843e+00
-5.043652049619470112e+00,-8.676958518431485690e-01,9.436865917204135812e-01,-1.279364886149905622e+00,-8.603388089895271928e-01,-5.246993372943311584e+00
-5.043759645330061936e+00,-8.676497418586747168e-01,9.436258065460062516e-01,-1.279472400693761447e+00,-8.602916785608532013e-01,-5.246788637295490609e+00
-5.043868626999958416e+00,-8.676064988259619692e-01,9.435690560678983152e-01,-1.279582165152399531e+00,-8.602436985258290481e-01,-5.246581453738466294e+00
-5.043979094393873375e+00,-8.675661227706908951e-01,9.435163386317887424e-01,-1.279694123876216061e+00,-8.601948954377337531e-01,-5.246371920261911015e+00
-5.044091147276518861e+00,-8.675286137185427293e-01,9.434676525833766147e-01,-1.279808221215607666e+00,-8.601452958498462253e-01,-5.246160134855498036e+00
-5.044204885412608697e+00,-8.674939716951982627e-01,9.434229962683607917e-01,-1.279924401520970756e+00,-8.600949263154458180e-01,-5.245946195508899734e+00
-5.044320408566854930e+00,-8.674621967263386191e-01,9.433823680324402439e-01,-1.280042609142701293e+00,-8.600438133878114400e-01,-5.245730200211786709e+00
-5.044437816503972272e+00,-8.674332888376444783e-01,9.433457662213140527e-01,-1.280162788431195908e+00,-8.599919836202222223e-01,-5.245512246953833113e+00
-5.044557208988672770e+00,-8.674072480547970754e-01,9.433131891806809666e-01,-1.280284883736851009e+00,-8.599394635659570740e-01,-5.245292433724708658e+00
-5.044678685785670247e+00,-8.673840744034772010e-01,9.432846352562401782e-01,-1.280408839410062338e+00,-8.598862797782952372e-01,-5.245070858514088386e+00
-5.044802346659675862e+00,-8.673637679093655350e-01,9.432601027936904359e-01,-1.280534599801226969e+00,-8.598324588105158428e-01,-5.244847619311642895e+00
-5.044928291375404328e+00,-8.673463285981434234e-01,9.432395901387305992e-01,-1.280662109260741088e+00,-8.597780272158975778e-01,-5.244622814107046338e+00
-5.045056619697569467e+00,-8.673317564954915460e-01,9.432230956370600827e-01,-1.280791312139000659e+00,-8.597230115477201284e-01,-5.244396540889967540e+00
-5.045187431390883326e+00,-8.673200516270908045e-01,9.432106176343774129e-01,-1.280922152786402091e+00,-8.596674383592620705e-01,-5.244168897650081540e+00
-5.045320826220060617e+00,-8.673112140186223229e-01,9.432021544763817822e-01,-1.281054575553342012e+00,-8.596113342038025351e-01,-5.243939982377060716e+00
-5.045456903711705188e+00,-8.673052434704751068e-01,9.431977041881186574e-01,-1.281188524488875879e+00,-8.595547257536440000e-01,-5.243709893464002292e+00
-5.045595741505637832e+00,-8.673021190740902719e-01,9.431972353199965520e-01,-1.281323915942640390e+00,-8.594976506217696377e-01,-5.243478766387090317e+00
-5.045737378026784015e+00,-8.673017828163764875e-01,9.432006636122750587e-01,-1.281460616634809702e+00,-8.594401660237448448e-01,-5.243246803064842254e+00
-5.045881847622392335e+00,-8.673041728260078020e-01,9.432078993138637291e-01,-1.281598488124943147e+00,-8.593823312134670767e-01,-5.243014212324632162e+00
-5.046029184639715837e+00,-8.673092272316571538e-01,9.432188526736720036e-01,-1.281737391972601836e+00,-8.593242054448345657e-01,-5.242781202993836764e+00
-5.046179423426000454e+00,-8.673168841619981473e-01,9.432334339406089896e-01,-1.281877189737345546e+00,-8.592658479717447673e-01,-5.242547983899832786e+00
-5.046332598328500119e+00,-8.673270817457041648e-01,9.432515533635840166e-01,-1.282017742978734498e+00,-8.592073180480955807e-01,-5.242314763869996064e+00
-5.046488743694463430e+00,-8.673397581114486998e-01,9.432731211915068581e-01,-1.282158913256328914e+00,-8.591486749277849055e-01,-5.242081751731703321e+00
-5.046647893871139878e+00,-8.673548513879051347e-01,9.432980476732865105e-01,-1.282300562129689236e+00,-8.590899778647104190e-01,-5.241849156312331282e+00
-5.046810083205778952e+00,-8.673722997037469629e-01,9.433262430578324143e-01,-1.282442551158375466e+00,-8.590312861127700206e-01,-5.241617186439254894e+00
-5.046975346045633692e+00,-8.673920411876477887e-01,9.433576175940541209e-01,-1.282584741901947378e+00,-8.589726589258613876e-01,-5.241386050939852659e+00
-5.047143716737950037e+00,-8.674140139682806616e-01,9.433920815308608487e-01,-1.282726995919966084e+00,-8.589141555578826415e-01,-5.241155958641498636e+00
-5.047315229629981026e+00,-8.674381561743195190e-01,9.434295451171618163e-01,-1.282869174771990695e+00,-8.588558352627311265e-01,-5.240927118371571325e+00
-5.047489919068976150e+00,-8.674644059344372993e-01,9.434699186018664641e-01,-1.283011140017582319e+00,-8.587977572943049642e-01,-5.240699738957446563e+00
-5.047667819402184897e+00,-8.674927013773078288e-01,9.435131122338844545e-01,-1.283152753216300734e+00,-8.587399809065017209e-01,-5.240474029226498409e+00
-5.047848964976856756e+00,-8.675229806316042680e-01,9.435590362621246729e-01,-1.283293875927706162e+00,-8.586825653532195179e-01,-5.240250198006107141e+00
-5.048033390140242993e+00,-8.675551818260002213e-01,9.436076009354968930e-01,-1.283434369711358602e+00,-8.586255698883558107e-01,-5.240028454123646817e+00
-5.048221129239593097e+00,-8.675892430891692930e-01,9.436587165029102220e-01,-1.283574096126818720e+00,-8.585690537658086097e-01,-5.239809006406492387e+00
-5.048412216622157445e+00,-8.676251025497846436e-01,9.437122932132741004e-01,-1.283712916733646514e+00,-8.585130762394757031e-01,-5.239592063682023237e+00
-5.048606686448316339e+00,-8.676626983084714251e-01,9.437682412834635937e-01,-1.283850693318961067e+00,-8.584576964580650227e-01,-5.239377834368566411e+00
-5.048804551924106931e+00,-8.677019653206935468e-01,9.438264673382198433e-01,-1.283987313186938151e+00,-8.584029617749462382e-01,-5.239166481016414245e+00
-5.049005786421128406e+00,-8.677428325629293893e-01,9.438868711735997064e-01,-1.284122712149953216e+00,-8.583488971204233930e-01,-5.238958078980222588e+00
-5.049210358852315395e+00,-8.677852283424286606e-01,9.439493518213246670e-01,-1.284256831449903657e+00,-8.582955249149875065e-01,-5.238752693854841880e+00
-5.049418238130598091e+00,-8.678290809664421790e-01,9.440138083131167646e-01,-1.284389612328688202e+00,-8.582428675791291539e-01,-5.238550391235119008e+00
-5.049629393168910241e+00,-8.678743187422199856e-01,9.440801396806975943e-01,-1.284520996028204021e+00,-8.581909475333386883e-01,-5.238351236715904413e+00
-5.049843792880184701e+00,-8.679208699770124547e-01,9.441482449557891954e-01,-1.284650923790349841e+00,-8.581397871981070180e-01,-5.238155295892049423e+00
-5.050061406177352552e+00,-8.679686629780697382e-01,9.442180231701131632e-01,-1.284779336857023058e+00,-8.580894089939248293e-01,-5.237962634358400038e+00
-5.050282201973347540e+00,-8.680176260526423215e-01,9.442893733553913149e-01,-1.284906176470121730e+00,-8.580398353412823642e-01,-5.237773317709807586e+00
-5.050506149181100746e+00,-8.680676875079804677e-01,9.443621945433458009e-01,-1.285031383871544142e+00,-8.579910886606708642e-01,-5.237587411541120730e+00
-5.050733216713546803e+00,-8.681187756513342180e-01,9.444363857656979944e-01,-1.285154900303188130e+00,-8.579431913725802383e-01,-5.237404981447189911e+00
-5.050963373483615904e+00,-8.681708187899542795e-01,9.445118460541699346e-01,-1.285276667006951756e+00,-8.578961658975018389e-01,-5.237226093022862017e+00
-5.051196588404240906e+00,-8.682237452310904713e-01,9.445884744404833278e-01,-1.285396625224732414e+00,-8.578500346559259082e-01,-5.237050811862987487e+00
-5.051432830388355555e+00,-8.682774832819933897e-01,9.446661699563602133e-01,-1.285514716198429053e+00,-8.578048200683430213e-01,-5.236879203562416762e+00
-5.051672068348891820e+00,-8.683319612499132978e-01,9.447448316335219642e-01,-1.285630881169938844e+00,-8.577605445552438646e-01,-5.236711333715997618e+00
-5.051914271198781670e+00,-8.683871074421004588e-01,9.448243585036909531e-01,-1.285745061381160070e+00,-8.577172305371193461e-01,-5.236547267918579607e+00
-5.052159407850957962e+00,-8.684428501658051358e-01,9.449046495985884420e-01,-1.285857198073990793e+00,-8.576749004344598193e-01,-5.236387071765013168e+00
-5.052407447218352665e+00,-8.684991177282775920e-01,9.449856039499366922e-01,-1.285967232490328849e+00,-8.576335766677559702e-01,-5.236230810850146966e+00
-5.052658358213899525e+00,-8.685558384367680906e-01,9.450671205894571880e-01,-1.286075105872072299e+00,-8.575932816574984852e-01,-5.236078550768828777e+00
-5.052912109750529623e+00,-8.686129405985271168e-01,9.451490985488719687e-01,-1.286180759461118761e+00,-8.575540378241779393e-01,-5.235930357115909040e+00
-5.053168670741174928e+00,-8.686703525208047116e-01,9.452314368599026295e-01,-1.286284134499366738e+00,-8.575158675882851300e-01,-5.235786295486238195e+00
-5.053428012100347644e+00,-8.687280070808589549e-01,9.453140410760187962e-01,-1.286385178992608180e+00,-8.574787906048910724e-01,-5.235646422092894881e+00
-5.053690117038327934e+00,-8.687858652296999162e-01,9.453968568140639350e-01,-1.286483882497525988e+00,-8.574428095409771799e-01,-5.235510735516344383e+00
-5.053954973431396880e+00,-8.688438985717497065e-01,9.454798448941091893e-01,-1.286580250338512643e+00,-8.574079206168940814e-01,-5.235379212466662047e+00
-5.054222569164763534e+00,-8.689020787318325612e-01,9.455629661653407458e-01,-1.286674287870156697e+00,-8.573741200406461704e-01,-5.235251829612038499e+00
-5.054492892123644054e+00,-8.689603773347731597e-01,9.456461814769449026e-01,-1.286766000447046920e+00,-8.573414040202380626e-01,-5.235128563620665254e+00
-5.054765930193251044e+00,-8.690187660053954044e-01,9.457294516781078464e-01,-1.286855393423772309e+00,-8.573097687636744846e-01,-5.235009391160732939e+00
-5.055041671258795333e+00,-8.690772163685236418e-01,9.458127376180159862e-01,-1.286942472154920969e+00,-8.572792104789601630e-01,-5.234894288900431292e+00
-5.055320103205492188e+00,-8.691357000489821072e-01,9.458960001458552869e-01,-1.287027241995081894e+00,-8.572497253740994916e-01,-5.234783233507950939e+00
-5.055601213918553327e+00,-8.691941886715951471e-01,9.459792001108121573e-01,-1.287109708298843413e+00,-8.572213096570974189e-01,-5.234676201651483396e+00
-5.055884991283193131e+00,-8.692526538611867748e-01,9.460622983620730064e-01,-1.287189876420794743e+00,-8.571939595359584496e-01,-5.234573169999221065e+00
-5.056171423184622427e+00,-8.693110672425816698e-01,9.461452557488236881e-01,-1.287267751715523767e+00,-8.571676712186871994e-01,-5.234474115219352797e+00
-5.056460494719831722e+00,-8.693694001420265716e-01,9.462280327024072957e-01,-1.287343339232906558e+00,-8.571424409851233772e-01,-5.234379014306513866e+00
-5.056752132741295647e+00,-8.694276176486510632e-01,9.463105809256370238e-01,-1.287416637657523788e+00,-8.571182666157053376e-01,-5.234287851074593156e+00
-5.057046208949964594e+00,-8.694856789456804069e-01,9.463928438563136147e-01,-1.287487639646681892e+00,-8.570951473117822683e-01,-5.234200615794600608e+00
-5.057342592877746235e+00,-8.695435429840673303e-01,9.464747646071834941e-01,-1.287556337620640701e+00,-8.570730823305864332e-01,-5.234117298991500355e+00
-5.057641154056541133e+00,-8.696011687147644498e-01,9.465562862909937536e-01,-1.287622723999660268e+00,-8.570520709293497630e-01,-5.234037891190254754e+00
-5.057941762018258736e+00,-8.696585150887239379e-01,9.466373520204909298e-01,-1.287686791204000869e+00,-8.570321123653048545e-01,-5.233962382915826161e+00
-5.058244286294799608e+00,-8.697155410568990774e-01,9.467179049084220033e-01,-1.287748531653922779e+00,-8.570132058956835275e-01,-5.233890764693180486e+00
-5.058548596418068755e+00,-8.697722055702421518e-01,9.467978880675333997e-01,-1.287807937769685829e+00,-8.569953507777180457e-01,-5.233823027047279197e+00
-5.058854561919973847e+00,-8.698284675797056664e-01,9.468772446105723217e-01,-1.287865001971550516e+00,-8.569785462686406730e-01,-5.233759160503086427e+00
-5.059162052332415449e+00,-8.698842860362423490e-01,9.469559176502849729e-01,-1.287919716679776672e+00,-8.569627916256834510e-01,-5.233699155585564533e+00
-5.059470937187299455e+00,-8.699396198908048161e-01,9.470338502994184449e-01,-1.287972074314624793e+00,-8.569480861060785326e-01,-5.233643002819678536e+00
-5.059781086016531759e+00,-8.699944280943457953e-01,9.471109856707196073e-01,-1.288022067296354489e+00,-8.569344289670582926e-01,-5.233590692730389016e+00
-5.060092368372459681e+00,-8.700486696160870670e-01,9.471872669028169600e-01,-1.288069688071688867e+00,-8.569218194549723666e-01,-5.233542215805719877e+00
-5.060404664095671912e+00,-8.701023126194223911e-01,9.472626501596704829e-01,-1.288114942404854357e+00,-8.569102513395335796e-01,-5.233497543942832841e+00
-5.060717879983940293e+00,-8.701553493582468990e-01,9.473371257341158813e-01,-1.288157870954502071e+00,-8.568997040406099996e-01,-5.233456600327257568e+00
-5.061031927196309788e+00,-8.702077759839452753e-01,9.474106894405409651e-01,-1.288198520024689708e+00,-8.568901546564764438e-01,-5.233419300263692620e+00
-5.061346716891824471e+00,-8.702595886479020937e-01,9.474833370933325449e-01,-1.288236935919474080e+00,-8.568815802854069519e-01,-5.233385559056840997e+00
-5.061662160229530194e+00,-8.703107835015017058e-01,9.475550645068776534e-01,-1.288273164942911997e+00,-8.568739580256757860e-01,-5.233355292011401261e+00
-5.061978168368472808e+00,-8.703613566961287962e-01,9.476258674955638783e-01,-1.288307253399061159e+00,-8.568672649755574300e-01,-5.233328414432075526e+00
-5.062294652467695499e+00,-8.704113043831681606e-01,9.476957418737783634e-01,-1.288339247591978154e+00,-8.568614782333259239e-01,-5.233304841623565018e+00
-5.062611523686246784e+00,-8.704606227140040398e-01,9.477646834559079192e-01,-1.288369193825720904e+00,-8.568565748972559737e-01,-5.233284488890570074e+00
-5.062928693183167184e+00,-8.705093078400212292e-01,9.478326880563401335e-01,-1.288397138404345554e+00,-8.568525320656215083e-01,-5.233267271537791032e+00
-5.063246072117506102e+00,-8.705573559126040806e-01,9.478997514894619281e-01,-1.288423127631909804e+00,-8.568493268366972337e-01,-5.233253104869930894e+00
-5.063563571648306727e+00,-8.706047630831373896e-01,9.479658695696607795e-01,-1.288447207812470685e+00,-8.568469363087571899e-01,-5.233241904191688221e+00
-5.063881102934614908e+00,-8.706515255030057299e-01,9.480310381113237206e-01,-1.288469425250085676e+00,-8.568453375800757499e-01,-5.233233584807764238e+00
-5.064198577135475610e+00,-8.706976393235933420e-01,9.480952529288378949e-01,-1.288489826248811143e+00,-8.568445077489271755e-01,-5.233228062022861060e+00
-5.064515905410771346e+00,-8.707431006964663212e-01,9.481585098368372488e-01,-1.288508457112691241e+00,-8.568444239136090435e-01,-5.233225251141791823e+00
-5.064833018135711740e+00,-8.707879099335142925e-01,9.482208103100920882e-01,-1.288525363838271653e+00,-8.568450637016188365e-01,-5.233225070113673105e+00
-5.065149914592674385e+00,-8.708320822657646954e-01,9.482821761209175859e-01,-1.288540591319391027e+00,-8.568464066381946687e-01,-5.233227446370201541e+00
-5.065466609504289508e+00,-8.708756362672243068e-01,9.483426335897654491e-01,-1.288554184202803210e+00,-8.568484326738075030e-01,-5.233232309467867438e+00
-5.065783117593182894e+00,-8.709185905118993487e-01,9.484022090370866076e-01,-1.288566187135260277e+00,-8.568511217589278584e-01,-5.233239588963163769e+00
-5.066099453581983880e+00,-8.709609635737967093e-01,9.484609287833325464e-01,-1.288576644763515633e+00,-8.568544538440264757e-01,-5.233249214412582617e+00
-5.066415632193319141e+00,-8.710027740269228325e-01,9.485188191489544174e-01,-1.288585601734321573e+00,-8.568584088795740961e-01,-5.233261115372615180e+00
-5.066731668149818013e+00,-8.710440404452842733e-01,9.485759064544033725e-01,-1.288593102694431503e+00,-8.568629668160415713e-01,-5.233275221399752652e+00
-5.067047576174104506e+00,-8.710847814028874758e-01,9.486322170201307857e-01,-1.288599192290597939e+00,-8.568681076038995315e-01,-5.233291462050487119e+00
-5.067363370988811511e+00,-8.711250154737391060e-01,9.486877771665878090e-01,-1.288603915169573622e+00,-8.568738111936187174e-01,-5.233309766881311553e+00
-5.067679067316563923e+00,-8.711647612318457190e-01,9.487426132142257051e-01,-1.288607315978111956e+00,-8.568800575356699811e-01,-5.233330065448714485e+00
-5.067994679879989306e+00,-8.712040372512136477e-01,9.487967514834957372e-01,-1.288609439362965459e+00,-8.568868265805240636e-01,-5.233352287309188888e+00
-5.068310223401716996e+00,-8.712428621058498912e-01,9.488502182948490571e-01,-1.288610329970886648e+00,-8.568940982786515947e-01,-5.233376362019227734e+00
-5.068625712604373668e+00,-8.712812543697605605e-01,9.489030399687371498e-01,-1.288610032448628928e+00,-8.569018525805232045e-01,-5.233402219135321332e+00
-5.068941162210587770e+00,-8.713192326169525437e-01,9.489552428256110561e-01,-1.288608591442944595e+00,-8.569100694366098558e-01,-5.233429788213961764e+00
-5.069256586942985976e+00,-8.713568154214320627e-01,9.490068531859218171e-01,-1.288606051600587277e+00,-8.569187287973821787e-01,-5.233458998811641116e+00
-5.069572001524196736e+00,-8.713940213572060056e-01,9.490578973701211396e-01,-1.288602457568309045e+00,-8.569278106133110251e-01,-5.233489780484850584e+00
-5.069887420105075648e+00,-8.714308685790623787e-01,9.491084011061148296e-01,-1.288597853111184133e+00,-8.569372952222799045e-01,-5.233522064147686947e+00
-5.070202847222229359e+00,-8.714673681927136428e-01,9.491583801582763602e-01,-1.288592267169016203e+00,-8.569471694764470016e-01,-5.233555803542165208e+00
-5.070518279429276909e+00,-8.715035254508237683e-01,9.492078420179732579e-01,-1.288585716371766443e+00,-8.569574256369577592e-01,-5.233590971364955990e+00
-5.070833713037864676e+00,-8.715393454286387565e-01,9.492567939258024223e-01,-1.288578216976259183e+00,-8.569680561289154674e-01,-5.233627540887287211e+00
-5.071149144359630156e+00,-8.715748332014051636e-01,9.493052431223605314e-01,-1.288569785239319643e+00,-8.569790533774225283e-01,-5.233665485380390336e+00
-5.071464569706217951e+00,-8.716099938443696571e-01,9.493531968482443739e-01,-1.288560437417773263e+00,-8.569904098075821208e-01,-5.233704778115489731e+00
-5.071779985389268219e+00,-8.716448324327780162e-01,9.494006623440507386e-01,-1.288550189768444376e+00,-8.570021178444967580e-01,-5.233745392363815974e+00
-5.072095387720422899e+00,-8.716793540418770192e-01,9.494476468503763034e-01,-1.288539058548158645e+00,-8.570141699132693969e-01,-5.233787301396596092e+00
-5.072410773011324814e+00,-8.717135637469131115e-01,9.494941576078176348e-01,-1.288527060013740400e+00,-8.570265584390028835e-01,-5.233830478485058890e+00
-5.072726137573615013e+00,-8.717474666231324054e-01,9.495402018569717439e-01,-1.288514210422015305e+00,-8.570392758467999528e-01,-5.233874896900431395e+00
-5.073041477718934544e+00,-8.717810677457812352e-01,9.495857868384353084e-01,-1.288500526029807913e+00,-8.570523145617635619e-01,-5.233920529913941522e+00
-5.073356789758926233e+00,-8.718143721901061571e-01,9.496309197928048951e-01,-1.288486023093943444e+00,-8.570656670089963347e-01,-5.233967350796817186e+00
-5.073672070005232904e+00,-8.718473850313535056e-01,9.496756079606776257e-01,-1.288470717871246451e+00,-8.570793256136011173e-01,-5.234015332820288080e+00
-5.073987314769492052e+00,-8.718801113447696149e-01,9.497198585826498451e-01,-1.288454626618542376e+00,-8.570932828006809778e-01,-5.234064449255581231e+00
-5.074302520363350943e+00,-8.719125562056008194e-01,9.497636788993183421e-01,-1.288437765592655992e+00,-8.571075309953385402e-01,-5.234114673373923665e+00
-5.074617683098446186e+00,-8.719447246890936754e-01,9.498070761512799054e-01,-1.288420151050412521e+00,-8.571220626226764283e-01,-5.234165978446545076e+00
-5.074932799286424157e+00,-8.719766218704942951e-01,9.498500575791316569e-01,-1.288401799248636737e+00,-8.571368701077978214e-01,-5.234218337744674265e+00
-5.075247865238923239e+00,-8.720082528250491238e-01,9.498926304234697193e-01,-1.288382726444154081e+00,-8.571519458758054544e-01,-5.234271724539536486e+00
-5.075562877267587147e+00,-8.720396226280047181e-01,9.499348019248913255e-01,-1.288362948893788662e+00,-8.571672823518019513e-01,-5.234326112102360540e+00
-5.075877833456896582e+00,-8.720707361973643046e-01,9.499765790745587912e-01,-1.288342481688178554e+00,-8.571828725124072124e-01,-5.234381475690082830e+00
-5.076192739267359144e+00,-8.721015977969115429e-01,9.500179678258474647e-01,-1.288321335065959028e+00,-8.571987116288641850e-01,-5.234437798821316434e+00
-5.076507602077485082e+00,-8.721322115203116176e-01,9.500589738622741143e-01,-1.288299518004086597e+00,-8.572147955690928578e-01,-5.234495067162971971e+00
-5.076822429265789971e+00,-8.721625814612293803e-01,9.500996028673551752e-01,-1.288277039479515329e+00,-8.572311202010139963e-01,-5.234553266381971603e+00
-5.077137228210787612e+00,-8.721927117133294605e-01,9.501398605246064166e-01,-1.288253908469199960e+00,-8.572476813925488104e-01,-5.234612382145232168e+00
-5.077452006290996245e+00,-8.722226063702769316e-01,9.501797525175446069e-01,-1.288230133950093892e+00,-8.572644750116182877e-01,-5.234672400119672275e+00
-5.077766770884929670e+00,-8.722522695257364234e-01,9.502192845296854040e-01,-1.288205724899151861e+00,-8.572814969261434159e-01,-5.234733305972213202e+00
-5.078081529371102576e+00,-8.722817052733726761e-01,9.502584622445453544e-01,-1.288180690293327935e+00,-8.572987430040450718e-01,-5.234795085369770007e+00
-5.078396289128031427e+00,-8.723109177068508746e-01,9.502972913456404491e-01,-1.288155039109576405e+00,-8.573162091132443541e-01,-5.234857723979265742e+00
-5.078711057534231799e+00,-8.723399109198353152e-01,9.503357775164872345e-01,-1.288128780324851341e+00,-8.573338911216624725e-01,-5.234921207467615467e+00
-5.079025841968219268e+00,-8.723686890059912935e-01,9.503739264406017018e-01,-1.288101922916106812e+00,-8.573517848972200817e-01,-5.234985521501739569e+00
-5.079340649808506747e+00,-8.723972560589832170e-01,9.504117438015002861e-01,-1.288074475860297108e+00,-8.573698863078385024e-01,-5.235050651748557549e+00
-5.079655488433613364e+00,-8.724256161724762704e-01,9.504492352826988677e-01,-1.288046448134376520e+00,-8.573881912214386114e-01,-5.235116583874988905e+00
-5.079970365222051143e+00,-8.724537734401351941e-01,9.504864065677138818e-01,-1.288017848715299341e+00,-8.574066955059415074e-01,-5.235183303547948697e+00
-5.080285287552337437e+00,-8.724817319556245065e-01,9.505232633400615416e-01,-1.287988686580019193e+00,-8.574253950292680670e-01,-5.235250796434359088e+00
-5.080600262802986933e+00,-8.725094958126091704e-01,9.505598112832578384e-01,-1.287958970705491035e+00,-8.574442856593392781e-01,-5.235319048201139580e+00
-5.080915298352515208e+00,-8.725370691047541483e-01,9.505960560808193183e-01,-1.287928710068668492e+00,-8.574633632640763503e-01,-5.235388044515206118e+00
-5.081230401579437839e+00,-8.725644559257240696e-01,9.506320034162620836e-01,-1.287897913646506076e+00,-8.574826237114001604e-01,-5.235457771043479980e+00
-5.081545579862269513e+00,-8.725916603691838969e-01,9.506676589731022364e-01,-1.287866590415957857e+00,-8.575020628692316960e-01,-5.235528213452877999e+00
-5.081860840579525807e+00,-8.726186865287982597e-01,9.507030284348559901e-01,-1.287834749353977903e+00,-8.575216766054920559e-01,-5.235599357410321453e+00
-5.082176190681360062e+00,-8.726455383788879194e-01,9.507381173168965027e-01,-1.287802399251049223e+00,-8.575414608612409451e-01,-5.235671188845385515e+00
-5.082491631252037401e+00,-8.726722182595029187e-01,9.507729288320858618e-01,-1.287769546344164739e+00,-8.575614125790800291e-01,-5.235743697284436671e+00
-5.082807159123103879e+00,-8.726987273258618449e-01,9.508074645239860123e-01,-1.287736195019059338e+00,-8.575815294277208123e-01,-5.235816874861479064e+00
-5.083122771030872400e+00,-8.727250667066507317e-01,9.508417258987773568e-01,-1.287702349620011510e+00,-8.576018090921345705e-01,-5.235890713768911020e+00
-5.083438463711659416e+00,-8.727512375305555015e-01,9.508757144626406310e-01,-1.287668014491300195e+00,-8.576222492572926903e-01,-5.235965206199130861e+00
-5.083754233901777830e+00,-8.727772409262624098e-01,9.509094317217564596e-01,-1.287633193977204105e+00,-8.576428476081662255e-01,-5.236040344344536912e+00
-5.084070078337542320e+00,-8.728030780224576013e-01,9.509428791823052451e-01,-1.287597892422001955e+00,-8.576636018297268960e-01,-5.236116120397525719e+00
-5.084385993755266675e+00,-8.728287499478269984e-01,9.509760583504677234e-01,-1.287562114169973126e+00,-8.576845096069456442e-01,-5.236192526550496495e+00
-5.084701976891265573e+00,-8.728542578310567457e-01,9.510089707324245190e-01,-1.287525863565395889e+00,-8.577055686247939681e-01,-5.236269554995848452e+00
-5.085018024481852805e+00,-8.728796028008328767e-01,9.510416178343563676e-01,-1.287489144952549180e+00,-8.577267765682433653e-01,-5.236347197925979025e+00
-5.085334133263343048e+00,-8.729047859858416469e-01,9.510740011624436718e-01,-1.287451962675711936e+00,-8.577481311222647786e-01,-5.236425447533284760e+00
-5.085650299972049204e+00,-8.729298085147689790e-01,9.511061222228670564e-01,-1.287414321079163093e+00,-8.577696299718299278e-01,-5.236504296010164872e+00
-5.085966521344286839e+00,-8.729546715163010173e-01,9.511379825218072570e-01,-1.287376224507180922e+00,-8.577912708019098664e-01,-5.236583735549018570e+00
-5.086282794116370631e+00,-8.729793761191239065e-01,9.511695835654446762e-01,-1.287337677304044803e+00,-8.578130512974758703e-01,-5.236663758342242403e+00
-5.086599115024612594e+00,-8.730039234519235691e-01,9.512009268599601608e-01,-1.287298683814033451e+00,-8.578349691434995483e-01,-5.236744356582236470e+00
-5.086915480805328293e+00,-8.730283146433862607e-01,9.512320139115342243e-01,-1.287259248381425358e+00,-8.578570220249519540e-01,-5.236825522461395543e+00
-5.087231888194832408e+00,-8.730525508221979036e-01,9.512628462263473805e-01,-1.287219375350499684e+00,-8.578792076268044742e-01,-5.236907248172121498e+00
-5.087548333929437838e+00,-8.730766331170448646e-01,9.512934253105804761e-01,-1.287179069065535142e+00,-8.579015236340286066e-01,-5.236989525906809995e+00
-5.087864814745460151e+00,-8.731005626566128441e-01,9.513237526704136915e-01,-1.287138333870810669e+00,-8.579239677315955159e-01,-5.237072347857861132e+00
-5.088181327379212249e+00,-8.731243405695883197e-01,9.513538298120279846e-01,-1.287097174110604980e+00,-8.579465376044764779e-01,-5.237155706217670570e+00
-5.088497868567007920e+00,-8.731479679846572139e-01,9.513836582416038690e-01,-1.287055594129197011e+00,-8.579692309376427684e-01,-5.237239593178639296e+00
-5.088814435045163620e+00,-8.731714460305055603e-01,9.514132394653219693e-01,-1.287013598270865034e+00,-8.579920454160658849e-01,-5.237324000933162971e+00
-5.089131023549992250e+00,-8.731947758358195033e-01,9.514425749893630213e-01,-1.286971190879888649e+00,-8.580149787247171034e-01,-5.237408921673640805e+00
-5.089447630817806711e+00,-8.732179585292849655e-01,9.514716663199072055e-01,-1.286928376300546351e+00,-8.580380285485676994e-01,-5.237494347592471122e+00
-5.089764253584924347e+00,-8.732409952395883135e-01,9.515005149631355907e-01,-1.286885158877116853e+00,-8.580611925725890599e-01,-5.237580270882051359e+00
-5.090080888587655394e+00,-8.732638870954154697e-01,9.515291224252285796e-01,-1.286841542953878870e+00,-8.580844684817524604e-01,-5.237666683734781614e+00
-5.090397532562317195e+00,-8.732866352254524678e-01,9.515574902123667966e-01,-1.286797532875111783e+00,-8.581078539610292877e-01,-5.237753578343057548e+00
-5.090714182245222652e+00,-8.733092407583855632e-01,9.515856198307308667e-01,-1.286753132985093862e+00,-8.581313466953907065e-01,-5.237840946899276595e+00
-5.091030834372686442e+00,-8.733317048229007895e-01,9.516135127865013033e-01,-1.286708347628103821e+00,-8.581549443698081037e-01,-5.237928781595840633e+00
-5.091347485681021467e+00,-8.733540285476840692e-01,9.516411705858589531e-01,-1.286663181148421264e+00,-8.581786446692527548e-01,-5.238017074625145320e+00
-5.091664132906544182e+00,-8.733762130614217689e-01,9.516685947349842190e-01,-1.286617637890324239e+00,-8.582024452786962687e-01,-5.238105818179589868e+00
-5.091980772785565712e+00,-8.733982594927998111e-01,9.516957867400577253e-01,-1.286571722198091905e+00,-8.582263438831095881e-01,-5.238195004451569936e+00
-5.092297402054402511e+00,-8.734201689705043403e-01,9.517227481072600970e-01,-1.286525438416003198e+00,-8.582503381674643217e-01,-5.238284625633486513e+00
-5.092614017449370145e+00,-8.734419426232212791e-01,9.517494803427718475e-01,-1.286478790888336610e+00,-8.582744258167316342e-01,-5.238374673917737034e+00
-5.092930615706778852e+00,-8.734635815796368830e-01,9.517759849527739346e-01,-1.286431783959370856e+00,-8.582986045158828015e-01,-5.238465141496719824e+00
-5.093247193562945085e+00,-8.734850869684371855e-01,9.518022634434464280e-01,-1.286384421973385317e+00,-8.583228719498893211e-01,-5.238556020562830540e+00
-5.093563747754183524e+00,-8.735064599183083311e-01,9.518283173209705073e-01,-1.286336709274658485e+00,-8.583472258037223579e-01,-5.238647303308471059e+00
-5.093880275016807069e+00,-8.735277015579363535e-01,9.518541480915262420e-01,-1.286288650207469075e+00,-8.583716637623532986e-01,-5.238738981926037042e+00
-5.094196772087130398e+00,-8.735488130160072862e-01,9.518797572612945901e-01,-1.286240249116096246e+00,-8.583961835107535299e-01,-5.238831048607927698e+00
-5.094513235701468190e+00,-8.735697954212072736e-01,9.519051463364561760e-01,-1.286191510344818489e+00,-8.584207827338943275e-01,-5.238923495546539577e+00
-5.094829662596134234e+00,-8.735906499022223493e-01,9.519303168231914025e-01,-1.286142438237914964e+00,-8.584454591167468562e-01,-5.239016314934273666e+00
-5.095146049507442321e+00,-8.736113775877387688e-01,9.519552702276810052e-01,-1.286093037139663720e+00,-8.584702103442825027e-01,-5.239109498963526512e+00
-5.095462393171708015e+00,-8.736319796064424548e-01,9.519800080561054978e-01,-1.286043311394344579e+00,-8.584950341014728759e-01,-5.239203039826695552e+00
-5.095778690325243332e+00,-8.736524570870195516e-01,9.520045318146455049e-01,-1.285993265346236036e+00,-8.585199280732890292e-01,-5.239296929716179108e+00
-5.096094937706760142e+00,-8.736728111578530021e-01,9.520288430089925980e-01,-1.285942903338032961e+00,-8.585448899454029004e-01,-5.239391160826920135e+00
-5.096411133243857527e+00,-8.736930427968752078e-01,9.520529429021354906e-01,-1.285892228926803771e+00,-8.585699177510720537e-01,-5.239485726615480843e+00
-5.096727277972338044e+00,-8.737131525886849825e-01,9.520768321225470121e-01,-1.285841243615687413e+00,-8.585950104322742638e-01,-5.239580623836789464e+00
-5.097043373429662516e+00,-8.737331410543981436e-01,9.521005111962903555e-01,-1.285789948576326225e+00,-8.586201670776526518e-01,-5.239675849778123506e+00
-5.097359421153289105e+00,-8.737530087151302860e-01,9.521239806494290470e-01,-1.285738344980360992e+00,-8.586453867758501168e-01,-5.239771401726751598e+00
-5.097675422680676860e+00,-8.737727560919973380e-01,9.521472410080265014e-01,-1.285686433999433831e+00,-8.586706686155094470e-01,-5.239867276969953025e+00
-5.097991379549286606e+00,-8.737923837061151167e-01,9.521702927981464670e-01,-1.285634216805185748e+00,-8.586960116852734304e-01,-5.239963472794997301e+00
-5.098307293296573839e+00,-8.738118920785989951e-01,9.521931365458520258e-01,-1.285581694569259081e+00,-8.587214150737850771e-01,-5.240059986489161048e+00
-5.098623165460001161e+00,-8.738312817305651237e-01,9.522157727772068148e-01,-1.285528868463294616e+00,-8.587468778696870642e-01,-5.240156815339717333e+00
-5.098938997577025845e+00,-8.738505531831289863e-01,9.522382020182744711e-01,-1.285475739658934469e+00,-8.587723991616225128e-01,-5.240253956633940113e+00
-5.099254791185108715e+00,-8.738697069574065113e-01,9.522604247951180767e-01,-1.285422309327819645e+00,-8.587979780382341000e-01,-5.240351407659104233e+00
-5.099570547821707045e+00,-8.738887435745134047e-01,9.522824416338014908e-01,-1.285368578641591819e+00,-8.588236135881647249e-01,-5.240449165702483647e+00
-5.099886269024281660e+00,-8.739076635555655947e-01,9.523042530603879063e-01,-1.285314548771893106e+00,-8.588493049000571755e-01,-5.240547228051351425e+00
-5.100201956330288944e+00,-8.739264674216783435e-01,9.523258596009409604e-01,-1.285260220890364513e+00,-8.588750510625546841e-01,-5.240645591992982411e+00
-5.100517611277190611e+00,-8.739451556939678012e-01,9.523472617815239571e-01,-1.285205596168647713e+00,-8.589008511642995947e-01,-5.240744254814648784e+00
-5.100833235402445709e+00,-8.739637288935497850e-01,9.523684601282004225e-01,-1.285150675778384377e+00,-8.589267042939350283e-01,-5.240843213803626277e+00
-5.101148830243511512e+00,-8.739821875415397789e-01,9.523894551670338826e-01,-1.285095460891215957e+00,-8.589526095401041061e-01,-5.240942466247189735e+00
-5.101464397337848844e+00,-8.740005321590537113e-01,9.524102474240877525e-01,-1.285039952678783681e+00,-8.589785659914491722e-01,-5.241042009432611337e+00
-5.101779938222917643e+00,-8.740187632672071771e-01,9.524308374254255583e-01,-1.284984152312729888e+00,-8.590045727366134587e-01,-5.241141840647165928e+00
-5.102095454436174293e+00,-8.740368813871162157e-01,9.524512256971107149e-01,-1.284928060964695362e+00,-8.590306288642397536e-01,-5.241241957178127464e+00
-5.102410947515079620e+00,-8.740548870398963111e-01,9.524714127652065265e-01,-1.284871679806322220e+00,-8.590567334629708451e-01,-5.241342356312770789e+00
-5.102726418997092672e+00,-8.740727807466632804e-01,9.524913991557767412e-01,-1.284815010009251468e+00,-8.590828856214497433e-01,-5.241443035338367196e+00
-5.103041870419671611e+00,-8.740905630285329408e-01,9.525111853948847740e-01,-1.284758052745125445e+00,-8.591090844283192363e-01,-5.241543991542193304e+00
-5.103357303320277261e+00,-8.741082344066208876e-01,9.525307720085938179e-01,-1.284700809185584713e+00,-8.591353289722221120e-01,-5.241645222211523070e+00
-5.103672719236367783e+00,-8.741257954020431598e-01,9.525501595229676211e-01,-1.284643280502271390e+00,-8.591616183418012698e-01,-5.241746724633628673e+00
-5.103988119705402227e+00,-8.741432465359153525e-01,9.525693484640694875e-01,-1.284585467866826924e+00,-8.591879516256997196e-01,-5.241848496095785848e+00
-5.104303506264839640e+00,-8.741605883293531720e-01,9.525883393579630543e-01,-1.284527372450893212e+00,-8.592143279125601385e-01,-5.241950533885267660e+00
-5.104618880452139962e+00,-8.741778213034724354e-01,9.526071327307116254e-01,-1.284468995426111038e+00,-8.592407462910255367e-01,-5.242052835289348067e+00
-5.104934243804759575e+00,-8.741949459793887378e-01,9.526257291083786161e-01,-1.284410337964122961e+00,-8.592672058497388132e-01,-5.242155397595301913e+00
-5.105249597860162858e+00,-8.742119628782181184e-01,9.526441290170278853e-01,-1.284351401236569545e+00,-8.592937056773425342e-01,-5.242258218090403155e+00
-5.105564944155804419e+00,-8.742288725210762834e-01,9.526623329827224040e-01,-1.284292186415093129e+00,-8.593202448624799317e-01,-5.242361294061923971e+00
-5.105880284229144195e+00,-8.742456754290787169e-01,9.526803415315256984e-01,-1.284232694671334718e+00,-8.593468224937936828e-01,-5.242464622797140983e+00
-5.106195619617643011e+00,-8.742623721233413470e-01,9.526981551895017386e-01,-1.284172927176936208e+00,-8.593734376599266866e-01,-5.242568201583326370e+00
-5.106510951858759029e+00,-8.742789631249801019e-01,9.527157744827133845e-01,-1.284112885103538826e+00,-8.594000894495218423e-01,-5.242672027707755866e+00
-5.106826282489949520e+00,-8.742954489551103547e-01,9.527331999372242732e-01,-1.284052569622784024e+00,-8.594267769512219379e-01,-5.242776098457700762e+00
-5.107141613048677087e+00,-8.743118301348481447e-01,9.527504320790981529e-01,-1.283991981906314361e+00,-8.594534992536698725e-01,-5.242880411120438566e+00
-5.107456945072399002e+00,-8.743281071853092890e-01,9.527674714343981055e-01,-1.283931123125769957e+00,-8.594802554455084342e-01,-5.242984962983239683e+00
-5.107772280098574313e+00,-8.743442806276092716e-01,9.527843185291877681e-01,-1.283869994452793595e+00,-8.595070446153808552e-01,-5.243089751333379844e+00
-5.108087619664662071e+00,-8.743603509828639098e-01,9.528009738895306668e-01,-1.283808597059025836e+00,-8.595338658519294794e-01,-5.243194773458133007e+00
-5.108402965308122212e+00,-8.743763187721891317e-01,9.528174380414903277e-01,-1.283746932116109241e+00,-8.595607182437974281e-01,-5.243300026644773126e+00
-5.108718318566412897e+00,-8.743921845167005324e-01,9.528337115111298328e-01,-1.283685000795684372e+00,-8.595876008796278223e-01,-5.243405508180575936e+00
-5.109033680976994063e+00,-8.744079487375140403e-01,9.528497948245129301e-01,-1.283622804269393569e+00,-8.596145128480631170e-01,-5.243511215352811838e+00
-5.109349054077324759e+00,-8.744236119557451392e-01,9.528656885077033678e-01,-1.283560343708877838e+00,-8.596414532377462114e-01,-5.243617145448758343e+00
-5.109664439404863145e+00,-8.744391746925097575e-01,9.528813930867638948e-01,-1.283497620285779073e+00,-8.596684211373203377e-01,-5.243723295755686742e+00
-5.109979838497069160e+00,-8.744546374689237123e-01,9.528969090877585923e-01,-1.283434635171738503e+00,-8.596954156354279508e-01,-5.243829663560873655e+00
-5.110295252891402740e+00,-8.744700008061025986e-01,9.529122370367506534e-01,-1.283371389538398244e+00,-8.597224358207120609e-01,-5.243936246151589486e+00
-5.110610684125321157e+00,-8.744852652251622338e-01,9.529273774598036040e-01,-1.283307884557399081e+00,-8.597494807818156781e-01,-5.244043040815112633e+00
-5.110926133736285237e+00,-8.745004312472184349e-01,9.529423308829808592e-01,-1.283244121400383131e+00,-8.597765496073814795e-01,-5.244150044838713498e+00
-5.111241603204596196e+00,-8.745154993813440969e-01,9.529570978088627298e-01,-1.283180101215256386e+00,-8.598036413811921408e-01,-5.244257255515928584e+00
-5.111557092659873014e+00,-8.745304698520337539e-01,9.529716781851038654e-01,-1.283115824589039722e+00,-8.598307550721789871e-01,-5.244364670288244490e+00
-5.111872600860723814e+00,-8.745453425949177850e-01,9.529860713960777163e-01,-1.283051291539424765e+00,-8.598578895326924876e-01,-5.244472286747326351e+00
-5.112188126504524810e+00,-8.745601175327272214e-01,9.530002768010032987e-01,-1.282986502058677258e+00,-8.598850436098769423e-01,-5.244580102491545937e+00
-5.112503668288655767e+00,-8.745747945881928720e-01,9.530142937590995178e-01,-1.282921456139064054e+00,-8.599122161508770956e-01,-5.244688115119275906e+00
-5.112819224910495564e+00,-8.745893736840455457e-01,9.530281216295855007e-01,-1.282856153772851115e+00,-8.599394060028372477e-01,-5.244796322228888918e+00
-5.113134795067423077e+00,-8.746038547430163845e-01,9.530417597716801525e-01,-1.282790594952304852e+00,-8.599666120129015878e-01,-5.244904721418756743e+00
-5.113450377456817186e+00,-8.746182376878360865e-01,9.530552075446026006e-01,-1.282724779669691451e+00,-8.599938330282149712e-01,-5.245013310287250263e+00
-5.113765970776055880e+00,-8.746325224412354604e-01,9.530684643075718609e-01,-1.282658707917277541e+00,-8.600210678959214761e-01,-5.245122086432743913e+00
-5.114081573722519813e+00,-8.746467089259456484e-01,9.530815294198069498e-01,-1.282592379687329531e+00,-8.600483154631652916e-01,-5.245231047453607687e+00
-5.114397184993586087e+00,-8.746607970646972374e-01,9.530944022405266614e-01,-1.282525794972113609e+00,-8.600755745770914951e-01,-5.245340190948214243e+00
-5.114712803286634468e+00,-8.746747867802211474e-01,9.531070821289501227e-01,-1.282458953763896181e+00,-8.601028440848442758e-01,-5.245449514514936240e+00
-5.115028427299042058e+00,-8.746886779952484092e-01,9.531195684442965721e-01,-1.282391856054943213e+00,-8.601301228335677118e-01,-5.245559015752147225e+00
-5.115344055728191286e+00,-8.747024706325098320e-01,9.531318605457846926e-01,-1.282324501837521780e+00,-8.601574096704064365e-01,-5.245668692258216304e+00
-5.115659687271458367e+00,-8.747161646147362246e-01,9.531439577926336115e-01,-1.282256891103897622e+00,-8.601847034425050831e-01,-5.245778541631516134e+00
-5.115975320626221290e+00,-8.747297598646585071e-01,9.531558595440623449e-01,-1.282189023846337372e+00,-8.602120029970077297e-01,-5.245888561470421152e+00
-5.116290954489862486e+00,-8.747432563050077103e-01,9.531675651592900200e-01,-1.282120900057107216e+00,-8.602393071810591207e-01,-5.245998749373302239e+00
-5.116606587559757280e+00,-8.747566538585143103e-01,9.531790739975355420e-01,-1.282052519728474005e+00,-8.602666148418033343e-01,-5.246109102938531166e+00
-5.116922218533285438e+00,-8.747699524479095601e-01,9.531903854180178159e-01,-1.281983882852703260e+00,-8.602939248263851146e-01,-5.246219619764478814e+00
-5.117237846107826726e+00,-8.747831519959242685e-01,9.532014987799559691e-01,-1.281914989422062057e+00,-8.603212359819486510e-01,-5.246330297449520508e+00
-5.117553468980760023e+00,-8.747962524252892447e-01,9.532124134425691286e-01,-1.281845839428816136e+00,-8.603485471556384656e-01,-5.246441133592026240e+00
-5.117869085849463318e+00,-8.748092536587354084e-01,9.532231287650761997e-01,-1.281776432865232573e+00,-8.603758571945989697e-01,-5.246552125790367782e+00
-5.118184695411314600e+00,-8.748221556189936798e-01,9.532336441066959765e-01,-1.281706769723576667e+00,-8.604031649459745745e-01,-5.246663271642918680e+00
-5.118500296363695412e+00,-8.748349582287945347e-01,9.532439588266476971e-01,-1.281636849996116156e+00,-8.604304692569096913e-01,-5.246774568748050704e+00
-5.118815887403982856e+00,-8.748476614108694482e-01,9.532540722841504888e-01,-1.281566673675116119e+00,-8.604577689745488422e-01,-5.246886014704134737e+00
-5.119131467229554922e+00,-8.748602650879490072e-01,9.532639838384229236e-01,-1.281496240752843407e+00,-8.604850629460363276e-01,-5.246997607109544326e+00
-5.119447034537792263e+00,-8.748727691827641317e-01,9.532736928486844619e-01,-1.281425551221564652e+00,-8.605123500185164476e-01,-5.247109343562651240e+00
-5.119762588026072869e+00,-8.748851736180456307e-01,9.532831986741540087e-01,-1.281354605073545594e+00,-8.605396290391339464e-01,-5.247221221661827251e+00
-5.120078126391775619e+00,-8.748974783165246460e-01,9.532925006740503582e-01,-1.281283402301053309e+00,-8.605668988550331244e-01,-5.247333239005445016e+00
-5.120393648332279390e+00,-8.749096832009315428e-01,9.533015982075928596e-01,-1.281211942896353539e+00,-8.605941583133582817e-01,-5.247445393191875418e+00
-5.120709152544964837e+00,-8.749217881939975738e-01,9.533104906340001961e-01,-1.281140226851712693e+00,-8.606214062612539406e-01,-5.247557681819492892e+00
-5.121024637727207285e+00,-8.749337932184535482e-01,9.533191773124914947e-01,-1.281068254159397624e+00,-8.606486415458644013e-01,-5.247670102486667432e+00
-5.121340102576386499e+00,-8.749456981970303859e-01,9.533276576022859938e-01,-1.280996024811674072e+00,-8.606758630143342970e-01,-5.247782652791772584e+00
-5.121655545789884023e+00,-8.749575030524588959e-01,9.533359308626023765e-01,-1.280923538800808670e+00,-8.607030695138079279e-01,-5.247895330333179231e+00
-5.121970966065076958e+00,-8.749692077074701091e-01,9.533439964526597699e-01,-1.280850796119067825e+00,-8.607302598914297054e-01,-5.248008132709260920e+00
-5.122286362099342405e+00,-8.749808120847946125e-01,9.533518537316771901e-01,-1.280777796758717724e+00,-8.607574329943439295e-01,-5.248121057518388533e+00
-5.122601732590061907e+00,-8.749923161071633260e-01,9.533595020588735425e-01,-1.280704540712024997e+00,-8.607845876696953447e-01,-5.248234102358932951e+00
-5.122917076234613454e+00,-8.750037196973073916e-01,9.533669407934680651e-01,-1.280631027971255387e+00,-8.608117227646280289e-01,-5.248347264829270387e+00
-5.123232391730375923e+00,-8.750150227779575074e-01,9.533741692946795521e-01,-1.280557258528676190e+00,-8.608388371262865046e-01,-5.248460542527770833e+00
-5.123547677774726417e+00,-8.750262252718444822e-01,9.533811869217271306e-01,-1.280483232376552483e+00,-8.608659296018155160e-01,-5.248573933052805174e+00
-5.123862933065046477e+00,-8.750373271016994581e-01,9.533879930338299280e-01,-1.280408949507152006e+00,-8.608929990383590303e-01,-5.248687434002745178e+00
-5.124178156298713205e+00,-8.750483281902529109e-01,9.533945869902065162e-01,-1.280334409912740057e+00,-8.609200442830616806e-01,-5.248801042975966169e+00
-5.124493346173105479e+00,-8.750592284602362048e-01,9.534009681500764666e-01,-1.280259613585583489e+00,-8.609470641830678783e-01,-5.248914757570839029e+00
-5.124808501385604842e+00,-8.750700278343797045e-01,9.534071358726583512e-01,-1.280184560517948267e+00,-8.609740575855220346e-01,-5.249028575385734641e+00
-5.125123620633586619e+00,-8.750807262354146632e-01,9.534130895171716302e-01,-1.280109250702101464e+00,-8.610010233375684496e-01,-5.249142494019024774e+00
-5.125438702614430575e+00,-8.750913235860720008e-01,9.534188284428347648e-01,-1.280033684130308602e+00,-8.610279602863517567e-01,-5.249256511069083864e+00
-5.125753746025516477e+00,-8.751018198090821931e-01,9.534243520088669932e-01,-1.279957860794836755e+00,-8.610548672790162561e-01,-5.249370624134281904e+00
-5.126068749564223204e+00,-8.751122148271764933e-01,9.534296595744875535e-01,-1.279881780687951442e+00,-8.610817431627062479e-01,-5.249484830812992442e+00
-5.126383711949442201e+00,-8.751225085581242347e-01,9.534347504975975163e-01,-1.279805443818923028e+00,-8.611085867918134573e-01,-5.249599128696692318e+00
-5.126698632748120765e+00,-8.751327007241149758e-01,9.534396240841535031e-01,-1.279728850867315471e+00,-8.611353973064100886e-01,-5.249713515105058903e+00
-5.127013512635714143e+00,-8.751427907916934368e-01,9.534442795722147812e-01,-1.279652003388841219e+00,-8.611621742199861984e-01,-5.249827987002497309e+00
-5.127328352362449770e+00,-8.751527782101592434e-01,9.534487161952602818e-01,-1.279574902998314556e+00,-8.611889170712206942e-01,-5.249942541329447820e+00
-5.127643152678558636e+00,-8.751626624288122436e-01,9.534529331867690471e-01,-1.279497551310551096e+00,-8.612156253987929277e-01,-5.250057175026352496e+00
-5.127957914334268175e+00,-8.751724428969517300e-01,9.534569297802200083e-01,-1.279419949940364010e+00,-8.612422987413819175e-01,-5.250171885033647179e+00
-5.128272638079809376e+00,-8.751821190638777725e-01,9.534607052090924295e-01,-1.279342100502568469e+00,-8.612689366376670153e-01,-5.250286668291773928e+00
-5.128587324665409675e+00,-8.751916903788901081e-01,9.534642587068651309e-01,-1.279264004611979422e+00,-8.612955386263272395e-01,-5.250401521741173028e+00
-5.128901974841300060e+00,-8.752011562912882514e-01,9.534675895070171547e-01,-1.279185663883410706e+00,-8.613221042460417198e-01,-5.250516442322283872e+00
-5.129216589357708855e+00,-8.752105162503720504e-01,9.534706968430276541e-01,-1.279107079931677493e+00,-8.613486330354896969e-01,-5.250631426975545857e+00
-5.129531168964864385e+00,-8.752197697054410197e-01,9.534735799483753382e-01,-1.279028254371594064e+00,-8.613751245333503004e-01,-5.250746472641398377e+00
-5.129845714412997637e+00,-8.752289161057951183e-01,9.534762380565395823e-01,-1.278949188817974925e+00,-8.614015782783026598e-01,-5.250861576260284380e+00
-5.130160226452335159e+00,-8.752379549007339721e-01,9.534786704009990954e-01,-1.278869884885634800e+00,-8.614279938090261268e-01,-5.250976734772639709e+00
-5.130474705833108828e+00,-8.752468855395572067e-01,9.534808762152330308e-01,-1.278790344189388195e+00,-8.614543706641997201e-01,-5.251091945118908200e+00
-5.130789153305546968e+00,-8.752557074715645591e-01,9.534828547327205417e-01,-1.278710568344049614e+00,-8.614807083825025691e-01,-5.251207204239525694e+00
-5.131103569619878790e+00,-8.752644201460558770e-01,9.534846051869403372e-01,-1.278630558964433783e+00,-8.615070065026139146e-01,-5.251322509074935141e+00
-5.131417955526332619e+00,-8.752730230123305644e-01,9.534861268113717925e-01,-1.278550317665354985e+00,-8.615332645632128861e-01,-5.251437856565575046e+00
-5.131732311775138555e+00,-8.752815155196885799e-01,9.534874188394936168e-01,-1.278469846061628168e+00,-8.615594821029787242e-01,-5.251553243651885694e+00
-5.132046639116525810e+00,-8.752898971174296605e-01,9.534884805047849632e-01,-1.278389145768067836e+00,-8.615856586605904477e-01,-5.251668667274307367e+00
-5.132360938300723596e+00,-8.752981672548533210e-01,9.534893110407248740e-01,-1.278308218399488050e+00,-8.616117937747271860e-01,-5.251784124373278573e+00
-5.132675210077960237e+00,-8.753063253812592981e-01,9.534899096807922803e-01,-1.278227065570704202e+00,-8.616378869840682908e-01,-5.251899611889241370e+00
-5.132989455198464945e+00,-8.753143709459475508e-01,9.534902756584663353e-01,-1.278145688896530130e+00,-8.616639378272928917e-01,-5.252015126762634267e+00
-5.133303674412468709e+00,-8.753223033982175938e-01,9.534904082072258591e-01,-1.278064089991780783e+00,-8.616899458430802294e-01,-5.252130665933896658e+00
-5.133617868470198964e+00,-8.753301221873689419e-01,9.534903065605501160e-01,-1.277982270471270443e+00,-8.617159105701092114e-01,-5.252246226343468827e+00
-5.133932038121884922e+00,-8.753378267627015541e-01,9.534899699519178151e-01,-1.277900231949813836e+00,-8.617418315470591894e-01,-5.252361804931792832e+00
-5.134246184117757572e+00,-8.753454165735152781e-01,9.534893976148082206e-01,-1.277817976042225689e+00,-8.617677083126091819e-01,-5.252477398639306294e+00
-5.134560307208044350e+00,-8.753528910691094067e-01,9.534885887827002637e-01,-1.277735504363320507e+00,-8.617935404054384296e-01,-5.252593004406447719e+00
-5.134874408142975355e+00,-8.753602496987838988e-01,9.534875426890730976e-01,-1.277652818527912570e+00,-8.618193273642261731e-01,-5.252708619173660054e+00
-5.135188487672778912e+00,-8.753674919118386022e-01,9.534862585674054314e-01,-1.277569920150816607e+00,-8.618450687276515421e-01,-5.252824239881381807e+00
-5.135502546547685121e+00,-8.753746171575730317e-01,9.534847356511765293e-01,-1.277486810846847343e+00,-8.618707640343936660e-01,-5.252939863470053261e+00
-5.135816585517921418e+00,-8.753816248852869242e-01,9.534829731738653225e-01,-1.277403492230819282e+00,-8.618964128231316746e-01,-5.253055486880112923e+00
-5.136130605333719679e+00,-8.753885145442799054e-01,9.534809703689509641e-01,-1.277319965917546707e+00,-8.619220146325448084e-01,-5.253171107052002853e+00
-5.136444606745307340e+00,-8.753952855838516012e-01,9.534787264699122744e-01,-1.277236233521844344e+00,-8.619475690013121971e-01,-5.253286720926161557e+00
-5.136758590502915389e+00,-8.754019374533023035e-01,9.534762407102284065e-01,-1.277152296658527142e+00,-8.619730754681129703e-01,-5.253402325443030207e+00
-5.137072557356769487e+00,-8.754084696019309719e-01,9.534735123233782916e-01,-1.277068156942409383e+00,-8.619985335716263686e-01,-5.253517917543046423e+00
-5.137386508057100620e+00,-8.754148814790376765e-01,9.534705405428409719e-01,-1.276983815988305127e+00,-8.620239428505315216e-01,-5.253633494166651374e+00
-5.137700443354140667e+00,-8.754211725339221539e-01,9.534673246020954895e-01,-1.276899275411029988e+00,-8.620493028435074478e-01,-5.253749052254286234e+00
-5.138014363998114398e+00,-8.754273422158841411e-01,9.534638637346208867e-01,-1.276814536825397584e+00,-8.620746130892336101e-01,-5.253864588746390396e+00
-5.138328270739253689e+00,-8.754333899742231528e-01,9.534601571738960946e-01,-1.276729601846223083e+00,-8.620998731263889159e-01,-5.253980100583400592e+00
-5.138642164327788642e+00,-8.754393152582390369e-01,9.534562041534000443e-01,-1.276644472088320548e+00,-8.621250824936527168e-01,-5.254095584705760658e+00
-5.138956045513944915e+00,-8.754451175172313082e-01,9.534520039066121111e-01,-1.276559149166504925e+00,-8.621502407297040316e-01,-5.254211038053909100e+00
-5.139269915047954385e+00,-8.754507962005000365e-01,9.534475556670108931e-01,-1.276473634695590498e+00,-8.621753473732221007e-01,-5.254326457568285313e+00
-5.139583773680046264e+00,-8.754563507573445147e-01,9.534428586680757656e-01,-1.276387930290392214e+00,-8.622004019628859428e-01,-5.254441840189328694e+00
-5.139897622160447987e+00,-8.754617806370649236e-01,9.534379121432854376e-01,-1.276302037565724357e+00,-8.622254040373749095e-01,-5.254557182857481301e+00
-5.140211461239391433e+00,-8.754670852889604449e-01,9.534327153261191734e-01,-1.276215958136401651e+00,-8.622503531353681305e-01,-5.254672482513181642e+00
-5.140525291667103147e+00,-8.754722641623311485e-01,9.534272674500557931e-01,-1.276129693617238159e+00,-8.622752487955447354e-01,-5.254787736096869999e+00
-5.140839114193560988e+00,-8.754773167064355821e-01,9.534215677487813956e-01,-1.276043245624127742e+00,-8.623000905566967633e-01,-5.254902940548180190e+00
-5.141152929415057748e+00,-8.754822423453707536e-01,9.534156155825608270e-01,-1.275956616432430080e+00,-8.623248780265423408e-01,-5.255018092314635680e+00
-5.141466737513257890e+00,-8.754870404353529700e-01,9.534094106531492141e-01,-1.275869810096649681e+00,-8.623496109987542901e-01,-5.255133186516107280e+00
-5.141780538600604800e+00,-8.754917103212651597e-01,9.534029527193145226e-01,-1.275782830968321679e+00,-8.623742892980501562e-01,-5.255248218050814657e+00
-5.142094332789541866e+00,-8.754962513479905839e-01,9.533962415398242740e-01,-1.275695683398981428e+00,-8.623989127491473727e-01,-5.255363181816975704e+00
-5.142408120192510701e+00,-8.755006628604120600e-01,9.533892768734459899e-01,-1.275608371740164060e+00,-8.624234811767639286e-01,-5.255478072712809201e+00
-5.142721900921956468e+00,-8.755049442034127383e-01,9.533820584789477470e-01,-1.275520900343405151e+00,-8.624479944056172576e-01,-5.255592885636535705e+00
-5.143035675090320780e+00,-8.755090947218758801e-01,9.533745861150970669e-01,-1.275433273560240055e+00,-8.624724522604251264e-01,-5.255707615486372219e+00
-5.143349442810048799e+00,-8.755131137606843028e-01,9.533668595406618040e-01,-1.275345495742203905e+00,-8.624968545659055241e-01,-5.255822257160539301e+00
-5.143663204193580363e+00,-8.755170006647212677e-01,9.533588785144094802e-01,-1.275257571240831611e+00,-8.625212011467756623e-01,-5.255936805557254843e+00
-5.143976959353363299e+00,-8.755207547788698141e-01,9.533506427951078388e-01,-1.275169504407659415e+00,-8.625454918277533078e-01,-5.256051255574738512e+00
-5.144290708401836554e+00,-8.755243754480130924e-01,9.533421521415247346e-01,-1.275081299594221562e+00,-8.625697264335565606e-01,-5.256165602111207313e+00
-5.144604451451445293e+00,-8.755278620170338089e-01,9.533334063124276891e-01,-1.274992961152054072e+00,-8.625939047889025213e-01,-5.256279840064882691e+00
-5.144918188614632015e+00,-8.755312138308156689e-01,9.533244050665845570e-01,-1.274904493432692298e+00,-8.626180267185090678e-01,-5.256393964333982538e+00
-5.145231920003840997e+00,-8.755344302342412677e-01,9.533151481627628598e-01,-1.274815900787671374e+00,-8.626420920470941889e-01,-5.256507969816724746e+00
-5.145545645731513851e+00,-8.755375105721939777e-01,9.533056353597305632e-01,-1.274727187568526432e+00,-8.626661005993750964e-01,-5.256621851411328095e+00
-5.145859365910095740e+00,-8.755404541895567272e-01,9.532958664162551887e-01,-1.274638358126792825e+00,-8.626900522000696681e-01,-5.256735604016014030e+00
-5.146173080652027387e+00,-8.755432604312126665e-01,9.532858410911045910e-01,-1.274549416814005909e+00,-8.627139466738957818e-01,-5.256849222528998666e+00
-5.146486790069753958e+00,-8.755459286420447240e-01,9.532755591430462916e-01,-1.274460367981701037e+00,-8.627377838455708714e-01,-5.256962701848502562e+00
-5.146800494275718840e+00,-8.755484581669361610e-01,9.532650203308482562e-01,-1.274371215981413785e+00,-8.627615635398125926e-01,-5.257076036872743607e+00
-5.147114193382362757e+00,-8.755508483507699058e-01,9.532542244132777842e-01,-1.274281965164679065e+00,-8.627852855813386013e-01,-5.257189222499941472e+00
-5.147427887502130872e+00,-8.755530985384292197e-01,9.532431711491031745e-01,-1.274192619883032451e+00,-8.628089497948668862e-01,-5.257302253628314936e+00
-5.147741576747466574e+00,-8.755552080747971422e-01,9.532318602970916155e-01,-1.274103184488008633e+00,-8.628325560051147702e-01,-5.257415125156081892e+00
-5.148055261230811475e+00,-8.755571763047566014e-01,9.532202916160109618e-01,-1.274013663331143853e+00,-8.628561040368001311e-01,-5.257527831981462008e+00
-5.148368941064609849e+00,-8.755590025731908588e-01,9.532084648646291791e-01,-1.273924060763972577e+00,-8.628795937146406247e-01,-5.257640369002674063e+00
-5.148682616361305975e+00,-8.755606862249827316e-01,9.531963798017135669e-01,-1.273834381138030825e+00,-8.629030248633537958e-01,-5.257752731117938616e+00
-5.148996287233339686e+00,-8.755622266050157032e-01,9.531840361860320909e-01,-1.273744628804853285e+00,-8.629263973076573002e-01,-5.257864913225471781e+00
-5.149309953793157923e+00,-8.755636230581725910e-01,9.531714337763524947e-01,-1.273654808115975978e+00,-8.629497108722691268e-01,-5.257976910223493228e+00
-5.149623616153200523e+00,-8.755648749293365452e-01,9.531585723314422998e-01,-1.273564923422933370e+00,-8.629729653819067092e-01,-5.258088717010223512e+00
-5.149937274425914424e+00,-8.755659815633906051e-01,9.531454516100693608e-01,-1.273474979077261482e+00,-8.629961606612877034e-01,-5.258200328483879638e+00
-5.150250928723739463e+00,-8.755669423052179212e-01,9.531320713710013104e-01,-1.273384979430494779e+00,-8.630192965351299872e-01,-5.258311739542679497e+00
-5.150564579159119027e+00,-8.755677564997014217e-01,9.531184313730061142e-01,-1.273294928834169504e+00,-8.630423728281511053e-01,-5.258422945084845423e+00
-5.150878225844498282e+00,-8.755684234917244790e-01,9.531045313748510717e-01,-1.273204831639820789e+00,-8.630653893650686026e-01,-5.258533940008594421e+00
-5.151191868892319725e+00,-8.755689426261699104e-01,9.530903711353040375e-01,-1.273114692198983544e+00,-8.630883459706004679e-01,-5.258644719212145269e+00
-5.151505508415025858e+00,-8.755693132479207552e-01,9.530759504131328663e-01,-1.273024514863193346e+00,-8.631112424694640239e-01,-5.258755277593716748e+00
-5.151819144525060956e+00,-8.755695347018603858e-01,9.530612689671050797e-01,-1.272934303983985327e+00,-8.631340786863772596e-01,-5.258865610051527639e+00
-5.152132777334866631e+00,-8.755696063328717305e-01,9.530463265559886432e-01,-1.272844063912894619e+00,-8.631568544460576087e-01,-5.258975711483798499e+00
-5.152446406956887159e+00,-8.755695274858377175e-01,9.530311229385509675e-01,-1.272753799001457020e+00,-8.631795695732229490e-01,-5.259085576788746330e+00
-5.152760033503566817e+00,-8.755692975056416083e-01,9.530156578735597961e-01,-1.272663513601207441e+00,-8.632022238925908253e-01,-5.259195200864589026e+00
-5.153073657087345438e+00,-8.755689157371664422e-01,9.529999311197832057e-01,-1.272573212063681680e+00,-8.632248172288790045e-01,-5.259304578609548919e+00
-5.153387277820669965e+00,-8.755683815252953694e-01,9.529839424359882738e-01,-1.272482898740414425e+00,-8.632473494068052533e-01,-5.259413704921843902e+00
-5.153700895815980232e+00,-8.755676942149114295e-01,9.529676915809434101e-01,-1.272392577982941475e+00,-8.632698202510870056e-01,-5.259522574699690978e+00
-5.154014511185722291e+00,-8.755668531508976615e-01,9.529511783134160252e-01,-1.272302254142798184e+00,-8.632922295864419171e-01,-5.259631182841308927e+00
-5.154328124042336867e+00,-8.755658576781371050e-01,9.529344023921735296e-01,-1.272211931571519239e+00,-8.633145772375878657e-01,-5.259739524244920084e+00
-5.154641734498113692e+00,-8.755647071418843908e-01,9.529173635768847239e-01,-1.272121614622629959e+00,-8.633368630291712309e-01,-5.259847593806981081e+00
-5.154955342644745642e+00,-8.755634009366088932e-01,9.529000617466141243e-01,-1.272031307913443321e+00,-8.633590867763906163e-01,-5.259955386190849680e+00
-5.155268948532926387e+00,-8.755619385547650513e-01,9.528824970181377640e-01,-1.271941016586453310e+00,-8.633812482756352269e-01,-5.260062895595788213e+00
-5.155582552208495706e+00,-8.755603195004078021e-01,9.528646695363730545e-01,-1.271850745846330843e+00,-8.634033473210672716e-01,-5.260170116166113630e+00
-5.155896153717290709e+00,-8.755585432775914168e-01,9.528465794462379623e-01,-1.271760500897747059e+00,-8.634253837068487369e-01,-5.260277042046141105e+00
-5.156209753105151172e+00,-8.755566093903710545e-01,9.528282268926503429e-01,-1.271670286945371764e+00,-8.634473572271421649e-01,-5.260383667380191142e+00
-5.156523350417916873e+00,-8.755545173428010974e-01,9.528096120205280517e-01,-1.271580109193876318e+00,-8.634692676761093200e-01,-5.260489986312579802e+00
-5.156836945701425812e+00,-8.755522666389363717e-01,9.527907349747889443e-01,-1.271489972847931194e+00,-8.634911148479125220e-01,-5.260595992987625813e+00
-5.157150539001517764e+00,-8.755498567828314815e-01,9.527715959003509871e-01,-1.271399883112207307e+00,-8.635128985367143128e-01,-5.260701681549645237e+00
-5.157464130364030730e+00,-8.755472872785411420e-01,9.527521949421317027e-01,-1.271309845191374910e+00,-8.635346185366763461e-01,-5.260807046142956800e+00
-5.157777719834805374e+00,-8.755445576301200683e-01,9.527325322450492795e-01,-1.271219864290104917e+00,-8.635562746419611635e-01,-5.260912080911875677e+00
-5.158091307459679697e+00,-8.755416673416228646e-01,9.527126079540213510e-01,-1.271129945613068246e+00,-8.635778666467307518e-01,-5.261016780000723259e+00
-5.158404893284492587e+00,-8.755386159171044680e-01,9.526924222139659948e-01,-1.271040094364934925e+00,-8.635993943451475419e-01,-5.261121137553813831e+00
-5.158718477355083820e+00,-8.755354028606191497e-01,9.526719751698007332e-01,-1.270950315750376536e+00,-8.636208575313735203e-01,-5.261225147715465233e+00
-5.159032059717291396e+00,-8.755320276762219578e-01,9.526512669664437549e-01,-1.270860614974062885e+00,-8.636422559995710069e-01,-5.261328804629996192e+00
-5.159345640416955092e+00,-8.755284898679674965e-01,9.526302977488125823e-01,-1.270770997240665112e+00,-8.636635895439019883e-01,-5.261432102441724545e+00
-5.159659219499913796e+00,-8.755247889399103700e-01,9.526090676618252928e-01,-1.270681467754854133e+00,-8.636848579585288954e-01,-5.261535035294965468e+00
-5.159972797012006396e+00,-8.755209243961051824e-01,9.525875768503996310e-01,-1.270592031721300197e+00,-8.637060610376137149e-01,-5.261637597334037686e+00
-5.160286372999071780e+00,-8.755168957406069818e-01,9.525658254594534524e-01,-1.270502694344674000e+00,-8.637271985753188774e-01,-5.261739782703259038e+00
-5.160599947506948837e+00,-8.755127024774700395e-01,9.525438136339047235e-01,-1.270413460829646679e+00,-8.637482703658062588e-01,-5.261841585546947364e+00
-5.160913520581478231e+00,-8.755083441107492925e-01,9.525215415186710777e-01,-1.270324336380888264e+00,-8.637692762032382898e-01,-5.261943000009420501e+00
-5.161227092268496186e+00,-8.755038201444994561e-01,9.524990092586705925e-01,-1.270235326203070114e+00,-8.637902158817770681e-01,-5.262044020234993624e+00
-5.161540662613844255e+00,-8.754991300827751344e-01,9.524762169988210125e-01,-1.270146435500862259e+00,-8.638110891955848025e-01,-5.262144640367985460e+00
-5.161854231663359549e+00,-8.754942734296308204e-01,9.524531648840401932e-01,-1.270057669478935836e+00,-8.638318959388237017e-01,-5.262244854552714735e+00
-5.162167799462880957e+00,-8.754892496891214515e-01,9.524298530592458789e-01,-1.269969033341961762e+00,-8.638526359056559745e-01,-5.262344656933498399e+00
-5.162481366058250032e+00,-8.754840583653018538e-01,9.524062816693561473e-01,-1.269880532294609843e+00,-8.638733088902436075e-01,-5.262444041654652516e+00
-5.162794931495303885e+00,-8.754786989622262983e-01,9.523824508592886318e-01,-1.269792171541551662e+00,-8.638939146867491425e-01,-5.262543002860494923e+00
-5.163108495819882293e+00,-8.754731709839498333e-01,9.523583607739612988e-01,-1.269703956287457025e+00,-8.639144530893345664e-01,-5.262641534695345236e+00
-5.163422059077823256e+00,-8.754674739345268408e-01,9.523340115582918930e-01,-1.269615891736997737e+00,-8.639349238921618657e-01,-5.262739631303519516e+00
-5.163735621314966551e+00,-8.754616073180123692e-01,9.523094033571983807e-01,-1.269527983094843382e+00,-8.639553268893936933e-01,-5.262837286829334715e+00
-5.164049182577151065e+00,-8.754555706384608005e-01,9.522845363155986176e-01,-1.269440235565665542e+00,-8.639756618751919248e-01,-5.262934495417108671e+00
-5.164362742910215687e+00,-8.754493633999269608e-01,9.522594105784102370e-01,-1.269352654354134247e+00,-8.639959286437186581e-01,-5.263031251211159223e+00
-5.164676302359999305e+00,-8.754429851064655654e-01,9.522340262905513164e-01,-1.269265244664920411e+00,-8.640161269891363238e-01,-5.263127548355804208e+00
-5.164989860972342584e+00,-8.754364352621312184e-01,9.522083835969397114e-01,-1.269178011702694953e+00,-8.640362567056070198e-01,-5.263223380995360579e+00
-5.165303418793080859e+00,-8.754297133709786349e-01,9.521824826424931665e-01,-1.269090960672128121e+00,-8.640563175872929547e-01,-5.263318743274145284e+00
-5.165616975868056571e+00,-8.754228189370624191e-01,9.521563235721294260e-01,-1.269004096777890833e+00,-8.640763094283563372e-01,-5.263413629336476163e+00
-5.165930532243107720e+00,-8.754157514644375082e-01,9.521299065307665677e-01,-1.268917425224654005e+00,-8.640962320229591542e-01,-5.263508033326671054e+00
-5.166244087964074083e+00,-8.754085104571583953e-01,9.521032316633223358e-01,-1.268830951217087888e+00,-8.641160851652640584e-01,-5.263601949389047796e+00
-5.166557643076793660e+00,-8.754010954192797955e-01,9.520762991147145859e-01,-1.268744679959863397e+00,-8.641358686494327035e-01,-5.263695371667923339e+00
-5.166871197627104451e+00,-8.753935058548563131e-01,9.520491090298611736e-01,-1.268658616657651006e+00,-8.641555822696276312e-01,-5.263788294307616411e+00
-5.167184751660846231e+00,-8.753857412679429961e-01,9.520216615536799543e-01,-1.268572766515121630e+00,-8.641752258200108283e-01,-5.263880711452442185e+00
-5.167498305223860555e+00,-8.753778011625940048e-01,9.519939568310886724e-01,-1.268487134736945965e+00,-8.641947990947447256e-01,-5.263972617246720276e+00
-5.167811858361982758e+00,-8.753696850428643872e-01,9.519659950070052945e-01,-1.268401726527794926e+00,-8.642143018879911986e-01,-5.264064005834765858e+00
-5.168125411088948518e+00,-8.753613924666328039e-01,9.519377763241396728e-01,-1.268316547109837877e+00,-8.642337340127607126e-01,-5.264154871446481643e+00
-5.168438963290943988e+00,-8.753529232056163067e-01,9.519093014137200992e-01,-1.268231601774769457e+00,-8.642530953569456109e-01,-5.264245208651784580e+00
-5.168752514822481992e+00,-8.753442770846290300e-01,9.518805710034472511e-01,-1.268146895831545828e+00,-8.642723858270316972e-01,-5.264335012105020084e+00
-5.169066065538078014e+00,-8.753354539284852187e-01,9.518515858210209180e-01,-1.268062434589124488e+00,-8.642916053295047751e-01,-5.264424276460530017e+00
-5.169379615292243990e+00,-8.753264535619995623e-01,9.518223465941415551e-01,-1.267978223356462264e+00,-8.643107537708506483e-01,-5.264512996372660680e+00
-5.169693163939495406e+00,-8.753172758099861950e-01,9.517928540505091739e-01,-1.267894267442516210e+00,-8.643298310575554533e-01,-5.264601166495758378e+00
-5.170006711334345084e+00,-8.753079204972592509e-01,9.517631089178243409e-01,-1.267810572156242710e+00,-8.643488370961049938e-01,-5.264688781484165858e+00
-5.170320257331307623e+00,-8.752983874486334193e-01,9.517331119237871784e-01,-1.267727142806599483e+00,-8.643677717929850735e-01,-5.264775835992230313e+00
-5.170633801784897621e+00,-8.752886764889228344e-01,9.517028637960975868e-01,-1.267643984702543358e+00,-8.643866350546816069e-01,-5.264862324674292715e+00
-5.170947344549627900e+00,-8.752787874429419634e-01,9.516723652624563545e-01,-1.267561103153030944e+00,-8.644054267876805087e-01,-5.264948242184700256e+00
-5.171260885480013059e+00,-8.752687201355049407e-01,9.516416170505632710e-01,-1.267478503467019291e+00,-8.644241468984675825e-01,-5.265033583177799237e+00
-5.171574424430567696e+00,-8.752584743914261223e-01,9.516106198881187916e-01,-1.267396190953465451e+00,-8.644427952935289650e-01,-5.265118342307930632e+00
-5.171887961255805521e+00,-8.752480500355200865e-01,9.515793745028230388e-01,-1.267314170921326477e+00,-8.644613718793500157e-01,-5.265202514229443409e+00
-5.172201495810237581e+00,-8.752374468926008566e-01,9.515478816223764680e-01,-1.267232448679558976e+00,-8.644798765624173154e-01,-5.265286093596678541e+00
-5.172515027948382915e+00,-8.752266647874830108e-01,9.515161419744788684e-01,-1.267151029537120444e+00,-8.644983092492162235e-01,-5.265369075063982329e+00
-5.172828557524751680e+00,-8.752157035449807942e-01,9.514841562868311398e-01,-1.267069918802967265e+00,-8.645166698462327659e-01,-5.265451453285699301e+00
-5.173142084393859363e+00,-8.752045629899084522e-01,9.514519252871328492e-01,-1.266989121786056938e+00,-8.645349582599528571e-01,-5.265533222916175760e+00
-5.173455608410218787e+00,-8.751932429470802299e-01,9.514194497030846742e-01,-1.266908643795345846e+00,-8.645531743968625227e-01,-5.265614378609754453e+00
-5.173769129428345437e+00,-8.751817432413109277e-01,9.513867302623866262e-01,-1.266828490139791485e+00,-8.645713181634473443e-01,-5.265694915020781686e+00
-5.174082647302753912e+00,-8.751700636974143466e-01,9.513537676927390496e-01,-1.266748666128350465e+00,-8.645893894661933476e-01,-5.265774826803600206e+00
-5.174396161887955259e+00,-8.751582041402051759e-01,9.513205627218421778e-01,-1.266669177069979835e+00,-8.646073882115865583e-01,-5.265854108612557205e+00
-5.174709673038465851e+00,-8.751461643944975499e-01,9.512871160773960222e-01,-1.266590028273636648e+00,-8.646253143061126689e-01,-5.265932755101996321e+00
-5.175023180608798512e+00,-8.751339442851058248e-01,9.512534284871011492e-01,-1.266511225048277511e+00,-8.646431676562577051e-01,-5.266010760926262968e+00
-5.175336684453468727e+00,-8.751215436368443568e-01,9.512195006786576812e-01,-1.266432772702860143e+00,-8.646609481685073595e-01,-5.266088120739699896e+00
-5.175650184426987543e+00,-8.751089622745276131e-01,9.511853333797657406e-01,-1.266354676546340707e+00,-8.646786557493477687e-01,-5.266164829196654296e+00
-5.175963680383872223e+00,-8.750962000229697280e-01,9.511509273181256718e-01,-1.266276941887676477e+00,-8.646962903052645144e-01,-5.266240880951470693e+00
-5.176277172178634700e+00,-8.750832567069852796e-01,9.511162832214375973e-01,-1.266199574035824282e+00,-8.647138517427438442e-01,-5.266316270658491838e+00
-5.176590659665789573e+00,-8.750701321513881803e-01,9.510814018174019724e-01,-1.266122578299741397e+00,-8.647313399682712287e-01,-5.266390992972064922e+00
-5.176904142699851441e+00,-8.750568261809931192e-01,9.510462838337188085e-01,-1.266045959988384428e+00,-8.647487548883330266e-01,-5.266465042546532693e+00
-5.177217621135333125e+00,-8.750433386206143416e-01,9.510109299980884501e-01,-1.265969724410710429e+00,-8.647660964094147085e-01,-5.266538414036242344e+00
-5.177531094826748337e+00,-8.750296692950659816e-01,9.509753410382111305e-01,-1.265893876875676671e+00,-8.647833644380024110e-01,-5.266611102095535735e+00
-5.177844563628612562e+00,-8.750158180291627286e-01,9.509395176817869721e-01,-1.265818422692239542e+00,-8.648005588805818267e-01,-5.266683101378760945e+00
-5.178158027395438623e+00,-8.750017846477188277e-01,9.509034606565164305e-01,-1.265743367169356537e+00,-8.648176796436389813e-01,-5.266754406540258948e+00
-5.178471485981742006e+00,-8.749875689755484132e-01,9.508671706900995169e-01,-1.265668715615984041e+00,-8.648347266336597894e-01,-5.266825012234376935e+00
-5.178784939242034646e+00,-8.749731708374658412e-01,9.508306485102366867e-01,-1.265594473341079995e+00,-8.648516997571300546e-01,-5.266894913115460319e+00
-5.179098387030831141e+00,-8.749585900582856901e-01,9.507938948446278404e-01,-1.265520645653599896e+00,-8.648685989205355806e-01,-5.266964103837851852e+00
-5.179411829202646977e+00,-8.749438264628220940e-01,9.507569104209735444e-01,-1.265447237862502128e+00,-8.648854240303625041e-01,-5.267032579055897834e+00
-5.179725265611994089e+00,-8.749288798758892982e-01,9.507196959669739211e-01,-1.265374255276742854e+00,-8.649021749930962955e-01,-5.267100333423941905e+00
-5.180038696113387964e+00,-8.749137501223018809e-01,9.506822522103290929e-01,-1.265301703205279349e+00,-8.649188517152234246e-01,-5.267167361596329478e+00
-5.180352120561340534e+00,-8.748984370268739763e-01,9.506445798787394041e-01,-1.265229586957067998e+00,-8.649354541032292509e-01,-5.267233658227406856e+00
-5.180665538810368176e+00,-8.748829404144201627e-01,9.506066796999053103e-01,-1.265157911841066518e+00,-8.649519820635998002e-01,-5.267299217971515901e+00
-5.180978950751669920e+00,-8.748672601166479490e-01,9.505685524128770769e-01,-1.265086683166694037e+00,-8.649684355125869528e-01,-5.267364035494882302e+00
-5.181292356777968955e+00,-8.748513960595001304e-01,9.505301989118700723e-01,-1.265015906249695954e+00,-8.649848144999420230e-01,-5.267428105626141388e+00
-5.181605757645149524e+00,-8.748353482371583612e-01,9.504916202034591199e-01,-1.264945586410396450e+00,-8.650011191720892167e-01,-5.267491423311527754e+00
-5.181919154117214710e+00,-8.748191166453280765e-01,9.504528172967281474e-01,-1.264875728969223401e+00,-8.650173496776106807e-01,-5.267553983499906778e+00
-5.182232546958159602e+00,-8.748027012797146007e-01,9.504137912007611932e-01,-1.264806339246604239e+00,-8.650335061650891166e-01,-5.267615781140142950e+00
-5.182545936931981956e+00,-8.747861021360234801e-01,9.503745429246421850e-01,-1.264737422562965508e+00,-8.650495887831070041e-01,-5.267676811181099872e+00
-5.182859324802682188e+00,-8.747693192099599280e-01,9.503350734774548281e-01,-1.264668984238735305e+00,-8.650655976802468228e-01,-5.267737068571640258e+00
-5.183172711334256277e+00,-8.747523524972293796e-01,9.502953838682834942e-01,-1.264601029594340398e+00,-8.650815330050910523e-01,-5.267796548260628597e+00
-5.183486097290703754e+00,-8.747352019935373812e-01,9.502554751062117777e-01,-1.264533563950208217e+00,-8.650973949062223944e-01,-5.267855245196930269e+00
-5.183799483436023259e+00,-8.747178676945891462e-01,9.502153482003238283e-01,-1.264466592626766639e+00,-8.651131835322229957e-01,-5.267913154329408876e+00
-5.184112870534211659e+00,-8.747003495960902208e-01,9.501750041597033514e-01,-1.264400120944441985e+00,-8.651288990316756689e-01,-5.267970270606926242e+00
-5.184426259349268484e+00,-8.746826476937458184e-01,9.501344439934344965e-01,-1.264334154223662354e+00,-8.651445415531628935e-01,-5.268026588978346858e+00
-5.184739650645189712e+00,-8.746647619832614851e-01,9.500936687106013023e-01,-1.264268697784854734e+00,-8.651601112452670383e-01,-5.268082104392536102e+00
-5.185053045185974874e+00,-8.746466924603425452e-01,9.500526793202873632e-01,-1.264203756948446555e+00,-8.651756082565708050e-01,-5.268136811798357577e+00
-5.185366443735622610e+00,-8.746284391206945452e-01,9.500114768315770508e-01,-1.264139337034865029e+00,-8.651910327356562291e-01,-5.268190706144673996e+00
-5.185679847058128900e+00,-8.746100019600225872e-01,9.499700622535538486e-01,-1.264075443364537144e+00,-8.652063848311065675e-01,-5.268243782380349849e+00
-5.185993255917495937e+00,-8.745913809740324396e-01,9.499284365953022391e-01,-1.264012081257890774e+00,-8.652216646915036335e-01,-5.268296035454250514e+00
-5.186306671077717922e+00,-8.745725761584292046e-01,9.498866008659057059e-01,-1.263949256035352908e+00,-8.652368724654302401e-01,-5.268347460315237818e+00
-5.186620093302794388e+00,-8.745535875089184286e-01,9.498445560744482874e-01,-1.263886973017350757e+00,-8.652520083014690888e-01,-5.268398051912177138e+00
-5.186933523356723974e+00,-8.745344150212054357e-01,9.498023032300140223e-01,-1.263825237524312195e+00,-8.652670723482022153e-01,-5.268447805193931188e+00
-5.187246962003505324e+00,-8.745150586909956614e-01,9.497598433416870600e-01,-1.263764054876663767e+00,-8.652820647542126542e-01,-5.268496715109364459e+00
-5.187560410007134415e+00,-8.744955185139944298e-01,9.497171774185508841e-01,-1.263703430394833127e+00,-8.652969856680824412e-01,-5.268544776607340552e+00
-5.187873868131610777e+00,-8.744757944859072873e-01,9.496743064696897552e-01,-1.263643369399247707e+00,-8.653118352383943890e-01,-5.268591984636724845e+00
-5.188187337140933941e+00,-8.744558866024395583e-01,9.496312315041874896e-01,-1.263583877210334716e+00,-8.653266136137309772e-01,-5.268638334146379165e+00
-5.188500817799099885e+00,-8.744357948592965668e-01,9.495879535311282371e-01,-1.263524959148521587e+00,-8.653413209426745745e-01,-5.268683820085169778e+00
-5.188814310870106361e+00,-8.744155192521837483e-01,9.495444735595955921e-01,-1.263466620534235307e+00,-8.653559573738076605e-01,-5.268728437401957621e+00
-5.189127817117954677e+00,-8.743950597768065380e-01,9.495007925986738151e-01,-1.263408866687903087e+00,-8.653705230557129369e-01,-5.268772181045608960e+00
-5.189441337306639923e+00,-8.743744164288703713e-01,9.494569116574466117e-01,-1.263351702929952580e+00,-8.653850181369727723e-01,-5.268815045964986510e+00
-5.189754872200161628e+00,-8.743535892040805724e-01,9.494128317449983534e-01,-1.263295134580810997e+00,-8.653994427661696465e-01,-5.268857027108954760e+00
-5.190068422562518435e+00,-8.743325780981425766e-01,9.493685538704124127e-01,-1.263239166960905768e+00,-8.654137970918862610e-01,-5.268898119426378202e+00
-5.190381989157706322e+00,-8.743113831067617081e-01,9.493240790427729392e-01,-1.263183805390663883e+00,-8.654280812627048736e-01,-5.268938317866119547e+00
-5.190695572749725706e+00,-8.742900042256435134e-01,9.492794082711640824e-01,-1.263129055190512773e+00,-8.654422954272082968e-01,-5.268977617377044176e+00
-5.191009174102574342e+00,-8.742684414504932056e-01,9.492345425646696588e-01,-1.263074921680880092e+00,-8.654564397339786774e-01,-5.269016012908013025e+00
-5.191322793980249983e+00,-8.742466947770162200e-01,9.491894829323735960e-01,-1.263021410182192605e+00,-8.654705143315987170e-01,-5.269053499407894137e+00
-5.191636433146750385e+00,-8.742247642009181030e-01,9.491442303833598215e-01,-1.262968526014877968e+00,-8.654845193686508953e-01,-5.269090071825548449e+00
-5.191950092366073299e+00,-8.742026497179041788e-01,9.490987859267122628e-01,-1.262916274499363167e+00,-8.654984549937178029e-01,-5.269125725109841341e+00
-5.192263772402218258e+00,-8.741803513236797718e-01,9.490531505715149585e-01,-1.262864660956076079e+00,-8.655123213553818085e-01,-5.269160454209635525e+00
-5.192577474019183015e+00,-8.741578690139503172e-01,9.490073253268519471e-01,-1.262813690705443248e+00,-8.655261186022255027e-01,-5.269194254073796380e+00
-5.192891197980965323e+00,-8.741352027844212502e-01,9.489613112018068231e-01,-1.262763369067892549e+00,-8.655398468828314762e-01,-5.269227119651185731e+00
-5.193204945051564714e+00,-8.741123526307978953e-01,9.489151092054637360e-01,-1.262713701363851193e+00,-8.655535063457820977e-01,-5.269259045890669846e+00
-5.193518715994977164e+00,-8.740893185487857986e-01,9.488687203469066134e-01,-1.262664692913746167e+00,-8.655670971396598468e-01,-5.269290027741111437e+00
-5.193832511568118981e+00,-8.740661005399708028e-01,9.488221456374793528e-01,-1.262616348994884730e+00,-8.655806194104491702e-01,-5.269320060203733114e+00
-5.194146332024813795e+00,-8.740426990236382920e-01,9.487753862490406753e-01,-1.262568671821774791e+00,-8.655940731195985727e-01,-5.269349141998695529e+00
-5.194460176790513195e+00,-8.740191151068392728e-01,9.487284436177464420e-01,-1.262521658565844973e+00,-8.656074579247063916e-01,-5.269377277969618412e+00
-5.194774045213416791e+00,-8.739953499607667764e-01,9.486813192044013521e-01,-1.262475305928202785e+00,-8.656207734550340760e-01,-5.269404473531195343e+00
-5.195087936641723303e+00,-8.739714047566135013e-01,9.486340144698101051e-01,-1.262429610609956621e+00,-8.656340193398429639e-01,-5.269430734098119906e+00
-5.195401850423628787e+00,-8.739472806655719239e-01,9.485865308747772895e-01,-1.262384569312213989e+00,-8.656471952083941712e-01,-5.269456065085087459e+00
-5.195715785907333739e+00,-8.739229788588354086e-01,9.485388698801072715e-01,-1.262340178736082841e+00,-8.656603006899491470e-01,-5.269480471906792474e+00
-5.196029742441035104e+00,-8.738985005075962098e-01,9.484910329466048617e-01,-1.262296435582671350e+00,-8.656733354137693404e-01,-5.269503959977930307e+00
-5.196343719372932490e+00,-8.738738467830472478e-01,9.484430215350745375e-01,-1.262253336553087024e+00,-8.656862990091160892e-01,-5.269526534713194543e+00
-5.196657716051222842e+00,-8.738490188563813321e-01,9.483948371063209981e-01,-1.262210878348438037e+00,-8.656991911052506206e-01,-5.269548201527281428e+00
-5.196971731824104879e+00,-8.738240178987913831e-01,9.483464811211488321e-01,-1.262169057669831895e+00,-8.657120113314340504e-01,-5.269568965834881880e+00
-5.197285766039779098e+00,-8.737988450814697661e-01,9.482979550403625169e-01,-1.262127871218377217e+00,-8.657247593169281608e-01,-5.269588833050693921e+00
-5.197599818046439779e+00,-8.737735015756096235e-01,9.482492603247666407e-01,-1.262087315695180845e+00,-8.657374346909939566e-01,-5.269607808589412024e+00
-5.197913887192288307e+00,-8.737479885524035428e-01,9.482003984351660142e-01,-1.262047387801351395e+00,-8.657500370828929981e-01,-5.269625897865727993e+00
-5.198227972825522514e+00,-8.737223071830443333e-01,9.481513708323650036e-01,-1.262008084237997041e+00,-8.657625661218862900e-01,-5.269643106294338075e+00
-5.198542074294340232e+00,-8.736964586387248044e-01,9.481021789771683084e-01,-1.261969401706224847e+00,-8.657750214372355035e-01,-5.269659439289937630e+00
-5.198856190946939293e+00,-8.736704440906378766e-01,9.480528243303806279e-01,-1.261931336907143208e+00,-8.657874026582017546e-01,-5.269674902267220240e+00
-5.199170322131519306e+00,-8.736442647099759151e-01,9.480033083528062177e-01,-1.261893886541860077e+00,-8.657997094140464922e-01,-5.269689500640879487e+00
-5.199484467196278104e+00,-8.736179216679318404e-01,9.479536325052498880e-01,-1.261857047311483182e+00,-8.658119413340309434e-01,-5.269703239825612506e+00
-5.199798625489414405e+00,-8.735914161356986840e-01,9.479037982485162273e-01,-1.261820815917120253e+00,-8.658240980474166681e-01,-5.269716125236111992e+00
-5.200112796359125156e+00,-8.735647492844690332e-01,9.478538070434098239e-01,-1.261785189059879242e+00,-8.658361791834646715e-01,-5.269728162287071527e+00
-5.200426979153609963e+00,-8.735379222854355863e-01,9.478036603507353774e-01,-1.261750163440868544e+00,-8.658481843714364024e-01,-5.269739356393188245e+00
-5.200741173221066660e+00,-8.735109363097911528e-01,9.477533596312974762e-01,-1.261715735761195223e+00,-8.658601132405934209e-01,-5.269749712969155730e+00
-5.201055377909693966e+00,-8.734837925287286531e-01,9.477029063459004865e-01,-1.261681902721968118e+00,-8.658719654201966209e-01,-5.269759237429667564e+00
-5.201369592567688827e+00,-8.734564921134406745e-01,9.476523019553489968e-01,-1.261648661024294071e+00,-8.658837405395076736e-01,-5.269767935189419994e+00
-5.201683816543251737e+00,-8.734290362351200265e-01,9.476015479204478176e-01,-1.261616007369281922e+00,-8.658954382277878059e-01,-5.269775811663105713e+00
-5.201998049184579642e+00,-8.734014260649596295e-01,9.475506457020014262e-01,-1.261583938458038956e+00,-8.659070581142984668e-01,-5.269782872265420082e+00
-5.202312289839871262e+00,-8.733736627741520708e-01,9.474995967608145220e-01,-1.261552450991673568e+00,-8.659185998283007724e-01,-5.269789122411058457e+00
-5.202626537857325317e+00,-8.733457475338900489e-01,9.474484025576916935e-01,-1.261521541671292823e+00,-8.659300629990561715e-01,-5.269794567514714423e+00
-5.202940792585138752e+00,-8.733176815153664840e-01,9.473970645534373070e-01,-1.261491207198005560e+00,-8.659414472558261133e-01,-5.269799212991083337e+00
-5.203255053371511174e+00,-8.732894658897744078e-01,9.473455842088561729e-01,-1.261461444272919064e+00,-8.659527522278716027e-01,-5.269803064254857894e+00
-5.203569319564640416e+00,-8.732611018283059634e-01,9.472939629847528797e-01,-1.261432249597141508e+00,-8.659639775444541998e-01,-5.269806126720735229e+00
-5.203883590512726087e+00,-8.732325905021544044e-01,9.472422023419317938e-01,-1.261403619871780846e+00,-8.659751228348352425e-01,-5.269808405803408036e+00
-5.204197865563964243e+00,-8.732039330825123180e-01,9.471903037411978366e-01,-1.261375551797944361e+00,-8.659861877282759579e-01,-5.269809906917570785e+00
-5.204512144066554491e+00,-8.731751307405725138e-01,9.471382686433553744e-01,-1.261348042076740672e+00,-8.659971718540377950e-01,-5.269810635477920613e+00
-5.204826425368695553e+00,-8.731461846475279120e-01,9.470860985092092177e-01,-1.261321087409277508e+00,-8.660080748413819807e-01,-5.269810596899149324e+00
-5.205140708818585260e+00,-8.731170959745711002e-01,9.470337947995636219e-01,-1.261294684496662377e+00,-8.660188963195700751e-01,-5.269809796595951390e+00
-5.205454993764421445e+00,-8.730878658928946656e-01,9.469813589752233973e-01,-1.261268830040003674e+00,-8.660296359178630832e-01,-5.269808239983023057e+00
-5.205769279554403717e+00,-8.730584955736917507e-01,9.469287924969931325e-01,-1.261243520740408908e+00,-8.660402932655224539e-01,-5.269805932475058796e+00
-5.206083565536729019e+00,-8.730289861881551650e-01,9.468760968256775268e-01,-1.261218753298986028e+00,-8.660508679918096364e-01,-5.269802879486751301e+00
-5.206397851059596071e+00,-8.729993389074771626e-01,9.468232734220808355e-01,-1.261194524416843210e+00,-8.660613597259858576e-01,-5.269799086432797708e+00
-5.206712135471203595e+00,-8.729695549028509971e-01,9.467703237470079802e-01,-1.261170830795088182e+00,-8.660717680973122334e-01,-5.269794558727890710e+00
-5.207026418127493450e+00,-8.729396353457362645e-01,9.467172492581157339e-01,-1.261147669113986236e+00,-8.660820927329729857e-01,-5.269789301808742721e+00
-5.207340698631605314e+00,-8.729095814161169642e-01,9.466640513125746947e-01,-1.261125035388446447e+00,-8.660923331938310543e-01,-5.269783321814938581e+00
-5.207654976879721787e+00,-8.728793943040816794e-01,9.466107311484335263e-01,-1.261102924844625717e+00,-8.661024889621293799e-01,-5.269776625719289953e+00
-5.207969252785019876e+00,-8.728490752003053021e-01,9.465572899968317522e-01,-1.261081332662934429e+00,-8.661125595155506618e-01,-5.269769220542932509e+00
-5.208283526260679253e+00,-8.728186252954629465e-01,9.465037290889093402e-01,-1.261060254023783855e+00,-8.661225443317780437e-01,-5.269761113307002809e+00
-5.208597797219876924e+00,-8.727880457802291714e-01,9.464500496558059250e-01,-1.261039684107585268e+00,-8.661324428884942250e-01,-5.269752311032637415e+00
-5.208912065575791672e+00,-8.727573378452789798e-01,9.463962529286612524e-01,-1.261019618094748607e+00,-8.661422546633825714e-01,-5.269742820740972000e+00
-5.209226331241602281e+00,-8.727265026812871529e-01,9.463423401386151790e-01,-1.261000051165685143e+00,-8.661519791341258934e-01,-5.269732649453141349e+00
-5.209540594130484870e+00,-8.726955414789284715e-01,9.462883125168072285e-01,-1.260980978500805927e+00,-8.661616157784070014e-01,-5.269721804190282910e+00
-5.209854854155619996e+00,-8.726644554288780498e-01,9.462341712943773686e-01,-1.260962395280521786e+00,-8.661711640739090390e-01,-5.269710291973534133e+00
-5.210169111230183780e+00,-8.726332457218106686e-01,9.461799177024653451e-01,-1.260944296685243105e+00,-8.661806234983149277e-01,-5.269698119824030691e+00
-5.210483365267355893e+00,-8.726019135484009981e-01,9.461255529722104596e-01,-1.260926677895381154e+00,-8.661899935293075892e-01,-5.269685294762906480e+00
-5.210797616180315117e+00,-8.725704600993239302e-01,9.460710783347530128e-01,-1.260909534091346984e+00,-8.661992736445699448e-01,-5.269671823811300726e+00
-5.211111863882237571e+00,-8.725388865652546899e-01,9.460164950212324175e-01,-1.260892860453551423e+00,-8.662084633217851382e-01,-5.269657713990348213e+00
-5.211426108286302039e+00,-8.725071941368676143e-01,9.459618042627885304e-01,-1.260876652162404632e+00,-8.662175620386358688e-01,-5.269642972321183727e+00
-5.211740349305688191e+00,-8.724753840048377063e-01,9.459070072905610971e-01,-1.260860904398318327e+00,-8.662265692728053912e-01,-5.269627605824945604e+00
-5.212054586853573923e+00,-8.724434573598401910e-01,9.458521053356898634e-01,-1.260845612341703115e+00,-8.662354845019765159e-01,-5.269611621522770406e+00
-5.212368820843133577e+00,-8.724114153925495163e-01,9.457970996293146859e-01,-1.260830771172969600e+00,-8.662443072038322756e-01,-5.269595026435792917e+00
-5.212683051187551264e+00,-8.723792592936404633e-01,9.457419914025747554e-01,-1.260816376072528833e+00,-8.662530368560552585e-01,-5.269577827585149699e+00
-5.212997277800001328e+00,-8.723469902537882570e-01,9.456867818866104836e-01,-1.260802422220791863e+00,-8.662616729363290524e-01,-5.269560031991977311e+00
-5.213311500593662551e+00,-8.723146094636676784e-01,9.456314723125613941e-01,-1.260788904798169074e+00,-8.662702149223362458e-01,-5.269541646677411428e+00
-5.213625719481713716e+00,-8.722821181139533975e-01,9.455760639115671218e-01,-1.260775818985072183e+00,-8.662786622917599821e-01,-5.269522678662587722e+00
-5.213939934377333607e+00,-8.722495173953203063e-01,9.455205579147675232e-01,-1.260763159961910906e+00,-8.662870145222828500e-01,-5.269503134968643643e+00
-5.214254145193698342e+00,-8.722168084984432967e-01,9.454649555533020111e-01,-1.260750922909096960e+00,-8.662952710915883259e-01,-5.269483022616714862e+00
-5.214568351843987593e+00,-8.721839926139974830e-01,9.454092580583108862e-01,-1.260739103007041173e+00,-8.663034314773589983e-01,-5.269462348627938830e+00
-5.214882554241381030e+00,-8.721510709326570909e-01,9.453534666609335613e-01,-1.260727695436153706e+00,-8.663114951572781219e-01,-5.269441120023449443e+00
-5.215196752299052108e+00,-8.721180446450975676e-01,9.452975825923096709e-01,-1.260716695376846497e+00,-8.663194616090283962e-01,-5.269419343824383262e+00
-5.215510945930183162e+00,-8.720849149419936941e-01,9.452416070835791828e-01,-1.260706098009529263e+00,-8.663273303102927425e-01,-5.269397027051877735e+00
-5.215825135047952976e+00,-8.720516830140200293e-01,9.451855413658817318e-01,-1.260695898514613944e+00,-8.663351007387545266e-01,-5.269374176727068537e+00
-5.216139319565535004e+00,-8.720183500518515762e-01,9.451293866703571744e-01,-1.260686092072510700e+00,-8.663427723720963369e-01,-5.269350799871092228e+00
-5.216453499396112470e+00,-8.719849172461634490e-01,9.450731442281451455e-01,-1.260676673863630359e+00,-8.663503446880013170e-01,-5.269326903505084481e+00
-5.216767674452861492e+00,-8.719513857876300955e-01,9.450168152703851687e-01,-1.260667639068384416e+00,-8.663578171641522774e-01,-5.269302494650182744e+00
-5.217081844648959077e+00,-8.719177568669265188e-01,9.449604010282174338e-01,-1.260658982867183253e+00,-8.663651892782323616e-01,-5.269277580327520916e+00
-5.217396009897584896e+00,-8.718840316747277219e-01,9.449039027327813534e-01,-1.260650700440437699e+00,-8.663724605079244911e-01,-5.269252167558237332e+00
-5.217710170111917733e+00,-8.718502114017082638e-01,9.448473216152167842e-01,-1.260642786968558804e+00,-8.663796303309114766e-01,-5.269226263363465890e+00
-5.218024325205133707e+00,-8.718162972385432585e-01,9.447906589066635830e-01,-1.260635237631957395e+00,-8.663866982248764614e-01,-5.269199874764344926e+00
-5.218338475090412487e+00,-8.717822903759075981e-01,9.447339158382611624e-01,-1.260628047611044522e+00,-8.663936636675022562e-01,-5.269173008782010115e+00
-5.218652619680932858e+00,-8.717481920044758414e-01,9.446770936411496011e-01,-1.260621212086230791e+00,-8.664005261364720045e-01,-5.269145672437597128e+00
-5.218966758889870938e+00,-8.717140033149231026e-01,9.446201935464685340e-01,-1.260614726237926808e+00,-8.664072851094686278e-01,-5.269117872752243414e+00
-5.219280892630405511e+00,-8.716797254979242737e-01,9.445632167853574845e-01,-1.260608585246544067e+00,-8.664139400641749367e-01,-5.269089616747082871e+00
-5.219595020815717135e+00,-8.716453597441539136e-01,9.445061645889565316e-01,-1.260602784292493173e+00,-8.664204904782740746e-01,-5.269060911443252948e+00
-5.219909143358980153e+00,-8.716109072442871364e-01,9.444490381884053098e-01,-1.260597318556184732e+00,-8.664269358294488521e-01,-5.269031763861891982e+00
-5.220223260173376012e+00,-8.715763691889987230e-01,9.443918388148434540e-01,-1.260592183218029794e+00,-8.664332755953823018e-01,-5.269002181024132092e+00
-5.220537371267655935e+00,-8.715417467260383466e-01,9.443345676557033386e-01,-1.260587373620196683e+00,-8.664395092626572259e-01,-5.268972169719999599e+00
-5.220851477161287058e+00,-8.715070407737768310e-01,9.442772256648589435e-01,-1.260582885969227629e+00,-8.664456363654127191e-01,-5.268941735504520274e+00
-5.221165578543629060e+00,-8.714722521742815919e-01,9.442198137184911744e-01,-1.260578716759203965e+00,-8.664516564536086651e-01,-5.268910883521901845e+00
-5.221479676104157086e+00,-8.714373817695691971e-01,9.441623326927276461e-01,-1.260574862484399539e+00,-8.664575690772147176e-01,-5.268879618916069596e+00
-5.221793770532346279e+00,-8.714024304016552147e-01,9.441047834636964176e-01,-1.260571319639089305e+00,-8.664633737862011964e-01,-5.268847946830951479e+00
-5.222107862517667343e+00,-8.713673989125561015e-01,9.440471669075255479e-01,-1.260568084717546888e+00,-8.664690701305383103e-01,-5.268815872410475443e+00
-5.222421952749598084e+00,-8.713322881442876477e-01,9.439894839003429849e-01,-1.260565154214047912e+00,-8.664746576601959349e-01,-5.268783400798567662e+00
-5.222736041917610983e+00,-8.712970989388659770e-01,9.439317353182765657e-01,-1.260562524622865777e+00,-8.664801359251441681e-01,-5.268750537139155199e+00
-5.223050130711178518e+00,-8.712618321383071018e-01,9.438739220374544603e-01,-1.260560192438275218e+00,-8.664855044753533297e-01,-5.268717286576167780e+00
-5.223364219819777610e+00,-8.712264885846271456e-01,9.438160449340046165e-01,-1.260558154154551191e+00,-8.664907628607932955e-01,-5.268683654253531579e+00
-5.223678309932880737e+00,-8.711910691198422318e-01,9.437581048840549824e-01,-1.260556406265967322e+00,-8.664959106314340520e-01,-5.268649645315172769e+00
-5.223992401739963931e+00,-8.711555745859683730e-01,9.437001027637336170e-01,-1.260554945266798788e+00,-8.665009473372460302e-01,-5.268615264905019302e+00
-5.224306495930497896e+00,-8.711200058250214706e-01,9.436420394491683572e-01,-1.260553767651319212e+00,-8.665058725281992169e-01,-5.268580518166999127e+00
-5.224620593193959550e+00,-8.710843636790178701e-01,9.435839158164872620e-01,-1.260552869913803775e+00,-8.665106857542635987e-01,-5.268545410245039307e+00
-5.224934694219823150e+00,-8.710486489899733620e-01,9.435257327418185014e-01,-1.260552248548526544e+00,-8.665153865654093845e-01,-5.268509946283067791e+00
-5.225248799697560287e+00,-8.710128625999040697e-01,9.434674911012895793e-01,-1.260551900049762031e+00,-8.665199745116064500e-01,-5.268474131425009865e+00
-5.225562910316647880e+00,-8.709770053508263388e-01,9.434091917710289987e-01,-1.260551820911784526e+00,-8.665244491428251150e-01,-5.268437970814795257e+00
-5.225877026766558409e+00,-8.709410780847557376e-01,9.433508356271644857e-01,-1.260552007628868987e+00,-8.665288100090354773e-01,-5.268401469596350140e+00
-5.226191149736767017e+00,-8.709050816437087228e-01,9.432924235458240991e-01,-1.260552456695289258e+00,-8.665330566602073015e-01,-5.268364632913601575e+00
-5.226505279916747071e+00,-8.708690168697010847e-01,9.432339564031356760e-01,-1.260553164605320076e+00,-8.665371886463112405e-01,-5.268327465910478402e+00
-5.226819417995972827e+00,-8.708328846047490579e-01,9.431754350752272753e-01,-1.260554127853235951e+00,-8.665412055173169481e-01,-5.268289973730905906e+00
-5.227133564663919429e+00,-8.707966856908687658e-01,9.431168604382270670e-01,-1.260555342933310952e+00,-8.665451068231946330e-01,-5.268252161518812926e+00
-5.227447720610058468e+00,-8.707604209700759990e-01,9.430582333682628882e-01,-1.260556806339820035e+00,-8.665488921139145040e-01,-5.268214034418125635e+00
-5.227761886523865975e+00,-8.707240912843871028e-01,9.429995547414625756e-01,-1.260558514567037047e+00,-8.665525609394464368e-01,-5.268175597572774649e+00
-5.228076063094817094e+00,-8.706876974758179788e-01,9.429408254339542994e-01,-1.260560464109237166e+00,-8.665561128497607513e-01,-5.268136856126681700e+00
-5.228390251012383416e+00,-8.706512403863846394e-01,9.428820463218660075e-01,-1.260562651460694017e+00,-8.665595473948273231e-01,-5.268097815223779179e+00
-5.228704450966040085e+00,-8.706147208581033192e-01,9.428232182813257589e-01,-1.260565073115682555e+00,-8.665628641246163610e-01,-5.268058480007990596e+00
-5.229018663645262244e+00,-8.705781397329899196e-01,9.427643421884613906e-01,-1.260567725568476849e+00,-8.665660625890979629e-01,-5.268018855623247454e+00
-5.229332889739522372e+00,-8.705414978530604531e-01,9.427054189194009615e-01,-1.260570605313351855e+00,-8.665691423382423375e-01,-5.267978947213474150e+00
-5.229647129938296501e+00,-8.705047960603313761e-01,9.426464493502724196e-01,-1.260573708844581642e+00,-8.665721029220193605e-01,-5.267938759922597747e+00
-5.229961384931056223e+00,-8.704680351968181462e-01,9.425874343572038239e-01,-1.260577032656440721e+00,-8.665749438903992408e-01,-5.267898298894547970e+00
-5.230275655407279345e+00,-8.704312161045372198e-01,9.425283748163230113e-01,-1.260580573243203828e+00,-8.665776647933520760e-01,-5.267857569273249219e+00
-5.230589942056436570e+00,-8.703943396255046094e-01,9.424692716037581519e-01,-1.260584327099144808e+00,-8.665802651808479640e-01,-5.267816576202631218e+00
-5.230904245568002153e+00,-8.703574066017363275e-01,9.424101255956370826e-01,-1.260588290718538618e+00,-8.665827446028567804e-01,-5.267775324826621031e+00
-5.231218566631453015e+00,-8.703204178752484976e-01,9.423509376680876404e-01,-1.260592460595659103e+00,-8.665851026093489562e-01,-5.267733820289144830e+00
-5.231532905936260747e+00,-8.702833742880570211e-01,9.422917086972383283e-01,-1.260596833224781443e+00,-8.665873387502943670e-01,-5.267692067734130568e+00
-5.231847264171900491e+00,-8.702462766821781326e-01,9.422324395592166502e-01,-1.260601405100179484e+00,-8.665894525756633326e-01,-5.267650072305506193e+00
-5.232161642027845616e+00,-8.702091258996277334e-01,9.421731311301508871e-01,-1.260606172716127960e+00,-8.665914436354257289e-01,-5.267607839147197879e+00
-5.232476040193571265e+00,-8.701719227824219471e-01,9.421137842861688760e-01,-1.260611132566901382e+00,-8.665933114795516534e-01,-5.267565373403133577e+00
-5.232790459358551693e+00,-8.701346681725771193e-01,9.420543999033984539e-01,-1.260616281146774043e+00,-8.665950556580113151e-01,-5.267522680217242126e+00
-5.233104900212259381e+00,-8.700973629121087072e-01,9.419949788579677907e-01,-1.260621614950020231e+00,-8.665966757207747007e-01,-5.267479764733447034e+00
-5.233419363444170358e+00,-8.700600078430333895e-01,9.419355220260049455e-01,-1.260627130470914903e+00,-8.665981712178119079e-01,-5.267436632095678917e+00
-5.233733849743752664e+00,-8.700226038073679558e-01,9.418760302836394205e-01,-1.260632824203729019e+00,-8.665995416990918132e-01,-5.267393287447870165e+00
-5.234048359570864228e+00,-8.699851517011213398e-01,9.418165045810613645e-01,-1.260638692517262571e+00,-8.666007866568071760e-01,-5.267349736162119100e+00
-5.234362892544723422e+00,-8.699476526179725777e-01,9.417569461396068098e-01,-1.260644731320945233e+00,-8.666019053716247367e-01,-5.267305984445875389e+00
-5.234677448092218910e+00,-8.699101076968256407e-01,9.416973562426470545e-01,-1.260650936419106971e+00,-8.666028970758161698e-01,-5.267262038697707816e+00
-5.234992025640238467e+00,-8.698725180765848330e-01,9.416377361735536189e-01,-1.260657303616077973e+00,-8.666037610016531501e-01,-5.267217905316188720e+00
-5.235306624615670756e+00,-8.698348848961540147e-01,9.415780872156982451e-01,-1.260663828716187762e+00,-8.666044963814070190e-01,-5.267173590699889552e+00
-5.235621244445404443e+00,-8.697972092944376010e-01,9.415184106524523422e-01,-1.260670507523766526e+00,-8.666051024473494513e-01,-5.267129101247376433e+00
-5.235935884556328190e+00,-8.697594924103396741e-01,9.414587077671877635e-01,-1.260677335843143565e+00,-8.666055784317520105e-01,-5.267084443357221701e+00
-5.236250544375327998e+00,-8.697217353827642050e-01,9.413989798432758072e-01,-1.260684309478649734e+00,-8.666059235668861493e-01,-5.267039623427997697e+00
-5.236565223329295193e+00,-8.696839393506154980e-01,9.413392281640881043e-01,-1.260691424234614111e+00,-8.666061370850235424e-01,-5.266994647858271428e+00
-5.236879920845114000e+00,-8.696461054527976353e-01,9.412794540129963972e-01,-1.260698675915366884e+00,-8.666062182184358642e-01,-5.266949523046615234e+00
-5.237194636349675747e+00,-8.696082348282146990e-01,9.412196586733719839e-01,-1.260706060325238242e+00,-8.666061661993942344e-01,-5.266904255391597012e+00
-5.237509369269869097e+00,-8.695703286157711043e-01,9.411598434285866066e-01,-1.260713573268557708e+00,-8.666059802601706608e-01,-5.266858851291789989e+00
-5.237824119032579162e+00,-8.695323879543706003e-01,9.411000095620116745e-01,-1.260721210549655469e+00,-8.666056596330363737e-01,-5.266813317145762952e+00
-5.238138885064695494e+00,-8.694944139829174912e-01,9.410401583570190409e-01,-1.260728967972860826e+00,-8.666052035502633810e-01,-5.266767659352086461e+00
-5.238453666793107644e+00,-8.694564078403160812e-01,9.409802910969798928e-01,-1.260736841342504411e+00,-8.666046112441228022e-01,-5.266721884309331081e+00
-5.238768463644703388e+00,-8.694183706654702304e-01,9.409204090652661945e-01,-1.260744826462915746e+00,-8.666038819468863119e-01,-5.266675998416065596e+00
-5.239083275046370503e+00,-8.693803035972842430e-01,9.408605135452492441e-01,-1.260752919138424799e+00,-8.666030148908255848e-01,-5.266630008070862345e+00
-5.239398100424996763e+00,-8.693422077746623122e-01,9.408006058203006727e-01,-1.260761115173361535e+00,-8.666020093082120734e-01,-5.266583919672289227e+00
-5.239712939207470832e+00,-8.693040843365084092e-01,9.407406871737921117e-01,-1.260769410372055921e+00,-8.666008644313173415e-01,-5.266537739618919467e+00
-5.240027790820680487e+00,-8.692659344217268380e-01,9.406807588890951921e-01,-1.260777800538837479e+00,-8.665995794924129525e-01,-5.266491474309320076e+00
-5.240342654691514390e+00,-8.692277591692217920e-01,9.406208222495813231e-01,-1.260786281478036397e+00,-8.665981537237705812e-01,-5.266445130142064279e+00
-5.240657530246861207e+00,-8.691895597178970201e-01,9.405608785386220250e-01,-1.260794848993982864e+00,-8.665965863576615691e-01,-5.266398713515720864e+00
-5.240972416913607823e+00,-8.691513372066570486e-01,9.405009290395890398e-01,-1.260803498891006180e+00,-8.665948766263577019e-01,-5.266352230828859504e+00
-5.241287314118643792e+00,-8.691130927744058488e-01,9.404409750358538878e-01,-1.260812226973436534e+00,-8.665930237621304322e-01,-5.266305688480050762e+00
-5.241602221288856889e+00,-8.690748275600476136e-01,9.403810178107880891e-01,-1.260821029045603670e+00,-8.665910269972512125e-01,-5.266259092867866087e+00
-5.241917137851135777e+00,-8.690365427024864253e-01,9.403210586477633859e-01,-1.260829900911837997e+00,-8.665888855639917177e-01,-5.266212450390876043e+00
-5.242232063232367345e+00,-8.689982393406265881e-01,9.402610988301511874e-01,-1.260838838376468596e+00,-8.665865986946235111e-01,-5.266165767447648527e+00
-5.242546996859440256e+00,-8.689599186133720732e-01,9.402011396413230138e-01,-1.260847837243826319e+00,-8.665841656214181565e-01,-5.266119050436754989e+00
-5.242861938159243174e+00,-8.689215816596272957e-01,9.401411823646503851e-01,-1.260856893318240246e+00,-8.665815855766472176e-01,-5.266072305756765992e+00
-5.243176886558663874e+00,-8.688832296182957826e-01,9.400812282835052658e-01,-1.260866002404040564e+00,-8.665788577925821468e-01,-5.266025539806252098e+00
-5.243491841484591909e+00,-8.688448636282823934e-01,9.400212786812588428e-01,-1.260875160305557685e+00,-8.665759815014946188e-01,-5.265978758983782981e+00
-5.243806802363915054e+00,-8.688064848284907660e-01,9.399613348412827474e-01,-1.260884362827120464e+00,-8.665729559356561973e-01,-5.265931969687927428e+00
-5.244121768623520197e+00,-8.687680943578250936e-01,9.399013980469484997e-01,-1.260893605773059756e+00,-8.665697803273383348e-01,-5.265885178317259552e+00
-5.244436739690295113e+00,-8.687296933551899025e-01,9.398414695816278419e-01,-1.260902884947704861e+00,-8.665664539088127061e-01,-5.265838391270347252e+00
-5.244751714991130243e+00,-8.686912829594889418e-01,9.397815507286924053e-01,-1.260912196155386189e+00,-8.665629759123508746e-01,-5.265791614945760202e+00
-5.245066693952912473e+00,-8.686528643096265156e-01,9.397216427715135989e-01,-1.260921535200432819e+00,-8.665593455702241821e-01,-5.265744855742068076e+00
-5.245381676002531357e+00,-8.686144385445068172e-01,9.396617469934629430e-01,-1.260930897887175606e+00,-8.665555621147045251e-01,-5.265698120057844100e+00
-5.245696660566872893e+00,-8.685760068030337067e-01,9.396018646779120687e-01,-1.260940280019943849e+00,-8.665516247780630232e-01,-5.265651414291657062e+00
-5.246011647072826634e+00,-8.685375702241117102e-01,9.395419971082326072e-01,-1.260949677403067737e+00,-8.665475327925716842e-01,-5.265604744842077523e+00
-5.246326634947281242e+00,-8.684991299466445769e-01,9.394821455677959676e-01,-1.260959085840877014e+00,-8.665432853905018495e-01,-5.265558118107672492e+00
-5.246641623617122718e+00,-8.684606871095367220e-01,9.394223113399740033e-01,-1.260968501137701869e+00,-8.665388818041251939e-01,-5.265511540487016973e+00
-5.246956612509242390e+00,-8.684222428516922276e-01,9.393624957081380122e-01,-1.260977919097871602e+00,-8.665343212657130589e-01,-5.265465018378679751e+00
-5.247271601050526257e+00,-8.683837983120153980e-01,9.393026999556596257e-01,-1.260987335525716624e+00,-8.665296030075372302e-01,-5.265418558181229614e+00
-5.247586588667863872e+00,-8.683453546294099823e-01,9.392429253659105859e-01,-1.260996746225566678e+00,-8.665247262618691604e-01,-5.265372166293238010e+00
-5.247901574788142121e+00,-8.683069129427803956e-01,9.391831732222621909e-01,-1.261006147001751732e+00,-8.665196902609803020e-01,-5.265325849113274614e+00
-5.248216558838249668e+00,-8.682684743910304981e-01,9.391234448080861830e-01,-1.261015533658601528e+00,-8.665144942371423298e-01,-5.265279613039910878e+00
-5.248531540245075178e+00,-8.682300401130649270e-01,9.390637414067540822e-01,-1.261024902000445813e+00,-8.665091374226270293e-01,-5.265233464471715585e+00
-5.248846518435507313e+00,-8.681916112477874314e-01,9.390040643016374089e-01,-1.261034247831615218e+00,-8.665036190497054092e-01,-5.265187409807260188e+00
-5.249161492836432963e+00,-8.681531889341020936e-01,9.389444147761080162e-01,-1.261043566956439044e+00,-8.664979383506495880e-01,-5.265141455445114360e+00
-5.249476462874740790e+00,-8.681147743109134396e-01,9.388847941135370911e-01,-1.261052855179247034e+00,-8.664920945577307965e-01,-5.265095607783848664e+00
-5.249791427977320346e+00,-8.680763685171254407e-01,9.388252035972962650e-01,-1.261062108304369600e+00,-8.664860869032207091e-01,-5.265049873222032772e+00
-5.250106387571056743e+00,-8.680379726916419569e-01,9.387656445107573910e-01,-1.261071322136136486e+00,-8.664799146193907786e-01,-5.265004258158236361e+00
-5.250421341082841309e+00,-8.679995879733676256e-01,9.387061181372917673e-01,-1.261080492478877213e+00,-8.664735769385126796e-01,-5.264958768991032656e+00
-5.250736287939560931e+00,-8.679612155012059738e-01,9.386466257602710250e-01,-1.261089615136921971e+00,-8.664670730928580866e-01,-5.264913412118988667e+00
-5.251051227568103386e+00,-8.679228564140617497e-01,9.385871686630669064e-01,-1.261098685914600948e+00,-8.664604023146982303e-01,-5.264868193940676733e+00
-5.251366159395360000e+00,-8.678845118508387024e-01,9.385277481290505985e-01,-1.261107700616243665e+00,-8.664535638363048964e-01,-5.264823120854664751e+00
-5.251681082848214110e+00,-8.678461829504411362e-01,9.384683654415940657e-01,-1.261116655046180091e+00,-8.664465568899495374e-01,-5.264778199259525948e+00
-5.251995997353556156e+00,-8.678078708517732442e-01,9.384090218840687170e-01,-1.261125545008740190e+00,-8.664393807079039389e-01,-5.264733435553829111e+00
-5.252310902338275689e+00,-8.677695766937389976e-01,9.383497187398459616e-01,-1.261134366308253707e+00,-8.664320345224392206e-01,-5.264688836136143912e+00
-5.252625797229258708e+00,-8.677313016152425895e-01,9.382904572922976527e-01,-1.261143114749051053e+00,-8.664245175658273901e-01,-5.264644407405041804e+00
-5.252940681453394767e+00,-8.676930467551882131e-01,9.382312388247951995e-01,-1.261151786135461306e+00,-8.664168290703399000e-01,-5.264600155759091571e+00
-5.253255554437572528e+00,-8.676548132524799506e-01,9.381720646207102332e-01,-1.261160376271815098e+00,-8.664089682682479809e-01,-5.264556087596865552e+00
-5.253570415608678879e+00,-8.676166022460219951e-01,9.381129359634143849e-01,-1.261168880962441730e+00,-8.664009343918236405e-01,-5.264512209316932534e+00
-5.253885264393602483e+00,-8.675784148747184288e-01,9.380538541362789529e-01,-1.261177296011671833e+00,-8.663927266733382204e-01,-5.264468527317862190e+00
-5.254200100219232006e+00,-8.675402522774734448e-01,9.379948204226756792e-01,-1.261185617223834710e+00,-8.663843443450632842e-01,-5.264425047998227747e+00
-5.254514922512454334e+00,-8.675021155931912364e-01,9.379358361059763061e-01,-1.261193840403260102e+00,-8.663757866392702844e-01,-5.264381777756596215e+00
-5.254829730700159907e+00,-8.674640059607758857e-01,9.378769024695522427e-01,-1.261201961354278867e+00,-8.663670527882310068e-01,-5.264338722991539932e+00
-5.255144524209235612e+00,-8.674259245191313639e-01,9.378180207967748983e-01,-1.261209975881219636e+00,-8.663581420242169040e-01,-5.264295890101626796e+00
-5.255459302466568339e+00,-8.673878724071620860e-01,9.377591923710161259e-01,-1.261217879788413265e+00,-8.663490535794995395e-01,-5.264253285485429146e+00
-5.255774064899049414e+00,-8.673498507637720234e-01,9.377004184756473348e-01,-1.261225668880189277e+00,-8.663397866863503660e-01,-5.264210915541517544e+00
-5.256088810933564837e+00,-8.673118607278654801e-01,9.376417003940401562e-01,-1.261233338960877637e+00,-8.663303405770411691e-01,-5.264168786668460776e+00
-5.256403539997002383e+00,-8.672739034383463164e-01,9.375830394095659992e-01,-1.261240885834808090e+00,-8.663207144838434015e-01,-5.264126905264829404e+00
-5.256718251516251605e+00,-8.672359800341189473e-01,9.375244368055967170e-01,-1.261248305306311046e+00,-8.663109076390284047e-01,-5.264085277729194878e+00
-5.257032944918201167e+00,-8.671980916540873441e-01,9.374658938655037188e-01,-1.261255593179716028e+00,-8.663009192748681864e-01,-5.264043910460126874e+00
-5.257347619629737068e+00,-8.671602394371558109e-01,9.374074118726585247e-01,-1.261262745259352558e+00,-8.662907486236338661e-01,-5.264002809856194176e+00
-5.257662275077749747e+00,-8.671224245222282079e-01,9.373489921104327660e-01,-1.261269757349551268e+00,-8.662803949175972296e-01,-5.263961982315968235e+00
-5.257976910689126093e+00,-8.670846480482090612e-01,9.372906358621981848e-01,-1.261276625254641459e+00,-8.662698573890298404e-01,-5.263921434238020503e+00
-5.258291525890755658e+00,-8.670469111540021201e-01,9.372323444113258573e-01,-1.261283344778953763e+00,-8.662591352702032621e-01,-5.263881172020919763e+00
-5.258606120109525328e+00,-8.670092149785117996e-01,9.371741190411878586e-01,-1.261289911726817259e+00,-8.662482277933889474e-01,-5.263841202063235691e+00
-5.258920692772323768e+00,-8.669715606606421821e-01,9.371159610351555980e-01,-1.261296321902562356e+00,-8.662371341908583489e-01,-5.263801530763540626e+00
-5.259235243306038754e+00,-8.669339493392972384e-01,9.370578716766005956e-01,-1.261302571110518578e+00,-8.662258536948834742e-01,-5.263762164520403353e+00
-5.259549771137559837e+00,-8.668963821533812730e-01,9.369998522488943715e-01,-1.261308655155016334e+00,-8.662143855377353319e-01,-5.263723109732393546e+00
-5.259864275693773017e+00,-8.668588602417984790e-01,9.369419040354085570e-01,-1.261314569840385147e+00,-8.662027289516858186e-01,-5.263684372798083544e+00
-5.260178756401568734e+00,-8.668213847434529384e-01,9.368840283195148944e-01,-1.261320310970954983e+00,-8.661908831690066091e-01,-5.263645960116041245e+00
-5.260493212687832987e+00,-8.667839567972486226e-01,9.368262263845846816e-01,-1.261325874351055809e+00,-8.661788474219688228e-01,-5.263607878084839875e+00
-5.260807644037424957e+00,-8.667465774438315451e-01,9.367684994051251879e-01,-1.261331256165146852e+00,-8.661666210328392568e-01,-5.263570132490708708e+00
-5.261122050489066559e+00,-8.667092467850028292e-01,9.367108475154612979e-01,-1.261336456229768199e+00,-8.661542041837722028e-01,-5.263532723269093161e+00
-5.261436432389028361e+00,-8.666719644012593760e-01,9.366532702723439074e-01,-1.261341476378215365e+00,-8.661415975343851326e-01,-5.263495647106711139e+00
-5.261750790086867191e+00,-8.666347298675206590e-01,9.365957672263446332e-01,-1.261346318465361493e+00,-8.661288017494035429e-01,-5.263458900655528794e+00
-5.262065123932145205e+00,-8.665975427587058189e-01,9.365383379280348697e-01,-1.261350984346080173e+00,-8.661158174935535969e-01,-5.263422480567503392e+00
-5.262379434274419232e+00,-8.665604026497342183e-01,9.364809819279861225e-01,-1.261355475875244325e+00,-8.661026454315610135e-01,-5.263386383494600196e+00
-5.262693721463247876e+00,-8.665233091155252199e-01,9.364236987767701192e-01,-1.261359794907727316e+00,-8.660892862281514004e-01,-5.263350606088781802e+00
-5.263007985848191517e+00,-8.664862617309978532e-01,9.363664880249578104e-01,-1.261363943298402512e+00,-8.660757405480506987e-01,-5.263315145002007256e+00
-5.263322227778808760e+00,-8.664492600710718140e-01,9.363093492231210346e-01,-1.261367922902143945e+00,-8.660620090559849604e-01,-5.263279996886240930e+00
-5.263636447604657320e+00,-8.664123037106662428e-01,9.362522819218310755e-01,-1.261371735573823649e+00,-8.660480924166797934e-01,-5.263245158393443646e+00
-5.263950645675297579e+00,-8.663753922247001693e-01,9.361952856716595495e-01,-1.261375383168315656e+00,-8.660339912948611385e-01,-5.263210626175578888e+00
-5.264264822340286365e+00,-8.663385251880934002e-01,9.361383600231779623e-01,-1.261378867540493776e+00,-8.660197063552548258e-01,-5.263176396884607477e+00
-5.264578977949184946e+00,-8.663017021757648539e-01,9.360815045269575974e-01,-1.261382190545230486e+00,-8.660052382625863521e-01,-5.263142467172492900e+00
-5.264893112851552814e+00,-8.662649227626340043e-01,9.360247187335699603e-01,-1.261385354037399376e+00,-8.659905876815819914e-01,-5.263108833691195088e+00
-5.265207227396946799e+00,-8.662281865236199918e-01,9.359680021935867789e-01,-1.261388359871873810e+00,-8.659757552769674627e-01,-5.263075493092677526e+00
-5.265521321934926391e+00,-8.661914930336421792e-01,9.359113544575792254e-01,-1.261391209903527599e+00,-8.659607417134682628e-01,-5.263042442028902812e+00
-5.265835396815051972e+00,-8.661548418676201511e-01,9.358547750761188055e-01,-1.261393905987233444e+00,-8.659455476558108877e-01,-5.263009677151831767e+00
-5.266149452386879481e+00,-8.661182326004728260e-01,9.357982635997769139e-01,-1.261396449977864709e+00,-8.659301737687203904e-01,-5.262977195113426987e+00
-5.266463488999971077e+00,-8.660816648071195667e-01,9.357418195791252780e-01,-1.261398843730294983e+00,-8.659146207169231557e-01,-5.262944992565650182e+00
-5.266777507003884473e+00,-8.660451380624799578e-01,9.356854425647352924e-01,-1.261401089099397632e+00,-8.658988891651449027e-01,-5.262913066160463060e+00
-5.267091506748177387e+00,-8.660086519414729178e-01,9.356291321071784628e-01,-1.261403187940045578e+00,-8.658829797781112392e-01,-5.262881412549828219e+00
-5.267405488582411088e+00,-8.659722060190179205e-01,9.355728877570258506e-01,-1.261405142107112409e+00,-8.658668932205482172e-01,-5.262850028385710033e+00
-5.267719452856143292e+00,-8.659357998700343284e-01,9.355167090648494055e-01,-1.261406953455471713e+00,-8.658506301571814445e-01,-5.262818910320066657e+00
-5.268033399918933490e+00,-8.658994330694413932e-01,9.354605955812205220e-01,-1.261408623839996634e+00,-8.658341912527369733e-01,-5.262788055004861576e+00
-5.268347330120338512e+00,-8.658631051921582555e-01,9.354045468567103727e-01,-1.261410155115560539e+00,-8.658175771719407443e-01,-5.262757459092057388e+00
-5.268661243809919625e+00,-8.658268158131045000e-01,9.353485624418909072e-01,-1.261411549137036126e+00,-8.658007885795182546e-01,-5.262727119233615802e+00
-5.268975141337235435e+00,-8.657905645071993783e-01,9.352926418873330761e-01,-1.261412807759297650e+00,-8.657838261401953339e-01,-5.262697032081500303e+00
-5.269289023051843657e+00,-8.657543508493620310e-01,9.352367847436088288e-01,-1.261413932837218033e+00,-8.657666905186981454e-01,-5.262667194287669936e+00
-5.269602889303305560e+00,-8.657181744145118207e-01,9.351809905612892271e-01,-1.261414926225670863e+00,-8.657493823797521859e-01,-5.262637602504088186e+00
-5.269916740441177971e+00,-8.656820347775678881e-01,9.351252588909458874e-01,-1.261415789779528618e+00,-8.657319023880835074e-01,-5.262608253382717649e+00
-5.270230576815021273e+00,-8.656459315134499288e-01,9.350695892831503153e-01,-1.261416525353665552e+00,-8.657142512084178287e-01,-5.262579143575520924e+00
-5.270544398774393180e+00,-8.656098641970768615e-01,9.350139812884739055e-01,-1.261417134802954809e+00,-8.656964295054809799e-01,-5.262550269734458830e+00
-5.270858206668853185e+00,-8.655738324033682707e-01,9.349584344574882744e-01,-1.261417619982269755e+00,-8.656784379439989019e-01,-5.262521628511493965e+00
-5.271172000847959005e+00,-8.655378357072434081e-01,9.349029483407649277e-01,-1.261417982746483091e+00,-8.656602771886972025e-01,-5.262493216558588038e+00
-5.271485781661272796e+00,-8.655018736836211923e-01,9.348475224888750379e-01,-1.261418224950469069e+00,-8.656419479043018228e-01,-5.262465030527703647e+00
-5.271799549458350498e+00,-8.654659459074214301e-01,9.347921564523902216e-01,-1.261418348449100391e+00,-8.656234507555387037e-01,-5.262437067070801611e+00
-5.272113304588752491e+00,-8.654300519535631508e-01,9.347368497818820954e-01,-1.261418355097250421e+00,-8.656047864071335640e-01,-5.262409322839845416e+00
-5.272427047402036493e+00,-8.653941913969657174e-01,9.346816020279219428e-01,-1.261418246749792749e+00,-8.655859555238121228e-01,-5.262381794486795883e+00
-5.272740778247763771e+00,-8.653583638125486033e-01,9.346264127410813805e-01,-1.261418025261600517e+00,-8.655669587703005430e-01,-5.262354478663617385e+00
-5.273054497475491154e+00,-8.653225687752306161e-01,9.345712814719316919e-01,-1.261417692487547093e+00,-8.655477968113242104e-01,-5.262327372022268968e+00
-5.273368205434778133e+00,-8.652868058599316736e-01,9.345162077710444937e-01,-1.261417250282506064e+00,-8.655284703116091771e-01,-5.262300471214715891e+00
-5.273681902475182426e+00,-8.652510746415706944e-01,9.344611911889911804e-01,-1.261416700501350352e+00,-8.655089799358816061e-01,-5.262273772892917201e+00
-5.273995588946267077e+00,-8.652153746950669300e-01,9.344062312763431466e-01,-1.261416044998953767e+00,-8.654893263488666610e-01,-5.262247273708835493e+00
-5.274309265197586249e+00,-8.651797055953399651e-01,9.343513275836721199e-01,-1.261415285630188787e+00,-8.654695102152906161e-01,-5.262220970314435142e+00
-5.274622931578701213e+00,-8.651440669173089404e-01,9.342964796615493839e-01,-1.261414424249929667e+00,-8.654495321998791901e-01,-5.262194859361675192e+00
-5.274936588439171459e+00,-8.651084582358931074e-01,9.342416870605463330e-01,-1.261413462713049327e+00,-8.654293929673582131e-01,-5.262168937502520016e+00
-5.275250236128554704e+00,-8.650728791260118289e-01,9.341869493312346950e-01,-1.261412402874421357e+00,-8.654090931824536259e-01,-5.262143201388930436e+00
-5.275563874996410441e+00,-8.650373291625845784e-01,9.341322660241857534e-01,-1.261411246588918456e+00,-8.653886335098908145e-01,-5.262117647672868159e+00
-5.275877505392297273e+00,-8.650018079205301635e-01,9.340776366899707917e-01,-1.261409995711414433e+00,-8.653680146143962748e-01,-5.262092273006296672e+00
-5.276191127665773806e+00,-8.649663149747685020e-01,9.340230608791616485e-01,-1.261408652096782657e+00,-8.653472371606952818e-01,-5.262067074041176795e+00
-5.276504742166400419e+00,-8.649308499002184014e-01,9.339685381423296073e-01,-1.261407217599896491e+00,-8.653263018135138873e-01,-5.262042047429472014e+00
-5.276818349243735717e+00,-8.648954122717995574e-01,9.339140680300462849e-01,-1.261405694075629080e+00,-8.653052092375781434e-01,-5.262017189823144037e+00
-5.277131949247336529e+00,-8.648600016644308885e-01,9.338596500928828537e-01,-1.261404083378853569e+00,-8.652839600976134360e-01,-5.261992497874152797e+00
-5.277445542526765010e+00,-8.648246176530319795e-01,9.338052838814111523e-01,-1.261402387364443545e+00,-8.652625550583458169e-01,-5.261967968234462667e+00
-5.277759129431577101e+00,-8.647892598125217489e-01,9.337509689462022422e-01,-1.261400607887272596e+00,-8.652409947845011162e-01,-5.261943597556035357e+00
-5.278072710311334070e+00,-8.647539277178200035e-01,9.336967048378279621e-01,-1.261398746802213644e+00,-8.652192799408051638e-01,-5.261919382490831687e+00
-5.278386285515593634e+00,-8.647186209438457727e-01,9.336424911068595955e-01,-1.261396805964140055e+00,-8.651974111919837895e-01,-5.261895319690813366e+00
-5.278699855393915286e+00,-8.646833390655185303e-01,9.335883273038685370e-01,-1.261394787227925196e+00,-8.651753892027628234e-01,-5.261871405807945656e+00
-5.279013420295857628e+00,-8.646480816577573059e-01,9.335342129794264032e-01,-1.261392692448442654e+00,-8.651532146378679844e-01,-5.261847637494187602e+00
-5.279326980570980155e+00,-8.646128482954815730e-01,9.334801476841048107e-01,-1.261390523480565351e+00,-8.651308881620251023e-01,-5.261824011401502688e+00
-5.279640536568841469e+00,-8.645776385536105835e-01,9.334261309684748209e-01,-1.261388282179166875e+00,-8.651084104399602293e-01,-5.261800524181852623e+00
-5.279954088639000176e+00,-8.645424520070635888e-01,9.333721623831081615e-01,-1.261385970399120593e+00,-8.650857821363989730e-01,-5.261777172487199117e+00
-5.280267637131015768e+00,-8.645072882307601736e-01,9.333182414785762271e-01,-1.261383589995299426e+00,-8.650630039160674967e-01,-5.261753952969504766e+00
-5.280581182394445960e+00,-8.644721467996190345e-01,9.332643678054506342e-01,-1.261381142822577184e+00,-8.650400764436910750e-01,-5.261730862280732168e+00
-5.280894724778852023e+00,-8.644370272885602002e-01,9.332105409143026664e-01,-1.261378630735827233e+00,-8.650170003839958710e-01,-5.261707897072841256e+00
-5.281208264633790783e+00,-8.644019292725024783e-01,9.331567603557040513e-01,-1.261376055589922496e+00,-8.649937764017079367e-01,-5.261685053997795514e+00
-5.281521802308822622e+00,-8.643668523263653425e-01,9.331030256802257394e-01,-1.261373419239736782e+00,-8.649704051615525469e-01,-5.261662329707557539e+00
-5.281835338153506143e+00,-8.643317960250680443e-01,9.330493364384397914e-01,-1.261370723540142569e+00,-8.649468873282558645e-01,-5.261639720854089042e+00
-5.282148872517399063e+00,-8.642967599435299464e-01,9.329956921809173798e-01,-1.261367970346014333e+00,-8.649232235665439417e-01,-5.261617224089350842e+00
-5.282462405750062651e+00,-8.642617436566701894e-01,9.329420924582297880e-01,-1.261365161512224775e+00,-8.648994145411420531e-01,-5.261594836065306424e+00
-5.282775938201052845e+00,-8.642267467394083580e-01,9.328885368209489659e-01,-1.261362298893646816e+00,-8.648754609167765839e-01,-5.261572553433917498e+00
-5.283089470219930917e+00,-8.641917687666634817e-01,9.328350248196459749e-01,-1.261359384345154488e+00,-8.648513633581728088e-01,-5.261550372847145773e+00
-5.283403002156255468e+00,-8.641568093133550343e-01,9.327815560048924315e-01,-1.261356419721620936e+00,-8.648271225300570020e-01,-5.261528290956953846e+00
-5.283716534359585104e+00,-8.641218679544021564e-01,9.327281299272598414e-01,-1.261353406877919747e+00,-8.648027390971547712e-01,-5.261506304415303426e+00
-5.284030067179478429e+00,-8.640869442647244325e-01,9.326747461373195991e-01,-1.261350347668923400e+00,-8.647782137241920575e-01,-5.261484409874156221e+00
-5.284343600965495824e+00,-8.640520378192406703e-01,9.326214041856432102e-01,-1.261347243949506147e+00,-8.647535470758946907e-01,-5.261462603985474829e+00
-5.284657136067194116e+00,-8.640171481928706765e-01,9.325681036228022913e-01,-1.261344097574540690e+00,-8.647287398169885009e-01,-5.261440883401221846e+00
-5.284970672834133687e+00,-8.639822749605335916e-01,9.325148439993680149e-01,-1.261340910398901061e+00,-8.647037926121989848e-01,-5.261419244773358095e+00
-5.285284211615872252e+00,-8.639474176971484454e-01,9.324616248659121087e-01,-1.261337684277459736e+00,-8.646787061262524166e-01,-5.261397684753846171e+00
-5.285597752761971080e+00,-8.639125759776349334e-01,9.324084457730058562e-01,-1.261334421065090527e+00,-8.646534810238745150e-01,-5.261376199994648672e+00
-5.285911296621986999e+00,-8.638777493769121962e-01,9.323553062712207629e-01,-1.261331122616666578e+00,-8.646281179697908881e-01,-5.261354787147726420e+00
-5.286224843545480390e+00,-8.638429374698993746e-01,9.323022059111284454e-01,-1.261327790787061476e+00,-8.646026176287278098e-01,-5.261333442865042898e+00
-5.286538393882008080e+00,-8.638081398315160531e-01,9.322491442433001874e-01,-1.261324427431148365e+00,-8.645769806654105549e-01,-5.261312163798558927e+00
-5.286851947980580668e+00,-8.637733560364215801e-01,9.321961208180418179e-01,-1.261321034405173291e+00,-8.645512077451078525e-01,-5.261290946597989127e+00
-5.287165506091106693e+00,-8.637385856125587846e-01,9.321431351378910435e-01,-1.261317613812112048e+00,-8.645252996306214133e-01,-5.261269787508982887e+00
-5.287479068250553915e+00,-8.637038279874844626e-01,9.320901866027394567e-01,-1.261314168285130100e+00,-8.644992572943381859e-01,-5.261248681908901936e+00
-5.287792634468298836e+00,-8.636690825757479262e-01,9.320372745991788443e-01,-1.261310700526087070e+00,-8.644730817358007302e-01,-5.261227625062613988e+00
-5.288106204753716177e+00,-8.636343487918989315e-01,9.319843985138009934e-01,-1.261307213236842362e+00,-8.644467739545510510e-01,-5.261206612234984092e+00
-5.288419779116184216e+00,-8.635996260504871236e-01,9.319315577331978018e-01,-1.261303709119255601e+00,-8.644203349501314859e-01,-5.261185638690876409e+00
-5.288733357565076787e+00,-8.635649137660622587e-01,9.318787516439611673e-01,-1.261300190875185967e+00,-8.643937657220840398e-01,-5.261164699695156877e+00
-5.289046940109772166e+00,-8.635302113531737600e-01,9.318259796326828770e-01,-1.261296661206493308e+00,-8.643670672699512725e-01,-5.261143790512691432e+00
-5.289360526759644188e+00,-8.634955182263714946e-01,9.317732410859549397e-01,-1.261293122815037027e+00,-8.643402405932752997e-01,-5.261122906408344235e+00
-5.289674117524071129e+00,-8.634608338002049965e-01,9.317205353903690312e-01,-1.261289578402676304e+00,-8.643132866915983481e-01,-5.261102042646981225e+00
-5.289987712412427712e+00,-8.634261574892238000e-01,9.316678619325171606e-01,-1.261286030671271208e+00,-8.642862065644626446e-01,-5.261081194493467450e+00
-5.290301311434090437e+00,-8.633914887079777722e-01,9.316152200989911147e-01,-1.261282482322681364e+00,-8.642590012114104159e-01,-5.261060357212667959e+00
-5.290614914598435803e+00,-8.633568268710166693e-01,9.315626092763829025e-01,-1.261278936058765510e+00,-8.642316716319839998e-01,-5.261039526069449579e+00
-5.290928521914840310e+00,-8.633221713928898033e-01,9.315100288512840887e-01,-1.261275394581383713e+00,-8.642042188257255120e-01,-5.261018696328675581e+00
-5.291242133392679570e+00,-8.632875216881468194e-01,9.314574782102867934e-01,-1.261271860592395377e+00,-8.641766437921772903e-01,-5.260997863255210127e+00
-5.291555749041327417e+00,-8.632528771713376958e-01,9.314049567399828033e-01,-1.261268336793660128e+00,-8.641489475308815615e-01,-5.260977022113923596e+00
-5.291869368870165680e+00,-8.632182372570119666e-01,9.313524638269642386e-01,-1.261264825887037144e+00,-8.641211310413805524e-01,-5.260956168169676594e+00
-5.292182992888564641e+00,-8.631836013597190549e-01,9.312999988578224420e-01,-1.261261330574386275e+00,-8.640931953232164897e-01,-5.260935296687335949e+00
-5.292496621105904353e+00,-8.631489688940088278e-01,9.312475612191496444e-01,-1.261257853557567143e+00,-8.640651413759314892e-01,-5.260914402931767597e+00
-5.292810253531558651e+00,-8.631143392744309306e-01,9.311951502975378547e-01,-1.261254397538438488e+00,-8.640369701990679996e-01,-5.260893482167835700e+00
-5.293123890174906698e+00,-8.630797119155350083e-01,9.311427654795784159e-01,-1.261250965218860376e+00,-8.640086827921682477e-01,-5.260872529660406194e+00
-5.293437531045320554e+00,-8.630450862318704841e-01,9.310904061518635588e-01,-1.261247559300692656e+00,-8.639802801547742384e-01,-5.260851540674344129e+00
-5.293751176152178495e+00,-8.630104616379872251e-01,9.310380717009851814e-01,-1.261244182485794507e+00,-8.639517632864285313e-01,-5.260830510474514554e+00
-5.294064825504857019e+00,-8.629758375484348765e-01,9.309857615135349596e-01,-1.261240837476025334e+00,-8.639231331866731312e-01,-5.260809434325783407e+00
-5.294378479112730851e+00,-8.629412133777631944e-01,9.309334749761050132e-01,-1.261237526973244760e+00,-8.638943908550503759e-01,-5.260788307493016625e+00
-5.294692136985179154e+00,-8.629065885405216019e-01,9.308812114752870182e-01,-1.261234253679312411e+00,-8.638655372911026031e-01,-5.260767125241077480e+00
-5.295005799131574875e+00,-8.628719624512596331e-01,9.308289703976726503e-01,-1.261231020296087468e+00,-8.638365734943717067e-01,-5.260745882834831910e+00
-5.295319465561294514e+00,-8.628373345245273773e-01,9.307767511298541407e-01,-1.261227829525429778e+00,-8.638075004644002464e-01,-5.260724575539145853e+00
-5.295633136283715459e+00,-8.628027041748742576e-01,9.307245530584232762e-01,-1.261224684069198743e+00,-8.637783192007304489e-01,-5.260703198618884358e+00
-5.295946811308213320e+00,-8.627680708168496970e-01,9.306723755699718437e-01,-1.261221586629253766e+00,-8.637490307029044301e-01,-5.260681747338913361e+00
-5.296260490644165486e+00,-8.627334338650037848e-01,9.306202180510916300e-01,-1.261218539907454028e+00,-8.637196359704644166e-01,-5.260660216964097025e+00
-5.296574174300944904e+00,-8.626987927338857221e-01,9.305680798883747551e-01,-1.261215546605660043e+00,-8.636901360029528574e-01,-5.260638602759301286e+00
-5.296887862287931625e+00,-8.626641468380454869e-01,9.305159604684127839e-01,-1.261212609425730546e+00,-8.636605317999116460e-01,-5.260616899989392081e+00
-5.297201554614498598e+00,-8.626294955920326135e-01,9.304638591777978363e-01,-1.261209731069525164e+00,-8.636308243608833424e-01,-5.260595103919232685e+00
-5.297515251290024096e+00,-8.625948384103967470e-01,9.304117754031215881e-01,-1.261206914238903742e+00,-8.636010146854100622e-01,-5.260573209813689921e+00
-5.297828952323882845e+00,-8.625601747076876435e-01,9.303597085309760484e-01,-1.261204161635725240e+00,-8.635711037730340323e-01,-5.260551212937629728e+00
-5.298142657725451343e+00,-8.625255038984547262e-01,9.303076579479528929e-01,-1.261201475961849727e+00,-8.635410926232973683e-01,-5.260529108555914490e+00
-5.298456367504106979e+00,-8.624908253972477512e-01,9.302556230406442417e-01,-1.261198859919136384e+00,-8.635109822357426301e-01,-5.260506891933412810e+00
-5.298770081669224474e+00,-8.624561386186164746e-01,9.302036031956418816e-01,-1.261196316209444834e+00,-8.634807736099118225e-01,-5.260484558334987959e+00
-5.299083800230180330e+00,-8.624214429771104307e-01,9.301515977995374884e-01,-1.261193847534634482e+00,-8.634504677453471722e-01,-5.260462103025505876e+00
-5.299397523196350157e+00,-8.623867378872793754e-01,9.300996062389231822e-01,-1.261191456596565175e+00,-8.634200656415911279e-01,-5.260439521269831609e+00
-5.299711250577112231e+00,-8.623520227636727320e-01,9.300476279003907498e-01,-1.261189146097095648e+00,-8.633895682981856945e-01,-5.260416808332831984e+00
-5.300024982381841276e+00,-8.623172970208402566e-01,9.299956621705318671e-01,-1.261186918738086193e+00,-8.633589767146730987e-01,-5.260393959479370274e+00
-5.300338718619912015e+00,-8.622825600733319273e-01,9.299437084359387651e-01,-1.261184777221396436e+00,-8.633282918905960113e-01,-5.260370969974312416e+00
-5.300652459300702724e+00,-8.622478113356968343e-01,9.298917660832030085e-01,-1.261182724248885112e+00,-8.632975148254959930e-01,-5.260347835082524348e+00
-5.300966204433588125e+00,-8.622130502224849558e-01,9.298398344989164954e-01,-1.261180762522412069e+00,-8.632666465189159366e-01,-5.260324550068870231e+00
-5.301279954027945607e+00,-8.621782761482458257e-01,9.297879130696711236e-01,-1.261178894743837153e+00,-8.632356879703975139e-01,-5.260301110198215113e+00
-5.301593708093150781e+00,-8.621434885275293114e-01,9.297360011820590131e-01,-1.261177123615019546e+00,-8.632046401794832846e-01,-5.260277510735425821e+00
-5.301907466638579258e+00,-8.621086867748848359e-01,9.296840982226716177e-01,-1.261175451837818873e+00,-8.631735041457155866e-01,-5.260253746945367403e+00
-5.302221229673607539e+00,-8.620738703048620444e-01,9.296322035781010573e-01,-1.261173882114094758e+00,-8.631422808686363135e-01,-5.260229814092904910e+00
-5.302534997207613010e+00,-8.620390385320105819e-01,9.295803166349392299e-01,-1.261172417145706381e+00,-8.631109713477880252e-01,-5.260205707442902501e+00
-5.302848769249970395e+00,-8.620041908708804268e-01,9.295284367797778113e-01,-1.261171059634513147e+00,-8.630795765827128374e-01,-5.260181422260226114e+00
-5.303162545810055306e+00,-8.619693267360207800e-01,9.294765633992086995e-01,-1.261169812282375124e+00,-8.630480975729529769e-01,-5.260156953809742575e+00
-5.303476326897245130e+00,-8.619344455419815088e-01,9.294246958798239033e-01,-1.261168677791151493e+00,-8.630165353180506704e-01,-5.260132297356315156e+00
-5.303790112520915478e+00,-8.618995467033123692e-01,9.293728336082150987e-01,-1.261167658862702101e+00,-8.629848908175482558e-01,-5.260107448164808908e+00
-5.304103902690443739e+00,-8.618646296345626734e-01,9.293209759709742945e-01,-1.261166758198886129e+00,-8.629531650709877377e-01,-5.260082401500090654e+00
-5.304417697415202859e+00,-8.618296937502822885e-01,9.292691223546934998e-01,-1.261165978501562979e+00,-8.629213590779116760e-01,-5.260057152627025445e+00
-5.304731496704572891e+00,-8.617947384650208598e-01,9.292172721459643903e-01,-1.261165322472592276e+00,-8.628894738378620755e-01,-5.260031696810478330e+00
-5.305045300567928557e+00,-8.617597631933281432e-01,9.291654247313787529e-01,-1.261164792813833868e+00,-8.628575103503812738e-01,-5.260006029315315246e+00
-5.305359109014643693e+00,-8.617247673497536731e-01,9.291135794975285966e-01,-1.261164392227146713e+00,-8.628254696150114977e-01,-5.259980145406399465e+00
-5.305672922054098350e+00,-8.616897503488469834e-01,9.290617358310055973e-01,-1.261164123414390881e+00,-8.627933526312949741e-01,-5.259954040348597815e+00
-5.305986739695665477e+00,-8.616547116051578303e-01,9.290098931184019859e-01,-1.261163989077425551e+00,-8.627611603987740407e-01,-5.259927709406776231e+00
-5.306300561948723349e+00,-8.616196505332358591e-01,9.289580507463092163e-01,-1.261163991918109906e+00,-8.627288939169907023e-01,-5.259901147845797986e+00
-5.306614388822645800e+00,-8.615845665476308257e-01,9.289062081013195193e-01,-1.261164134638304235e+00,-8.626965541854874076e-01,-5.259874350930529019e+00
-5.306928220326811996e+00,-8.615494590628921534e-01,9.288543645700244600e-01,-1.261164419939867720e+00,-8.626641422038062723e-01,-5.259847313925837042e+00
-5.307242056470595770e+00,-8.615143274935697093e-01,9.288025195390161581e-01,-1.261164850524659542e+00,-8.626316589714896343e-01,-5.259820032096584441e+00
-5.307555897263373623e+00,-8.614791712542129165e-01,9.287506723948861787e-01,-1.261165429094539769e+00,-8.625991054880797204e-01,-5.259792500707637153e+00
-5.307869742714522054e+00,-8.614439897593717532e-01,9.286988225242267525e-01,-1.261166158351367805e+00,-8.625664827531187573e-01,-5.259764715023861115e+00
-5.308183592833418452e+00,-8.614087824235955315e-01,9.286469693136294445e-01,-1.261167040997002609e+00,-8.625337917661489717e-01,-5.259736670310121376e+00
-5.308497447629436650e+00,-8.613735486614340076e-01,9.285951121496862637e-01,-1.261168079733304248e+00,-8.625010335267124795e-01,-5.259708361831283874e+00
-5.308811307111953148e+00,-8.613382878874371595e-01,9.285432504189889968e-01,-1.261169277262131905e+00,-8.624682090343517293e-01,-5.259679784852210993e+00
-5.309125171290347112e+00,-8.613029995161539665e-01,9.284913835081296529e-01,-1.261170636285345426e+00,-8.624353192886089481e-01,-5.259650934637771336e+00
-5.309439040173990598e+00,-8.612676829621346286e-01,9.284395108037000188e-01,-1.261172159504803991e+00,-8.624023652890261404e-01,-5.259621806452829951e+00
-5.309752913772262772e+00,-8.612323376399285690e-01,9.283876316922917704e-01,-1.261173849622367449e+00,-8.623693480351458662e-01,-5.259592395562250111e+00
-5.310066792094537469e+00,-8.611969629640856549e-01,9.283357455604970276e-01,-1.261175709339895201e+00,-8.623362685265101302e-01,-5.259562697230898642e+00
-5.310380675150192076e+00,-8.611615583491551984e-01,9.282838517949075774e-01,-1.261177741359246651e+00,-8.623031277626612701e-01,-5.259532706723641482e+00
-5.310694562948603092e+00,-8.611261232096869556e-01,9.282319497821154286e-01,-1.261179948382280980e+00,-8.622699267431414016e-01,-5.259502419305341014e+00
-5.311008455499146130e+00,-8.610906569602307936e-01,9.281800389087121461e-01,-1.261182333110858478e+00,-8.622366664674929737e-01,-5.259471830240864065e+00
-5.311322352811197689e+00,-8.610551590153361357e-01,9.281281185612898499e-01,-1.261184898246838326e+00,-8.622033479352581020e-01,-5.259440934795078348e+00
-5.311636254894133380e+00,-8.610196287895526268e-01,9.280761881264402158e-01,-1.261187646492079928e+00,-8.621699721459791244e-01,-5.259409728232845360e+00
-5.311950161757328814e+00,-8.609840656974301343e-01,9.280242469907553637e-01,-1.261190580548442908e+00,-8.621365400991981565e-01,-5.259378205819032814e+00
-5.312264073410162268e+00,-8.609484691535179701e-01,9.279722945408268586e-01,-1.261193703117786447e+00,-8.621030527944574251e-01,-5.259346362818505760e+00
-5.312577989851432925e+00,-8.609128385745653533e-01,9.279203301655826186e-01,-1.261197016897221301e+00,-8.620695112341530963e-01,-5.259314194504166373e+00
-5.312891910908517978e+00,-8.608771734129703201e-01,9.278683532918149401e-01,-1.261200524506877141e+00,-8.620359164669436636e-01,-5.259281696279232143e+00
-5.313205836269741411e+00,-8.608414731500484418e-01,9.278163633770307728e-01,-1.261204228504437364e+00,-8.620022695790137135e-01,-5.259248863652620010e+00
-5.313519765619413526e+00,-8.608057372679503993e-01,9.277643598796233571e-01,-1.261208131445785474e+00,-8.619685716576309664e-01,-5.259215692136298692e+00
-5.313833698641848180e+00,-8.607699652488256525e-01,9.277123422579852674e-01,-1.261212235886803867e+00,-8.619348237900624765e-01,-5.259182177242235134e+00
-5.314147635021355676e+00,-8.607341565748245493e-01,9.276603099705100774e-01,-1.261216544383375382e+00,-8.619010270635759641e-01,-5.259148314482399833e+00
-5.314461574442248093e+00,-8.606983107280972156e-01,9.276082624755904726e-01,-1.261221059491383301e+00,-8.618671825654385943e-01,-5.259114099368757955e+00
-5.314775516588836624e+00,-8.606624271907937773e-01,9.275561992316195825e-01,-1.261225783766710240e+00,-8.618332913829179764e-01,-5.259079527413279997e+00
-5.315089461145432459e+00,-8.606265054450640273e-01,9.275041196969904256e-01,-1.261230719765238595e+00,-8.617993546032812757e-01,-5.259044594127931127e+00
-5.315403407796349455e+00,-8.605905449730582024e-01,9.274520233300960204e-01,-1.261235870042851426e+00,-8.617653733137961014e-01,-5.259009295024681840e+00
-5.315717356225899692e+00,-8.605545452569263176e-01,9.273999095893294964e-01,-1.261241237155432016e+00,-8.617313486017296187e-01,-5.258973625615500858e+00
-5.316031306118390809e+00,-8.605185057788186098e-01,9.273477779330838722e-01,-1.261246823658862759e+00,-8.616972815543496589e-01,-5.258937581412353346e+00
-5.316345257158138438e+00,-8.604824260208848719e-01,9.272956278197519442e-01,-1.261252632109026495e+00,-8.616631732589230541e-01,-5.258901157927210690e+00
-5.316659209029451993e+00,-8.604463054652754517e-01,9.272434587077270640e-01,-1.261258665061806061e+00,-8.616290248027177467e-01,-5.258864350672037169e+00
-5.316973161416645333e+00,-8.604101435941402531e-01,9.271912700554020281e-01,-1.261264925073084298e+00,-8.615948372730007909e-01,-5.258827155158805056e+00
-5.317287114004028759e+00,-8.603739398896292911e-01,9.271390613211701881e-01,-1.261271414698743820e+00,-8.615606117570396849e-01,-5.258789566899478629e+00
-5.317601066475912575e+00,-8.603376938338928026e-01,9.270868319634242294e-01,-1.261278136494668134e+00,-8.615263493421019270e-01,-5.258751581406028386e+00
-5.317915018516611525e+00,-8.603014049090809134e-01,9.270345814405573925e-01,-1.261285093016739189e+00,-8.614920511154547933e-01,-5.258713194190420381e+00
-5.318228969810435913e+00,-8.602650725973434165e-01,9.269823092109625851e-01,-1.261292286820840491e+00,-8.614577181643657822e-01,-5.258674400764624224e+00
-5.318542920041697819e+00,-8.602286963808306597e-01,9.269300147330330475e-01,-1.261299720462854435e+00,-8.614233515761021698e-01,-5.258635196640608633e+00
-5.318856868894708434e+00,-8.601922757416925469e-01,9.268776974651614653e-01,-1.261307396498664080e+00,-8.613889524379315654e-01,-5.258595577330338777e+00
-5.319170816053779838e+00,-8.601558101620792041e-01,9.268253568657411900e-01,-1.261315317484152043e+00,-8.613545218371211343e-01,-5.258555538345786040e+00
-5.319484761203223222e+00,-8.601192991241407571e-01,9.267729923931652403e-01,-1.261323485975201386e+00,-8.613200608609383746e-01,-5.258515075198917366e+00
-5.319798704027349778e+00,-8.600827421100272208e-01,9.267206035058264124e-01,-1.261331904527695169e+00,-8.612855705966507847e-01,-5.258474183401699698e+00
-5.320112644210475139e+00,-8.600461386018884991e-01,9.266681896621178360e-01,-1.261340575697515343e+00,-8.612510521315256407e-01,-5.258432858466100868e+00
-5.320426581436906055e+00,-8.600094880818749399e-01,9.266157503204327517e-01,-1.261349502040545412e+00,-8.612165065528305519e-01,-5.258391095904091372e+00
-5.320740515390955494e+00,-8.599727900321365581e-01,9.265632849391640669e-01,-1.261358686112668215e+00,-8.611819349478326835e-01,-5.258348891227636379e+00
-5.321054445756936424e+00,-8.599360439348234797e-01,9.265107929767048001e-01,-1.261368130469766147e+00,-8.611473384037994228e-01,-5.258306239948706384e+00
-5.321368372219160037e+00,-8.598992492720852754e-01,9.264582738914476367e-01,-1.261377837667722268e+00,-8.611127180079983789e-01,-5.258263137579268331e+00
-5.321682294461939300e+00,-8.598624055260727372e-01,9.264057271417862616e-01,-1.261387810262419862e+00,-8.610780748476967172e-01,-5.258219579631290053e+00
-5.321996212169583629e+00,-8.598255121789356581e-01,9.263531521861133600e-01,-1.261398050809741100e+00,-8.610434100101621580e-01,-5.258175561616740268e+00
-5.322310125026405103e+00,-8.597885687128238308e-01,9.263005484828219505e-01,-1.261408561865568823e+00,-8.610087245826618663e-01,-5.258131079047585921e+00
-5.322624032716717579e+00,-8.597515746098876033e-01,9.262479154903050516e-01,-1.261419345985786311e+00,-8.609740196524631184e-01,-5.258086127435796620e+00
-5.322937934924830472e+00,-8.597145293522771015e-01,9.261952526669559038e-01,-1.261430405726276183e+00,-8.609392963068337457e-01,-5.258040702293339308e+00
-5.323251831335057638e+00,-8.596774324221423402e-01,9.261425594711673037e-01,-1.261441743642920832e+00,-8.609045556330409132e-01,-5.257994799132182706e+00
-5.323565721631708492e+00,-8.596402833016332234e-01,9.260898353613324918e-01,-1.261453362291603986e+00,-8.608697987183520084e-01,-5.257948413464294646e+00
-5.323879605499096002e+00,-8.596030814728998770e-01,9.260370797958442646e-01,-1.261465264228207594e+00,-8.608350266500343073e-01,-5.257901540801642071e+00
-5.324193482621530471e+00,-8.595658264180925379e-01,9.259842922330957515e-01,-1.261477452008614719e+00,-8.608002405153553083e-01,-5.257854176656194589e+00
-5.324507352683326644e+00,-8.595285176193613319e-01,9.259314721314803043e-01,-1.261489928188708642e+00,-8.607654414015826205e-01,-5.257806316539919145e+00
-5.324821215368793936e+00,-8.594911545588558299e-01,9.258786189493903862e-01,-1.261502695324371537e+00,-8.607306303959834093e-01,-5.257757955964786234e+00
-5.325135070364114043e+00,-8.594537367184039711e-01,9.258257321448079002e-01,-1.261515755972023589e+00,-8.606958085857223661e-01,-5.257709090441688993e+00
-5.325448917697420015e+00,-8.594162635207894807e-01,9.257728111004468463e-01,-1.261529112786305085e+00,-8.606609770391380199e-01,-5.257659715285710078e+00
-5.325762758134664487e+00,-8.593787342614003233e-01,9.257198550366190215e-01,-1.261542768633783673e+00,-8.606261367839492804e-01,-5.257609825389411462e+00
-5.326076592537850374e+00,-8.593411482190402850e-01,9.256668631524934687e-01,-1.261556726408616935e+00,-8.605912888425873986e-01,-5.257559415590355556e+00
-5.326390421768984140e+00,-8.593035046725128190e-01,9.256138346472402301e-01,-1.261570989004961563e+00,-8.605564342374830700e-01,-5.257508480726102107e+00
-5.326704246690068700e+00,-8.592658029006209341e-01,9.255607687200284595e-01,-1.261585559316975358e+00,-8.605215739910674344e-01,-5.257457015634213526e+00
-5.327018068163107856e+00,-8.592280421821684167e-01,9.255076645700280880e-01,-1.261600440238815013e+00,-8.604867091257715206e-01,-5.257405015152248673e+00
-5.327331887050106296e+00,-8.591902217959584975e-01,9.254545213964084915e-01,-1.261615634664638330e+00,-8.604518406640259132e-01,-5.257352474117769958e+00
-5.327645704213067823e+00,-8.591523410207947409e-01,9.254013383983392682e-01,-1.261631145488601780e+00,-8.604169696282619739e-01,-5.257299387368337129e+00
-5.327959520513995351e+00,-8.591143991354804887e-01,9.253481147749899050e-01,-1.261646975604863385e+00,-8.603820970409103985e-01,-5.257245749741510821e+00
-5.328273336814895345e+00,-8.590763954188191942e-01,9.252948497255299998e-01,-1.261663127907579840e+00,-8.603472239244024378e-01,-5.257191556074853445e+00
-5.328587153977771607e+00,-8.590383291496143103e-01,9.252415424491291507e-01,-1.261679605290908501e+00,-8.603123513011687873e-01,-5.257136801205924748e+00
-5.328900972864625274e+00,-8.590001996066690682e-01,9.251881921449568447e-01,-1.261696410649006284e+00,-8.602774801936405868e-01,-5.257081479972287141e+00
-5.329214794337464589e+00,-8.589620060687869207e-01,9.251347980121825687e-01,-1.261713546876031211e+00,-8.602426116242487542e-01,-5.257025587211498596e+00
-5.329528619258290689e+00,-8.589237478147715432e-01,9.250813592499761429e-01,-1.261731016866139310e+00,-8.602077466154239849e-01,-5.256969117761120636e+00
-5.329842448489110041e+00,-8.588854241234262776e-01,9.250278750575070541e-01,-1.261748823513489048e+00,-8.601728861895977518e-01,-5.256912066458716559e+00
-5.330156282891923780e+00,-8.588470342735542440e-01,9.249743446339444564e-01,-1.261766969712236675e+00,-8.601380313692006396e-01,-5.256854428141844338e+00
-5.330470123328737486e+00,-8.588085775439592284e-01,9.249207671784585028e-01,-1.261785458356539991e+00,-8.601031831766637881e-01,-5.256796197648067270e+00
-5.330783970661556737e+00,-8.587700532134445730e-01,9.248671418902183472e-01,-1.261804292340555911e+00,-8.600683426344181148e-01,-5.256737369814943328e+00
-5.331097825752383557e+00,-8.587314605608133977e-01,9.248134679683936987e-01,-1.261823474558441349e+00,-8.600335107648944266e-01,-5.256677939480035811e+00
-5.331411689463223524e+00,-8.586927988648694887e-01,9.247597446121540443e-01,-1.261843007904354552e+00,-8.599986885905240852e-01,-5.256617901480904465e+00
-5.331725562656078665e+00,-8.586540674044161880e-01,9.247059710206689820e-01,-1.261862895272451546e+00,-8.599638771337375642e-01,-5.256557250655110813e+00
-5.332039446192955445e+00,-8.586152654582568378e-01,9.246521463931081097e-01,-1.261883139556890354e+00,-8.599290774169662255e-01,-5.256495981840214604e+00
-5.332353340935857666e+00,-8.585763923051947799e-01,9.245982699286410256e-01,-1.261903743651827670e+00,-8.598942904626408756e-01,-5.256434089873776472e+00
-5.332667247746788242e+00,-8.585374472240335786e-01,9.245443408264369944e-01,-1.261924710451421294e+00,-8.598595172931924324e-01,-5.256371569593359716e+00
-5.332981167487750973e+00,-8.584984294935766869e-01,9.244903582856659474e-01,-1.261946042849827698e+00,-8.598247589310519245e-01,-5.256308415836523196e+00
-5.333295101020751439e+00,-8.584593383926274468e-01,9.244363215054971494e-01,-1.261967743741204906e+00,-8.597900163986502697e-01,-5.256244623440827546e+00
-5.333609049207792552e+00,-8.584201731999892004e-01,9.243822296851005316e-01,-1.261989816019709387e+00,-8.597552907184184967e-01,-5.256180187243834290e+00
-5.333923012910879891e+00,-8.583809331944654009e-01,9.243280820236451367e-01,-1.262012262579498945e+00,-8.597205829127875232e-01,-5.256115102083104951e+00
-5.334236992992015480e+00,-8.583416176548597232e-01,9.242738777203008960e-01,-1.262035086314730270e+00,-8.596858940041881558e-01,-5.256049362796198388e+00
-5.334550990313206675e+00,-8.583022258599751764e-01,9.242196159742374073e-01,-1.262058290119561166e+00,-8.596512250150517565e-01,-5.255982964220677012e+00
-5.334865005736453725e+00,-8.582627570886155466e-01,9.241652959846238247e-01,-1.262081876888148324e+00,-8.596165769678090207e-01,-5.255915901194101458e+00
-5.335179040123763095e+00,-8.582232106195839538e-01,9.241109169506300791e-01,-1.262105849514649103e+00,-8.595819508848908663e-01,-5.255848168554032362e+00
-5.335493094337138587e+00,-8.581835857316840732e-01,9.240564780714257687e-01,-1.262130210893220861e+00,-8.595473477887284330e-01,-5.255779761138031247e+00
-5.335807169238584002e+00,-8.581438817037192468e-01,9.240019785461799362e-01,-1.262154963918020956e+00,-8.595127687017525275e-01,-5.255710673783656972e+00
-5.336121265690103144e+00,-8.581040978144928166e-01,9.239474175740627349e-01,-1.262180111483206080e+00,-8.594782146463942896e-01,-5.255640901328471948e+00
-5.336435384553700700e+00,-8.580642333428081248e-01,9.238927943542435406e-01,-1.262205656482933813e+00,-8.594436866450845258e-01,-5.255570438610036810e+00
-5.336749526691381362e+00,-8.580242875674688463e-01,9.238381080858917294e-01,-1.262231601811361292e+00,-8.594091857202541540e-01,-5.255499280465912193e+00
-5.337063692965147155e+00,-8.579842597672783233e-01,9.237833579681771212e-01,-1.262257950362645875e+00,-8.593747128943344249e-01,-5.255427421733659621e+00
-5.337377884237004544e+00,-8.579441492210396758e-01,9.237285432002688701e-01,-1.262284705030944254e+00,-8.593402691897559231e-01,-5.255354857250838840e+00
-5.337692101368954667e+00,-8.579039552075566899e-01,9.236736629813370181e-01,-1.262311868710414231e+00,-8.593058556289500105e-01,-5.255281581855011375e+00
-5.338006344610432663e+00,-8.578636771132486238e-01,9.236187166422669126e-01,-1.262339444097953622e+00,-8.592714732786095322e-01,-5.255207590777056126e+00
-5.338320611553570849e+00,-8.578233147913645329e-01,9.235637040853184043e-01,-1.262367433034764952e+00,-8.592371233974340772e-01,-5.255132880954040964e+00
-5.338634899070132889e+00,-8.577828682217075729e-01,9.235086253676469958e-01,-1.262395837130077636e+00,-8.592028072961743757e-01,-5.255057449785567769e+00
-5.338949204031867346e+00,-8.577423373840830090e-01,9.234534805464107432e-01,-1.262424657993117094e+00,-8.591685262855822680e-01,-5.254981294671247305e+00
-5.339263523310523674e+00,-8.577017222582968836e-01,9.233982696787675915e-01,-1.262453897233108746e+00,-8.591342816764097057e-01,-5.254904413010688558e+00
-5.339577853777848659e+00,-8.576610228241543510e-01,9.233429928218759297e-01,-1.262483556459278011e+00,-8.591000747794083070e-01,-5.254826802203503178e+00
-5.339892192305593532e+00,-8.576202390614610094e-01,9.232876500328937031e-01,-1.262513637280850309e+00,-8.590659069053299124e-01,-5.254748459649301040e+00
-5.340206535765505969e+00,-8.575793709500223461e-01,9.232322413689791896e-01,-1.262544141307050616e+00,-8.590317793649265843e-01,-5.254669382747692019e+00
-5.340520881029334532e+00,-8.575384184696436263e-01,9.231767668872904453e-01,-1.262575070147105016e+00,-8.589976934689497190e-01,-5.254589568898288654e+00
-5.340835224968830452e+00,-8.574973816001307814e-01,9.231212266449856374e-01,-1.262606425410238042e+00,-8.589636505281512679e-01,-5.254509015500699043e+00
-5.341149564455741405e+00,-8.574562603212891876e-01,9.230656206992228219e-01,-1.262638208705675558e+00,-8.589296518532832936e-01,-5.254427719954534837e+00
-5.341463896361815067e+00,-8.574150546129242212e-01,9.230099491071601658e-01,-1.262670421642643204e+00,-8.588956987550973032e-01,-5.254345679659405910e+00
-5.341778217558800890e+00,-8.573737644548413694e-01,9.229542119259557253e-01,-1.262703065830365734e+00,-8.588617925443451373e-01,-5.254262892014922137e+00
-5.342092524918449215e+00,-8.573323898268463417e-01,9.228984092127677785e-01,-1.262736142878069012e+00,-8.588279345317788582e-01,-5.254179354420696058e+00
-5.342406815312509494e+00,-8.572909307087445141e-01,9.228425410247543814e-01,-1.262769654394978014e+00,-8.587941260281499734e-01,-5.254095064276334881e+00
-5.342721085612726739e+00,-8.572493870803413740e-01,9.227866074190737011e-01,-1.262803601990318603e+00,-8.587603683442103231e-01,-5.254010018981452035e+00
-5.343035332690853956e+00,-8.572077589214425197e-01,9.227306084528837937e-01,-1.262837987273315532e+00,-8.587266627907119698e-01,-5.253924215935654729e+00
-5.343349553418637932e+00,-8.571660462118533275e-01,9.226745441833428263e-01,-1.262872811853194666e+00,-8.586930106784065320e-01,-5.253837652538557279e+00
-5.343663744667827231e+00,-8.571242489313793955e-01,9.226184146676088549e-01,-1.262908077339181423e+00,-8.586594133180456279e-01,-5.253750326189767783e+00
-5.343977903310173971e+00,-8.570823670598262112e-01,9.225622199628402686e-01,-1.262943785340500558e+00,-8.586258720203814310e-01,-5.253662234288896116e+00
-5.344292026217424052e+00,-8.570404005769992617e-01,9.225059601261947906e-01,-1.262979937466378377e+00,-8.585923880961656707e-01,-5.253573374235553928e+00
-5.344606110261326037e+00,-8.569983494627040344e-01,9.224496352148309208e-01,-1.263016535326039191e+00,-8.585589628561498543e-01,-5.253483743429351094e+00
-5.344920152313631156e+00,-8.569562136967461274e-01,9.223932452859064934e-01,-1.263053580528709530e+00,-8.585255976110862663e-01,-5.253393339269898377e+00
-5.345234149246087085e+00,-8.569139932589309172e-01,9.223367903965798975e-01,-1.263091074683613924e+00,-8.584922936717263031e-01,-5.253302159156804763e+00
-5.345548097930443276e+00,-8.568716881290640019e-01,9.222802706040091891e-01,-1.263129019399977793e+00,-8.584590523488219160e-01,-5.253210200489683679e+00
-5.345861995238448294e+00,-8.568292982869508689e-01,9.222236859653523133e-01,-1.263167416287027001e+00,-8.584258749531250565e-01,-5.253117460668141447e+00
-5.346175838041850703e+00,-8.567868237123970054e-01,9.221670365377677703e-01,-1.263206266953986523e+00,-8.583927627953872319e-01,-5.253023937091791495e+00
-5.346489623212399067e+00,-8.567442643852080097e-01,9.221103223784131719e-01,-1.263245573010082001e+00,-8.583597171863605046e-01,-5.252929627160244586e+00
-5.346803347621844615e+00,-8.567016202851891471e-01,9.220535435444470185e-01,-1.263285336064538189e+00,-8.583267394367966041e-01,-5.252834528273108816e+00
-5.347117008141934136e+00,-8.566588913921462378e-01,9.219967000930274770e-01,-1.263325557726581616e+00,-8.582938308574472597e-01,-5.252738637829995838e+00
-5.347430601644416193e+00,-8.566160776858846582e-01,9.219397920813124925e-01,-1.263366239605436370e+00,-8.582609927590644228e-01,-5.252641953230515526e+00
-5.347744125001042015e+00,-8.565731791462097844e-01,9.218828195664602321e-01,-1.263407383310328980e+00,-8.582282264523999338e-01,-5.252544471874278642e+00
-5.348057575083559279e+00,-8.565301957529272148e-01,9.218257826056288629e-01,-1.263448990450483755e+00,-8.581955332482053000e-01,-5.252446191160896838e+00
-5.348370948763717436e+00,-8.564871274858425476e-01,9.217686812559764409e-01,-1.263491062635126783e+00,-8.581629144572325840e-01,-5.252347108489978211e+00
-5.348684242913263276e+00,-8.564439743247611592e-01,9.217115155746612443e-01,-1.263533601473483259e+00,-8.581303713902336261e-01,-5.252247221261135302e+00
-5.348997454403947138e+00,-8.564007362494886477e-01,9.216542856188413291e-01,-1.263576608574778604e+00,-8.580979053579600446e-01,-5.252146526873975318e+00
-5.349310580107519364e+00,-8.563574132398303895e-01,9.215969914456748624e-01,-1.263620085548238237e+00,-8.580655176711636800e-01,-5.252045022728111690e+00
-5.349623616895726741e+00,-8.563140052755922049e-01,9.215396331123197893e-01,-1.263664034003087355e+00,-8.580332096405967057e-01,-5.251942706223155177e+00
-5.349936561640319610e+00,-8.562705123365790261e-01,9.214822106759343878e-01,-1.263708455548551379e+00,-8.580009825770102960e-01,-5.251839574758713880e+00
-5.350249411213046535e+00,-8.562269344025968953e-01,9.214247241936769361e-01,-1.263753351793855284e+00,-8.579688377911567354e-01,-5.251735625734399449e+00
-5.350562163517417424e+00,-8.561832712807895263e-01,9.213671735078413638e-01,-1.263798724638216742e+00,-8.579367765149117364e-01,-5.251630855959753319e+00
-5.350874825473643348e+00,-8.561395212693860834e-01,9.213095565829952927e-01,-1.263844578515126882e+00,-8.579047992908426234e-01,-5.251525257087621412e+00
-5.351187408660128320e+00,-8.560956818870836260e-01,9.212518704136399839e-01,-1.263890919167330429e+00,-8.578729063054079118e-01,-5.251418818106808217e+00
-5.351499924694234522e+00,-8.560517506460586512e-01,9.211941119861615235e-01,-1.263937752348522237e+00,-8.578410977420873884e-01,-5.251311527983838268e+00
-5.351812385193330357e+00,-8.560077250584879893e-01,9.211362782869466637e-01,-1.263985083812397381e+00,-8.578093737843606181e-01,-5.251203375685228991e+00
-5.352124801774779783e+00,-8.559636026365478045e-01,9.210783663023819345e-01,-1.264032919312651160e+00,-8.577777346157073879e-01,-5.251094350177505810e+00
-5.352437186055948537e+00,-8.559193808924151492e-01,9.210203730188540883e-01,-1.264081264602979315e+00,-8.577461804196074846e-01,-5.250984440427187039e+00
-5.352749549654202355e+00,-8.558750573382661875e-01,9.209622954227494329e-01,-1.264130125437076257e+00,-8.577147113795404731e-01,-5.250873635400798989e+00
-5.353061904186905196e+00,-8.558306294862780828e-01,9.209041305004544986e-01,-1.264179507568637728e+00,-8.576833276789863625e-01,-5.250761924064859087e+00
-5.353374261271426349e+00,-8.557860948486267771e-01,9.208458752383561485e-01,-1.264229416751359025e+00,-8.576520295014246065e-01,-5.250649295385891868e+00
-5.353686632525127109e+00,-8.557414509374893230e-01,9.207875266228409128e-01,-1.264279858738935003e+00,-8.576208170303349920e-01,-5.250535738330418312e+00
-5.353999029565374101e+00,-8.556966952650419955e-01,9.207290816402953215e-01,-1.264330839285061181e+00,-8.575896904491971950e-01,-5.250421241864957622e+00
-5.354311464009532173e+00,-8.556518253434616250e-01,9.206705372771057938e-01,-1.264382364143432858e+00,-8.575586499414912245e-01,-5.250305794956035221e+00
-5.354623947474967949e+00,-8.556068386849248197e-01,9.206118905196590818e-01,-1.264434439067744886e+00,-8.575276956906966452e-01,-5.250189386570170313e+00
-5.354936491579047164e+00,-8.555617328016078549e-01,9.205531383543416046e-01,-1.264487069811692788e+00,-8.574968278802930222e-01,-5.250072005673887432e+00
-5.355249107939133779e+00,-8.555165052056877828e-01,9.204942777675402255e-01,-1.264540262128971637e+00,-8.574660466937602532e-01,-5.249953641233704893e+00
-5.355561808172593530e+00,-8.554711534093407677e-01,9.204353057456412524e-01,-1.264594021773276955e+00,-8.574353523145780143e-01,-5.249834282216146342e+00
-5.355874603896793928e+00,-8.554256749247436398e-01,9.203762192750312154e-01,-1.264648354498303817e+00,-8.574047449262260923e-01,-5.249713917587732759e+00
-5.356187506729098047e+00,-8.553800672640728964e-01,9.203170153420969779e-01,-1.264703266057747300e+00,-8.573742247121841631e-01,-5.249592536314986901e+00
-5.356500528286870733e+00,-8.553343279395051457e-01,9.202576909332247368e-01,-1.264758762205302922e+00,-8.573437918559319026e-01,-5.249470127364429750e+00
-5.356813680187479498e+00,-8.552884544632169961e-01,9.201982430348013553e-01,-1.264814848694665539e+00,-8.573134465409489868e-01,-5.249346679702583174e+00
-5.357126974048289192e+00,-8.552424443473850557e-01,9.201386686332134746e-01,-1.264871531279530892e+00,-8.572831889507153136e-01,-5.249222182295969041e+00
-5.357440421486663773e+00,-8.551962951041858219e-01,9.200789647148475137e-01,-1.264928815713593613e+00,-8.572530192687106698e-01,-5.249096624111109222e+00
-5.357754034119970754e+00,-8.551500042457962358e-01,9.200191282660898917e-01,-1.264986707750549444e+00,-8.572229376784146204e-01,-5.248969994114524695e+00
-5.358067823565573207e+00,-8.551035692843922398e-01,9.199591562733273609e-01,-1.265045213144093239e+00,-8.571929443633068413e-01,-5.248842281272737331e+00
-5.358381801440840420e+00,-8.550569877321508860e-01,9.198990457229465623e-01,-1.265104337647920740e+00,-8.571630395068671193e-01,-5.248713474552269886e+00
-5.358695979363132800e+00,-8.550102571012487829e-01,9.198387936013340260e-01,-1.265164087015726357e+00,-8.571332232925752415e-01,-5.248583562919642453e+00
-5.359010368949820524e+00,-8.549633749038623165e-01,9.197783968948762823e-01,-1.265224467001206055e+00,-8.571034959039107726e-01,-5.248452535341379566e+00
-5.359324981818264000e+00,-8.549163386521682062e-01,9.197178525899598611e-01,-1.265285483358054908e+00,-8.570738575243538326e-01,-5.248320380783999539e+00
-5.359639829585833404e+00,-8.548691458583429492e-01,9.196571576729715147e-01,-1.265347141839967993e+00,-8.570443083373836535e-01,-5.248187088214026019e+00
-5.359954923869891807e+00,-8.548217940345632648e-01,9.195963091302975512e-01,-1.265409448200640607e+00,-8.570148485264802440e-01,-5.248052646597980875e+00
-5.360270276287804059e+00,-8.547742806930057613e-01,9.195353039483247226e-01,-1.265472408193767606e+00,-8.569854782751232802e-01,-5.247917044902384198e+00
-5.360585898456937670e+00,-8.547266033458467138e-01,9.194741391134396702e-01,-1.265536027573045175e+00,-8.569561977667924380e-01,-5.247780272093759635e+00
-5.360901801994655713e+00,-8.546787595052631747e-01,9.194128116120288130e-01,-1.265600312092167501e+00,-8.569270071849675041e-01,-5.247642317138628165e+00
-5.361217998518325700e+00,-8.546307466834313082e-01,9.193513184304787922e-01,-1.265665267504830771e+00,-8.568979067131281546e-01,-5.247503169003511658e+00
-5.361534499645311591e+00,-8.545825623925280556e-01,9.192896565551761379e-01,-1.265730899564729395e+00,-8.568688965347541764e-01,-5.247362816654930207e+00
-5.361851316992980010e+00,-8.545342041447296921e-01,9.192278229725074912e-01,-1.265797214025559114e+00,-8.568399768333251343e-01,-5.247221249059408343e+00
-5.362168462178694028e+00,-8.544856694522131590e-01,9.191658146688594933e-01,-1.265864216641014561e+00,-8.568111477923210373e-01,-5.247078455183466161e+00
-5.362485946819822047e+00,-8.544369558271546206e-01,9.191036286306185632e-01,-1.265931913164791700e+00,-8.567824095952214503e-01,-5.246934423993626417e+00
-5.362803782533728025e+00,-8.543880607817311290e-01,9.190412618441713422e-01,-1.266000309350585384e+00,-8.567537624255060491e-01,-5.246789144456409204e+00
-5.363121980238316766e+00,-8.543389819475265545e-01,9.189787114436950288e-01,-1.266069410744016244e+00,-8.567252065175104958e-01,-5.246642605958450112e+00
-5.363440527294037530e+00,-8.542897209777149392e-01,9.189159795408887721e-01,-1.266139215882858604e+00,-8.566967438183709094e-01,-5.246494812035578548e+00
-5.363759382409945431e+00,-8.542402844166663289e-01,9.188530743012828239e-01,-1.266209714781702633e+00,-8.566683783583902700e-01,-5.246345783432355248e+00
-5.364078502564601614e+00,-8.541906791041704583e-01,9.187900042560503966e-01,-1.266280896940351397e+00,-8.566401142936915791e-01,-5.246195541932726414e+00
-5.364397844736561005e+00,-8.541409118800177280e-01,9.187267779363642584e-01,-1.266352751858608183e+00,-8.566119557803977269e-01,-5.246044109320637361e+00
-5.364717365904381197e+00,-8.540909895839988719e-01,9.186634038733978436e-01,-1.266425269036275836e+00,-8.565839069746320478e-01,-5.245891507380032515e+00
-5.365037023046622444e+00,-8.540409190559036245e-01,9.185998905983235874e-01,-1.266498437973157865e+00,-8.565559720325172099e-01,-5.245737757894855413e+00
-5.365356773141841451e+00,-8.539907071355227197e-01,9.185362466423147021e-01,-1.266572248169057113e+00,-8.565281551101765478e-01,-5.245582882649051371e+00
-5.365676573168595809e+00,-8.539403606626462251e-01,9.184724805365440670e-01,-1.266646689123776870e+00,-8.565004603637327296e-01,-5.245426903426564813e+00
-5.365996380105442221e+00,-8.538898864770644304e-01,9.184086008121846723e-01,-1.266721750337119978e+00,-8.564728919493089787e-01,-5.245269842011341055e+00
-5.366316150930940054e+00,-8.538392914185676252e-01,9.183446160004095082e-01,-1.266797421308889948e+00,-8.564454540230282964e-01,-5.245111720187323634e+00
-5.366635842623646901e+00,-8.537885823269463215e-01,9.182805346323914542e-01,-1.266873691538890068e+00,-8.564181507410137950e-01,-5.244952559738457865e+00
-5.366955412162120354e+00,-8.537377660419905867e-01,9.182163652393036113e-01,-1.266950550526922736e+00,-8.563909862593883648e-01,-5.244792382448688173e+00
-5.367274816524917114e+00,-8.536868494034907107e-01,9.181521163523187479e-01,-1.267027987772791242e+00,-8.563639647342750072e-01,-5.244631210101958096e+00
-5.367594012690596550e+00,-8.536358392512372051e-01,9.180877965026099652e-01,-1.267105992776299317e+00,-8.563370903217968344e-01,-5.244469064482214726e+00
-5.367912957637716254e+00,-8.535847424250201376e-01,9.180234142213502535e-01,-1.267184555037249805e+00,-8.563103671780767367e-01,-5.244305967373400712e+00
-5.368231608344833816e+00,-8.535335657646300200e-01,9.179589780397124921e-01,-1.267263664055445771e+00,-8.562837994592379376e-01,-5.244141940559460480e+00
-5.368549921790505941e+00,-8.534823161098570310e-01,9.178944964888696711e-01,-1.267343309330690282e+00,-8.562573913214032162e-01,-5.243977005824340232e+00
-5.368867854953290220e+00,-8.534310003004913492e-01,9.178299780999948920e-01,-1.267423480362786403e+00,-8.562311469206957959e-01,-5.243811184951983506e+00
-5.369185364811747796e+00,-8.533796251763234864e-01,9.177654314042607009e-01,-1.267504166651537423e+00,-8.562050704132384560e-01,-5.243644499726335617e+00
-5.369502408344432709e+00,-8.533281975771435102e-01,9.177008649328404211e-01,-1.267585357696746184e+00,-8.561791659551544198e-01,-5.243476971931340103e+00
-5.369818942529903438e+00,-8.532767243427420434e-01,9.176362872169070428e-01,-1.267667042998216420e+00,-8.561534377025667997e-01,-5.243308623350943165e+00
-5.370134924346720240e+00,-8.532252123129089316e-01,9.175717067876333344e-01,-1.267749212055750752e+00,-8.561278898115982638e-01,-5.243139475769087454e+00
-5.370450310773438929e+00,-8.531736683274349087e-01,9.175071321761921750e-01,-1.267831854369152467e+00,-8.561025264383721467e-01,-5.242969550969720061e+00
-5.370765058788617097e+00,-8.531220992261101532e-01,9.174425719137568880e-01,-1.267914959438224631e+00,-8.560773517390113385e-01,-5.242798870736781858e+00
-5.371079125370812335e+00,-8.530705118487248440e-01,9.173780345315003526e-01,-1.267998516762770533e+00,-8.560523698696388406e-01,-5.242627456854221712e+00
-5.371392467498583123e+00,-8.530189130350694926e-01,9.173135285605952260e-01,-1.268082515842593017e+00,-8.560275849863776543e-01,-5.242455331105981386e+00
-5.371705042150487941e+00,-8.529673096249340558e-01,9.172490625322146096e-01,-1.268166946177495369e+00,-8.560030012453507808e-01,-5.242282515276007082e+00
-5.372016806305083492e+00,-8.529157084581091564e-01,9.171846449775314936e-01,-1.268251797267280656e+00,-8.559786228026815547e-01,-5.242109031148242337e+00
-5.372327716940928255e+00,-8.528641163743848619e-01,9.171202844277190902e-01,-1.268337058611752610e+00,-8.559544538144924219e-01,-5.241934900506632466e+00
-5.372637731036579822e+00,-8.528125402135515731e-01,9.170559894139498347e-01,-1.268422719710713409e+00,-8.559304984369070501e-01,-5.241760145135120119e+00
-5.372946805570594897e+00,-8.527609868153995798e-01,9.169917684673972724e-01,-1.268508770063966340e+00,-8.559067608260478854e-01,-5.241584786817654162e+00
-5.373254897521531959e+00,-8.527094630197191716e-01,9.169276301192339496e-01,-1.268595199171315135e+00,-8.558832451380383732e-01,-5.241408847338175470e+00
-5.373561963867948599e+00,-8.526579756663007492e-01,9.168635829006328564e-01,-1.268681996532562639e+00,-8.558599555290011818e-01,-5.241232348480629355e+00
-5.373867961588405073e+00,-8.526065315949344914e-01,9.167996353427673162e-01,-1.268769151647511695e+00,-8.558368961550595344e-01,-5.241055312028961133e+00
-5.374172847661455421e+00,-8.525551376454106878e-01,9.167357959768097642e-01,-1.268856654015965812e+00,-8.558140711723364324e-01,-5.240877759767116117e+00
-5.374476579065659898e+00,-8.525038006575195171e-01,9.166720733339335236e-01,-1.268944493137728058e+00,-8.557914847369547662e-01,-5.240699713479037847e+00
-5.374779112779575208e+00,-8.524525274710516021e-01,9.166084759453113628e-01,-1.269032658512601275e+00,-8.557691410050377590e-01,-5.240521194948671635e+00
-5.375080405781758941e+00,-8.524013249257971214e-01,9.165450123421164941e-01,-1.269121139640388973e+00,-8.557470441327083011e-01,-5.240342225959960132e+00
-5.375380415050769578e+00,-8.523501998615461428e-01,9.164816910555216856e-01,-1.269209926020893553e+00,-8.557251982760893938e-01,-5.240162828296850428e+00
-5.375679097565165598e+00,-8.522991591180892890e-01,9.164185206166998166e-01,-1.269299007153919412e+00,-8.557036075913040385e-01,-5.239983023743285173e+00
-5.375976400986633763e+00,-8.522482117564669224e-01,9.163555121086980337e-01,-1.269388366722355554e+00,-8.556822761662825627e-01,-5.239802845000416376e+00
-5.376272220629080500e+00,-8.521973793180435131e-01,9.162926909525295205e-01,-1.269477955726169727e+00,-8.556612077058052268e-01,-5.239622386108834462e+00
-5.376566433537243839e+00,-8.521466876997644269e-01,9.162300875730990946e-01,-1.269567713759122807e+00,-8.556404057809356978e-01,-5.239441762516344525e+00
-5.376858916736923177e+00,-8.520961628030924162e-01,9.161677324005000900e-01,-1.269657580403147801e+00,-8.556198739625984206e-01,-5.239261089692951678e+00
-5.377149547253915252e+00,-8.520458305294896784e-01,9.161056558648259518e-01,-1.269747495240178159e+00,-8.555996158217177294e-01,-5.239080483108656594e+00
-5.377438202114016796e+00,-8.519957167804187437e-01,9.160438883961706802e-01,-1.269837397852147109e+00,-8.555796349292185132e-01,-5.238900058233466162e+00
-5.377724758343024547e+00,-8.519458474573416984e-01,9.159824604246273871e-01,-1.269927227820987881e+00,-8.555599348560252171e-01,-5.238719930537380165e+00
-5.378009092966737015e+00,-8.518962484617212949e-01,9.159214023802898508e-01,-1.270016924728633034e+00,-8.555405191730622860e-01,-5.238540215490406382e+00
-5.378291083010947382e+00,-8.518469456950197305e-01,9.158607446932515161e-01,-1.270106428157016021e+00,-8.555213914512544982e-01,-5.238361028562546373e+00
-5.378570605501455049e+00,-8.517979650586995355e-01,9.158005177936060504e-01,-1.270195677688070290e+00,-8.555025552615264095e-01,-5.238182485223804363e+00
-5.378847537464055861e+00,-8.517493324542230182e-01,9.157407521114467874e-01,-1.270284612903729071e+00,-8.554840141748024651e-01,-5.238004700944182801e+00
-5.379121755924549220e+00,-8.517010737830525979e-01,9.156814780768676165e-01,-1.270373173385924925e+00,-8.554657717620072210e-01,-5.237827791193685911e+00
-5.379393137908729194e+00,-8.516532149466505830e-01,9.156227261199617606e-01,-1.270461298716591525e+00,-8.554478315940653443e-01,-5.237651871442317031e+00
-5.379661560442393409e+00,-8.516057818464793927e-01,9.155645266708229979e-01,-1.270548928477661876e+00,-8.554301972419013911e-01,-5.237477057160081273e+00
-5.379926900551339486e+00,-8.515588003840015574e-01,9.155069101595447734e-01,-1.270636002251069430e+00,-8.554128722764399173e-01,-5.237303463816981086e+00
-5.380189035261364161e+00,-8.515122964606793854e-01,9.154499070162207541e-01,-1.270722459618746525e+00,-8.553958602686055901e-01,-5.237131206883019807e+00
-5.380447841598263281e+00,-8.514662959779751850e-01,9.153935476709441632e-01,-1.270808240162627500e+00,-8.553791647893228545e-01,-5.236960401828203437e+00
-5.380703196587835357e+00,-8.514208248373515975e-01,9.153378625538090008e-01,-1.270893283464644696e+00,-8.553627894095162665e-01,-5.236791164122530873e+00
-5.380954977255876237e+00,-8.513759089402708202e-01,9.152828820949083788e-01,-1.270977529106731563e+00,-8.553467377001103822e-01,-5.236623609236009891e+00
-5.381203060628182655e+00,-8.513315741881951615e-01,9.152286367243364085e-01,-1.271060916670820884e+00,-8.553310132320298687e-01,-5.236457852638642940e+00
-5.381447323730552235e+00,-8.512878464825871516e-01,9.151751568721860908e-01,-1.271143385738846554e+00,-8.553156195761992819e-01,-5.236294009800433358e+00
-5.381687643588781711e+00,-8.512447517249093210e-01,9.151224729685512038e-01,-1.271224875892741357e+00,-8.553005603035431781e-01,-5.236132196191384480e+00
-5.381923897228667819e+00,-8.512023158166237558e-01,9.150706154435253037e-01,-1.271305326714438300e+00,-8.552858389849861132e-01,-5.235972527281501421e+00
-5.382155961827607804e+00,-8.511605646302463635e-01,9.150196146924485241e-01,-1.271384677845944999e+00,-8.552714591835213209e-01,-5.235815118423612802e+00
-5.382383750791838395e+00,-8.511195171207537324e-01,9.149694928054145082e-01,-1.271462883285571444e+00,-8.552574225667313179e-01,-5.235660056968868936e+00
-5.382607260466045318e+00,-8.510791764068426080e-01,9.149202528593700645e-01,-1.271539929897419929e+00,-8.552437264630471381e-01,-5.235507366164360299e+00
-5.382826498751029476e+00,-8.510395434006847726e-01,9.148718952820910078e-01,-1.271615809124902796e+00,-8.552303675963105478e-01,-5.235357060325322109e+00
-5.383041473547592659e+00,-8.510006190144505656e-01,9.148244205013530417e-01,-1.271690512411432161e+00,-8.552173426903628695e-01,-5.235209153766988699e+00
-5.383252192756538435e+00,-8.509624041603113254e-01,9.147778289449319811e-01,-1.271764031200420808e+00,-8.552046484690453143e-01,-5.235063660804597063e+00
-5.383458664278664152e+00,-8.509248997504380574e-01,9.147321210406035297e-01,-1.271836356935280854e+00,-8.551922816561996488e-01,-5.234920595753383310e+00
-5.383660896014776043e+00,-8.508881066970017670e-01,9.146872972161437243e-01,-1.271907481059424638e+00,-8.551802389756669731e-01,-5.234779972928581770e+00
-5.383858895865672345e+00,-8.508520259121733487e-01,9.146433578993280467e-01,-1.271977395016264500e+00,-8.551685171512890538e-01,-5.234641806645428552e+00
-5.384052671732155737e+00,-8.508166583081240297e-01,9.146003035179323115e-01,-1.272046090249213224e+00,-8.551571129069073240e-01,-5.234506111219159763e+00
-5.384242231515029786e+00,-8.507820047970248156e-01,9.145581344997325557e-01,-1.272113558201682704e+00,-8.551460229663628843e-01,-5.234372900965011510e+00
-5.384427583115091842e+00,-8.507480662910464897e-01,9.145168512725041499e-01,-1.272179790317085502e+00,-8.551352440534975008e-01,-5.234242190198218125e+00
-5.384608734433148136e+00,-8.507148437023603904e-01,9.144764542640233529e-01,-1.272244778038833957e+00,-8.551247728921524960e-01,-5.234113993234016604e+00
-5.384785693369997794e+00,-8.506823379431373011e-01,9.144369439020656465e-01,-1.272308512810340630e+00,-8.551146062061693032e-01,-5.233988324387643054e+00
-5.384958467826441719e+00,-8.506505499255481162e-01,9.143983206144067344e-01,-1.272370986075017862e+00,-8.551047407193892447e-01,-5.233865197974331807e+00
-5.385127065703283478e+00,-8.506194805617642851e-01,9.143605848288225424e-01,-1.272432189276277770e+00,-8.550951731556540869e-01,-5.233744628309318969e+00
-5.385291494901323084e+00,-8.505891307639564802e-01,9.143237369730888853e-01,-1.272492113857533136e+00,-8.550859002388049301e-01,-5.233626629707840650e+00
-5.385451763321363217e+00,-8.505595014442959290e-01,9.142877774749814668e-01,-1.272550751262195856e+00,-8.550769186926834298e-01,-5.233511216485132955e+00
-5.385607878864204778e+00,-8.505305935149534147e-01,9.142527067622759906e-01,-1.272608092933678714e+00,-8.550682252411307971e-01,-5.233398402956431106e+00
-5.385759849430651336e+00,-8.505024078881001648e-01,9.142185252627483827e-01,-1.272664130315393827e+00,-8.550598166079889095e-01,-5.233288203436969432e+00
-5.385907682921501127e+00,-8.504749454759070737e-01,9.141852334041743466e-01,-1.272718854850753978e+00,-8.550516895170986453e-01,-5.233180632241986707e+00
-5.386051387237557719e+00,-8.504482071905452578e-01,9.141528316143295863e-01,-1.272772257983171285e+00,-8.550438406923018819e-01,-5.233075703686715485e+00
-5.386190970279622903e+00,-8.504221939441857225e-01,9.141213203209901383e-01,-1.272824331156057864e+00,-8.550362668574398306e-01,-5.232973432086393650e+00
-5.386326439948496692e+00,-8.503969066489992512e-01,9.140906999519313736e-01,-1.272875065812826056e+00,-8.550289647363539247e-01,-5.232873831756256422e+00
-5.386457804144983541e+00,-8.503723462171574043e-01,9.140609709349295509e-01,-1.272924453396889088e+00,-8.550219310528858196e-01,-5.232776917011539908e+00
-5.386585070769882577e+00,-8.503485135608305212e-01,9.140321336977599298e-01,-1.272972485351658634e+00,-8.550151625308768377e-01,-5.232682702167478439e+00
-5.386708247723995591e+00,-8.503254095921901623e-01,9.140041886681987693e-01,-1.273019153120547031e+00,-8.550086558941681902e-01,-5.232591201539308123e+00
-5.386827342908126148e+00,-8.503030352234070000e-01,9.139771362740214400e-01,-1.273064448146967065e+00,-8.550024078666016436e-01,-5.232502429442265068e+00
-5.386942364223073376e+00,-8.502813913666523726e-01,9.139509769430042008e-01,-1.273108361874331074e+00,-8.549964151720186312e-01,-5.232416400191586270e+00
-5.387053319569639953e+00,-8.502604789340969527e-01,9.139257111029223113e-01,-1.273150885746050953e+00,-8.549906745342602532e-01,-5.232333128102505171e+00
-5.387160216848628558e+00,-8.502402988379118565e-01,9.139013391815519194e-01,-1.273192011205539487e+00,-8.549851826771682761e-01,-5.232252627490257879e+00
-5.387263063960839204e+00,-8.502208519902683115e-01,9.138778616066686178e-01,-1.273231729696209014e+00,-8.549799363245840222e-01,-5.232174912670082279e+00
-5.387361868807073684e+00,-8.502021393033371011e-01,9.138552788060481102e-01,-1.273270032661471873e+00,-8.549749322003490359e-01,-5.232099997957212700e+00
-5.387456639288135563e+00,-8.501841616892893416e-01,9.138335912074664336e-01,-1.273306911544740405e+00,-8.549701670283044175e-01,-5.232027897666883476e+00
-5.387547383304822191e+00,-8.501669200602961496e-01,9.138127992386992915e-01,-1.273342357789426949e+00,-8.549656375322921553e-01,-5.231958626114332489e+00
-5.387634108757938911e+00,-8.501504153285283083e-01,9.137929033275222768e-01,-1.273376362838943843e+00,-8.549613404361531277e-01,-5.231892197614794959e+00
-5.387716823548287515e+00,-8.501346484061571562e-01,9.137739039017113152e-01,-1.273408918136704093e+00,-8.549572724637292120e-01,-5.231828626483505218e+00
-5.387795535576667127e+00,-8.501196202053533657e-01,9.137558013890421105e-01,-1.273440015126119151e+00,-8.549534303388615086e-01,-5.231767927035699373e+00
-5.387870252743881316e+00,-8.501053316382882752e-01,9.137385962172906995e-01,-1.273469645250601801e+00,-8.549498107853917839e-01,-5.231710113586615307e+00
-5.387940982950730096e+00,-8.500917836171325570e-01,9.137222888142323418e-01,-1.273497799953564824e+00,-8.549464105271611380e-01,-5.231655200451487353e+00
-5.388007734098016144e+00,-8.500789770540574386e-01,9.137068796076432964e-01,-1.273524470678419895e+00,-8.549432262880113376e-01,-5.231603201945548953e+00
-5.388070514086540364e+00,-8.500669128612340364e-01,9.136923690252991559e-01,-1.273549648868579576e+00,-8.549402547917835937e-01,-5.231554132384039768e+00
-5.388129330817106322e+00,-8.500555919508331337e-01,9.136787574949758461e-01,-1.273573325967456871e+00,-8.549374927623195619e-01,-5.231508006082193241e+00
-5.388184192190512256e+00,-8.500450152350259581e-01,9.136660454444487378e-01,-1.273595493418463231e+00,-8.549349369234603424e-01,-5.231464837355246367e+00
-5.388235106107562622e+00,-8.500351836259832927e-01,9.136542333014939787e-01,-1.273616142665011886e+00,-8.549325839990477016e-01,-5.231424640518432589e+00
-5.388282080469058322e+00,-8.500260980358763652e-01,9.136433214938874947e-01,-1.273635265150514728e+00,-8.549304307129229619e-01,-5.231387429886989793e+00
-5.388325123175800258e+00,-8.500177593768760698e-01,9.136333104494045454e-01,-1.273652852318383877e+00,-8.549284737889274455e-01,-5.231353219776153196e+00
-5.388364242128591108e+00,-8.500101685611536340e-01,9.136242005958212786e-01,-1.273668895612032337e+00,-8.549267099509028078e-01,-5.231322024501158019e+00
-5.388399445228230888e+00,-8.500033265008797301e-01,9.136159923609132871e-01,-1.273683386474872448e+00,-8.549251359226902602e-01,-5.231293858377239481e+00
-5.388430740375522277e+00,-8.499972341082256966e-01,9.136086861724566077e-01,-1.273696316350316105e+00,-8.549237484281314581e-01,-5.231268735719635465e+00
-5.388458135471267951e+00,-8.499918922953624278e-01,9.136022824582268331e-01,-1.273707676681775869e+00,-8.549225441910678347e-01,-5.231246670843580304e+00
-5.388481638416267039e+00,-8.499873019744608182e-01,9.135967816459995561e-01,-1.273717458912664302e+00,-8.549215199353406014e-01,-5.231227678064308328e+00
-5.388501257111323994e+00,-8.499834640576920952e-01,9.135921841635509244e-01,-1.273725654486393744e+00,-8.549206723847913025e-01,-5.231211771697058310e+00
-5.388516999457236167e+00,-8.499803794572271531e-01,9.135884904386564198e-01,-1.273732254846376311e+00,-8.549199982632614825e-01,-5.231198966057063693e+00
-5.388528873354810678e+00,-8.499780490852369974e-01,9.135857008990920791e-01,-1.273737251436024787e+00,-8.549194942945925746e-01,-5.231189275459561472e+00
-5.388536886704845763e+00,-8.499764738538928555e-01,9.135838159726333840e-01,-1.273740635698751067e+00,-8.549191572026259012e-01,-5.231182714219785090e+00
-5.388541047408142326e+00,-8.499756546753652886e-01,9.135828360870564824e-01,-1.273742399077967935e+00,-8.549189837112028956e-01,-5.231179296652973321e+00
-5.388541363365503045e+00,-8.499755924618259684e-01,9.135827616701368559e-01,-1.273742533017087952e+00,-8.549189705441651022e-01,-5.231179037074359606e+00
