q1,q2,q3,q4,q5,q6
2.337430637577334602e-01,4.210110549061034657e-01,4.524151391249285892e-01,9.893889318374470563e-08,6.973697574665804755e-01,1.804539288481332049e+00
2.337143097846404449e-01,4.210025782819409312e-01,4.524276007860037474e-01,9.844487720457489077e-08,6.973657722473427523e-01,1.804510535020617423e+00
2.336285425860388232e-01,4.209773835696731803e-01,4.524646369192276696e-01,9.698625354786377924e-08,6.973539302875690904e-01,1.804424769334847412e+00
2.334865042429445647e-01,4.209358235096302137e-01,4.525257242495980270e-01,9.459815863480891033e-08,6.973344021341687515e-01,1.804282733468581590e+00
2.332889368363737226e-01,4.208782508421419211e-01,4.526103395021124909e-01,9.131572888660782330e-08,6.973073583340507753e-01,1.804085169466380645e+00
2.330365824473422665e-01,4.208050183075382478e-01,4.527179594017686770e-01,8.717410072445807067e-08,6.972729694341244233e-01,1.803832819372804819e+00
2.327301831568662771e-01,4.207164786461490280e-01,4.528480606735642566e-01,8.220841056955716524e-08,6.972314059812988463e-01,1.803526425232414576e+00
2.323704810459616965e-01,4.206129845983042626e-01,4.530001200424969565e-01,7.645379484310263306e-08,6.971828385224834168e-01,1.803166729089769715e+00
2.319582181956446332e-01,4.204948889043338967e-01,4.531736142335643369e-01,6.994538996629205310e-08,6.971274376045870635e-01,1.802754472989430479e+00
2.314941366869310291e-01,4.203625443045677645e-01,4.533680199717641246e-01,6.271833236032288524e-08,6.970653737745191592e-01,1.802290398975957553e+00
2.309789786008369372e-01,4.202163035393358115e-01,4.535828139820939353e-01,5.480775844639274154e-08,6.969968175791887433e-01,1.801775249093910736e+00
2.304134860183783828e-01,4.200565193489680382e-01,4.538174729895514958e-01,4.624880464569912819e-08,6.969219395655050775e-01,1.801209765387850492e+00
2.297984010205713912e-01,4.198835444737942790e-01,4.540714737191344219e-01,3.707660737943955137e-08,6.968409102803774235e-01,1.800594689902336842e+00
2.291344656884319320e-01,4.196977316541444791e-01,4.543442928958403848e-01,2.732630306881157023e-08,6.967539002707149320e-01,1.799930764681930473e+00
2.284224221029760860e-01,4.194994336303485838e-01,4.546354072446670003e-01,1.703302813501273065e-08,6.966610800834266426e-01,1.799218731771191404e+00
2.276630123452198229e-01,4.192890031427364272e-01,4.549442934906119396e-01,6.231918999240581831e-09,6.965626202654219279e-01,1.798459333214679656e+00
2.268569784961791680e-01,4.190667929316380103e-01,4.552704283586729850e-01,-5.041887917307389884e-09,6.964586913636099386e-01,1.797653311056955694e+00
2.260050626368701743e-01,4.188331557373832226e-01,4.556132885738476412e-01,-1.675325619343363530e-08,6.963494639248997142e-01,1.796801407342579759e+00
2.251080068483088392e-01,4.185884443003020094e-01,4.559723508611336906e-01,-2.886704940794062505e-08,6.962351084962007386e-01,1.795904364116111873e+00
2.241665532115111881e-01,4.183330113607243161e-01,4.563470919455286379e-01,-4.134813113963076032e-08,6.961157956244219402e-01,1.794962923422112722e+00
2.231814438074932183e-01,4.180672096589799769e-01,4.567369885520302653e-01,-5.416136496730657131e-08,6.959916958564726919e-01,1.793977827305142325e+00
2.221534207172709829e-01,4.177913919353989924e-01,4.571415174056362440e-01,-6.727161446977053198e-08,6.958629797392620331e-01,1.792949817809760704e+00
2.210832260218604794e-01,4.175059109303112526e-01,4.575601552313441345e-01,-8.064374322582501702e-08,6.957298178196992255e-01,1.791879636980528323e+00
2.199716018022777053e-01,4.172111193840465915e-01,4.579923787541517188e-01,-9.424261481427264598e-08,6.955923806446935309e-01,1.790768026862005424e+00
2.188192901395387413e-01,4.169073700369351210e-01,4.584376646990565574e-01,-1.080330928139157605e-07,6.954508387611538778e-01,1.789615729498752250e+00
2.176270331146595294e-01,4.165950156293066198e-01,4.588954897910563768e-01,-1.219800408035568874e-07,6.953053627159897498e-01,1.788423486935329043e+00
2.163955728086561503e-01,4.162744089014909776e-01,4.593653307551487930e-01,-1.360483223619984345e-07,6.951561230561100757e-01,1.787192041216295824e+00
2.151256513025446016e-01,4.159459025938182508e-01,4.598466643163315326e-01,-1.502028010680427964e-07,6.950032903284243391e-01,1.785922134386213056e+00
2.138180106773408806e-01,4.156098494466182180e-01,4.603389671996021559e-01,-1.644083405004927514e-07,6.948470350798414685e-01,1.784614508489641205e+00
2.124733930140610683e-01,4.152666022002209911e-01,4.608417161299583897e-01,-1.786298042381503896e-07,6.946875278572708368e-01,1.783269905571140290e+00
2.110925403937210787e-01,4.149165135949562933e-01,4.613543878323979053e-01,-1.928320558598183572e-07,6.945249392076215944e-01,1.781889067675270111e+00
2.096761948973370204e-01,4.145599363711541252e-01,4.618764590319182628e-01,-2.069799589442991412e-07,6.943594396778027811e-01,1.780472736846591575e+00
2.082250986059248909e-01,4.141972232691443767e-01,4.624074064535172446e-01,-2.210383770703951495e-07,6.941911998147237695e-01,1.779021655129664703e+00
2.067399936005006877e-01,4.138287270292570486e-01,4.629467068221924664e-01,-2.349721738169089751e-07,6.940203901652937102e-01,1.777536564569049737e+00
2.052216219620804638e-01,4.134548003918219750e-01,4.634938368629415995e-01,-2.487462127626428140e-07,6.938471812764216429e-01,1.776018207209306921e+00
2.036707257716801889e-01,4.130757960971691012e-01,4.640482733007622040e-01,-2.623253574863993388e-07,6.936717436950168292e-01,1.774467325094996273e+00
2.020880821851882281e-01,4.126920725102992127e-01,4.646094848513873110e-01,-2.756749654118559970e-07,6.934942503524282875e-01,1.772884695346063522e+00
2.004752024957024426e-01,4.123041057238034379e-01,4.651767725920396557e-01,-2.887707304193810061e-07,6.933149240876950170e-01,1.771271829230399053e+00
1.988342939387907904e-01,4.119124834328842244e-01,4.657492786831114451e-01,-3.015981450742608029e-07,6.931340350510146742e-01,1.769630933968539432e+00
1.971675911791091751e-01,4.115177977313230762e-01,4.663261390216269509e-01,-3.141430881360445665e-07,6.929518552572522250e-01,1.767964244210511460e+00
1.954773288813135557e-01,4.111206407129015528e-01,4.669064895046103336e-01,-3.263914383642815818e-07,6.927686567212736346e-01,1.766273994606340603e+00
1.937657417100597523e-01,4.107216044714012138e-01,4.674894660290860315e-01,-3.383290745185212395e-07,6.925847114579442021e-01,1.764562419806053217e+00
1.920350643300036408e-01,4.103212811006033967e-01,4.680742044920779832e-01,-3.499418753583127187e-07,6.924002914821295596e-01,1.762831754459675437e+00
1.902875314058011802e-01,4.099202626942897720e-01,4.686598407906107933e-01,-3.612157196432053043e-07,6.922156688086951171e-01,1.761084233217233397e+00
1.885253776021082184e-01,4.095191413462416774e-01,4.692455108217084003e-01,-3.721364861327482813e-07,6.920311154525065067e-01,1.759322090728753452e+00
1.867508375835806034e-01,4.091185091502407833e-01,4.698303504823952981e-01,-3.826900535864910403e-07,6.918469034284292496e-01,1.757547561644261291e+00
1.849661460148742942e-01,4.087189582000684274e-01,4.704134956696955916e-01,-3.928623007639828663e-07,6.916633047513287558e-01,1.755762880613783050e+00
1.831735375606451111e-01,4.083210805895062245e-01,4.709940822806336080e-01,-4.026391064247729383e-07,6.914805914360708794e-01,1.753970282287345084e+00
1.813752468855489852e-01,4.079254684123356789e-01,4.715712462122335080e-01,-4.120063493284106471e-07,6.912990354975205864e-01,1.752172001314973082e+00
1.795735086542417647e-01,4.075327137623381279e-01,4.721441233615196187e-01,-4.209499082344452247e-07,6.911189089505440641e-01,1.750370272346693401e+00
1.777705575313794084e-01,4.071434087332951868e-01,4.727118496255162117e-01,-4.294556619024260089e-07,6.909404838100062785e-01,1.748567330032532396e+00
1.759686281816177089e-01,4.067581454189884704e-01,4.732735609012475031e-01,-4.375094890919022318e-07,6.907640320907731946e-01,1.746765409022515758e+00
1.741699552696126529e-01,4.063775159131992054e-01,4.738283930857376536e-01,-4.450972685624233369e-07,6.905898258077100005e-01,1.744966743966669842e+00
1.723767734600200330e-01,4.060021123097090623e-01,4.743754820760111013e-01,-4.522048790735382386e-07,6.904181369756824393e-01,1.743173569515020560e+00
1.705911520697125650e-01,4.056324829558638490e-01,4.749140278296229423e-01,-4.588199523945571182e-07,6.902492172947853888e-01,1.741387954971628460e+00
1.688134854839699606e-01,4.052687330585816317e-01,4.754438792212484777e-01,-4.649478778442010176e-07,6.900831126815790695e-01,1.739610294727371720e+00
1.670431943643972961e-01,4.049107102045127471e-01,4.759652623743803601e-01,-4.706043681157923765e-07,6.899197494200968173e-01,1.737840009460156265e+00
1.652796873341511597e-01,4.045582587952684106e-01,4.764784080765553376e-01,-4.758052635337426635e-07,6.897590523153177555e-01,1.736076507809573233e+00
1.635223730163883060e-01,4.042112232324593935e-01,4.769835471153105466e-01,-4.805664044224630820e-07,6.896009461722211187e-01,1.734319198415213092e+00
1.617706600342652401e-01,4.038694479176967445e-01,4.774809102781827908e-01,-4.849036311063647301e-07,6.894453557957859191e-01,1.732567489916665426e+00
1.600239570109386888e-01,4.035327772525914014e-01,4.779707283527091510e-01,-4.888327839098590759e-07,6.892922059909912802e-01,1.730820790953521371e+00
1.582816725695652682e-01,4.032010556387544131e-01,4.784532321264263754e-01,-4.923697031573575878e-07,6.891414215628163253e-01,1.729078510165370730e+00
1.565432153333016496e-01,4.028741274777967174e-01,4.789286523868716006e-01,-4.955302291732710989e-07,6.889929273162405110e-01,1.727340056191804418e+00
1.548079939253043935e-01,4.025518371713293075e-01,4.793972199215816854e-01,-4.983302022820112894e-07,6.888466480562425165e-01,1.725604837672412684e+00
1.530754169687302269e-01,4.022340291209630658e-01,4.798591655180936000e-01,-5.007854628079892041e-07,6.887025085878014652e-01,1.723872263246786218e+00
1.513448930867357101e-01,4.019205477283090411e-01,4.803147199639442033e-01,-5.029118510756160995e-07,6.885604337158969246e-01,1.722141741554515271e+00
1.496158309024775979e-01,4.016112373949782266e-01,4.807641140466705765e-01,-5.047252074093033382e-07,6.884203482455076850e-01,1.720412681235189645e+00
1.478876390391123952e-01,4.013059425225815602e-01,4.812075785538096340e-01,-5.062413721334622826e-07,6.882821769816130919e-01,1.718684490928400477e+00
1.461597261197968289e-01,4.010045075127300906e-01,4.816453442728982903e-01,-5.074761855725038716e-07,6.881458447291920466e-01,1.716956579273738015e+00
1.444315007676875429e-01,4.007067767670347003e-01,4.820776419914733490e-01,-5.084454880508397855e-07,6.880112762932237835e-01,1.715228354910792508e+00
1.427023716059410974e-01,4.004125946871064379e-01,4.825047024970720022e-01,-5.091651198928812807e-07,6.878783964786874261e-01,1.713499226479154647e+00
1.409717472577142472e-01,4.001218056745561857e-01,4.829267565772311088e-01,-5.096509214230392963e-07,6.877471300905620977e-01,1.711768602618414459e+00
1.392390840011422382e-01,3.998342666244530941e-01,4.833440167145208743e-01,-5.099182058469617464e-07,6.876174077455361466e-01,1.710035939622594592e+00
1.375042896537776727e-01,3.995499528096082553e-01,4.837565219486902879e-01,-5.099772918260539376e-07,6.874892151272756768e-01,1.708301145319957026e+00
1.357675210898058316e-01,3.992689047967159510e-01,4.841642156532330876e-01,-5.098357431694904797e-07,6.873625682928672376e-01,1.706564376592538235e+00
1.340289377909389956e-01,3.989911638360720270e-01,4.845670402000540333e-01,-5.095010948442056581e-07,6.872374836173948953e-01,1.704825792929873574e+00
1.322886992388891958e-01,3.987167711779723844e-01,4.849649379610582733e-01,-5.089808818171338639e-07,6.871139774759429386e-01,1.703085553821497511e+00
1.305469649153687683e-01,3.984457680727129802e-01,4.853578513081506784e-01,-5.082826390552092767e-07,6.869920662435956560e-01,1.701343818756944515e+00
1.288038943020898275e-01,3.981781957705897157e-01,4.857457226132360639e-01,-5.074139015253661817e-07,6.868717662954371139e-01,1.699600747225749275e+00
1.270596468807645985e-01,3.979140955218985476e-01,4.861284942482195226e-01,-5.063822041945388642e-07,6.867530940065516010e-01,1.697856498717446261e+00
1.253143821331052232e-01,3.976535085769353772e-01,4.865061085850058142e-01,-5.051950820296616096e-07,6.866360657520232946e-01,1.696111232721570605e+00
1.235682595408239826e-01,3.973964761859961059e-01,4.868785079955000872e-01,-5.038600699976687031e-07,6.865206979069363724e-01,1.694365108727656111e+00
1.218214385856330184e-01,3.971430395993766349e-01,4.872456348516071567e-01,-5.023847030654944301e-07,6.864070068463752339e-01,1.692618286225238133e+00
1.200740787492445005e-01,3.968932400673728655e-01,4.876074315252319491e-01,-5.007765162000731818e-07,6.862950089454239455e-01,1.690870924703850919e+00
1.183263395133706403e-01,3.966471188402807546e-01,4.879638403882793907e-01,-4.990430443683390316e-07,6.861847205791667959e-01,1.689123183653029159e+00
1.165783803597236212e-01,3.964047171683962589e-01,4.883148038126545187e-01,-4.971918225372264768e-07,6.860761581226880734e-01,1.687375222562307542e+00
1.148303607700156548e-01,3.961660763020152798e-01,4.886602641702621486e-01,-4.952303856736696967e-07,6.859693379510716227e-01,1.685627200921220537e+00
1.130824402259589107e-01,3.959312374914336630e-01,4.890001638330072620e-01,-4.931662687446028707e-07,6.858642764394021762e-01,1.683879278219302611e+00
1.113347782092656141e-01,3.957002419869473653e-01,4.893344451727947853e-01,-4.910070067169606018e-07,6.857609899627636896e-01,1.682131613946088677e+00
1.095875342016478932e-01,3.954731310388523435e-01,4.896630505615297002e-01,-4.887601345576768576e-07,6.856594948962402292e-01,1.680384367591112982e+00
1.078408617185174223e-01,3.952499442910624161e-01,4.899859247129669804e-01,-4.864332046459154272e-07,6.855598068794450661e-01,1.678637692677628079e+00
1.060948044554266695e-01,3.950306918193114414e-01,4.903030554465770963e-01,-4.840340898623881031e-07,6.854619280143978699e-01,1.676891632909358165e+00
1.043493096489953448e-01,3.948153577284830851e-01,4.906144684432088288e-01,-4.815709445964298061e-07,6.853658485125390110e-01,1.675146135531385916e+00
1.026043212558323398e-01,3.946039252403424902e-01,4.909201906711580521e-01,-4.790519328098565772e-07,6.852715581809788459e-01,1.673401144508793292e+00
1.008597832325465876e-01,3.943963775766549662e-01,4.912202490987203629e-01,-4.764852184644845636e-07,6.851790468268279533e-01,1.671656603806662478e+00
9.911563953574695218e-02,3.941926979591856561e-01,4.915146706941914134e-01,-4.738789655221297003e-07,6.850883042571962456e-01,1.669912457390074989e+00
9.737183412204239441e-02,3.939928696096996474e-01,4.918034824258671889e-01,-4.712413379446080813e-07,6.849993202791945235e-01,1.668168649224113009e+00
9.562831094804179199e-02,3.937968757499624162e-01,4.920867112620430084e-01,-4.685804996937357479e-07,6.849120846999330325e-01,1.666425123273858278e+00
9.388501397035403651e-02,3.936046996017389388e-01,4.923643841710148017e-01,-4.659046147313286880e-07,6.848265873265221293e-01,1.664681823504392755e+00
9.214188714558807503e-02,3.934163243867944693e-01,4.926365281210782765e-01,-4.632218470192031546e-07,6.847428179660720593e-01,1.662938693880798624e+00
9.039887443035278525e-02,3.932317333268943171e-01,4.929031700805290295e-01,-4.605403605191749770e-07,6.846607664256936232e-01,1.661195678368157624e+00
8.865591978125705874e-02,3.930509096438035699e-01,4.931643370176628793e-01,-4.578683191930603551e-07,6.845804225124967335e-01,1.659452720931551495e+00
8.691296715490982872e-02,3.928738365592874260e-01,4.934200559007754228e-01,-4.552138870026753298e-07,6.845017760335920798e-01,1.657709765536062196e+00
8.516996050792000061e-02,3.927004972951110839e-01,4.936703536981623119e-01,-4.525852279098358366e-07,6.844248167960897966e-01,1.655966756146771690e+00
8.342684379689647989e-02,3.925308750730398533e-01,4.939152573781194211e-01,-4.499905058763580222e-07,6.843495346071005736e-01,1.654223636728762159e+00
8.168356097844818586e-02,3.923649531148388769e-01,4.941547939089422914e-01,-4.474378848640579808e-07,6.842759192737344343e-01,1.652480351247115120e+00
7.994005600918399623e-02,3.922027146422732979e-01,4.943889902589266860e-01,-4.449355288347516475e-07,6.842039606031019572e-01,1.650736843666912979e+00
7.819627284571280257e-02,3.920441428771084813e-01,4.946178733963683127e-01,-4.424916017502552222e-07,6.841336484023134989e-01,1.648993057953237251e+00
7.645215548733713673e-02,3.918892210421224820e-01,4.948414702869210480e-01,-4.401142612196148777e-07,6.840649724801111109e-01,1.647248938113856864e+00
7.470766646613605233e-02,3.917379327998739003e-01,4.950598067494737520e-01,-4.378089071888556106e-07,6.839979233534856373e-01,1.645504446686455680e+00
7.296281573551775812e-02,3.915902629382221334e-01,4.952729056685936104e-01,-4.355738833464441837e-07,6.839324933516821581e-01,1.643759593622724724e+00
7.121762072599145676e-02,3.914461964224572599e-01,4.954807894661822920e-01,-4.334064207939030155e-07,6.838686750896910693e-01,1.642014396350301331e+00
6.947209886806646195e-02,3.913057182178692472e-01,4.956834805641414099e-01,-4.313037506327542068e-07,6.838064611825026562e-01,1.640268872296822833e+00
6.772626759225205961e-02,3.911688132897481185e-01,4.958810013843725772e-01,-4.292631039645202819e-07,6.837458442451074259e-01,1.638523038889926786e+00
6.598014432905748017e-02,3.910354666033838966e-01,4.960733743487774072e-01,-4.272817118907234473e-07,6.836868168924953304e-01,1.636776913557250079e+00
6.423374650899203731e-02,3.909056631240666047e-01,4.962606218792575130e-01,-4.253568055128859628e-07,6.836293717396568770e-01,1.635030513726430712e+00
6.248709156256498920e-02,3.907793878170862656e-01,4.964427663977146743e-01,-4.234856159325301409e-07,6.835735014015823507e-01,1.633283856825105795e+00
6.074019692028562178e-02,3.906566256477328469e-01,4.966198303260502267e-01,-4.216653742511783471e-07,6.835191984932618148e-01,1.631536960280913107e+00
5.899308001266320711e-02,3.905373615812964827e-01,4.967918360861658944e-01,-4.198933115703528940e-07,6.834664556296858873e-01,1.629789841521489313e+00
5.724575827020701030e-02,3.904215805830670849e-01,4.969588060999634016e-01,-4.181666589915759881e-07,6.834152654258446313e-01,1.628042517974472414e+00
5.549824912342635891e-02,3.903092676183346765e-01,4.971207627893443615e-01,-4.164826476163699950e-07,6.833656204967283321e-01,1.626295007067499521e+00
5.375057000283044173e-02,3.902004076523892806e-01,4.972777285762102761e-01,-4.148385085462571743e-07,6.833175134573274967e-01,1.624547326228208188e+00
5.200273833892860020e-02,3.900949856505209756e-01,4.974297258824627588e-01,-4.132314728827598915e-07,6.832709369226321883e-01,1.622799492884235528e+00
5.025477156223007863e-02,3.899929865780196736e-01,4.975767771300035891e-01,-4.116587717274004063e-07,6.832258835076330250e-01,1.621051524463219318e+00
4.850668710324416294e-02,3.898943954001755086e-01,4.977189047407342692e-01,-4.101176361817010310e-07,6.831823458273197369e-01,1.619303438392796890e+00
4.675850239248013213e-02,3.897991970822783370e-01,4.978561311365565234e-01,-4.086052973471840784e-07,6.831403164966830532e-01,1.617555252100605578e+00
4.501023486044725824e-02,3.897073765896182929e-01,4.979884787393717982e-01,-4.071189863253718080e-07,6.830997881307133701e-01,1.615806983014282494e+00
4.326190258331492899e-02,3.896189190168181105e-01,4.981159698074492659e-01,-4.056559429856505683e-07,6.830607533787392827e-01,1.614058649207134932e+00
4.151353287005454112e-02,3.895338113079291897e-01,4.982386242591475001e-01,-4.042135325759923488e-07,6.830232053811273740e-01,1.612310277985402829e+00
3.976515992424594498e-02,3.894520417880668606e-01,4.983564602654935172e-01,-4.027892139710123917e-07,6.829871376449270226e-01,1.610561903550033147e+00
3.801681811495349200e-02,3.893735988154949368e-01,4.984694959555746596e-01,-4.013804482925543758e-07,6.829525436859879006e-01,1.608813560267459586e+00
3.626854181124157528e-02,3.892984707484768436e-01,4.985777494584784364e-01,-3.999846966624619273e-07,6.829194170201609015e-01,1.607065282504116510e+00
3.452036538217453238e-02,3.892266459452764504e-01,4.986812389032924120e-01,-3.985994202025785135e-07,6.828877511632955866e-01,1.605317104626437397e+00
3.277232319681674250e-02,3.891581127641573490e-01,4.987799824191039288e-01,-3.972220800347477605e-07,6.828575396312427381e-01,1.603569061000856166e+00
3.102444962423256750e-02,3.890928595633831311e-01,4.988739981350004404e-01,-3.958501372808132943e-07,6.828287759398521395e-01,1.601821185993806962e+00
2.927677903348637964e-02,3.890308747012174995e-01,4.989633041800695668e-01,-3.944810530626187411e-07,6.828014536049745731e-01,1.600073513971723038e+00
2.752934579364253037e-02,3.889721465359240460e-01,4.990479186833986502e-01,-3.931122885020076212e-07,6.827755661424598221e-01,1.598326079301038982e+00
2.578218427376539890e-02,3.889166634257665289e-01,4.991278597740751999e-01,-3.917413047208235605e-07,6.827511070681582250e-01,1.596578916348188049e+00
2.403532884291934013e-02,3.888644137290085956e-01,4.992031455811866691e-01,-3.903655628409101851e-07,6.827280698979201201e-01,1.594832059479604158e+00
2.228881387016872287e-02,3.888153858039137822e-01,4.992737942338206225e-01,-3.889825239841109625e-07,6.827064481475957347e-01,1.593085543061721898e+00
2.054267372457791591e-02,3.887695680087458472e-01,4.993398238610644024e-01,-3.875896492722696245e-07,6.826862353330351851e-01,1.591339401460974301e+00
1.879694277521127763e-02,3.887269487017684377e-01,4.994012525920055734e-01,-3.861843998272297442e-07,6.826674249700890318e-01,1.589593669043795288e+00
1.705165539113317683e-02,3.886875162412451457e-01,4.994580985557314223e-01,-3.847642367708347891e-07,6.826500105746069469e-01,1.587848380176619445e+00
1.530684594140797883e-02,3.886512589854397293e-01,4.995103798813296803e-01,-3.833266212249285439e-07,6.826339856624397129e-01,1.586103569225879806e+00
1.356254879510005243e-02,3.886181652926157248e-01,4.995581146978876896e-01,-3.818690143113544760e-07,6.826193437494372240e-01,1.584359270558010735e+00
1.181879826026301789e-02,3.885882235903201365e-01,4.996013210315439212e-01,-3.803888806923322201e-07,6.826060783851064517e-01,1.582615518478438732e+00
1.007561644622036526e-02,3.885614361588622945e-01,4.996399963244295694e-01,-3.788843929064144161e-07,6.825941898483621761e-01,1.580872335094592129e+00
8.332998597969844962e-03,3.885378357854260001e-01,4.996740926880975930e-01,-3.773552823938180397e-07,6.825836932377778998e-01,1.579129715651184540e+00
6.590936379623723446e-03,3.885174593236147556e-01,4.997035561917529400e-01,-3.758014883888535706e-07,6.825746056273159779e-01,1.577387651812258262e+00
4.849421455294284505e-03,3.885003436270319521e-01,4.997283329046006695e-01,-3.742229501258314353e-07,6.825669440909395425e-01,1.575646135241856927e+00
3.108445489093800661e-03,3.884865255492809810e-01,4.997483688958456738e-01,-3.726196068390621663e-07,6.825607257026109487e-01,1.573905157604022609e+00
1.368000145134548335e-03,3.884760419439653445e-01,4.997636102346929010e-01,-3.709913977628563489e-07,6.825559675362926626e-01,1.572164710562798273e+00
-3.719229124711975667e-04,3.884689296646884893e-01,4.997740029903473546e-01,-3.693382621315244627e-07,6.825526866659479275e-01,1.570424785782226662e+00
-2.111332019611163440e-03,3.884652255650538621e-01,4.997794932320140382e-01,-3.676601391793768813e-07,6.825509001655388763e-01,1.568685374926351184e+00
-3.850235512173067875e-03,3.884649664986648543e-01,4.997800270288978997e-01,-3.659569681407241900e-07,6.825506251090284193e-01,1.566946469659213692e+00
-5.588641726044642905e-03,3.884681893191249125e-01,4.997755504502039980e-01,-3.642286882498769215e-07,6.825518785703790225e-01,1.565208061644857152e+00
-7.326558997113609070e-03,3.884749308800374834e-01,4.997660095651370593e-01,-3.624752387411455551e-07,6.825546776235534852e-01,1.563470142547325192e+00
-9.063995661267686479e-03,3.884852280350060139e-01,4.997513504429022535e-01,-3.606965588488404115e-07,6.825590393425143843e-01,1.561732704030659669e+00
-1.080096005439460868e-02,3.884991176376339506e-01,4.997315191527045841e-01,-3.588925878072722351e-07,6.825649808012242969e-01,1.559995737758903545e+00
-1.253746051238209536e-02,3.885166365415247403e-01,4.997064617637489992e-01,-3.570632648507513993e-07,6.825725190736462444e-01,1.558259235396100228e+00
-1.427350537111786791e-02,3.885378216002818297e-01,4.996761243452402801e-01,-3.552085292135884897e-07,6.825816712337424708e-01,1.556523188606291574e+00
-1.600910296648965642e-02,3.885627096675085546e-01,4.996404529663836525e-01,-3.533283201300938798e-07,6.825924543554756641e-01,1.554787589053520769e+00
-1.774426163438518403e-02,3.885913375968084171e-01,4.995993936963838977e-01,-3.514225768345781551e-07,6.826048855128088455e-01,1.553052428401830998e+00
-1.947898974591567856e-02,3.886237422336666913e-01,4.995528926155907712e-01,-3.494912394662350279e-07,6.826189817766763479e-01,1.551317698280041846e+00
-2.121331401943433309e-02,3.886599561948920756e-01,4.995009016093359677e-01,-3.475347195002373906e-07,6.826347586408492152e-01,1.549583371970219448e+00
-2.294730950327033073e-02,3.887000009581906834e-01,4.994433878543325656e-01,-3.455546699965529137e-07,6.826522274445621097e-01,1.547849374425737778e+00
-2.468105910994229310e-02,3.887438961887286215e-01,4.993803210154862948e-01,-3.435529460441753840e-07,6.826713988510286768e-01,1.546115622735990014e+00
-2.641464575196884185e-02,3.887916615516716634e-01,4.993116707577032742e-01,-3.415314027320982710e-07,6.826922835234622289e-01,1.544382033990369552e+00
-2.814815234186859166e-02,3.888433167121858602e-01,4.992374067458893450e-01,-3.394918951493153615e-07,6.827148921250769664e-01,1.542648525278270011e+00
-2.988166179216016072e-02,3.888988813354372076e-01,4.991574986449505702e-01,-3.374362783848201779e-07,6.827392353190862018e-01,1.540915013689084567e+00
-3.161525701536216371e-02,3.889583750865917011e-01,4.990719161197927911e-01,-3.353664075276064012e-07,6.827653237687040244e-01,1.539181416312207284e+00
-3.334902092399320839e-02,3.890218176308152809e-01,4.989806288353220154e-01,-3.332841376666677656e-07,6.827931681371437467e-01,1.537447650237031116e+00
-3.508303643057192334e-02,3.890892286332739425e-01,4.988836064564441952e-01,-3.311913238909978991e-07,6.828227790876193470e-01,1.535713632552949015e+00
-3.681738644761693019e-02,3.891606277591336815e-01,4.987808186480653383e-01,-3.290898212895903770e-07,6.828541672833444709e-01,1.533979280349355712e+00
-3.855215388764683671e-02,3.892360346735603827e-01,4.986722350750913413e-01,-3.269814849514389334e-07,6.828873433875326526e-01,1.532244510715643493e+00
-4.028742166318025064e-02,3.893154690417202080e-01,4.985578254024281009e-01,-3.248681699655371963e-07,6.829223180633979817e-01,1.530509240741206201e+00
-4.202327268673574506e-02,3.893989505287789865e-01,4.984375592949816247e-01,-3.227517314208788469e-07,6.829591019741538815e-01,1.528773387515437232e+00
-4.375978987083204569e-02,3.894864987999027139e-01,4.983114064176578650e-01,-3.206340244064574604e-07,6.829977057830139975e-01,1.527036868127729985e+00
-4.549705612798771170e-02,3.895781335202574414e-01,4.981793364353627740e-01,-3.185169040112667708e-07,6.830381401531920860e-01,1.525299599667478079e+00
-4.723515437072135781e-02,3.896738743550091089e-01,4.980413190130024148e-01,-3.164022253243004064e-07,6.830804157479019034e-01,1.523561499224074689e+00
-4.897416751155160564e-02,3.897737409693236010e-01,4.978973238154825176e-01,-3.142918434345519952e-07,6.831245432303574283e-01,1.521822483886913657e+00
-5.071417846299706988e-02,3.898777530283670245e-01,4.977473205077091456e-01,-3.121876134310152183e-07,6.831705332637718620e-01,1.520082470745387937e+00
-5.245522935834681655e-02,3.899859207059382382e-01,4.975912925799425568e-01,-3.100913285360324583e-07,6.832183921777600366e-01,1.518341417668057192e+00
-5.419716289988620733e-02,3.900982077582627605e-01,4.974292911353997426e-01,-3.080044794128128891e-07,6.832681051084502633e-01,1.516599481954173934e+00
-5.593976091896685904e-02,3.902145637738543282e-01,4.972613879143287230e-01,-3.059284643765525471e-07,6.833196507232313088e-01,1.514856881773829267e+00
-5.768280523196325088e-02,3.903349383377405779e-01,4.970876546620551228e-01,-3.038646817197253337e-07,6.833730076878999915e-01,1.513113835312091870e+00
-5.942607765524984820e-02,3.904592810349492571e-01,4.969081631239046226e-01,-3.018145297348052558e-07,6.834281546682533515e-01,1.511370560754029979e+00
-6.116936000520108857e-02,3.905875414505079468e-01,4.967229850452029583e-01,-2.997794067142662677e-07,6.834850703300883179e-01,1.509627276284712272e+00
-6.291243409819145815e-02,3.907196691694445612e-01,4.965321921712758657e-01,-2.977607109505822706e-07,6.835437333392019310e-01,1.507884200089207205e+00
-6.465508175059542229e-02,3.908556137767866256e-01,4.963358562474489144e-01,-2.957598407362273774e-07,6.836041223613910089e-01,1.506141550352583014e+00
-6.639708477878746018e-02,3.909953248575619988e-01,4.961340490190478958e-01,-2.937781943636753835e-07,6.836662160624527029e-01,1.504399545259908155e+00
-6.813823812598704399e-02,3.911387527517017348e-01,4.959268411542790411e-01,-2.918171354215310401e-07,6.837299934305010041e-01,1.502658389869370392e+00
-6.987869068965708863e-02,3.912858681544719164e-01,4.957142742777353450e-01,-2.898770917379980834e-07,6.837954421446549302e-01,1.500917935283947235e+00
-7.161897689829757607e-02,3.914366639324031727e-01,4.954963583793721149e-01,-2.879574719002775742e-07,6.838625593503776523e-01,1.499177647074526609e+00
-7.335965063707275413e-02,3.915911340709473665e-01,4.952731018526337348e-01,-2.860576330573513817e-07,6.839313426708707455e-01,1.497436971355278867e+00
-7.510126579114688450e-02,3.917492725555565269e-01,4.950445130909644775e-01,-2.841769323582013750e-07,6.840017897293366733e-01,1.495695354240374364e+00
-7.684437624568414560e-02,3.919110733716824613e-01,4.948106004878085606e-01,-2.823147269518097937e-07,6.840738981489775661e-01,1.493952241843984119e+00
-7.858953588584882688e-02,3.920765305047770322e-01,4.945713724366104791e-01,-2.804703739871584540e-07,6.841476655529954432e-01,1.492207080280277820e+00
-8.033729859680509289e-02,3.922456379402923243e-01,4.943268373308144503e-01,-2.786432306132292251e-07,6.842230895645927680e-01,1.490459315663426709e+00
-8.208821826371721919e-02,3.924183896636801450e-01,4.940770035638647473e-01,-2.768326539790042406e-07,6.843001678069715599e-01,1.488708394107600474e+00
-8.384284877174942585e-02,3.925947796603924678e-01,4.938218795292056984e-01,-2.750380012334654227e-07,6.843788979033337272e-01,1.486953761726970358e+00
-8.560171625694595887e-02,3.927748006082996124e-01,4.935614755245296137e-01,-2.732585928361533658e-07,6.844592768806482264e-01,1.485194892384788856e+00
-8.736485880234287627e-02,3.929584221874575789e-01,4.932958353395441309e-01,-2.714931039507504220e-07,6.845412912792928628e-01,1.483431747996664551e+00
-8.913189765494719530e-02,3.931455944359630306e-01,4.930250313687978281e-01,-2.697396586070278645e-07,6.846249186832650269e-01,1.481664707313675500e+00
-9.090244066721887839e-02,3.933362667607404051e-01,4.927491369260230125e-01,-2.679963631247017850e-07,6.847101363887589942e-01,1.479894162481429909e+00
-9.267609569161784633e-02,3.935303885687141401e-01,4.924682253249518804e-01,-2.662613238234880632e-07,6.847969216919692625e-01,1.478120505645535543e+00
-9.445247058060407541e-02,3.937279092668089508e-01,4.921823698793168500e-01,-2.645326470231028439e-07,6.848852518890897745e-01,1.476344128951600609e+00
-9.623117318663747255e-02,3.939287782619492195e-01,4.918916439028502285e-01,-2.628084390432621127e-07,6.849751042763150277e-01,1.474565424545232206e+00
-9.801181136217797241e-02,3.941329449610596614e-01,4.915961207092841567e-01,-2.610868062036818024e-07,6.850664561498391869e-01,1.472784784572038985e+00
-9.979399295968548189e-02,3.943403587710647140e-01,4.912958736123510528e-01,-2.593658548240780576e-07,6.851592848058566387e-01,1.471002601177628266e+00
-1.015773258316200467e-01,3.945509690988890372e-01,4.909909759257831685e-01,-2.576436912241668111e-07,6.852535675405615478e-01,1.469219266507607813e+00
-1.033614178304415321e-01,3.947647253514570131e-01,4.906815009633128111e-01,-2.559184217236641016e-07,6.853492816501483009e-01,1.467435172707585833e+00
-1.051458768086099005e-01,3.949815769356933570e-01,4.903675220386722322e-01,-2.541881526422859148e-07,6.854464044308109516e-01,1.465650711923170091e+00
-1.069303106185850727e-01,3.952014732585225620e-01,4.900491124655937947e-01,-2.524509902997483423e-07,6.855449131787439976e-01,1.463866276299968572e+00
-1.087143271128269972e-01,3.954243637268691769e-01,4.897263455578098057e-01,-2.507050410157672640e-07,6.856447851901417145e-01,1.462082257983588596e+00
-1.104975341437956088e-01,3.956501977476576948e-01,4.893992946290524060e-01,-2.489484111100588245e-07,6.857459977611982671e-01,1.460299049119638370e+00
-1.122795395639508559e-01,3.958789247278127754e-01,4.890680329930540693e-01,-2.471792069023389565e-07,6.858485281881079310e-01,1.458517041853725882e+00
-1.140599512257526732e-01,3.961104940742589120e-01,4.887326339635469363e-01,-2.453955347123237518e-07,6.859523537670652038e-01,1.456736628331458672e+00
-1.158383769816609954e-01,3.963448551939205977e-01,4.883931708542633698e-01,-2.435955008597292489e-07,6.860574517942640282e-01,1.454958200698444948e+00
-1.176144246841357710e-01,3.965819574937224923e-01,4.880497169789357326e-01,-2.417772116642713277e-07,6.861637995658989020e-01,1.453182151100292252e+00
-1.193877021856369069e-01,3.968217503805890889e-01,4.877023456512962207e-01,-2.399387734456661329e-07,6.862713743781639897e-01,1.451408871682608348e+00
-1.211578394759304650e-01,3.970641911372063682e-01,4.873511187406029399e-01,-2.380781984682069904e-07,6.863801570964471743e-01,1.449638732453598866e+00
-1.229247969193987683e-01,3.973093545832203088e-01,4.869959273200911154e-01,-2.361920953238503440e-07,6.864901818523698740e-01,1.447871773045410482e+00
-1.246887887617420809e-01,3.975574058613126072e-01,4.866365312122372666e-01,-2.342759939315390692e-07,6.866015237107881974e-01,1.446107779207765454e+00
-1.264500357539068143e-01,3.978085124285283269e-01,4.862726868764559729e-01,-2.323253965711860185e-07,6.867142587853981572e-01,1.444346530185110389e+00
-1.282087586468393936e-01,3.980628417419123655e-01,4.859041507721619246e-01,-2.303358055227040179e-07,6.868284631898950998e-01,1.442587805221892783e+00
-1.299651781914862303e-01,3.983205612585096755e-01,4.855306793587698122e-01,-2.283027230660058405e-07,6.869442130379747047e-01,1.440831383562559465e+00
-1.317195151387935692e-01,3.985818384353652100e-01,4.851520290956943815e-01,-2.262216514810043651e-07,6.870615844433328734e-01,1.439077044451557486e+00
-1.334719902397079605e-01,3.988468407295239215e-01,4.847679564423502119e-01,-2.240880930476124179e-07,6.871806535196649524e-01,1.437324567133334119e+00
-1.352228242451756768e-01,3.991157355980308741e-01,4.843782178581521602e-01,-2.218975500457427719e-07,6.873014963806668431e-01,1.435573730852336860e+00
-1.369722435906102209e-01,3.993886930218401021e-01,4.839825661355862674e-01,-2.196454767137824740e-07,6.874241902833427842e-01,1.433824309168495681e+00
-1.387207993748155455e-01,3.996660271327852620e-01,4.835805446337094193e-01,-2.173245834401634685e-07,6.875488777837721610e-01,1.432075750975537964e+00
-1.404695367122162364e-01,3.999482714061439181e-01,4.831713780326367114e-01,-2.149234055052571763e-07,6.876758007986774057e-01,1.430327011147288330e+00
-1.422195421544034943e-01,4.002359777153381426e-01,4.827542642822509888e-01,-2.124301279886702641e-07,6.878052095789779496e-01,1.428577003120045763e+00
-1.439719002648249813e-01,4.005296977607087916e-01,4.823284015823435800e-01,-2.098329351850275705e-07,6.879373542987897716e-01,1.426824642318252900e+00
-1.457266819992545925e-01,4.008298950012446071e-01,4.818931155428291535e-01,-2.071196111846001730e-07,6.880724459757854294e-01,1.425069857773634485e+00
-1.474812971103726944e-01,4.011368012203412325e-01,4.814480662859007554e-01,-2.042768893505467734e-07,6.882105928233182013e-01,1.423315239719987524e+00
-1.492327238687444768e-01,4.014506106379795991e-01,4.809929681708995375e-01,-2.012913326832462218e-07,6.883518863862551074e-01,1.421563809873056305e+00
-1.509778759216960919e-01,4.017715070764883434e-01,4.805275506410712216e-01,-1.981495449668159240e-07,6.884964135235429605e-01,1.419818654571868066e+00
-1.527101803370088107e-01,4.020991133797691686e-01,4.800523569526903844e-01,-1.948403303663895233e-07,6.886440082773989113e-01,1.418086346737314818e+00
-1.544178734704247102e-01,4.024322172243534057e-01,4.795691419417560386e-01,-1.913557689064593381e-07,6.887941283042950946e-01,1.416378650005781115e+00
-1.560887692168096974e-01,4.027695383142982921e-01,4.790797590521320148e-01,-1.876882072266570064e-07,6.889462006274783556e-01,1.414707750474809123e+00
-1.577117736311805241e-01,4.031100011047903942e-01,4.785857630214002123e-01,-1.838306397132448750e-07,6.890997462077276259e-01,1.413084742082424849e+00
-1.592811518553235439e-01,4.034535347379820114e-01,4.780872428745496783e-01,-1.797792391603338390e-07,6.892547469449853415e-01,1.411515359683003012e+00
-1.607928101091328776e-01,4.038003760147471088e-01,4.775838388009842062e-01,-1.755311516650922592e-07,6.894113258895807617e-01,1.410003697053764826e+00
-1.622430922786786134e-01,4.041508907119433780e-01,4.770750027530215598e-01,-1.710829737569306699e-07,6.895696653512936036e-01,1.408553410305181330e+00
-1.636317062178068160e-01,4.045064362839548844e-01,4.765587393551168893e-01,-1.664270718907248966e-07,6.897304032775877225e-01,1.407164791575529206e+00
-1.649599209614744655e-01,4.048688304119947290e-01,4.760323815424968297e-01,-1.615538493894477233e-07,6.898943890724544836e-01,1.405836571819923497e+00
-1.662287776930418404e-01,4.052399269474055710e-01,4.754932080627197188e-01,-1.564539445388208333e-07,6.900624901557066426e-01,1.404567709845314649e+00
-1.674379107232939201e-01,4.056217799071241692e-01,4.749381972065048196e-01,-1.511194579625073954e-07,6.902356742283766167e-01,1.403358571332722349e+00
-1.685864359124769618e-01,4.060165171748603696e-01,4.743642163784485000e-01,-1.455430439055666219e-07,6.904149460070262423e-01,1.402210040414269443e+00
-1.696734176376646364e-01,4.064263031166737705e-01,4.737680756674653715e-01,-1.397215725031292538e-07,6.906013310056587917e-01,1.401123052709550842e+00
-1.706978002667182970e-01,4.068533882292459380e-01,4.731464498275997910e-01,-1.336618967337195159e-07,6.907959038575353095e-01,1.400098663857554548e+00
-1.716586051241094646e-01,4.073001010291746327e-01,4.724958975746959000e-01,-1.273725674449609153e-07,6.909997771969881297e-01,1.399137852542383431e+00
-1.725558143645139486e-01,4.077694377219576172e-01,4.718119952446773735e-01,-1.208647090519066494e-07,6.912143782993763752e-01,1.398240636620494692e+00
-1.733900171414147762e-01,4.082647665015249894e-01,4.710897715908838879e-01,-1.141514626393204005e-07,6.914413100010401436e-01,1.397406426951557368e+00
-1.741634899694662064e-01,4.087888090648552075e-01,4.703251966770071180e-01,-1.072647591937028169e-07,6.916818801791805305e-01,1.396632947053272789e+00
-1.748806312835398113e-01,4.093434645488768786e-01,4.695154383222228667e-01,-1.002602337532501448e-07,6.919370213319872009e-01,1.395915798547351150e+00
-1.755459753663827782e-01,4.099305794292384952e-01,4.686577410274488376e-01,-9.319503891796066781e-08,6.922076419254358237e-01,1.395250447209178901e+00
-1.761640736498041315e-01,4.105519998480717803e-01,4.677493498426552043e-01,-8.612633792021036487e-08,6.924946502097268919e-01,1.394632341665089648e+00
-1.767424670285726029e-01,4.112095138081234835e-01,4.667876055299043370e-01,-7.911314745234135451e-08,6.927989168207350223e-01,1.394053941080289905e+00
-1.772950738675944382e-01,4.119047852824414546e-01,4.657700530354272339e-01,-7.221843822310067556e-08,6.931212321510774599e-01,1.393501327153753744e+00
-1.778366318722818806e-01,4.126394623094546410e-01,4.646942635378566999e-01,-6.550568893041158589e-08,6.934623762841813921e-01,1.392959762244451616e+00
-1.783818545369946496e-01,4.134151890408508390e-01,4.635578138528512193e-01,-5.903825390532671445e-08,6.938231275548726318e-01,1.392414532922280346e+00
-1.789425610542412226e-01,4.142331449891924477e-01,4.623589546723404498e-01,-5.286462008449033397e-08,6.942040552619850313e-01,1.391853820044027135e+00
-1.795249683042664801e-01,4.150936102952403894e-01,4.610972410668192079e-01,-4.700449655403608604e-08,6.946053240869486389e-01,1.391271406749782447e+00
-1.801346521207139173e-01,4.159967621888128186e-01,4.597723773607704789e-01,-4.147429948417165995e-08,6.950270524127012406e-01,1.390661717222923199e+00
-1.807771415074642674e-01,4.169427757875402429e-01,4.583840706838376855e-01,-3.629035021870793877e-08,6.954693579311139739e-01,1.390019222476496674e+00
-1.814542141438744982e-01,4.179316570110695461e-01,4.569322528746286860e-01,-3.146137397949646874e-08,6.959323029757567003e-01,1.389342144840567173e+00
-1.821612153919783816e-01,4.189631216588213247e-01,4.554172410754906419e-01,-2.698307107770575069e-08,6.964158549584836821e-01,1.388635138949652736e+00
-1.828928582117571033e-01,4.200368570066499996e-01,4.538393903104333549e-01,-2.284986126264154230e-08,6.969199719587914066e-01,1.387903491839058479e+00
-1.836438521489968390e-01,4.211525298391097238e-01,4.521990857479010750e-01,-1.905627939544986980e-08,6.974446024025937607e-01,1.387152493958403010e+00
-1.844086838652581606e-01,4.223084692351486980e-01,4.504986804343095730e-01,-1.560437502644703782e-08,6.979890645141392236e-01,1.386387658649271160e+00
-1.851814837634720434e-01,4.235008660821745763e-01,4.487436728764909177e-01,-1.250820920141182931e-08,6.985516692019682061e-01,1.385614855524249123e+00
-1.859563503041565535e-01,4.247257195557552767e-01,4.469398436055912471e-01,-9.782919925716537286e-09,6.991306370579476459e-01,1.384839986139445589e+00
-1.867273746815268920e-01,4.259789997566886255e-01,4.450930166602368176e-01,-7.443445341818257860e-09,6.997241742419033628e-01,1.384068959317064307e+00
-1.874883417625669846e-01,4.272554510738684752e-01,4.432108502340784129e-01,-5.496297924400771643e-09,7.003298784987234127e-01,1.383307990197787829e+00
-1.882326241093869035e-01,4.285481681342982463e-01,4.413034712240989643e-01,-3.936649517817468630e-09,7.009445286697878474e-01,1.382563706215393040e+00
-1.889535652340088023e-01,4.298501293264143097e-01,4.393811804666478693e-01,-2.758872930737179671e-09,7.015648458983504421e-01,1.381842763852914713e+00
-1.896445557297300744e-01,4.311543861731065852e-01,4.374541710184065568e-01,-1.957361711639415641e-09,7.021875859717731094e-01,1.381151772512131837e+00
-1.903008919729021198e-01,4.324569505759223165e-01,4.355282731684013142e-01,-1.527348927039670611e-09,7.028109070216513876e-01,1.380495435812580718e+00
-1.909203906041727627e-01,4.337577493293545139e-01,4.336035477517152792e-01,-1.465177847119045150e-09,7.034348216813813837e-01,1.379875937110573769e+00
-1.915010412585511912e-01,4.350569779514608104e-01,4.316796595802837033e-01,-1.767267947944801119e-09,7.040594698798786633e-01,1.379295286768134066e+00
-1.920408358868191945e-01,4.363548317311451430e-01,4.297562738504299706e-01,-2.430000877007270341e-09,7.046849913905589569e-01,1.378755492831474028e+00
-1.925383667786067510e-01,4.376514465517772901e-01,4.278331554069032538e-01,-3.439951634840087625e-09,7.053114856751071526e-01,1.378257962997503139e+00
-1.929936238430846884e-01,4.389468199976052087e-01,4.259103010810839640e-01,-4.760864846334935931e-09,7.059389583474359187e-01,1.377802707319256470e+00
-1.934067954556325519e-01,4.402409300139825676e-01,4.239877406471570520e-01,-6.353243153879916766e-09,7.065674016947908198e-01,1.377389537380103279e+00
-1.937780699916299698e-01,4.415337545462629243e-01,4.220655038793072467e-01,-8.177589199863133289e-09,7.071968080044169769e-01,1.377018264763414157e+00
-1.941077960471579156e-01,4.428252814812299598e-01,4.201436091980156329e-01,-1.019158833782854006e-08,7.078271709616947849e-01,1.376688540828872043e+00
-1.943974966989180930e-01,4.441155715802515003e-01,4.182219917966588096e-01,-1.233227408843481285e-08,7.084584945008842727e-01,1.376398842433654401e+00
-1.946492176766026483e-01,4.454047180344506418e-01,4.163005498319050646e-01,-1.452748974644429276e-08,7.090907871170761823e-01,1.376147123772209602e+00
-1.948650070958863056e-01,4.466928141829968335e-01,4.143791812913457662e-01,-1.670503665197826097e-08,7.097240573261823782e-01,1.375931336652958858e+00
-1.950469080641805131e-01,4.479799527018825112e-01,4.124577850368869592e-01,-1.879285505053879159e-08,7.103583134333363303e-01,1.375749437892732630e+00
-1.951966100726396647e-01,4.492661794424528399e-01,4.105363216628002965e-01,-2.072869281934471501e-08,7.109935488613694510e-01,1.375599737934939171e+00
-1.953152215621265786e-01,4.505514633153737125e-01,4.086148531998965994e-01,-2.246641340483170777e-08,7.116297325790151840e-01,1.375481128290236610e+00
-1.954037969314249834e-01,4.518357660752449489e-01,4.066934511133530328e-01,-2.396137912346372456e-08,7.122668312805912061e-01,1.375392554512939736e+00
-1.954633905793185245e-01,4.531190494766665355e-01,4.047721868683466506e-01,-2.516895229170473662e-08,7.129048116604148611e-01,1.375332962157362671e+00
-1.954950741947956427e-01,4.544012878622645246e-01,4.028511120242141419e-01,-2.604043848833907549e-08,7.135436477255182597e-01,1.375301279483363226e+00
-1.955000684452465054e-01,4.556825640374673747e-01,4.009301066246621637e-01,-2.649218903283345272e-08,7.141833764918174010e-01,1.375296285735762458e+00
-1.954796700705279389e-01,4.569630161917911382e-01,3.990089631328027076e-01,-2.642270663912081244e-08,7.148240671492971376e-01,1.375316684068207174e+00
-1.954351764204733388e-01,4.582427829588415769e-01,3.970874733094948983e-01,-2.573035090459389689e-08,7.154657891459251795e-01,1.375361177024217341e+00
-1.953678841077511330e-01,4.595220028868681195e-01,3.951654290447279005e-01,-2.431356299388296780e-08,7.161086118859970595e-01,1.375428467884564077e+00
-1.952788338409446600e-01,4.608007848929228656e-01,3.932426670554780568e-01,-2.209909984080559413e-08,7.167525896131174967e-01,1.375517515863780016e+00
-1.951684363168485481e-01,4.620791649448386940e-01,3.913191344185470433e-01,-1.908342913969862670e-08,7.173977392466966974e-01,1.375627910261249864e+00
-1.950370070131610123e-01,4.633571679850057023e-01,3.893947948903657696e-01,-1.527355457128705741e-08,7.180440720650185238e-01,1.375759335606496325e+00
-1.948848614075802954e-01,4.646348189558140440e-01,3.874696122273650900e-01,-1.067647981629585828e-08,7.186915993463663943e-01,1.375911476429042102e+00
-1.947123149778045292e-01,4.659121427996538167e-01,3.855435501859758585e-01,-5.299208555450016259e-09,7.193403323690242823e-01,1.376084017258410785e+00
-1.945196832015319288e-01,4.671891644589151737e-01,3.836165725226288736e-01,8.512555305254968385e-10,7.199902824112758282e-01,1.376276642624125524e+00
-1.943072815564607092e-01,4.684659088759882684e-01,3.816886429937549896e-01,7.767908760905683535e-09,7.206414607514052273e-01,1.376489037055709241e+00
-1.940754255202890299e-01,4.697424009932631983e-01,3.797597253557850605e-01,1.544374745496556745e-08,7.212938786676954539e-01,1.376720885082684642e+00
-1.938244304199755463e-01,4.710186657334425320e-01,3.778297833965078567e-01,2.387174568279655267e-08,7.219475474267864623e-01,1.376971871385338497e+00
-1.935541959634154152e-01,4.722946737366123804e-01,3.758988673635472733e-01,3.298353206704661083e-08,7.226024461890497852e-01,1.377242096327297549e+00
-1.932632995476115667e-01,4.735702229402537489e-01,3.739673025804132744e-01,4.251556190832322961e-08,7.232584519673124213e-01,1.377532982787585070e+00
-1.929500561861235697e-01,4.748450770128231357e-01,3.720354689533604264e-01,5.216556266446516457e-08,7.239154215054725006e-01,1.377846216069246843e+00
-1.926127808925108542e-01,4.761189996227772059e-01,3.701037463886436840e-01,6.163126179331121757e-08,7.245732115474290413e-01,1.378183481475328431e+00
-1.922497886803329614e-01,4.773917544385725686e-01,3.681725147925175579e-01,7.061038675270017727e-08,7.252316788370802847e-01,1.378546464308875397e+00
-1.918593945631494324e-01,4.786631051286656668e-01,3.662421540712368917e-01,7.880066500047083890e-08,7.258906801183246937e-01,1.378936849872933967e+00
-1.914399135545196140e-01,4.799328153615132209e-01,3.643130441310564183e-01,8.589982399446198450e-08,7.265500721350609536e-01,1.379356323470549039e+00
-1.909896606680031306e-01,4.812006488055718401e-01,3.623855648782308703e-01,9.160559119251236960e-08,7.272097116311876386e-01,1.379806570404767063e+00
-1.905069381714800947e-01,4.824663784669811495e-01,3.604600817616068209e-01,9.561519793516847191e-08,7.278694604707703908e-01,1.380289288724831920e+00
-1.899895262159156384e-01,4.837301598628657717e-01,3.585363679934665537e-01,9.760555250109378284e-08,7.285293902615775918e-01,1.380806698618177064e+00
-1.894345108837185432e-01,4.849926569957848654e-01,3.566134095049963149e-01,9.722654700108720538e-08,7.291898514311297985e-01,1.381361714369071736e+00
-1.888389302452349316e-01,4.862545690426832157e-01,3.546901377673593037e-01,9.412620470757765864e-08,7.298512136942516548e-01,1.381957298275805046e+00
-1.881998103966875946e-01,4.875165860922049399e-01,3.527654980110085381e-01,8.794979999051033835e-08,7.305138420975716418e-01,1.382596424613667718e+00
-1.875133219481606717e-01,4.887787489232315874e-01,3.508394184929886084e-01,7.814621305024045778e-08,7.311777681704414444e-01,1.383282923349772542e+00
-1.867742240594104930e-01,4.900400270308032935e-01,3.489134493472428322e-01,6.384029707783207077e-08,7.318424731783925719e-01,1.384022036240909914e+00
-1.859771439082404387e-01,4.912992897363081535e-01,3.469892923662433182e-01,4.412660613394677485e-08,7.325073869328659892e-01,1.384819137057557326e+00
-1.851169403548815762e-01,4.925552818624996942e-01,3.450688412290038865e-01,1.813810926119271250e-08,7.331718718197425266e-01,1.385679367847529653e+00
-1.841941292345003756e-01,4.938037083569766783e-01,3.431586748958703192e-01,-1.405424835496444214e-08,7.338336438993436905e-01,1.386602212701302017e+00
-1.832150719777846659e-01,4.950371329335874759e-01,3.412702138299154031e-01,-5.141027043591868552e-08,7.344887180129781035e-01,1.387581309098668170e+00
-1.821863994346898663e-01,4.962479745289904987e-01,3.394151016355690387e-01,-9.284508862155867630e-08,7.351330305940013687e-01,1.388610025053366837e+00
-1.811153465709383348e-01,4.974290808983968804e-01,3.376043376173715749e-01,-1.371409495882437327e-07,7.357627334241609862e-01,1.389681124324206429e+00
-1.800123782481500845e-01,4.985755924689883600e-01,3.358454763401560461e-01,-1.823696325455758268e-07,7.363751296421580106e-01,1.390784140030064231e+00
-1.788890343107867875e-01,4.996834127213414245e-01,3.341449258810060274e-01,-2.263664569655867391e-07,7.369679055844835514e-01,1.391907530059343312e+00
-1.777567970075273895e-01,5.007484952287469815e-01,3.325090173694441043e-01,-2.669724667787535284e-07,7.375387744481283203e-01,1.393039809902226978e+00
-1.766246354039622268e-01,5.017689297656952041e-01,3.309407997615025354e-01,-3.022822769852724583e-07,7.380865956528948058e-01,1.394172008497581938e+00
-1.754981040607082876e-01,5.027457084298878609e-01,3.294388627289871474e-01,-3.307350137681958561e-07,7.386117859199656799e-01,1.395298569650096576e+00
-1.743825136249792795e-01,5.036800306449902287e-01,3.280014773970328923e-01,-3.507944132894111473e-07,7.391148732155451428e-01,1.396414181103640351e+00
-1.732831839849431343e-01,5.045729833105695450e-01,3.266270863830998405e-01,-3.609435099547005476e-07,7.395963265555324240e-01,1.397513521381338331e+00
-1.722055054001908059e-01,5.054247964362513779e-01,3.253154382475593742e-01,-3.598122975441169832e-07,7.400561660393338848e-01,1.398591198788799561e+00
-1.711549005016461400e-01,5.062353058564608155e-01,3.240668822934036908e-01,-3.460983721493598932e-07,7.404942052617163872e-01,1.399641789331096620e+00
-1.701367924583964131e-01,5.070043454292842977e-01,3.228817708335843806e-01,-3.184996464998398459e-07,7.409102567841217013e-01,1.400659868475472081e+00
-1.691569038690655946e-01,5.077318390709640861e-01,3.217603172308283188e-01,-2.756803751104085490e-07,7.413041820305488194e-01,1.401639712224373557e+00
-1.682217976382862079e-01,5.084179634330288078e-01,3.207023449040043994e-01,-2.162103555487126738e-07,7.416759795507469333e-01,1.402574756175296811e+00
-1.673381829785242914e-01,5.090629391713956675e-01,3.197076093778569161e-01,-1.386429392411516531e-07,7.420256717697808480e-01,1.403458289600677311e+00
-1.665126305858129763e-01,5.096669845562310508e-01,3.187758692680352501e-01,-4.156105587708957230e-08,7.423532804352194203e-01,1.404283740320362739e+00
-1.657445916824749343e-01,5.102301952347831904e-01,3.179070420566799116e-01,7.493209999363995155e-08,7.426587924726535395e-01,1.405051657220199202e+00
-1.650231178010805877e-01,5.107524877342747294e-01,3.171012772883394226e-01,2.085126243231331382e-07,7.429421439418677497e-01,1.405772991201703626e+00
-1.643364362391152300e-01,5.112337643856391667e-01,3.163587428998401174e-01,3.566806090935804917e-07,7.432032668712393875e-01,1.406459517585820329e+00
-1.636727540292276240e-01,5.116739304009969569e-01,3.156796020854888973e-01,5.169277065248776247e-07,7.434420951585456461e-01,1.407123031967169702e+00
-1.630197368078038223e-01,5.120729679663917899e-01,3.150638913382448059e-01,6.865200917779222007e-07,7.436586126445196010e-01,1.407775871572779947e+00
-1.623644633474355947e-01,5.124309427062139211e-01,3.145115098090883743e-01,8.624795269439924437e-07,7.438528573071595540e-01,1.408430960749452510e+00
-1.616939830438297587e-01,5.127479244215615850e-01,3.140223497740153857e-01,1.041815539427797654e-06,7.440248698344350542e-01,1.409101253233686846e+00
-1.609954277334496309e-01,5.130239923673294289e-01,3.135962889703440837e-01,1.221549107550125049e-06,7.441746959887800550e-01,1.409799620309232226e+00
-1.602588026122944431e-01,5.132595552975320885e-01,3.132326984097144607e-01,1.399100315611438627e-06,7.443025583961188074e-01,1.410536059482261573e+00
-1.594776642615942930e-01,5.134554292171020773e-01,3.129303228061983133e-01,1.572382530797291276e-06,7.444088982802854471e-01,1.411317016357031440e+00
-1.586457892192616181e-01,5.136124553542450455e-01,3.126878680838385827e-01,1.739339671996261128e-06,7.444941704040760611e-01,1.412148716549115113e+00
-1.577569557138496226e-01,5.137314752193735679e-01,3.125040397307619067e-01,1.897915894902236757e-06,7.445588296837839515e-01,1.413037383983196893e+00
-1.568062798950994319e-01,5.138135536524622848e-01,3.123771982642798983e-01,2.046242755658195607e-06,7.446034525080065247e-01,1.413987904466480039e+00
-1.557926174992003976e-01,5.138603797157588193e-01,3.123047399833359661e-01,2.182975608210860097e-06,7.446289547892165350e-01,1.415001423671065073e+00
-1.547154842742001490e-01,5.138737664187719156e-01,3.122838697382612771e-01,2.306929993954980678e-06,7.446363197946707091e-01,1.416078427089412894e+00
-1.535744754434920922e-01,5.138556338041873062e-01,3.123116271108538622e-01,2.417393658303829452e-06,7.446265885866225620e-01,1.417219320244081260e+00
-1.523692425585755350e-01,5.138079468192815469e-01,3.123849823390666414e-01,2.513856207545537331e-06,7.446008264783874342e-01,1.418424452118105528e+00
-1.511004119814762514e-01,5.137326833612777532e-01,3.125008853605193981e-01,2.596021971458173652e-06,7.445601059357529472e-01,1.419693196659091772e+00
-1.497699197703354079e-01,5.136318385300217004e-01,3.126562591413458714e-01,2.663882927707065866e-06,7.445055089282489602e-01,1.421023617817247064e+00
-1.483794591524453810e-01,5.135073302597406020e-01,3.128481456284617490e-01,2.717452417248103048e-06,7.444380755887035628e-01,1.422414022351257579e+00
-1.469280332389688581e-01,5.133604468944918953e-01,3.130745577789837975e-01,2.756752992217926079e-06,7.443585046065711586e-01,1.423865407126341465e+00
-1.454133497690129895e-01,5.131921736116772381e-01,3.133339761207285523e-01,2.781811640214535730e-06,7.442673302560227633e-01,1.425380064375151745e+00
-1.438350375509997725e-01,5.130037533375435554e-01,3.136244833525236864e-01,2.792838842841856565e-06,7.441652267284860622e-01,1.426958365068810908e+00
-1.422013702454853756e-01,5.127975925864401985e-01,3.139423662139688154e-01,2.790867130177194866e-06,7.440534998569960923e-01,1.428592034465185900e+00
-1.405230417722617420e-01,5.125764236370915494e-01,3.142834086382716441e-01,2.777159177403765253e-06,7.439336323123649786e-01,1.430270377321824160e+00
-1.388107042444656491e-01,5.123429574493877370e-01,3.146434274233620432e-01,2.753008263748942884e-06,7.438070951904203199e-01,1.431982740170876678e+00
-1.370748113851964489e-01,5.120998040241268034e-01,3.150183950039895375e-01,2.719852439755954829e-06,7.436753047716183618e-01,1.433718667782917455e+00
-1.353257582913371670e-01,5.118495435276969596e-01,3.154043298071219636e-01,2.679172537322234964e-06,7.435396611379319065e-01,1.435467763509932215e+00
-1.335734689869887137e-01,5.115946663739865397e-01,3.157973887302523153e-01,2.632412448389867069e-06,7.434015156855048323e-01,1.437220101815386064e+00
-1.318220418811834327e-01,5.113365530691018623e-01,3.161954410412314287e-01,2.580559152489668015e-06,7.432616177461535134e-01,1.438971583256457576e+00
-1.300716440235965832e-01,5.110758351087353324e-01,3.165975115842991072e-01,2.524291286280085486e-06,7.431203103544715693e-01,1.440722040072691224e+00
-1.283223687163544402e-01,5.108131299380501700e-01,3.170026468809118425e-01,2.464281702280040707e-06,7.429779289234076378e-01,1.442471378257240255e+00
-1.265741423593738091e-01,5.105489888380768670e-01,3.174099955608705725e-01,2.401149564098874987e-06,7.428347729707132086e-01,1.444219670761699881e+00
-1.248262145029429837e-01,5.102836947700403192e-01,3.178191203407390031e-01,2.335296307140643631e-06,7.426909964459584845e-01,1.445967667615342123e+00
-1.230776631428582013e-01,5.100174626867541861e-01,3.182296888916241184e-01,2.267068181358946679e-06,7.425467164029633249e-01,1.447716290459731159e+00
-1.213275662750783745e-01,5.097505075410333486e-01,3.186413688846306824e-01,2.196811436686204112e-06,7.424020498955473668e-01,1.449466460936268852e+00
-1.195752365226575020e-01,5.094830549449224089e-01,3.190538116018863390e-01,2.124851419775844312e-06,7.422571197274993038e-01,1.451218866081151360e+00
-1.178208994141279747e-01,5.092153719842272830e-01,3.194666045580032421e-01,2.051432145166185316e-06,7.421120710750317429e-01,1.452973280110266385e+00
-1.160650024773436373e-01,5.089477358302975096e-01,3.198793197606808469e-01,1.976777849143803618e-06,7.419670545548588958e-01,1.454729255260892362e+00
-1.143079932401582788e-01,5.086804236544818503e-01,3.202915292176189976e-01,1.901112767995276776e-06,7.418222207836949744e-01,1.456486343770307057e+00
-1.125503192304257161e-01,5.084137126281296215e-01,3.207028049365174271e-01,1.824661138007183191e-06,7.416777203782538574e-01,1.458244097875789125e+00
-1.107924279759997799e-01,5.081478799225898069e-01,3.211127189250756464e-01,1.747647195466099571e-06,7.415337039552496456e-01,1.460002069814616110e+00
-1.090347670047342732e-01,5.078832027092117229e-01,3.215208431909935549e-01,1.670295176658604107e-06,7.413903221313962177e-01,1.461759811824066002e+00
-1.072777838444830267e-01,5.076199581593441312e-01,3.219267497419707191e-01,1.592829317871274144e-06,7.412477255234078966e-01,1.463516876141417233e+00
-1.055219216051718478e-01,5.073584224770757434e-01,3.223300120776107502e-01,1.515473189737959010e-06,7.411060642239584162e-01,1.465272819422572814e+00
-1.037673701110757851e-01,5.070988164121623676e-01,3.227302892303406945e-01,1.438412200142003023e-06,7.409654582818059332e-01,1.467027451649059344e+00
-1.020139332269639348e-01,5.068412762124282489e-01,3.231273705684600261e-01,1.361773604140923407e-06,7.408259819644540389e-01,1.468780968822818611e+00
-1.002613823801400544e-01,5.065859310238427504e-01,3.235210564141773326e-01,1.285679769413532091e-06,7.406877056917799962e-01,1.470533599388377244e+00
-9.850948899790784585e-02,5.063329099923751242e-01,3.239111470897010348e-01,1.210253063638641635e-06,7.405506998836611787e-01,1.472285571790261649e+00
-9.675802450757114981e-02,5.060823422639944003e-01,3.242974429172396644e-01,1.135615854495064178e-06,7.404150349599749603e-01,1.474037114472998899e+00
-9.500676033643370988e-02,5.058343569846698307e-01,3.246797442190017535e-01,1.061890509661612282e-06,7.402807813405989368e-01,1.475788455881114736e+00
-9.325546791179925576e-02,5.055890833003707785e-01,3.250578513171959449e-01,9.891993968170980846e-07,7.401480094454102598e-01,1.477539824459136009e+00
-9.150391866097157267e-02,5.053466503570662738e-01,3.254315645340307150e-01,9.176648836403334073e-07,7.400167896942863033e-01,1.479291448651590013e+00
-8.975188406439370270e-02,5.051071873187167327e-01,3.258006841639209394e-01,8.474093455421571448e-07,7.398871925169006047e-01,1.481043556849854559e+00
-8.799923749673729811e-02,5.048708578471798880e-01,3.261649572071144143e-01,7.785699840359448070e-07,7.397593071262925646e-01,1.482796275535549491e+00
-8.624616643184332410e-02,5.046379319475396974e-01,3.265239663792491309e-01,7.113297035817309377e-07,7.396332806371125335e-01,1.484549417043244723e+00
-8.449291867411154455e-02,5.044087000507413432e-01,3.268772628410169800e-01,6.458801870273224777e-07,7.395092712854550721e-01,1.486302733367756312e+00
-8.273974202794166788e-02,5.041834525877304518e-01,3.272243977531100190e-01,5.824131172205264734e-07,7.393874373074146300e-01,1.488055976503900091e+00
-8.098688429773347186e-02,5.039624799894524276e-01,3.275649222762201940e-01,5.211201770091499714e-07,7.392679369390855459e-01,1.489808898446491447e+00
-7.923459328788666489e-02,5.037460726868524530e-01,3.278983875710393958e-01,4.621930492409998596e-07,7.391509284165627136e-01,1.491561251190345994e+00
-7.748311680280098313e-02,5.035345211108764873e-01,3.282243447982597373e-01,4.058234167638831314e-07,7.390365699759404716e-01,1.493312786730280006e+00
-7.573270264687616271e-02,5.033281156924696020e-01,3.285423451185730537e-01,3.522029624256068865e-07,7.389250198533133807e-01,1.495063257061108652e+00
-7.398359862451195368e-02,5.031271468625773124e-01,3.288519396926714577e-01,3.015233690739780656e-07,7.388164362847758904e-01,1.496812414177647543e+00
-7.223601797629114474e-02,5.029318832779294812e-01,3.291527133993795706e-01,2.539591410308161569e-07,7.387109655779562356e-01,1.498560044656523926e+00
-7.048988828559701880e-02,5.027424136393909837e-01,3.294445297854543542e-01,2.095428084362740379e-07,7.386086554561070994e-01,1.500306220880279096e+00
-6.874499624664860697e-02,5.025587378916847037e-01,3.297273898396358427e-01,1.682368782564533667e-07,7.385095050196199828e-01,1.502051156193967341e+00
-6.700112756200450603e-02,5.023808553548152478e-01,3.300012955180612884e-01,1.300033645933403854e-07,7.384135130266508140e-01,1.503795064934819292e+00
-6.525806793422325724e-02,5.022087653487868897e-01,3.302662487768680544e-01,9.480428154892123011e-08,7.383206782353547437e-01,1.505538161440065137e+00
-6.351560306586344351e-02,5.020424671936045691e-01,3.305222515721933374e-01,6.260164322518212980e-08,7.382309994038875889e-01,1.507280660046935949e+00
-6.177351865948364079e-02,5.018819602092730037e-01,3.307693058601745006e-01,3.335746372410934637e-08,7.381444752904048334e-01,1.509022775092662139e+00
-6.003160041764241811e-02,5.017272437157964671e-01,3.310074135969488518e-01,7.033757147688943228e-09,7.380611046530620722e-01,1.510764720914474557e+00
-5.828963404289843470e-02,5.015783170331798990e-01,3.312365767386535875e-01,-1.640746240209155705e-08,7.379808862500146782e-01,1.512506711849603835e+00
-5.654742293855273549e-02,5.014351767881521926e-01,3.314568014425252618e-01,-3.700772002915032091e-08,7.379038173348052565e-01,1.514248944538245434e+00
-5.480492337651310386e-02,5.012977963475545584e-01,3.316681301476777644e-01,-5.483910641785910049e-08,7.378298821667117480e-01,1.515991462784004762e+00
-5.306216983674072463e-02,5.011661371783971974e-01,3.318706238551457632e-01,-6.998934969841683541e-08,7.377590583571059790e-01,1.517734232198814537e+00
-5.131919743068268092e-02,5.010401606516061701e-01,3.320643437158414257e-01,-8.254630426457442806e-08,7.376913234636820471e-01,1.519477217763252730e+00
-4.957604126978604892e-02,5.009198281381072038e-01,3.322493508806766416e-01,-9.259782451008284698e-08,7.376266550441337166e-01,1.521220384457898422e+00
-4.783273646549794644e-02,5.008051010088261368e-01,3.324257065005633560e-01,-1.002317648286930011e-07,7.375650306561550851e-01,1.522963697263330252e+00
-4.608931812926542193e-02,5.006959406346890296e-01,3.325934717264134588e-01,-1.055359796141558392e-07,7.375064278574399168e-01,1.524707121160126855e+00
-4.434582137253558626e-02,5.005923083866216095e-01,3.327527077091391727e-01,-1.085983232602222438e-07,7.374508242056823093e-01,1.526450621128866425e+00
-4.260228131812953539e-02,5.004941656265075034e-01,3.329034756136842188e-01,-1.095066571625469484e-07,7.373981972535924578e-01,1.528194162138761580e+00
-4.085874270798185021e-02,5.004014660690946359e-01,3.330458484721239287e-01,-1.083547642993313824e-07,7.373485203391942910e-01,1.529937699546113139e+00
-3.911527740119146584e-02,5.003141418711533062e-01,3.331799327710654457e-01,-1.052531211337521124e-07,7.373017549189233577e-01,1.531681161607545638e+00
-3.737196200097372273e-02,5.002321214179098474e-01,3.333058408499475767e-01,-1.003151246348044964e-07,7.372578603705454148e-01,1.533424471838625847e+00
-3.562887311054396128e-02,5.001553330945911480e-01,3.334236850482089620e-01,-9.365417177148382642e-08,7.372167960718258861e-01,1.535167553754920755e+00
-3.388608733311750110e-02,5.000837052864242072e-01,3.335335777052884643e-01,-8.538365951278544728e-08,7.371785214005304177e-01,1.536910330871997354e+00
-3.214368127190968955e-02,5.000171663786356913e-01,3.336356311606247793e-01,-7.561698482770463770e-08,7.371429957344244333e-01,1.538652726705423079e+00
-3.040173153013588092e-02,4.999556447564524331e-01,3.337299577536567696e-01,-6.446754468523676904e-08,7.371101784512739119e-01,1.540394664770764477e+00
-2.866031471101139136e-02,4.998990688051012099e-01,3.338166698238229646e-01,-5.204873605437713322e-08,7.370800289288440554e-01,1.542136068583588759e+00
-2.691949885526191341e-02,4.998473619748527441e-01,3.338958873303556896e-01,-3.847629062176580518e-08,7.370525038621073000e-01,1.543876870224397901e+00
-2.517928207219779710e-02,4.998004074112914474e-01,3.339677924647304619e-01,-2.388500813906460969e-08,7.370275380351746231e-01,1.545617071725085445e+00
-2.343962832251477585e-02,4.997580685785865118e-01,3.340325978074100699e-01,-8.418999595240257853e-09,7.370050555327363195e-01,1.547356709275912845e+00
-2.170050133569481274e-02,4.997202088076480586e-01,3.340905161446154348e-01,7.777560976115915112e-09,7.369849803670401878e-01,1.549095819298421883e+00
-1.996186484121983962e-02,4.996866914293863760e-01,3.341417602625674221e-01,2.456049954141259385e-08,7.369672365503326938e-01,1.550834438214154343e+00
-1.822368256857181262e-02,4.996573797747116963e-01,3.341865429474869531e-01,4.178564206705845307e-08,7.369517480948611921e-01,1.552572602444651562e+00
-1.648591824723267402e-02,4.996321371745339190e-01,3.342250769855948933e-01,5.930881451946217742e-08,7.369384390128728146e-01,1.554310348411455101e+00
-1.474853560668436432e-02,4.996108269597634433e-01,3.342575751631122194e-01,7.698584286503244492e-08,7.369272333166146938e-01,1.556047712536107186e+00
-1.301149837640883621e-02,4.995933124613103349e-01,3.342842502662596305e-01,9.467255307017793359e-08,7.369180550183337397e-01,1.557784731240148490e+00
-1.127477028588803193e-02,4.995794570100848264e-01,3.343053150812582697e-01,1.122247711013073545e-07,7.369108281302771957e-01,1.559521440945121240e+00
-9.538315064603902424e-03,4.995691239369970948e-01,3.343209823943288916e-01,1.294983229248293395e-07,7.369054766646920829e-01,1.561257878072566996e+00
-7.802096442038389083e-03,4.995621765729572616e-01,3.343314649916923620e-01,1.463490345071525863e-07,7.369019246338254225e-01,1.562994079044027318e+00
-6.066078147673440238e-03,4.995584782488755038e-01,3.343369756595696574e-01,1.626327318146857663e-07,7.369000960499246800e-01,1.564730080281043989e+00
-4.330223910990997280e-03,4.995578922956619983e-01,3.343377271841815879e-01,1.782052408138375643e-07,7.368999149252364322e-01,1.566465918205158125e+00
-2.594497461473009841e-03,4.995602820442269221e-01,3.343339323517491302e-01,1.929223874710166912e-07,7.369013052720082557e-01,1.568201629237911954e+00
-8.588625286014274452e-04,4.995655108254804522e-01,3.343258039484930944e-01,2.066399977526318054e-07,7.369041911024868385e-01,1.569937249800847034e+00
8.767173258496135154e-04,4.995734465601204266e-01,3.343135475989317817e-01,2.192178558616852422e-07,7.369084989970897670e-01,1.571672816479066537e+00
2.612282303200339460e-03,4.995840601563265038e-01,3.342972082304470627e-01,2.306045624887596549e-07,7.369142131618595659e-01,1.573408369527739437e+00
4.347876316272352576e-03,4.995974240977745229e-01,3.342766722764844989e-01,2.408363171147533356e-07,7.369213746384019048e-01,1.575143952821781879e+00
6.083543435275837359e-03,4.996136151755146138e-01,3.342518194494533690e-01,2.499530339031553673e-07,7.369300268784704233e-01,1.576879610389608555e+00
7.819327730420979825e-03,4.996327101805964066e-01,3.342225294617628961e-01,2.579946270174547536e-07,7.369402133338190941e-01,1.578615386259633935e+00
9.555273271917959915e-03,4.996547859040697537e-01,3.341886820258219704e-01,2.650010106211404982e-07,7.369519774562021119e-01,1.580351324460271378e+00
1.129142412997696972e-02,4.996799191369843962e-01,3.341501568540399814e-01,2.710120988777014988e-07,7.369653626973728944e-01,1.582087469019936243e+00
1.302782437480818310e-02,4.997081866703902420e-01,3.341068336588259857e-01,2.760678059506270238e-07,7.369804125090854141e-01,1.583823863967042112e+00
1.476451807662179476e-02,4.997396652953370877e-01,3.340585921525890956e-01,2.802080460034059178e-07,7.369971703430937549e-01,1.585560553330003453e+00
1.650154930562798203e-02,4.997744318028746746e-01,3.340053120477385895e-01,2.834727331995271845e-07,7.370156796511515562e-01,1.587297581137234292e+00
1.823896213203693092e-02,4.998125629840529105e-01,3.339468730566834132e-01,2.859017817024798805e-07,7.370359838850126799e-01,1.589034991417149101e+00
1.997680062605882573e-02,4.998541356299215366e-01,3.338831548918329006e-01,2.875351056757531682e-07,7.370581264964313206e-01,1.590772828198162347e+00
2.171510885790385939e-02,4.998992265315302941e-01,3.338140372655960531e-01,2.884126192828358924e-07,7.370821509371608959e-01,1.592511135508688058e+00
2.345393089778219711e-02,4.999479124799290908e-01,3.337393998903821490e-01,2.885742366872170567e-07,7.371081006589556006e-01,1.594249957377140259e+00
2.519331081590404225e-02,5.000002702661677789e-01,3.336591224786003007e-01,2.880598720523858235e-07,7.371360191135691853e-01,1.595989337831933863e+00
2.693329268247956695e-02,5.000563766812960997e-01,3.335730847426595647e-01,2.869094395418310906e-07,7.371659497527552896e-01,1.597729320901482675e+00
2.867392025123914612e-02,5.001163083984572211e-01,3.334811665769519262e-01,2.851628565275951484e-07,7.371979359641954721e-01,1.599469950297717435e+00
3.041519731592336531e-02,5.001801272034348544e-01,3.333832708537172729e-01,2.828604455062937801e-07,7.372320130454730336e-01,1.601211229772155242e+00
3.215704914946674459e-02,5.002478656285652692e-01,3.332793455963379836e-01,2.800433250385129497e-07,7.372682003972478304e-01,1.602953084554670005e+00
3.389939187458658465e-02,5.003195527972109646e-01,3.331693440897663949e-01,2.767527064520754689e-07,7.373065155676724602e-01,1.604695430724821792e+00
3.564214161400022091e-02,5.003952178327336631e-01,3.330532196189552319e-01,2.730298010748042024e-07,7.373469761048997428e-01,1.606438184362170896e+00
3.738521449042496447e-02,5.004748898584958638e-01,3.329309254688570530e-01,2.689158202345218564e-07,7.373895995570827200e-01,1.608181261546277163e+00
3.912852662657812647e-02,5.005585979978598443e-01,3.328024149244243612e-01,2.644519752590512956e-07,7.374344034723741004e-01,1.609924578356701108e+00
4.087199414517703189e-02,5.006463713741876598e-01,3.326676412706098818e-01,2.596794774762153848e-07,7.374814053989267038e-01,1.611668050873001912e+00
4.261553316893897797e-02,5.007382391108414765e-01,3.325265577923660620e-01,2.546395382138368829e-07,7.375306228848931278e-01,1.613411595174740754e+00
4.435906581246306518e-02,5.008342273302567316e-01,3.323791224400759470e-01,2.493725659369654025e-07,7.375820718148082822e-01,1.615155133334199355e+00
4.610254660294496598e-02,5.009343459216007988e-01,3.322253184013885252e-01,2.439146260898344257e-07,7.376357590739993642e-01,1.616898619840805296e+00
4.784594097713956024e-02,5.010385993101839075e-01,3.320651373584108668e-01,2.383003223256566792e-07,7.376916885188046225e-01,1.618642020095075740e+00
4.958921438003165150e-02,5.011469919171938070e-01,3.318985709996581379e-01,2.325642571949012982e-07,7.377498640032779109e-01,1.620385299505758603e+00
5.133233225660596699e-02,5.012595281638189126e-01,3.317256110136455050e-01,2.267410332480379475e-07,7.378102893814728613e-01,1.622128423481602466e+00
5.307526005184750456e-02,5.013762124712473067e-01,3.315462490888881342e-01,2.208652530355351537e-07,7.378729685074429945e-01,1.623871357431355689e+00
5.481796321074098449e-02,5.014970492606671826e-01,3.313604769139013584e-01,2.149715191078625020e-07,7.379379052352418311e-01,1.625614066763766186e+00
5.656040717827121034e-02,5.016220429532666225e-01,3.311682861772001218e-01,2.090944340154892602e-07,7.380051034189227810e-01,1.627356516887582316e+00
5.830255817647795463e-02,5.017511979472077943e-01,3.309696686046358360e-01,2.032685630259128239e-07,7.380745668982745533e-01,1.629098673988646828e+00
6.004446459126888680e-02,5.018845162059095699e-01,3.307646198698808715e-01,1.975245291974250387e-07,7.381462980047140965e-01,1.630840586420796878e+00
6.178632837147383233e-02,5.020219951422977278e-01,3.305531430250215896e-01,1.918855876639392972e-07,7.382202962505366450e-01,1.632582456108505609e+00
6.352836829831434717e-02,5.021636316705069270e-01,3.303352419309091292e-01,1.863741859439131425e-07,7.382965608390277268e-01,1.634324501809484964e+00
6.527080315301202196e-02,5.023094227046727145e-01,3.301109204483949067e-01,1.810127715558041710e-07,7.383750909734725365e-01,1.636066942281445113e+00
6.701385171678839181e-02,5.024593651589296384e-01,3.298801824383300607e-01,1.758237920180699522e-07,7.384558858571559359e-01,1.637809996282097114e+00
6.875773277086501267e-02,5.026134559474130237e-01,3.296430317615660632e-01,1.708296948491681355e-07,7.385389446933632307e-01,1.639553882569152021e+00
7.050266509646346824e-02,5.027716919842578625e-01,3.293994722789539975e-01,1.660529275675561580e-07,7.386242666853795047e-01,1.641298819900320449e+00
7.224886747480531446e-02,5.029340701835992578e-01,3.291495078513453354e-01,1.615159376916916955e-07,7.387118510364899526e-01,1.643045027033313676e+00
7.399655757826736902e-02,5.031005872447456007e-01,3.288931426738077590e-01,1.572410917283978675e-07,7.388016968307202781e-01,1.644792721617082565e+00
7.574580602411670749e-02,5.032712113766804052e-01,3.286304252652406666e-01,1.532400124129216580e-07,7.388937873358767394e-01,1.646541974256710894e+00
7.749639062006426216e-02,5.034458540597263054e-01,3.283614924001738156e-01,1.495029299631542219e-07,7.389880743272176922e-01,1.648292562770113046e+00
7.924805450378107075e-02,5.036244200572638219e-01,3.280864913030218655e-01,1.460175416214897590e-07,7.390845058511347210e-01,1.650044230307813109e+00
8.100054081293815711e-02,5.038068141326730309e-01,3.278055691981998088e-01,1.427715446303223369e-07,7.391830299540191884e-01,1.651796720020335840e+00
8.275359268520648959e-02,5.039929410493344530e-01,3.275188733101225824e-01,1.397526362320461025e-07,7.392835946822622351e-01,1.653549775058206217e+00
8.450695325825710591e-02,5.041827055706282756e-01,3.272265508632049014e-01,1.369485136690552029e-07,7.393861480822556675e-01,1.655303138571947885e+00
8.626036566976101605e-02,5.043760124599349082e-01,3.269287490818618136e-01,1.343468741837437584e-07,7.394906382003906264e-01,1.657056553712086489e+00
8.801357305738921610e-02,5.045727664806345381e-01,3.266256151905080896e-01,1.319354150185058896e-07,7.395970130830585854e-01,1.658809763629146561e+00
8.976631855881271604e-02,5.047728723961076858e-01,3.263172964135584997e-01,1.297018334157357435e-07,7.397052207766509069e-01,1.660562511473651970e+00
9.151840736281838251e-02,5.049762531622998818e-01,3.260039118692938387e-01,1.276345649813533387e-07,7.398152192400418992e-01,1.662314602446470557e+00
9.326997881904446064e-02,5.051829297066942059e-01,3.256854293173986892e-01,1.257260215944040675e-07,7.399270198133170995e-01,1.664066175905156486e+00
9.502128426814489270e-02,5.053929557910560311e-01,3.253617657910802263e-01,1.239699477462499867e-07,7.400406517267965611e-01,1.665817483196884607e+00
9.677257513190812288e-02,5.056063852009388127e-01,3.250328382867958554e-01,1.223600888936945564e-07,7.401561442237617472e-01,1.667568775749963761e+00
9.852410283212251207e-02,5.058232717218955621e-01,3.246985638010028152e-01,1.208901904935411045e-07,7.402735265474935655e-01,1.669320304992701454e+00
1.002761187905765183e-01,5.060436691394796238e-01,3.243588593301585110e-01,1.195539980025930912e-07,7.403928279412733682e-01,1.671072322353405859e+00
1.020288744290585164e-01,5.062676312392440092e-01,3.240136418707201260e-01,1.183452568776538839e-07,7.405140776483822851e-01,1.672825079260386039e+00
1.037826211693569783e-01,5.064952118067421738e-01,3.236628284191449545e-01,1.172577125755269033e-07,7.406373049121015573e-01,1.674578827141949278e+00
1.055376104332602649e-01,5.067264646275270179e-01,3.233063359718903462e-01,1.162851105530155432e-07,7.407625389757124257e-01,1.676333817426403971e+00
1.072940609414453766e-01,5.069614436556051373e-01,3.229440812443342135e-01,1.154211579582984793e-07,7.408898091959909005e-01,1.678090268840986221e+00
1.090517582734749497e-01,5.072002050762220993e-01,3.225759772288298577e-01,1.146590545243727713e-07,7.410191464330057043e-01,1.679847966972332296e+00
1.108101811520479929e-01,5.074428066553344774e-01,3.222019342801703545e-01,1.139916405082447528e-07,7.411505826118260920e-01,1.681606390550581587e+00
1.125688018000151752e-01,5.076893061923820616e-01,3.218218626972802476e-01,1.134117485524929455e-07,7.412841496800803842e-01,1.683365011806031042e+00
1.143270924402270683e-01,5.079397614868040867e-01,3.214356727790838586e-01,1.129122112996958176e-07,7.414198795853970125e-01,1.685123302968978498e+00
1.160845252955342716e-01,5.081942303380401205e-01,3.210432748245056200e-01,1.124858613924318510e-07,7.415578042754039645e-01,1.686880736269722014e+00
1.178405725887874123e-01,5.084527705455297308e-01,3.206445791324699091e-01,1.121255314732795670e-07,7.416979556977293386e-01,1.688636783938559205e+00
1.195947065428370898e-01,5.087154399087121526e-01,3.202394960019011028e-01,1.118240541848173944e-07,7.418403658000017886e-01,1.690390918205788129e+00
1.213463993805338897e-01,5.089822962270270645e-01,3.198279357317236338e-01,1.115742621696238678e-07,7.419850665298491910e-01,1.692142611301706179e+00
1.230954553433138282e-01,5.092534811999326338e-01,3.194096790895669669e-01,1.113683745018455428e-07,7.421321354723439123e-01,1.693891667475828644e+00
1.248431969634481026e-01,5.095295201940523988e-01,3.189839145082137839e-01,1.111958044629176428e-07,7.422818589084437813e-01,1.695639409271395115e+00
1.265913805197985409e-01,5.098110481823650009e-01,3.185496612017340579e-01,1.110451637730761267e-07,7.424345827395212316e-01,1.697387592979060944e+00
1.283417623249251960e-01,5.100987001463650472e-01,3.181059383710513888e-01,1.109050640902828927e-07,7.425906528715808808e-01,1.699137974923180305e+00
1.300952387426868861e-01,5.103930130173026658e-01,3.176519162694710352e-01,1.107631893210385842e-07,7.427503622180408049e-01,1.700891451480367911e+00
1.318489732671871417e-01,5.106940981094238996e-01,3.171874208392579941e-01,1.106031961835186587e-07,7.429137736618268706e-01,1.702645186161660051e+00
1.335991167696556348e-01,5.110019512790188179e-01,3.167124558927028044e-01,1.104076489326510230e-07,7.430808876850439892e-01,1.704395329856351671e+00
1.353417826839207194e-01,5.113165621744995004e-01,3.162270348237335438e-01,1.101590406236580110e-07,7.432517013963719776e-01,1.706137996016410918e+00
1.370707620572074736e-01,5.116375352849318325e-01,3.157317655064064144e-01,1.098354465541235216e-07,7.434260026045252934e-01,1.707866975711816337e+00
1.387762010864192208e-01,5.119638706142513040e-01,3.152281888166661994e-01,1.094080086086808788e-07,7.436032506341299086e-01,1.709572415169465565e+00
1.404479270957902926e-01,5.122945152825251203e-01,3.147179272548799034e-01,1.088472620967413462e-07,7.437828760721162391e-01,1.711244141744220126e+00
1.420764389235553149e-01,5.126285612284907645e-01,3.142023791469790717e-01,1.081237960977052873e-07,7.439643888579624553e-01,1.712872654304887332e+00
1.436549573453954620e-01,5.129656874037603620e-01,3.136820341426942993e-01,1.072084176440561063e-07,7.441476205814332445e-01,1.714451173657496996e+00
1.451773927112194329e-01,5.133057214734839668e-01,3.131571516881965778e-01,1.060719889843986837e-07,7.443324843190108897e-01,1.715973610182250031e+00
1.466385181302451435e-01,5.136487098827744457e-01,3.126276515668125477e-01,1.046885380422866875e-07,7.445190140075349516e-01,1.717434737015365975e+00
1.480378565722051953e-01,5.139959035544054977e-01,3.120915835720195486e-01,1.030495211425541056e-07,7.447079089720243239e-01,1.718834077135462879e+00
1.493765568750525241e-01,5.143489657015641869e-01,3.115463574033263128e-01,1.011523603186454836e-07,7.449000962986056518e-01,1.720172779383178252e+00
1.506554777797301792e-01,5.147096205999589502e-01,3.109892867672801042e-01,9.899344409650618369e-08,7.450965380071744582e-01,1.721451702503218772e+00
1.518743147317209441e-01,5.150798347412505196e-01,3.104173045681216103e-01,9.656501600609836914e-08,7.452983347174149120e-01,1.722670541949159695e+00
1.530324698723356247e-01,5.154616354445293869e-01,3.098272480201203494e-01,9.385834901567795898e-08,7.455066219140511485e-01,1.723828699871418735e+00
1.541291329530613263e-01,5.158570780257637489e-01,3.092159063489635096e-01,9.086893570053234593e-08,7.457225550167044803e-01,1.724925366026253792e+00
1.551631514941245737e-01,5.162682629132854251e-01,3.085799914546326073e-01,8.759906783850574146e-08,7.459473215668035451e-01,1.725959387931675248e+00
1.561334889522572045e-01,5.166974155154835380e-01,3.079160198291160944e-01,8.405172947796596185e-08,7.461821795200170859e-01,1.726929729041491779e+00
1.570400656605012435e-01,5.171475484204901552e-01,3.072192812064650780e-01,8.023039993896152821e-08,7.464288263750574748e-01,1.727836309685347960e+00
1.578832624865237066e-01,5.176219547107141494e-01,3.064846276605984188e-01,7.613979037362474883e-08,7.466891167708047394e-01,1.728679510726257362e+00
1.586649739947607052e-01,5.181232518984949520e-01,3.057079537042733941e-01,7.180479482290451952e-08,7.469645382505005760e-01,1.729461226703189913e+00
1.593884715338272917e-01,5.186534418564600069e-01,3.048861038252100863e-01,6.726867655209744581e-08,7.472562438156827858e-01,1.730184728920354020e+00
1.600570766634970277e-01,5.192145040049283011e-01,3.040159571566042884e-01,6.257536874996878262e-08,7.475653742671921620e-01,1.730853338892424764e+00
1.606741583971804943e-01,5.198084120300011657e-01,3.030944018741443258e-01,5.776892978705408091e-08,7.478930670964882843e-01,1.731470425587585682e+00
1.612461957919469335e-01,5.204367638053088996e-01,3.021189187855458647e-01,5.290162226848104695e-08,7.482402429029313407e-01,1.732042468009180602e+00
1.617846459965131267e-01,5.211005556602197331e-01,3.010879372950310828e-01,4.803884090817837588e-08,7.486074751175231246e-01,1.732580923238599580e+00
1.623014133378043455e-01,5.218007298878347688e-01,2.999999720185286822e-01,4.324716006747770328e-08,7.489953059853939887e-01,1.733097695534219440e+00
1.628083821550393995e-01,5.225382256017733207e-01,2.988535425675067358e-01,3.859291154760617337e-08,7.494042759393648723e-01,1.733604669166959322e+00
1.633163151462551921e-01,5.233138034940609806e-01,2.976474488858819045e-01,3.412881551280240652e-08,7.498348237116901904e-01,1.734112606780503940e+00
1.638342796870977114e-01,5.241279545785701988e-01,2.963809146305050879e-01,2.988701860224637524e-08,7.502872343176864023e-01,1.734630575717229783e+00
1.643712022562048014e-01,5.249811474564189950e-01,2.950531986727004119e-01,2.589795760444714573e-08,7.507617799973673733e-01,1.735167502424256103e+00
1.649359169564902361e-01,5.258738459164588042e-01,2.936635669234544110e-01,2.219176167806193230e-08,7.512587307686894311e-01,1.735732220973293272e+00
1.655322092124556776e-01,5.268062507392260452e-01,2.922116700376117815e-01,1.878174686111785526e-08,7.517782352058550721e-01,1.736328516774822361e+00
1.661563104842863903e-01,5.277781691853554724e-01,2.906977343338114639e-01,1.565607296204633445e-08,7.523202601757569274e-01,1.736952621300714927e+00
1.668038331552604003e-01,5.287893762649878981e-01,2.891220333085912642e-01,1.280083813791793574e-08,7.528847576536626951e-01,1.737600146948043989e+00
1.674703880552920188e-01,5.298396354136853947e-01,2.874848585144327284e-01,1.020220283070606543e-08,7.534716731329945683e-01,1.738266704560453402e+00
1.681514352944045720e-01,5.309275870079670501e-01,2.857882534372873651e-01,7.852370866529645832e-09,7.540803231861891165e-01,1.738947754255444123e+00
1.688421604164689060e-01,5.320498255497290163e-01,2.840374530571327938e-01,5.754555293449303385e-09,7.547088786814629691e-01,1.739638481572975959e+00
1.695377198136462094e-01,5.332027283227472880e-01,2.822380312067397368e-01,3.913138049574301622e-09,7.553553888433541808e-01,1.740334042900089528e+00
1.702332690328619003e-01,5.343826692007176415e-01,2.803955671110443526e-01,2.332485102122460011e-09,7.560179009144184503e-01,1.741029593778606888e+00
1.709237728800968303e-01,5.355852525178960155e-01,2.785168568234658859e-01,1.013358330814793902e-09,7.566940148713476866e-01,1.741720099013165157e+00
1.716037647755849771e-01,5.368043421938317739e-01,2.766114484151619424e-01,-5.163150276915873431e-11,7.573803191402237456e-01,1.742400092031159309e+00
1.722677188578590202e-01,5.380335629775739870e-01,2.746892681438553030e-01,-8.709937764031494426e-10,7.580732631382678388e-01,1.743064046979451831e+00
1.729101092694479980e-01,5.392665396243994103e-01,2.727602422575453600e-01,-1.453237867415712468e-09,7.587692962861967150e-01,1.743706438008901571e+00
1.735261792623301325e-01,5.404980954612298438e-01,2.708324257314141392e-01,-1.806787469118720765e-09,7.594655406764853067e-01,1.744322508379755776e+00
1.741140901370434035e-01,5.417276012695324550e-01,2.689067738164694910e-01,-1.939741184394272149e-09,7.601616705596375700e-01,1.744910419400593771e+00
1.746726951275917872e-01,5.429555061322218767e-01,2.669825582630319105e-01,-1.860120530036528779e-09,7.608579653589346847e-01,1.745469024313405448e+00
1.752008474679792593e-01,5.441822591322134084e-01,2.650590508214216157e-01,-1.575947022839654260e-09,7.615547044976574975e-01,1.745997176360182257e+00
1.756974166892352196e-01,5.454082912327429256e-01,2.631355518808269345e-01,-1.095396191088857077e-09,7.622521568749995868e-01,1.746493745080109683e+00
1.761615491866934391e-01,5.466337255683381136e-01,2.612118483658682488e-01,-4.292600089259569160e-10,7.629504126002101261e-01,1.746957876879568605e+00
1.765926227426841133e-01,5.478584280082919866e-01,2.592881338190299312e-01,4.094828770551831743e-10,7.636494123603571049e-01,1.747388949554351090e+00
1.769900222492008790e-01,5.490822565170917491e-01,2.573646142766546907e-01,1.407786631931417551e-09,7.643490922513196395e-01,1.747786348009987334e+00
1.773531325982377060e-01,5.503050690592247163e-01,2.554414957750844040e-01,2.552605420779943022e-09,7.650493883689768460e-01,1.748149457152007535e+00
1.776816191498117870e-01,5.515267508997075963e-01,2.535189469226715731e-01,3.827657006463866691e-09,7.657502469047819948e-01,1.748477942357415271e+00
1.779766711949610780e-01,5.527473356417639261e-01,2.515969329617142591e-01,5.199074067925970399e-09,7.664516689047771170e-01,1.748772992952983607e+00
1.782399931462985143e-01,5.539669070301327380e-01,2.496753503923950235e-01,6.627045146220616627e-09,7.671536739570394836e-01,1.749036313393395270e+00
1.784732898206995433e-01,5.551855488489036983e-01,2.477540956609481371e-01,8.071754117495595012e-09,7.678562816641977262e-01,1.749269608537602050e+00
1.786782659540785134e-01,5.564033448872333087e-01,2.458330652040806863e-01,9.493386939784227919e-09,7.685595116333502341e-01,1.749474583163592500e+00
1.788564420773747776e-01,5.576203904624569274e-01,2.439121337815005619e-01,1.085686631905007996e-08,7.692633936401331862e-01,1.749652757839375239e+00
1.790087620695960113e-01,5.588368169807644836e-01,2.419911082932751922e-01,1.214194330586130315e-08,7.699679892926967195e-01,1.749805076465362097e+00
1.791360572734954915e-01,5.600527628912509437e-01,2.400697823963536537e-01,1.333126276986259234e-08,7.706733664114506777e-01,1.749932370402652593e+00
1.792391590318265227e-01,5.612683666430109408e-01,2.381479497476851614e-01,1.440746958069865233e-08,7.713795928168050153e-01,1.750035471012347799e+00
1.793188987076620722e-01,5.624837665180071333e-01,2.362254042567518975e-01,1.535318528364716843e-08,7.720867362437192627e-01,1.750115209675891403e+00
1.793761143559614857e-01,5.636990457564940993e-01,2.343020229998437620e-01,1.614335000430162714e-08,7.727948362856820186e-01,1.750172424474701227e+00
1.794116603489240291e-01,5.649141533871331333e-01,2.323778858440116446e-01,1.673417378844636668e-08,7.735038639170972452e-01,1.750207969827154209e+00
1.794263934988423459e-01,5.661290183684729582e-01,2.304531029818039645e-01,1.707906577029600184e-08,7.742137798510145830e-01,1.750222702594669499e+00
1.794211706180091626e-01,5.673435696590621857e-01,2.285277846057691131e-01,1.713143508406514411e-08,7.749245448004830061e-01,1.750217479638666473e+00
1.793968485187171502e-01,5.685577362174496496e-01,2.266020409084555376e-01,1.684469086396840496e-08,7.756361194785519331e-01,1.750193157820564061e+00
1.793542840132589800e-01,5.697714470021840727e-01,2.246759820824116294e-01,1.617224224422039587e-08,7.763484645982710042e-01,1.750150594001781190e+00
1.792943339139273506e-01,5.709846309718142887e-01,2.227497183201858078e-01,1.506749835903572502e-08,7.770615408726893047e-01,1.750090645043737236e+00
1.792178550330149334e-01,5.721972170848889094e-01,2.208233598143265197e-01,1.348386834262901215e-08,7.777753090148563642e-01,1.750014167807851129e+00
1.791257041828144547e-01,5.734091342999567686e-01,2.188970167573821568e-01,1.137476132921486048e-08,7.784897297378214898e-01,1.749922019155542241e+00
1.790187353726402364e-01,5.746203119706309037e-01,2.169707987388993509e-01,8.693846398100666558e-09,7.792047639631483058e-01,1.749815053144977872e+00
1.788974178643308044e-01,5.758307336785478681e-01,2.150447325781064956e-01,5.430473681874848305e-09,7.799204012338420977e-01,1.749693739049282160e+00
1.787614478148324693e-01,5.770404919701932478e-01,2.131186787769925595e-01,1.645690201550184023e-09,7.806366886043375475e-01,1.749557772961201074e+00
1.786104288362941606e-01,5.782496924357284351e-01,2.111924779284820586e-01,-2.590874520220766690e-09,7.813536800134950333e-01,1.749406758419648433e+00
1.784439645408649466e-01,5.794584406653149333e-01,2.092659706254995367e-01,-7.209590960785445892e-09,7.820714294001746003e-01,1.749240298963536500e+00
1.782616585406938126e-01,5.806668422491140236e-01,2.073389974609693986e-01,-1.214082959749129150e-08,7.827899907032368487e-01,1.749057998131778868e+00
1.780631144479296879e-01,5.818750027772875422e-01,2.054113990278162438e-01,-1.731496090768574103e-08,7.835094178615424898e-01,1.748859459463287580e+00
1.778479358747216965e-01,5.830830278399967703e-01,2.034830159189644494e-01,-2.266235536871624315e-08,7.842297648139512356e-01,1.748644286496976674e+00
1.776157264332187402e-01,5.842910230274031003e-01,2.015536887273386146e-01,-2.811338345793023577e-08,7.849510854993241304e-01,1.748412082771758191e+00
1.773660897355699151e-01,5.854990939296681463e-01,1.996232580458631445e-01,-3.359841565267514691e-08,7.856734338565211084e-01,1.748162451826545505e+00
1.770986154018955594e-01,5.867073407408738284e-01,1.976915730953403560e-01,-3.904647729655250905e-08,7.863968605954008151e-01,1.747894983206807140e+00
1.768124566048475121e-01,5.879156953374614636e-01,1.957587522223393772e-01,-4.434463554146407494e-08,7.871213157049176123e-01,1.747608829966387667e+00
1.765062549182610518e-01,5.891238922958267343e-01,1.938252292396280829e-01,-4.933077461862983895e-08,7.878466311101154362e-01,1.747302633508556413e+00
1.761786227746482136e-01,5.903316549539017188e-01,1.918914559293325439e-01,-5.383997723718831025e-08,7.885726320109660570e-01,1.746975006092311045e+00
1.758281726065210882e-01,5.915387066496183843e-01,1.899578840735788310e-01,-5.770732610627803109e-08,7.892991436074416889e-01,1.746624559976649005e+00
1.754535168463917660e-01,5.927447707209092531e-01,1.880249654544931259e-01,-6.076790393503752388e-08,7.900259910995145463e-01,1.746249907420567515e+00
1.750532679267722824e-01,5.939495705057066255e-01,1.860931518542014995e-01,-6.285679343260534411e-08,7.907529996871567324e-01,1.745849660683065130e+00
1.746260382801747835e-01,5.951528293419424687e-01,1.841628950548300225e-01,-6.380907730811998770e-08,7.914799945703402395e-01,1.745422432023138848e+00
1.741704403391113043e-01,5.963542705675491939e-01,1.822346468385049045e-01,-6.345983827072001014e-08,7.922068009490371709e-01,1.744966833699786557e+00
1.736850830675157054e-01,5.975536193592231315e-01,1.803088560005112750e-01,-6.164386022809590194e-08,7.929332451718423824e-01,1.744481474503113416e+00
1.731678504039686761e-01,5.987509852443695380e-01,1.783853470067391644e-01,-5.813346961736799960e-08,7.936593936800758753e-01,1.743964238132161171e+00
1.726150136953679137e-01,5.999473326180949639e-01,1.764625556979967091e-01,-5.256207580583343528e-08,7.943858469260840494e-01,1.743411395548136955e+00
1.720226268726913199e-01,6.011437411321142177e-01,1.745387306952258522e-01,-4.454435881795423339e-08,7.951132773596688574e-01,1.742819000276623953e+00
1.713867438669168519e-01,6.023412904381417743e-01,1.726121206193684254e-01,-3.369499867819240510e-08,7.958423574306324744e-01,1.742183105843205571e+00
1.707038724743195068e-01,6.035405297165877814e-01,1.706818289653975473e-01,-1.968814959302399419e-08,7.965734350823526766e-01,1.741500219701340058e+00
1.699728650584481082e-01,6.047392678509765362e-01,1.687513753175752251e-01,-2.505196177824828837e-09,7.973051819301286702e-01,1.740769194195026515e+00
1.691933288304636740e-01,6.059344314696779588e-01,1.668257010468154611e-01,1.777356226396662482e-08,7.980357298852966963e-01,1.739989636619954982e+00
1.683648713639857020e-01,6.071229467774258426e-01,1.649097482067380105e-01,4.106777893259786267e-08,7.987632106000409626e-01,1.739161154634323525e+00
1.674884785959679379e-01,6.083012380518235673e-01,1.630092803469876395e-01,6.713349096704012560e-08,7.994854358613616707e-01,1.738284734431806644e+00
1.665716843059677210e-01,6.094633451920117295e-01,1.611339634909163265e-01,9.494948600315922261e-08,8.001986979535055111e-01,1.737367910866438603e+00
1.656239645828955775e-01,6.106026008106441028e-01,1.592946212662416372e-01,1.232639934500627101e-07,8.008988384253258319e-01,1.736420161344180313e+00
1.646547929760318330e-01,6.117123429755382258e-01,1.575020685375006502e-01,1.508254931617176650e-07,8.015817021341212767e-01,1.735450960731098835e+00
1.636729432376028137e-01,6.127872779349379240e-01,1.557649214881673960e-01,1.764529954549552730e-07,8.022439645592404078e-01,1.734469084021984298e+00
1.626855777107418521e-01,6.138252624195994489e-01,1.540867334415082224e-01,1.991279197744290471e-07,8.028842138373031290e-01,1.733481694631622494e+00
1.616996327272958167e-01,6.148245950372727142e-01,1.524703476195783947e-01,2.178544645698766487e-07,8.035013063683599244e-01,1.732495729939540707e+00
1.607219954657159444e-01,6.157836080769908405e-01,1.509185525928544158e-01,2.316406620565999270e-07,8.040941195295725485e-01,1.731518078167836983e+00
1.597581035130560545e-01,6.167016271284054829e-01,1.494325251925378018e-01,2.396076067012965983e-07,8.046621493377843493e-01,1.730554177828251161e+00
1.588117417438832391e-01,6.175791102660452836e-01,1.480116046688193243e-01,2.410052978434557668e-07,8.052055971351645969e-01,1.729607814584404268e+00
1.578866050360286377e-01,6.184165772327224753e-01,1.466550302083310109e-01,2.350907542030656984e-07,8.057247026716379823e-01,1.728682684095797395e+00
1.569864794568397726e-01,6.192145262244415083e-01,1.453620757657743956e-01,2.211119714973974689e-07,8.062196924607615278e-01,1.727782573220940865e+00
1.561163724359440341e-01,6.199731668463726031e-01,1.441324809678966590e-01,1.981960943238450019e-07,8.066906157325461901e-01,1.726912490307785264e+00
1.552821634062146738e-01,6.206925026615078833e-01,1.429663179124424366e-01,1.653839844704344908e-07,8.071373951437262884e-01,1.726078315798313945e+00
1.544897506222340511e-01,6.213725327855327274e-01,1.418636658733594402e-01,1.217146413583194970e-07,8.075599506190207499e-01,1.725285948958178439e+00
1.537443238201955664e-01,6.220132570419427687e-01,1.408246001104043466e-01,6.633630042542352420e-08,8.079582055751318714e-01,1.724540580419708924e+00
1.530442020979640716e-01,6.226146821180048585e-01,1.398491569569550730e-01,-5.435203436395904204e-10,8.083321172911850372e-01,1.723840529062383942e+00
1.523838445851901091e-01,6.231768185570959462e-01,1.389373508773028842e-01,-7.812219130723223807e-08,8.086816620704302405e-01,1.723180253171321619e+00
1.517576675239625528e-01,6.236996769454377088e-01,1.380891960927548012e-01,-1.655904706221436881e-07,8.090068164274919482e-01,1.722554168137120811e+00
1.511596650470367342e-01,6.241832701034593089e-01,1.373047012985014192e-01,-2.620789033636421160e-07,8.093075602714708827e-01,1.721956267177694677e+00
1.505795427036101530e-01,6.246276335508890165e-01,1.365838190450096024e-01,-3.661062764414763032e-07,8.095839079989689546e-01,1.721376254283737861e+00
1.500045071105347849e-01,6.250328160342025763e-01,1.359264691675469428e-01,-4.758349088904818292e-07,8.098358941022518742e-01,1.720801334138543748e+00
1.494217337714002780e-01,6.253988664645570017e-01,1.353325710940564142e-01,-5.894226814986949135e-07,8.100635533237886543e-01,1.720218680307472603e+00
1.488185747439579876e-01,6.257258351252509287e-01,1.348020422266692497e-01,-7.050379861174686124e-07,8.102669210422880353e-01,1.719615642921107135e+00
1.481854009976368847e-01,6.260137957619351656e-01,1.343347653280227705e-01,-8.210289439883279073e-07,8.104460435155634856e-01,1.718982591210820976e+00
1.475151168450029859e-01,6.262628418088732607e-01,1.339305940927542626e-01,-9.358944976638279319e-07,8.106009761307138017e-01,1.718312427909819862e+00
1.468007051019973863e-01,6.264730673104409453e-01,1.335893813147404630e-01,-1.048138263355523828e-06,8.107317745577365953e-01,1.717598134259603393e+00
1.460351663088885754e-01,6.266445709647135986e-01,1.333109722299070654e-01,-1.156265861845197623e-06,8.108384973676211471e-01,1.716832709228107268e+00
1.452132545518878548e-01,6.267779118808056715e-01,1.330944643327317267e-01,-1.258981234894501565e-06,8.109214901392785002e-01,1.716010905537882714e+00
1.443329371893408153e-01,6.268744928445940667e-01,1.329375849244742447e-01,-1.355351736059881862e-06,8.109816243771366118e-01,1.715130689565995681e+00
1.433925252609675460e-01,6.269358068789396832e-01,1.328379147548826023e-01,-1.444483588268282089e-06,8.110198278369459279e-01,1.714190371411784541e+00
1.423903298064880252e-01,6.269633470067046410e-01,1.327930345737049211e-01,-1.525483014446645608e-06,8.110370282744561177e-01,1.713188261174588334e+00
1.413247465893407162e-01,6.269586274226052192e-01,1.328004907276059132e-01,-1.597494410069272898e-06,8.110341666126594795e-01,1.712122753717626678e+00
1.401951939924982182e-01,6.269234178667153490e-01,1.328574143163068766e-01,-1.660122915173567432e-06,8.110123427038226085e-01,1.710993267008428020e+00
1.390017691386732923e-01,6.268596573540294870e-01,1.329606613765506873e-01,-1.713279185374844010e-06,8.109727616761568392e-01,1.709799898075708979e+00
1.377448616632905576e-01,6.267692073842838774e-01,1.331072135993306427e-01,-1.756874923920842815e-06,8.109165805167785068e-01,1.708543036462000897e+00
1.364255819015604276e-01,6.266537223835435544e-01,1.332943883780476901e-01,-1.790810447898220379e-06,8.108448276022645063e-01,1.707223792397645434e+00
1.350451146816423476e-01,6.265148156943198821e-01,1.335195696901870233e-01,-1.814991731303587574e-06,8.107585057987234389e-01,1.705843350611883746e+00
1.336036309332670202e-01,6.263538895784013238e-01,1.337804832140842837e-01,-1.829515221885608802e-06,8.106584870248484398e-01,1.704401882135930135e+00
1.321002285496772344e-01,6.261721229050625226e-01,1.340752162594474883e-01,-1.834678950983653503e-06,8.105455046140938036e-01,1.702898485176597809e+00
1.305344173761390225e-01,6.259707467080584120e-01,1.344017714169672140e-01,-1.830819073458508415e-06,8.104203243922969424e-01,1.701332669932838160e+00
1.289120677256888337e-01,6.257518551332671430e-01,1.347567502932324468e-01,-1.818661983663371112e-06,8.102842494327245904e-01,1.699710307481999250e+00
1.272436678508713781e-01,6.255181689785248578e-01,1.351357373275313967e-01,-1.799217404542150737e-06,8.101389728705414850e-01,1.698041887139068340e+00
1.255397866976841470e-01,6.252724118490158300e-01,1.355343124210320327e-01,-1.773494749710225853e-06,8.099861895723949878e-01,1.696337978912160205e+00
1.238106395753955785e-01,6.250171345577628657e-01,1.359483362339271306e-01,-1.742401112575306097e-06,8.098274866051338172e-01,1.694608799065000282e+00
1.220661652014393139e-01,6.247547527709074178e-01,1.363738890180057339e-01,-1.706763558279779701e-06,8.096643667215583928e-01,1.692864287185273708e+00
1.203162233221123367e-01,6.244876657268981779e-01,1.368070776831555313e-01,-1.667404292409547650e-06,8.094983224517429132e-01,1.691114303884416303e+00
1.185666969427644629e-01,6.242175602974672222e-01,1.372451647183057233e-01,-1.624994074972044002e-06,8.093304033465530400e-01,1.689364732873550601e+00
1.168174819944400450e-01,6.239450508699857512e-01,1.376871523630205651e-01,-1.579975661198031883e-06,8.091609920415400170e-01,1.687615470549564733e+00
1.150679795228671670e-01,6.236706631813879742e-01,1.381321866628368866e-01,-1.532772959681296995e-06,8.089904160457307425e-01,1.685865918404198416e+00
1.133176089200293168e-01,6.233948981537685841e-01,1.385794539666583003e-01,-1.483789297281868125e-06,8.088189874140498947e-01,1.684115496253792310e+00
1.115659277225281715e-01,6.231180698571215926e-01,1.390284441018427852e-01,-1.433273023416595344e-06,8.086469018342878901e-01,1.682363761896246590e+00
1.098125563976255770e-01,6.228404072424813531e-01,1.394787851428964109e-01,-1.381401888785138861e-06,8.084743019841313938e-01,1.680610335985842418e+00
1.080571157318120229e-01,6.225621388290989433e-01,1.399301058656120533e-01,-1.328353285960918338e-06,8.083013302723623950e-01,1.678854839495712792e+00
1.062992265115778323e-01,6.222834931362258848e-01,1.403820350457824773e-01,-1.274304607517351953e-06,8.081281291077631046e-01,1.677096893398989597e+00
1.045385095234134115e-01,6.220046986831133662e-01,1.408342014592003644e-01,-1.219433246027859367e-06,8.079548408991158448e-01,1.675336118668806051e+00
1.027745855538091946e-01,6.217259839890127981e-01,1.412862338816585350e-01,-1.163916594065859183e-06,8.077816080552024935e-01,1.673572136278294709e+00
1.010070753892555184e-01,6.214475775731754803e-01,1.417377610889497541e-01,-1.107932044204770849e-06,8.076085729848057060e-01,1.671804567200588565e+00
9.923574606807492038e-02,6.211697255235518744e-01,1.421883833444198553e-01,-1.051653141863416241e-06,8.074358890479127471e-01,1.670033178656604944e+00
9.746098372413258826e-02,6.208927482977821821e-01,1.426375802159777217e-01,-9.952371471517101494e-07,8.072637559618293102e-01,1.668258356945675924e+00
9.568333827800856728e-02,6.206169860286067097e-01,1.430847993405817697e-01,-9.388370117698643462e-07,8.070923857080625208e-01,1.666480652149315178e+00
9.390335965132405593e-02,6.203427788488918848e-01,1.435294883549873279e-01,-8.826056873906995701e-07,8.069219902681979972e-01,1.664700614350077990e+00
9.212159776570028047e-02,6.200704668915030249e-01,1.439710948959498360e-01,-8.266961256870364538e-07,8.067527816238205807e-01,1.662918793630519865e+00
9.033860254275852264e-02,6.198003902893063355e-01,1.444090666002246504e-01,-7.712612783316963710e-07,8.065849717565160004e-01,1.661135740073195866e+00
8.855492390412000869e-02,6.195328891751674671e-01,1.448428511045672107e-01,-7.164540969975002723e-07,8.064187726478692086e-01,1.659352003760661276e+00
8.677111177140596487e-02,6.192683036819521813e-01,1.452718960457329012e-01,-6.624275333572688961e-07,8.062543962794653796e-01,1.657568134775472046e+00
8.498771606623765906e-02,6.190069739425264617e-01,1.456956490604770782e-01,-6.093345390838235105e-07,8.060920546328903535e-01,1.655784683200183016e+00
8.320528671023628975e-02,6.187492400897559586e-01,1.461135577855551537e-01,-5.573280658499847482e-07,8.059319596897288607e-01,1.654002199117349470e+00
8.142437362502311093e-02,6.184954422565066556e-01,1.465250698577225674e-01,-5.065610653285740889e-07,8.057743234315662972e-01,1.652221232609527135e+00
7.964552673221937662e-02,6.182459205756444254e-01,1.469296329137345924e-01,-4.571864891924121653e-07,8.056193578399882815e-01,1.650442333759270852e+00
7.786929595344632693e-02,6.180010151800349183e-01,1.473266945903467517e-01,-4.093572891143200336e-07,8.054672748965796547e-01,1.648666052649136127e+00
7.609623121032517423e-02,6.177610662025442290e-01,1.477157025243143740e-01,-3.632264167671187501e-07,8.053182865829258130e-01,1.646892939361678687e+00
7.432688242447715865e-02,6.175264137760376748e-01,1.480961043523928711e-01,-3.189468238236291592e-07,8.051726048806122638e-01,1.645123543979453151e+00
7.256179951752357582e-02,6.172973980333816835e-01,1.484673477113376550e-01,-2.766714619566723702e-07,8.050304417712239591e-01,1.643358416585015469e+00
7.080153110288317508e-02,6.170743588227441956e-01,1.488288807004982672e-01,-2.365531452231253765e-07,8.048920090586714204e-01,1.641598105952573272e+00
6.904627476914003414e-02,6.168575596004967077e-01,1.491802755453138785e-01,-1.987077617329952223e-07,8.047574708720093284e-01,1.639842809792646738e+00
6.729540520813336035e-02,6.166470847400674637e-01,1.495213954562051029e-01,-1.631646352325190855e-07,8.046268795775931570e-01,1.638091902827927937e+00
6.554817934140245994e-02,6.164429929851170664e-01,1.498521452884147287e-01,-1.299407006583550437e-07,8.045002715466649246e-01,1.636344641997773408e+00
6.380385409048687506e-02,6.162453430793063403e-01,1.501724298971853777e-01,-9.905289294716421815e-08,8.043776831504663161e-01,1.634600284241540136e+00
6.206168637692550255e-02,6.160541937662959988e-01,1.504821541377598659e-01,-7.051814703559780411e-08,8.042591507602395717e-01,1.632858086498583994e+00
6.032093312225790538e-02,6.158696037897468667e-01,1.507812228653808984e-01,-4.435339786031727368e-08,8.041447107472267097e-01,1.631117305708262633e+00
5.858085124802340365e-02,6.156916318933198795e-01,1.510695409352911800e-01,-2.057558035798058510e-08,8.040343994826695262e-01,1.629377198809932370e+00
5.684069767576131055e-02,6.155203368206755288e-01,1.513470132027333881e-01,7.983705347542293471e-10,8.039282533378100393e-01,1.627637022742949746e+00
5.509982346362056471e-02,6.153557688480947307e-01,1.516135583990116942e-01,1.976169677153254068e-08,8.038263032918067097e-01,1.625896128572573707e+00
5.335816680228502862e-02,6.151979254405837150e-01,1.518691818007935068e-01,3.637111384119441684e-08,8.037285466932472255e-01,1.624154454429813432e+00
5.161589183670906023e-02,6.150467837390614090e-01,1.521139219911862572e-01,5.070776462415277482e-08,8.036349679482062136e-01,1.622412164374247512e+00
4.987316318522959369e-02,6.149023208418669117e-01,1.523478176230753656e-01,6.285284317711668037e-08,8.035455514356428797e-01,1.620669422938783688e+00
4.813014546618357009e-02,6.147645138473394333e-01,1.525709073493464740e-01,7.288754355679519593e-08,8.034602815345165405e-01,1.618926394656328815e+00
4.638700329790795135e-02,6.146333398538180726e-01,1.527832298228851693e-01,8.089305981989741043e-08,8.033791426237865130e-01,1.617183244059790637e+00
4.464390129873966467e-02,6.145087759596421506e-01,1.529848236965768993e-01,8.695058602313235323e-08,8.033021190824118918e-01,1.615440135682076450e+00
4.290100408701569279e-02,6.143907992631507664e-01,1.531757276233073062e-01,9.114131622320913309e-08,8.032291952893524378e-01,1.613697234056093111e+00
4.115844697371125183e-02,6.142793824717450724e-01,1.533559873663516149e-01,9.354676368036834677e-08,8.031603529045369116e-01,1.611954674407050980e+00
3.941620496330468931e-02,6.141744742751117370e-01,1.535256875816588262e-01,9.425018764619779946e-08,8.030955587152429631e-01,1.610212431651824705e+00
3.767419852670104291e-02,6.140760151925148680e-01,1.536849261558113355e-01,9.333544132916782277e-08,8.030347744493213646e-01,1.608470426173089995e+00
3.593234808945131725e-02,6.139839457364232311e-01,1.538338009863950417e-01,9.088637843172563116e-08,8.029779618304163646e-01,1.606728578308169286e+00
3.419057407710652391e-02,6.138982064193059252e-01,1.539724099709958161e-01,8.698685265631853177e-08,8.029250825821708792e-01,1.604986808394383679e+00
3.244879691521770221e-02,6.138187377536316047e-01,1.541008510071995852e-01,8.172071770539371260e-08,8.028760984282289348e-01,1.603245036769055609e+00
3.070693702933582903e-02,6.137454802518693686e-01,1.542192219925922481e-01,7.517182728139845431e-08,8.028309710922335585e-01,1.601503183769506178e+00
2.896491513281183525e-02,6.136783742533820085e-01,1.543276211068376758e-01,6.742413335912876269e-08,8.027896621890150408e-01,1.599761170020753909e+00
2.722271141547291315e-02,6.136173243235883978e-01,1.544262048235805762e-01,5.858189679182558440e-08,8.027521108460445864e-01,1.598018975602924385e+00
2.548043801999165872e-02,6.135621556608368277e-01,1.545152589458599068e-01,4.879443514194701519e-08,8.027182063009706825e-01,1.596276712501581097e+00
2.373822482792057112e-02,6.135126827938843785e-01,1.545950866629150489e-01,3.821712310207017687e-08,8.026878310845796394e-01,1.594534510434793662e+00
2.199620172081215991e-02,6.134687202514876869e-01,1.546659911639851337e-01,2.700533536477220776e-08,8.026608677276571013e-01,1.592792499120632144e+00
2.025449858021892424e-02,6.134300825624039444e-01,1.547282756383094871e-01,1.531444662263021641e-08,8.026371987609891567e-01,1.591050808277166162e+00
1.851324528769337369e-02,6.133965842553898984e-01,1.547822432751273236e-01,3.299831568221323799e-09,8.026167067153615609e-01,1.589309567622465780e+00
1.677257172478801434e-02,6.133680398592027405e-01,1.548281972636778581e-01,-8.883135105877332579e-09,8.025992741215605131e-01,1.587568906874600394e+00
1.503259653049876347e-02,6.133442677733330628e-01,1.548664344289039652e-01,-2.108360306680959260e-08,8.025847859966779296e-01,1.585828944513844263e+00
1.329329916581270706e-02,6.133251343152913426e-01,1.548971728084984345e-01,-3.320673160660188858e-08,8.025731581372045342e-01,1.584089659901393388e+00
1.155456509988885168e-02,6.133105381633197073e-01,1.549205772323399011e-01,-4.519550529641189496e-08,8.025643271260460843e-01,1.582350938446415611e+00
9.816278035394476742e-03,6.133003786038514482e-01,1.549368115303140780e-01,-5.699361959944049356e-08,8.025582299367709505e-01,1.580612663792333450e+00
8.078321674996854704e-03,6.132945549233193017e-01,1.549460395323066786e-01,-6.854476997888855958e-08,8.025548035429470595e-01,1.578874719582570529e+00
6.340579721363264094e-03,6.132929664081564480e-01,1.549484250682033604e-01,-7.979265189795694835e-08,8.025539849181425600e-01,1.577136989460550476e+00
4.602935877160982577e-03,6.132955123447960677e-01,1.549441319678898921e-01,-9.068096081984659465e-08,8.025557110359254898e-01,1.575399357069696471e+00
2.865273845057286946e-03,6.133020920196711190e-01,1.549333240612519036e-01,-1.011533922077583472e-07,8.025599188698639974e-01,1.573661706053431919e+00
1.127477327719454431e-03,6.133126047192145602e-01,1.549161651781751359e-01,-1.111536415248930944e-07,8.025665453935258986e-01,1.571923920055180002e+00
-6.105699721852383879e-04,6.133269497298596828e-01,1.548928191485452188e-01,-1.206254042344517247e-07,8.025755275804795641e-01,1.570185882718364345e+00
-2.348984351989514500e-03,6.133450263380394452e-01,1.548634498022478934e-01,-1.295123757996351134e-07,8.025868024042929205e-01,1.568447477686407465e+00
-4.087882109026096458e-03,6.133667338301866945e-01,1.548282209691688449e-01,-1.377582516836441223e-07,8.026003068385340056e-01,1.566708588602734098e+00
-5.827379540627708118e-03,6.133919714927348332e-01,1.547872964791937866e-01,-1.453067273496796664e-07,8.026159778567710790e-01,1.564969099110766537e+00
-7.567592944127072251e-03,6.134206386121168197e-01,1.547408401622084317e-01,-1.521014982609426076e-07,8.026337524325719563e-01,1.563228892853928631e+00
-9.308638616856913794e-03,6.134526344747656124e-01,1.546890158480984101e-01,-1.580862598806338080e-07,8.026535675395048974e-01,1.561487853475643561e+00
-1.105062950317991372e-02,6.134878610849118230e-01,1.546319829295586534e-01,-1.632064678046485691e-07,8.026753618677202606e-01,1.559745867974156708e+00
-1.279359004714932489e-02,6.135262921819705229e-01,1.545697836813987314e-01,-1.674540356307449699e-07,8.026991194158774601e-01,1.558002911896905429e+00
-1.453744936546880889e-02,6.135679787742959190e-01,1.545023342259021493e-01,-1.708709187950920024e-07,8.027248729863080134e-01,1.556259056171330313e+00
-1.628213185409991409e-02,6.136129756967064752e-01,1.544295444381049154e-01,-1.735015508748612846e-07,8.027526577981685119e-01,1.554514376448221658e+00
-1.802756190900419928e-02,6.136613377840209882e-01,1.543513241930430657e-01,-1.753903654472242489e-07,8.027825090706156574e-01,1.552768948378369318e+00
-1.977366392614321802e-02,6.137131198710578106e-01,1.542675833657526641e-01,-1.765817960893524869e-07,8.028144620228061523e-01,1.551022847612563593e+00
-2.152036230147852738e-02,6.137683767926359613e-01,1.541782318312697464e-01,-1.771202763784175634e-07,8.028485518738968096e-01,1.549276149801594560e+00
-2.326758143097168788e-02,6.138271633835741259e-01,1.540831794646303210e-01,-1.770502398915909638e-07,8.028848138430441095e-01,1.547528930596252073e+00
-2.501524571058424615e-02,6.138895344786906572e-01,1.539823361408705071e-01,-1.764161202060442533e-07,8.029232831494049760e-01,1.545781265647326652e+00
-2.676327953627775924e-02,6.139555449128045739e-01,1.538756117350262298e-01,-1.752623508989489172e-07,8.029639950121358893e-01,1.544033230605608598e+00
-2.851160730401378421e-02,6.140252495207342287e-01,1.537629161221336360e-01,-1.736333655474765734e-07,8.030069846503936626e-01,1.542284901121887097e+00
-3.026015340975387463e-02,6.140987031372985294e-01,1.536441591772287063e-01,-1.715735977287987603e-07,8.030522872833349979e-01,1.540536352846952894e+00
-3.200884224945959450e-02,6.141759605973158287e-01,1.535192507753475044e-01,-1.691274810200869107e-07,8.030999381301165974e-01,1.538787661431596065e+00
-3.375759821909248004e-02,6.142570767356052563e-01,1.533881007915260664e-01,-1.663394489985126422e-07,8.031499724098950521e-01,1.537038902526606465e+00
-3.550634571461409178e-02,6.143421063869850540e-01,1.532506191008004282e-01,-1.632539352412474934e-07,8.032024253418273974e-01,1.535290151782775059e+00
-3.725500913198684372e-02,6.144311043862740185e-01,1.531067155782069311e-01,-1.599153733251866582e-07,8.032573321450696691e-01,1.533541484850889702e+00
-3.900352276434410070e-02,6.145241235368382737e-01,1.529563034901865459e-01,-1.563649317747534806e-07,8.033147266840231504e-01,1.531792967481134360e+00
-4.075185997324307779e-02,6.146212086230222749e-01,1.527993094905245042e-01,-1.526308905370442301e-07,8.033746374752809283e-01,1.530044626341706904e+00
-4.250000375898665972e-02,6.147224024507613738e-01,1.526356635358576130e-01,-1.487383497605649788e-07,8.034370917160544856e-01,1.528296478458713192e+00
-4.424793712187770345e-02,6.148277478259911444e-01,1.524652955828227630e-01,-1.447124095938216132e-07,8.035021166035554163e-01,1.526548540858260861e+00
-4.599564306221910065e-02,6.149372875546469386e-01,1.522881355880567056e-01,-1.405781701853201526e-07,8.035697393349952034e-01,1.524800830566455989e+00
-4.774310458031372217e-02,6.150510644426642193e-01,1.521041135081962759e-01,-1.363607316835664836e-07,8.036399871075855517e-01,1.523053364609405103e+00
-4.949030467646443887e-02,6.151691212959785604e-01,1.519131592998783364e-01,-1.320851942370666782e-07,8.037128871185378332e-01,1.521306160013214948e+00
-5.123722635097414935e-02,6.152915009205253138e-01,1.517152029197396945e-01,-1.277766579943266760e-07,8.037884665650637528e-01,1.519559233803992271e+00
-5.298385260414570364e-02,6.154182461222400535e-01,1.515101743244171573e-01,-1.234602231038524167e-07,8.038667526443747935e-01,1.517812603007843375e+00
-5.473016643628198646e-02,6.155493997070582424e-01,1.512980034705475596e-01,-1.191609897141498930e-07,8.039477725536825492e-01,1.516066284650875229e+00
-5.647615084768588950e-02,6.156850044809151212e-01,1.510786203147677365e-01,-1.149040579737250708e-07,8.040315534901985028e-01,1.514320295759194135e+00
-5.822178883866026972e-02,6.158251032497462640e-01,1.508519548137144672e-01,-1.107145280310839560e-07,8.041181226511340263e-01,1.512574653358907062e+00
-5.996706340950801184e-02,6.159697388194872447e-01,1.506179369240246146e-01,-1.066175000347324487e-07,8.042075072337010466e-01,1.510829374476119868e+00
-6.171195756053200060e-02,6.161189539960735262e-01,1.503764966023350413e-01,-1.026380741331765810e-07,8.042997344351108246e-01,1.509084476136940189e+00
-6.345645429203508603e-02,6.162727915854403493e-01,1.501275638052824990e-01,-9.880135047492227933e-08,8.043948314525750654e-01,1.507339975367473883e+00
-6.520053770516369418e-02,6.164312941671957757e-01,1.498710688344631059e-01,-9.513210498359711914e-08,8.044928253651874028e-01,1.505595888092643220e+00
-6.694423139046597193e-02,6.165944962021306930e-01,1.496069543658343215e-01,-9.164348300458689573e-08,8.045937390149282553e-01,1.503852190735730732e+00
-6.868760840206875051e-02,6.167624219815803777e-01,1.493351785752134453e-01,-8.833406167015727255e-08,8.046975899364602336e-01,1.502108810241111758e+00
-7.043074492154648147e-02,6.169350951538933314e-01,1.490557006184318467e-01,-8.520149700405377992e-08,8.048043953288788188e-01,1.500365670424745224e+00
-7.217371713047365800e-02,6.171125393674179449e-01,1.487684796513208674e-01,-8.224344503002198786e-08,8.049141723912790480e-01,1.498622695102589164e+00
-7.391660121042471776e-02,6.172947782705023867e-01,1.484734748297118212e-01,-7.945756177180746636e-08,8.050269383227567355e-01,1.496879808090602948e+00
-7.565947334297412619e-02,6.174818355114951585e-01,1.481706453094361053e-01,-7.684150325315573252e-08,8.051427103224069182e-01,1.495136933204744389e+00
-7.740240970969637646e-02,6.176737347387443178e-01,1.478599502463250615e-01,-7.439292549781236958e-08,8.052615055893251883e-01,1.493393994260972413e+00
-7.914548649216586462e-02,6.178704996005981442e-01,1.475413487962099757e-01,-7.210948452952293431e-08,8.053833413226068050e-01,1.491650915075245720e+00
-8.088877987195712549e-02,6.180721537454053616e-01,1.472148001149222174e-01,-6.998883637203297026e-08,8.055082347213472493e-01,1.489907619463522792e+00
-8.263236603064455510e-02,6.182787208215141384e-01,1.468802633582931838e-01,-6.802863704908803420e-08,8.056362029846417805e-01,1.488164031241762331e+00
-8.437632114980267439e-02,6.184902244772726432e-01,1.465376976821541610e-01,-6.622654258443365646e-08,8.057672633115856575e-01,1.486420074225922816e+00
-8.612072141100592104e-02,6.187066883610291557e-01,1.461870622423365185e-01,-6.458020900181540704e-08,8.059014329012745836e-01,1.484675672231962951e+00
-8.786564299582874660e-02,6.189281361211322885e-01,1.458283161946715978e-01,-6.308729232497886918e-08,8.060387289528035959e-01,1.482930749075841215e+00
-8.961116208584560261e-02,6.191545914059300992e-01,1.454614186949907684e-01,-6.174544857766954674e-08,8.061791686652683975e-01,1.481185228573516532e+00
-9.135735486263101002e-02,6.193860778637710895e-01,1.450863288991253164e-01,-6.055233378363302295e-08,8.063227692377642475e-01,1.479439034540946940e+00
-9.310425893638683836e-02,6.196226076000949101e-01,1.447030247496702837e-01,-5.950509086032901338e-08,8.064695406264859034e-01,1.477692129364924112e+00
-9.485171545584582253e-02,6.198641339270807293e-01,1.443115798787163173e-01,-5.859824924251894270e-08,8.066194558962572758e-01,1.475944671890958348e+00
-9.659950317751746229e-02,6.201105914853466405e-01,1.439120983074192173e-01,-5.782550837526360706e-08,8.067724763959420731e-01,1.474196883355910259e+00
-9.834740083228458996e-02,6.203619149078419825e-01,1.435046840694165771e-01,-5.718056736271895527e-08,8.069285634695917420e-01,1.472448985022266177e+00
-1.000951871510300933e-01,6.206180388275158721e-01,1.430894411983460179e-01,-5.665712530904096923e-08,8.070876784612578403e-01,1.470701198152513101e+00
-1.018426408646368464e-01,6.208788978773174261e-01,1.426664737278451611e-01,-5.624888131838562420e-08,8.072497827149918148e-01,1.468953744009137141e+00
-1.035895407039877092e-01,6.211444266901962052e-01,1.422358856915515724e-01,-5.594953449490889547e-08,8.074148375748453343e-01,1.467206843854625520e+00
-1.053356653999655557e-01,6.214145598991009933e-01,1.417977811231029006e-01,-5.575278394276675169e-08,8.075828043848699567e-01,1.465460718951464569e+00
-1.070807936834532598e-01,6.216892321369812402e-01,1.413522640561367116e-01,-5.565232876611515491e-08,8.077536444891173506e-01,1.463715590562141289e+00
-1.088247042853336816e-01,6.219683780367861736e-01,1.408994385242906822e-01,-5.564186806911009364e-08,8.079273192316387409e-01,1.461971679949141567e+00
-1.105671759364897228e-01,6.222519322314649104e-01,1.404394085612023502e-01,-5.571510095590752991e-08,8.081037899564859073e-01,1.460229208374952847e+00
-1.123079873678042018e-01,6.225398293539665673e-01,1.399722782005093369e-01,-5.586572653066343900e-08,8.082830180077104076e-01,1.458488397102061240e+00
-1.140469173101600203e-01,6.228320040372405941e-01,1.394981514758492358e-01,-5.608744389753378958e-08,8.084649647293636887e-01,1.456749467392953967e+00
-1.157837444944400523e-01,6.231283909142361077e-01,1.390171324208596959e-01,-5.637395216067456353e-08,8.086495914654975303e-01,1.455012640510116695e+00
-1.175182476515271579e-01,6.234289246179023358e-01,1.385293250691782552e-01,-5.671895042424172290e-08,8.088368595601631572e-01,1.453278137716037088e+00
-1.192502396034592904e-01,6.237335492158270212e-01,1.380348180584215767e-01,-5.711613784353007629e-08,8.090267363186739447e-01,1.451546146182046249e+00
-1.209800827256225231e-01,6.240423608630593089e-01,1.375334518405724182e-01,-5.755921439819827651e-08,8.092192851425688005e-01,1.449816303526128891e+00
-1.227085835703576044e-01,6.243555786394663354e-01,1.370248662713670906e-01,-5.804188073419777524e-08,8.094146471032414025e-01,1.448087803189315181e+00
-1.244365614060232439e-01,6.246734251440405616e-01,1.365086954638183026e-01,-5.855783751655480249e-08,8.096129654956386590e-01,1.446359825896618156e+00
-1.261648355009781508e-01,6.249961229757740044e-01,1.359845735309387071e-01,-5.910078541029561470e-08,8.098143836147084773e-01,1.444631552373050187e+00
-1.278942251235810901e-01,6.253238947336590137e-01,1.354521345857409853e-01,-5.966442508044644189e-08,8.100190447553975437e-01,1.442902163343624089e+00
-1.296255495421906878e-01,6.256569630166878282e-01,1.349110127412378457e-01,-6.024245719203357361e-08,8.102270922126534325e-01,1.441170839533352455e+00
-1.313596280251657089e-01,6.259955504238523538e-01,1.343608421104419137e-01,-6.082858241008320676e-08,8.104386692814236071e-01,1.439436761667247655e+00
-1.330972798408648350e-01,6.263398795541451625e-01,1.338012568063659258e-01,-6.141650139962161105e-08,8.106539192566549756e-01,1.437699110470322950e+00
-1.348393242576468032e-01,6.266901730065583820e-01,1.332318909420225628e-01,-6.199991482567501647e-08,8.108729854332948905e-01,1.435957066667590265e+00
-1.365865805438702951e-01,6.270466533800841402e-01,1.326523786304244779e-01,-6.257252335326969273e-08,8.110960111062908151e-01,1.434209810984062416e+00
-1.383398679678940757e-01,6.274095432737146760e-01,1.320623539845843242e-01,-6.312802764743186982e-08,8.113231395705899907e-01,1.432456524144752441e+00
-1.401000057980767988e-01,6.277790652864422283e-01,1.314614511175148381e-01,-6.366012837318781744e-08,8.115545141211396585e-01,1.430696386874672710e+00
-1.418678133027771737e-01,6.281554420172590358e-01,1.308493041422287007e-01,-6.416252619556373912e-08,8.117902780528870599e-01,1.428928579898835816e+00
-1.436441097503539377e-01,6.285388960651573376e-01,1.302255471717385649e-01,-6.462892177958593102e-08,8.120305746607794362e-01,1.427152283942254352e+00
-1.454296820409071989e-01,6.289296409862698001e-01,1.295898290732098723e-01,-6.505303365372284403e-08,8.122755415285574099e-01,1.425366712098218303e+00
-1.472237824039724086e-01,6.293274615892190393e-01,1.289424982498618422e-01,-6.542942730269453952e-08,8.125250454555121848e-01,1.423572612131473569e+00
-1.490234930049511020e-01,6.297315364224863599e-01,1.282848922671065706e-01,-6.575386582941150644e-08,8.127785703446738230e-01,1.421772901872158545e+00
-1.508257317616830129e-01,6.301409981480056155e-01,1.276184235579490844e-01,-6.602220298197058844e-08,8.130355711184652501e-01,1.419970663398069766e+00
-1.526274165920077086e-01,6.305549794277106601e-01,1.269445045553945217e-01,-6.623029250846868213e-08,8.132955026993090586e-01,1.418168978787003320e+00
-1.544254654137648397e-01,6.309726129235354586e-01,1.262645476924478816e-01,-6.637398815700261791e-08,8.135578200096277302e-01,1.416370930116755522e+00
-1.562167961447940567e-01,6.313930312974140868e-01,1.255799654021143297e-01,-6.644914367566927914e-08,8.138219779718438573e-01,1.414579599465122683e+00
-1.579983267029350102e-01,6.318153672112802877e-01,1.248921701173990040e-01,-6.645161281256556244e-08,8.140874315083800328e-01,1.412798068909901117e+00
-1.597669750060273230e-01,6.322387533270682480e-01,1.242025742713069036e-01,-6.637724931578831144e-08,8.143536355416590711e-01,1.411029420528886469e+00
-1.615196589719104792e-01,6.326623223067114887e-01,1.235125902968432082e-01,-6.622190693343442274e-08,8.146200449941034538e-01,1.409276736399875940e+00
-1.632532965184244622e-01,6.330852068121444187e-01,1.228236306270129030e-01,-6.598143941360068706e-08,8.148861147881355516e-01,1.407543098600664511e+00
-1.649648055634087840e-01,6.335065395053007808e-01,1.221371076948211121e-01,-6.565170050438405394e-08,8.151512998461785120e-01,1.405831589209049381e+00
-1.666511040247030118e-01,6.339254530481144290e-01,1.214544339332729456e-01,-6.522854395388138026e-08,8.154150550906544836e-01,1.404145290302826643e+00
-1.683091098201468239e-01,6.343410801025194390e-01,1.207770217753734859e-01,-6.470782351018948321e-08,8.156768354439861701e-01,1.402487283959792386e+00
-1.699357408675798431e-01,6.347525533304496648e-01,1.201062836541278295e-01,-6.408539292140527262e-08,8.159360958285963861e-01,1.400860652257742478e+00
-1.715279202355892429e-01,6.351590062851296681e-01,1.194436305705495333e-01,-6.335713883214008357e-08,8.161922917075423722e-01,1.399268472123760709e+00
-1.730832105265191212e-01,6.355596831853467243e-01,1.187902957248725688e-01,-6.252303242649259704e-08,8.164449456708885444e-01,1.397713180955471701e+00
-1.746004252736755580e-01,6.359540447122379314e-01,1.181471645381905328e-01,-6.159103426653282970e-08,8.166937116094321603e-01,1.396195965227945202e+00
-1.760785229788193740e-01,6.363415766324262979e-01,1.175150821280101787e-01,-6.057003079098912682e-08,8.169382586302093019e-01,1.394717866448770494e+00
-1.775164621437114176e-01,6.367217647125353874e-01,1.168948936118383575e-01,-5.946890843858978736e-08,8.171782558402564955e-01,1.393279926125537083e+00
-1.789132012701125096e-01,6.370940947191889858e-01,1.162874441071818504e-01,-5.829655364806316321e-08,8.174133723466094903e-01,1.391883185765834918e+00
-1.802676988597834706e-01,6.374580524190103237e-01,1.156935787315474667e-01,-5.706185285813757980e-08,8.176432772563049234e-01,1.390528686877252840e+00
-1.815789134144851769e-01,6.378131235786228537e-01,1.151141426024420156e-01,-5.577369250754137579e-08,8.178676396763786549e-01,1.389217470967380130e+00
-1.828458034359784212e-01,6.381587939646503616e-01,1.145499808373722922e-01,-5.444095903500286338e-08,8.180861287138672111e-01,1.387950579543806962e+00
-1.840673274260239967e-01,6.384945493437160779e-01,1.140019385538450780e-01,-5.307253887925038123e-08,8.182984134758065631e-01,1.386729054114121951e+00
-1.852424438863828071e-01,6.388198754824435666e-01,1.134708608693671961e-01,-5.167731847901226137e-08,8.185041630692329040e-01,1.385553936185915491e+00
-1.863701113188156178e-01,6.391342581474561690e-01,1.129575929014454555e-01,-5.026418427301682263e-08,8.187030466011827601e-01,1.384426267266776200e+00
-1.874492882250833048e-01,6.394371831053776711e-01,1.124629797675866377e-01,-4.884202269999241028e-08,8.188947331786921024e-01,1.383347088864293806e+00
-1.884789331069467166e-01,6.397281361228313035e-01,1.119878665852975796e-01,-4.741972019866734975e-08,8.190788919087971243e-01,1.382317442486058034e+00
-1.894580044661665907e-01,6.400066029664406297e-01,1.115330984720850349e-01,-4.600616320776995985e-08,8.192551918985340187e-01,1.381338369639657948e+00
-1.903854608045038033e-01,6.402720694028291026e-01,1.110995205454558404e-01,-4.461023816602857924e-08,8.194233022549390899e-01,1.380410911832683274e+00
-1.912602606237192582e-01,6.405240211986203969e-01,1.106879779229167776e-01,-4.324083151217153334e-08,8.195828920850484200e-01,1.379536110572722851e+00
-1.920813624255736651e-01,6.407619441204378541e-01,1.102993157219746695e-01,-4.190682968492715421e-08,8.197336304958985354e-01,1.378715007367367074e+00
-1.928477247118279003e-01,6.409853239349049270e-01,1.099343790601362975e-01,-4.061711912302378050e-08,8.198751865945252959e-01,1.377948643724204558e+00
-1.935583059842428122e-01,6.411936464086452903e-01,1.095940130549084846e-01,-3.938058626518973102e-08,8.200072294879648949e-01,1.377238061150825255e+00
-1.942120647445792492e-01,6.413863973082820635e-01,1.092790628237980260e-01,-3.820611755015333120e-08,8.201294282832538585e-01,1.376584301154818446e+00
-1.948079594945980042e-01,6.415630624004390326e-01,1.089903734843117172e-01,-3.710259941664292633e-08,8.202414520874281578e-01,1.375988405243773416e+00
-1.953449487360598702e-01,6.417231274517397610e-01,1.087287901539563534e-01,-3.607891830338683520e-08,8.203429700075239861e-01,1.375451414925280114e+00
-1.958219909707256956e-01,6.418660782288073685e-01,1.084951579502387575e-01,-3.514396064911338987e-08,8.204336511505777585e-01,1.374974371706927156e+00
-1.962380447003564121e-01,6.419914004982658629e-01,1.082903219906657249e-01,-3.430661289255090914e-08,8.205131646236254461e-01,1.374558317096304716e+00
-1.965920684267127294e-01,6.420985800267382526e-01,1.081151273927440370e-01,-3.357576147242774491e-08,8.205811795337034642e-01,1.374204292601001631e+00
-1.968830206515555237e-01,6.421871025808482125e-01,1.079704192739805446e-01,-3.296029282747220276e-08,8.206373649878477838e-01,1.373913339728608074e+00
-1.971098598766455878e-01,6.422564539272193063e-01,1.078570427518820013e-01,-3.246909339641264120e-08,8.206813900930948202e-01,1.373686499986713105e+00
-1.972715446037438258e-01,6.423061198324748755e-01,1.077758429439552162e-01,-3.211104961797737242e-08,8.207129239564808776e-01,1.373524814882906231e+00
-1.973670333346110028e-01,6.423355860632383729e-01,1.077276649677070125e-01,-3.189504793089471523e-08,8.207316356850418160e-01,1.373429325924776512e+00
-1.973952845710079673e-01,6.423443383861335843e-01,1.077133539406441853e-01,-3.182997477389302815e-08,8.207371943858141616e-01,1.373401074619913897e+00
