q1,q2,q3,q4,q5,q6
0.000000000000000000e+00,0.000000000000000000e+00,0.000000000000000000e+00,0.000000000000000000e+00,0.000000000000000000e+00,0.000000000000000000e+00
-1.921787888303768104e-03,5.536256932137546003e-04,-7.306414753666055353e-04,8.541874885777886179e-05,-9.651151587185028639e-04,6.120831269251356588e-05
-3.834971640916950975e-03,1.100172854771273899e-03,-1.452283918046967616e-03,1.725695715811716017e-04,-1.920585271407387494e-03,1.182989424297517354e-04
-5.739551257839549045e-03,1.639641484672558006e-03,-2.164927328041086566e-03,2.614524681701782061e-04,-2.866410338066653889e-03,1.712718892117145357e-04
-7.635526739071562749e-03,2.172031582917606594e-03,-2.868571705348962279e-03,3.520674386247986615e-04,-3.802590358696301184e-03,2.201271530384019126e-04
-9.522898084612990352e-03,2.697343149506420314e-03,-3.563217049970594102e-03,4.444144829450329950e-04,-4.729125333296330461e-03,2.648647339098139609e-04
-1.140166529446383359e-02,3.215576184438998734e-03,-4.248863361905982905e-03,5.384936011308812066e-04,-5.646015261866742588e-03,3.054846318259505722e-04
-1.327182836862409246e-02,3.726730687715341418e-03,-4.925510641155129120e-03,6.343047931823432963e-04,-6.553260144407534529e-03,3.419868467868117465e-04
-1.513338730709376523e-02,4.230806659335449235e-03,-5.593158887718031880e-03,7.318480590994191556e-04,-7.450859980918708887e-03,3.743713787923975923e-04
-1.698634210987285537e-02,4.727804099299321751e-03,-6.251808101594691185e-03,8.311233988821090015e-04,-8.338814771400264794e-03,4.026382278427081095e-04
-1.883069277696135940e-02,5.217723007606958098e-03,-6.901458282785106167e-03,9.321308125304125086e-04,-9.217124515852201383e-03,4.267873939377431897e-04
-2.066643930835927387e-02,5.700563384258360011e-03,-7.542109431289278562e-03,1.034870300044329894e-03,-1.008578921427451952e-02,4.468188770775027787e-04
-2.249358170406660917e-02,6.176325229253527491e-03,-8.173761547107206635e-03,1.139341861423861374e-03,-1.094480886666722268e-02,4.627326772619871475e-04
-2.431211996408336184e-02,6.645008542592458801e-03,-8.796414630238894722e-03,1.245545496669006732e-03,-1.179418347303030565e-02,4.745287944911960251e-04
-2.612205408840952148e-02,7.106613324275153944e-03,-9.410068680684335884e-03,1.353481205779765752e-03,-1.263391303336376843e-02,4.822072287651294658e-04
-2.792338407704509848e-02,7.561139574301614652e-03,-1.001472369844353359e-02,1.463148988756138649e-03,-1.346399754766761277e-02,4.857679800837876320e-04
-2.971610992999009285e-02,8.008587292671840926e-03,-1.061037968351649131e-02,1.574548845598125425e-03,-1.428443701594184212e-02,4.852110484471703613e-04
-3.150023164724450458e-02,8.448956479385830165e-03,-1.119703663590320385e-02,1.687680776305726296e-03,-1.509523143818645129e-02,4.805364338552777078e-04
-3.327574922880833369e-02,8.882247134443585837e-03,-1.177469455560367466e-02,1.802544780878940827e-03,-1.589638081440144027e-02,4.717441363081097258e-04
-3.504266267468156282e-02,9.308459257845104473e-03,-1.234335344261789855e-02,1.919140859317769020e-03,-1.668788514458681080e-02,4.588341558056663067e-04
-3.680097198486421972e-02,9.727592849590387808e-03,-1.290301329694588071e-02,2.037469011622211525e-03,-1.746974442874256461e-02,4.418064923479474507e-04
-3.855067715935629052e-02,1.013964790967943758e-02,-1.345367411858762290e-02,2.157529237792267691e-03,-1.824195866686870171e-02,4.206611459349531576e-04
-4.029177819815776829e-02,1.054462443811225031e-02,-1.399533590754311642e-02,2.279321537827937519e-03,-1.900452785896521515e-02,3.953981165666835360e-04
-4.202427510126866689e-02,1.094252243488882947e-02,-1.452799866381236996e-02,2.402845911729221441e-03,-1.975745200503211535e-02,3.660174042431386943e-04
-4.374816786868898633e-02,1.133334190000917507e-02,-1.505166238739537830e-02,2.528102359496119025e-03,-2.050073110506939883e-02,3.325190089643183071e-04
-4.546345650041871966e-02,1.171708283347328190e-02,-1.556632707829214840e-02,2.655090881128630703e-03,-2.123436515907706212e-02,2.949029307302223745e-04
-4.717014099645786690e-02,1.209374523528115516e-02,-1.607199273650267157e-02,2.783811476626756477e-03,-2.195835416705510523e-02,2.531691695408511134e-04
-4.886822135680642110e-02,1.246332910543279139e-02,-1.656865936202694609e-02,2.914264145990495044e-03,-2.267269812900352816e-02,2.073177253962047405e-04
-5.055769758146439613e-02,1.282583444392819405e-02,-1.705632695486498582e-02,3.046448889219849007e-03,-2.337739704492233436e-02,1.573485982962826053e-04
-5.223856967043178506e-02,1.318126125076735794e-02,-1.753499551501677689e-02,3.180365706314815764e-03,-2.407245091481152385e-02,1.032617882410855753e-04
-5.391083762370858790e-02,1.352960952595029173e-02,-1.800466504248232624e-02,3.316014597275396616e-03,-2.475785973867109316e-02,4.505729523061278302e-05
-5.557450144129480463e-02,1.387087926947698849e-02,-1.846533553726163387e-02,3.453395562101591130e-03,-2.543362351650104575e-02,-1.726488073513533783e-05
-5.722956112319044220e-02,1.420507048134744821e-02,-1.891700699935469632e-02,3.592508600793399738e-03,-2.609974224830137815e-02,-8.370473965615878725e-05
-5.887601666939549366e-02,1.453218316156167436e-02,-1.935967942876151704e-02,3.733353713350822441e-03,-2.675621593407209384e-02,-1.542622815324575652e-04
-6.051386807990996597e-02,1.485221731011966348e-02,-1.979335282548209257e-02,3.875930899773859239e-03,-2.740304457381318934e-02,-2.289375063640321055e-04
-6.214311535473383830e-02,1.516517292702141903e-02,-2.021802718951642985e-02,4.020240160062509699e-03,-2.804022816752466812e-02,-3.077304141508815406e-04
-6.376375849386714534e-02,1.547105001226694102e-02,-2.063370252086451848e-02,4.166281494216773386e-03,-2.866776671520653019e-02,-3.906410048930067380e-04
-6.537579749730983159e-02,1.576984856585622249e-02,-2.104037881952636191e-02,4.314054902236651168e-03,-2.928566021685876514e-02,-4.776692785904068303e-04
-6.697923236506196643e-02,1.606156858778927388e-02,-2.143805608550196362e-02,4.463560384122142177e-03,-2.989390867248139030e-02,-5.688152352430826848e-04
-6.857406309712350823e-02,1.634621007806608475e-02,-2.182673431879132708e-02,4.614797939873248149e-03,-3.049251208207439529e-02,-6.640788748510343016e-04
-7.016028969349445699e-02,1.662377303668666553e-02,-2.220641351939444189e-02,4.767767569489968216e-03,-3.108147044563778008e-02,-7.634601974142608133e-04
-7.173791215417484046e-02,1.689425746365100928e-02,-2.257709368731131844e-02,4.922469272972301510e-03,-3.166078376317155163e-02,-8.669592029327630872e-04
-7.330693047916461702e-02,1.715766335895911598e-02,-2.293877482254194633e-02,5.078903050320248899e-03,-3.223045203467569952e-02,-9.745758914065402560e-04
-7.486734466846382829e-02,1.741399072261098913e-02,-2.329145692508633250e-02,5.237068901533810383e-03,-3.279047526015022723e-02,-1.086310262835593187e-03
-7.641915472207241877e-02,1.766323955460662523e-02,-2.363513999494447348e-02,5.396966826612984228e-03,-3.334085343959514169e-02,-1.202162317219921013e-03
-7.796236063999045784e-02,1.790540985494602777e-02,-2.396982403211637969e-02,5.558596825557773902e-03,-3.388158657301043597e-02,-1.322132054559524168e-03
-7.949696242221790388e-02,1.814050162362919327e-02,-2.429550903660203376e-02,5.721958898368175936e-03,-3.441267466039611006e-02,-1.446219474854403084e-03
-8.102296006875477075e-02,1.836851486065613215e-02,-2.461219500840144958e-02,5.887053045044192932e-03,-3.493411770175217090e-02,-1.574424578104557763e-03
-8.254035357960104458e-02,1.858944956602682705e-02,-2.491988194751461327e-02,6.053879265585824024e-03,-3.544591569707861156e-02,-1.706747364309987337e-03
-8.404914295475673924e-02,1.880330573974128838e-02,-2.521856985394154219e-02,6.222437559993068343e-03,-3.594806864637543203e-02,-1.843187833470693107e-03
-8.554932819422184087e-02,1.901008338179951268e-02,-2.550825872768222938e-02,6.392727928265926757e-03,-3.644057654964263926e-02,-1.983745985586673772e-03
-8.704090929799636334e-02,1.920978249220150341e-02,-2.578894856873666791e-02,6.564750370404398398e-03,-3.692343940688021936e-02,-2.128421820657929332e-03
-8.852388626608030664e-02,1.940240307094726058e-02,-2.606063937710486472e-02,6.738504886408484135e-03,-3.739665721808818621e-02,-2.277215338684461521e-03
-8.999825909847364303e-02,1.958794511803677724e-02,-2.632333115278681634e-02,6.913991476278183099e-03,-3.786022998326653288e-02,-2.430126539666266437e-03
-9.146402779517641413e-02,1.976640863347006380e-02,-2.657702389578252625e-02,7.091210140013496158e-03,-3.831415770241526630e-02,-2.587155423603348849e-03
-9.292119235618859219e-02,1.993779361724711333e-02,-2.682171760609199790e-02,7.270160877614425046e-03,-3.875844037553437260e-02,-2.748301990495706157e-03
-9.436975278151019109e-02,2.010210006936792582e-02,-2.705741228371522089e-02,7.450843689080966295e-03,-3.919307800262386565e-02,-2.913566240343340094e-03
-9.580970907114119695e-02,2.025932798983250127e-02,-2.728410792865219869e-02,7.633258574413121639e-03,-3.961807058368373852e-02,-3.082948173146247191e-03
-9.724106122508162364e-02,2.040947737864084663e-02,-2.750180454090293825e-02,7.817405533610891077e-03,-4.003341811871399814e-02,-3.256447788904430918e-03
-9.866380924333147118e-02,2.055254823579295148e-02,-2.771050212046743261e-02,8.003284566674274611e-03,-4.043912060771463063e-02,-3.434065087617890408e-03
-1.000779531258907118e-01,2.068854056128882971e-02,-2.791020066734567831e-02,8.190895673603270505e-03,-4.083517805068564988e-02,-3.615800069286624358e-03
-1.014834928727594010e-01,2.081745435512846742e-02,-2.810090018153768923e-02,8.380238854397880494e-03,-4.122159044762704894e-02,-3.801652733910634071e-03
-1.028804284839374694e-01,2.093928961731187158e-02,-2.828260066304345496e-02,8.571314109058104577e-03,-4.159835779853883475e-02,-3.991623081489919546e-03
-1.042687599594249864e-01,2.105404634783903522e-02,-2.845530211186296857e-02,8.764121437583944491e-03,-4.196548010342099344e-02,-4.185711112024480783e-03
-1.056484872992218965e-01,2.116172454670996878e-02,-2.861900452799625433e-02,8.958660839975395029e-03,-4.232295736227353888e-02,-4.383916825514315614e-03
-1.070196105033282136e-01,2.126232421392466529e-02,-2.877370791144328796e-02,9.154932316232461398e-03,-4.267078957509646414e-02,-4.586240221959426641e-03
-1.083821295717439792e-01,2.135584534948312824e-02,-2.891941226220407293e-02,9.352935866355141861e-03,-4.300897674188977615e-02,-4.792681301359813864e-03
-1.097360445044691379e-01,2.144228795338535415e-02,-2.905611758027862312e-02,9.552671490343436420e-03,-4.333751886265346798e-02,-5.003240063715476416e-03
-1.110813553015037314e-01,2.152165202563134302e-02,-2.918382386566692466e-02,9.754139188197345073e-03,-4.365641593738753268e-02,-5.217916509026414296e-03
-1.124180619628477318e-01,2.159393756622110180e-02,-2.930253111836898794e-02,9.957338959916866086e-03,-4.396566796609199107e-02,-5.436710637292627504e-03
-1.137461644885011114e-01,2.165914457515462008e-02,-2.941223933838480950e-02,1.016227080550200119e-02,-4.426527494876682234e-02,-5.659622448514115174e-03
-1.150656628784639396e-01,2.171727305243190478e-02,-2.951294852571437893e-02,1.036893472495275040e-02,-4.455523688541204036e-02,-5.886651942690880775e-03
-1.163765571327361747e-01,2.176832299805295592e-02,-2.960465868035771358e-02,1.057733071826911370e-02,-4.483555377602763820e-02,-6.117799119822918234e-03
-1.176788472513178169e-01,2.181229441201776656e-02,-2.968736980231479611e-02,1.078745878545108935e-02,-4.510622562061361585e-02,-6.353063979910231890e-03
-1.189725332342088659e-01,2.184918729432634710e-02,-2.976108189158564732e-02,1.099931892649868084e-02,-4.536725241916997331e-02,-6.592446522952820007e-03
-1.202576150814093636e-01,2.187900164497869060e-02,-2.982579494817023946e-02,1.121291114141188469e-02,-4.561863417169671753e-02,-6.835946748950686054e-03
-1.215340927929192683e-01,2.190173746397480053e-02,-2.988150897206860029e-02,1.142823543019070437e-02,-4.586037087819384850e-02,-7.083564657903826563e-03
-1.228019663687385798e-01,2.191739475131466997e-02,-2.992822396328071594e-02,1.164529179283513641e-02,-4.609246253866135234e-02,-7.335300249812244135e-03
-1.240612358088673123e-01,2.192597350699830930e-02,-2.996593992180658639e-02,1.186408022934518254e-02,-4.631490915309924294e-02,-7.591153524675935300e-03
-1.253119011133054239e-01,2.192747373102571506e-02,-2.999465684764621512e-02,1.208460073972084277e-02,-4.652771072150750642e-02,-7.851124482494902662e-03
-1.265539622820530119e-01,2.192189542339688033e-02,-3.001437474079959519e-02,1.230685332396211709e-02,-4.673086724388615665e-02,-8.115213123269144485e-03
-1.277874193151099791e-01,2.190923858411181549e-02,-3.002509360126674048e-02,1.253083798206900551e-02,-4.692437872023519363e-02,-8.383419446998659902e-03
-1.290122722124763810e-01,2.188950321317051015e-02,-3.002681342904764059e-02,1.275655471404150802e-02,-4.710824515055460349e-02,-8.655743453683455851e-03
-1.302285209741521621e-01,2.186268931057297124e-02,-3.001953422414228856e-02,1.298400351987962290e-02,-4.728246653484440010e-02,-8.932185143323523660e-03
-1.314361656001373779e-01,2.182879687631919877e-02,-3.000325598655070869e-02,1.321318439958335186e-02,-4.744704287310458346e-02,-9.212744515918866797e-03
-1.326352060904320285e-01,2.178782591040918579e-02,-2.997797871627287669e-02,1.344409735315269666e-02,-4.760197416533513970e-02,-9.497421571469488732e-03
-1.338256424450360860e-01,2.173977641284294271e-02,-2.994370241330879256e-02,1.367674238058765382e-02,-4.774726041153607575e-02,-9.786216309975382527e-03
-1.350074746639495227e-01,2.168464838362046607e-02,-2.990042707765847019e-02,1.391111948188822507e-02,-4.788290161170740550e-02,-1.007912873143654992e-02
-1.361807027471723941e-01,2.162244182274174892e-02,-2.984815270932191650e-02,1.414722865705440868e-02,-4.800889776584910118e-02,-1.037615883585299437e-02
-1.373453266947046725e-01,2.155315673020679820e-02,-2.978687930829911068e-02,1.438506990608620639e-02,-4.812524887396119055e-02,-1.067730662322471588e-02
-1.385013465065463856e-01,2.147679310601561392e-02,-2.971660687459006661e-02,1.462464322898361993e-02,-4.823195493604365974e-02,-1.098257209355171099e-02
-1.396487621826975334e-01,2.139335095016819260e-02,-2.963733540819477041e-02,1.486594862574664583e-02,-4.832901595209650181e-02,-1.129195524683398316e-02
-1.407875737231580326e-01,2.130283026266453772e-02,-2.954906490911323597e-02,1.510898609637528756e-02,-4.841643192211973756e-02,-1.160545608307152893e-02
-1.419174413839362769e-01,2.120527641153370849e-02,-2.945184327809726582e-02,1.535366607323812582e-02,-4.849419812026378729e-02,-1.192296012317031924e-02
-1.430244055636395450e-01,2.110255350509526728e-02,-2.934763868947172158e-02,1.559630834870059761e-02,-4.856212036803640025e-02,-1.223976358263605124e-02
-1.441011519499404425e-01,2.099563826682993364e-02,-2.923748239343652508e-02,1.583498463073545331e-02,-4.862009692312416198e-02,-1.255340185320774800e-02
-1.451476805428390249e-01,2.088453069673770757e-02,-2.912137438999167632e-02,1.606969491934269814e-02,-4.866812778552708635e-02,-1.286387493488540951e-02
-1.461639913423352921e-01,2.076923079481858905e-02,-2.899931467913717531e-02,1.630043921452233036e-02,-4.870621295524516642e-02,-1.317118282766903750e-02
-1.471500843484291887e-01,2.064973856107257463e-02,-2.887130326087302204e-02,1.652721751627434996e-02,-4.873435243227840913e-02,-1.347532553155863025e-02
-1.481059595611207702e-01,2.052605399549967125e-02,-2.873734013519921304e-02,1.675002982459875694e-02,-4.875254621662680754e-02,-1.377630304655418601e-02
-1.490316169804100366e-01,2.039817709809987542e-02,-2.859742530211575179e-02,1.696887613949554438e-02,-4.876079430829036165e-02,-1.407411537265570653e-02
-1.499270566062969046e-01,2.026610786887318369e-02,-2.845155876162263481e-02,1.718375646096472614e-02,-4.875909670726907147e-02,-1.436876250986319353e-02
-1.507922784387814852e-01,2.012984630781959952e-02,-2.829974051371986557e-02,1.739467078900629182e-02,-4.874745341356295086e-02,-1.466024445817664355e-02
-1.516272824778637229e-01,1.998939241493912639e-02,-2.814197055840744408e-02,1.760161912362024489e-02,-4.872586442717198596e-02,-1.494856121759606006e-02
-1.524320687235436178e-01,1.984474619023175734e-02,-2.797824889568537379e-02,1.780460146480658881e-02,-4.869432974809617676e-02,-1.523371278812143959e-02
-1.532066371758211698e-01,1.969590763369749586e-02,-2.780857552555364431e-02,1.800361781256530971e-02,-4.865284937633551632e-02,-1.551569916975278039e-02
-1.539509878346963512e-01,1.954287674533634195e-02,-2.763295044801226605e-02,1.819866816689642494e-02,-4.860142331189002546e-02,-1.579452036249009289e-02
-1.546651207001692452e-01,1.938565352514829560e-02,-2.745137366306122859e-02,1.838975252779992409e-02,-4.854005155475969724e-02,-1.607017636633336841e-02
-1.553490357722397963e-01,1.922423797313336027e-02,-2.726384517070054234e-02,1.857687089527581409e-02,-4.846873410494452472e-02,-1.634266718128260520e-02
-1.560027330509080046e-01,1.905863008929152558e-02,-2.707036497093020383e-02,1.876002326932408801e-02,-4.838747096244450097e-02,-1.661199280733781369e-02
-1.566262125361738700e-01,1.888882987362280191e-02,-2.687093306375020960e-02,1.893920964994474931e-02,-4.829626212725963985e-02,-1.687815324449898000e-02
-1.572194742280374202e-01,1.871483732612718581e-02,-2.666554944916056311e-02,1.911443003713779801e-02,-4.819510759938994138e-02,-1.714114849276611799e-02
-1.577825181264986276e-01,1.853665244680467381e-02,-2.645421412716126089e-02,1.928568443090323409e-02,-4.808400737883539861e-02,-1.740097855213922073e-02
-1.583153442315574644e-01,1.835427523565527283e-02,-2.623692709775230641e-02,1.945297283124105756e-02,-4.796296146559601153e-02,-1.765764342261828476e-02
-1.588179525432139860e-01,1.816770569267897595e-02,-2.601368836093369968e-02,1.961629523815126494e-02,-4.783196985967178710e-02,-1.791114310420331354e-02
-1.592903430614681926e-01,1.797694381787578663e-02,-2.578449791670544416e-02,1.977565165163386318e-02,-4.769103256106271838e-02,-1.816147759689430707e-02
-1.597325157863200285e-01,1.778198961124570487e-02,-2.554935576506752945e-02,1.993104207168884534e-02,-4.754014956976881229e-02,-1.840864690069126536e-02
-1.601444707177695492e-01,1.758284307278873068e-02,-2.530826190601996248e-02,2.008246649831621836e-02,-4.737932088579006190e-02,-1.865265101559419186e-02
-1.605262078558167271e-01,1.737950420250486405e-02,-2.506121633956274325e-02,2.022992493151597182e-02,-4.720854650912646722e-02,-1.889348994160307965e-02
-1.608777272004615899e-01,1.717197300039410499e-02,-2.480821906569586829e-02,2.037341737128811614e-02,-4.702782643977803517e-02,-1.913116367871793219e-02
-1.611990287517040821e-01,1.696024946645645348e-02,-2.454927008441934802e-02,2.051294381763264438e-02,-4.683716067774476577e-02,-1.936567222693874948e-02
-1.614901125095442314e-01,1.674433360069190954e-02,-2.428436939573316855e-02,2.064850427054956347e-02,-4.663654922302664513e-02,-1.959701558626553153e-02
-1.617509784739820655e-01,1.652422540310047316e-02,-2.401351699963733682e-02,2.078009873003886995e-02,-4.642599207562368713e-02,-1.982519375669828179e-02
-1.619816266450175568e-01,1.629992487368214088e-02,-2.373671289613184937e-02,2.090772719610056035e-02,-4.620548923553589177e-02,-2.005020673823699334e-02
-1.621820570226507052e-01,1.607143201243691963e-02,-2.345395708521670966e-02,2.103138966873464161e-02,-4.597504070276324517e-02,-2.027205453088167311e-02
-1.623522696068815385e-01,1.583874681936480247e-02,-2.316524956689191769e-02,2.115108614794111025e-02,-4.573464647730576121e-02,-2.049073713463231416e-02
-1.624922643977100289e-01,1.560186929446579461e-02,-2.287059034115747347e-02,2.126681663371995934e-02,-4.548430655916343990e-02,-2.070625454948892344e-02
-1.626020413951361487e-01,1.536079943773989605e-02,-2.256997940801337699e-02,2.137858112607119929e-02,-4.522402094833627428e-02,-2.091860677545149746e-02
-1.626816005991599534e-01,1.511553724918709811e-02,-2.226341676745962478e-02,2.148637962499482662e-02,-4.495378964482427131e-02,-2.112779381252003277e-02
-1.627309420097814430e-01,1.486608272880741467e-02,-2.195090241949621684e-02,2.159021213049084134e-02,-4.467361264862741016e-02,-2.133381566069453630e-02
-1.627500656270005619e-01,1.461243587660083186e-02,-2.163243636412316012e-02,2.169007864255923998e-02,-4.438348995974572553e-02,-2.153667231997500459e-02
-1.627389714508173657e-01,1.435459669256736355e-02,-2.130801860134044767e-02,2.178597916120002601e-02,-4.408342157817919660e-02,-2.173636379036143762e-02
-1.626976594812318266e-01,1.409256517670699413e-02,-2.097764913114808297e-02,2.187791368641320289e-02,-4.377340750392781643e-02,-2.193289007185383194e-02
-1.626261297182439725e-01,1.382634132901974094e-02,-2.064132795354606253e-02,2.196588221819876369e-02,-4.345344773699159890e-02,-2.212625116445219794e-02
-1.625243821618537754e-01,1.355592514950558838e-02,-2.029905506853439331e-02,2.204988475655671187e-02,-4.312354227737054402e-02,-2.231644706815652177e-02
-1.623924168120611800e-01,1.328131663816454686e-02,-1.995083047611307184e-02,2.212992130148704745e-02,-4.278369112506464483e-02,-2.250347778296681728e-02
-1.622302336688663249e-01,1.300251579499660942e-02,-1.959665417628209463e-02,2.220599185298977041e-02,-4.243389428007390829e-02,-2.268734330888307060e-02
-1.620378327322690992e-01,1.271952262000178129e-02,-1.923652616904146170e-02,2.227809641106487729e-02,-4.207415174239832051e-02,-2.286804364590529562e-02
-1.618152140022695307e-01,1.243233711318005898e-02,-1.887044645439117652e-02,2.234623497571237155e-02,-4.170446351203789537e-02,-2.304557879403347845e-02
-1.615623774788676470e-01,1.214095927453144597e-02,-1.849841503233123907e-02,2.241040754693225667e-02,-4.132482958899263287e-02,-2.321994875326763297e-02
-1.612793236175631140e-01,1.184538918674676172e-02,-1.812043201601672149e-02,2.247061416998902619e-02,-4.093525014581247956e-02,-2.339115355141400954e-02
-1.609852195805127895e-01,1.154910643169336330e-02,-1.774125890529558783e-02,2.252875954869518887e-02,-4.054298598455951391e-02,-2.356036325982647367e-02
-1.606988619535519025e-01,1.125552331729170324e-02,-1.736556514157310341e-02,2.258671156147790474e-02,-4.015515752755161732e-02,-2.372872532779648352e-02
-1.604202507366804809e-01,1.096463984354178155e-02,-1.699335072484926823e-02,2.264447020833717725e-02,-3.977176477478881061e-02,-2.389623975532403910e-02
-1.601493859298985245e-01,1.067645601044359994e-02,-1.662461565512408576e-02,2.270203548927299947e-02,-3.939280772627107990e-02,-2.406290654240914040e-02
-1.598862675332060335e-01,1.039097181799716191e-02,-1.625935993239755947e-02,2.275940740428536793e-02,-3.901828638199843213e-02,-2.422872568905178742e-02
-1.596308955466030077e-01,1.010818726620245703e-02,-1.589758355666967549e-02,2.281658595337429304e-02,-3.864820074197086036e-02,-2.439369719525198016e-02
-1.593832699700894195e-01,9.828102355059490508e-03,-1.553928652794044074e-02,2.287357113653977481e-02,-3.828255080618836459e-02,-2.455782106100972209e-02
-1.591433908036652967e-01,9.550717084568262349e-03,-1.518446884620985697e-02,2.293036295378180281e-02,-3.792133657465093788e-02,-2.472109728632500628e-02
-1.589112580473306391e-01,9.276031454728774286e-03,-1.483313051147792071e-02,2.298696140510038399e-02,-3.756455804735859411e-02,-2.488352587119783965e-02
-1.586868717010854468e-01,9.004045465541022850e-03,-1.448527152374463542e-02,2.304336649049551489e-02,-3.721221522431133327e-02,-2.504510681562821875e-02
-1.584702317649297199e-01,8.734759117005009774e-03,-1.414089188301000111e-02,2.309957820996720243e-02,-3.686430810550914844e-02,-2.520584011961614704e-02
-1.582613382388634582e-01,8.468172409120736793e-03,-1.379999158927401430e-02,2.315559656351543621e-02,-3.652083669095203960e-02,-2.536572578316161411e-02
-1.580601911228866063e-01,8.204285341888202174e-03,-1.346257064253667847e-02,2.321142155114022665e-02,-3.618180098064000677e-02,-2.552476380626463384e-02
-1.578667904169992753e-01,7.943097915307405915e-03,-1.312862904279799535e-02,2.326705317284156679e-02,-3.584720097457305688e-02,-2.568295418892519583e-02
-1.576811361212013818e-01,7.684610129378348885e-03,-1.279816679005795800e-02,2.332249142861946012e-02,-3.551703667275118992e-02,-2.584029693114330700e-02
-1.575032282354929536e-01,7.428821984101029348e-03,-1.247118388431657163e-02,2.337773631847391009e-02,-3.519130807517438508e-02,-2.599679203291896043e-02
-1.573330667598739629e-01,7.175733479475449907e-03,-1.214768032557383623e-02,2.343278784240490631e-02,-3.487001518184267013e-02,-2.615243949425216305e-02
-1.571706516943444376e-01,6.925344615501607959e-03,-1.182765611382975181e-02,2.348764600041245570e-02,-3.455315799275603811e-02,-2.630723931514290792e-02
-1.570159830389044053e-01,6.677655392179505239e-03,-1.151111124908431489e-02,2.354231079249655828e-02,-3.424073650791446821e-02,-2.646119149559120198e-02
-1.568690607935538106e-01,6.432665809509140881e-03,-1.119804573133752895e-02,2.359678221865721057e-02,-3.393275072731798819e-02,-2.661429603559704177e-02
-1.567298849582926534e-01,6.190375867490515750e-03,-1.088845956058939052e-02,2.365106027889441603e-02,-3.362920065096658417e-02,-2.676655293516042727e-02
-1.565984555331209616e-01,5.950785566123628981e-03,-1.058235273683990653e-02,2.370514497320817468e-02,-3.333008627886026309e-02,-2.691796219428135850e-02
-1.564747725180387627e-01,5.713894905408481439e-03,-1.027972526008907005e-02,2.375903630159848304e-02,-3.303540761099901107e-02,-2.706852381295983545e-02
-1.563588359130460292e-01,5.479703885345071392e-03,-9.980577130336882805e-03,2.381273426406534457e-02,-3.274516464738284199e-02,-2.721823779119586159e-02
-1.562506457181427333e-01,5.248212505933400572e-03,-9.684908347583346538e-03,2.386623886060876276e-02,-3.245935738801174891e-02,-2.736710412898942998e-02
-1.561502019333288749e-01,5.019420767173468113e-03,-9.392718911828459513e-03,2.391955009122872719e-02,-3.217798583288573183e-02,-2.751512282634054410e-02
-1.560575045586045095e-01,4.793328669065274883e-03,-9.104008823072223464e-03,2.397266795592524480e-02,-3.190104998200479769e-02,-2.766229388324920740e-02
-1.559725535939695817e-01,4.569936211608820881e-03,-8.818778081314636655e-03,2.402559245469831559e-02,-3.162854983536893955e-02,-2.780861729971541296e-02
-1.558953490394241470e-01,4.349243394804103505e-03,-8.537026686555699087e-03,2.407832358754793609e-02,-3.136048539297816434e-02,-2.795409307573916771e-02
-1.558258908949681221e-01,4.131250218651126224e-03,-8.258754638795412495e-03,2.413086135447410976e-02,-3.109685665483246167e-02,-2.809872121132046818e-02
-1.557641791606015902e-01,3.915956683149887305e-03,-7.983961938033773409e-03,2.418320575547683662e-02,-3.083766362093183500e-02,-2.824250170645931091e-02
-1.557102138363245236e-01,3.703362788300387613e-03,-7.712648584270787033e-03,2.423535679055611319e-02,-3.058290629127629473e-02,-2.838543456115570282e-02
-1.556639949221369223e-01,3.493468534102625415e-03,-7.444814577506449031e-03,2.428731445971194641e-02,-3.033258466586582699e-02,-2.852751977540964046e-02
-1.556255224180387309e-01,3.286273920556602446e-03,-7.180459917740762005e-03,2.433907876294432934e-02,-3.008669874470043873e-02,-2.866875734922112381e-02
-1.555947963240300602e-01,3.081778947662319138e-03,-6.919584604973725087e-03,2.439064970025326198e-02,-2.984524852778012646e-02,-2.880914728259015983e-02
-1.555718166401108271e-01,2.879983615419778094e-03,-6.662188639205344348e-03,2.444202727163874433e-02,-2.960823401510490060e-02,-2.894868957551672770e-02
-1.555565833662810316e-01,2.680887923828971509e-03,-6.408272020435606779e-03,2.449321147710078680e-02,-2.937565520667474381e-02,-2.908738422800084822e-02
-1.555490965025407291e-01,2.484491872889903717e-03,-6.157834748664520186e-03,2.454420231663937552e-02,-2.914751210248966995e-02,-2.922523124004251793e-02
-1.555493560488898919e-01,2.290795462602574720e-03,-5.910876823892080231e-03,2.459499979025451741e-02,-2.892380470254967556e-02,-2.936223061164173337e-02
-1.555573620053284645e-01,2.099798692966982350e-03,-5.667398246118292987e-03,2.464560389794621248e-02,-2.870453300685475370e-02,-2.949838234279849453e-02
-1.555731143718565301e-01,1.911501563983130508e-03,-5.427399015343154116e-03,2.469601463971445726e-02,-2.848969701540490784e-02,-2.963368643351279794e-02
-1.555966131484740611e-01,1.725904075651017461e-03,-5.190879131566666221e-03,2.474623201555925522e-02,-2.827929672820014839e-02,-2.976814288378465401e-02
-1.556278583351810574e-01,1.543006227970641474e-03,-4.957838594788826700e-03,2.479625602548060637e-02,-2.807333214524045800e-02,-2.990175169361405233e-02
-1.556668499319774912e-01,1.362808020942005583e-03,-4.728277405009641624e-03,2.484608666947850722e-02,-2.787180326652585402e-02,-3.003451286300099637e-02
-1.557135879388633903e-01,1.185309454565108053e-03,-4.502195562229100584e-03,2.489572394755296472e-02,-2.767471009205632257e-02,-3.016642639194548614e-02
-1.557680723558387548e-01,1.010510528839950184e-03,-4.279593066447212255e-03,2.494516785970396847e-02,-2.748205262183187406e-02,-3.029749228044752163e-02
-1.558303031829035845e-01,8.384112437665280741e-04,-4.060469917663971431e-03,2.499441840593153233e-02,-2.729383085585249807e-02,-3.042771052850709937e-02
-1.559002804200578518e-01,6.690115993448469273e-04,-3.844826115879385921e-03,2.504347558623564243e-02,-2.711004479411820503e-02,-3.055708113612423324e-02
-1.559772593767778104e-01,5.021528553566627362e-04,-3.632447942908750230e-03,2.509228022185861981e-02,-2.693038502996622161e-02,-3.068558092429498826e-02
-1.560540466173861440e-01,3.363016398672004619e-04,-3.421270959947588560e-03,2.514026066783761615e-02,-2.675186280920199139e-02,-3.081298599239428934e-02
-1.561288344198440425e-01,1.710726140252505714e-04,-3.210776370180031848e-03,2.518727326886742099e-02,-2.657372705305475688e-02,-3.093924007383233934e-02
-1.562016227841516169e-01,6.465777830813098520e-06,-3.000964173606079661e-03,2.523331802494802739e-02,-2.639597776152452502e-02,-3.106434316860914521e-02
-1.562724117103088117e-01,-1.575188687161120313e-04,-2.791834370225731565e-03,2.527839493607944230e-02,-2.621861493461128539e-02,-3.118829527672470348e-02
-1.563412011983156269e-01,-3.208813256155246350e-04,-2.583386960038987559e-03,2.532250400226166223e-02,-2.604163857231504148e-02,-3.131109639817901413e-02
-1.564079912481720624e-01,-4.836215928674249091e-04,-2.375621943045849380e-03,2.536564522349469067e-02,-2.586504867463580021e-02,-3.143274653297207372e-02
-1.564727818598781184e-01,-6.457396704718126098e-04,-2.168539319246314424e-03,2.540781859977852414e-02,-2.568884524157355465e-02,-3.155324568110389610e-02
-1.565355730334337669e-01,-8.072355584286880622e-04,-1.962139088640384426e-03,2.544902413111316264e-02,-2.551302827312830132e-02,-3.167259384257446048e-02
-1.565963647688390914e-01,-9.681092567380509412e-04,-1.756421251228058953e-03,2.548926181749860617e-02,-2.533759776930004717e-02,-3.179079101738378765e-02
-1.566551570660940085e-01,-1.128360765399901572e-03,-1.551385807009338222e-03,2.552853165893486168e-02,-2.516255373008879220e-02,-3.190783720553186376e-02
-1.567119499251985737e-01,-1.287990084414239846e-03,-1.347032755984221364e-03,2.556683365542191527e-02,-2.498789615549452947e-02,-3.202373240701868878e-02
-1.567667433461527315e-01,-1.446997213781065546e-03,-1.143362098152709682e-03,2.560416780695978084e-02,-2.481362504551726939e-02,-3.213847662184426968e-02
-1.568195373289565098e-01,-1.605382153500378890e-03,-9.403738335148021993e-04,2.564053411354845144e-02,-2.463974040015700501e-02,-3.225206985000860643e-02
-1.568703318736099361e-01,-1.763144903572179878e-03,-7.380679620704989159e-04,2.567593257518792707e-02,-2.446624221941373287e-02,-3.236451209151169212e-02
-1.569191269801129829e-01,-1.920285463996468508e-03,-5.364444838198005909e-04,2.571036319187820773e-02,-2.429313050328745990e-02,-3.247580334635353366e-02
-1.569659226484656500e-01,-2.076803834773244348e-03,-3.355033987627063026e-04,2.574382596361929690e-02,-2.412040525177818612e-02,-3.258594361453413107e-02
-1.570107188786679653e-01,-2.232700015902507832e-03,-1.352447068992169185e-04,2.577632089041119456e-02,-2.394806646488590804e-02,-3.269493289605347741e-02
-1.570535156707198732e-01,-2.387974007384259176e-03,6.433159177066798161e-05,2.580784797225389726e-02,-2.377611414261062567e-02,-3.280277119091157267e-02
-1.570943130246213737e-01,-2.542625809218497946e-03,2.632254972469483842e-04,2.583840720914740152e-02,-2.360454828495234247e-02,-3.290945849910843074e-02
-1.571331109403725501e-01,-2.696655421405220240e-03,4.614370095296190443e-04,2.586799860109171428e-02,-2.343336889191105846e-02,-3.301499482064403079e-02
-1.571699094179733469e-01,-2.850062843944434297e-03,6.589661286186908719e-04,2.589662214808683208e-02,-2.326257596348676668e-02,-3.311938015551838671e-02
-1.572047084574237641e-01,-3.002848076836135780e-03,8.558128545141582832e-04,2.592427785013275837e-02,-2.309216949967947408e-02,-3.322261450373149849e-02
-1.572375080587237739e-01,-3.155011120080325124e-03,1.051977187216020194e-03,2.595096570722948970e-02,-2.292214950048918065e-02,-3.332469786528336614e-02
-1.572683082218734318e-01,-3.306551973677001460e-03,1.247459126724278665e-03,2.597668571937702953e-02,-2.275251596591587600e-02,-3.342563024017398271e-02
-1.572971089468727102e-01,-3.457470637626165657e-03,1.442258673038932610e-03,2.600143788657537092e-02,-2.258326889595957399e-02,-3.352541162840335515e-02
-1.573239102337216089e-01,-3.607767111927817714e-03,1.636375826159981815e-03,2.602522220882452081e-02,-2.241440829062026768e-02,-3.362404202997147651e-02
-1.573487120824201280e-01,-3.757441396581956763e-03,1.829810586087425844e-03,2.604803868612447920e-02,-2.224593414989796056e-02,-3.372152144487835373e-02
-1.573715144929682952e-01,-3.906493491588583673e-03,2.022562952821266215e-03,2.606988731847524263e-02,-2.207784647379264914e-02,-3.381784987312397989e-02
-1.573923174653660273e-01,-4.054923396947698877e-03,2.214632926361502496e-03,2.609076810587680761e-02,-2.191014526230433343e-02,-3.391302731470836884e-02
-1.574111209996134353e-01,-4.202731112659300640e-03,2.406020506708132951e-03,2.611068104832918457e-02,-2.174283051543301343e-02,-3.400705376963149978e-02
-1.574279250957104637e-01,-4.349916638723390697e-03,2.596725693861159749e-03,2.612962614583236656e-02,-2.157590223317869607e-02,-3.409992923789338659e-02
-1.574427297536571124e-01,-4.496479975139968180e-03,2.786748487820582456e-03,2.614760339838635358e-02,-2.140936041554136748e-02,-3.419165371949402926e-02
-1.574555349734533816e-01,-4.642421121909033957e-03,2.976088888586399337e-03,2.616461280599114564e-02,-2.124320506252104154e-02,-3.428222721443342086e-02
-1.574663407550992711e-01,-4.787740079030586293e-03,3.164746896158612995e-03,2.618065436864674619e-02,-2.107743617411771131e-02,-3.437164972271157526e-02
-1.574751470985947532e-01,-4.932436846504626056e-03,3.352722510537221694e-03,2.619572808635315178e-02,-2.091205375033137678e-02,-3.445992124432847165e-02
-1.574819540039399113e-01,-5.076511424331154113e-03,3.540015731722225435e-03,2.620983395911036587e-02,-2.074705779116204143e-02,-3.454704177928412390e-02
-1.574867614711346619e-01,-5.219963812510168728e-03,3.726626559713626385e-03,2.622297198691838152e-02,-2.058244829660970179e-02,-3.463301132757853201e-02
-1.574895695001790608e-01,-5.362794011041671638e-03,3.912554994511420643e-03,2.623514216977720567e-02,-2.041822526667435786e-02,-3.471782988921168905e-02
-1.574903780910730522e-01,-5.505002019925661974e-03,4.097801036115611244e-03,2.624634450768683833e-02,-2.025438870135601310e-02,-3.480149746418360196e-02
-1.574891872438166640e-01,-5.646587839162140604e-03,4.282364684526198187e-03,2.625657900064727254e-02,-2.009093860065466405e-02,-3.488401405249427073e-02
-1.574859969584099240e-01,-5.787551468751105793e-03,4.466245939743179738e-03,2.626584564865851526e-02,-1.992787496457031071e-02,-3.496537965414368149e-02
-1.574808072348528043e-01,-5.927892908692559276e-03,4.649444801766555897e-03,2.627414445172056301e-02,-1.976519779310295655e-02,-3.504559426913185505e-02
-1.574736180731453050e-01,-6.067612158986500186e-03,4.831961270596330134e-03,2.628147540983341926e-02,-1.960290708625259809e-02,-3.512465789745878447e-02
-1.574644294732874261e-01,-6.206709219632928522e-03,5.013795346232498111e-03,2.628783852299707707e-02,-1.944100284401923534e-02,-3.520257053912445588e-02
-1.574532414352791954e-01,-6.345184090631845152e-03,5.194947028675060696e-03,2.629323379121154686e-02,-1.927948506640287524e-02,-3.527933219412889010e-02
-1.574400539591205295e-01,-6.483036771983248341e-03,5.375416317924021359e-03,2.629766121447682167e-02,-1.911835375340350737e-02,-3.535494286247207324e-02
-1.574248670448115395e-01,-6.620267263687138956e-03,5.555203213979375762e-03,2.630112079279290152e-02,-1.895760890502113521e-02,-3.542940254415400531e-02
-1.574076806923521421e-01,-6.756875565743517865e-03,5.734307716841125641e-03,2.630361252615978640e-02,-1.879725052125576223e-02,-3.550271123917470018e-02
-1.573884949017423929e-01,-6.892861678152384201e-03,5.912729826509271862e-03,2.630513641457747631e-02,-1.863727860210738496e-02,-3.557486894753414397e-02
-1.573676982172307337e-01,-7.028175196592236634e-03,6.090397770050610081e-03,2.630574245061087502e-02,-1.847781703240658838e-02,-3.564591757836708952e-02
-1.573471736897347206e-01,-7.162571840252796550e-03,6.266963705261209203e-03,2.630567291952241524e-02,-1.831946621080757578e-02,-3.571606024119059614e-02
-1.573271707012972032e-01,-7.296019257779722857e-03,6.442381565622862412e-03,2.630495990838585887e-02,-1.816230565116814383e-02,-3.578532383483453566e-02
-1.573076892519181536e-01,-7.428517449173010351e-03,6.616651351135562770e-03,2.630360341720119899e-02,-1.800633535348830291e-02,-3.585370835929890115e-02
-1.572887293415975718e-01,-7.560066414432661634e-03,6.789773061799311143e-03,2.630160344596844252e-02,-1.785155531776804610e-02,-3.592121381458369955e-02
-1.572702909703354857e-01,-7.690666153558674105e-03,6.961746697614107533e-03,2.629895999468758946e-02,-1.769796554400736993e-02,-3.598784020068892392e-02
-1.572523741381318119e-01,-7.820316666551049498e-03,7.132572258579951072e-03,2.629567306335863289e-02,-1.754556603220628480e-02,-3.605358751761458813e-02
-1.572349788449866614e-01,-7.949017953409786078e-03,7.302249744696842626e-03,2.629174265198157973e-02,-1.739435678236478378e-02,-3.611845576536067137e-02
-1.572181050908999789e-01,-8.076770014134888181e-03,7.470779155964783064e-03,2.628716876055642651e-02,-1.724433779448287032e-02,-3.618244494392718752e-02
-1.572017528758717642e-01,-8.203572848726348871e-03,7.638160492383770650e-03,2.628195138908318018e-02,-1.709550906856054445e-02,-3.624555505331412963e-02
-1.571859221999020451e-01,-8.329426457184173349e-03,7.804393753953805385e-03,2.627609053756183380e-02,-1.694787060459779920e-02,-3.630778609352151159e-02
-1.571706130629907661e-01,-8.454330839508359882e-03,7.969478940674889003e-03,2.626958620599238389e-02,-1.680142240259464154e-02,-3.636913806454931258e-02
-1.571558254651379827e-01,-8.578285995698908470e-03,8.133416052547021505e-03,2.626243839437484087e-02,-1.665616446255107144e-02,-3.642961096639755342e-02
-1.571415594063436671e-01,-8.701291925755820847e-03,8.296205089570201155e-03,2.625464710270919780e-02,-1.651209678446708545e-02,-3.648920479906621328e-02
-1.571278148866077917e-01,-8.823348629679093544e-03,8.457846051744427954e-03,2.624621233099545467e-02,-1.636921936834268704e-02,-3.654791956255530605e-02
-1.571145919059304119e-01,-8.944456107468730030e-03,8.618338939069703636e-03,2.623713407923361496e-02,-1.622753221417787273e-02,-3.660575525686483173e-02
-1.571018904643115277e-01,-9.064614359124726836e-03,8.777683751546026467e-03,2.622741234742367519e-02,-1.608703532197264946e-02,-3.666271188199478337e-02
-1.570897105617511114e-01,-9.183823384647087432e-03,8.935880489173398181e-03,2.621704713556563537e-02,-1.594772869172700336e-02,-3.671878943794516792e-02
-1.570780521982491351e-01,-9.302083184035811816e-03,9.092929151951817043e-03,2.620603844365949897e-02,-1.580961232344095177e-02,-3.677398792471597844e-02
-1.570669153738056822e-01,-9.419393757290894786e-03,9.248829739881283055e-03,2.619438627170526598e-02,-1.567268621711448082e-02,-3.682830734230722186e-02
-1.570563000884206695e-01,-9.535755104412343280e-03,9.403582252961797949e-03,2.618209061970292947e-02,-1.553695037274759570e-02,-3.688174769071889819e-02
-1.570462063420941246e-01,-9.651167225400152094e-03,9.557186691193358258e-03,2.616915148765249985e-02,-1.540240479034029816e-02,-3.693430896995099355e-02
-1.570366341348260475e-01,-9.765630120254324698e-03,9.709643054575969184e-03,2.615556887555397017e-02,-1.526904946989258646e-02,-3.698599118000352876e-02
-1.570275834666164660e-01,-9.879143788974859355e-03,9.860951343109627260e-03,2.614134278340734044e-02,-1.513688441140446060e-02,-3.703679432087648299e-02
-1.570190543374653525e-01,-9.991708231561754333e-03,1.001111155679433422e-02,2.612647321121261065e-02,-1.500590961487591884e-02,-3.708671839256987707e-02
-1.570110467473727067e-01,-1.010332344801501483e-02,1.016012369563008833e-02,2.611096015896978775e-02,-1.487612508030696640e-02,-3.713576339508369711e-02
-1.570035606963385566e-01,-1.021398943833463566e-02,1.030798775961689132e-02,2.609480362667886133e-02,-1.474753080769759805e-02,-3.718392932841795007e-02
-1.569965961843628466e-01,-1.032370620252061853e-02,1.045470374875474145e-02,2.607800361433983832e-02,-1.462012679704781555e-02,-3.723121619257262205e-02
-1.569901532114456322e-01,-1.043247374057296346e-02,1.060027166304363874e-02,2.606056012195271526e-02,-1.449391304835762062e-02,-3.727762398754773387e-02
-1.569842317775868856e-01,-1.054029205249167045e-02,1.074469150248358491e-02,2.604247314951749562e-02,-1.436888956162700806e-02,-3.732315271334327167e-02
-1.569788318827865792e-01,-1.064716113827674296e-02,1.088796326707457823e-02,2.602374269703417592e-02,-1.424505633685598308e-02,-3.736780236995924237e-02
-1.569739535270447961e-01,-1.075308099792817579e-02,1.103008695681662044e-02,2.600436876450275964e-02,-1.412241337404454393e-02,-3.741157295739563904e-02
-1.569695967103614531e-01,-1.085805163144596894e-02,1.117106257170970979e-02,2.598435135192323983e-02,-1.400096067319269236e-02,-3.745446447565246861e-02
-1.569657614327366058e-01,-1.096207303883012761e-02,1.131089011175384802e-02,2.596369045929562691e-02,-1.388069823430042662e-02,-3.749647692472972416e-02
-1.569624476941702262e-01,-1.106514522008064660e-02,1.144956957694903341e-02,2.594238608661991394e-02,-1.376162605736774326e-02,-3.753761030462741261e-02
-1.569596554946623146e-01,-1.116726817519752939e-02,1.158710096729526594e-02,2.592043823389610091e-02,-1.364374414239464921e-02,-3.757786461534552702e-02
-1.569573848342128986e-01,-1.126844190418077249e-02,1.172348428279254735e-02,2.589784690112419130e-02,-1.352705248938113926e-02,-3.761723985688406741e-02
-1.569556357128219226e-01,-1.136866640703037938e-02,1.185871952344087592e-02,2.587461208830418510e-02,-1.341155109832721515e-02,-3.765573602924304764e-02
-1.569544081304894145e-01,-1.146794168374634659e-02,1.199280668924025336e-02,2.585073379543607539e-02,-1.329723996923287861e-02,-3.769335313242245383e-02
-1.569537020872154021e-01,-1.156626773432867759e-02,1.212574578019067796e-02,2.582621202251986908e-02,-1.318411910209812618e-02,-3.773009116642228600e-02
-1.569535175829998574e-01,-1.166364455877737238e-02,1.225753679629215144e-02,2.580104676955556620e-02,-1.307218849692296132e-02,-3.776595013124255107e-02
-1.569538546178427807e-01,-1.176007215709242749e-02,1.238817973754467033e-02,2.577523803654315979e-02,-1.296144815370738057e-02,-3.780093002688324211e-02
-1.569547131917441996e-01,-1.185555052927384466e-02,1.251767460394823811e-02,2.574878582348266026e-02,-1.285189807245138566e-02,-3.783503085334436605e-02
-1.569560933047040863e-01,-1.195007967532162561e-02,1.264602139550285477e-02,2.572169013037406068e-02,-1.274353825315497832e-02,-3.786825261062592290e-02
-1.569579949567224131e-01,-1.204365959523576689e-02,1.277322011220852031e-02,2.569395095721736105e-02,-1.263636869581815508e-02,-3.790059529872789879e-02
-1.569604181477992633e-01,-1.213629028901627369e-02,1.289927075406522954e-02,2.566556830401256484e-02,-1.253038940044092116e-02,-3.793205891765032145e-02
-1.569633628779345536e-01,-1.222797175666313907e-02,1.302417332107299111e-02,2.563654217075966857e-02,-1.242560036702326960e-02,-3.796264346739315620e-02
-1.569668291471282839e-01,-1.231870399817636824e-02,1.314792781323179810e-02,2.560687255745867225e-02,-1.232200159556520562e-02,-3.799234894795643080e-02
-1.569708169553805377e-01,-1.240848701355595947e-02,1.327053423054165397e-02,2.557655946410957934e-02,-1.221959308606672574e-02,-3.802117535934013137e-02
-1.569753263026912593e-01,-1.249732080280191449e-02,1.339199257300255873e-02,2.554560289071238985e-02,-1.211837483852783344e-02,-3.804912270154426485e-02
-1.569803571890604488e-01,-1.258520536591422462e-02,1.351230284061450196e-02,2.551400283726709683e-02,-1.201834685294853391e-02,-3.807619097456882429e-02
-1.569857404677832136e-01,-1.267219906131855645e-02,1.363154123035048397e-02,2.548175683657491475e-02,-1.191941288265540438e-02,-3.810239411417844918e-02
-1.569910143117249079e-01,-1.275846122705537322e-02,1.374991578545752165e-02,2.544885815235708657e-02,-1.182131014200660246e-02,-3.812777016967631993e-02
-1.569961524883100035e-01,-1.284400091379937769e-02,1.386743832314980655e-02,2.541530640198140858e-02,-1.172402370432577487e-02,-3.815232130232827645e-02
-1.570011549975385556e-01,-1.292881812155057333e-02,1.398410884342734042e-02,2.538110158544787734e-02,-1.162755356961291814e-02,-3.817604751213432568e-02
-1.570060218394105644e-01,-1.301291285030895840e-02,1.409992734629012326e-02,2.534624370275648589e-02,-1.153189973786803227e-02,-3.819894879909446761e-02
-1.570107530139260299e-01,-1.309628510007453291e-02,1.421489383173815506e-02,2.531073275390724811e-02,-1.143706220909112073e-02,-3.822102516320868837e-02
-1.570153485210848965e-01,-1.317893487084729684e-02,1.432900829977143756e-02,2.527456873890015360e-02,-1.134304098328217832e-02,-3.824227660447701571e-02
-1.570198083608872197e-01,-1.326086216262725020e-02,1.444227075038996728e-02,2.523775165773520235e-02,-1.124983606044120850e-02,-3.826270312289942188e-02
-1.570241325333329996e-01,-1.334206697541439474e-02,1.455468118359374945e-02,2.520028151041240130e-02,-1.115744744056821128e-02,-3.828230471847592770e-02
-1.570283210384222361e-01,-1.342254930920872696e-02,1.466623959938277884e-02,2.516215829693174352e-02,-1.106587512366318492e-02,-3.830108139120651928e-02
-1.570323738761549015e-01,-1.350230916401025036e-02,1.477694599775705719e-02,2.512338201729323248e-02,-1.097511910972612942e-02,-3.831903314109120356e-02
-1.570362910465309958e-01,-1.358134653981896318e-02,1.488680037871658625e-02,2.508395267149687163e-02,-1.088517939875704825e-02,-3.833615996812997362e-02
-1.570400725495505467e-01,-1.365966143663486544e-02,1.499580274226136253e-02,2.504387025954265059e-02,-1.079605599075593621e-02,-3.835246187232284332e-02
-1.570437183852135543e-01,-1.373725385445795713e-02,1.510395308839138952e-02,2.500313478143057974e-02,-1.070774888572279850e-02,-3.836793885366979184e-02
-1.570472285535200185e-01,-1.381412379328823825e-02,1.521125141710666547e-02,2.496174623716065216e-02,-1.062025808365763165e-02,-3.838259091217084001e-02
-1.570506030544699116e-01,-1.389027125312571054e-02,1.531769772840719211e-02,2.491970462673287132e-02,-1.053358358456043566e-02,-3.839641804782597395e-02
-1.570538418880632336e-01,-1.396569623397037052e-02,1.542329202229296599e-02,2.487700995014723720e-02,-1.044772538843121226e-02,-3.840942026063520059e-02
-1.570569450543000123e-01,-1.404039873582221994e-02,1.552803429876398883e-02,2.483366220740375330e-02,-1.036268349526996146e-02,-3.842159755059851994e-02
-1.570599125531802476e-01,-1.411437875868126052e-02,1.563192455782026064e-02,2.478966139850240918e-02,-1.027845790507668153e-02,-3.843294991771592506e-02
-1.570627443847039117e-01,-1.418763630254748880e-02,1.573496279946178314e-02,2.474500752344321527e-02,-1.019504861785137419e-02,-3.844347736198742288e-02
-1.570654405488710048e-01,-1.426017136742090824e-02,1.583714902368855634e-02,2.469970058222616463e-02,-1.011245563359403771e-02,-3.845317988341300647e-02
-1.570680010456815545e-01,-1.433198395330151712e-02,1.593848323050057678e-02,2.465374057485126072e-02,-1.003067895230467382e-02,-3.846205748199268276e-02
-1.570704258751355886e-01,-1.440307406018931542e-02,1.603896541989784444e-02,2.460712750131850354e-02,-9.949718573983280800e-03,-3.847011015772645176e-02
-1.570727150372330239e-01,-1.447344168808430316e-02,1.613859559188036280e-02,2.455986136162789310e-02,-9.869574498629860373e-03,-3.847733791061430653e-02
-1.570748685319739157e-01,-1.454308683698648033e-02,1.623737374644813186e-02,2.451194215577942592e-02,-9.790246726244410808e-03,-3.848374074065625400e-02
-1.570768863593582365e-01,-1.461200950689584867e-02,1.633529988360114815e-02,2.446336988377310895e-02,-9.711735256826933838e-03,-3.848931864785229418e-02
-1.570787685193860417e-01,-1.468020969781240644e-02,1.643237400333941861e-02,2.441414454560893524e-02,-9.634040090377427729e-03,-3.849407163220242706e-02
-1.570805150120572480e-01,-1.474768740973615364e-02,1.652859610566293630e-02,2.436426614128690479e-02,-9.557161226895894215e-03,-3.849799969370664571e-02
-1.570821258373719109e-01,-1.481444264266708853e-02,1.662396619057170122e-02,2.431373467080702802e-02,-9.481098666382333298e-03,-3.850110283236495706e-02
-1.570836009953300305e-01,-1.488047539660521459e-02,1.671848425806571684e-02,2.426255013416929451e-02,-9.405852408836743242e-03,-3.850338104817736112e-02
-1.570849404859315790e-01,-1.494578567155053009e-02,1.681215030814497968e-02,2.421071253137370080e-02,-9.331422454259125782e-03,-3.850483434114385095e-02
-1.570861443091766119e-01,-1.501037346750303501e-02,1.690496434080949323e-02,2.415822186242026076e-02,-9.257808802649479182e-03,-3.850546271126443348e-02
-1.570872124650650459e-01,-1.507423878446272937e-02,1.699692635605925400e-02,2.410507812730896399e-02,-9.185011454007805179e-03,-3.850526615853910872e-02
-1.570881449535969365e-01,-1.513738162242961316e-02,1.708803635389426548e-02,2.405128132603981395e-02,-9.113030408334102037e-03,-3.850424468296787667e-02
-1.570889417747722561e-01,-1.519980198140368811e-02,1.717829433431452765e-02,2.399683145861281064e-02,-9.041865665628371490e-03,-3.850239828455073038e-02
-1.570896029285910600e-01,-1.526149986138495077e-02,1.726770029732003706e-02,2.394172852502795060e-02,-8.971517225890611805e-03,-3.849972696328766986e-02
-1.570901284150532651e-01,-1.532247526237340458e-02,1.735625424291079716e-02,2.388597252528523729e-02,-8.901985089120824715e-03,-3.849623071917870898e-02
-1.570905182341589545e-01,-1.538272818436904610e-02,1.744395617108680449e-02,2.382956345938467418e-02,-8.833269255319006752e-03,-3.849190955222382693e-02
-1.570907723859080452e-01,-1.544225862737187878e-02,1.753080608184806599e-02,2.377250132732625434e-02,-8.765369724485164854e-03,-3.848676346242304452e-02
-1.570908908703006202e-01,-1.550106659138190089e-02,1.761680397519457472e-02,2.371478612910997777e-02,-8.698286496619292082e-03,-3.848079244977634789e-02
-1.570908736873366240e-01,-1.555915207639911244e-02,1.770194985112633068e-02,2.365641786473585140e-02,-8.632019571721393641e-03,-3.847399651428374395e-02
-1.570907208370160568e-01,-1.561651508242351341e-02,1.778624370964333387e-02,2.359739653420387176e-02,-8.566568949791462592e-03,-3.846637565594523273e-02
-1.570904323193389462e-01,-1.567315560945510555e-02,1.786968555074559123e-02,2.353772213751403192e-02,-8.501934630829507608e-03,-3.845792987476080727e-02
-1.570900081343053201e-01,-1.572907365749388539e-02,1.795227537443309235e-02,2.347739467466634228e-02,-8.438116614835523485e-03,-3.844865917073047451e-02
-1.570894482819150950e-01,-1.578426922653985640e-02,1.803401318070584763e-02,2.341641414566080284e-02,-8.375114901809510223e-03,-3.843856354385423446e-02
-1.570887527621682989e-01,-1.583874231659301510e-02,1.811489896956385015e-02,2.335478055049740320e-02,-8.312929491751469557e-03,-3.842764299413208712e-02
-1.570879215750649871e-01,-1.589249292765336496e-02,1.819493274100710337e-02,2.329249388917615030e-02,-8.251560384661399752e-03,-3.841589752156402554e-02
-1.570869547206050765e-01,-1.594552105972090253e-02,1.827411449503560381e-02,2.322955416169704759e-02,-8.191007580539300809e-03,-3.840332712615005667e-02
-1.570858521987886780e-01,-1.599782671279563126e-02,1.835244423164935496e-02,2.316596136806008469e-02,-8.131271079385176195e-03,-3.838993180789017357e-02
-1.570846140096156529e-01,-1.604940988687755116e-02,1.842992195084835333e-02,2.310171550826527545e-02,-8.072350881199022443e-03,-3.837571156678438317e-02
-1.570832401530861122e-01,-1.610027058196666222e-02,1.850654765263260240e-02,2.303681658231260948e-02,-8.014246985980839552e-03,-3.836066640283268547e-02
-1.570817314457382818e-01,-1.615040892927030805e-02,1.858232149279898451e-02,2.297126473308340813e-02,-7.956959390322931522e-03,-3.834479654956075845e-02
-1.570801891854133325e-01,-1.619984120606747860e-02,1.865726279914682595e-02,2.290507768610233752e-02,-7.900487671474408502e-03,-3.832813097762088200e-02
-1.570786835696870443e-01,-1.624857869221872642e-02,1.873138496549224541e-02,2.283826772483807041e-02,-7.844831536476531628e-03,-3.831068976315227248e-02
-1.570772145985594170e-01,-1.629662138772405844e-02,1.880468799183523596e-02,2.277083484929061721e-02,-7.789990985329301766e-03,-3.829247290615491600e-02
-1.570757822720304231e-01,-1.634396929258347467e-02,1.887717187817580106e-02,2.270277905945997793e-02,-7.735966018032718050e-03,-3.827348040662880563e-02
-1.570743865901000902e-01,-1.639062240679697163e-02,1.894883662451394071e-02,2.263410035534614562e-02,-7.682756634586780480e-03,-3.825371226457396912e-02
-1.570730275527684183e-01,-1.643658073036455280e-02,1.901968223084965492e-02,2.256479873694912028e-02,-7.630362834991489922e-03,-3.823316847999037871e-02
-1.570717051600353797e-01,-1.648184426328621818e-02,1.908970869718294369e-02,2.249487420426891232e-02,-7.578784619246843775e-03,-3.821184905287804134e-02
-1.570704194119010022e-01,-1.652641300556196430e-02,1.915891602351380701e-02,2.242432675730550787e-02,-7.528021987352846375e-03,-3.818975398323697090e-02
-1.570691703083652579e-01,-1.657028695719179462e-02,1.922730420984224489e-02,2.235315639605892080e-02,-7.478074939309494254e-03,-3.816688327106714657e-02
-1.570679578494281470e-01,-1.661346611817570568e-02,1.929487325616825386e-02,2.228136312052913723e-02,-7.428943475116788278e-03,-3.814323691636858915e-02
-1.570667820350896970e-01,-1.665595048851370094e-02,1.936162316249183390e-02,2.220894693071616757e-02,-7.380627594774731050e-03,-3.811881491914128478e-02
-1.570656428653498804e-01,-1.669774006820578041e-02,1.942755392881299545e-02,2.213590782662001183e-02,-7.333127298283317365e-03,-3.809361727938523345e-02
-1.570645403402087525e-01,-1.673883485725194409e-02,1.949266555513172808e-02,2.206224580824065959e-02,-7.286442585642550693e-03,-3.806764399710044211e-02
-1.570634744596662580e-01,-1.677923485565218850e-02,1.955695804144803526e-02,2.198796087557812126e-02,-7.240573456852431034e-03,-3.804089507228690381e-02
-1.570624452237223967e-01,-1.681894006340651365e-02,1.962043138776191700e-02,2.191305302863238991e-02,-7.195519911912956652e-03,-3.801337050494462549e-02
-1.570614526323771964e-01,-1.685795048051492301e-02,1.968308559407337330e-02,2.183752226740346900e-02,-7.151281950824128417e-03,-3.798507029507360022e-02
-1.570604966856306295e-01,-1.689626610697742004e-02,1.974492066038240415e-02,2.176136859189135853e-02,-7.107859573585947194e-03,-3.795599444267383493e-02
-1.570595773834826958e-01,-1.693388694279399781e-02,1.980593658668900955e-02,2.168459200209605850e-02,-7.065252780198412116e-03,-3.792614294774532963e-02
-1.570586947259334509e-01,-1.697081298796465632e-02,1.986613337299318605e-02,2.160719249801756892e-02,-7.023461570661522317e-03,-3.789551581028807042e-02
-1.570578487129828393e-01,-1.700704424248939903e-02,1.992551101929494056e-02,2.152917007965589324e-02,-6.982485944975280398e-03,-3.786411303030207121e-02
-1.570570393446308610e-01,-1.704258070636822248e-02,1.998406952559426616e-02,2.145052474701102108e-02,-6.942325903139684624e-03,-3.783193460778733891e-02
-1.570562666208775437e-01,-1.707742237960113013e-02,2.004180889189116979e-02,2.137125650008296282e-02,-6.902981445154734996e-03,-3.779898054274385272e-02
-1.570555305417228875e-01,-1.711156926218812546e-02,2.009872911818564103e-02,2.129136533887171501e-02,-6.864452571020431514e-03,-3.776525083517163345e-02
-1.570548311071668368e-01,-1.714502135412919806e-02,2.015483020447769377e-02,2.121085126337727417e-02,-6.826739280736774176e-03,-3.773074548507066028e-02
-1.570541683172094749e-01,-1.717777865542435486e-02,2.021011215076731760e-02,2.112971427359965071e-02,-6.789841574303763852e-03,-3.769546449244094016e-02
-1.570535421718507463e-01,-1.720984116607359241e-02,2.026457495705451251e-02,2.104795436953883075e-02,-6.753759451721397938e-03,-3.765940785728248696e-02
-1.570529526710906787e-01,-1.724120888607691762e-02,2.031821862333928544e-02,2.096557155119482124e-02,-6.718492912989680772e-03,-3.762257557959528681e-02
-1.570523998149292444e-01,-1.727188181543432358e-02,2.037104314962163293e-02,2.088256581856762564e-02,-6.684041958108608884e-03,-3.758496765937933970e-02
-1.570518836033664434e-01,-1.730185995414581027e-02,2.042304853590155150e-02,2.079893717165723702e-02,-6.650406587078184009e-03,-3.754658409663465951e-02
-1.570514040364023034e-01,-1.733114330221138463e-02,2.047423478217904810e-02,2.071468561046366230e-02,-6.617586799898405280e-03,-3.750742489136122543e-02
-1.570509611140368245e-01,-1.735973185963103974e-02,2.052460188845411926e-02,2.062981113498689456e-02,-6.585582596569271828e-03,-3.746749004355905133e-02
-1.570505548362699788e-01,-1.738762562640477558e-02,2.057414985472675803e-02,2.054431374522693726e-02,-6.554393977090785389e-03,-3.742677955322813721e-02
-1.570501852031017942e-01,-1.741482460253259562e-02,2.062287868099697830e-02,2.045819344118379041e-02,-6.524020941462944229e-03,-3.738529342036846920e-02
-1.570498522145322429e-01,-1.744132878801449987e-02,2.067078836726476965e-02,2.037145022285745399e-02,-6.494463489685750948e-03,-3.734303164498006811e-02
-1.570495558705613526e-01,-1.746713818285048486e-02,2.071787891353013208e-02,2.028408409024792802e-02,-6.465721621759203813e-03,-3.729999422706292006e-02
-1.570492961711890956e-01,-1.749225278704055406e-02,2.076415031979307602e-02,2.019609504335521249e-02,-6.437795337683302824e-03,-3.725618116661702506e-02
-1.570490731164154996e-01,-1.751667260058471093e-02,2.080960258605359103e-02,2.010748308217930741e-02,-6.410684637458048847e-03,-3.721159246364239698e-02
-1.570488867062405369e-01,-1.754039762348294507e-02,2.085423571231167714e-02,2.001824820672020930e-02,-6.384389521083439281e-03,-3.716622811813901500e-02
-1.570487369406642353e-01,-1.756342785573525994e-02,2.089804969856733780e-02,1.992839041697792857e-02,-6.358909988559477595e-03,-3.712008813010689301e-02
-1.570486238196865669e-01,-1.758576329734166596e-02,2.094104454482057648e-02,1.983790971295245134e-02,-6.334246039886161188e-03,-3.707317249954603100e-02
-1.570485473433075596e-01,-1.760740394830214925e-02,2.098322025107138972e-02,1.974680609464378803e-02,-6.310397675063492660e-03,-3.702548122645642203e-02
-1.570485075115272411e-01,-1.762834980861671327e-02,2.102457681731977057e-02,1.965507956205193169e-02,-6.287364894091469411e-03,-3.697701431083807305e-02
-1.570485043243455003e-01,-1.764860087828536497e-02,2.106511424356573292e-02,1.956273011517688579e-02,-6.265147696970093175e-03,-3.692777175269097711e-02
-1.570485377817624484e-01,-1.766815715730809741e-02,2.110483252980926636e-02,1.946975775401865380e-02,-6.243746083699363084e-03,-3.687775355201513422e-02
-1.570486078837780297e-01,-1.768701864568491405e-02,2.114373167605037088e-02,1.937616247857722879e-02,-6.223160054279278271e-03,-3.682695970881055825e-02
-1.570487146303922443e-01,-1.770518534341581143e-02,2.118181168228905342e-02,1.928194428885261422e-02,-6.203389608709840471e-03,-3.677539022307722838e-02
-1.570488580216051200e-01,-1.772265725050079302e-02,2.121907254852531052e-02,1.918710318484481356e-02,-6.184434746991048816e-03,-3.672304509481515850e-02
-1.570490380574166567e-01,-1.773943436693985881e-02,2.125551427475913871e-02,1.909163916655381640e-02,-6.166295469122904174e-03,-3.666992432402434859e-02
-1.570492547378268544e-01,-1.775551669273300534e-02,2.129113686099054492e-02,1.899555223397963316e-02,-6.148971775105405678e-03,-3.661602791070479174e-02
-1.570495080628356577e-01,-1.777090422788023608e-02,2.132594030721952569e-02,1.889884238712226036e-02,-6.132463664938553327e-03,-3.656135585485650180e-02
-1.570497980324431220e-01,-1.778559697238155102e-02,2.135992461344607407e-02,1.880150962598169800e-02,-6.116771138622347989e-03,-3.650590815647945103e-02
-1.570501246466492473e-01,-1.779959492623694670e-02,2.139308977967020395e-02,1.870355395055794609e-02,-6.101894196156788797e-03,-3.644968481557366718e-02
-1.570504688234154733e-01,-1.781291742344091877e-02,2.142546021805036977e-02,1.860498000720380365e-02,-6.087804012875302866e-03,-3.639269952825143623e-02
-1.570508041779399566e-01,-1.782559119717585031e-02,2.145706968336420425e-02,1.850579422044767650e-02,-6.074460732809753259e-03,-3.633497123217558494e-02
-1.570511305434356686e-01,-1.783761641643091117e-02,2.148791838898667095e-02,1.840599663090110652e-02,-6.061864104017544719e-03,-3.627650004705724324e-02
-1.570514479199025815e-01,-1.784899308120610831e-02,2.151800633491777678e-02,1.830558723856409720e-02,-6.050014126498678979e-03,-3.621728597289641804e-02
-1.570517563073407785e-01,-1.785972119150143478e-02,2.154733352115752523e-02,1.820456604343664506e-02,-6.038910800253155173e-03,-3.615732900969311631e-02
-1.570520557057501765e-01,-1.786980074731690099e-02,2.157589994770590588e-02,1.810293304551875357e-02,-6.028554125280972432e-03,-3.609662915744732414e-02
-1.570523461151308309e-01,-1.787923174865249654e-02,2.160370561456292568e-02,1.800068824481041579e-02,-6.018944101582131626e-03,-3.603518641615905543e-02
-1.570526275354827417e-01,-1.788801419550822835e-02,2.163075052172858115e-02,1.789783164131163867e-02,-6.010080729156631885e-03,-3.597300078582830324e-02
-1.570528999668058812e-01,-1.789614808788409298e-02,2.165703466920287923e-02,1.779436323502242220e-02,-6.001964008004474944e-03,-3.591007226645506062e-02
-1.570531634091002493e-01,-1.790363342578009040e-02,2.168255805698580951e-02,1.769028302594276292e-02,-5.994593938125659938e-03,-3.584640085803934839e-02
-1.570534178623658739e-01,-1.791047020919622756e-02,2.170732068507738241e-02,1.758559101407266081e-02,-5.987970519520185997e-03,-3.578198656058113880e-02
-1.570536633266027549e-01,-1.791665843813249406e-02,2.173132255347759098e-02,1.748028719941211936e-02,-5.982093752188053989e-03,-3.571682937408045266e-02
-1.570538998018108645e-01,-1.792219811258889683e-02,2.175456366218643869e-02,1.737437158196113510e-02,-5.976963636129263915e-03,-3.565092929853728998e-02
-1.570541272879902028e-01,-1.792708923256542894e-02,2.177704401120392208e-02,1.726784416171970801e-02,-5.972580171343814907e-03,-3.558428633395162993e-02
-1.570543457851407698e-01,-1.793133179806210079e-02,2.179876360053004114e-02,1.716070493868784158e-02,-5.968943357831708700e-03,-3.551690048032349334e-02
-1.570545552932625932e-01,-1.793492580907890196e-02,2.181972243016480281e-02,1.705295391286553233e-02,-5.966053195592944426e-03,-3.544877173765288020e-02
-1.570547558123556453e-01,-1.793787126561584289e-02,2.183992050010820016e-02,1.694459108425278374e-02,-5.963909684627521218e-03,-3.537990010593977663e-02
-1.570549473424199538e-01,-1.794016816767291314e-02,2.185935781036023318e-02,1.683561645284958885e-02,-5.962512824935439944e-03,-3.531028558518418958e-02
-1.570551298834554910e-01,-1.794181651525011967e-02,2.187803436092090534e-02,1.672603001865595462e-02,-5.961862616516700603e-03,-3.523992817538613292e-02
-1.570553034354622568e-01,-1.794281630834745900e-02,2.189595015179022011e-02,1.661583178167188105e-02,-5.961959059371302327e-03,-3.516882787654557890e-02
-1.570554679984403068e-01,-1.794316754696493460e-02,2.191310518296816709e-02,1.650502174189736465e-02,-5.962802153499246853e-03,-3.509698468866254834e-02
-1.570556235723895577e-01,-1.794287023110253954e-02,2.192949945445475321e-02,1.639359989933240891e-02,-5.964391898900533312e-03,-3.502439861173703428e-02
-1.570557701573100651e-01,-1.794192436076028074e-02,2.194513296624997847e-02,1.628156625397700688e-02,-5.966728295575160837e-03,-3.495106964576902980e-02
-1.570559077532018011e-01,-1.794032993593815475e-02,2.196000571835383594e-02,1.616892080583117591e-02,-5.969811343523130295e-03,-3.487699779075855572e-02
-1.570560363600647935e-01,-1.793808695663616504e-02,2.197411771076633949e-02,1.605566355489488825e-02,-5.973641042744440820e-03,-3.480218304670559121e-02
-1.570561559778990146e-01,-1.793519542285430812e-02,2.198746894348747524e-02,1.594179450116816471e-02,-5.978217393239094145e-03,-3.472662541361015015e-02
-1.570562666067044644e-01,-1.793165533459258401e-02,2.200005941651725014e-02,1.582731364465100182e-02,-5.983540395007088536e-03,-3.465032489147221173e-02
-1.570563682464811706e-01,-1.792746669185099964e-02,2.201188912985566071e-02,1.571222098534339265e-02,-5.989610048048426595e-03,-3.457328148029180370e-02
-1.570564608972291054e-01,-1.792262949462954114e-02,2.202295808350271389e-02,1.559651652324534586e-02,-5.996426352363104853e-03,-3.449549518006890525e-02
-1.570565445589483244e-01,-1.791714374292822237e-02,2.203326627745840274e-02,1.548020025835685626e-02,-6.003989307951124177e-03,-3.441696599080353025e-02
-1.570566192316387444e-01,-1.791100943674703294e-02,2.204281371172272727e-02,1.536327219067792384e-02,-6.012298914812486302e-03,-3.433769391249567177e-02
-1.570566849153003930e-01,-1.790422657608598325e-02,2.205160038629569441e-02,1.524573232020855207e-02,-6.021355172947190360e-03,-3.425767894514532286e-02
-1.570567416099332980e-01,-1.789679516094506290e-02,2.205962630117729376e-02,1.512758064694873748e-02,-6.031158082355236351e-03,-3.417692108875249046e-02
-1.570567893155374317e-01,-1.788871519132427881e-02,2.206689145636753224e-02,1.500881717089848008e-02,-6.041707643036623408e-03,-3.409542034331718846e-02
-1.570568280321128218e-01,-1.787998666722362753e-02,2.207339585186640987e-02,1.488944189205778160e-02,-6.053003854991352399e-03,-3.401317670883938910e-02
-1.570568577596594406e-01,-1.787060958864310906e-02,2.207913948767392665e-02,1.476945481042664203e-02,-6.065046718219423323e-03,-3.393019018531911318e-02
-1.570568784981773158e-01,-1.786058395558272685e-02,2.208412236379007909e-02,1.464885592600506138e-02,-6.077836232720836181e-03,-3.384646077275636072e-02
-1.570568902476664197e-01,-1.784990976804247745e-02,2.208834448021486721e-02,1.452764523879303965e-02,-6.091372398495590104e-03,-3.376198847115111090e-02
-1.570568930081267800e-01,-1.783858702602236432e-02,2.209180583694829447e-02,1.440582274879057510e-02,-6.105655215543687696e-03,-3.367677328050339147e-02
-1.570568867795583690e-01,-1.782661572952238399e-02,2.209450643399036435e-02,1.428338845599766947e-02,-6.120684683865125486e-03,-3.359081520081318162e-02
-1.570568715619611866e-01,-1.781399587854253647e-02,2.209644627134106643e-02,1.416034236041432276e-02,-6.136460803459905210e-03,-3.350411423208048828e-02
-1.570568473553352329e-01,-1.780072747308282174e-02,2.209762534900040765e-02,1.403668446204053497e-02,-6.152983574328026867e-03,-3.341667037430531839e-02
-1.570568141596805356e-01,-1.778681051314324676e-02,2.209804366696838801e-02,1.391241476087630435e-02,-6.170252996469489590e-03,-3.332848362748765808e-02
-1.570567719749970947e-01,-1.777224499872379765e-02,2.209770122524500405e-02,1.378753325692163266e-02,-6.188269069884295981e-03,-3.323955399162752122e-02
-1.570567208012848825e-01,-1.775703092982449174e-02,2.209659802383025576e-02,1.366203995017651988e-02,-6.207031794572442571e-03,-3.314988146672490088e-02
-1.570566606385438990e-01,-1.774116830644531170e-02,2.209473406272415008e-02,1.353593484064096603e-02,-6.226541170533931961e-03,-3.305946605277979011e-02
-1.570565914867741719e-01,-1.772465712858627140e-02,2.209210934192668008e-02,1.340921792831496762e-02,-6.246797197768761550e-03,-3.296830774979220280e-02
-1.570565133459756735e-01,-1.770749739624736044e-02,2.208872386143784922e-02,1.328188921319852986e-02,-6.267799876276933940e-03,-3.287640655776213200e-02
-1.570564262161484315e-01,-1.768968910942858574e-02,2.208457762125765403e-02,1.315394869529165102e-02,-6.289549206058448264e-03,-3.278376247668957771e-02
-1.570563300972924181e-01,-1.767123226812994385e-02,2.207967062138609798e-02,1.302539637459432936e-02,-6.312045187113304520e-03,-3.269037550657453994e-02
-1.570562249894076334e-01,-1.765212687235143824e-02,2.207400286182318108e-02,1.289623225110656662e-02,-6.335287819441502710e-03,-3.259624564741702563e-02
-1.570561108924941052e-01,-1.763237292209306542e-02,2.206757434256889638e-02,1.276645632482836454e-02,-6.359277103043041966e-03,-3.250137289921702088e-02
-1.570559887290446099e-01,-1.761196851015113876e-02,2.206038398679934301e-02,1.263606003833319530e-02,-6.384017659219038375e-03,-3.240574935867378964e-02
-1.570558675153441719e-01,-1.759089499584597441e-02,2.205242126982336764e-02,1.250495975281091902e-02,-6.409554655769126967e-03,-3.230929778028958366e-02
-1.570557495369893364e-01,-1.756914765383102775e-02,2.204368352366889092e-02,1.237313426611821345e-02,-6.435899542571179958e-03,-3.221199858260323512e-02
-1.570556347939801034e-01,-1.754672648410629185e-02,2.203417074833592323e-02,1.224058357825507856e-02,-6.463052319625197349e-03,-3.211385176561473709e-02
-1.570555232863164175e-01,-1.752363148667177711e-02,2.202388294382446113e-02,1.210730768922151611e-02,-6.491012986931177405e-03,-3.201485732932409650e-02
-1.570554150139982785e-01,-1.749986266152747660e-02,2.201282011013450113e-02,1.197330659901752435e-02,-6.519781544489120992e-03,-3.191501527373131336e-02
-1.570553099770257699e-01,-1.747542000867338685e-02,2.200098224726604323e-02,1.183858030764310156e-02,-6.549357992299029846e-03,-3.181432559883638073e-02
-1.570552081753988083e-01,-1.745030352810951479e-02,2.198836935521909786e-02,1.170312881509825119e-02,-6.579742330360900497e-03,-3.171278830463929860e-02
-1.570551096091174492e-01,-1.742451321983586043e-02,2.197498143399365111e-02,1.156695212138297325e-02,-6.610934558674735548e-03,-3.161040339114007391e-02
-1.570550142781816094e-01,-1.739804908385241683e-02,2.196081848358970995e-02,1.143005022649726428e-02,-6.642934677240534130e-03,-3.150717085833870668e-02
-1.570549221825913999e-01,-1.737091112015918745e-02,2.194588050400727783e-02,1.129242313044112600e-02,-6.675742686058297112e-03,-3.140309070623518994e-02
-1.570548333223467652e-01,-1.734309932875617577e-02,2.193016749524634434e-02,1.115407083321456015e-02,-6.709358585128022759e-03,-3.129816293482953066e-02
-1.570547476974477052e-01,-1.731461370964337831e-02,2.191367945730691644e-02,1.101499333481756326e-02,-6.743782374449711937e-03,-3.119238754412171841e-02
-1.570546653078941923e-01,-1.728545426282080202e-02,2.189641639018899757e-02,1.087519063525014054e-02,-6.779014054023365515e-03,-3.108576453411176707e-02
-1.570545861536862819e-01,-1.725562098828843302e-02,2.187837829389258082e-02,1.073466273451228505e-02,-6.815053623848982625e-03,-3.097829390479966624e-02
-1.570545102348239463e-01,-1.722511388604628171e-02,2.185956516841766964e-02,1.059340963260400198e-02,-6.851901083926562400e-03,-3.086997565618542286e-02
-1.570544375513071855e-01,-1.719393295609434463e-02,2.183997701376426057e-02,1.045143132952529134e-02,-6.889556434256106573e-03,-3.076080978826902998e-02
-1.570543681031359995e-01,-1.716207819843262872e-02,2.181961382993235707e-02,1.030872782527614967e-02,-6.928019674837615147e-03,-3.065079630105049455e-02
-1.570543018903103882e-01,-1.712954961306112356e-02,2.179847561692196262e-02,1.016529911985658216e-02,-6.967290805671086384e-03,-3.053993519452980962e-02
-1.570542389128303795e-01,-1.709634719997983263e-02,2.177656237473306680e-02,1.002114521326658188e-02,-7.007369826756521154e-03,-3.042822646870698214e-02
-1.570541791706959178e-01,-1.706247095918875592e-02,2.175387410336568003e-02,9.876266105506154025e-03,-7.048256738093921191e-03,-3.031567012358200863e-02
-1.570541226639070309e-01,-1.702792089068790038e-02,2.173041080281979884e-02,9.730661796575296868e-03,-7.089951539683283024e-03,-3.020226615915488910e-02
-1.570540693924637465e-01,-1.699269699447725213e-02,2.170617247309541628e-02,9.584332286474010407e-03,-7.132454231524609257e-03,-3.008801457542562355e-02
-1.570540193563660369e-01,-1.695679927055682157e-02,2.168115911419254277e-02,9.437277575202294641e-03,-7.175764813617899023e-03,-2.997291537239421197e-02
-1.570539725556139021e-01,-1.692022771892660871e-02,2.165537072611117483e-02,9.289497662760153041e-03,-7.219883285963152320e-03,-2.985696855006065437e-02
-1.570539289902073143e-01,-1.688298233958661007e-02,2.162880730885130900e-02,9.140992549147578666e-03,-7.264809648560369149e-03,-2.974017410842495074e-02
-1.570538886601463291e-01,-1.684506313253682566e-02,2.160146886241294528e-02,8.991762234364574988e-03,-7.310543901409550377e-03,-2.962253204748710109e-02
-1.570538515654309186e-01,-1.680647009777725895e-02,2.157335538679609407e-02,8.841806718411145474e-03,-7.357086044510695137e-03,-2.950404236724710888e-02
-1.570538177060611107e-01,-1.676720323530790299e-02,2.154446688200074150e-02,8.691126001287284922e-03,-7.404436077863802562e-03,-2.938470506770496718e-02
-1.570537870820368220e-01,-1.672726254512876473e-02,2.151480334802689798e-02,8.539720082992995065e-03,-7.452594001468874386e-03,-2.926452014886067945e-02
-1.570537596933581359e-01,-1.668664802723984417e-02,2.148436478487455656e-02,8.387588963528277639e-03,-7.501559815325910610e-03,-2.914348761071424918e-02
-1.570537355400250523e-01,-1.664535968164113436e-02,2.145315119254371725e-02,8.234732642893129173e-03,-7.551333519434909498e-03,-2.902160745326566940e-02
-1.570537146220375435e-01,-1.660339750833264225e-02,2.142116257103438698e-02,8.081151121087553138e-03,-7.601915113795871919e-03,-2.889887967651494707e-02
-1.570536969393955540e-01,-1.656076150731436436e-02,2.138839892034655882e-02,7.926844398111547799e-03,-7.653304598408797871e-03,-2.877530428046207525e-02
-1.570536824920991947e-01,-1.651745167858630417e-02,2.135486024048023970e-02,7.771812473965123563e-03,-7.705501973273684753e-03,-2.865088126510706434e-02
-1.570536712801484103e-01,-1.647346802214845821e-02,2.132054653143542269e-02,7.616055348648257881e-03,-7.758507238390539504e-03,-2.852561063044990394e-02
-1.570536633035432006e-01,-1.642881053800082300e-02,2.128545779321210779e-02,7.459573022160966363e-03,-7.812320393759356052e-03,-2.839949237649060099e-02
-1.570536585622835379e-01,-1.638347922614340896e-02,2.124959402581030193e-02,7.302365494503245541e-03,-7.866941439380136999e-03,-2.827252650322914507e-02
-1.570536570563695056e-01,-1.633747408657620914e-02,2.121295522922999818e-02,7.144432765675093680e-03,-7.922370375252882346e-03,-2.814471301066554659e-02
-1.570536587858010202e-01,-1.629079511929922008e-02,2.117554140347119654e-02,6.985774835676514249e-03,-7.978607201377590358e-03,-2.801605189879980209e-02
-1.570536637505781097e-01,-1.624344232431244872e-02,2.113735254853390741e-02,6.826391704507506382e-03,-8.035651917754262769e-03,-2.788654316763191157e-02
-1.570536719507007739e-01,-1.619541570161589505e-02,2.109838866441811692e-02,6.666283372168069210e-03,-8.093504524382897844e-03,-2.775618681716187502e-02
-1.570536833861690129e-01,-1.614671525120955214e-02,2.105864975112382853e-02,6.505449838658201867e-03,-8.152165021263495584e-03,-2.762498284738969245e-02
-1.570536980569828545e-01,-1.609734097309342693e-02,2.101813580865105266e-02,6.343891103977906086e-03,-8.211633408396059458e-03,-2.749293125831536386e-02
-1.570537159631422708e-01,-1.604729286726751594e-02,2.097684683699977543e-02,6.181607168127181001e-03,-8.271909685780585997e-03,-2.736003204993888924e-02
-1.570537371046472064e-01,-1.599657093373181918e-02,2.093478283617000377e-02,6.018598031106027479e-03,-8.332993853417075200e-03,-2.722628522226027206e-02
-1.570537614814977723e-01,-1.594517517248634011e-02,2.089194380616174115e-02,5.854863692914444653e-03,-8.394885911305530538e-03,-2.709169077527950539e-02
-1.570537890936939129e-01,-1.589310558353107528e-02,2.084832974697497718e-02,5.690404153552432523e-03,-8.457585859445946805e-03,-2.695624870899659270e-02
-1.570538199412356284e-01,-1.584036216686602466e-02,2.080394065860971878e-02,5.525219413019991956e-03,-8.521093697838329206e-03,-2.681995902341153745e-02
-1.570538540241228909e-01,-1.578694492249118828e-02,2.075877654106596942e-02,5.359309471317121217e-03,-8.585409426482674272e-03,-2.668282171852433271e-02
-1.570538913423557836e-01,-1.573285385040657305e-02,2.071283739434372217e-02,5.192674328443822908e-03,-8.650533045378982003e-03,-2.654483679433498541e-02
-1.570539318959342234e-01,-1.567808895061216859e-02,2.066612321844298397e-02,5.025313984400095295e-03,-8.716464554527254133e-03,-2.640600425084348862e-02
-1.570539756848582380e-01,-1.562265022310797835e-02,2.061863401336374441e-02,4.857228439185937510e-03,-8.783203953927490662e-03,-2.626632408804985275e-02
-1.570540216534389577e-01,-1.556655783440683873e-02,2.057038397773769400e-02,4.688486856754305911e-03,-8.850697013498307758e-03,-2.612587139833234470e-02
-1.570540671219320950e-01,-1.550986297487092803e-02,2.052140915315042377e-02,4.519264801806523353e-03,-8.918806076445488437e-03,-2.598483679501481861e-02
-1.570541119585080470e-01,-1.545256816280308164e-02,2.047171131266278463e-02,4.349570911223941440e-03,-8.987524370761952597e-03,-2.584322965529355087e-02
-1.570541561631667582e-01,-1.539467339820329954e-02,2.042129045627478004e-02,4.179405185006563640e-03,-9.056851896447698502e-03,-2.570104997916853456e-02
-1.570541997359082842e-01,-1.533617868107158173e-02,2.037014658398640654e-02,4.008767623154388220e-03,-9.126788653502731358e-03,-2.555829776663977315e-02
-1.570542426767326250e-01,-1.527708401140792822e-02,2.031827969579766413e-02,3.837658225667415612e-03,-9.197334641927045959e-03,-2.541497301770727357e-02
-1.570542849856397527e-01,-1.521738938921234074e-02,2.026568979170855281e-02,3.666076992545644515e-03,-9.268489861720647510e-03,-2.527107573237102542e-02
-1.570543266626296675e-01,-1.515709481448481583e-02,2.021237687171907604e-02,3.494023923789076232e-03,-9.340254312883529073e-03,-2.512660591063102869e-02
-1.570543677077023970e-01,-1.509620028722535694e-02,2.015834093582922690e-02,3.321499019397710327e-03,-9.412627995415697585e-03,-2.498156355248729379e-02
-1.570544081208579135e-01,-1.503470580743396061e-02,2.010358198403901231e-02,3.148502279371547235e-03,-9.485610909317149578e-03,-2.483594865793981379e-02
-1.570544479020962170e-01,-1.497261137511063031e-02,2.004810001634842534e-02,2.975033703710586522e-03,-9.559203054587885051e-03,-2.468976122698858522e-02
-1.570544870514173075e-01,-1.490991699025536431e-02,1.999189503275747293e-02,2.801093292414828188e-03,-9.633404431227904005e-03,-2.454300125963361501e-02
-1.570545255688212127e-01,-1.484662265286816260e-02,1.993496703326615507e-02,2.626681045484271799e-03,-9.708215039237209909e-03,-2.439566875587490316e-02
-1.570545634543079050e-01,-1.478272836294902519e-02,1.987731601787446484e-02,2.451796962918918656e-03,-9.783634878615797559e-03,-2.424776371571244274e-02
-1.570546007078774120e-01,-1.471823412049795207e-02,1.981894198658240569e-02,2.276441044718767893e-03,-9.859663949363668689e-03,-2.409928613914624068e-02
-1.570546373295296783e-01,-1.465313992551494325e-02,1.975984493938998110e-02,2.100613290883819075e-03,-9.936302251480825035e-03,-2.395023602617629005e-02
-1.570546733192647870e-01,-1.458744577799999873e-02,1.970002487629718760e-02,1.924313701414073069e-03,-1.001354978496726486e-02,-2.380061337680260125e-02
-1.570547086770826273e-01,-1.452115167795311849e-02,1.963948179730402865e-02,1.747542276309529225e-03,-1.009140654982298817e-02,-2.365041819102516388e-02
-1.570547434029833378e-01,-1.445425762537430429e-02,1.957821570241049733e-02,1.570299015570188412e-03,-1.016987254604799669e-02,-2.349965046884398140e-02
-1.570547774969667798e-01,-1.438676362026355265e-02,1.951622659161659709e-02,1.392583919196049326e-03,-1.024894777364228869e-02,-2.334831021025905728e-02
-1.570548109590330366e-01,-1.431866966262086704e-02,1.945351446492233141e-02,1.214396987187113270e-03,-1.032863223260586591e-02,-2.319639741527038806e-02
-1.570548437891821081e-01,-1.424997575244624400e-02,1.939007932232769335e-02,1.035738219543379810e-03,-1.040892592293872487e-02,-2.304391208387797027e-02
-1.570548759874139666e-01,-1.418068188973968698e-02,1.932592116383268985e-02,8.566076162648482949e-04,-1.048982884464087079e-02,-2.289085421608181084e-02
-1.570549075537286121e-01,-1.411078807450119425e-02,1.926103998943731743e-02,6.770051773515195926e-04,-1.057134099771229845e-02,-2.273722381188190977e-02
-1.570549384881260446e-01,-1.404029430673076236e-02,1.919543579914157611e-02,4.969309028033934861e-04,-1.065346238215300959e-02,-2.258302087127826360e-02
-1.570549687906063197e-01,-1.396920058642839996e-02,1.912910859294546934e-02,3.163847926204688913e-04,-1.073619299796300594e-02,-2.242824539427086886e-02
-1.570549984611693262e-01,-1.389750691359409838e-02,1.906205837084899365e-02,1.353668468027476512e-04,-1.081953284514228751e-02,-2.227289738085973594e-02
-1.570550274998151474e-01,-1.382521328822786458e-02,1.899428513285214906e-02,-4.612293464977112859e-05,-1.090348192369085083e-02,-2.211697683104485446e-02
-1.570550559065438112e-01,-1.375231971032969160e-02,1.892578887895493556e-02,-2.280845517370874481e-04,-1.098804023360869936e-02,-2.196048374482622786e-02
-1.570550836813552065e-01,-1.367882617989958811e-02,1.885656960915735314e-02,-4.105180044592013073e-04,-1.107320777489583311e-02,-2.180341812220385617e-02
-1.570551108242494442e-01,-1.360473269693754372e-02,1.878662732345940181e-02,-5.934232928161135194e-04,-1.115898454755225033e-02,-2.164577996317774630e-02
-1.570551373352264690e-01,-1.353003926144356710e-02,1.871596202186108504e-02,-7.768004168078224310e-04,-1.124537055157795104e-02,-2.148756926774788439e-02
-1.570551632142862808e-01,-1.345474587341765303e-02,1.864457370436239589e-02,-9.606493764343288552e-04,-1.133236578697293523e-02,-2.132878603591428432e-02
-1.570551884614288796e-01,-1.337885253285980500e-02,1.857246237096334129e-02,-1.144970171695632900e-03,-1.141997025373720463e-02,-2.116943026767693567e-02
-1.570552130766542653e-01,-1.330235923977001952e-02,1.849962802166391779e-02,-1.329762802591734350e-03,-1.150818395187075752e-02,-2.100950196303584191e-02
-1.570552370599624936e-01,-1.322526599414830181e-02,1.842607065646412537e-02,-1.515027269122634287e-03,-1.159700688137359215e-02,-2.084900112199100652e-02
-1.570552604113534811e-01,-1.314757279599464319e-02,1.835179027536396404e-02,-1.700763571288330979e-03,-1.168643904224571373e-02,-2.068792774454242603e-02
-1.570552831308272834e-01,-1.306927964530905407e-02,1.827678687836344074e-02,-1.886971709088825075e-03,-1.177648043448712052e-02,-2.052628183069010043e-02
-1.570553052183838449e-01,-1.299038654209152578e-02,1.820106046546254158e-02,-2.073651682524116791e-03,-1.186713105809780733e-02,-2.036406338043402972e-02
-1.570553266740232490e-01,-1.291089348634206525e-02,1.812461103666127699e-02,-2.260803491594206779e-03,-1.195839091307778108e-02,-2.020127239377422085e-02
-1.570553474977454123e-01,-1.283080047806066555e-02,1.804743859195964348e-02,-2.448427136299093521e-03,-1.205025999942703832e-02,-2.003790887071065993e-02
-1.570553676895503625e-01,-1.275010751724733361e-02,1.796954313135764106e-02,-2.636522616638777884e-03,-1.214273831714557904e-02,-1.987397281124335738e-02
-1.570553872494381553e-01,-1.266881460390206424e-02,1.789092465485527320e-02,-2.825089932613259868e-03,-1.223582586623340324e-02,-1.970946421537230972e-02
-1.570554061774087073e-01,-1.258692173802486089e-02,1.781158316245253295e-02,-3.014129084222539039e-03,-1.232952264669051438e-02,-1.954438308309752043e-02
-1.570554244734620741e-01,-1.250442891961571837e-02,1.773151865414942727e-02,-3.203640071466617133e-03,-1.242382865851690728e-02,-1.937872941441898256e-02
-1.570554421375982279e-01,-1.242133614867464535e-02,1.765073112994595614e-02,-3.393622894345491546e-03,-1.251874390171258539e-02,-1.921250320933669958e-02
-1.570554591698171965e-01,-1.233764342520163142e-02,1.756922058984211263e-02,-3.584077552859164014e-03,-1.261426837627754524e-02,-1.904570446785067844e-02
-1.570554755701189242e-01,-1.225335074919668699e-02,1.748698703383790021e-02,-3.775004047007632802e-03,-1.271040208221179031e-02,-1.887833318996090873e-02
-1.570554913385034945e-01,-1.216845812065980338e-02,1.740403046193331887e-02,-3.966402376790900512e-03,-1.280714501951532060e-02,-1.871038937566739391e-02
-1.570555064749707963e-01,-1.208296553959098581e-02,1.732035087412837210e-02,-4.158272542208964542e-03,-1.290449718818813263e-02,-1.854187302497013398e-02
-1.570555209795209406e-01,-1.199687300599023079e-02,1.723594827042305641e-02,-4.350614543261827061e-03,-1.300245858823023161e-02,-1.837278413786913589e-02
-1.570555348521538719e-01,-1.191018051985754354e-02,1.715082265081737181e-02,-4.543428379949488068e-03,-1.310102921964161234e-02,-1.820312271436438575e-02
-1.570555481192654479e-01,-1.182289832386163031e-02,1.706498159773576703e-02,-4.736680158804178198e-03,-1.320018451085428271e-02,-1.803292417806570680e-02
-1.570555617822899097e-01,-1.173541501586936563e-02,1.697871278171120962e-02,-4.929083991387610796e-03,-1.329899223813082662e-02,-1.786353246965858774e-02
-1.570555763518715620e-01,-1.164792874694228590e-02,1.689216288965667348e-02,-5.119984186609350535e-03,-1.339697704857070910e-02,-1.769563288182263855e-02
-1.570555918280104046e-01,-1.156043951708039114e-02,1.680533192157216207e-02,-5.309380744469399151e-03,-1.349413894217392842e-02,-1.752922541455785230e-02
-1.570556082107064100e-01,-1.147294732628368133e-02,1.671821987745766500e-02,-5.497273664967754908e-03,-1.359047791894047938e-02,-1.736431006786423245e-02
-1.570556254999595780e-01,-1.138545217455215822e-02,1.663082675731319612e-02,-5.683662948104418675e-03,-1.368599397887036891e-02,-1.720088684174177901e-02
-1.570556436957699642e-01,-1.129795406188582006e-02,1.654315256113874158e-02,-5.868548593879390450e-03,-1.378068712196359354e-02,-1.703895573619048850e-02
-1.570556627981375408e-01,-1.121045298828466687e-02,1.645519728893431177e-02,-6.051930602292669367e-03,-1.387455734822015327e-02,-1.687851675121036440e-02
-1.570556828070622801e-01,-1.112294895374869863e-02,1.636696094069989976e-02,-6.233808973344257161e-03,-1.396760465764004637e-02,-1.671956988680140324e-02
-1.570557037225441821e-01,-1.103544195827791709e-02,1.627844351643551249e-02,-6.414183707034152096e-03,-1.405982905022327804e-02,-1.656211514296360848e-02
-1.570557255445832745e-01,-1.094793200187232050e-02,1.618964501614113954e-02,-6.593054803362355908e-03,-1.415123052596984309e-02,-1.640615251969698013e-02
-1.570557482731795573e-01,-1.086041908453190888e-02,1.610056543981679480e-02,-6.770422262328866861e-03,-1.424180908487974496e-02,-1.625168201700151471e-02
-1.570557719083330306e-01,-1.077290320625668221e-02,1.601120478746246786e-02,-6.946286083933684956e-03,-1.433156472695298195e-02,-1.609870363487721570e-02
-1.570557964500436665e-01,-1.068538436704664224e-02,1.592156305907815872e-02,-7.120646268176811927e-03,-1.442049745218955403e-02,-1.594721737332408310e-02
-1.570558218983115206e-01,-1.059786256690178723e-02,1.583164025466387778e-02,-7.293502815058246040e-03,-1.450860726058946122e-02,-1.579722323234211342e-02
-1.570558482531365097e-01,-1.051033780582211717e-02,1.574143637421961117e-02,-7.464855724577989030e-03,-1.459589415215270525e-02,-1.564872121193131016e-02
-1.570558755145187169e-01,-1.042281008380763381e-02,1.565095141774536583e-02,-7.634704996736039161e-03,-1.468235812687928438e-02,-1.550171131209167157e-02
-1.570559036824580867e-01,-1.033527940085833367e-02,1.556018538524114175e-02,-7.803050631532397301e-03,-1.476799918476919861e-02,-1.535619353282319764e-02
-1.570559327569546193e-01,-1.024774575697422023e-02,1.546913827670694068e-02,-7.969892628967063450e-03,-1.485281732582244794e-02,-1.521216787412589012e-02
-1.570559627380083423e-01,-1.016020915215529175e-02,1.537781009214275740e-02,-8.135230989040037608e-03,-1.493681255003903412e-02,-1.506963433599974728e-02
-1.570559936256192557e-01,-1.007266958640154995e-02,1.528620083154859886e-02,-8.299065711751318908e-03,-1.501998485741895366e-02,-1.492859291844476910e-02
-1.570560254197873873e-01,-9.985127059712991388e-03,1.519431049492445812e-02,-8.461396797100907349e-03,-1.510233424796221177e-02,-1.478904362146095906e-02
-1.570560581205126538e-01,-9.897581572089619514e-03,1.510213908227033865e-02,-8.622224245088806402e-03,-1.518386072166880325e-02,-1.465098644504831196e-02
-1.570560917277951107e-01,-9.810033123531432600e-03,1.500968659358624044e-02,-8.781548055715010861e-03,-1.526456427853873157e-02,-1.451442138920682953e-02
-1.570561262416347581e-01,-9.722481714038432379e-03,1.491695302887216176e-02,-8.939368228979525932e-03,-1.534444491857199500e-02,-1.437934845393651351e-02
-1.570561616620315681e-01,-9.634927343610617118e-03,1.482393838812810609e-02,-9.095684764882344675e-03,-1.542350264176859179e-02,-1.424576763923736215e-02
-1.570561979889855686e-01,-9.547370012247995488e-03,1.473064267135407862e-02,-9.250497663423458417e-03,-1.550173744812851674e-02,-1.411367894510939108e-02
-1.570562352224967873e-01,-9.459809719950550144e-03,1.463706587855006375e-02,-9.403806924602894912e-03,-1.557914933765178894e-02,-1.398308237155256907e-02
-1.570562733625651408e-01,-9.372246466718291494e-03,1.454320800971607014e-02,-9.555612548420640284e-03,-1.565573831033839278e-02,-1.385397791856691346e-02
-1.570563124091906848e-01,-9.284680252551217802e-03,1.444906906485209433e-02,-9.705914534876692798e-03,-1.573150436618833345e-02,-1.372636558615242253e-02
-1.570563523623734192e-01,-9.197111077449329070e-03,1.435464904395814326e-02,-9.854712883971050719e-03,-1.580644750520161096e-02,-1.360024537430909626e-02
-1.570563932221133441e-01,-9.109538941412625296e-03,1.425994794703421172e-02,-1.000200759570372099e-02,-1.588056772737822184e-02,-1.347561728303693640e-02
-1.570564349884104316e-01,-9.021963844441108216e-03,1.416496577408029971e-02,-1.014779867007469666e-02,-1.595386503271816608e-02,-1.335248131233594295e-02
-1.570564776612646818e-01,-8.934385786534774360e-03,1.406970252509640897e-02,-1.029208610708398121e-02,-1.602633942122145064e-02,-1.323083746220611243e-02
-1.570565212406761779e-01,-8.846804767693627197e-03,1.397415820008253949e-02,-1.043486990673157290e-02,-1.609799089288806856e-02,-1.311068573264744831e-02
-1.570565657266448090e-01,-8.759220787917664994e-03,1.387833279903868955e-02,-1.057615006901747347e-02,-1.616881944771801985e-02,-1.299202612365994887e-02
-1.570566111191706304e-01,-8.671633847206887749e-03,1.378222632196486261e-02,-1.071592659394167944e-02,-1.623882508571131145e-02,-1.287485863524361410e-02
-1.570566574182536146e-01,-8.584043945561298933e-03,1.368583876886105520e-02,-1.085419948150419603e-02,-1.630800780686793641e-02,-1.275918326739844746e-02
-1.570567046238938169e-01,-8.496451082980891606e-03,1.358917013972726733e-02,-1.099096873170501976e-02,-1.637636761118789475e-02,-1.264500002012444377e-02
-1.570567527360911542e-01,-8.408855259465670973e-03,1.349222043456350245e-02,-1.112623434454415063e-02,-1.644390449867119339e-02,-1.253230889342160474e-02
-1.570568017548457096e-01,-8.321256475015638768e-03,1.339498965336975711e-02,-1.125999632002159037e-02,-1.651061846931782193e-02,-1.242110988728993039e-02
-1.570568516801574555e-01,-8.233654729630788052e-03,1.329747779614603304e-02,-1.139225465813733552e-02,-1.657650952312778730e-02,-1.231140300172942244e-02
-1.570569025120263640e-01,-8.146050023311124030e-03,1.319968486289232849e-02,-1.152300935889139302e-02,-1.664157766010109299e-02,-1.220318823674007916e-02
-1.570569542504524629e-01,-8.058442356056646702e-03,1.310161085360864695e-02,-1.165226042228375419e-02,-1.670582288023772857e-02,-1.209646559232190055e-02
-1.570570068954357246e-01,-7.970831727867352598e-03,1.300325576829498495e-02,-1.178000784831442598e-02,-1.676924518353770099e-02,-1.199123506847488835e-02
-1.570570604469761766e-01,-7.883218138743245187e-03,1.290461960695134420e-02,-1.190625163698340316e-02,-1.683184457000101025e-02,-1.188749666519904082e-02
-1.570571149050737914e-01,-7.795601588684321868e-03,1.280570236957772300e-02,-1.203099178829069096e-02,-1.689362103962765288e-02,-1.178525038249435969e-02
-1.570571702697286520e-01,-7.707982077690585243e-03,1.270650405617412479e-02,-1.215422830223628417e-02,-1.695457459241763234e-02,-1.168449622036084150e-02
-1.570572265409406476e-01,-7.620359605762032709e-03,1.260702466674054438e-02,-1.227596117882018625e-02,-1.701470522837094865e-02,-1.158523417879848971e-02
-1.570572837187098059e-01,-7.532734172898666869e-03,1.250726420127698871e-02,-1.239619041804239548e-02,-1.707401294748759832e-02,-1.148746425780730433e-02
-1.570573418030361545e-01,-7.445105779100486855e-03,1.240722265978344910e-02,-1.251491601990291531e-02,-1.713249774976758483e-02,-1.139118645738728362e-02
-1.570574007939196937e-01,-7.357474424367490932e-03,1.230690004225993596e-02,-1.263213798440173882e-02,-1.719015963521090817e-02,-1.129640077753842758e-02
-1.570574606913604232e-01,-7.269840108699680836e-03,1.220629634870643715e-02,-1.274785631153887468e-02,-1.724699860381756489e-02,-1.120310721826073622e-02
-1.570575223166062184e-01,-7.182159837195490476e-03,1.210536411626672929e-02,-1.286213185738910129e-02,-1.730306442464642561e-02,-1.111124782237718663e-02
-1.570575866818036126e-01,-7.094380620810184467e-03,1.200404484936758685e-02,-1.297503962399109215e-02,-1.735841843554899316e-02,-1.102075116059420684e-02
-1.570576537896481994e-01,-7.006502318419494287e-03,1.190233839221935958e-02,-1.308657981109571412e-02,-1.741306079988468036e-02,-1.093161704267612069e-02
-1.570577236401399790e-01,-6.918524930023422538e-03,1.180024474482205092e-02,-1.319675241870296202e-02,-1.746699151765348026e-02,-1.084384546862292645e-02
-1.570577962332789790e-01,-6.830448455621966619e-03,1.169776390717565916e-02,-1.330555744681284104e-02,-1.752021058885539634e-02,-1.075743643843462584e-02
-1.570578715690652272e-01,-6.742272895215129132e-03,1.159489587928018255e-02,-1.341299489542534598e-02,-1.757271801349043205e-02,-1.067238995211122060e-02
-1.570579496474986403e-01,-6.653998248802907474e-03,1.149164066113562283e-02,-1.351906476454048205e-02,-1.762451379155858047e-02,-1.058870600965270727e-02
-1.570580304685793016e-01,-6.565624516385304248e-03,1.138799825274198173e-02,-1.362376705415824577e-02,-1.767559792305984506e-02,-1.050638461105908930e-02
-1.570581140323071279e-01,-6.477151697962317718e-03,1.128396865409925405e-02,-1.372710176427863714e-02,-1.772597040799422582e-02,-1.042542575633036497e-02
-1.570582003386822023e-01,-6.388579793533947018e-03,1.117955186520744500e-02,-1.382906889490165964e-02,-1.777563124636172623e-02,-1.034582944546653255e-02
-1.570582893877044695e-01,-6.299908803100194750e-03,1.107474788606655283e-02,-1.392966844602730979e-02,-1.782458043816233587e-02,-1.026759567846759549e-02
-1.570583811793739848e-01,-6.211138726661059178e-03,1.096955671667657582e-02,-1.402890041765558760e-02,-1.787281798339606514e-02,-1.019072445533355034e-02
-1.570584757136906651e-01,-6.122269564216541171e-03,1.086397835703751570e-02,-1.412676480978649479e-02,-1.792034388206291406e-02,-1.011521577606439883e-02
-1.570585729906545935e-01,-6.033301315766638993e-03,1.075801280714937247e-02,-1.422326162242002964e-02,-1.796715813416287569e-02,-1.004106964066014268e-02
-1.570586730102656869e-01,-5.944233981311355247e-03,1.065166006701214613e-02,-1.431839085555619388e-02,-1.801326073969595348e-02,-9.968286049120778439e-03
-1.570587757725240285e-01,-5.855067560850689065e-03,1.054492013662583667e-02,-1.441215250919498751e-02,-1.805865169866214745e-02,-9.896865001446309568e-03
-1.570588812774295628e-01,-5.765802054384638713e-03,1.043779301599044237e-02,-1.450454658333640880e-02,-1.810333101106145759e-02,-9.826806497636734333e-03
-1.570589895249823176e-01,-5.676437461913205057e-03,1.033027870510596670e-02,-1.459557307798045947e-02,-1.814729867689388390e-02,-9.758110537692051001e-03
-1.570591005151822928e-01,-5.586973783436389833e-03,1.022237720397240618e-02,-1.468523199312713953e-02,-1.819055469615942291e-02,-9.690777121612263040e-03
-1.570592142480294884e-01,-5.497411018954191306e-03,1.011408851258976255e-02,-1.477352332877644552e-02,-1.823309906885808504e-02,-9.624806249397368715e-03
-1.570593307235238489e-01,-5.407749168466609475e-03,1.000541263095803581e-02,-1.486044708492838436e-02,-1.827493179498985987e-02,-9.560197921047366293e-03
-1.570594499416654577e-01,-5.317988231973645209e-03,9.896349559077225952e-03,-1.494600326158294738e-02,-1.831605287455474740e-02,-9.496952136562259242e-03
-1.570595719024542591e-01,-5.228128209475298507e-03,9.786899296947331253e-03,-1.503019185874014327e-02,-1.835646230755275804e-02,-9.435068895942047562e-03
-1.570596966058902810e-01,-5.138169100971567635e-03,9.677061844568355178e-03,-1.511301287639996507e-02,-1.839616009398387791e-02,-9.374548199186726050e-03
-1.570598240519735234e-01,-5.048110906462454327e-03,9.566837201940292523e-03,-1.519446631456241453e-02,-1.843514623384811743e-02,-9.315390046296299909e-03
-1.570599542407039584e-01,-4.957953625947958583e-03,9.456225369063150227e-03,-1.527455217322749685e-02,-1.847342072714547312e-02,-9.257594437270767404e-03
-1.570600871720815861e-01,-4.867697259428080403e-03,9.345226345936923085e-03,-1.535327045239520509e-02,-1.851098357387594498e-02,-9.201161372110126802e-03
-1.570602228461064620e-01,-4.777341806902818053e-03,9.233840132561611097e-03,-1.543062115206554098e-02,-1.854783477403952954e-02,-9.146090850814381570e-03
-1.570603612627785584e-01,-4.686887268372173267e-03,9.122066728937217733e-03,-1.550660427223850626e-02,-1.858397432763623375e-02,-9.092382873383529976e-03
-1.570605024220978474e-01,-4.596333643836146045e-03,9.009906135063739524e-03,-1.558121981291409920e-02,-1.861940223466605412e-02,-9.040037439817572018e-03
-1.570606463240643291e-01,-4.505680933294736387e-03,8.897358350941178204e-03,-1.565446777409232326e-02,-1.865411849512899067e-02,-8.989054550116507697e-03
-1.570607929686780591e-01,-4.414929136747942559e-03,8.784423376569535508e-03,-1.572634815577317671e-02,-1.868812310902503993e-02,-8.939434204280337012e-03
-1.570609423559389539e-01,-4.324078254195766295e-03,8.671101211948807966e-03,-1.579686095795665782e-02,-1.872141607635421229e-02,-8.891176402309058230e-03
-1.570610944858470970e-01,-4.233128285638208463e-03,8.557391857078995578e-03,-1.586600618064276311e-02,-1.875399739711649388e-02,-8.844281144202676553e-03
-1.570612493584024327e-01,-4.142079231075265593e-03,8.443295311960101815e-03,-1.593378382383150299e-02,-1.878586707131189165e-02,-8.798748429961186779e-03
-1.570614069736049889e-01,-4.050931090506940287e-03,8.328811576592123206e-03,-1.600019388752287053e-02,-1.881702509894040906e-02,-8.754578259584588906e-03
-1.570615673314547656e-01,-3.959683863933233412e-03,8.213940650975063221e-03,-1.606523637171686225e-02,-1.884747148000204264e-02,-8.711770633072886405e-03
-1.570617304319517349e-01,-3.868337551354142801e-03,8.098682535108918390e-03,-1.612891127641348857e-02,-1.887720621449678893e-02,-8.670325550426077540e-03
-1.570618962750958969e-01,-3.776892152769668887e-03,7.983037228993690448e-03,-1.619121860161274254e-02,-1.890622930242465485e-02,-8.630243011644162313e-03
-1.570620648608873071e-01,-3.685347668179812537e-03,7.867004732629377661e-03,-1.625215834731462416e-02,-1.893454074378563695e-02,-8.591523016727140721e-03
-1.570622361893259100e-01,-3.593704097584573317e-03,7.750585046015982631e-03,-1.631173051351913345e-02,-1.896214053857973175e-02,-8.554165565675012767e-03
-1.570624102604117334e-01,-3.501961440983951662e-03,7.633778169153504489e-03,-1.636993510022627038e-02,-1.898902868680694273e-02,-8.518170658487778449e-03
-1.570625870741447772e-01,-3.410119698377946703e-03,7.516584102041944104e-03,-1.642677210743603497e-02,-1.901520518846726987e-02,-8.483538295165437768e-03
-1.570627666305250136e-01,-3.318178869766558441e-03,7.399002844681298874e-03,-1.648224153514843415e-02,-1.904067004356072013e-02,-8.450268475707992458e-03
-1.570629489295524428e-01,-3.226138955149787310e-03,7.281034397071569665e-03,-1.653634338336345752e-02,-1.906542325208727962e-02,-8.418361200115439050e-03
-1.570631339712271202e-01,-3.133999954527634177e-03,7.162678759212758213e-03,-1.658907765208111201e-02,-1.908946481404695528e-02,-8.387816468387779278e-03
-1.570633217555490180e-01,-3.041761867900097741e-03,7.043935931104862783e-03,-1.664044434130139069e-02,-1.911279472943975058e-02,-8.358634280525013144e-03
-1.570635122825181085e-01,-2.949424695267178001e-03,6.924805912747884241e-03,-1.669044345102430396e-02,-1.913541299826565859e-02,-8.330814636527140646e-03
-1.570637055521343917e-01,-2.856988436628876259e-03,6.805288704141821722e-03,-1.673907498124984489e-02,-1.915731962052468276e-02,-8.304357536394161785e-03
-1.570639015643979230e-01,-2.764453091985190347e-03,6.685384305286676959e-03,-1.678633893197801000e-02,-1.917851459621682311e-02,-8.279262980126076560e-03
-1.570641003193086194e-01,-2.671818661336122433e-03,6.565092716182448218e-03,-1.683223530320880623e-02,-1.919899792534208310e-02,-8.255530967722886707e-03
-1.570643015224616190e-01,-2.579084896422175789e-03,6.444412934564201258e-03,-1.687676059884084950e-02,-1.921876713153105806e-02,-8.233164309721742458e-03
-1.570644980336790009e-01,-2.486245776226917153e-03,6.323320652585632563e-03,-1.691983002822428084e-02,-1.923776215560720274e-02,-8.212231169841394812e-03
-1.570646867996326468e-01,-2.393298726005146058e-03,6.201805475571480972e-03,-1.696140733264414266e-02,-1.925595731468487254e-02,-8.192760696683181951e-03
-1.570648678203225568e-01,-2.300243745756862506e-03,6.079867403521744748e-03,-1.700149251210042803e-02,-1.927335260876406053e-02,-8.174752890247103873e-03
-1.570650410957487308e-01,-2.207080835482066062e-03,5.957506436436424760e-03,-1.704008556659314041e-02,-1.928994803784477713e-02,-8.158207750533158845e-03
-1.570652066259111690e-01,-2.113809995180756726e-03,5.834722574315519272e-03,-1.707718649612227635e-02,-1.930574360192701538e-02,-8.143125277541350335e-03
-1.570653644108098990e-01,-2.020431224852935366e-03,5.711515817159030020e-03,-1.711279530068783930e-02,-1.932073930101077530e-02,-8.129505471271674874e-03
-1.570655144504448930e-01,-1.926944524498600897e-03,5.587886164966957003e-03,-1.714691198028982580e-02,-1.933493513509606035e-02,-8.117348331724132462e-03
-1.570656567448161234e-01,-1.833349894117753754e-03,5.463833617739298487e-03,-1.717953653492823932e-02,-1.934833110418286706e-02,-8.106653858898726570e-03
-1.570657912939236178e-01,-1.739647333710393718e-03,5.339358175476056206e-03,-1.721066896460307638e-02,-1.936092720827119196e-02,-8.097422052795451991e-03
-1.570659180977674041e-01,-1.645836843276521442e-03,5.214459838177230161e-03,-1.724030926931434393e-02,-1.937272344736104546e-02,-8.089652913414312196e-03
-1.570660371563474544e-01,-1.551918422816136274e-03,5.089138605842819484e-03,-1.726845744906203156e-02,-1.938371982145242062e-02,-8.083346440755308920e-03
-1.570661484696637689e-01,-1.457892072329238431e-03,4.963394478472824174e-03,-1.729511350384614621e-02,-1.939391633054531744e-02,-8.078502634818438694e-03
-1.570662520377163474e-01,-1.363757791815827913e-03,4.837227456067244233e-03,-1.732027743366668787e-02,-1.940331297463973939e-02,-8.075121495603701516e-03
-1.570663478605051899e-01,-1.269515581275904720e-03,4.710637538626080527e-03,-1.734394923852364961e-02,-1.941190975373568300e-02,-8.073203023111100857e-03
-1.570664359380302966e-01,-1.175165440709468635e-03,4.583624726149332189e-03,-1.736612891841704184e-02,-1.941970666783315175e-02,-8.072747217340633247e-03
-1.570665162702916673e-01,-1.080707370116520310e-03,4.456189018636999219e-03,-1.738681647334686109e-02,-1.942670371693214215e-02,-8.073754078292300421e-03
-1.570665888572893298e-01,-9.861413694970588752e-04,4.328330416089083352e-03,-1.740601190331310388e-02,-1.943290090103265422e-02,-8.076223605966100644e-03
-1.570666536990232287e-01,-8.914674388510850913e-04,4.200048918505581118e-03,-1.742371520831577023e-02,-1.943829822013468794e-02,-8.080155800362035651e-03
-1.570667107954933917e-01,-7.966855781785984157e-04,4.071344525886495987e-03,-1.743992638835486358e-02,-1.944289567423824680e-02,-8.085550661480105442e-03
-1.570667601466998464e-01,-7.017957874795991736e-04,3.942217238231826223e-03,-1.745464544343038049e-02,-1.944669326334332732e-02,-8.092408189320308282e-03
-1.570668017526425653e-01,-6.067980667540871483e-04,3.812667055541570961e-03,-1.746787237354232442e-02,-1.944969098744993297e-02,-8.100728383882647640e-03
-1.570668356133215482e-01,-5.116924160020625565e-04,3.682693977815732368e-03,-1.747960717869069536e-02,-1.945188884655806028e-02,-8.110511245167120048e-03
-1.570668617287367674e-01,-4.164788352235252898e-04,3.552298005054309576e-03,-1.748984985887548985e-02,-1.945328684066771271e-02,-8.121756773173725505e-03
-1.570668800988882785e-01,-3.211573244184749687e-04,3.421479137257302152e-03,-1.749860041409671135e-02,-1.945388496977888682e-02,-8.134464967902465746e-03
-1.570668907237760537e-01,-2.257278835869123523e-04,3.290237374424710530e-03,-1.750585884435435641e-02,-1.945368323389157911e-02,-8.148635829353340770e-03
-1.570668936034000929e-01,-1.301905127288370610e-04,3.158572716556534276e-03,-1.751162514964842848e-02,-1.945268163300580000e-02,-8.164269357526350579e-03
-1.570668887377603962e-01,-3.454521184424910160e-05,3.026485163652774257e-03,-1.751589932997892063e-02,-1.945088016712154255e-02,-8.181365552421493437e-03
-1.570668761268569635e-01,6.120801906685197991e-05,2.893974715713429173e-03,-1.751868138534584327e-02,-1.944827883623880677e-02,-8.199924414038771078e-03
-1.570668557706897950e-01,1.570691800044652958e-04,2.761041372738500324e-03,-1.751997131574919292e-02,-1.944487764035759611e-02,-8.219945942378183504e-03
-1.570668276692589183e-01,2.530382709685913408e-04,2.627685134727986843e-03,-1.751976912118896612e-02,-1.944067657947790365e-02,-8.241430137439730713e-03
-1.570667918225642778e-01,3.491152919592304402e-04,2.493906001681889164e-03,-1.751807480166516634e-02,-1.943567565359973978e-02,-8.264376999223410972e-03
-1.570667482306059293e-01,4.453002429763818350e-04,2.359703973600207286e-03,-1.751488835717779011e-02,-1.942987486272309758e-02,-8.288786527729224279e-03
-1.570666968933838170e-01,5.415931240200459046e-04,2.225079050482941211e-03,-1.751020978772683742e-02,-1.942327420684797704e-02,-8.314658722957174106e-03
-1.570666378108979966e-01,6.379939350902225949e-04,2.090031232330089635e-03,-1.750403909331231175e-02,-1.941587368597438162e-02,-8.341993584907256981e-03
-1.570665709831484402e-01,7.345026761869125021e-04,1.954560519141654729e-03,-1.749637627393421310e-02,-1.940767330010230787e-02,-8.370791113579474640e-03
-1.570664964101351480e-01,8.311193473101146506e-04,1.818666910917635191e-03,-1.748722132959253800e-02,-1.939867304923175231e-02,-8.401051308973825349e-03
-1.570664140918580920e-01,9.278439484598293655e-04,1.682350407658031672e-03,-1.747657426028728991e-02,-1.938887293336272535e-02,-8.432774171090312576e-03
-1.570663240283173279e-01,1.024676479636056972e-03,1.545611009362842870e-03,-1.746443506601846885e-02,-1.937827295249522006e-02,-8.465959699928932852e-03
-1.570662262195128278e-01,1.121616940838797470e-03,1.408448716032070520e-03,-1.745080374678606439e-02,-1.936687310662923642e-02,-8.500607895489687912e-03
-1.570661206654446196e-01,1.218665332068050210e-03,1.270863527665713972e-03,-1.743568030259009388e-02,-1.935467339576477791e-02,-8.536718757772576022e-03
-1.570660073661126477e-01,1.315821653323815841e-03,1.132855444263773008e-03,-1.741906473343054693e-02,-1.934167381990184106e-02,-8.574292286777598915e-03
-1.570658863215169398e-01,1.413085904606093931e-03,9.944244658262467625e-04,-1.740095703930742699e-02,-1.932787437904042935e-02,-8.613328482504754857e-03
-1.570657575316574961e-01,1.510458085914885345e-03,8.555705923531371857e-04,-1.738135722022073060e-02,-1.931327507318053929e-02,-8.653827344954047318e-03
-1.570656209965343442e-01,1.607938197250188567e-03,7.162938238444431938e-04,-1.736026527617046122e-02,-1.929787590232216743e-02,-8.695788874125472828e-03
-1.570654767161474563e-01,1.705526238612005115e-03,5.765941603001648952e-04,-1.733768120715661540e-02,-1.928167686646532417e-02,-8.739213070019031387e-03
-1.570653246904968048e-01,1.803222210000334554e-03,4.364716017203013683e-04,-1.731360501317919312e-02,-1.926467796561000256e-02,-8.784099932634726465e-03
-1.570651649195824173e-01,1.901026111415175801e-03,2.959261481048542394e-04,-1.728803669423819786e-02,-1.924687919975620262e-02,-8.830449461972556327e-03
-1.570649974034043217e-01,1.998937942856530373e-03,1.549577994538229664e-04,-1.726097625033362962e-02,-1.922828056890392781e-02,-8.878261658032517503e-03
-1.570648221419624901e-01,2.096957704324386995e-03,1.356655576722251132e-05,-1.723242368146549186e-02,-1.920888207305317813e-02,-8.927536520814609994e-03
-1.570646391352569504e-01,2.195085395818766050e-03,-1.282475829549774293e-04,-1.720237898763377071e-02,-1.918868371220394664e-02,-8.978274050318840738e-03
-1.570644499699454522e-01,2.293324793452068602e-03,-2.704921830038163090e-04,-1.717082948176846396e-02,-1.916768040830228378e-02,-9.030491927626668053e-03
-1.570642841294491165e-01,2.391746065291782113e-03,-4.133078418943614274e-04,-1.713753941156963279e-02,-1.914577780048341143e-02,-9.084518704217158305e-03
-1.570641527195471843e-01,2.490375642160462793e-03,-5.567475197280565046e-04,-1.710241997414690268e-02,-1.912294034501122938e-02,-9.140478138462953400e-03
-1.570640557402397108e-01,2.589213524058110640e-03,-7.008112165049019742e-04,-1.706547116950026671e-02,-1.909916804188573417e-02,-9.198370230364049868e-03
-1.570639931915266685e-01,2.688259710984724788e-03,-8.454989322248974027e-04,-1.702669299762972141e-02,-1.907446089110693271e-02,-9.258194979920447709e-03
-1.570639650734080295e-01,2.787514202940306104e-03,-9.908106668880430068e-04,-1.698608545853527024e-02,-1.904881889267481809e-02,-9.319952387132146923e-03
-1.570639713858838493e-01,2.886976999924854154e-03,-1.136746420494338678e-03,-1.694364855221691321e-02,-1.902224204658939724e-02,-9.383642451999149245e-03
-1.570640121289541002e-01,2.986648101938369805e-03,-1.283306193043784850e-03,-1.689938227867465032e-02,-1.899473035285066669e-02,-9.449265174521451205e-03
-1.570640873026187267e-01,3.086527508980851757e-03,-1.430489984536380656e-03,-1.685328663790848502e-02,-1.896628381145862297e-02,-9.516820554699056273e-03
-1.570641969068778399e-01,3.186615221052300443e-03,-1.578297794972126963e-03,-1.680536162991840693e-02,-1.893690242241327301e-02,-9.586308592531964448e-03
-1.570643409417313563e-01,3.286911238152715863e-03,-1.726729624351023120e-03,-1.675560725470442991e-02,-1.890658618571460989e-02,-9.657729288020170527e-03
-1.570645194071793316e-01,3.387415560282098451e-03,-1.875785472673069778e-03,-1.670402351226654356e-02,-1.887533510136263706e-02,-9.731082641163681449e-03
-1.570647323032217102e-01,3.488128187440448207e-03,-2.025465339938266069e-03,-1.665061040260474787e-02,-1.884314916935735454e-02,-9.806368651962493743e-03
-1.570649796298585199e-01,3.589049119627764697e-03,-2.175769226146612861e-03,-1.659536792571905325e-02,-1.881002838969876578e-02,-9.883587320416607411e-03
-1.570652613870897885e-01,3.690178356844047922e-03,-2.326697131298109938e-03,-1.653829608160944931e-02,-1.877597276238686386e-02,-9.962738646526022451e-03
-1.570655775749154603e-01,3.791515899089298747e-03,-2.478249055392756865e-03,-1.647939487027593949e-02,-1.874098228742165570e-02,-1.004382263029074060e-02
-1.570659281933355633e-01,3.893061746363515440e-03,-2.630424998430554509e-03,-1.641866429171852035e-02,-1.870505696480313437e-02,-1.012683927171075839e-02
-1.570663132423500974e-01,3.994815898666699734e-03,-2.783224960411501137e-03,-1.635610434593720228e-02,-1.866819679453130681e-02,-1.021178857078608102e-02
-1.570667327219590625e-01,4.096778355998850762e-03,-2.936648941335598915e-03,-1.629171503293197487e-02,-1.863040177660616609e-02,-1.029867052751670328e-02
-1.570671866321624865e-01,4.198949118359968091e-03,-3.090696941202846545e-03,-1.622549635270284160e-02,-1.859167191102771913e-02,-1.038748514190262692e-02
-1.570676749729603139e-01,4.301328185750052588e-03,-3.245368960013244458e-03,-1.615744830524979900e-02,-1.855200719779595900e-02,-1.047823241394385367e-02
-1.570681977443525723e-01,4.403915558169104252e-03,-3.400664997766791788e-03,-1.608757089057285400e-02,-1.851140763691089264e-02,-1.057091234364038179e-02
-1.570687549463392618e-01,4.506711235617122217e-03,-3.556585054463490270e-03,-1.601586410867200314e-02,-1.846987322837251311e-02,-1.066552493099221129e-02
-1.570693465789204102e-01,4.609715218094107350e-03,-3.713129130103338168e-03,-1.594232795954724294e-02,-1.842740397218082388e-02,-1.076207017599934215e-02
-1.570699726420959341e-01,4.712927505600059651e-03,-3.870297224686336784e-03,-1.586696244319858035e-02,-1.838399986833582495e-02,-1.086054807866177613e-02
-1.570706331358659169e-01,4.816348098134979987e-03,-4.028089338212485250e-03,-1.578976755962601189e-02,-1.833966091683751631e-02,-1.096095863897950974e-02
-1.570713280602303585e-01,4.919976995698865756e-03,-4.186505470681782699e-03,-1.571074330882953757e-02,-1.829438711768590145e-02,-1.106330185695254820e-02
-1.570720574151891757e-01,5.023814198291718693e-03,-4.345545622094232167e-03,-1.562988969080915391e-02,-1.824817847088097342e-02,-1.116757773258088629e-02
-1.570728212007424518e-01,5.127859705913537930e-03,-4.505209792449831052e-03,-1.554720670556486786e-02,-1.820103497642273915e-02,-1.127378626586452576e-02
-1.570736194168901589e-01,5.232113518564325202e-03,-4.665497981748580221e-03,-1.546269435309667595e-02,-1.815295663431119172e-02,-1.138192745680346833e-02
-1.570744520636322972e-01,5.336575636244078776e-03,-4.826410189990479674e-03,-1.537635263340457296e-02,-1.810394344454633458e-02,-1.149200130539771228e-02
-1.570753191409688665e-01,5.441246058952799516e-03,-4.987946417175528543e-03,-1.528818154648856932e-02,-1.805399540712817122e-02,-1.160400781164725760e-02
-1.570762206488998669e-01,5.546124786690486558e-03,-5.150106663303728564e-03,-1.519818109234865808e-02,-1.800311252205669468e-02,-1.171794697555210429e-02
-1.570771565874252984e-01,5.651211819457140767e-03,-5.312890928375077135e-03,-1.510635127098484271e-02,-1.795129478933190845e-02,-1.183381879711225410e-02
-1.570781269565451610e-01,5.756507157252762144e-03,-5.476299212389576856e-03,-1.501269208239711800e-02,-1.789854220895381598e-02,-1.195162327632770527e-02
-1.570791317562594269e-01,5.862010800077349822e-03,-5.640331515347226862e-03,-1.491720352658548916e-02,-1.784485478092240687e-02,-1.207136041319845782e-02
-1.570801709865681517e-01,5.967722747930904667e-03,-5.804987837248027152e-03,-1.481988560354995446e-02,-1.779023250523769153e-02,-1.219303020772451347e-02
-1.570812446474713076e-01,6.073643000813425813e-03,-5.970268178091977726e-03,-1.472073831329051216e-02,-1.773467538189966997e-02,-1.231663265990586703e-02
-1.570823527389688945e-01,6.179771558724914994e-03,-6.136172537879077717e-03,-1.461976165580716573e-02,-1.767818341090833523e-02,-1.244216776974252717e-02
-1.570834952610609125e-01,6.286108421665370476e-03,-6.302700916609327124e-03,-1.451695563109991344e-02,-1.762075659226369079e-02,-1.256963553723448694e-02
-1.570846722137473339e-01,6.392653589634793125e-03,-6.469853314282728550e-03,-1.441232023916875701e-02,-1.756239492596574012e-02,-1.269903596238174635e-02
-1.570858835970282141e-01,6.499407062633182942e-03,-6.637629730899279393e-03,-1.430585548001368952e-02,-1.750309841201447628e-02,-1.283036904518431061e-02
-1.570871294109035254e-01,6.606368840660539060e-03,-6.806030166458979652e-03,-1.419756135363471963e-02,-1.744286705040990273e-02,-1.296363478564217624e-02
-1.570884096553732401e-01,6.713538923716862346e-03,-6.975054620961831063e-03,-1.408743786003184388e-02,-1.738170084115202296e-02,-1.309883318375534324e-02
-1.570897243304374136e-01,6.820917311802151932e-03,-7.144703094407831891e-03,-1.397548499920506226e-02,-1.731959978424083002e-02,-1.323596423952381161e-02
-1.570910734360960181e-01,6.928504004916408686e-03,-7.314975586796983870e-03,-1.386170277115437131e-02,-1.725656387967632738e-02,-1.337502795294758309e-02
-1.570924569723490261e-01,7.036299003059632608e-03,-7.485872098129284398e-03,-1.374609117587977797e-02,-1.719259312745851503e-02,-1.351602432402665421e-02
-1.570938749391964928e-01,7.144302306231822830e-03,-7.657392628404736078e-03,-1.362865021338127876e-02,-1.712768752758739299e-02,-1.365895335276102671e-02
-1.570953273366383351e-01,7.252513914432981088e-03,-7.829537177623337174e-03,-1.350937988365887021e-02,-1.706184708006296125e-02,-1.380381503915070404e-02
-1.570968141646746641e-01,7.360933827663105646e-03,-8.002305745785089422e-03,-1.338828018671255754e-02,-1.699507178488521980e-02,-1.395060938319568275e-02
-1.570983252740268399e-01,7.469556720835723168e-03,-8.175688616343173079e-03,-1.326536361456515968e-02,-1.692736155853649671e-02,-1.409930426139296283e-02
-1.570996711933718426e-01,7.578283182828265442e-03,-8.349504396407291321e-03,-1.314086337394809560e-02,-1.685871484187118075e-02,-1.424929997766083249e-02
-1.571007803835065830e-01,7.687075678712595485e-03,-8.523684596970114088e-03,-1.301486751736173099e-02,-1.678913104619842236e-02,-1.440037010311738357e-02
-1.571016528444310334e-01,7.795934208488712429e-03,-8.698229218031643117e-03,-1.288737604480606237e-02,-1.671861017151821463e-02,-1.455251463776261432e-02
-1.571022885761452215e-01,7.904858772156617142e-03,-8.873138259591876673e-03,-1.275838895628109322e-02,-1.664715221783056101e-02,-1.470573358159652476e-02
-1.571026875786491472e-01,8.013849369716311358e-03,-9.048411721650816489e-03,-1.262790625178681833e-02,-1.657475718513545457e-02,-1.486002693461911488e-02
-1.571028498519427830e-01,8.122906001167790740e-03,-9.224049604208460831e-03,-1.249592793132324291e-02,-1.650142507343290571e-02,-1.501539469683038468e-02
-1.571027753960261286e-01,8.232028666511058759e-03,-9.400051907264811435e-03,-1.236245399489036521e-02,-1.642715588272291097e-02,-1.517183686823033589e-02
-1.571024642108992120e-01,8.341217365746115414e-03,-9.576418630819868300e-03,-1.222748444248818352e-02,-1.635194961300546340e-02,-1.532935344881896506e-02
-1.571019162965620330e-01,8.450472098872957236e-03,-9.753149774873629690e-03,-1.209101927411670128e-02,-1.627580626428057342e-02,-1.548794443859627563e-02
-1.571011316530145641e-01,8.559792865891589428e-03,-9.930245339426097342e-03,-1.195305848977591505e-02,-1.619872583654823756e-02,-1.564760983756226589e-02
-1.571001102802568050e-01,8.669179666802008521e-03,-1.010770532447726779e-02,-1.181360208946582654e-02,-1.612070832980845234e-02,-1.580834964571693757e-02
-1.570988521782887837e-01,8.778632501604212782e-03,-1.028552973002714623e-02,-1.167265007318643577e-02,-1.604175374406121776e-02,-1.597016386306028546e-02
-1.570973573471105000e-01,8.888151370298207413e-03,-1.046371855607572919e-02,-1.153020244093774273e-02,-1.596186207930653730e-02,-1.613305248959231650e-02
-1.570956257867219263e-01,8.997736272883987210e-03,-1.064227180262301842e-02,-1.138625919271974568e-02,-1.588103333554441096e-02,-1.629701552531302722e-02
-1.570936574971230626e-01,9.107387209361555644e-03,-1.082118946966901217e-02,-1.124082032853244810e-02,-1.579926751277483873e-02,-1.646205297022241762e-02
-1.570914524783139643e-01,9.217104179730910979e-03,-1.100047155721371045e-02,-1.109388584837584651e-02,-1.571656461099781368e-02,-1.662816482432048423e-02
-1.570890107302945482e-01,9.326887183992056685e-03,-1.118011806525711846e-02,-1.094545575224994440e-02,-1.563292463021334622e-02,-1.679535108760723400e-02
-1.570863322530648976e-01,9.436736222144987557e-03,-1.136012899379922753e-02,-1.079553004015473654e-02,-1.554834757042143287e-02,-1.696361176008266344e-02
-1.570834170466249569e-01,9.546651294189705331e-03,-1.154050434284004285e-02,-1.064410871209022988e-02,-1.546283343162206669e-02,-1.713294684174677604e-02
-1.570802651109747539e-01,9.656632400126213475e-03,-1.172124411237956444e-02,-1.049119176805641748e-02,-1.537638221381525810e-02,-1.730335633259956485e-02
-1.570768764461142331e-01,9.766679539954508521e-03,-1.190234830241779229e-02,-1.033677920805330282e-02,-1.528899391700100190e-02,-1.747484023264103334e-02
-1.570732510520434777e-01,9.876792713674588733e-03,-1.208381691295472467e-02,-1.018087103208088762e-02,-1.520066854117929633e-02,-1.764739854187118151e-02
-1.570693889287624323e-01,9.986971921286459317e-03,-1.226564994399036157e-02,-1.002346724013917015e-02,-1.511140608635014315e-02,-1.782103126029001283e-02
-1.570652900762710968e-01,1.009721716279011507e-02,-1.244784739552470647e-02,-9.864567832228148675e-03,-1.502120655251354582e-02,-1.799573838789752037e-02
-1.570609544945694991e-01,1.020752843818555945e-02,-1.263040926755775416e-02,-9.704172808347823198e-03,-1.493006993966949913e-02,-1.817151992469371105e-02
-1.570563821836576390e-01,1.031790574747279074e-02,-1.281333556008950811e-02,-9.542282168498197187e-03,-1.483799624781800656e-02,-1.834837587067857795e-02
-1.570515731435354889e-01,1.042834909065181240e-02,-1.299662627311996832e-02,-9.378895912679270641e-03,-1.474498547695906638e-02,-1.852630622585212800e-02
-1.570465273742030488e-01,1.053885846772261922e-02,-1.318028140664913132e-02,-9.214014040891038357e-03,-1.465103762709267857e-02,-1.870531099021436119e-02
-1.570412448756603463e-01,1.064943387868521295e-02,-1.336430096067700406e-02,-9.047636553133503803e-03,-1.455615269821884314e-02,-1.888539016376527060e-02
-1.570357256479073815e-01,1.076007532353959704e-02,-1.354868493520357785e-02,-8.879763449406666981e-03,-1.446033069033756009e-02,-1.906654374650485623e-02
-1.570299696909441267e-01,1.087078280228576804e-02,-1.373343333022885963e-02,-8.710394729710527889e-03,-1.436357160344883289e-02,-1.924877173843312500e-02
-1.570239770047706096e-01,1.098155631492372421e-02,-1.391854614575284768e-02,-8.539530394045088263e-03,-1.426587543755265808e-02,-1.943207413955007692e-02
-1.570177475893868302e-01,1.109239586145347074e-02,-1.410402338177554026e-02,-8.367170442410342898e-03,-1.416724219264903391e-02,-1.961645094985570159e-02
-1.570112814447927607e-01,1.120330144187500244e-02,-1.428986503829693909e-02,-8.193314874806295264e-03,-1.406767186873796212e-02,-1.980190216935001288e-02
-1.570045785709884012e-01,1.131427305618832278e-02,-1.447607111531704072e-02,-8.017963691232947096e-03,-1.396716446581944444e-02,-1.998842779803300038e-02
-1.569976389679737794e-01,1.142531070439343002e-02,-1.466264161283585034e-02,-7.841116891690296659e-03,-1.386571998389347915e-02,-2.017602783590467103e-02
-1.569904626357488675e-01,1.153641438649032590e-02,-1.484957653085336449e-02,-7.662774476178341350e-03,-1.376333842296006624e-02,-2.036470228296502136e-02
-1.569830495743136933e-01,1.164758410247901041e-02,-1.503687586936958316e-02,-7.482936444697083772e-03,-1.366001978301920744e-02,-2.055445113921404790e-02
-1.569753997836682569e-01,1.175881985235948009e-02,-1.522453962838450983e-02,-7.301602797246525660e-03,-1.355576406407090276e-02,-2.074527440465175412e-02
-1.569675132638125303e-01,1.187012163613174014e-02,-1.541256780789814103e-02,-7.118773533826665278e-03,-1.345057126611514872e-02,-2.093717207927814350e-02
-1.569593900147465138e-01,1.198148945379578535e-02,-1.560096040791047675e-02,-6.934448654437500026e-03,-1.334444138915194707e-02,-2.113014416309321256e-02
-1.569510300364702349e-01,1.209292330535161920e-02,-1.578971742842151527e-02,-6.748628159079032504e-03,-1.323737443318129953e-02,-2.132419065609696129e-02
-1.569424333289836937e-01,1.220442319079923822e-02,-1.597883886943126525e-02,-6.561312047751264448e-03,-1.312937039820320437e-02,-2.151931155828938971e-02
-1.569335998922868625e-01,1.231598911013864935e-02,-1.616832473093971628e-02,-6.372500320454193255e-03,-1.302042928421765985e-02,-2.171550686967049781e-02
-1.569245297263797689e-01,1.242762106336984564e-02,-1.635817501294687185e-02,-6.182192977187818059e-03,-1.291055109122467119e-02,-2.191277659024028560e-02
-1.569152228312623854e-01,1.253931905049282883e-02,-1.654838971545273887e-02,-5.990390017952140593e-03,-1.279973581922423664e-02,-2.211112071999875653e-02
-1.569056792069347395e-01,1.265108307150760066e-02,-1.673896883845731043e-02,-5.797091442747160858e-03,-1.268798346821635101e-02,-2.231053925894590020e-02
-1.568958988533968313e-01,1.276291312641416112e-02,-1.692991238196058304e-02,-5.602297251572878854e-03,-1.257529403820101949e-02,-2.251103220708173050e-02
-1.568859283683351202e-01,1.287473196418870147e-02,-1.712106573544444274e-02,-5.406265166896364292e-03,-1.246174502216486520e-02,-2.271215981265057790e-02
-1.568761354875262970e-01,1.298592994157735971e-02,-1.731120875638254147e-02,-5.211029061612512669e-03,-1.234794797286394019e-02,-2.291045167904135968e-02
-1.568665989925893955e-01,1.309637645208040768e-02,-1.750008004838686515e-02,-5.017024661070535255e-03,-1.223403390587884942e-02,-2.310516432824271174e-02
-1.568573188835244159e-01,1.320607149569784887e-02,-1.768767961145742418e-02,-4.824251965270429446e-03,-1.212000282120959463e-02,-2.329629776025463408e-02
-1.568482951603313857e-01,1.331501507242968153e-02,-1.787400744559421162e-02,-4.632710974212197845e-03,-1.200585471885617234e-02,-2.348385197507712671e-02
-1.568395278230102774e-01,1.342320718227590394e-02,-1.805906355079723094e-02,-4.442401687895839585e-03,-1.189158959881858255e-02,-2.366782697271019309e-02
-1.568310168715610908e-01,1.353064782523651782e-02,-1.824284792706648561e-02,-4.253324106321352931e-03,-1.177720746109682699e-02,-2.384822275315382975e-02
-1.568227623059838538e-01,1.363733700131152492e-02,-1.842536057440196523e-02,-4.065478229488741352e-03,-1.166270830569090568e-02,-2.402503931640803322e-02
-1.568147641262785386e-01,1.374327471050092175e-02,-1.860660149280368020e-02,-3.878864057398001379e-03,-1.154809213260081686e-02,-2.419827666247281045e-02
-1.568070223324451729e-01,1.384846095280471007e-02,-1.878657068227163052e-02,-3.693481590049134747e-03,-1.143335894182656402e-02,-2.436793479134815796e-02
-1.567995369244837012e-01,1.395289572822288986e-02,-1.896526814280580578e-02,-3.509330827442141455e-03,-1.131850873336814368e-02,-2.453401370303407922e-02
-1.567923079023942068e-01,1.405657903675546112e-02,-1.914269387440621639e-02,-3.326411769577021504e-03,-1.120354150722555758e-02,-2.469651339753056729e-02
-1.567853352661766064e-01,1.415951087840242560e-02,-1.931884787707285542e-02,-3.144724416453774894e-03,-1.108845726339880398e-02,-2.485543387483762565e-02
-1.567786190158309556e-01,1.426169125316377982e-02,-1.949373015080572633e-02,-2.964268768072401191e-03,-1.097325600188788462e-02,-2.501077513495525428e-02
-1.567721591513572266e-01,1.436312016103952552e-02,-1.966734069560482565e-02,-2.785044824432900395e-03,-1.085793772269279950e-02,-2.516253717788346014e-02
-1.567659556727554471e-01,1.446379760202966269e-02,-1.983967951147016032e-02,-2.607052585535272506e-03,-1.074250242581354688e-02,-2.531072000362222935e-02
-1.567600085800255894e-01,1.456372357613418961e-02,-2.001074659840172687e-02,-2.430292051379518391e-03,-1.062695011125012849e-02,-2.545532361217157230e-02
-1.567543178731676534e-01,1.466289808335311147e-02,-2.018054195639952531e-02,-2.254763221965637183e-03,-1.051128077900254434e-02,-2.559634800353148554e-02
-1.567488835521816670e-01,1.476132112368642307e-02,-2.034906558546355215e-02,-2.080466097293629316e-03,-1.039549442907079443e-02,-2.573379317770197253e-02
-1.567437056170676024e-01,1.485899269713412442e-02,-2.051631748559381088e-02,-1.907400677363493705e-03,-1.027959106145487703e-02,-2.586765913468302633e-02
-1.567387840678254596e-01,1.495591280369621898e-02,-2.068229765679030149e-02,-1.735566962175232519e-03,-1.016357067615479386e-02,-2.599794587447465041e-02
-1.567341189044552663e-01,1.505208144337270328e-02,-2.084700609905302399e-02,-1.564964951728843373e-03,-1.004743327317054319e-02,-2.612465339707684825e-02
-1.567297101269569948e-01,1.514749861616358079e-02,-2.101044281238197836e-02,-1.395594646024327567e-03,-9.931178852502128493e-03,-2.624778170248961984e-02
-1.567255577353306728e-01,1.524216432206884977e-02,-2.117260779677716115e-02,-1.227456045061685536e-03,-9.814807414149546300e-03,-2.636733079071295477e-02
-1.567216617295762726e-01,1.533607856108850850e-02,-2.133350105223857582e-02,-1.060549148840915761e-03,-9.698318958112796609e-03,-2.648330066174686345e-02
-1.567180221096937942e-01,1.542924133322256044e-02,-2.149312257876622584e-02,-8.948739573620193271e-04,-9.581713484391881155e-03,-2.659569131559134242e-02
-1.567146388756832653e-01,1.552165263847100213e-02,-2.165147237636010427e-02,-7.304304706249968842e-04,-9.464990992986801674e-03,-2.670450275224639167e-02
-1.567115120275446583e-01,1.561331247683383702e-02,-2.180855044502021459e-02,-5.672186886298465893e-04,-9.348151483897552960e-03,-2.680973497171201467e-02
-1.567086415652779730e-01,1.570422084831104778e-02,-2.196435678474653944e-02,-4.052386113765880666e-04,-9.231194957124154096e-03,-2.691138797398819407e-02
-1.567060274888832372e-01,1.579437775290266910e-02,-2.211889139553911351e-02,-2.444902388651839110e-04,-9.114121412666573857e-03,-2.700946175907495764e-02
-1.567036697983604232e-01,1.588378319060867669e-02,-2.227215427739791601e-02,-8.497357109565385497e-05,-8.996930850524826120e-03,-2.710395632697229495e-02
-1.567015684937095310e-01,1.597243716142907749e-02,-2.242414543032295385e-02,7.331139193200405298e-05,-8.879623270698914356e-03,-2.719487167768019908e-02
-1.566997235749306161e-01,1.606033966536386456e-02,-2.257486485431422010e-02,2.303646502177888371e-04,-8.762198673188835094e-03,-2.728220781119867350e-02
-1.566981350420235952e-01,1.614749070241304832e-02,-2.272431254937171824e-02,3.861862037616996301e-04,-8.644657057994588334e-03,-2.736596472752772166e-02
-1.566968028949884961e-01,1.623389027257662182e-02,-2.287248851549544826e-02,5.407760525637379497e-04,-8.526998425116177546e-03,-2.744614242666734011e-02
-1.566957271338253466e-01,1.631953837585458505e-02,-2.301939275268541016e-02,6.941341966239033623e-04,-8.409222774553600996e-03,-2.752274090861752537e-02
-1.566949077585341465e-01,1.640443501224694151e-02,-2.316502526094160394e-02,8.462606359421946754e-04,-8.291330106306855213e-03,-2.759576017337828438e-02
-1.566943447691148406e-01,1.648858018175368770e-02,-2.330938604026402614e-02,9.971553705186138403e-04,-8.173320420375947137e-03,-2.766520022094961367e-02
-1.566940381655674841e-01,1.657197388437482710e-02,-2.345247509065268021e-02,1.146818400353158797e-03,-8.055193716760869829e-03,-2.773106105133151672e-02
-1.566939879478920494e-01,1.665461612011035972e-02,-2.359429241210756617e-02,1.295249725445831715e-03,-7.936949995461626758e-03,-2.779334266452398658e-02
-1.566941941160885643e-01,1.673650688896028207e-02,-2.373483800462868401e-02,1.442449345796631291e-03,-7.818589256478217925e-03,-2.785204506052702672e-02
-1.566946566701570009e-01,1.681764619092459764e-02,-2.387411186821603373e-02,1.588417261405557094e-03,-7.700111499810641594e-03,-2.790716823934064408e-02
-1.566953756100973594e-01,1.689803402600329948e-02,-2.401211400286961534e-02,1.733153472272609555e-03,-7.581516725458899500e-03,-2.795871220096482479e-02
-1.566963509359096673e-01,1.697767039419639454e-02,-2.414884440858942535e-02,1.876657978397790845e-03,-7.462804933422991643e-03,-2.800667694539957925e-02
-1.566975826475938971e-01,1.705655529550388280e-02,-2.428430308537546725e-02,2.018930779781096842e-03,-7.343976123702917157e-03,-2.805106247264490399e-02
-1.566990707451500764e-01,1.713468872992576081e-02,-2.441849003322774797e-02,2.159971876422530149e-03,-7.225030296298676907e-03,-2.809186878270079901e-02
-1.567008152285781775e-01,1.721207069746203203e-02,-2.455140525214625363e-02,2.299781268322091850e-03,-7.105967451210269160e-03,-2.812909587556726432e-02
-1.567028160978782003e-01,1.728870119811269299e-02,-2.468304874213098771e-02,2.438358955479778909e-03,-6.986787588437695651e-03,-2.816274375124429991e-02
-1.567050298974527467e-01,1.736456810498475042e-02,-2.481340546424339391e-02,2.575714754442907234e-03,-6.867502859163731634e-03,-2.819286644012837864e-02
-1.567072332690416514e-01,1.743960908682782099e-02,-2.494239811955408642e-02,2.711899121471684094e-03,-6.748175719486246976e-03,-2.821974165409274482e-02
-1.567093945899304674e-01,1.751381531888062185e-02,-2.507001576420112704e-02,2.846919200084791889e-03,-6.628815011842243039e-03,-2.824340871115159357e-02
-1.567115138601192226e-01,1.758718680114315300e-02,-2.519625839818450883e-02,2.980774990282231487e-03,-6.509420736231719823e-03,-2.826386761130492489e-02
-1.567135910796079168e-01,1.765972353361541791e-02,-2.532112602150423525e-02,3.113466492064002455e-03,-6.389992892654676460e-03,-2.828111835455274226e-02
-1.567156262483965778e-01,1.773142551629740965e-02,-2.544461863416030284e-02,3.244993705430104357e-03,-6.270531481111112082e-03,-2.829516094089504219e-02
-1.567176193664851780e-01,1.780229274918913168e-02,-2.556673623615271507e-02,3.375356630380538063e-03,-6.151036501601029292e-03,-2.830599537033182816e-02
-1.567195704338737172e-01,1.787232523229058401e-02,-2.568747882748147193e-02,3.504555266915303138e-03,-6.031507954124427223e-03,-2.831362164286309324e-02
-1.567214794505621678e-01,1.794152296560176316e-02,-2.580684640814656997e-02,3.632589615034399581e-03,-5.911945838681305007e-03,-2.831803975848884436e-02
-1.567233464165505852e-01,1.800988594912267954e-02,-2.592483897814801264e-02,3.759459674737827828e-03,-5.792350155271662644e-03,-2.831924971720907805e-02
-1.567251713318389139e-01,1.807741418285332274e-02,-2.604145653748579300e-02,3.885165446025587010e-03,-5.672720903895499267e-03,-2.831725151902379431e-02
-1.567269541964272095e-01,1.814410766679369624e-02,-2.615669908615992495e-02,4.009706928897677561e-03,-5.553058084552817478e-03,-2.831204516393299314e-02
-1.567286950103154164e-01,1.820996640094380004e-02,-2.627056662417039459e-02,4.133084123354099915e-03,-5.433361697243616409e-03,-2.830363065193667801e-02
-1.567303937735035901e-01,1.827499038530363065e-02,-2.638305915151720887e-02,4.255297029394853638e-03,-5.313631741967894326e-03,-2.829200798303484199e-02
-1.567320504859916752e-01,1.833917961987319503e-02,-2.649417666820036779e-02,4.376345647019937862e-03,-5.193868218725652963e-03,-2.827717715722749547e-02
-1.567336651477797271e-01,1.840253410465249317e-02,-2.660391917421986788e-02,4.496229976229354323e-03,-5.074071127516892321e-03,-2.825913817451462806e-02
-1.567352377588677459e-01,1.846505383964151814e-02,-2.671228666957571607e-02,4.614950017023102154e-03,-4.954240468341611532e-03,-2.823789103489624669e-02
-1.567367683192556482e-01,1.852673882484026993e-02,-2.681927915426790196e-02,4.732505769401181353e-03,-4.834376241199811464e-03,-2.821343573837234442e-02
-1.567382568289435174e-01,1.858758906024875548e-02,-2.692489662829643249e-02,4.848897233363591922e-03,-4.714478446091490381e-03,-2.818577228494293166e-02
-1.567397032879313257e-01,1.864760454586696786e-02,-2.702913909166130418e-02,4.964124408910333859e-03,-4.594547083016650886e-03,-2.815490067460799800e-02
-1.567411076962190730e-01,1.870678528169491747e-02,-2.713200654436252399e-02,5.078187296041407166e-03,-4.474582151975291244e-03,-2.812082090736754691e-02
-1.567424700538067595e-01,1.876513126773259391e-02,-2.723349898640008496e-02,5.191085894756811842e-03,-4.354583652967410588e-03,-2.808353298322158534e-02
-1.567437903606943572e-01,1.882264250397999716e-02,-2.733361641777399056e-02,5.302820205056547886e-03,-4.234551585993012388e-03,-2.804303690217010286e-02
-1.567450686168819218e-01,1.887931899043713418e-02,-2.743235883848423387e-02,5.413390226940615300e-03,-4.114485951052092305e-03,-2.799933266421310643e-02
-1.567463048223694255e-01,1.893516072710399803e-02,-2.752972624853082528e-02,5.522795960409014084e-03,-3.994386748144653811e-03,-2.795242026935059257e-02
-1.567474989771568683e-01,1.899016771398059911e-02,-2.762571864791376133e-02,5.631037405461745103e-03,-3.874253977270694736e-03,-2.790229971758255781e-02
-1.567486510812442779e-01,1.904433995106692354e-02,-2.772033603663303508e-02,5.738114562098806624e-03,-3.754087638430216381e-03,-2.784897100890901256e-02
-1.567497611346315989e-01,1.909767743836298173e-02,-2.781357841468865694e-02,5.844027430320199515e-03,-3.633887731623217879e-03,-2.779243414332994641e-02
-1.567508291373188589e-01,1.915018017586876675e-02,-2.790544578208061996e-02,5.948776010125925509e-03,-3.513654256849699665e-03,-2.773268912084536630e-02
-1.567518550893060580e-01,1.920184816358428553e-02,-2.799593813880892762e-02,6.052360301515981138e-03,-3.393387214109661737e-03,-2.766973594145526877e-02
-1.567528389905931963e-01,1.925268140150953461e-02,-2.808505548487357645e-02,6.154780304490369003e-03,-3.273086603403104096e-03,-2.760357460515965380e-02
-1.567537808411803013e-01,1.930267988964451398e-02,-2.817279782027456991e-02,6.256036019049087370e-03,-3.152752424730026742e-03,-2.753420511195852141e-02
-1.567546806410673177e-01,1.935184362798922017e-02,-2.825916514501190455e-02,6.356127445192137973e-03,-3.032384678090429674e-03,-2.746162746185187506e-02
-1.567555383902542732e-01,1.940017261654365666e-02,-2.834415745908558729e-02,6.455054582919519078e-03,-2.911983363484312894e-03,-2.738584165483971128e-02
-1.567563540887411677e-01,1.944766685530782691e-02,-2.842777476249561119e-02,6.552817432231232420e-03,-2.791548480911675532e-03,-2.730684769092203007e-02
-1.567571277365280291e-01,1.949432634428172745e-02,-2.851001705524197280e-02,6.649415993127277130e-03,-2.671080030372519325e-03,-2.722464557009883143e-02
-1.567578593336148296e-01,1.954015108346535481e-02,-2.859088433732468251e-02,6.744850265607652343e-03,-2.550578011866842972e-03,-2.713923529237011883e-02
-1.567585488800015414e-01,1.958514107285871594e-02,-2.867037660874373686e-02,6.839120249672359791e-03,-2.430042425394647338e-03,-2.705061685773589228e-02
-1.567591963756881923e-01,1.962929631246180390e-02,-2.874849386949913238e-02,6.932225945321398609e-03,-2.309473270955930690e-03,-2.695879026619614482e-02
-1.567598018206748101e-01,1.967261680227462214e-02,-2.882523611959086907e-02,7.024167352554769664e-03,-2.188870548550695197e-03,-2.686375551775087994e-02
-1.567603652149613391e-01,1.971510254229717762e-02,-2.890060335901895386e-02,7.114944471372471220e-03,-2.068234258178940424e-03,-2.676551261240010110e-02
-1.567608865585478073e-01,1.975675353252945646e-02,-2.897459558778337635e-02,7.204557301774503278e-03,-1.947564399840665287e-03,-2.666406155014380483e-02
-1.567613658514342423e-01,1.979756977297146558e-02,-2.904721280588414695e-02,7.293005843760868440e-03,-1.826860973535870437e-03,-2.655940233098199113e-02
-1.567618030936205886e-01,1.983755126362320501e-02,-2.911845501332126218e-02,7.380290097331564103e-03,-1.706123979264555224e-03,-2.645153495491466347e-02
-1.567621982851069018e-01,1.987669800448467472e-02,-2.918832221009471511e-02,7.466410062486591136e-03,-1.585353417026720948e-03,-2.634045942194181492e-02
-1.567625514258931541e-01,1.991500999555587473e-02,-2.925681439620451268e-02,7.551365739225949537e-03,-1.464549286822366741e-03,-2.622617573206345240e-02
-1.567628625159793454e-01,1.995248723683681197e-02,-2.932393157165065489e-02,7.635157127549639308e-03,-1.343711588651493039e-03,-2.610868388527957246e-02
-1.567631315553654758e-01,1.998912972832747256e-02,-2.938967373643314174e-02,7.717784227457660448e-03,-1.222840322514098538e-03,-2.598798388159017855e-02
-1.567633734433826476e-01,2.002493612423286024e-02,-2.945403250650583185e-02,7.799210438819770448e-03,-1.102008787128073248e-03,-2.586418978128844290e-02
-1.567636172379016646e-01,2.005990379987560024e-02,-2.951699153062945988e-02,7.879364381126189448e-03,-9.813599355324971810e-04,-2.573752403390715260e-02
-1.567638636926817208e-01,2.009403268717174437e-02,-2.957855038465396005e-02,7.958244202771237036e-03,-8.608974759197130433e-04,-2.560799240977242389e-02
-1.567641128077227886e-01,2.012732278612128570e-02,-2.963870906857933238e-02,8.035849903754908874e-03,-7.406214082897213773e-04,-2.547559490888425329e-02
-1.567643645830249510e-01,2.015977409672422421e-02,-2.969746758240557338e-02,8.112181484077208432e-03,-6.205317326425218577e-04,-2.534033153124264429e-02
-1.567646190185880972e-01,2.019138661898056339e-02,-2.975482592613269348e-02,8.187238943738130506e-03,-5.006284489781147014e-04,-2.520220227684759340e-02
-1.567648761144123104e-01,2.022216035289030323e-02,-2.981078409976068225e-02,8.261022282737680300e-03,-3.809115572964998000e-04,-2.506120714569910063e-02
-1.567651358704975628e-01,2.025209529845344372e-02,-2.986534210328954317e-02,8.333531501075856079e-03,-2.613810575976771534e-04,-2.491734613779716598e-02
-1.567653982868438267e-01,2.028119145566998141e-02,-2.991849993671927971e-02,8.404766598752657844e-03,-1.420369498816467617e-04,-2.477061925314179291e-02
-1.567656633634511576e-01,2.030944882453991976e-02,-2.997025760004988840e-02,8.474727575768083859e-03,-2.287923414840873325e-05,-2.462102649173297797e-02
-1.567659311003195277e-01,2.033686740506325530e-02,-3.002061509328136577e-02,8.543414432122135860e-03,9.609208960203723007e-05,-2.446856785357072114e-02
-1.567662014974489371e-01,2.036344719723999150e-02,-3.006957241641371528e-02,8.610827167814815580e-03,2.148770213696907217e-04,-2.431324333865502244e-02
-1.567664745548393579e-01,2.038918820107012836e-02,-3.011712956944694389e-02,8.676965782846119551e-03,3.334755611545521482e-04,-2.415505294698588531e-02
-1.567667502724908457e-01,2.041409041655366241e-02,-3.016328655238103770e-02,8.741830277216047773e-03,4.518877089566211030e-04,-2.399399667856330631e-02
-1.567670286504033728e-01,2.043815384369059712e-02,-3.020804336521600714e-02,8.805420650924603715e-03,5.701134647758978029e-04,-2.383007453338728890e-02
-1.567673096885769390e-01,2.046137848248092903e-02,-3.025140000795184872e-02,8.867736903971787377e-03,6.881528286123824107e-04,-2.366328651145782613e-02
-1.567675933870115168e-01,2.048376433292466159e-02,-3.029335648058856592e-02,8.928779036357593554e-03,8.060058004660745467e-04,-2.349363261277492496e-02
-1.567678797457071893e-01,2.050531139502179481e-02,-3.033391278312615180e-02,8.988547048082025717e-03,9.236723803369744279e-04,-2.332111283733858537e-02
-1.567681687646638455e-01,2.052601966877232523e-02,-3.037306891556460983e-02,9.047040939145083865e-03,1.041152568225082054e-03,-2.314572718514880043e-02
-1.567684604438815688e-01,2.054588915417625630e-02,-3.041082487790394348e-02,9.104260709546769734e-03,1.158446364130397751e-03,-2.296747565620557707e-02
-1.567687547833603035e-01,2.056491985123358804e-02,-3.044718067014414581e-02,9.160206359287078118e-03,1.275553768052920759e-03,-2.278635825050891184e-02
-1.567690517831001329e-01,2.058311175994431697e-02,-3.048213629228522029e-02,9.214877888366015957e-03,1.392474779992651512e-03,-2.260237496805880819e-02
-1.567693514431009461e-01,2.060046488030844655e-02,-3.051569174432717038e-02,9.268275296783576311e-03,1.509209399949590011e-03,-2.241552580885526266e-02
-1.567696537633628262e-01,2.061697921232597680e-02,-3.054784702626999263e-02,9.320398584539764386e-03,1.625757627923736254e-03,-2.222581077289827525e-02
-1.567699587438857456e-01,2.063265475599690424e-02,-3.057860213811368355e-02,9.371247751634576711e-03,1.742119463915090677e-03,-2.203322986018784596e-02
-1.567702663846697042e-01,2.064749151132123581e-02,-3.060795707985825009e-02,9.420822798068016757e-03,1.858294907923652411e-03,-2.183778307072397826e-02
-1.567705766857146743e-01,2.066148947829896110e-02,-3.063591185150369225e-02,9.469123723840081053e-03,1.974283959949421890e-03,-2.163947040450666867e-02
-1.567708896470207114e-01,2.067464865693008705e-02,-3.066246645305000310e-02,9.516150528950771334e-03,2.090086619992399114e-03,-2.143829186153591720e-02
-1.567712052685877877e-01,2.068696904721461366e-02,-3.068762088449718609e-02,9.561903213400087601e-03,2.205702888052584083e-03,-2.123424744181172732e-02
-1.567715235504159033e-01,2.069845064915253746e-02,-3.071137514584523776e-02,9.606381777188029852e-03,2.321132764129977231e-03,-2.102733714533409556e-02
-1.567718444925050303e-01,2.070909346274386192e-02,-3.073372923709416851e-02,9.649586220314596355e-03,2.436376248224577257e-03,-2.081756097210302192e-02
-1.567721680948552243e-01,2.071889748798858358e-02,-3.075468315824397489e-02,9.691516542779790577e-03,2.551433340336385462e-03,-2.060491892211850640e-02
-1.567724943574664298e-01,2.072786272488670936e-02,-3.077423690929464301e-02,9.732172744583609050e-03,2.666304040465401412e-03,-2.038941099538055246e-02
-1.567728232803387023e-01,2.073598917343822887e-02,-3.079239049024619021e-02,9.771554825726055243e-03,2.780988348611624673e-03,-2.017103719188915664e-02
-1.567731548634720140e-01,2.074327683364315250e-02,-3.080914390109860609e-02,9.809662786207125687e-03,2.895486264775056114e-03,-1.994979751164432241e-02
-1.567734891068663372e-01,2.074972570550147333e-02,-3.082449714185189760e-02,9.846496626026822116e-03,3.009797788955695299e-03,-1.972569195464604283e-02
-1.567738260105217274e-01,2.075533578901319134e-02,-3.083845021250606472e-02,9.882056345185144530e-03,3.123922921153542663e-03,-1.949872052089432484e-02
-1.567741655744381568e-01,2.076010708417831349e-02,-3.085100311306109358e-02,9.916341943682092930e-03,3.237861661368597339e-03,-1.926888321038916496e-02
-1.567745077986156255e-01,2.076403959099683283e-02,-3.086215584351700500e-02,9.949353421517665580e-03,3.351614009600859326e-03,-1.903618002313056667e-02
-1.567748526830541056e-01,2.076713330946874936e-02,-3.087190840387378857e-02,9.981090778691865950e-03,3.465179965850329492e-03,-1.880061095911852651e-02
-1.567752002277536527e-01,2.076938823959406655e-02,-3.088026079413143735e-02,1.001155401520469231e-02,3.578559530117006969e-03,-1.856217601835304445e-02
-1.567755504327142113e-01,2.077080438137278440e-02,-3.088721301428996521e-02,1.004074313105614291e-02,3.691752702400892625e-03,-1.832087520083412052e-02
-1.567759032979358369e-01,2.077138173480490291e-02,-3.089276506434936523e-02,1.006865812624621950e-02,3.804759482701986027e-03,-1.807670850656175818e-02
-1.567762588234185017e-01,2.077112029989041861e-02,-3.089691694430963045e-02,1.009529900077492208e-02,3.917579871020286306e-03,-1.782967593553595395e-02
-1.567766170091622058e-01,2.077002007662933150e-02,-3.089966865417077824e-02,1.012066575464225238e-02,4.030213867355795197e-03,-1.757977748775670784e-02
-1.567769778551669213e-01,2.076808106502164852e-02,-3.090102019393278776e-02,1.014475838784820519e-02,4.142661471708510533e-03,-1.732701316322402332e-02
-1.567773413614327038e-01,2.076530326506736274e-02,-3.090097156359567637e-02,1.016757690039278399e-02,4.254922684078435782e-03,-1.707138296193789692e-02
-1.567777075279594978e-01,2.076168667676647414e-02,-3.089952276315944060e-02,1.018912129227599050e-02,4.366997504465568343e-03,-1.681288688389832864e-02
-1.567780813540179397e-01,2.075724229294723458e-02,-3.089669178080521952e-02,1.020940600476189127e-02,4.478879645618865507e-03,-1.655158036809236191e-02
-1.567785305446166566e-01,2.075211898923379900e-02,-3.089272223006316737e-02,1.022862661556290034e-02,4.590483959439776128e-03,-1.628821422346661205e-02
-1.567790764654070079e-01,2.074636374626684723e-02,-3.088769098798947732e-02,1.024684484308512750e-02,4.701783575765738216e-03,-1.602302538259846310e-02
-1.567797191163889381e-01,2.073997656404637235e-02,-3.088159805458414245e-02,1.026406068732857099e-02,4.812778494596753505e-03,-1.575601384548790118e-02
-1.567804584975625581e-01,2.073295744257238477e-02,-3.087444342984717663e-02,1.028027414829323603e-02,4.923468715932820261e-03,-1.548717961213493671e-02
-1.567812946089277570e-01,2.072530638184487753e-02,-3.086622711377856598e-02,1.029548522597911915e-02,5.033854239773938484e-03,-1.521652268253956622e-02
-1.567822274504845903e-01,2.071702338186384718e-02,-3.085694910637831745e-02,1.030969392038622034e-02,5.143935066120109041e-03,-1.494404305670179317e-02
-1.567832570222330579e-01,2.070810844262930064e-02,-3.084660940764642756e-02,1.032290023151453962e-02,5.253711194971331065e-03,-1.466974073462161236e-02
-1.567843833241731599e-01,2.069856156414123793e-02,-3.083520801758289978e-02,1.033510415936407870e-02,5.363182626327605423e-03,-1.439361571629902727e-02
-1.567856063563048408e-01,2.068838274639965211e-02,-3.082274493618773065e-02,1.034630570393483412e-02,5.472349360188931248e-03,-1.411566800173403614e-02
-1.567869261186281837e-01,2.067757198940455357e-02,-3.080922016346092016e-02,1.035650486522681109e-02,5.581211396555309408e-03,-1.383589759092663900e-02
-1.567883426111431611e-01,2.066612929315593539e-02,-3.079463369940247872e-02,1.036570164324000266e-02,5.689768735426726891e-03,-1.355430448387687052e-02
-1.567898558338497172e-01,2.065405465765379756e-02,-3.077898554401238898e-02,1.037389603797441578e-02,5.798021376803207984e-03,-1.327088868058466306e-02
-1.567914657867479356e-01,2.064134808289813661e-02,-3.076227569729066483e-02,1.038108804943004698e-02,5.905969320684742278e-03,-1.298565018105004958e-02
-1.567931724698377327e-01,2.062800956888896295e-02,-3.074450415923729932e-02,1.038727767760689452e-02,6.013612567071327172e-03,-1.269858898527303354e-02
-1.567949758831191920e-01,2.061403911562626964e-02,-3.072567092985229592e-02,1.039246492250496361e-02,6.120951115962964401e-03,-1.240970509325361321e-02
-1.567968760265922856e-01,2.059943672311005322e-02,-3.070577600913564770e-02,1.039664978412425077e-02,6.227984967359653963e-03,-1.211899850499178512e-02
-1.567988729002569581e-01,2.058420239134032409e-02,-3.068481939708736506e-02,1.039983226246475427e-02,6.334714121261394992e-03,-1.182646922048755100e-02
-1.568009665041132927e-01,2.056833612031707531e-02,-3.066280109370744106e-02,1.040201235752647932e-02,6.441138577668186621e-03,-1.153211723974091260e-02
-1.568031568381612617e-01,2.055183791004030341e-02,-3.063972109899587917e-02,1.040319006930942244e-02,6.547258336580032319e-03,-1.123594256275186991e-02
-1.568054439024008095e-01,2.053470776051001534e-02,-3.061557941295267593e-02,1.040336539781358191e-02,6.653073397996928616e-03,-1.093794518952042119e-02
-1.568078276968320195e-01,2.051694567172621109e-02,-3.059037603557783133e-02,1.040253834303896119e-02,6.758583761918877247e-03,-1.063812512004656645e-02
-1.568103082214548638e-01,2.049855164368888372e-02,-3.056411096687134885e-02,1.040070890498556028e-02,6.863789428345877346e-03,-1.033648235433030742e-02
-1.568128854762692870e-01,2.047952567639804364e-02,-3.053678420683322847e-02,1.039787708365337397e-02,6.968690397277929778e-03,-1.003301689237164410e-02
-1.568155594612753723e-01,2.045986776985368391e-02,-3.050839575546346674e-02,1.039404287904240921e-02,7.073286668715033677e-03,-9.727728734170573016e-03
-1.568183301764730364e-01,2.043957792405580107e-02,-3.047894561276206712e-02,1.038920629115266427e-02,7.177578242657189043e-03,-9.420617879727099381e-03
-1.568211976218623627e-01,2.041865613900440551e-02,-3.044843377872902615e-02,1.038336731998413393e-02,7.281565119104397611e-03,-9.111684329041217986e-03
-1.568241617974433233e-01,2.039710241469948684e-02,-3.041686025336434729e-02,1.037652596553682513e-02,7.385247298056656778e-03,-8.800928082112930567e-03
-1.568272227032158628e-01,2.037491675114104853e-02,-3.038422503666802707e-02,1.036868222781073441e-02,7.488624779513969147e-03,-8.488349138942240593e-03
-1.568303803391800644e-01,2.035209914832909750e-02,-3.035052812864006896e-02,1.035983610680586177e-02,7.591697563476331248e-03,-8.173947499529146329e-03
-1.568336347053358726e-01,2.032864960626362683e-02,-3.031576952928046950e-02,1.034998760252220720e-02,7.694465649943746550e-03,-7.857723163873644306e-03
-1.568369858016832874e-01,2.030456812494463303e-02,-3.027994923858923215e-02,1.033913671495977245e-02,7.796929038916214187e-03,-7.539676131975736259e-03
-1.568404336282223643e-01,2.027985470437212306e-02,-3.024306725656635345e-02,1.032728344411855403e-02,7.899087730393734158e-03,-7.219806403835424789e-03
-1.568439781849530479e-01,2.025450934454609692e-02,-3.020512358321183685e-02,1.031442778999855717e-02,8.000941724376304728e-03,-6.898113979452706428e-03
-1.568476194718753380e-01,2.022853204546655112e-02,-3.016611821852567890e-02,1.030056975259977664e-02,8.102491020863926766e-03,-6.574598858827584644e-03
-1.568513574889892903e-01,2.020192280713348221e-02,-3.012605116250788653e-02,1.028570933192221419e-02,8.203735619856602004e-03,-6.249261041960055968e-03
-1.568551922362948492e-01,2.017468162954690059e-02,-3.008492241515844934e-02,1.026984652796587155e-02,8.304675521354328710e-03,-5.922100528850122135e-03
-1.568591237137920147e-01,2.014680851270679932e-02,-3.004273197647737426e-02,1.025298134073074872e-02,8.405310725357106882e-03,-5.593117319497784880e-03
-1.568631519214808423e-01,2.011830345661317493e-02,-2.999947984646465782e-02,1.023511377021684224e-02,8.505641231864936522e-03,-5.262311413903040733e-03
-1.568672768593612488e-01,2.008916646126603436e-02,-2.995516602512030349e-02,1.021624381642415383e-02,8.605667040877817628e-03,-4.929682812065892296e-03
-1.568714985274333173e-01,2.005939752666537762e-02,-2.990979051244431128e-02,1.019637147935268696e-02,8.705388152395751936e-03,-4.595231513986336967e-03
-1.568758169256969925e-01,2.002899665281120123e-02,-2.986335330843667424e-02,1.017549675900243644e-02,8.804804566418739445e-03,-4.258957519664376482e-03
-1.568802320541522743e-01,1.999796383970350519e-02,-2.981585441309740625e-02,1.015361965537340400e-02,8.903916282946776686e-03,-3.920860829100012573e-03
-1.568847439127992183e-01,1.996629908734229297e-02,-2.976729382642648997e-02,1.013074016846559136e-02,9.002723301979865395e-03,-3.580941442293241773e-03
-1.568893525016377688e-01,1.993400239572755764e-02,-2.971767154842393927e-02,1.010685829827899680e-02,9.101225623518007304e-03,-3.239199359244067551e-03
-1.568940578206679259e-01,1.990107376485930959e-02,-2.966698757908974721e-02,1.008197404481362032e-02,9.199423247561202416e-03,-2.895634579952485570e-03
-1.568988598698897174e-01,1.986751319473753843e-02,-2.961524191842391726e-02,1.005608740806946191e-02,9.297316174109445525e-03,-2.550247104418501033e-03
-1.569037586493031433e-01,1.983332068536225110e-02,-2.956243456642644596e-02,1.002919838804652505e-02,9.394904403162741835e-03,-2.203036932642108738e-03
-1.569087541589081758e-01,1.979849623673344411e-02,-2.950856552309733330e-02,1.000130698474480280e-02,9.492187934721091347e-03,-1.854004064623311718e-03
-1.569138463987048704e-01,1.976303984885112094e-02,-2.945363478843658622e-02,9.972413198164300357e-03,9.589166768784492326e-03,-1.503148500362110410e-03
-1.569190334282241639e-01,1.972695166500176497e-02,-2.939764260817576483e-02,9.942517421638817285e-03,9.685840764242333728e-03,-1.150472581011742880e-03
-1.569241720651215755e-01,1.969024225793639116e-02,-2.934060711423116738e-02,9.911648678283657005e-03,9.782199508896303672e-03,-7.961490544023424503e-04
-1.569291735599042392e-01,1.965291818102087376e-02,-2.928253954540727122e-02,9.879824957654529186e-03,9.878236548896789440e-03,-4.402849957627743616e-04
-1.569340379125722107e-01,1.961497943425522320e-02,-2.922343990170410757e-02,9.847046259751449440e-03,9.973951884243759808e-03,-8.288040509315738880e-05
-1.569387651231254621e-01,1.957642601763941517e-02,-2.916330818312163828e-02,9.813312584574398686e-03,1.006934551493725641e-02,2.760647176066671413e-04
-1.569433551915639935e-01,1.953725793117347745e-02,-2.910214438965989456e-02,9.778623932123390802e-03,1.016441744097724108e-02,6.365503723365396882e-04
-1.569478081178877493e-01,1.949747517485738574e-02,-2.903994852131884866e-02,9.742980302398417114e-03,1.025916766236375025e-02,9.985765590966202802e-04
-1.569521239020968406e-01,1.945707774869116086e-02,-2.897672057809853527e-02,9.706381695399488030e-03,1.035359617909674575e-02,1.362143277886748889e-03
-1.569563025441911841e-01,1.941606565267478199e-02,-2.891246055999891623e-02,9.668828111126586203e-03,1.044770299117626748e-02,1.727250528707085760e-03
-1.569603440441708075e-01,1.937443888680826995e-02,-2.884716846702002624e-02,9.630319549579732449e-03,1.054148809860227555e-02,2.093898311557469347e-03
-1.569642484020357109e-01,1.933219745109160739e-02,-2.878084429916183407e-02,9.590856010758909422e-03,1.063495150137480985e-02,2.462086626438063364e-03
-1.569680156177858943e-01,1.928934134552480820e-02,-2.871348805642436400e-02,9.550437494664129265e-03,1.072809319949383049e-02,2.831815473348702795e-03
-1.569716456914213576e-01,1.924587057010785501e-02,-2.864509973880759869e-02,9.509064001295381569e-03,1.082091319295937562e-02,3.203084852289552874e-03
-1.569751386229420731e-01,1.920178512484076866e-02,-2.857567934631155548e-02,9.466735530652680211e-03,1.091341148177140882e-02,3.575894763260447501e-03
-1.569784944123480686e-01,1.915708500972353179e-02,-2.850522687893621357e-02,9.423452082736004376e-03,1.100558806592996826e-02,3.950245206261554509e-03
-1.569817130596393717e-01,1.911177022475616175e-02,-2.843374233668160070e-02,9.379213657545380084e-03,1.109744294543501229e-02,4.326136181292704330e-03
-1.569847945648159271e-01,1.906584076993863425e-02,-2.836122571954768218e-02,9.334020255080781314e-03,1.118897612028658256e-02,4.703567688354066967e-03
-1.569877389278777902e-01,1.901929664527097705e-02,-2.828767702753449270e-02,9.287871875342230618e-03,1.128018759048463916e-02,5.082539727445474151e-03
-1.569905461488248777e-01,1.897213785075316586e-02,-2.821309626064199758e-02,9.240768518329708914e-03,1.137107735602922200e-02,5.463052298567091548e-03
-1.569932162276572729e-01,1.892436438638522150e-02,-2.813748341887023149e-02,9.192710184043235283e-03,1.146164541692028943e-02,5.845105401718754361e-03
-1.569957491643749758e-01,1.887597625216711969e-02,-2.806083850221916323e-02,9.143696872482785440e-03,1.155189177315788657e-02,6.228699036900629989e-03
-1.569981449589779310e-01,1.882697344809888818e-02,-2.798316151068882748e-02,9.093728583648388875e-03,1.164181642474196657e-02,6.613833204112546695e-03
-1.570004036114661383e-01,1.877735597418050614e-02,-2.790445244427918262e-02,9.042805317540016097e-03,1.173141937167257280e-02,7.000507903354678818e-03
-1.570025251218396256e-01,1.872712383041198747e-02,-2.782471130299027026e-02,8.990927074157693127e-03,1.182070061394966710e-02,7.388723134626852887e-03
-1.570045094900984206e-01,1.867627701679331134e-02,-2.774393808682205226e-02,8.938093853501397415e-03,1.190966015157328764e-02,7.778478897929240639e-03
-1.570063567162424956e-01,1.862481553332450898e-02,-2.766213279577455983e-02,8.884305655571151511e-03,1.199829798454339277e-02,8.169775193261669469e-03
-1.570080732733963036e-01,1.857274591430803715e-02,-2.757930618342784024e-02,8.829570866402687568e-03,1.208661290814574789e-02,8.562590469339907348e-03
-1.570102930114013196e-01,1.852070800014304214e-02,-2.749651124281043274e-02,8.774710648542297792e-03,1.217448695648358156e-02,8.954814419454379393e-03
-1.570134349783650074e-01,1.846912479938922144e-02,-2.741444412418882551e-02,8.720267885475359998e-03,1.226184214044558074e-02,9.345051886620606846e-03
-1.570174991742873671e-01,1.841799631204654383e-02,-2.733310482756298385e-02,8.666242577201848166e-03,1.234867846003178359e-02,9.733302870838764914e-03
-1.570224855991684265e-01,1.836732253811504054e-02,-2.725249335293294592e-02,8.612634723721788316e-03,1.243499591524214846e-02,1.011956737210867839e-02
-1.570283942530081855e-01,1.831710347759468380e-02,-2.717260970029867703e-02,8.559444325035157897e-03,1.252079450607671528e-02,1.050384539043051901e-02
-1.570352251358066442e-01,1.826733913048549790e-02,-2.709345386966020841e-02,8.506671381141979460e-03,1.260607423253544759e-02,1.088613692580411851e-02
-1.570429782475637470e-01,1.821802949678746203e-02,-2.701502586101750189e-02,8.454315892042226985e-03,1.269083509461838358e-02,1.126644197822964689e-02
-1.570516535882795772e-01,1.816917457650059353e-02,-2.693732567437060257e-02,8.402377857735924757e-03,1.277507709232548333e-02,1.164476054770693068e-02
-1.570612511579541071e-01,1.812077436962487506e-02,-2.686035330971947230e-02,8.350857278223053695e-03,1.285880022565678502e-02,1.202109263423614335e-02
-1.570717709565873088e-01,1.807282887616032396e-02,-2.678410876706413882e-02,8.299754153503632881e-03,1.294200449461225047e-02,1.239543823781711490e-02
-1.570832129841792102e-01,1.802533809610692636e-02,-2.670859204640457091e-02,8.249068483577641497e-03,1.302468989919191786e-02,1.276779735845001013e-02
-1.570955772407297835e-01,1.797830202946469613e-02,-2.663380314774080673e-02,8.198800268445100362e-03,1.310685643939575075e-02,1.313816999613466770e-02
-1.571088637262390841e-01,1.793172067623361593e-02,-2.655974207107281507e-02,8.148949508105985187e-03,1.318850411522378557e-02,1.350655615087124894e-02
-1.571230724407070289e-01,1.788559403641370657e-02,-2.648640881640061326e-02,8.099516202560323730e-03,1.326963292667598590e-02,1.387295582265959254e-02
-1.571382033841337011e-01,1.783992211000494724e-02,-2.641380338372418743e-02,8.050500351808089969e-03,1.335024287375238469e-02,1.423736901149985808e-02
-1.571542565565190452e-01,1.779470489700735528e-02,-2.634192577304356186e-02,8.001901955849308190e-03,1.343033395645295246e-02,1.459979571739188769e-02
-1.571712319578630890e-01,1.774994239742091334e-02,-2.627077598435870534e-02,7.953721014683954108e-03,1.350990617477772042e-02,1.496023594033583752e-02
-1.571891295881658324e-01,1.770563461124563878e-02,-2.620035401766964214e-02,7.905957528312050273e-03,1.358895952872665215e-02,1.531868968033155143e-02
-1.572079494474272476e-01,1.766178153848151772e-02,-2.613065987297635492e-02,7.858611496733575869e-03,1.366749401829978755e-02,1.567515693737918728e-02
-1.572276915356473626e-01,1.761838317912856403e-02,-2.606169355027886450e-02,7.811682919948550845e-03,1.374550964349708672e-02,1.602963771147858721e-02
-1.572483558528261771e-01,1.757543953318676036e-02,-2.599345504957713965e-02,7.765171797956956987e-03,1.382300640431858782e-02,1.638213200262990735e-02
-1.572699423989636636e-01,1.753295060065612754e-02,-2.592594437087121853e-02,7.719078130758812509e-03,1.389998430076425616e-02,1.673263981083299504e-02
-1.572924511740598497e-01,1.749091638153664127e-02,-2.585916151416106992e-02,7.673401918354096594e-03,1.397644333283412123e-02,1.708116113608799946e-02
-1.573158821781147354e-01,1.744933687582832585e-02,-2.579310647944671464e-02,7.628143160742830928e-03,1.405238350052815527e-02,1.742769597839477144e-02
-1.573402354111283208e-01,1.740821208353116392e-02,-2.572777926672813187e-02,7.583301857924995559e-03,1.412780480384638951e-02,1.777224433775346016e-02
-1.573655108731005503e-01,1.736754200464516590e-02,-2.566317987600534589e-02,7.538878009900609571e-03,1.420270724278878925e-02,1.811480621416391643e-02
-1.573916074150304156e-01,1.732732879571382764e-02,-2.559931470396497807e-02,7.494888393136143329e-03,1.427709077635890694e-02,1.845535379783330363e-02
-1.574173521797930519e-01,1.728759746259390592e-02,-2.553625792236778949e-02,7.451527536475641145e-03,1.435095492918851343e-02,1.879356462473802045e-02
-1.574424099797148702e-01,1.724835515164170607e-02,-2.547403072856116446e-02,7.408851033792615559e-03,1.442429956542344918e-02,1.912934653875491761e-02
-1.574667808147958981e-01,1.720960186285723850e-02,-2.541263312254512727e-02,7.366858885087087389e-03,1.449712468506367952e-02,1.946269953988383206e-02
-1.574904646850360801e-01,1.717133759624049627e-02,-2.535206510431965363e-02,7.325551090359034949e-03,1.456943028810923912e-02,1.979362362812492337e-02
-1.575134615904354718e-01,1.713356235179149326e-02,-2.529232667388476435e-02,7.284927649608479924e-03,1.464121637456009331e-02,2.012211880347803891e-02
-1.575357715309940732e-01,1.709627612951020864e-02,-2.523341783124043863e-02,7.244988562835400631e-03,1.471248294441627504e-02,2.044818506594332438e-02
-1.575573945067118564e-01,1.705947892939666324e-02,-2.517533857638670075e-02,7.205733830039817885e-03,1.478322999767775481e-02,2.077182241552064101e-02
-1.575783305175888216e-01,1.702317075145083625e-02,-2.511808890932352295e-02,7.167163451221712604e-03,1.485345753434456212e-02,2.109303085221012758e-02
-1.575985795636249964e-01,1.698735159567275194e-02,-2.506166883005093299e-02,7.129277426381103004e-03,1.492316555441666574e-02,2.141181037601164183e-02
-1.576181416448203532e-01,1.695202146206238603e-02,-2.500607833856890658e-02,7.092075755517970870e-03,1.499235405789409517e-02,2.172816098692532255e-02
-1.576370167611748641e-01,1.691718035061975933e-02,-2.495131743487746454e-02,7.055558438632334416e-03,1.506102304477682438e-02,2.204208268495103790e-02
-1.576552049126886124e-01,1.688282826134485451e-02,-2.489738611897658604e-02,7.019725475724175427e-03,1.512917251506487766e-02,2.235357547008891971e-02
-1.576727060993615703e-01,1.684896519423768543e-02,-2.484428439086629192e-02,6.984576866793512119e-03,1.519680246875822899e-02,2.266263934233882921e-02
-1.576895203211936825e-01,1.681559114929824170e-02,-2.479201225054656135e-02,6.950112611840326277e-03,1.526391290585690785e-02,2.296927430170090864e-02
-1.577056475781850042e-01,1.678270612652653718e-02,-2.474056969801741862e-02,6.916332710864636114e-03,1.533050382636088477e-02,2.327348034817501923e-02
-1.577210878703355357e-01,1.675031012592254759e-02,-2.468995673327883597e-02,6.883237163866423418e-03,1.539657523027018575e-02,2.357525748176129629e-02
-1.577358411976451935e-01,1.671840314748630069e-02,-2.464017335633083769e-02,6.850825970845706402e-03,1.546212711758478651e-02,2.387460570245960104e-02
-1.577499075601140888e-01,1.668698519121777218e-02,-2.459121956717340643e-02,6.819099131802466851e-03,1.552715948830471308e-02,2.417152501027007919e-02
-1.577632869577421937e-01,1.665605625711698290e-02,-2.454309536580655954e-02,6.788056646736722981e-03,1.559167234242993770e-02,2.446601540519258502e-02
-1.577759793905294805e-01,1.662561634518391548e-02,-2.449580075223027967e-02,6.757698515648457444e-03,1.565566567996048639e-02,2.475807688722725733e-02
-1.577879848584759492e-01,1.659566545541858729e-02,-2.444933572644458070e-02,6.728024738537685852e-03,1.571913950089633832e-02,2.504770945637396426e-02
-1.577993033615816276e-01,1.656620358782098096e-02,-2.440370028844944528e-02,6.699035315404393461e-03,1.578209380523750913e-02,2.533491311263283419e-02
-1.578099348998464602e-01,1.653723074239111038e-02,-2.435889443824489770e-02,6.670730246248595015e-03,1.584452859298398492e-02,2.561968785600373874e-02
-1.578198794732705024e-01,1.650874691912896514e-02,-2.431491817583091367e-02,6.643109531070275769e-03,1.590644386413578304e-02,2.590203368648680282e-02
-1.578291370818537542e-01,1.648075211803454870e-02,-2.427177150120751400e-02,6.616173169869450470e-03,1.596783961869287921e-02,2.618195060408190847e-02
-1.578377077255961880e-01,1.645324633910786455e-02,-2.422945441437467790e-02,6.589921162646105238e-03,1.602871585665530119e-02,2.645943860878917017e-02
-1.578455914044978037e-01,1.642622958234891267e-02,-2.418796691533242615e-02,6.564353509400252216e-03,1.608907257802302121e-02,2.673449770060847344e-02
-1.578527881185586290e-01,1.639970184775768267e-02,-2.414730900408073797e-02,6.539470210131880130e-03,1.614890978279607051e-02,2.700712787953993971e-02
-1.578592978677786085e-01,1.637366313533419188e-02,-2.410748068061963761e-02,6.515271264841000255e-03,1.620822747097441438e-02,2.727732914558344060e-02
-1.578651206521578254e-01,1.634811344507842296e-02,-2.406848194494909388e-02,6.491756673527601315e-03,1.626702564255808406e-02,2.754510149873910102e-02
-1.578702564716962242e-01,1.632305277699038978e-02,-2.403031279706914145e-02,6.468926436191695453e-03,1.632530429754705525e-02,2.781044493900680301e-02
-1.578747053263938049e-01,1.629848113107008195e-02,-2.399297323697975257e-02,6.446780552833269659e-03,1.638306343594134878e-02,2.807335946638665758e-02
-1.578784672162505953e-01,1.627439850731750640e-02,-2.395646326468094806e-02,6.425319023452336076e-03,1.644030305774094383e-02,2.833384508087855372e-02
-1.578815421412665676e-01,1.625080490573265965e-02,-2.392078288017270710e-02,6.404541848048883428e-03,1.649702316294586121e-02,2.859190178248261285e-02
-1.578839301014417218e-01,1.622770032631554171e-02,-2.388593208345505051e-02,6.384449026622922990e-03,1.655322375155608011e-02,2.884752957119871009e-02
-1.578856310967760579e-01,1.620508476906615605e-02,-2.385191087452796094e-02,6.365040559174445223e-03,1.660890482357162135e-02,2.910072844702696337e-02
-1.578866451272696314e-01,1.618295823398450267e-02,-2.381871925339145227e-02,6.346316445703457064e-03,1.666406637899246063e-02,2.935149840996726170e-02
-1.578869721929223591e-01,1.616132072107057116e-02,-2.378635722004551062e-02,6.328276686209952442e-03,1.671870841781863265e-02,2.959983946001970567e-02
-1.578866122937342964e-01,1.614017223032437540e-02,-2.375482477449015334e-02,6.310921280693936562e-03,1.677283094005009578e-02,2.984575159718420162e-02
-1.578855654297054434e-01,1.611951276174590497e-02,-2.372412191672535961e-02,6.294250229155405087e-03,1.682643394568688472e-02,3.008923482146085362e-02
-1.578838316008357168e-01,1.609934231533516683e-02,-2.369424864675115025e-02,6.278263531594363220e-03,1.687951743472897864e-02,3.033028913284954720e-02
-1.578814108071252276e-01,1.607966089109215402e-02,-2.366520496456750444e-02,6.262961188010804890e-03,1.693208140717639143e-02,3.056891453135039335e-02
-1.578783030485739480e-01,1.606046848901688043e-02,-2.363699087017444300e-02,6.248343198404735302e-03,1.698412586302910574e-02,3.080511101696328802e-02
-1.578745083251818504e-01,1.604176510910932871e-02,-2.360960636357194511e-02,6.234409562776150986e-03,1.703565080228714584e-02,3.103887858968833180e-02
-1.578700266369489347e-01,1.602355075136951273e-02,-2.358305144476003506e-02,6.221160281125054543e-03,1.708665622495048400e-02,3.127021724952542409e-02
-1.578648579838752009e-01,1.600582541579741863e-02,-2.355732611373868857e-02,6.208595353451442506e-03,1.713714213101914796e-02,3.149912699647466896e-02
-1.578590023659606767e-01,1.598858910239306028e-02,-2.353243037050792297e-02,6.196714779755320077e-03,1.718710852049310650e-02,3.172560783053595540e-02
-1.578524597832053344e-01,1.597184181115643073e-02,-2.350836421506772786e-02,6.185518560036681185e-03,1.723655539337239778e-02,3.194965975170939443e-02
-1.578452302356091741e-01,1.595558354208753346e-02,-2.348512764741811365e-02,6.175006694295531035e-03,1.728548274965698364e-02,3.217128275999488196e-02
-1.578373137231722234e-01,1.593981429518635806e-02,-2.346272066755906646e-02,6.165179182531866156e-03,1.733389058934689531e-02,3.239047685539252208e-02
-1.578287102458944824e-01,1.592453407045291841e-02,-2.344114327549059670e-02,6.156036024745689152e-03,1.738177891244210502e-02,3.260724203790221071e-02
-1.578194198037759233e-01,1.590974286788720410e-02,-2.342039547121270091e-02,6.147577220936997419e-03,1.742914771894263706e-02,3.282157830752404498e-02
-1.578094423968165461e-01,1.589544068748922553e-02,-2.340047725472538254e-02,6.139802771105793561e-03,1.747599700884847410e-02,3.303348566425792776e-02
-1.577987780250163508e-01,1.588162752925897231e-02,-2.338138862602863466e-02,6.132712675252074974e-03,1.752232678215963346e-02,3.324296410810395619e-02
-1.577877609119212876e-01,1.586832057145702926e-02,-2.336315580304519635e-02,6.126308553715939000e-03,1.756822350991665838e-02,3.345032366983954897e-02
-1.577773894845434788e-01,1.585557113075329941e-02,-2.334585710665515804e-02,6.120595246944255351e-03,1.761394550732125336e-02,3.365649050534650494e-02
-1.577677304928672697e-01,1.584338263793127685e-02,-2.332949777301244684e-02,6.115573078545813099e-03,1.765951004407408792e-02,3.386152653291200909e-02
-1.577587839368926603e-01,1.583175509299095812e-02,-2.331407780211705583e-02,6.111242048520609642e-03,1.770491712017517594e-02,3.406543175253615857e-02
-1.577505498166195952e-01,1.582068849593235016e-02,-2.329959719396898846e-02,6.107602156868648449e-03,1.775016673562450006e-02,3.426820616421885624e-02
-1.577430281320481298e-01,1.581018284675544949e-02,-2.328605594856824473e-02,6.104653403589925184e-03,1.779525889042208806e-02,3.446984976796019923e-02
-1.577362188831782641e-01,1.580023814546025265e-02,-2.327345406591482813e-02,6.102395788684443316e-03,1.784019358456790522e-02,3.467036256376009734e-02
-1.577301220700099427e-01,1.579085439204676311e-02,-2.326179154600872476e-02,6.100829312152201978e-03,1.788497081806198277e-02,3.486974455161863384e-02
-1.577247376925432210e-01,1.578203158651498433e-02,-2.325106838884995544e-02,6.099953973993201169e-03,1.792959059090429644e-02,3.506799573153571853e-02
-1.577200657507780990e-01,1.577376972886490591e-02,-2.324128459443850284e-02,6.099769774207440022e-03,1.797405290309486703e-02,3.526511610351144854e-02
-1.577161062447145212e-01,1.576606881909653826e-02,-2.323244016277437388e-02,6.100276712794919405e-03,1.801835775463367373e-02,3.546110566754573368e-02
-1.577128591743525432e-01,1.575892885720988137e-02,-2.322453509385756856e-02,6.101474789755639318e-03,1.806250514552073735e-02,3.565596442363865720e-02
-1.577103245396921649e-01,1.575234984320492485e-02,-2.321756938768808343e-02,6.103364005089598893e-03,1.810649507575603709e-02,3.584969237179014279e-02
-1.577085023407333308e-01,1.574633177708167908e-02,-2.321154304426592194e-02,6.105944358796799865e-03,1.815032754533959028e-02,3.604228951200025288e-02
-1.577073925774760965e-01,1.574087465884013715e-02,-2.320645606359108756e-02,6.109215850877239631e-03,1.819400255427138652e-02,3.623375584426893198e-02
-1.577069952499204619e-01,1.573597848848030251e-02,-2.320230844566356990e-02,6.113178481330920795e-03,1.823752010255143274e-02,3.642409136859623559e-02
-1.577073103580663993e-01,1.573164326600217863e-02,-2.319910019048337935e-02,6.117832250157841621e-03,1.828088019017972202e-02,3.661329608498210819e-02
-1.577083379019139087e-01,1.572786899140575859e-02,-2.319683129805051244e-02,6.123177157358002977e-03,1.832408281715626475e-02,3.680136999342661919e-02
-1.577100778814629900e-01,1.572465566469104584e-02,-2.319550176836496572e-02,6.129213202931403995e-03,1.836712798348104358e-02,3.698831309392967837e-02
-1.577125302967136433e-01,1.572200328585804038e-02,-2.319511160142674264e-02,6.135940386878046410e-03,1.841001568915407935e-02,3.717412538649137593e-02
-1.577156951476658964e-01,1.571991185490674223e-02,-2.319566079723584320e-02,6.143358709197927620e-03,1.845274593417535469e-02,3.735880687111162862e-02
-1.577195724343197214e-01,1.571838137183714790e-02,-2.319714935579226742e-02,6.151468169891051094e-03,1.849531871854488002e-02,3.754235754779052664e-02
-1.577241621566751462e-01,1.571741183664926433e-02,-2.319957727709601528e-02,6.160268768957412495e-03,1.853773404226264840e-02,3.772477741652797284e-02
-1.577294643147321429e-01,1.571700324934308807e-02,-2.320294456114708331e-02,6.169760506397017029e-03,1.857999190532867023e-02,3.790606647732405743e-02
-1.577354789084907394e-01,1.571715560991861563e-02,-2.320725120794547500e-02,6.179943382209858622e-03,1.862209230774293164e-02,3.808622473017870408e-02
-1.577422059379509078e-01,1.571786891837585048e-02,-2.321249721749119033e-02,6.190817396395943348e-03,1.866403524950544651e-02,3.826525217509198218e-02
-1.577496454031126483e-01,1.571914317471479264e-02,-2.321868258978422930e-02,6.202382548955266001e-03,1.870582073061619749e-02,3.844314881206382234e-02
-1.577577973039759607e-01,1.572097837893544209e-02,-2.322580732482459193e-02,6.214638839887830918e-03,1.874744875107520539e-02,3.861991464109429395e-02
-1.577666616405408728e-01,1.572337453103779883e-02,-2.323387142261227473e-02,6.227586269193634630e-03,1.878891931088245287e-02,3.879554966218332762e-02
-1.577762384128073569e-01,1.572633163102186288e-02,-2.324287488314728117e-02,6.241224836872680606e-03,1.883023241003795381e-02,3.897005387533099968e-02
-1.577865276207754408e-01,1.572984967888763075e-02,-2.325281770642960780e-02,6.255554542924963643e-03,1.887138804854169433e-02,3.914342728053721993e-02
-1.577975292644450966e-01,1.573392867463510938e-02,-2.326369989245926154e-02,6.270575387350490679e-03,1.891238622639368830e-02,3.931566987780208550e-02
-1.578092433438163245e-01,1.573856861826429532e-02,-2.327552144123623545e-02,6.286287370149253907e-03,1.895322694359392185e-02,3.948678166712550619e-02
-1.578216698588891242e-01,1.574376950977518508e-02,-2.328828235276053649e-02,6.302690491321262002e-03,1.899391020014241233e-02,3.965676264850756527e-02
-1.578348088096635238e-01,1.574953134916778213e-02,-2.330198262703215770e-02,6.319784750866506290e-03,1.903443599603913544e-02,3.982561282194817948e-02
-1.578486601961394953e-01,1.575585413644208649e-02,-2.331662226405110255e-02,6.337570148784994577e-03,1.907480433128411895e-02,3.999333218744742513e-02
-1.578632240183170665e-01,1.576273787159809814e-02,-2.333220126381737106e-02,6.356046685076719056e-03,1.911501520587733510e-02,4.015992074500523284e-02
-1.578785002761962097e-01,1.577018255463581708e-02,-2.334871962633096321e-02,6.375214359741687535e-03,1.915506861981881165e-02,4.032537849462167895e-02
-1.578944889697769249e-01,1.577818818555524333e-02,-2.336617735159187553e-02,6.395073172779892207e-03,1.919496457310852430e-02,4.048970543629668017e-02
-1.579111900990592121e-01,1.578675476435637340e-02,-2.338457443960011151e-02,6.415623124191341745e-03,1.923470306574649041e-02,4.065290157003031979e-02
-1.579286036640430990e-01,1.579588229103921423e-02,-2.340391089035567113e-02,6.436864213976026608e-03,1.927428409773269610e-02,4.081496689582252146e-02
-1.579467296647285857e-01,1.580557076560375890e-02,-2.342418670385855439e-02,6.458796442133957205e-03,1.931370766906715525e-02,4.097590141367335459e-02
-1.579655681011156165e-01,1.581582018805001086e-02,-2.344540188010875784e-02,6.481419808665123128e-03,1.935297377974985744e-02,4.113570512358274978e-02
-1.579851189732042471e-01,1.582663055837797358e-02,-2.346755641910628840e-02,6.504734313569534784e-03,1.939208242978080962e-02,4.129437802555076947e-02
-1.580053822809944497e-01,1.583800187658764014e-02,-2.349065032085113566e-02,6.528739956847180032e-03,1.943103361916000485e-02,4.145192011957735123e-02
-1.580263580244862520e-01,1.584993414267901399e-02,-2.351468358534331005e-02,6.553436738498072747e-03,1.946982734788745006e-02,4.160833140566257138e-02
-1.580480462036796263e-01,1.586242735665209513e-02,-2.353965621258280461e-02,6.578824658522199054e-03,1.950846361596313833e-02,4.176361188380636053e-02
-1.580704468185745726e-01,1.587548151850688011e-02,-2.356556820256962281e-02,6.604903716919565022e-03,1.954694242338706617e-02,4.191776155400873949e-02
-1.580935598691711186e-01,1.588909662824337585e-02,-2.359241955530376814e-02,6.631673913690178460e-03,1.958526377015925787e-02,4.207078041626974990e-02
-1.581173853554692088e-01,1.590327268586157541e-02,-2.362021027078523364e-02,6.659135248834024620e-03,1.962342765627967875e-02,4.222266847058932238e-02
-1.581419232774688988e-01,1.591800969136148575e-02,-2.364894034901402625e-02,6.687287722351119117e-03,1.966143408174836349e-02,4.237342571696752630e-02
-1.581671736351701885e-01,1.593330764474309644e-02,-2.367860978999013211e-02,6.716131334241445469e-03,1.969928304656528087e-02,4.252305215540429228e-02
-1.581931364285730224e-01,1.594916654600642136e-02,-2.370921859371356855e-02,6.745666084505019290e-03,1.973697455073045171e-02,4.267154778589968972e-02
-1.582198116576774560e-01,1.596558639515145012e-02,-2.374076676018432169e-02,6.775891973141828437e-03,1.977450859424386559e-02,4.281891260845364922e-02
-1.582464524480239332e-01,1.598263598157194029e-02,-2.377339521096967501e-02,6.806990860136718537e-03,1.981179901779327179e-02,4.296488652623760285e-02
-1.582716733160186295e-01,1.600044291249189468e-02,-2.380736536151490876e-02,6.839300103424590487e-03,1.984868599222391547e-02,4.310898704867463516e-02
-1.582954433574340902e-01,1.601901003428402720e-02,-2.384268304288325938e-02,6.872827228021609162e-03,1.988516595242929841e-02,4.325120341345865121e-02
-1.583177625722701487e-01,1.603833734694833438e-02,-2.387934825507471645e-02,6.907572233927760687e-03,1.992123889840940673e-02,4.339153562058957470e-02
-1.583386309605269437e-01,1.605842485048482315e-02,-2.391736099808929733e-02,6.943535121143059805e-03,1.995690483016425432e-02,4.352998367006747499e-02
-1.583580485222043643e-01,1.607927254489348659e-02,-2.395672127192697773e-02,6.980715889667490903e-03,1.999216374769382729e-02,4.366654756189229658e-02
-1.583760152573024937e-01,1.610088043017432816e-02,-2.399742907658778193e-02,7.019114539501069595e-03,2.002701565099814299e-02,4.380122729606409498e-02
-1.583925311658212765e-01,1.612324850632734785e-02,-2.403948441207169259e-02,7.058731070643780268e-03,2.006146054007717713e-02,4.393402287258280775e-02
-1.584075962477607680e-01,1.614637677335254914e-02,-2.408288727837872706e-02,7.099565483095640270e-03,2.009549841493095401e-02,4.406493429144849039e-02
-1.584212105031209128e-01,1.617026523124992510e-02,-2.412763767550886451e-02,7.141617776856630517e-03,2.012912927555945627e-02,4.419396155266110127e-02
-1.584333739319017664e-01,1.619491388001947918e-02,-2.417373560346212577e-02,7.184887951926770093e-03,2.016235312196269433e-02,4.432110465622068202e-02
-1.584440865341032734e-01,1.622032271966121139e-02,-2.422118106223848655e-02,7.229376008306039915e-03,2.019516995414066124e-02,4.444636360212718407e-02
-1.584533483097254614e-01,1.624649175017512173e-02,-2.426997405183797460e-02,7.275081945994458198e-03,2.022757977209336394e-02,4.456973839038065599e-02
-1.584611592587683304e-01,1.627342097156121020e-02,-2.432011457226056564e-02,7.322005764992007594e-03,2.025958257582079550e-02,4.469122902098104921e-02
-1.584675193812318528e-01,1.630111038381947680e-02,-2.437160262350627701e-02,7.370147465298707186e-03,2.029117836532296631e-02,4.481083549392841925e-02
-1.584724286771160839e-01,1.632955998694991806e-02,-2.442443820557509485e-02,7.419507046914536157e-03,2.032236714059986252e-02,4.492855780922270365e-02
-1.584758871464209684e-01,1.635876978095254092e-02,-2.447862131846703648e-02,7.470084509839516190e-03,2.035314890165149451e-02,4.504439596686396485e-02
-1.584778947891465617e-01,1.638873976582733843e-02,-2.453415196218207764e-02,7.521879854073624735e-03,2.038352364847785536e-02,4.515834996685214042e-02
-1.584784516052928083e-01,1.641946994157431755e-02,-2.459103013672024607e-02,7.574893079616883476e-03,2.041349138107895200e-02,4.527041980918729974e-02
-1.584775575948597359e-01,1.645096030819347133e-02,-2.464925584208151402e-02,7.629124186469271596e-03,2.044305209945477403e-02,4.538060549386937342e-02
-1.584752127578473446e-01,1.648321086568480670e-02,-2.470882907826590924e-02,7.684573174630811646e-03,2.047220580360533879e-02,4.548890702089841004e-02
-1.584714170942556344e-01,1.651622161404831673e-02,-2.476974984527340398e-02,7.741240044101479340e-03,2.050095249353062199e-02,4.559532439027438183e-02
-1.584661706040845774e-01,1.654999255328400837e-02,-2.483201814310402600e-02,7.799124794881298964e-03,2.052929216923065139e-02,4.569985760199732350e-02
-1.584594732873342293e-01,1.658452368339187119e-02,-2.489563397175774753e-02,7.858227426970246232e-03,2.055722483070540618e-02,4.580250665606718646e-02
-1.584513251440045345e-01,1.661981500437191908e-02,-2.496059733123459634e-02,7.918547940368345431e-03,2.058475047795489329e-02,4.590327155248401236e-02
-1.584417261740955207e-01,1.665586651622413816e-02,-2.502690822153453773e-02,7.980086335075572274e-03,2.061186911097911273e-02,4.600215229124776650e-02
-1.584306763776071880e-01,1.669267821894854231e-02,-2.509456664265761333e-02,8.042842611091952781e-03,2.063858072977806449e-02,4.609914887235849051e-02
-1.584181757545395641e-01,1.673025011254511765e-02,-2.516357259460378845e-02,8.106816768417457464e-03,2.066488533435174510e-02,4.619426129581612889e-02
-1.584042243048925658e-01,1.676858219701388153e-02,-2.523392607737309085e-02,8.172008807052119281e-03,2.069078292470016844e-02,4.628748956162075101e-02
-1.583888220286662762e-01,1.680767447235480966e-02,-2.530562709096549276e-02,8.238418726995903538e-03,2.071627350082331370e-02,4.637883366977229443e-02
-1.583719689258606400e-01,1.684752693856792632e-02,-2.537867563538102195e-02,8.306046528248844929e-03,2.074135706272119475e-02,4.646829362027080079e-02
-1.583536649964757126e-01,1.688813959565321071e-02,-2.545307171061964718e-02,8.374892210810910495e-03,2.076603361039380466e-02,4.655586941311622845e-02
-1.583339102405114385e-01,1.692951244361068364e-02,-2.552881531668140316e-02,8.444955774682129726e-03,2.079030314384115036e-02,4.664156104830863292e-02
-1.583127046579678732e-01,1.697164548244032428e-02,-2.560590645356625866e-02,8.516237219862474866e-03,2.081416566306322491e-02,4.672536852584796563e-02
-1.582900482488449334e-01,1.701453871214215346e-02,-2.568434512127424144e-02,8.588736546351975407e-03,2.083762116806003872e-02,4.680729184573425433e-02
-1.582659410131427302e-01,1.705819213271615037e-02,-2.576413131980532026e-02,8.662453754150598387e-03,2.086066965883157792e-02,4.688733100796747821e-02
-1.582403829508611526e-01,1.710260574416233581e-02,-2.584526504915952982e-02,8.737388843258380236e-03,2.088331113537785291e-02,4.696548601254766503e-02
-1.582133740620002837e-01,1.714777954648068550e-02,-2.592774630933683544e-02,8.813541813675284525e-03,2.090554559769885676e-02,4.704175685947478008e-02
-1.581849143465600682e-01,1.719371353967122720e-02,-2.601157510033727180e-02,8.890912665401344214e-03,2.092737304579459640e-02,4.711614354874885807e-02
-1.581550038045405615e-01,1.724040772373393315e-02,-2.609675142216080421e-02,8.969501398436528078e-03,2.094879347966506489e-02,4.718864608036986430e-02
-1.581236424359417081e-01,1.728786209866883111e-02,-2.618327527480746736e-02,9.049308012780869076e-03,2.096980689931026917e-02,4.725926445433784040e-02
-1.580908302407635357e-01,1.733607666447589332e-02,-2.627114665827722656e-02,9.130332508434330779e-03,2.099041330473020231e-02,4.732799867065274474e-02
-1.580565672190060444e-01,1.738505142115514754e-02,-2.636036557257011997e-02,9.212574885396953087e-03,2.101061269592487124e-02,4.739484872931460507e-02
-1.580208533706692065e-01,1.743478636870656601e-02,-2.645093201768610250e-02,9.296035143668696099e-03,2.103040507289426903e-02,4.745981463032340059e-02
-1.579836886957530773e-01,1.748528150713017648e-02,-2.654284599362521924e-02,9.380713283249596246e-03,2.104979043563839913e-02,4.752289637367915903e-02
-1.579450731942576014e-01,1.753653683642594774e-02,-2.663610750038742855e-02,9.466609304139617098e-03,2.106876878415726156e-02,4.758409395938184572e-02
-1.579050068661828343e-01,1.758855235659391447e-02,-2.673071653797277902e-02,9.553723206338796820e-03,2.108734011845085632e-02,4.764340738743149534e-02
-1.578634897115287206e-01,1.764132806763404199e-02,-2.682667310638121166e-02,9.642054989847098981e-03,2.110550443851918340e-02,4.770083665782808013e-02
-1.578205217302952879e-01,1.769486396954636498e-02,-2.692397720561278199e-02,9.731604654664560011e-03,2.112326174436224280e-02,4.775638177057162093e-02
-1.577761036384840720e-01,1.774916031430585212e-02,-2.702262925763069396e-02,9.822372499360243481e-03,2.114061211374294522e-02,4.781004277266254904e-02
-1.577325426684619836e-01,1.780502906224883455e-02,-2.712398899027474233e-02,9.915320628392437080e-03,2.115780612867260158e-02,4.786197111765017748e-02
-1.576919884106199599e-01,1.786322669640744501e-02,-2.722932322778878755e-02,1.001134541029693840e-02,2.117507725011134184e-02,4.791230791099869435e-02
-1.576544408649580009e-01,1.792375321678170777e-02,-2.733863197017287819e-02,1.011044684507379950e-02,2.119242547805918336e-02,4.796105315270812741e-02
-1.576199000314761067e-01,1.798660862337160202e-02,-2.745191521742696220e-02,1.021262493272297005e-02,2.120985081251610532e-02,4.800820684277845585e-02
-1.575883659101742218e-01,1.805179291617714857e-02,-2.756917296955109162e-02,1.031787967324449516e-02,2.122735325348212160e-02,4.805376898120969353e-02
-1.575598385010524294e-01,1.811930609519831967e-02,-2.769040522654521441e-02,1.042621106663833147e-02,2.124493280095722525e-02,4.809773956800184047e-02
-1.575343178041106740e-01,1.818914816043515001e-02,-2.781561198840938262e-02,1.053761911290452408e-02,2.126258945494142322e-02,4.814011860315488278e-02
-1.575118038193490111e-01,1.826131911188760143e-02,-2.794479325514354767e-02,1.065210381204302614e-02,2.128032321543470856e-02,4.818090608666882740e-02
-1.574922965467673852e-01,1.833581894955571209e-02,-2.807794902674775814e-02,1.076966516405388624e-02,2.129813408243708475e-02,4.822010201854368822e-02
-1.574757959863657963e-01,1.841264767343944730e-02,-2.821507930322195851e-02,1.089030316893705580e-02,2.131602205594855526e-02,4.825770639877944440e-02
-1.574623021381443000e-01,1.849180528353884176e-02,-2.835618408456620776e-02,1.101401782669258339e-02,2.133398713596911314e-02,4.829371922737611678e-02
-1.574518150021028406e-01,1.857329177985385729e-02,-2.850126337078044692e-02,1.114080913732041697e-02,2.135202932249875840e-02,4.832814050433368452e-02
-1.574443345782414461e-01,1.865710716238453554e-02,-2.865031716186474189e-02,1.127067710082061379e-02,2.137014861553750145e-02,4.836097022965216152e-02
-1.574398608665600885e-01,1.874325143113083139e-02,-2.880334545781901637e-02,1.140362171719311313e-02,2.138834501508532493e-02,4.839220840333153389e-02
-1.574383938670587957e-01,1.883172458609278996e-02,-2.896034825864335013e-02,1.153964298643797570e-02,2.140661852114224620e-02,4.842185502537181552e-02
-1.574399335797375676e-01,1.892252662727036960e-02,-2.912132556433766686e-02,1.167874090855514253e-02,2.142496913370825137e-02,4.844991009577300639e-02
-1.574444800045964044e-01,1.901565755466360849e-02,-2.928627737490203942e-02,1.182091548354467260e-02,2.144339685278335433e-02,4.847637361453509264e-02
-1.574520331416352781e-01,1.911111736827246846e-02,-2.945520369033639493e-02,1.196616671140650519e-02,2.146190167836754467e-02,4.850124558165808814e-02
-1.574625929908542443e-01,1.920890606809699114e-02,-2.962810451064080974e-02,1.211449459214070275e-02,2.148048361046082586e-02,4.852452599714199288e-02
-1.574761595522532198e-01,1.930902365413713143e-02,-2.980497983581520405e-02,1.226589912574720109e-02,2.149914264906319442e-02,4.854621486098679300e-02
-1.574927328258322878e-01,1.941147012639293443e-02,-2.998582966585966111e-02,1.242038031222606788e-02,2.151787879417465729e-02,4.856631217319250238e-02
-1.575123128115913929e-01,1.951624548486435851e-02,-3.017065400077409421e-02,1.257793815157723198e-02,2.153669204579520408e-02,4.858481793375911406e-02
-1.575346392259913963e-01,1.962347361694147599e-02,-3.035967392475932836e-02,1.273876568909193194e-02,2.155554297932790395e-02,4.860153596062440073e-02
-1.575576389470288996e-01,1.973414126836687058e-02,-3.055465034256760887e-02,1.290440050352737421e-02,2.157411758336944679e-02,4.861490369108807663e-02
-1.575808643994362768e-01,1.984846147194288882e-02,-3.075596342353519724e-02,1.307517454940570860e-02,2.159234806464109535e-02,4.862458377673663928e-02
-1.576043155832135279e-01,1.996643422766948561e-02,-3.096361316766201022e-02,1.325108782672686052e-02,2.161023442314283227e-02,4.863057621757009563e-02
-1.576279924983606806e-01,2.008805953554670953e-02,-3.117759957494813799e-02,1.343214033549090976e-02,2.162777665887466796e-02,4.863288101358844567e-02
-1.576518951448777073e-01,2.021333739557451201e-02,-3.139792264539348343e-02,1.361833207569777306e-02,2.164497477183659202e-02,4.863149816479168247e-02
-1.576760235227645801e-01,2.034226780775294161e-02,-3.162458237899814367e-02,1.380966304734753541e-02,2.166182876202861485e-02,4.862642767117981296e-02
-1.577003776320213546e-01,2.047485077208194282e-02,-3.185757877576202157e-02,1.400613325044011183e-02,2.167833862945073298e-02,4.861766953275284409e-02
-1.577249574726480030e-01,2.061108628856157809e-02,-3.209691183568522121e-02,1.420774268497558557e-02,2.169450437410294988e-02,4.860522374951076197e-02
-1.577497630446445531e-01,2.075097435719178499e-02,-3.234258155876763158e-02,1.441449135095387336e-02,2.171032599598525514e-02,4.858909032145356660e-02
-1.577747943480109494e-01,2.089451497797262594e-02,-3.259458794500936368e-02,1.462637924837506195e-02,2.172580349509765918e-02,4.856926924858126493e-02
-1.578000513827472195e-01,2.104170815090403157e-02,-3.285293099441030651e-02,1.484340637723905940e-02,2.174093687144015505e-02,4.854576053089386389e-02
-1.578255341488533914e-01,2.119255387598607474e-02,-3.311761070697057802e-02,1.506557273754596284e-02,2.175572612501274969e-02,4.851856416839134267e-02
-1.578512426463294649e-01,2.134705215321868604e-02,-3.338862708269005330e-02,1.529287832929566993e-02,2.177017125581543269e-02,4.848768016107372902e-02
-1.578771768751753846e-01,2.150520298260193836e-02,-3.366598012156886421e-02,1.552532315248828648e-02,2.178427226384821794e-02,4.845310850894099519e-02
-1.579033368353911782e-01,2.166700636413575187e-02,-3.394966982360687197e-02,1.576290720712370669e-02,2.179802914911109155e-02,4.841484921199316199e-02
-1.579297225269768457e-01,2.183246229782020292e-02,-3.423969618880420840e-02,1.600563049320203463e-02,2.181144191160406740e-02,4.837290227023020861e-02
-1.579563339499324148e-01,2.200157078365521865e-02,-3.453605921716074861e-02,1.625349301072316968e-02,2.182451055132713508e-02,4.832726768365215586e-02
-1.579831711042578579e-01,2.217433182164087538e-02,-3.483875890867663139e-02,1.650649475968721247e-02,2.183723506828029806e-02,4.827794545225898987e-02
-1.580102339899532027e-01,2.235074541177710025e-02,-3.514779526335171100e-02,1.676463574009405544e-02,2.184961546246355288e-02,4.822493557605073145e-02
-1.580375219152026778e-01,2.253081414627391629e-02,-3.546317284232491235e-02,1.702792010336820136e-02,2.186165111823650323e-02,4.816823434696603651e-02
-1.580642731478869301e-01,2.271739220955710375e-02,-3.578991374315559915e-02,1.730091882602182579e-02,2.187266417721458328e-02,4.810375895881056907e-02
-1.580898130622114262e-01,2.291300740160604615e-02,-3.613246577166610851e-02,1.758768017985857732e-02,2.188205429612813044e-02,4.802789348637634403e-02
-1.581141416581762216e-01,2.311765972242066369e-02,-3.649082892785630167e-02,1.788820416487832757e-02,2.188982147497713429e-02,4.794063792966338916e-02
-1.581372589357812330e-01,2.333134917200105005e-02,-3.686500321172633127e-02,1.820249078108120838e-02,2.189596571376160525e-02,4.784199228867167669e-02
-1.581591648950265439e-01,2.355407575034709766e-02,-3.725498862327603772e-02,1.853054002846708792e-02,2.190048701248153290e-02,4.773195656340124132e-02
-1.581798595359121540e-01,2.378583945745891756e-02,-3.766078516250558755e-02,1.887235190703610149e-02,2.190338537113692072e-02,4.761053075385202754e-02
-1.581993428584380079e-01,2.402664029333639872e-02,-3.808239282941480730e-02,1.922792641678809991e-02,2.190466078972777217e-02,4.747771486002411168e-02
-1.582176148626041057e-01,2.427647825797965564e-02,-3.851981162400387043e-02,1.959726355772324277e-02,2.190431326825408725e-02,4.733350888191740352e-02
-1.582346755484104750e-01,2.453535335138857035e-02,-3.897304154627260347e-02,1.998036332984136701e-02,2.190234280671586597e-02,4.717791281953200022e-02
-1.582505249158571436e-01,2.480326557356326081e-02,-3.944208259622119378e-02,2.037722573314263916e-02,2.189874940511310139e-02,4.701092667286780463e-02
-1.582651629649440561e-01,2.508021492450361253e-02,-3.992693477384943318e-02,2.078785076762689268e-02,2.189353306344580044e-02,4.683255044192491390e-02
-1.582785896956712679e-01,2.536620140420973654e-02,-4.042759807915753678e-02,2.121223843329429759e-02,2.188669378171395966e-02,4.664278412670323087e-02
-1.582908051080387235e-01,2.566122501268151834e-02,-4.094407251214528948e-02,2.165038873014467000e-02,2.187823155991758597e-02,4.644162772720284577e-02
-1.583018092020464229e-01,2.596528574991908284e-02,-4.147635807281292025e-02,2.210230165817820419e-02,2.186814639805666899e-02,4.622908124342367531e-02
-1.583116019776944217e-01,2.627838361592229818e-02,-4.202445476116017931e-02,2.256797721739470242e-02,2.185643829613121564e-02,4.600514467536580276e-02
-1.583201834349826642e-01,2.660051861069129622e-02,-4.258836257718733032e-02,2.304741540779436937e-02,2.184310725414121898e-02,4.576981802302913793e-02
-1.583275535739112339e-01,2.693169073422594512e-02,-4.316808152089410267e-02,2.354061622937699341e-02,2.182815327208669290e-02,4.552310128641377795e-02
-1.583336736215656959e-01,2.727208638486606704e-02,-4.376392258149310738e-02,2.404771322541437995e-02,2.181163251272793396e-02,4.526502926029248031e-02
-1.583374507014204957e-01,2.762695949756251851e-02,-4.438465148669840793e-02,2.457247052633404136e-02,2.179512801317699117e-02,4.499658269091835056e-02
-1.583383866353149372e-01,2.799870503239488759e-02,-4.503426401646167671e-02,2.511660397791509736e-02,2.177936138699074556e-02,4.471820864285258601e-02
-1.583364814232490203e-01,2.838732298936301121e-02,-4.571276017078260839e-02,2.568011358015730508e-02,2.176433263416919020e-02,4.442990711609532545e-02
-1.583317350652227451e-01,2.879281336846706285e-02,-4.642013994966151524e-02,2.626299933306091433e-02,2.175004175471232856e-02,4.413167811064641621e-02
-1.583241475612360838e-01,2.921517616970685863e-02,-4.715640335309807807e-02,2.686526123662567531e-02,2.173648874862016411e-02,4.382352162650601096e-02
-1.583137189112890364e-01,2.965441139308258589e-02,-4.792155038109262993e-02,2.748689929085184128e-02,2.172367361589269338e-02,4.350543766367395704e-02
-1.583004491153816584e-01,3.011051903859405729e-02,-4.871558103364481696e-02,2.812791349573914509e-02,2.171159635652991290e-02,4.317742622215040710e-02
-1.582843381735138943e-01,3.058349910624147058e-02,-4.953849531075500690e-02,2.878830385128786779e-02,2.170025697053182961e-02,4.283948730193520849e-02
-1.582653860856857719e-01,3.107335159602461414e-02,-5.039029321242283199e-02,2.946807035749771791e-02,2.168965545789843657e-02,4.249162090302852079e-02
-1.582435928518972634e-01,3.158007650794359550e-02,-5.127097473864846572e-02,3.016721301436884120e-02,2.167979181862974419e-02,4.213382702543025382e-02
-1.582189584721483688e-01,3.210367384199852570e-02,-5.218053988943210930e-02,3.088573182190139724e-02,2.167066605272573859e-02,4.176610566914033817e-02
-1.581914829464391437e-01,3.264414359818917227e-02,-5.311898866477337416e-02,3.162362678009506683e-02,2.166227816018643365e-02,4.138845683415893345e-02
-1.581611662747695324e-01,3.320148577651579197e-02,-5.408632106467266276e-02,3.238089788895017612e-02,2.165462814101181549e-02,4.100088052048587312e-02
-1.581280084571395905e-01,3.377570037697811417e-02,-5.508253708912956570e-02,3.315754514846639550e-02,2.164771599520189799e-02,4.060337672812132370e-02
-1.580882554449798694e-01,3.436604803102605993e-02,-5.610638966065735478e-02,3.395243583230631718e-02,2.164122810214705664e-02,4.019547575000388673e-02
-1.579728332622957476e-01,3.495892445929137116e-02,-5.713493272546331381e-02,3.474472793205748283e-02,2.162939388587856518e-02,3.976853504097940806e-02
-1.577558544852750155e-01,3.554923107376653513e-02,-5.815956660167375530e-02,3.552661031629061883e-02,2.161005066003600372e-02,3.931931556310317571e-02
-1.574373191139178396e-01,3.613696787445128816e-02,-5.918029128928824212e-02,3.629808298500540598e-02,2.158319842461938962e-02,3.884781731637539787e-02
-1.570172271482240534e-01,3.672213486134587312e-02,-6.019710678830721834e-02,3.705914593820217040e-02,2.154883717962870204e-02,3.835404030079587329e-02
-1.564955785881938233e-01,3.730473203445006103e-02,-6.121001309873023988e-02,3.780979917588057904e-02,2.150696692506396182e-02,3.783798451636480320e-02
-1.558723734338269273e-01,3.788475939376409474e-02,-6.221901022055774388e-02,3.855004269804097189e-02,2.145758766092514813e-02,3.729964996308196556e-02
-1.551476116851236708e-01,3.846221693928771057e-02,-6.322409815378929321e-02,3.927987650468300201e-02,2.140069938721228179e-02,3.673903664094760324e-02
-1.543212933420836652e-01,3.903710467102117221e-02,-6.422527689842533194e-02,3.999930059580701636e-02,2.133630210392534546e-02,3.615614454996145949e-02
-1.533934184047073268e-01,3.960942258896422291e-02,-6.522254645446541599e-02,4.070831497141267491e-02,2.126439581106435647e-02,3.555097369012379799e-02
-1.523639868729942393e-01,4.017917069311711942e-02,-6.621590682190998944e-02,4.140691963150030380e-02,2.118498050862928708e-02,3.492352406143435506e-02
-1.512329987469448744e-01,4.074634898347961193e-02,-6.720535800075859434e-02,4.209511457606959078e-02,2.109805619662017545e-02,3.427379566389340132e-02
-1.500004540265587327e-01,4.131095746005193636e-02,-6.819089999101170252e-02,4.277289980512083423e-02,2.100362287503697994e-02,3.360178849750065228e-02
-1.486780792059538003e-01,4.187127521133447022e-02,-6.916895666668415599e-02,4.343411517688770124e-02,2.090448872265895236e-02,3.291623945335742790e-02
-1.472869046248463654e-01,4.242421594801604884e-02,-7.013311458966145495e-02,4.406771306940043820e-02,2.080568993812486125e-02,3.223281730561558533e-02
-1.458273508707611521e-01,4.296971794713819182e-02,-7.108324549705753725e-02,4.467347254034238074e-02,2.070732724079282078e-02,3.155183541540104719e-02
-1.442994179436974667e-01,4.350778120870112814e-02,-7.201934938887281923e-02,4.525139358971379949e-02,2.060940063066278236e-02,3.087329378271353592e-02
-1.427031058436560307e-01,4.403840573270464270e-02,-7.294142626510688454e-02,4.580147621751443077e-02,2.051191010773479456e-02,3.019719240755333600e-02
-1.410384145706360948e-01,4.456159151914896449e-02,-7.384947612576016340e-02,4.632372042374453130e-02,2.041485567200881576e-02,2.952353128992014908e-02
-1.393053441246384361e-01,4.507733856803384370e-02,-7.474349897083222560e-02,4.681812620840386518e-02,2.031823732348488412e-02,2.885231042981427699e-02
-1.375038945056622774e-01,4.558564687935953014e-02,-7.562349480032348747e-02,4.728469357149264751e-02,2.022205506216296148e-02,2.818352982723542483e-02
-1.356340657137083960e-01,4.608651645312578787e-02,-7.648946361423354656e-02,4.772342251301067706e-02,2.012630888804308599e-02,2.751718948218388403e-02
-1.336958577487759869e-01,4.657994728933283896e-02,-7.734140541256279144e-02,4.813431303295814118e-02,2.003099880112521949e-02,2.685328939465935968e-02
-1.316892706108658828e-01,4.706593938798047522e-02,-7.817932019531084742e-02,4.851736513133486639e-02,1.993612480140940016e-02,2.619182956466214324e-02
-1.296429893567941360e-01,4.755046266126568277e-02,-7.901254810708953358e-02,4.887507268200463884e-02,1.984703244197625130e-02,2.554391645469475391e-02
-1.276039708543173501e-01,4.804328973677361725e-02,-7.985637877894716241e-02,4.921151810690434919e-02,1.977247228695026143e-02,2.492773112308019692e-02
-1.255728897981489567e-01,4.854456103145505380e-02,-8.071103189830669544e-02,4.952676006387558144e-02,1.971257006787279636e-02,2.434353480240327230e-02
-1.235497461882898856e-01,4.905427654530974957e-02,-8.157650746516778573e-02,4.982079855291816906e-02,1.966732578474388038e-02,2.379132749266423680e-02
-1.215345400247391933e-01,4.957243627833795435e-02,-8.245280547953082184e-02,5.009363357403226469e-02,1.963673943756349266e-02,2.327110919386284060e-02
-1.195272713074978094e-01,5.009904023053941141e-02,-8.333992594139540133e-02,5.034526512721773650e-02,1.962081102633164709e-02,2.278287990599933005e-02
-1.175279400365648180e-01,5.063408840191437055e-02,-8.423786885076191278e-02,5.057569321247469551e-02,1.961954055104833672e-02,2.232663962907347269e-02
-1.155365462119411074e-01,5.117758079246259584e-02,-8.514663420762995372e-02,5.078491782980304459e-02,1.963292801171356156e-02,2.190238836308547668e-02
-1.135530898336258171e-01,5.172951740218432320e-02,-8.606622201199996824e-02,5.097293897920286698e-02,1.966097340832732854e-02,2.151012610803515815e-02
-1.115775709016198075e-01,5.228989823107929591e-02,-8.699663226387149839e-02,5.113975666067410025e-02,1.970367674088963073e-02,2.114985286392268363e-02
-1.096084279023782221e-01,5.286165259550336393e-02,-8.794218712019322148e-02,5.128235915097101999e-02,1.976384306684370734e-02,2.082657728103280356e-02
-1.076419824700870359e-01,5.345168091408240840e-02,-8.891306803243344270e-02,5.139365191039237807e-02,1.984808009538821180e-02,2.055209794289930558e-02
-1.056780804241949506e-01,5.406027242132881855e-02,-8.990970176124402080e-02,5.147333756774375574e-02,1.995666479197263921e-02,2.032690939307612785e-02
-1.037167217647028267e-01,5.468742711724231681e-02,-9.093208830662452558e-02,5.152141612302513218e-02,2.008959715659694098e-02,2.015101163156337444e-02
-1.017579064916098175e-01,5.533314500182318768e-02,-9.198022766857541499e-02,5.153788757623652128e-02,2.024687718926118304e-02,2.002440465836096903e-02
-9.980163460491678351e-02,5.599742607507113279e-02,-9.305411984709621720e-02,5.152275192737791609e-02,2.042850488996528213e-02,1.994708847346896019e-02
-9.784790610462285043e-02,5.668027033698645745e-02,-9.415376484218739017e-02,5.147600917644931662e-02,2.063448025870933192e-02,1.991906307688731670e-02
-9.589672099072889255e-02,5.738167778756885634e-02,-9.527916265384848982e-02,5.139765932345072286e-02,2.086480329549323179e-02,1.994032846861605590e-02
-9.394807926323403557e-02,5.810164842681863479e-02,-9.643031328207997410e-02,5.128770236838212787e-02,2.111947400031708583e-02,2.001088464865518127e-02
-9.200304360356094391e-02,5.883624008427707636e-02,-9.760049956206988397e-02,5.114206078346628798e-02,2.139807621413597136e-02,2.013237014453070350e-02
-9.007115770588204617e-02,5.955004904584697972e-02,-9.872939620219552126e-02,5.092411524207211826e-02,2.169687250956135391e-02,2.031950019006753885e-02
-8.815469089358203558e-02,6.023465692816236394e-02,-9.980265890428105524e-02,5.062515830945645695e-02,2.201497419179481579e-02,2.057577381023547106e-02
-8.625364316666005171e-02,6.089006373122351351e-02,-1.008202876683269439e-01,5.024518998561917915e-02,2.235238126083648885e-02,2.090119100503460767e-02
-8.436801452511695498e-02,6.151626945503015087e-02,-1.017822824943327431e-01,4.978421027056045139e-02,2.270909371668622737e-02,2.129575177446480991e-02
-8.249780496895187110e-02,6.211327409958254664e-02,-1.026886433822988554e-01,4.924221916428007939e-02,2.308511155934419093e-02,2.175945611852625125e-02
-8.064301449816566048e-02,6.268107766488044408e-02,-1.035393703322249059e-01,4.861921666677829212e-02,2.348043478881021301e-02,2.229230403721872353e-02
-7.880364311275750433e-02,6.321968015092409299e-02,-1.043344633441112695e-01,4.791520277805480510e-02,2.389506340508446708e-02,2.289429553054246960e-02
-7.697969081272819369e-02,6.372908155771324357e-02,-1.050739224179575854e-01,4.713017749810995138e-02,2.432899740816676926e-02,2.356543059849721539e-02
-7.517115759807692366e-02,6.420928188524811786e-02,-1.057577475537641726e-01,4.626414082694336322e-02,2.478223679805731036e-02,2.430570924108325925e-02
-7.337804346880452688e-02,6.466028113352853546e-02,-1.063859387515307536e-01,4.531709276455544305e-02,2.525478157475589264e-02,2.511513145830027854e-02
-7.160034842491017071e-02,6.508207930255467677e-02,-1.069584960112575922e-01,4.428903331094576068e-02,2.574663173826272772e-02,2.599369725014863061e-02
-6.983807246639466004e-02,6.547467639232634751e-02,-1.074754193329444385e-01,4.317996246611477407e-02,2.625778728857759356e-02,2.694140661662792341e-02
-6.809121559325723161e-02,6.583807240284371420e-02,-1.079367087165915146e-01,4.198988023006199055e-02,2.678824822570071221e-02,2.795825955773856980e-02
-6.635977780549862093e-02,6.617226733410663808e-02,-1.083423641621985983e-01,4.071878660278793055e-02,2.733801454963185815e-02,2.904425607348013610e-02
-6.464375910311809248e-02,6.647726118611525792e-02,-1.086923856697659119e-01,3.936668158429204589e-02,2.790708626037127077e-02,3.019939616385309070e-02
-6.294315948611638178e-02,6.675305395886944881e-02,-1.089867732392932748e-01,3.793356517457491944e-02,2.849546335791870028e-02,3.142367982885692357e-02
-6.126343623936802291e-02,6.699949489951130543e-02,-1.092255716610275457e-01,3.642235742394965559e-02,2.910241800461693673e-02,3.271552969143276535e-02
-5.966172539253716822e-02,6.721500567376585689e-02,-1.094092498745466574e-01,3.486363032657849303e-02,2.972032997265328796e-02,3.405843111756003821e-02
-5.815324870593441969e-02,6.739916579343746550e-02,-1.095379328112800754e-01,3.326552864803346277e-02,3.034716913704451485e-02,3.544798440004649775e-02
-5.673800617956044345e-02,6.755197525852606188e-02,-1.096116204712277720e-01,3.162805238831529336e-02,3.098293549779033290e-02,3.688418953889151947e-02
-5.541599781341462194e-02,6.767343406903171543e-02,-1.096303128543897609e-01,2.995120154742324237e-02,3.162762905489102661e-02,3.836704653409574867e-02
-5.418722360749753802e-02,6.776354222495435675e-02,-1.095940099607660284e-01,2.823497612535806611e-02,3.228124980834631147e-02,3.989655538565852616e-02
-5.305168356180864353e-02,6.782229972629404136e-02,-1.095027117903565883e-01,2.647937612211899785e-02,3.294379775815647199e-02,4.147271609358052502e-02
-5.200937767634844500e-02,6.784970657305074149e-02,-1.093564183431614545e-01,2.468440153770681475e-02,3.361527290432123061e-02,4.309552865786105136e-02
-5.106030595111647752e-02,6.784576276522444327e-02,-1.091551296191805576e-01,2.285005237212072576e-02,3.429567524684086488e-02,4.476499307850081988e-02
-5.020446838611316437e-02,6.781046830281518834e-02,-1.088988456184140086e-01,2.097632862536153234e-02,3.498500478571507644e-02,4.648110935549909506e-02
-4.944186498133813085e-02,6.774382318582293505e-02,-1.085875663408616826e-01,1.906323029742842262e-02,3.568326152094417753e-02,4.824387748885664018e-02
-4.877249573679169614e-02,6.764582741424772505e-02,-1.082212917865237184e-01,1.711075738832223275e-02,3.639044545252786284e-02,5.005329747857266420e-02
-4.819636065247358964e-02,6.751648098808950282e-02,-1.078000219553999633e-01,1.511890989804209190e-02,3.710655658046643768e-02,5.190936932464797204e-02
-4.771345972838404031e-02,6.735578390734835164e-02,-1.073237568474905840e-01,1.308768782658889691e-02,3.783159490475958286e-02,5.381209302708174491e-02
-4.732379296452286083e-02,6.716373617202416046e-02,-1.067924964627953721e-01,1.101709117396173707e-02,3.856556042540763840e-02,5.576146858587482935e-02
-4.702736036089019689e-02,6.694033778211705421e-02,-1.062062408013146053e-01,8.907119940161536964e-03,3.930845314241024346e-02,5.775749600102635800e-02
-4.682416191748594442e-02,6.668558873762689410e-02,-1.055649898630479505e-01,6.757774125187353785e-03,4.006027305576775888e-02,5.980017527253721210e-02
-4.670583987410920762e-02,6.640570592520821103e-02,-1.048795768784855365e-01,4.578493799506110941e-03,4.081943765972154831e-02,6.188187813273061944e-02
-4.662445787439659095e-02,6.613634661271364235e-02,-1.042121363890399777e-01,2.423422964747818688e-03,4.157687041245304582e-02,6.395885226651905342e-02
-4.657238390725241400e-02,6.588318784121484362e-02,-1.035725609177455403e-01,3.011819594740281435e-04,4.233112622565882166e-02,6.602413180958589811e-02
-4.654961797267666290e-02,6.564622961071170382e-02,-1.029608504646019329e-01,-1.788229216316202051e-03,4.308220509933921583e-02,6.807771676193202781e-02
-4.655616007066933765e-02,6.542547192120433397e-02,-1.023770050296094469e-01,-3.844810562621945281e-03,4.383010703349390913e-02,7.011960712355655434e-02
-4.659201020123043130e-02,6.522091477269263693e-02,-1.018210246127678187e-01,-5.868562079444113525e-03,4.457483202812322076e-02,7.214980289446037975e-02
-4.665716836435995080e-02,6.503255816517669596e-02,-1.012929092140773119e-01,-7.859483766781810363e-03,4.531638008322682459e-02,7.416830407464261588e-02
-4.675163456005791002e-02,6.486040209865642781e-02,-1.007926588335376489e-01,-9.817575624635917902e-03,4.605475119880505369e-02,7.617511066410413700e-02
-4.687540878832427427e-02,6.470444657313192960e-02,-1.003202734711490796e-01,-1.174283765300556878e-02,4.678994537485757499e-02,7.817022266284406884e-02
-4.702849104915908518e-02,6.456469158860309032e-02,-9.987575312691139573e-02,-1.363526985189161475e-02,4.752196261138470768e-02,8.015364007086327180e-02
-4.721088134256229418e-02,6.444113714507000712e-02,-9.945909780082479168e-02,-1.549487222129321447e-02,4.825080290838613950e-02,8.212536288816091323e-02
-4.742257966853397066e-02,6.433378324253262448e-02,-9.907030749288907312e-02,-1.732164476121120233e-02,4.897646626586218965e-02,8.408539111473782579e-02
-4.766358602707401748e-02,6.424262988099097016e-02,-9.870938220310442046e-02,-1.911558747164475783e-02,4.969895268381253894e-02,8.603372475059314906e-02
-4.793390041818254566e-02,6.416767706044501640e-02,-9.837632193147068105e-02,-2.087670035259468065e-02,5.041826216223749269e-02,8.797036379572775733e-02
-4.823352284185944416e-02,6.410892478089477708e-02,-9.807112667798799366e-02,-2.260498340406018672e-02,5.113439470113675944e-02,8.989530825014077631e-02
-4.856245329810482403e-02,6.406637304234026609e-02,-9.779379644265621951e-02,-2.430043662604204971e-02,5.184735030051063065e-02,9.180855811383306642e-02
-4.892069178691856729e-02,6.404002184478146953e-02,-9.754433122547548352e-02,-2.596306001853951329e-02,5.255712896035880100e-02,9.371011338680379499e-02
-4.930823830830081966e-02,6.402987118821838741e-02,-9.732273102644568852e-02,-2.759285358155330950e-02,5.326373068068158967e-02,9.559997406905379469e-02
-4.972486431729854217e-02,6.403597332040986134e-02,-9.712907259025718720e-02,-2.918982713359043885e-02,5.396715499795683851e-02,9.747813171621717843e-02
-5.014395003736651230e-02,6.406441379979121997e-02,-9.697229475577193170e-02,-3.075512428547343829e-02,5.466734792347334448e-02,9.934360277075919565e-02
-5.054726828557710994e-02,6.411935955040205803e-02,-9.685851815479992744e-02,-3.228952809424988357e-02,5.536427248989864158e-02,1.011957137678552721e-01
-5.093481906193051550e-02,6.420081057224236165e-02,-9.678774278734111891e-02,-3.379303855992044775e-02,5.605792869723304206e-02,1.030344647075061987e-01
-5.130660236642656247e-02,6.430876686531214470e-02,-9.675996865339557551e-02,-3.526565568248447857e-02,5.674831654547624060e-02,1.048598555897111845e-01
-5.166261819906541042e-02,6.444322842961142106e-02,-9.677519575296322785e-02,-3.670737946194261442e-02,5.743543603462854252e-02,1.066718864144710482e-01
-5.200286655984689976e-02,6.460419526514013522e-02,-9.683342408604410367e-02,-3.811820989829421691e-02,5.811928716468962863e-02,1.084705571817849434e-01
-5.232734744877119010e-02,6.479166737189838432e-02,-9.693465365263823075e-02,-3.949814699153993136e-02,5.879986993565981812e-02,1.102558678916537027e-01
-5.263606086583812876e-02,6.500564474988605734e-02,-9.707888445274553968e-02,-4.084719074167911246e-02,5.947718434753881261e-02,1.120278185440765351e-01
-5.292900681104784760e-02,6.524612739910323755e-02,-9.726611648636611374e-02,-4.216534114871239164e-02,6.015123040032689661e-02,1.137864091390542037e-01
-5.320618528440023559e-02,6.551311531954985556e-02,-9.749634975349988353e-02,-4.345259821263915134e-02,6.082200809402378561e-02,1.155316396765859455e-01
-5.346759628589540375e-02,6.580660851122600852e-02,-9.776958425414691845e-02,-4.470896193345999525e-02,6.148951742862976411e-02,1.172635101566725235e-01
-5.371323981553322718e-02,6.612660697413155764e-02,-9.808581998830710746e-02,-4.593443231117434744e-02,6.215375840414455455e-02,1.189820205793131747e-01
-5.394311587331383079e-02,6.647311070826666946e-02,-9.844505695598061712e-02,-4.712900934578275608e-02,6.281473102056843449e-02,1.206871709445086760e-01
-5.415722445923711048e-02,6.684611971363117744e-02,-9.884729515716723924e-02,-4.829269303728468687e-02,6.347243527790111250e-02,1.223789612522582504e-01
-5.435556557330315647e-02,6.724563399022523424e-02,-9.929253459186720976e-02,-4.942548338568066024e-02,6.412687117614289389e-02,1.240573915025626472e-01
-5.453813921551187160e-02,6.767165353804868722e-02,-9.978077526008027887e-02,-5.052738039097016964e-02,6.477803871529345947e-02,1.257224616954211449e-01
-5.470494538586335997e-02,6.812417835710170289e-02,-1.003120171618066825e-01,-5.159838405315372162e-02,6.542593789535314230e-02,1.273741718308344650e-01
-5.485598408435752443e-02,6.860320844738410084e-02,-1.008862602970462125e-01,-5.263849437223080963e-02,6.607056871632160933e-02,1.290125219088018860e-01
-5.499125531099444825e-02,6.910874380889607538e-02,-1.015035046657990769e-01,-5.364771134820192633e-02,6.671193117819916585e-02,1.306375119293241016e-01
-5.510865864754609100e-02,6.963512796403595329e-02,-1.021551556910369335e-01,-5.462383439536974694e-02,6.734572930332445584e-02,1.322415712389247988e-01
-5.520142152465624952e-02,7.016412221807265259e-02,-1.028135010970640389e-01,-5.555976796530639333e-02,6.795811118055206101e-02,1.338002890916623333e-01
-5.526902955157389496e-02,7.069434130414685435e-02,-1.034764360788117121e-01,-5.645497313632712177e-02,6.854802472837438765e-02,1.353118114405300332e-01
-5.531148272829906204e-02,7.122578522225880837e-02,-1.041439606362802722e-01,-5.730944990843231390e-02,6.911546994679167166e-02,1.367761382855285646e-01
-5.532878105483172299e-02,7.175845397240829260e-02,-1.048160747694694139e-01,-5.812319828162160196e-02,6.966044683580370489e-02,1.381932696266573168e-01
-5.532092453117189862e-02,7.229234755459552908e-02,-1.054927784783794148e-01,-5.889621825589533982e-02,7.018295539541069550e-02,1.395632054639168729e-01
-5.528791315731957506e-02,7.282746596882026802e-02,-1.061740717630099973e-01,-5.962850983125319443e-02,7.068299562561242144e-02,1.408859457973066220e-01
-5.522974693327476620e-02,7.336380921508266206e-02,-1.068599546233613001e-01,-6.032007300769533231e-02,7.116056752640899374e-02,1.421614906268269252e-01
-5.514642585903745120e-02,7.390137729338279449e-02,-1.075504270594334760e-01,-6.097090778522190613e-02,7.161567109780053730e-02,1.433898399524779765e-01
-5.503794993460765089e-02,7.444017020372044324e-02,-1.082454890712262197e-01,-6.158101416383260363e-02,7.204830633978680232e-02,1.445709937742593043e-01
-5.490431915998533752e-02,7.498018794609584425e-02,-1.089451406587398502e-01,-6.215039214352771624e-02,7.245847325236803860e-02,1.457049520921713803e-01
-5.474553353517055271e-02,7.552143052050876160e-02,-1.096493818219740485e-01,-6.267904172430699417e-02,7.284617183554402409e-02,1.467917149062137327e-01
-5.456159306016324095e-02,7.606389792695943119e-02,-1.103582125609291337e-01,-6.316696290617065945e-02,7.321140208931493920e-02,1.478312822163868334e-01
-5.435249773496347858e-02,7.660759016544763100e-02,-1.110716328756047866e-01,-6.361415568911849006e-02,7.355416401368061741e-02,1.488236540226902382e-01
-5.411824755957116845e-02,7.715250723597358307e-02,-1.117896427660012987e-01,-6.402062007315069414e-02,7.387445760864122524e-02,1.497688303251243358e-01
-5.385884253398641464e-02,7.769864913853703758e-02,-1.125122422321183924e-01,-6.438635605826709130e-02,7.417228287419662391e-02,1.506668111236887653e-01
-5.357428265820911306e-02,7.824601587313824436e-02,-1.132394312739563869e-01,-6.471136364446784806e-02,7.444763981034691058e-02,1.515175964183838875e-01
-5.326456793223937475e-02,7.879460743977698134e-02,-1.139712098915149213e-01,-6.499564283175282564e-02,7.470052841709200198e-02,1.523211862092093416e-01
-5.292969835607707479e-02,7.934442383845347058e-02,-1.147075780847943566e-01,-6.523919362012212120e-02,7.493094869443199524e-02,1.530775804961654885e-01
-5.257029111430101820e-02,7.989637364078107373e-02,-1.154499090428929287e-01,-6.544259503296581681e-02,7.513976124738952489e-02,1.537882884569100883e-01
-5.219049728687272238e-02,8.045656774704727787e-02,-1.162074386053764397e-01,-6.560974148449211230e-02,7.533275436100680955e-02,1.544634605672520755e-01
-5.179108917266612988e-02,8.102614307618691281e-02,-1.169818850789406950e-01,-6.574135752150196688e-02,7.551100493239491784e-02,1.551049852998555578e-01
-5.137206677168106722e-02,8.160509962820021446e-02,-1.177732484635860555e-01,-6.583744314399543607e-02,7.567451296155393303e-02,1.557128626547207850e-01
-5.093343008391770094e-02,8.219343740308696078e-02,-1.185815287593121881e-01,-6.589799835197245048e-02,7.582327844848378573e-02,1.562870926318474796e-01
-5.047517910937585062e-02,8.279115640084737382e-02,-1.194067259661194258e-01,-6.592302314543306563e-02,7.595730139318453145e-02,1.568276752312359468e-01
-4.999731384805571055e-02,8.339825662148121765e-02,-1.202488400840074079e-01,-6.591251752437725375e-02,7.607658179565611467e-02,1.573346104528858813e-01
-4.949983429995707257e-02,8.401473806498874208e-02,-1.211078711129765090e-01,-6.586648148880502873e-02,7.618111965589859091e-02,1.578078982967975608e-01
-4.898274046508016566e-02,8.464060073136966955e-02,-1.219838190530263544e-01,-6.578491503871640445e-02,7.627091497391191854e-02,1.582475387629707353e-01
-4.844603234342474696e-02,8.527584462062430537e-02,-1.228766839041573189e-01,-6.566781817411132538e-02,7.634596774969612532e-02,1.586535318514056270e-01
-4.788970993499106626e-02,8.592046973275234423e-02,-1.237864656663690277e-01,-6.551519089498986093e-02,7.640627798325119735e-02,1.590258775621020415e-01
-4.731377323977886684e-02,8.657447606775409144e-02,-1.247131643396618833e-01,-6.532703320135194169e-02,7.645184567457713465e-02,1.593645758950601454e-01
-4.671822225778841237e-02,8.723786362562922780e-02,-1.256567799240354277e-01,-6.510334509319766483e-02,7.648267082367393721e-02,1.596696268502798000e-01
-4.610305698901942528e-02,8.791063240637808640e-02,-1.266173124194901745e-01,-6.484412657052689155e-02,7.649875343054160504e-02,1.599410304277611161e-01
-4.546827743347220396e-02,8.859278241000033416e-02,-1.275947618260255823e-01,-6.454937763333977452e-02,7.650009349518013813e-02,1.601787866275040106e-01
-4.481388359114643616e-02,8.928431363649627639e-02,-1.285891281436421507e-01,-6.421909828163617495e-02,7.648669101758953648e-02,1.603828954495085668e-01
-4.413987546204242718e-02,8.998522608586563554e-02,-1.296004113723394635e-01,-6.385328851541621775e-02,7.645854599776981397e-02,1.605533568937746736e-01
-4.344625304615988559e-02,9.069551975810870303e-02,-1.306286115121179092e-01,-6.345194833467976414e-02,7.641565843572094285e-02,1.606901709603024420e-01
-4.273301634349910977e-02,9.141519465322515969e-02,-1.316737285629770438e-01,-6.301507773942698065e-02,7.635802833144296475e-02,1.607933376490917887e-01
-4.200001007350800258e-02,9.214379610083048289e-02,-1.327351190660197855e-01,-6.254233390970639905e-02,7.628526545164743267e-02,1.608620338938651362e-01
-4.124367878366303614e-02,9.287091353148232975e-02,-1.337980497688501524e-01,-6.202586731093635147e-02,7.618843464048785652e-02,1.608774139792994440e-01
-4.046254088981987573e-02,9.359220878161067514e-02,-1.348563812129913719e-01,-6.146240698227662530e-02,7.606381255047539591e-02,1.608316247522960929e-01
-3.965659639197887526e-02,9.430768185121518599e-02,-1.359101133984429444e-01,-6.085195292372747033e-02,7.591139918161009248e-02,1.607246662128551384e-01
-3.882584529013966695e-02,9.501733274029619536e-02,-1.369592463252053138e-01,-6.019450513528860902e-02,7.573119453389189071e-02,1.605565383609765251e-01
-3.797028758430263246e-02,9.572116144885335631e-02,-1.380037799932780362e-01,-5.949006361696033279e-02,7.552319860732084611e-02,1.603272411966602529e-01
-3.708992327446739012e-02,9.641916797688702967e-02,-1.390437144026615557e-01,-5.873862836874233634e-02,7.528741140189690317e-02,1.600367747199063495e-01
-3.618475236063432160e-02,9.711135232439685461e-02,-1.400790495533554003e-01,-5.794019939063494579e-02,7.502383291762013129e-02,1.596851389307148428e-01
-3.525477484280303136e-02,9.779771449138317807e-02,-1.411097854453600975e-01,-5.709477668263781419e-02,7.473246315449044719e-02,1.592723338290855939e-01
-3.429999072097393575e-02,9.847825447784566699e-02,-1.421359220786751476e-01,-5.620236024475130238e-02,7.441330211250794802e-02,1.587983594150188249e-01
-3.332039999514660455e-02,9.915297228378465444e-02,-1.431574594533009670e-01,-5.526295007697503564e-02,7.406634979167252275e-02,1.582632156885142860e-01
-3.231600266532147492e-02,9.982186790919980734e-02,-1.441743975692371671e-01,-5.427654617930940950e-02,7.369160619198429629e-02,1.576669026495722548e-01
-3.128679873149809582e-02,1.004849413540914588e-01,-1.451867364264841365e-01,-5.324314855175400069e-02,7.328907131344311598e-02,1.570094202981924258e-01
-3.023278819367693215e-02,1.011421926184592618e-01,-1.461944760250414865e-01,-5.216275719430926022e-02,7.285874515604916224e-02,1.562907686343751046e-01
-2.915397105185751209e-02,1.017936217023035633e-01,-1.471976163649096336e-01,-5.103537210697470933e-02,7.240062771980225464e-02,1.555109476581199857e-01
-2.805034730604031787e-02,1.024392286056240581e-01,-1.481961574460881614e-01,-4.986099328975085454e-02,7.191471900470257361e-02,1.546699573694274021e-01
-2.692191695622485337e-02,1.030790133284210097e-01,-1.491900992685774585e-01,-4.863962074263716850e-02,7.140101901074989710e-02,1.537677977682969932e-01
-2.576868000241162512e-02,1.037129758706941407e-01,-1.501794418323771085e-01,-4.737125446563419939e-02,7.085952773794448878e-02,1.528044688547291197e-01
-2.459063644460011966e-02,1.043411162324437702e-01,-1.511641851374875556e-01,-4.605589445874137822e-02,7.029024518628608498e-02,1.517799706287234207e-01
-2.338778628279086086e-02,1.049634344136695790e-01,-1.521443291839084111e-01,-4.469354072195928784e-02,6.969317135577493549e-02,1.506943030902803127e-01
-2.217098066159301634e-02,1.055707889958198281e-01,-1.531049657356222671e-01,-4.330135893558628019e-02,6.907448488527845321e-02,1.495594823695847453e-01
-2.096759235626787302e-02,1.061401201078309570e-01,-1.540084877190227852e-01,-4.192265073515743373e-02,6.844977182578267094e-02,1.484058199999273298e-01
-1.977895074566738201e-02,1.066703078301978053e-01,-1.548530687190727839e-01,-4.055951909627506652e-02,6.781978912525396530e-02,1.472347880830932321e-01
-1.860505582979207762e-02,1.071613521629201371e-01,-1.556387087357718468e-01,-3.921196401893977529e-02,6.718453678369258608e-02,1.460463866190829518e-01
-1.744590760864142900e-02,1.076132531059981468e-01,-1.563654077691203348e-01,-3.787998550315097024e-02,6.654401480109828348e-02,1.448406156078960449e-01
-1.630150608221596353e-02,1.080260106594316538e-01,-1.570331658191179702e-01,-3.656358354890923423e-02,6.589822317747134894e-02,1.436174750495329555e-01
-1.517185125051516772e-02,1.083996248232208109e-01,-1.576419828857650030e-01,-3.526275815621399135e-02,6.524716191281144939e-02,1.423769649439931839e-01
-1.405694311353953944e-02,1.087340955973654794e-01,-1.581918589690611554e-01,-3.397750932506580362e-02,6.459083100711891789e-02,1.411190852912772853e-01
-1.295678167128858430e-02,1.090294229818658256e-01,-1.586827940690067051e-01,-3.270783705546412984e-02,6.392923046039343526e-02,1.398438360913847045e-01
-1.187136692376279667e-02,1.092856069767216692e-01,-1.591147881856014301e-01,-3.145374134740950428e-02,6.326236027263532069e-02,1.385512173443159689e-01
-1.080069887096168912e-02,1.095026475819331491e-01,-1.594878413188454969e-01,-3.021522220090137878e-02,6.259022044384425498e-02,1.372412290500705234e-01
-9.744777512885740428e-03,1.096805447975001818e-01,-1.598019534687387389e-01,-2.899227961594031192e-02,6.191281097402055039e-02,1.359138712086490064e-01
-8.703602849534477007e-03,1.098192986234228230e-01,-1.600571246352813226e-01,-2.778491359252575205e-02,6.123013186316390855e-02,1.345691438200507239e-01
-7.677174880908368103e-03,1.099189090597010310e-01,-1.602533548184731371e-01,-2.659312413065823694e-02,6.054218311127461394e-02,1.332070468842763422e-01
-6.665493607006948810e-03,1.099793761063348335e-01,-1.603906440183142379e-01,-2.541691123033723923e-02,5.984896471835238208e-02,1.318275804013252228e-01
-5.668559027830677097e-03,1.100006997633242029e-01,-1.604689922348045694e-01,-2.425627489156327588e-02,5.915047668439750439e-02,1.304307443711980319e-01
-4.686371143379107138e-03,1.099828800306691806e-01,-1.604883994679442150e-01,-2.311121511433584380e-02,5.844671900940968251e-02,1.290165387938941310e-01
-3.718929953652674782e-03,1.099259169083697252e-01,-1.604488657177330913e-01,-2.198173189865543914e-02,5.773769169338922175e-02,1.275849636694140754e-01
-2.766235458650950687e-03,1.098298103964258643e-01,-1.603503909841712538e-01,-2.086782524452156229e-02,5.702339473633580985e-02,1.261360189977573376e-01
-1.828287658374356823e-03,1.096945604948375841e-01,-1.601929752672587304e-01,-1.976949515193471285e-02,5.630382813824976601e-02,1.246697047789244867e-01
-9.050865528224781575e-04,1.095201672036048707e-01,-1.599766185669953544e-01,-1.868674162089440163e-02,5.557899189913077104e-02,1.231860210129148842e-01
2.223346554347783741e-06,1.093257690540592464e-01,-1.597288857975028564e-01,-1.762620057784465913e-02,5.486015188353092487e-02,1.217104220667703240e-01
8.918497265022828175e-04,1.091413371254539300e-01,-1.594929438147657252e-01,-1.659826393185648979e-02,5.416495051727095167e-02,1.202827696643975347e-01
1.763771161541710479e-03,1.089672296948559632e-01,-1.592693086393924540e-01,-1.560305590877722644e-02,5.349359869954910945e-02,1.189035403165495663e-01
2.617987651673018938e-03,1.088034467622652351e-01,-1.590579802713829871e-01,-1.464057650860642844e-02,5.284609643036511373e-02,1.175727340232258222e-01
3.454499196895827965e-03,1.086499883276818568e-01,-1.588589587107374357e-01,-1.371082573134452601e-02,5.222244370971924898e-02,1.162903507844268713e-01
4.273305797210509224e-03,1.085068543911057171e-01,-1.586722439574556331e-01,-1.281380357699110281e-02,5.162264053761123767e-02,1.150563906001521586e-01
5.074407452616698858e-03,1.083740449525368993e-01,-1.584978360115377460e-01,-1.194951004554656131e-02,5.104668691404134345e-02,1.138708534704022529e-01
5.857804163114753784e-03,1.082515600119753618e-01,-1.583357348729836633e-01,-1.111794513701051292e-02,5.049458283900930267e-02,1.127337393951765854e-01
6.623495928704326192e-03,1.081393995694211463e-01,-1.581859405417934406e-01,-1.031910885138333060e-02,4.996632831251537205e-02,1.116450483744756694e-01
7.371482749385754353e-03,1.080375636248741972e-01,-1.580484530179670222e-01,-9.553001188664658749e-03,4.946192333455932261e-02,1.106047804082990471e-01
8.101764625158706934e-03,1.079460521783345561e-01,-1.579232723015044915e-01,-8.819622148854837362e-03,4.898136790514136252e-02,1.096129354966471486e-01
8.814341556023506594e-03,1.078648652298021815e-01,-1.578103983924057652e-01,-8.118971731953538579e-03,4.852466202426129055e-02,1.086695136395195577e-01
9.509213541979840215e-03,1.077940027792771288e-01,-1.577098312906709265e-01,-7.451049937961078118e-03,4.809180569191930099e-02,1.077745148369167044e-01
1.018638058302801484e-02,1.077334648267593564e-01,-1.576215709962998923e-01,-6.815856766877155873e-03,4.768279890811521343e-02,1.069279390888381587e-01
1.084584267916773037e-02,1.076832513722488921e-01,-1.575456175092926903e-01,-6.213392218702053736e-03,4.729764167284919441e-02,1.061297863952843090e-01
1.148759983039927823e-02,1.076433624157456942e-01,-1.574819708296493481e-01,-5.643656293435509765e-03,4.693633398612107738e-02,1.053800567562547946e-01
1.211165203672237393e-02,1.076137979572498182e-01,-1.574306309573698381e-01,-5.106648991077766819e-03,4.659887584793102888e-02,1.046787501717499624e-01
1.271799929813729677e-02,1.075945579967612226e-01,-1.573915978924541881e-01,-4.602370311628597652e-03,4.628526725827888932e-02,1.040258666417694933e-01
1.330664161464377090e-02,1.075856425342799211e-01,-1.573648716349023702e-01,-4.130820255088214765e-03,4.599550821716481830e-02,1.034214061663136786e-01
1.387757898624206350e-02,1.075870515698059138e-01,-1.573504521847143844e-01,-3.691998821456421269e-03,4.572959872458866315e-02,1.028653687453822546e-01
1.443081141293192128e-02,1.075987851033392007e-01,-1.573483395418902309e-01,-3.285906010733398441e-03,4.548753878055055572e-02,1.023577543789754574e-01
1.496633889471359058e-02,1.076208431348797817e-01,-1.573585337064299372e-01,-2.912541822918978882e-03,4.526932838505039192e-02,1.018985630670930786e-01
1.548416143158682853e-02,1.076532256644276569e-01,-1.573810346783334757e-01,-2.571906258013317847e-03,4.507496753808824808e-02,1.014877948097352989e-01
1.598427963155933315e-02,1.076959322178417944e-01,-1.574158418195260589e-01,-2.263998379235215418e-03,4.490445549115760354e-02,1.011254480423608298e-01
1.647360646773215337e-02,1.077435718676499482e-01,-1.574557002947969131e-01,-1.978167096497240613e-03,4.474928181422850593e-02,1.007937341170770801e-01
1.695879980856060745e-02,1.077909526240330707e-01,-1.574936229890815942e-01,-1.704154369493380596e-03,4.460125013176083342e-02,1.004755208281123552e-01
1.743985965404448377e-02,1.078380744869911201e-01,-1.575296099023800467e-01,-1.441960198223757664e-03,4.446036044375466928e-02,1.001708081754667939e-01
1.791678600418399395e-02,1.078849374565241243e-01,-1.575636610346923261e-01,-1.191584582688255374e-03,4.432661275020993719e-02,9.987959615914025757e-02
1.838957885897892983e-02,1.079315415326320832e-01,-1.575957763860183769e-01,-9.530275228869845329e-04,4.420000705112668571e-02,9.960188477913289873e-02
1.885823821842949263e-02,1.079778867153149968e-01,-1.576259559563582546e-01,-7.262890188198397549e-04,4.408054334650488709e-02,9.933767403544455088e-02
1.932276408253547767e-02,1.080239730045728652e-01,-1.576541997457119038e-01,-5.113690704869212206e-04,4.396822163634456909e-02,9.908696392807538056e-02
1.978315645129709657e-02,1.080698004004056745e-01,-1.576805077540793798e-01,-3.082676778881335202e-04,4.386304192064569701e-02,9.884975445702526287e-02
2.023941532471413771e-02,1.081153689028134385e-01,-1.577048799814606272e-01,-1.169848410235672931e-04,4.376500419940830555e-02,9.862604562229428107e-02
2.069154070278680924e-02,1.081606785117961711e-01,-1.577273164278557016e-01,6.247944010686289594e-05,4.367410847263236695e-02,9.841583742388235190e-02
2.113953258551490647e-02,1.082057292273538307e-01,-1.577478170932645474e-01,2.301251655030774664e-04,4.359035474031790203e-02,9.821912986178957250e-02
2.158339097289863062e-02,1.082505210494864728e-01,-1.577663819776871923e-01,3.859523351651498188e-04,4.351374300246489690e-02,9.803592293601584573e-02
2.202311586493778395e-02,1.082950539781940280e-01,-1.577830110811236364e-01,5.299609490930121906e-04,4.344427325907335852e-02,9.786621664656125485e-02
2.245870726163256420e-02,1.083393280134765657e-01,-1.577977044035739074e-01,6.621510072867275738e-04,4.338194551014328687e-02,9.771001099342573049e-02
2.289016516298277709e-02,1.083833431553340443e-01,-1.578104619450379498e-01,7.825225097462373131e-04,4.332675975567468196e-02,9.756730597660934201e-02
2.331748956898860650e-02,1.084270994037664776e-01,-1.578212837055158191e-01,8.910754564715954017e-04,4.327871599566752991e-02,9.743810159611200616e-02
2.374068047964987549e-02,1.084705967587738518e-01,-1.578301696850074598e-01,9.878098474627528339e-04,4.323781423012185848e-02,9.732239785193382009e-02
2.415973789496676100e-02,1.085138352203561807e-01,-1.578371198835128997e-01,1.072725682719753628e-03,4.320405445903763991e-02,9.722019474407467277e-02
2.457466181493907914e-02,1.085568147885134643e-01,-1.578421343010321387e-01,1.145822962242558970e-03,4.317743668241489502e-02,9.713149227253467521e-02
2.498545223956702074e-02,1.085995354632457166e-01,-1.578452129375652047e-01,1.207101686031202253e-03,4.315796090025360299e-02,9.705629043731374417e-02
2.539210916885039845e-02,1.086419972445528959e-01,-1.578463557931120420e-01,1.256561854085655721e-03,4.314562711255379157e-02,9.699458923841193514e-02
2.579463260278939268e-02,1.086842001324350299e-01,-1.578455628676726785e-01,1.294203466405941926e-03,4.314043531931543302e-02,9.694638867582922037e-02
2.619302254138382649e-02,1.087261441268921186e-01,-1.578428341612471142e-01,1.320026522992042654e-03,4.314238552053854120e-02,9.691168874956559987e-02
2.658727898463387335e-02,1.087678292279241760e-01,-1.578381696738353768e-01,1.334031023843970480e-03,4.315147771622311612e-02,9.689048945962107362e-02
2.697740193253935978e-02,1.088092554355311742e-01,-1.578315694054374108e-01,1.336216968961720635e-03,4.316771190636915778e-02,9.688279080599565551e-02
2.736347394637239638e-02,1.088504797751061876e-01,-1.578231104597068168e-01,1.326593915412692740e-03,4.319109636830962412e-02,9.688862859143364259e-02
2.774653800642214868e-02,1.088922226372096846e-01,-1.578137668719148123e-01,1.305282595747276654e-03,4.322173566796187749e-02,9.690845510495310622e-02
2.812690928763512607e-02,1.089347017144084023e-01,-1.578038329827286812e-01,1.272319493756650204e-03,4.325966140377288799e-02,9.694240702235558393e-02
2.850458779001115509e-02,1.089779170067022990e-01,-1.577933087921484512e-01,1.227704609440827483e-03,4.330487357574265561e-02,9.699048434364104798e-02
2.887957351355040919e-02,1.090218685140914440e-01,-1.577821943001740945e-01,1.171437942799789193e-03,4.335737218387120118e-02,9.705268706880953999e-02
2.925186645825271839e-02,1.090665562365757679e-01,-1.577704895068056390e-01,1.103519493833559836e-03,4.341715722815849693e-02,9.712901519786099058e-02
2.962146662411824574e-02,1.091119801741553264e-01,-1.577581944120430568e-01,1.023949262542109273e-03,4.348422870860457756e-02,9.721946873079549689e-02
2.998837401114683165e-02,1.091581403268300915e-01,-1.577453090158863758e-01,9.327272489254732814e-04,4.355858662520939451e-02,9.732404766761296178e-02
3.035258861933855939e-02,1.092050366946000356e-01,-1.577318333183355681e-01,8.298534529836350563e-04,4.364023097797298245e-02,9.744275200831342687e-02
3.071411044869350529e-02,1.092526692774652280e-01,-1.577177673193906338e-01,7.153278747165682516e-04,4.372916176689534834e-02,9.757558175289693381e-02
3.107293949921150628e-02,1.093010380754256133e-01,-1.577031110190516006e-01,5.891505141243233911e-04,4.382537899197645748e-02,9.772253690136339932e-02
3.142907577089272542e-02,1.093501430884812192e-01,-1.576878644173184130e-01,4.513213712068443132e-04,4.392888265321635149e-02,9.788361745371290668e-02
3.178251926373700659e-02,1.093999843166320318e-01,-1.576720275141911265e-01,3.018404459641930342e-04,4.403967275061498876e-02,9.805882340994537261e-02
3.213326997774450938e-02,1.094505617598780511e-01,-1.576556003096697411e-01,1.407077383963023336e-04,4.415774928417241785e-02,9.824815477006089426e-02
3.248132791291506727e-02,1.095018754182192772e-01,-1.576385828037542569e-01,-3.207675149675612292e-05,4.428311225388857630e-02,9.845161153405936061e-02
3.282669306924883290e-02,1.095539252916557238e-01,-1.576209749964446183e-01,-2.165130237150589883e-04,4.441576165976353352e-02,9.866919370194088268e-02
3.316936544674567444e-02,1.096067113801873771e-01,-1.576027768877409085e-01,-4.126010782585240802e-04,4.455569750179722011e-02,9.890090127370534945e-02
3.350934504540572373e-02,1.096602336838142372e-01,-1.575839884776430444e-01,-6.203409151272383515e-04,4.470291977998969851e-02,9.914673424935288581e-02
3.384663186522883505e-02,1.097144922025363040e-01,-1.575646097661510814e-01,-8.397325343211102956e-04,4.485742849434092017e-02,9.940669262888335300e-02
3.418122590621516799e-02,1.097694869363536052e-01,-1.575446407532650195e-01,-1.070775935840236623e-03,4.501922364485092670e-02,9.968077641229688979e-02
3.451312716836455602e-02,1.098252178852660854e-01,-1.575240814389848309e-01,-1.313471119684515203e-03,4.518830523151966955e-02,9.996898559959337127e-02
3.484233565167715874e-02,1.098816850492737862e-01,-1.575029318233105158e-01,-1.567818085854053804e-03,4.536467325434721115e-02,1.002713201907729085e-01
3.516885135615283042e-02,1.099388884283767076e-01,-1.574811919062421017e-01,-1.833816834348738802e-03,4.554832771333348213e-02,1.005877801858353904e-01
3.549267428179170986e-02,1.099968280225748357e-01,-1.574588616877795610e-01,-2.111467365168689676e-03,4.573926860847855186e-02,1.009183655847809419e-01
3.581380442859365826e-02,1.100555038318681567e-01,-1.574359411679228937e-01,-2.400769678313781526e-03,4.593749593978234402e-02,1.012630763876094242e-01
3.613224179655881441e-02,1.101149158562567260e-01,-1.574124303466721275e-01,-2.701723773784143155e-03,4.614300970724494189e-02,1.016219125943209761e-01
3.644806715158930427e-02,1.101751834849672151e-01,-1.573884528925593440e-01,-3.014515422224217558e-03,4.635597781535678169e-02,1.019951825064034506e-01
3.676434176504048829e-02,1.102408319298731759e-01,-1.573686962160413261e-01,-3.346185891506619180e-03,4.658276435085246386e-02,1.023945716803533884e-01
3.708262610120290070e-02,1.103141678899624001e-01,-1.573555496958385924e-01,-3.700324424727037455e-03,4.682661336789752105e-02,1.028260367568970962e-01
3.740292016007668030e-02,1.103951913652349015e-01,-1.573490133319510875e-01,-4.076931021885629378e-03,4.708752486649207120e-02,1.032895777360347683e-01
3.772522394166168136e-02,1.104839023556906524e-01,-1.573490871243788392e-01,-4.476005682982229714e-03,4.736549884663599636e-02,1.037851946177662382e-01
3.804953744595804960e-02,1.105803008613296945e-01,-1.573557710731218195e-01,-4.897548408017012370e-03,4.766053530832941448e-02,1.043128874020916586e-01
3.837586067296564624e-02,1.106843868821519583e-01,-1.573690651781800842e-01,-5.341559196989792598e-03,4.797263425157220068e-02,1.048726560890108350e-01
3.870419362268461699e-02,1.107961604181575410e-01,-1.573889694395536054e-01,-5.808038049900767288e-03,4.830179567636448679e-02,1.054645006785240174e-01
3.903453629511481615e-02,1.109156214693463316e-01,-1.574154838572423554e-01,-6.296984966749728276e-03,4.864801958270612708e-02,1.060884211706309560e-01
3.936688869025638249e-02,1.110427700357184411e-01,-1.574486084312463341e-01,-6.808399947536894134e-03,4.901130597059729505e-02,1.067444175653318866e-01
3.970125080810916335e-02,1.111776061172737723e-01,-1.574883431615655693e-01,-7.342282992262035880e-03,4.939165484003779638e-02,1.074324898626265318e-01
4.003762264867332527e-02,1.113201297140124085e-01,-1.575346880482000889e-01,-7.898634100925392906e-03,4.978906619102782538e-02,1.081526380625152384e-01
4.037600421194870864e-02,1.114703408259342665e-01,-1.575876430911498371e-01,-8.477453273526714544e-03,5.020354002356719469e-02,1.089048621649976178e-01
4.071639549793546614e-02,1.116282394530394295e-01,-1.576472082904148142e-01,-9.078740510066261871e-03,5.063507633765609167e-02,1.096891621700740588e-01
4.105879650663344510e-02,1.117938255953278143e-01,-1.577133836459950478e-01,-9.702495810543766003e-03,5.108367513329432202e-02,1.105055380777441865e-01
4.140320723804279818e-02,1.119670992527995179e-01,-1.577861691578905656e-01,-1.034871917495950450e-02,5.154933641048208698e-02,1.113539898880083756e-01
4.174962769216335884e-02,1.121480604254544294e-01,-1.578655648261013122e-01,-1.101741060331318939e-02,5.203206016921917837e-02,1.122345176008662376e-01
4.209805786899530750e-02,1.123367091132926598e-01,-1.579515706506272876e-01,-1.170857009560511905e-02,5.253184640950581824e-02,1.131471212163181750e-01
4.244849776853847761e-02,1.125330453163140981e-01,-1.580441866314685195e-01,-1.242219765183498470e-02,5.304869513134177067e-02,1.140918007343637852e-01
4.280094739079302185e-02,1.127370690345188553e-01,-1.581434127686250357e-01,-1.315829327200310553e-02,5.358260633472727158e-02,1.150685561550034708e-01
4.315540673575878061e-02,1.129487802679068342e-01,-1.582492490620967529e-01,-1.391685695610915194e-02,5.413358001966209199e-02,1.160773874782368154e-01
4.351187580343592043e-02,1.131681790164781182e-01,-1.583616955118837266e-01,-1.469788870415346393e-02,5.470161618614646781e-02,1.171182947040642491e-01
4.387035459382427477e-02,1.133952652802326239e-01,-1.584807521179859569e-01,-1.550138851613569284e-02,5.528671483418014232e-02,1.181912778324853280e-01
4.423084310692401017e-02,1.136300390591704346e-01,-1.586064188804034714e-01,-1.632735639205619427e-02,5.588887596376338612e-02,1.192963368635005239e-01
4.459334134273496009e-02,1.138725003532914809e-01,-1.587386957991361869e-01,-1.717579233191460220e-02,5.650809957489592861e-02,1.204334717971093233e-01
4.495784930125729106e-02,1.141226491625958184e-01,-1.588775828741842144e-01,-1.804669633571129653e-02,5.714438566757804039e-02,1.216026826333122812e-01
4.532248219545001455e-02,1.143697370066304453e-01,-1.590089495646354045e-01,-1.893499624988171509e-02,5.778949187023327966e-02,1.227888156177362050e-01
4.568412747675621582e-02,1.145960137806888018e-01,-1.591094606109759446e-01,-1.983231588978818030e-02,5.842980668129683225e-02,1.239668457500579940e-01
4.604273885744301215e-02,1.148012155171289211e-01,-1.591787689868908173e-01,-2.073853069043515504e-02,5.906512767965430011e-02,1.251364008752711976e-01
4.639831633751055617e-02,1.149853422159508864e-01,-1.592168746923800782e-01,-2.165364065182304176e-02,5.969545486530596773e-02,1.262974809933762876e-01
4.675085991695868831e-02,1.151483938771546006e-01,-1.592237777274436994e-01,-2.257764577395143801e-02,6.032078823825154368e-02,1.274500861043728062e-01
4.710036959578756816e-02,1.152903705007401886e-01,-1.591994780920817365e-01,-2.351054605682074278e-02,6.094112779849133327e-02,1.285942162082612250e-01
4.744684537399703611e-02,1.154112720867075531e-01,-1.591439757862941062e-01,-2.445234150043055360e-02,6.155647354602502425e-02,1.297298713050410446e-01
4.779028725158725177e-02,1.155110986350567498e-01,-1.590572708100808641e-01,-2.540303210478127988e-02,6.216682548085291499e-02,1.308570513947127922e-01
4.813069522855806248e-02,1.155898501457877370e-01,-1.589393631634420101e-01,-2.636261786987250180e-02,6.277218360297473487e-02,1.319757564772759129e-01
4.846806930490961396e-02,1.156475266189005563e-01,-1.587902528463774887e-01,-2.733109879570464612e-02,6.337254791239073370e-02,1.330859865527309616e-01
4.880240948064176049e-02,1.156841280543951522e-01,-1.586099398588873832e-01,-2.830847488227728609e-02,6.396791840910066862e-02,1.341877416210774387e-01
4.913371575575465472e-02,1.156996544522715803e-01,-1.583984242009715826e-01,-2.929474612959085192e-02,6.455829509310477554e-02,1.352810216823157885e-01
4.946198813024813706e-02,1.156941058125298127e-01,-1.581557058726302534e-01,-3.028991253764490993e-02,6.514367796440281855e-02,1.363658267364455667e-01
4.978722660412236711e-02,1.156674821351698634e-01,-1.578817848738632013e-01,-3.129397410643989380e-02,6.572406702299504744e-02,1.374421567834672175e-01
5.010943117737719915e-02,1.156197834201917324e-01,-1.575766612046706205e-01,-3.230693083597536985e-02,6.629946226888121241e-02,1.385100118233803246e-01
5.042860185001275808e-02,1.155510096675953918e-01,-1.572403348650523169e-01,-3.332878272625177524e-02,6.686986370206154939e-02,1.395693918561852764e-01
5.074473862202892593e-02,1.154611608773808695e-01,-1.568728058550084570e-01,-3.435952977726865892e-02,6.743527132253582246e-02,1.406202968818816845e-01
5.105784149342582762e-02,1.153502370495481377e-01,-1.564740741745389019e-01,-3.539917198902648582e-02,6.799568513030426753e-02,1.416627269004699929e-01
5.136791046420333129e-02,1.152182381840972519e-01,-1.560441398236437904e-01,-3.644770936152478408e-02,6.855110512536666256e-02,1.426966819119497021e-01
5.167494553436156879e-02,1.150651642810281428e-01,-1.555830028023229838e-01,-3.750514189476403942e-02,6.910153130772322960e-02,1.437221619163213115e-01
5.197894670390040828e-02,1.148910153403408796e-01,-1.550906631105766209e-01,-3.857146958874375225e-02,6.964696367737371885e-02,1.447391669135843495e-01
5.227991397281998853e-02,1.146957913620353930e-01,-1.545671207484045351e-01,-3.964669244346442217e-02,7.018740223431839398e-02,1.457476969037392323e-01
5.257784734112016384e-02,1.144794923461117525e-01,-1.540123757158069207e-01,-4.073081045892554958e-02,7.072284697855700519e-02,1.467477518867855990e-01
5.287223411065584966e-02,1.142418108467965626e-01,-1.534272113971094365e-01,-4.181843801164654428e-02,7.124973496137071427e-02,1.477331212166912711e-01
5.316076973850082654e-02,1.139813649164689857e-01,-1.528151490510168131e-01,-4.288536709422141602e-02,7.175205097314059366e-02,1.486758884663834379e-01
5.344317522333621312e-02,1.136979872485430337e-01,-1.521766149815094726e-01,-4.392866694501456476e-02,7.222785611979939957e-02,1.495726739114552062e-01
5.371945056516186368e-02,1.133916778430188177e-01,-1.515116091885876370e-01,-4.494833756402553254e-02,7.267715040134690996e-02,1.504234775519061873e-01
5.398959576397792393e-02,1.130624366998961849e-01,-1.508201316722511398e-01,-4.594437895125476345e-02,7.309993381778334687e-02,1.512282993877367698e-01
5.425361081978425509e-02,1.127102638191753159e-01,-1.501021824325001752e-01,-4.691679110670182035e-02,7.349620636910850213e-02,1.519871394189466207e-01
5.451149573258098902e-02,1.123351592008560162e-01,-1.493577614693344657e-01,-4.786557403036714037e-02,7.386596805532255616e-02,1.526999976455360175e-01
5.476325050236800773e-02,1.119371228449384525e-01,-1.485868687827543444e-01,-4.879072772225028637e-02,7.420921887642532855e-02,1.533668740675047104e-01
5.500887512914541533e-02,1.115161547514224860e-01,-1.477895043727594504e-01,-4.969225218235169550e-02,7.452595883241699970e-02,1.539877686848529492e-01
5.524836961291311466e-02,1.110722549203082832e-01,-1.469656682393502001e-01,-5.057014741067093755e-02,7.481618792329743084e-02,1.545626814975804841e-01
5.548173395367119592e-02,1.106054233515956498e-01,-1.461153603825261216e-01,-5.142441340720842191e-02,7.507990614906671911e-02,1.550916125056875372e-01
5.570896815141957586e-02,1.101156600452847800e-01,-1.452385808022876867e-01,-5.225505017196376695e-02,7.531711350972476737e-02,1.555745617091739141e-01
5.593007220615834468e-02,1.096029650013754658e-01,-1.443353294986344793e-01,-5.306205770493733348e-02,7.552781000527168664e-02,1.560115291080397815e-01
5.614504611788740523e-02,1.090673382198679292e-01,-1.434056064715668877e-01,-5.384543600612876763e-02,7.571199563570737978e-02,1.564025147022850004e-01
5.635388988660684773e-02,1.085087797007619481e-01,-1.424494117210844957e-01,-5.460518507553842327e-02,7.586967040103191617e-02,1.567475184919097375e-01
5.655660351231658889e-02,1.079272894440577585e-01,-1.414667452471877473e-01,-5.534130491316594652e-02,7.600083430124522643e-02,1.570465404769137707e-01
5.675318699501670505e-02,1.073228674497551105e-01,-1.404576070498761708e-01,-5.605379551901168433e-02,7.610548733634737995e-02,1.572995806572973221e-01
5.694364033470712683e-02,1.066955137178542540e-01,-1.394219971291502658e-01,-5.674265689307530364e-02,7.618362950633833508e-02,1.575066390330602528e-01
5.712796353138792360e-02,1.060452282483549113e-01,-1.383599154850095325e-01,-5.740788903535713056e-02,7.623526081121811959e-02,1.576677156042025907e-01
5.730615658505901905e-02,1.053720110412574018e-01,-1.372713621174544429e-01,-5.804949194585684591e-02,7.626038125098670573e-02,1.577828103707243357e-01
5.747821949572049643e-02,1.046758620965614062e-01,-1.361563370264845529e-01,-5.866746562457474806e-02,7.625899082564410736e-02,1.578519233326255156e-01
5.764415226337227249e-02,1.039567814142672436e-01,-1.350148402121003066e-01,-5.926181007151055946e-02,7.623108953519033837e-02,1.578750544899061026e-01
5.780404081338335470e-02,1.032149651871257096e-01,-1.338471246207713905e-01,-5.983264048865436641e-02,7.617682993578890616e-02,1.578525048993223989e-01
5.796609976536006015e-02,1.024691697945411262e-01,-1.326773723893792112e-01,-6.039097039315468457e-02,7.611079667069256538e-02,1.578130561275243315e-01
5.813573231455332335e-02,1.017317323117491318e-01,-1.315214894044294258e-01,-6.094404396507181049e-02,7.604258284085237130e-02,1.577756393523005729e-01
5.831293846096306105e-02,1.010026527387500594e-01,-1.303794756659225340e-01,-6.149186120440550823e-02,7.597218844626829615e-02,1.577402545736511230e-01
5.849771820458935651e-02,1.002819310755436177e-01,-1.292513311738580917e-01,-6.203442211115602067e-02,7.589961348694033993e-02,1.577069017915760374e-01
5.869007154543212645e-02,9.956956732213008421e-02,-1.281370559282365151e-01,-6.257172668532311188e-02,7.582485796286854429e-02,1.576755810060752605e-01
5.888999848349145416e-02,9.886556147850916743e-02,-1.270366499290573881e-01,-6.310377492690701084e-02,7.574792187405285371e-02,1.576462922171488201e-01
5.909749901876725636e-02,9.816991354468115882e-02,-1.259501131763211546e-01,-6.363056683590748164e-02,7.566880522049330982e-02,1.576190354247967162e-01
5.931257315125963020e-02,9.748262352064575309e-02,-1.248774456700273289e-01,-6.415210241232476018e-02,7.558750800218988486e-02,1.575938106290189489e-01
5.953522088096846465e-02,9.680369140640328329e-02,-1.238186474101764245e-01,-6.466838165615861056e-02,7.550403021914259272e-02,1.575706178298154903e-01
5.976544220789387074e-02,9.613311720195343024e-02,-1.227737183967679280e-01,-6.517940456740928257e-02,7.541837187135144727e-02,1.575494570271863959e-01
6.000323713203574438e-02,9.547090090729648537e-02,-1.217426586298023250e-01,-6.568517114607652641e-02,7.533053295881642075e-02,1.575303282211316103e-01
6.024860565339418272e-02,9.481704252243217113e-02,-1.207254681092791576e-01,-6.618568139216057800e-02,7.524051348153752705e-02,1.575132314116511889e-01
6.050154777196908168e-02,9.417154204736073730e-02,-1.197221468351988838e-01,-6.668093530566121530e-02,7.514831343951476617e-02,1.574981665987450485e-01
6.076206348776056615e-02,9.353439948208194799e-02,-1.187326948075610455e-01,-6.717093288657863259e-02,7.505393283274812422e-02,1.574851337824132724e-01
6.103015280076850430e-02,9.290561482659606685e-02,-1.177571120263660731e-01,-6.765567413491264948e-02,7.495737166123764283e-02,1.574741329626558051e-01
6.130581571099302102e-02,9.228518808090280245e-02,-1.167953984916135779e-01,-6.813515905066347411e-02,7.485862992498325263e-02,1.574651641394726742e-01
6.158905221843399141e-02,9.167311924500244624e-02,-1.158475542033039207e-01,-6.860938763383088446e-02,7.475770762398503688e-02,1.574582273128639076e-01
6.187986232309154039e-02,9.106940831889470678e-02,-1.149135791614367269e-01,-6.907835988441508868e-02,7.465460475824291231e-02,1.574533224828294498e-01
6.217824602496554304e-02,9.047405530257987549e-02,-1.139934733660124128e-01,-6.954207580241587860e-02,7.454932132775693443e-02,1.574504496493693007e-01
6.248420332405613814e-02,8.988706019605767483e-02,-1.130872368170305481e-01,-7.000053538783346241e-02,7.444185733252708936e-02,1.574496088124835158e-01
6.279773422036317998e-02,8.930842299932838235e-02,-1.121948695144915492e-01,-7.045373864066763192e-02,7.433221277255337711e-02,1.574507999721720397e-01
6.311883871388679346e-02,8.873814371239170662e-02,-1.113163714583949998e-01,-7.090168556091859531e-02,7.422038764783579767e-02,1.574540231284349001e-01
6.344751680462687449e-02,8.817622233524793907e-02,-1.104517426487413301e-01,-7.134437614858617216e-02,7.410638195837435105e-02,1.574592782812720970e-01
6.378405525442988611e-02,8.762003141318583377e-02,-1.095970057892972221e-01,-7.178306848545291940e-02,7.398967800451916599e-02,1.574656724031266997e-01
6.412883349077361239e-02,8.706609444287383148e-02,-1.087468983407897938e-01,-7.221942719602766902e-02,7.386959079461279110e-02,1.574720238891307023e-01
6.448185331320156755e-02,8.651439493600017461e-02,-1.079013953441207985e-01,-7.265346017526852496e-02,7.374611707988627807e-02,1.574783271351849478e-01
6.484311472171358504e-02,8.596493289256507131e-02,-1.070604967992906248e-01,-7.308516742317527903e-02,7.361925686033968241e-02,1.574845821412895475e-01
6.521261771630983139e-02,8.541770831256832730e-02,-1.062242027062989119e-01,-7.351454893974815330e-02,7.348901013597297638e-02,1.574907889074444456e-01
6.559036229699011233e-02,8.487272119601013687e-02,-1.053925130651459791e-01,-7.394160472498692571e-02,7.335537690678617384e-02,1.574969474336496700e-01
6.597634846375462214e-02,8.432997154289030572e-02,-1.045654278758314931e-01,-7.436633477889180444e-02,7.321835717277923317e-02,1.575030577199051651e-01
6.637057621660319429e-02,8.378945935320904204e-02,-1.037429471383558288e-01,-7.478873910146259518e-02,7.307795093395223762e-02,1.575091197662109588e-01
6.677304555553598142e-02,8.325118462696612376e-02,-1.029250708527185976e-01,-7.520881769269949224e-02,7.293415819030507619e-02,1.575151335725670509e-01
6.718375648055281701e-02,8.271514736416177294e-02,-1.021117990189201741e-01,-7.562657055260228744e-02,7.278697894183785988e-02,1.575210991389734139e-01
6.760270899165389535e-02,8.218134756479578140e-02,-1.013031316369601975e-01,-7.604199768117118896e-02,7.263641318855047768e-02,1.575270164654301308e-01
6.802990308883902215e-02,8.164978522886834345e-02,-1.004990687068390287e-01,-7.645509907840600250e-02,7.248246093044305449e-02,1.575328855519371185e-01
6.846533877210836394e-02,8.112046035637925090e-02,-9.969961022855629296e-02,-7.686587474430690847e-02,7.232512216751547929e-02,1.575387063984944047e-01
6.890901604146176807e-02,8.059337294732873969e-02,-9.890475620211236496e-02,-7.727432467887374035e-02,7.216439689976782146e-02,1.575444790051020172e-01
6.936093489689940106e-02,8.006852300171657388e-02,-9.811450662750691165e-02,-7.768044888210666465e-02,7.200028512720002549e-02,1.575502033717599004e-01
6.982109533842105475e-02,7.954591051954296166e-02,-9.732886150474023834e-02,-7.808424735400550099e-02,7.183278684981216078e-02,1.575558794984681099e-01
7.028949736602688181e-02,7.902553550080783362e-02,-9.654782083381217850e-02,-7.848572009457034648e-02,7.166190206760419956e-02,1.575615073852265902e-01
7.076614097971692385e-02,7.850739794551103712e-02,-9.577138461472257946e-02,-7.888486710380128442e-02,7.148763078057607245e-02,1.575670870320353689e-01
7.125102617949101436e-02,7.799149785365280807e-02,-9.499955284747180206e-02,-7.928168838169813437e-02,7.130997298872790435e-02,1.575726184388944739e-01
7.174415296534934761e-02,7.747783522523292443e-02,-9.423232553205944384e-02,-7.967618392826109064e-02,7.112892869205957036e-02,1.575781016058038775e-01
7.224552133729171544e-02,7.696641006025160825e-02,-9.346970266848589337e-02,-8.006835374348994505e-02,7.094449789057118150e-02,1.575835365327635518e-01
7.275513129531832601e-02,7.645722235870865136e-02,-9.271168425675080371e-02,-8.045819782738490578e-02,7.075668058426264062e-02,1.575889232197735523e-01
7.327298283942895729e-02,7.595027212060424804e-02,-9.195827029685449405e-02,-8.084571617994579240e-02,7.056547677313403100e-02,1.575942616668338514e-01
7.380036878154210001e-02,7.544495672376211326e-02,-9.120862788598352311e-02,-8.123137045822040325e-02,7.037030736744277759e-02,1.575995478444031928e-01
7.434481097014049300e-02,7.493776998709221482e-02,-9.045791102243207205e-02,-8.161784667887848899e-02,7.016780310268920517e-02,1.576047583077731795e-01
7.490752467543691784e-02,7.442814543315881548e-02,-8.970533676015446378e-02,-8.200557880918990517e-02,6.995741962241693035e-02,1.576098892690908360e-01
7.548850989743113860e-02,7.391608306196215117e-02,-8.895090509915103139e-02,-8.239456684915449913e-02,6.973915692662605026e-02,1.576149407283561898e-01
7.608776663612340507e-02,7.340158287350201372e-02,-8.819461603942144179e-02,-8.278481079877243742e-02,6.951301501531648164e-02,1.576199126855691857e-01
7.670529489151343971e-02,7.288464486777861129e-02,-8.743646958096602806e-02,-8.317631065804353963e-02,6.927899388848830775e-02,1.576248051407299067e-01
7.734109466360154783e-02,7.236526904479173572e-02,-8.667646572378445713e-02,-8.356906642696800003e-02,6.903709354614143145e-02,1.576296180938383251e-01
7.799516595238741024e-02,7.184345540454159518e-02,-8.591460446787707594e-02,-8.396307810554562434e-02,6.878731398827594989e-02,1.576343515448943855e-01
7.866750875787133224e-02,7.131920394702795374e-02,-8.515088581324355144e-02,-8.435834569377659298e-02,6.852965521489177980e-02,1.576390054938981433e-01
7.935812308005303628e-02,7.079251467225106120e-02,-8.438530975988418892e-02,-8.475486919166072552e-02,6.826411722598900444e-02,1.576435799408496263e-01
8.006700891893278604e-02,7.026338758021069553e-02,-8.361787630779868308e-02,-8.515264859919821627e-02,6.799070002156752668e-02,1.576480748857487513e-01
8.079416627451030397e-02,6.973182267090706488e-02,-8.284858545698735310e-02,-8.555168391638887093e-02,6.770940360162745753e-02,1.576524903285955737e-01
8.153959514678589537e-02,6.919781994433994721e-02,-8.207743720744986593e-02,-8.595197514323286991e-02,6.742022796616867208e-02,1.576568262693900935e-01
8.230329553575924106e-02,6.866137940050956456e-02,-8.130443155918656850e-02,-8.635352227973003281e-02,6.712317311519130913e-02,1.576610827081322830e-01
8.308526744143067411e-02,6.812250103941568102e-02,-8.052956851219711387e-02,-8.675632532588055390e-02,6.681823904869521602e-02,1.576652596448221699e-01
8.388551086379983368e-02,6.758118486105857414e-02,-7.975284806648184899e-02,-8.716038428168422503e-02,6.650542576668055927e-02,1.576693570794597266e-01
8.470402580286709449e-02,6.703743086543795249e-02,-7.897427022204041303e-02,-8.756569914714126823e-02,6.618473326914717236e-02,1.576733750120449806e-01
8.554081225863209570e-02,6.649123905255409361e-02,-7.819383497887318069e-02,-8.797226992225147535e-02,6.585616155609520794e-02,1.576773134425779044e-01
8.639587023109518427e-02,6.594260942240673384e-02,-7.741154233697976339e-02,-8.838009660701501291e-02,6.551971062752452724e-02,1.576811723710585256e-01
8.726919972025598549e-02,6.539154197499613685e-02,-7.662739229636056359e-02,-8.878917920143172826e-02,6.517538048343525514e-02,1.576849517974868164e-01
8.816080072611491569e-02,6.483803671032201121e-02,-7.584138485701517884e-02,-8.919951770550178793e-02,6.482317112382728064e-02,1.576886517218628325e-01
8.907067324867155855e-02,6.428209362838466223e-02,-7.505352001894399772e-02,-8.961111211922502540e-02,6.446308254870070087e-02,1.576922721441865183e-01
8.999881728792633040e-02,6.372371272918381235e-02,-7.426379778214664551e-02,-9.002396244260160718e-02,6.409511475805541869e-02,1.576958130644578460e-01
9.094053689983537525e-02,6.316401335268555239e-02,-7.347405878333795881e-02,-9.043581444484884158e-02,6.372165841883729864e-02,1.576984003532115874e-01
9.188669319940391544e-02,6.260517387221008201e-02,-7.268788512807430879e-02,-9.084228111545672446e-02,6.334736606311988649e-02,1.576983328469372392e-01
9.283705058798139009e-02,6.204725044579156856e-02,-7.190536916232972975e-02,-9.124324935816061077e-02,6.297235763226130545e-02,1.576955666899755026e-01
9.379160906556825716e-02,6.149024307342976919e-02,-7.112651088610391636e-02,-9.163871917296066705e-02,6.259663312626141674e-02,1.576901018823263778e-01
9.475036863216407257e-02,6.093415175512494064e-02,-7.035131029939717395e-02,-9.202869055985672675e-02,6.222019254512033831e-02,1.576819384239898092e-01
9.571332928776925264e-02,6.037897649087682617e-02,-6.957976740220919720e-02,-9.241316351884895641e-02,6.184303588883794528e-02,1.576710763149658523e-01
9.668049103238338104e-02,5.982471728068566863e-02,-6.881188219454029142e-02,-9.279213804993718950e-02,6.146516315741437642e-02,1.576575155552545071e-01
9.765185386600688799e-02,5.927137412455123905e-02,-6.804765467639013743e-02,-9.316561415312160643e-02,6.108657435084948600e-02,1.576412561448557736e-01
9.862741778863934328e-02,5.871894702247376641e-02,-6.728708484775908216e-02,-9.353359182840202679e-02,6.070726946914342670e-02,1.576222980837696241e-01
9.960718280028117710e-02,5.816743597445301478e-02,-6.653017270864675092e-02,-9.389607107577860323e-02,6.032724851229603197e-02,1.576006413719960586e-01
1.005911489009319315e-01,5.761684098048922009e-02,-6.577691825905353229e-02,-9.425305189525118310e-02,5.994651148030748222e-02,1.575762860095351048e-01
1.015793160905920783e-01,5.706716204058214642e-02,-6.502732149897903768e-02,-9.460453428681994681e-02,5.956505837317759705e-02,1.575492319963867349e-01
1.025716843692611735e-01,5.651839915473203663e-02,-6.428138242842364181e-02,-9.495051825048472782e-02,5.918288919090653605e-02,1.575194793325509768e-01
1.035682537369396333e-01,5.597055232293864091e-02,-6.353910104738699771e-02,-9.529100378624565104e-02,5.880000393349416044e-02,1.574870280180278304e-01
1.045690241936270415e-01,5.542362154520220907e-02,-6.280047735586943847e-02,-9.562599089410259157e-02,5.841640260094061593e-02,1.574518780528172401e-01
1.055739957393238421e-01,5.487760682152249825e-02,-6.206551135387063101e-02,-9.595547957405570205e-02,5.803208519324572906e-02,1.574140294369192894e-01
1.065831683740295632e-01,5.433250815189975130e-02,-6.133420304139089452e-02,-9.627946982610482984e-02,5.764705171040968718e-02,1.573734821703339504e-01
1.075965420977446768e-01,5.378832553633371844e-02,-6.060655241842993063e-02,-9.659796165025009984e-02,5.726130215243231680e-02,1.573302362530611676e-01
1.086141169104687110e-01,5.324505897482465638e-02,-5.988255948498803077e-02,-9.691095504649138714e-02,5.687483651931377060e-02,1.572842916851009964e-01
1.096358928122021514e-01,5.270270846737230147e-02,-5.916222424106488964e-02,-9.721845001482885829e-02,5.648765481105390285e-02,1.572356484664534093e-01
1.106618698029445125e-01,5.216127401397691737e-02,-5.844554668666083336e-02,-9.752044655526233286e-02,5.609975702765286620e-02,1.571843065971184339e-01
1.116936243305793330e-01,5.162347867201430573e-02,-5.773642001374430788e-02,-9.781799405061358810e-02,5.571475841609770802e-02,1.571348790978726317e-01
1.127354890850116725e-01,5.109680645876964189e-02,-5.704554422307361872e-02,-9.811397661167819972e-02,5.534259507658950694e-02,1.571000443380854428e-01
1.137877132545578318e-01,5.058168780653846813e-02,-5.637353470952474049e-02,-9.840856011386568680e-02,5.498383846938237340e-02,1.570805314956070231e-01
1.148502968392173806e-01,5.007812271532100651e-02,-5.572039147309797158e-02,-9.870174455717592443e-02,5.463848859447649475e-02,1.570763405704373727e-01
1.159232398389907492e-01,4.958611118511705579e-02,-5.508611451379303442e-02,-9.899352994160903751e-02,5.430654545187169058e-02,1.570874715625764639e-01
1.170065422538775074e-01,4.910565321592682414e-02,-5.447070383161020657e-02,-9.928391626716491503e-02,5.398800904156812047e-02,1.571139244720243522e-01
1.181002040838780853e-01,4.863674880775009646e-02,-5.387415942654920353e-02,-9.957290353384365411e-02,5.368287936356565260e-02,1.571556992987809820e-01
1.192042253289920251e-01,4.817939796058708091e-02,-5.329648129861029593e-02,-9.986049174164517150e-02,5.339115641786440492e-02,1.572127960428463811e-01
1.203186059892198262e-01,4.773360067443757626e-02,-5.273766944779324090e-02,-1.001466808905695366e-01,5.311284020446426640e-02,1.572852147042205773e-01
1.214433460645609753e-01,4.729935694930177681e-02,-5.219772387409826742e-02,-1.004314709806166800e-01,5.284793072336533420e-02,1.573729552829035150e-01
1.225784455550159718e-01,4.687666678517948826e-02,-5.167664457752514651e-02,-1.007148620117866850e-01,5.259642797456751812e-02,1.574760177788952498e-01
1.237239044605843302e-01,4.646553018207091185e-02,-5.117443155807410021e-02,-1.009968539840794544e-01,5.235833195807091528e-02,1.575944021921956983e-01
1.248797227812665500e-01,4.606594713997585328e-02,-5.069108481574491343e-02,-1.012774468974951131e-01,5.213364267387542161e-02,1.577281085228049717e-01
1.260459005170620761e-01,4.567791765889449296e-02,-5.022660435053780820e-02,-1.015566407520335085e-01,5.192236012198113426e-02,1.578771367707229867e-01
1.272224376679715052e-01,4.530144173882665048e-02,-4.978099016245256248e-02,-1.018344355476947932e-01,5.172448430238796996e-02,1.580414869359497709e-01
1.284093342339942823e-01,4.493651937977251321e-02,-4.935424225148938443e-02,-1.021108312844788285e-01,5.154001521509601197e-02,1.582211590184852967e-01
1.296065902151309068e-01,4.458315058173190071e-02,-4.894636061764806589e-02,-1.023858279623857254e-01,5.136895286010517009e-02,1.584161530183296474e-01
1.308142056113808793e-01,4.424133534470497953e-02,-4.855734526092882197e-02,-1.026594255814154005e-01,5.121129723741552758e-02,1.586264689354826840e-01
1.320321804227446993e-01,4.391107366869158313e-02,-4.818719618133145144e-02,-1.029316241415679373e-01,5.106704834702701506e-02,1.588521067699445732e-01
1.332436709228748961e-01,4.359012281253778903e-02,-4.783508968113833748e-02,-1.031879077315942389e-01,5.093281192634568216e-02,1.590754822912369137e-01
1.343922677713620395e-01,4.327097187594709099e-02,-4.749826721132038854e-02,-1.033796628225083225e-01,5.079722065022251876e-02,1.592377062237649299e-01
1.354734213512334140e-01,4.295301507769231503e-02,-4.717650628493870457e-02,-1.035029685576762254e-01,5.065935770284214767e-02,1.593340289348297023e-01
1.364871316624894082e-01,4.263625241777330849e-02,-4.686980690199316069e-02,-1.035578249370980031e-01,5.051922308420447871e-02,1.593644504244312310e-01
1.374333987051296335e-01,4.232068389619022403e-02,-4.657816906248387484e-02,-1.035442319607736555e-01,5.037681679430959514e-02,1.593289706925695437e-01
1.383122224791545063e-01,4.200630951294292287e-02,-4.630159276641072214e-02,-1.034621896287031412e-01,5.023213883315742062e-02,1.592275897392445849e-01
1.391236029845636102e-01,4.169312926803152991e-02,-4.604007801377383441e-02,-1.033116979408865155e-01,5.008518920074802455e-02,1.590603075644564379e-01
1.398675402213573060e-01,4.138114316145592719e-02,-4.579362480457308676e-02,-1.030927568973236952e-01,4.993596789708135142e-02,1.588271241682050194e-01
1.405440341895352885e-01,4.107035119321623268e-02,-4.556223313880859715e-02,-1.028053664980148052e-01,4.978447492215744979e-02,1.585280395504904127e-01
1.411530848890978351e-01,4.076075336331231452e-02,-4.534590301648024763e-02,-1.024495267429597206e-01,4.963071027597627111e-02,1.581630537113125068e-01
1.416946923200446684e-01,4.045234967174431845e-02,-4.514463443758814920e-02,-1.020252376321585386e-01,4.947467395853786393e-02,1.577321666506714681e-01
1.421688564823760659e-01,4.014514011851209874e-02,-4.495842740213221167e-02,-1.015324991656111481e-01,4.931636596984217275e-02,1.572353783685670747e-01
1.425755773760917777e-01,3.983912470361579417e-02,-4.478728191011250442e-02,-1.009713113433177156e-01,4.915578630988926695e-02,1.566726888649995486e-01
1.429148550011919983e-01,3.953430342705526596e-02,-4.463119796152896501e-02,-1.003416741652780331e-01,4.899293497867906327e-02,1.560440981399686677e-01
1.431866893576765887e-01,3.923067628883066676e-02,-4.449017555638166282e-02,-9.964358763149233633e-02,4.882781197621165192e-02,1.553496061934746819e-01
1.433910804455456600e-01,3.892824328894183700e-02,-4.436421469467052153e-02,-9.887705174196033397e-02,4.866041730248694963e-02,1.545892130255173136e-01
1.435280282647991013e-01,3.862700442738892237e-02,-4.425331537639561053e-02,-9.804206649668237294e-02,4.849075095750501885e-02,1.537629186360968958e-01
1.435805798851993720e-01,3.832711619593256319e-02,-4.415541074150684114e-02,-9.713667224511299270e-02,4.831630771025299115e-02,1.528635188257461697e-01
1.435154584060765459e-01,3.802888577219383504e-02,-4.406644375115496837e-02,-9.615702238990198047e-02,4.813217004367633528e-02,1.518768724739216480e-01
1.433317844266156771e-01,3.773232127388324170e-02,-4.398630719093000324e-02,-9.510301527792690279e-02,4.793820800371020180e-02,1.508026058765614685e-01
1.430295579468169043e-01,3.743742270100091502e-02,-4.391500106083198740e-02,-9.397465090918820374e-02,4.773442159035468091e-02,1.496407190336661308e-01
1.426087789666800332e-01,3.714419005354672315e-02,-4.385252536086087227e-02,-9.277192928368539759e-02,4.752081080360968240e-02,1.483912119452351075e-01
1.420694474862053136e-01,3.685262333152079101e-02,-4.379888009101669949e-02,-9.149485040141901171e-02,4.729737564347529649e-02,1.470540846112688982e-01
1.414115635053924680e-01,3.656272253492300062e-02,-4.375406525129944130e-02,-9.014341426238847710e-02,4.706411610995142603e-02,1.456293370317670033e-01
1.406351270242418017e-01,3.627448766375346301e-02,-4.371808084170911851e-02,-8.871762086659440438e-02,4.682103220303817509e-02,1.441169692067300334e-01
1.397401380427529261e-01,3.598791871801206022e-02,-4.369092686224571725e-02,-8.721747021403614131e-02,4.656812392273543960e-02,1.425169811361572669e-01
1.387265965609262852e-01,3.570301569769892408e-02,-4.367260331290924447e-02,-8.564296230471438176e-02,4.630539126904332364e-02,1.408293728200494532e-01
1.375945025787614073e-01,3.541977860281391582e-02,-4.366311019369969321e-02,-8.399409713862839022e-02,4.603283424196172313e-02,1.390541442584058429e-01
1.363438560962588475e-01,3.513820743335717423e-02,-4.366244750461707735e-02,-8.227087471577892996e-02,4.575045284149074215e-02,1.371912954512272131e-01
1.349746571134179951e-01,3.485830218932856051e-02,-4.367061524566138303e-02,-8.047329503616522384e-02,4.545824706763026968e-02,1.352408263985127590e-01
1.334869056302394330e-01,3.458006287072821344e-02,-4.368761341683261024e-02,-7.860135809978806287e-02,4.515621692038042367e-02,1.332027371002632854e-01
1.318806016467225783e-01,3.430348947755600120e-02,-4.371344201813077285e-02,-7.665506390664662828e-02,4.484436239974108618e-02,1.310770275564779597e-01
1.301557451628680973e-01,3.402858200981204867e-02,-4.374810104955585005e-02,-7.463441245674178048e-02,4.452268350571237515e-02,1.288636977671576700e-01
1.283575963386378582e-01,3.376839022001235785e-02,-4.380857607839267615e-02,-7.256719218688494066e-02,4.420853727916856241e-02,1.266118822098966368e-01
1.265846008371775966e-01,3.355129870824211102e-02,-4.393181252057938579e-02,-7.051384590355434800e-02,4.393967713062632563e-02,1.244284536008799097e-01
1.248401786212808007e-01,3.337829354410672134e-02,-4.411909384502559622e-02,-6.847647336556758613e-02,4.371741459840218502e-02,1.223171246553383801e-01
1.231243296909482199e-01,3.324937472760627205e-02,-4.437042005173121029e-02,-6.645507457292552933e-02,4.354174968249624467e-02,1.202778953732730055e-01
1.214370540461791048e-01,3.316454225874070072e-02,-4.468579114069634595e-02,-6.444964952562731719e-02,4.341268238290842130e-02,1.183107657546828700e-01
1.197783516869741910e-01,3.312379613751004898e-02,-4.506520711192085055e-02,-6.246019822367381708e-02,4.333021269963878430e-02,1.164157357995688619e-01
1.181482226133327568e-01,3.312713636391428906e-02,-4.550866796540490450e-02,-6.048672066706416162e-02,4.329434063268728511e-02,1.145928055079301205e-01
1.165466668252554960e-01,3.317456293795342792e-02,-4.601617370114830657e-02,-5.852921685579920430e-02,4.330506618205394453e-02,1.128419748797674649e-01
1.149736843227417427e-01,3.326607585962747943e-02,-4.658772431915129270e-02,-5.658768678987809164e-02,4.336238934773876258e-02,1.111632439150801177e-01
1.134292751057921766e-01,3.340167512893641583e-02,-4.722331981941359225e-02,-5.466213046930169100e-02,4.346631012974171843e-02,1.095566126138688284e-01
1.119134391744060764e-01,3.358136074588028569e-02,-4.792296020193550360e-02,-5.275254789406913503e-02,4.361682852806286065e-02,1.080220809761328615e-01
1.104261765285841634e-01,3.380513271045901269e-02,-4.868664546671669369e-02,-5.085893906418127719e-02,4.381394454270211986e-02,1.065596490018729386e-01
1.089674871683257718e-01,3.407299102267270091e-02,-4.951437561375753027e-02,-4.898130397963727095e-02,4.405765817365957931e-02,1.051693166910883659e-01
1.075373710936315258e-01,3.438493568252122545e-02,-5.040615064305761783e-02,-4.711964264043794898e-02,4.434796942093514188e-02,1.038510840437797816e-01
1.061358283045008150e-01,3.474096669000471815e-02,-5.136197055461737271e-02,-4.527395504658249942e-02,4.468487828452892552e-02,1.026049510599466169e-01
1.047628588009342221e-01,3.514108404512303330e-02,-5.238183534843636469e-02,-4.344424119807173412e-02,4.506838476444078451e-02,1.014309177395894129e-01
1.034184625829311782e-01,3.558528774787635129e-02,-5.346574502451505173e-02,-4.163050109490483430e-02,4.549848886067088538e-02,1.003289840827076285e-01
1.021186283127337585e-01,3.605261505874621242e-02,-5.458340077615769087e-02,-3.982311248495759570e-02,4.595029464250521833e-02,9.925880086780866640e-02
1.008847793916292229e-01,3.651497775033717141e-02,-5.569420486700824707e-02,-3.800918239660641684e-02,4.639044375224905814e-02,9.816630368658564587e-02
9.971702661821657543e-02,3.697223055457568575e-02,-5.679794733170031446e-02,-3.618864414934850476e-02,4.681876366551022267e-02,9.705121292607803152e-02
9.861536999249534419e-02,3.742437347146194970e-02,-5.789462817023437874e-02,-3.436149774318305455e-02,4.723525438228892703e-02,9.591352858628530986e-02
9.757980951446598716e-02,3.787140650099575512e-02,-5.898424738260995420e-02,-3.252774317811087806e-02,4.763991590258496306e-02,9.475325066720800826e-02
9.661034518412804639e-02,3.831332964317730322e-02,-6.006680496882751963e-02,-3.068738045413116691e-02,4.803274822639853198e-02,9.357037916884559936e-02
9.570697700148196596e-02,3.875014289800639278e-02,-6.114230092888659623e-02,-2.884040957124472948e-02,4.841375135372943950e-02,9.236491409119861051e-02
9.486970496652752383e-02,3.918184626548314176e-02,-6.221073526278743382e-02,-2.698683052945116331e-02,4.878292528457778970e-02,9.113685543426677804e-02
9.409852907926453958e-02,3.960843974560762648e-02,-6.327210797053026137e-02,-2.512664332875005208e-02,4.914027001894365199e-02,8.988620319804982439e-02
9.339344933969337403e-02,4.002992333837966654e-02,-6.432641905211460009e-02,-2.325984796914221803e-02,4.948578555682687369e-02,8.861295738254829080e-02
9.275446574781370801e-02,4.044629704379943541e-02,-6.537366850754093572e-02,-2.138644445062684238e-02,4.981947189822760053e-02,8.731711798776164990e-02
9.218157830362580518e-02,4.085756086186675962e-02,-6.641385633680878253e-02,-1.950643277320475086e-02,5.014132904314569372e-02,8.599868501369045681e-02
9.167478700712944351e-02,4.126371479258182651e-02,-6.744698253991861236e-02,-1.761981293687510386e-02,5.045135699158128512e-02,8.465765846033411479e-02
9.123409185832483115e-02,4.166475883594444873e-02,-6.847304711686998113e-02,-1.572658494163874793e-02,5.074955574353424981e-02,8.329403832769323446e-02
9.085949285721177382e-02,4.206069299195480671e-02,-6.949205006766331905e-02,-1.382674878749483652e-02,5.103592529900471270e-02,8.190782461576719131e-02
9.055099000379043805e-02,4.245151726061271308e-02,-7.050399139229818202e-02,-1.192030447444421618e-02,5.131046565799254194e-02,8.049901732455662373e-02
9.030880102842873958e-02,4.283058014551616166e-02,-7.149642676361424309e-02,-1.001483119947779374e-02,5.156582619376493676e-02,7.906489590941744028e-02
9.013407798375860924e-02,4.316268731890572641e-02,-7.240351088870895790e-02,-8.150431929951497401e-03,5.176311334751462767e-02,7.759106545316532544e-02
9.002698926663187107e-02,4.344269438560784818e-02,-7.321561908574954203e-02,-6.332968562506573022e-03,5.189664200323140797e-02,7.607542183427758176e-02
8.998753487704855281e-02,4.367060134562242985e-02,-7.393275135473564852e-02,-4.562441097143828117e-03,5.196641216091522214e-02,7.451796505275490312e-02
9.001571481500866834e-02,4.384640819894956160e-02,-7.455490769566759657e-02,-2.838849533862477723e-03,5.197242382056610488e-02,7.291869510859655401e-02
9.011152908051217603e-02,4.397011494558915323e-02,-7.508208810854508086e-02,-1.162193872663284250e-03,5.191467698218404925e-02,7.127761200180329770e-02
9.027497767355914526e-02,4.404172158554128108e-02,-7.551429259336837896e-02,4.675258864544949797e-04,5.179317164576903443e-02,6.959471573237437092e-02
9.050606059414947890e-02,4.406122811880590351e-02,-7.585152115013726881e-02,2.050309743490136370e-03,5.160790781132111593e-02,6.787000630031052306e-02
9.080477784228330185e-02,4.402863454538302745e-02,-7.609377377885190308e-02,3.586157698444342699e-03,5.135888547884020355e-02,6.610348370561100473e-02
9.117112941796044756e-02,4.394394086527265986e-02,-7.624105047951218461e-02,5.075069751316428970e-03,5.104610464832641525e-02,6.429514794827659308e-02
9.160511532118112421e-02,4.380714707847477990e-02,-7.629335125211818280e-02,6.517045902107065219e-03,5.066956531977959838e-02,6.244499902830646237e-02
9.210673555194510975e-02,4.361825318498944309e-02,-7.625067609666985602e-02,7.912086150815601793e-03,5.022926749319994721e-02,6.055303694570146611e-02
9.267599011025264011e-02,4.337725918481655923e-02,-7.611302501316719038e-02,9.260190497442661456e-03,4.972521116858723972e-02,5.861926170046075774e-02
9.331287899610343772e-02,4.308416507795623240e-02,-7.588039800161025528e-02,1.056135894198764746e-02,4.915739634594171181e-02,5.664367329258517686e-02
9.401740220949782179e-02,4.273897086440834464e-02,-7.555279506199893969e-02,1.181559148445113575e-02,4.852582302526310676e-02,5.462627172207387694e-02
9.478955975043544535e-02,4.234167654417303472e-02,-7.513021619433341014e-02,1.302288812483256945e-02,4.783049120655170211e-02,5.256705698892773226e-02
9.563313075925179707e-02,4.190559866409603734e-02,-7.463484935010036847e-02,1.418263510579950530e-02,4.708817359861783292e-02,5.048913293692645216e-02
9.655485097266010286e-02,4.145447192189579549e-02,-7.410624114206858237e-02,1.529373849925286070e-02,4.632876497659703385e-02,4.843367861606099473e-02
9.755485234226536628e-02,4.098876127509367556e-02,-7.354516627970654474e-02,1.635617687538165263e-02,4.555285097257581045e-02,4.640150071488625266e-02
9.863313486806714325e-02,4.050846672368988571e-02,-7.295162476301447763e-02,1.736995023418540923e-02,4.476043158655448884e-02,4.439259923340312108e-02
9.978969855006593337e-02,4.001358826768420390e-02,-7.232561659199215898e-02,1.833505857566458327e-02,4.395150681853273594e-02,4.240697417161069793e-02
1.010245433882611954e-01,3.950412590707686605e-02,-7.166714176663983860e-02,1.925150189981874455e-02,4.312607666851089872e-02,4.044462552950986445e-02
1.023376693826534845e-01,3.898007964186762930e-02,-7.097620028695722505e-02,2.011928020664830244e-02,4.228414113648860939e-02,3.850555330709976021e-02
1.037290765332422315e-01,3.844144947205674345e-02,-7.025279215294462365e-02,2.093839349615286838e-02,4.142570022246624961e-02,3.658975750438123870e-02
1.051987648400280334e-01,3.788823539764395176e-02,-6.949691736460172908e-02,2.170884176833281012e-02,4.055075392644343774e-02,3.469723812135345337e-02
1.067467343030102517e-01,3.732043741862951097e-02,-6.870857592192887442e-02,2.243062502318778073e-02,3.965930224842054846e-02,3.282799515801723689e-02
1.083729849221895664e-01,3.673805553501317128e-02,-6.788776782492568496e-02,2.310374326071810286e-02,3.875134518839720710e-02,3.098202861437177394e-02
1.100775166975652836e-01,3.614108974679517555e-02,-6.703449307359254927e-02,2.372819648092347813e-02,3.782688274637380221e-02,2.915933849041787290e-02
1.118603296291381111e-01,3.552954005397527398e-02,-6.614875166792906491e-02,2.430398468380418064e-02,3.688591492234993136e-02,2.735992478615472540e-02
1.137214237169072717e-01,3.490340645655373719e-02,-6.523054360793566209e-02,2.483110786935996059e-02,3.592844171632600392e-02,2.558378750158312939e-02
1.156607989608736398e-01,3.426268895453028068e-02,-6.427986889361189671e-02,2.530956603759105042e-02,3.495446312830160357e-02,2.383092663670230080e-02
1.176784553610362855e-01,3.360738754790519589e-02,-6.329672752495822674e-02,2.573935918849723503e-02,3.396397915827716052e-02,2.210134219151301677e-02
1.197692392353284785e-01,3.293767927904175941e-02,-6.228142498340547006e-02,2.612097575435799388e-02,3.295741273168802804e-02,2.039513721371937968e-02
1.218529039467288466e-01,3.225632082832927128e-02,-6.123871784051013178e-02,2.646202098658572560e-02,3.194134911000177934e-02,1.871391623221242001e-02
1.239019637402114515e-01,3.156425640283545136e-02,-6.017023529801042436e-02,2.676509980527450039e-02,3.091804385046238723e-02,1.705822882376678909e-02
1.259164186157753773e-01,3.086148600256060845e-02,-5.907597735590683352e-02,2.703021221042418293e-02,2.988749695307030274e-02,1.542807498838323632e-02
1.278962685734214844e-01,3.014800962750442334e-02,-5.795594401419887354e-02,2.725735820203489465e-02,2.884970841782507137e-02,1.382345472606102965e-02
1.298415136131489123e-01,2.942382727766721870e-02,-5.681013527288704401e-02,2.744653778010652453e-02,2.780467824472715455e-02,1.224436803680088552e-02
1.317521537349585492e-01,2.868893895304867186e-02,-5.563855113197083146e-02,2.759775094463916278e-02,2.675240643377608390e-02,1.069081492060209963e-02
1.336281889388495070e-01,2.794334465364910897e-02,-5.444119159145074938e-02,2.771099769563274695e-02,2.569289298497233129e-02,9.162795377465360672e-03
1.354696192248226461e-01,2.718704437946820041e-02,-5.321805665132627733e-02,2.778627803308732214e-02,2.462613789831542832e-02,7.660309407389995565e-03
1.372764445928771615e-01,2.642003813050628272e-02,-5.196914631159796349e-02,2.782359195700285365e-02,2.355214117380583991e-02,6.183357010376668711e-03
1.390486650430138027e-01,2.564232590676300896e-02,-5.069446057226523888e-02,2.782293946737935883e-02,2.247090281144309767e-02,4.731938186424721783e-03
1.407862805752318480e-01,2.485390770823872955e-02,-4.939399943332866555e-02,2.778432056421684115e-02,2.138242281122767693e-02,3.306052935534805302e-03
1.424892911895320191e-01,2.405478353493309407e-02,-4.806776289478768838e-02,2.770773524751527980e-02,2.028670117315909890e-02,1.905701257706278722e-03
1.441576968859135943e-01,2.324495338684645640e-02,-4.671575095664288330e-02,2.759318351727471294e-02,1.918373789723783890e-02,5.308831529397713134e-04
1.457914976643772953e-01,2.242441726397845572e-02,-4.533796361889364662e-02,2.744066537349508506e-02,1.807353298346342507e-02,-8.184013787653349192e-04
1.473906935249223726e-01,2.159317516632945633e-02,-4.393440088154058898e-02,2.725018081617646207e-02,1.695608643183633274e-02,-2.142152337408436726e-03
1.489552844675496035e-01,2.075122709389909739e-02,-4.250506274458309974e-02,2.702172984531877459e-02,1.583139824235607965e-02,-3.440369722990118707e-03
1.504852704922582107e-01,1.989857304668774321e-02,-4.104994920802181035e-02,2.675531246092210241e-02,1.469946841502315499e-02,-4.713053535509811875e-03
1.519804634719940373e-01,1.903525061964312162e-02,-3.956912518633703968e-02,2.645095536544360068e-02,1.356035098586884195e-02,-5.960156372690741423e-03
1.533726644255558880e-01,1.817488856574375755e-02,-3.808612318776467831e-02,2.611833861464005202e-02,1.243363485622384253e-02,-7.164494172289567579e-03
1.546067442812226744e-01,1.732850377244392684e-02,-3.661996586207762194e-02,2.576528714194412095e-02,1.133515483662840377e-02,-8.312176090438229067e-03
1.556827030389938138e-01,1.649609623974400419e-02,-3.517065320927652977e-02,2.539180094735596013e-02,1.026491092708301314e-02,-9.403202127136214145e-03
1.566005406988697501e-01,1.567766596764361836e-02,-3.373818522936074260e-02,2.499788003087539956e-02,9.222903127587198796e-03,-1.043757228238400767e-02
1.573602572608501504e-01,1.487321295614313366e-02,-3.232256192233091269e-02,2.458352439250261964e-02,8.209131438141416964e-03,-1.141528655618115513e-02
1.579618527249353477e-01,1.408273720524219619e-02,-3.092378328818640165e-02,2.414873403223742956e-02,7.223595858745223558e-03,-1.233634494852808502e-02
1.584053270911250366e-01,1.330623871494115290e-02,-2.954184932692783747e-02,2.369350895008003402e-02,6.266296389399053993e-03,-1.320074745942438968e-02
1.586906803594194115e-01,1.254371748523965859e-02,-2.817676003855459910e-02,2.321784914603022137e-02,5.337233030102483261e-03,-1.400849408887045594e-02
1.588179125298183891e-01,1.179517351613805325e-02,-2.682851542306729717e-02,2.272175462008820326e-02,4.436405780855922493e-03,-1.475958483686592125e-02
1.587870236023219972e-01,1.106060680763600729e-02,-2.549711548046532800e-02,2.220522537225376111e-02,3.563814641658972701e-03,-1.545401970341112041e-02
1.586156015554425203e-01,1.034065079585163964e-02,-2.418450107557529663e-02,2.167128036428019738e-02,2.719005560384823213e-03,-1.609517833910664719e-02
1.584383665473190761e-01,9.640157466127945163e-03,-2.290553881834289651e-02,2.114304419826427972e-02,1.898500594736497477e-03,-1.670894814557137217e-02
1.582834603119659678e-01,8.960140351130713166e-03,-2.166333419935437266e-02,2.062534737923526693e-02,1.101573236310718394e-03,-1.730073674985011314e-02
1.581508828493831120e-01,8.300599450859643541e-03,-2.045788721860917342e-02,2.011818990719292655e-02,3.282234851071314310e-04,-1.787054415194313378e-02
1.580406341595705366e-01,7.661534765315032060e-03,-1.928919787610782963e-02,1.962157178213747716e-02,-4.215486588739191789e-04,-1.841837035185018429e-02
1.579527142425282693e-01,7.042946294496589890e-03,-1.815726617184982780e-02,1.913549300406870712e-02,-1.147743195632767044e-03,-1.894421534957150058e-02
1.578871230982562823e-01,6.444834038404594588e-03,-1.706209210583566754e-02,1.865995357298682461e-02,-1.850360125169089182e-03,-1.944807914510685021e-02
1.578438607267545757e-01,5.867197997038779873e-03,-1.600367567806486313e-02,1.819495348889162145e-02,-2.529399447483197949e-03,-1.992996173845645869e-02
1.578229271280232049e-01,5.310038170399402485e-03,-1.498201688853788814e-02,1.774049275178330581e-02,-3.184861162574791071e-03,-2.038986312962011438e-02
1.578243223020620589e-01,4.773354558486215225e-03,-1.399711573725428287e-02,1.729657136166167647e-02,-3.816745270444160849e-03,-2.082778331859801851e-02
1.578480462488712210e-01,4.257147161299454016e-03,-1.304897222421448795e-02,1.686318931852692424e-02,-4.425051771091025390e-03,-2.124372230538997680e-02
1.578940989684506913e-01,3.761415978838893344e-03,-1.213758634941808356e-02,1.644034662237886524e-02,-5.009780664515656179e-03,-2.163768008999618353e-02
1.579624804608004141e-01,3.286161011104750916e-03,-1.126295811286547044e-02,1.602804327321768335e-02,-5.570931950717792139e-03,-2.200965667241644441e-02
1.580459028298346336e-01,2.829602346601111165e-03,-1.042196195227658440e-02,1.562632222697881920e-02,-6.110122892939835737e-03,-2.236184459056032511e-02
1.581217475651534587e-01,2.386215901806363650e-03,-9.604897460003864254e-03,1.523531680050250851e-02,-6.632372784134000880e-03,-2.270104854374299305e-02
1.581884010633154980e-01,1.955607588868195357e-03,-8.811072609433033206e-03,1.485503650460552084e-02,-7.138039700417757316e-03,-2.302775397888568581e-02
1.582458633243206958e-01,1.537777407786798407e-03,-8.040487400564434728e-03,1.448548133928802273e-02,-7.627123641790879531e-03,-2.334196089598825422e-02
1.582941343481690799e-01,1.132725358561986534e-03,-7.293141833397734884e-03,1.412665130454985110e-02,-8.099624608253586100e-03,-2.364366929505084397e-02
1.583332141348606503e-01,7.404514411939401488e-04,-6.569035907933260671e-03,1.377854640039116382e-02,-8.555542599805664519e-03,-2.393287917607331630e-02
1.583631026843953793e-01,3.609556556824848042e-04,-5.868169624170690296e-03,1.344116662681180477e-02,-8.994877616447318619e-03,-2.420959053905580305e-02
1.583837999967732946e-01,-5.761997972210906871e-06,-5.190542982110338613e-03,1.311451198381193006e-02,-9.417629658178354110e-03,-2.447380338399817584e-02
1.583953060719944517e-01,-3.597015197703099941e-04,-4.536155981751900310e-03,1.279858247139138705e-02,-9.823798724998960077e-03,-2.472551771090055958e-02
1.583976209100587396e-01,-7.008629097116545435e-04,-3.905008623095668555e-03,1.249337808955031971e-02,-1.021338481690895091e-02,-2.496473351976283631e-02
1.583907445109662415e-01,-1.029246167796397157e-03,-3.297100906141364057e-03,1.219889883828859101e-02,-1.058638793390850354e-02,-2.519145081058511357e-02
1.583746768747169020e-01,-1.344851294024391845e-03,-2.712432830889252230e-03,1.191514471760633451e-02,-1.094280807599745317e-02,-2.540566958336729422e-02
1.583494180013107766e-01,-1.647678288395778255e-03,-2.151004397339079371e-03,1.164211572750342358e-02,-1.128264524317595593e-02,-2.560738983810946848e-02
1.583149678907478097e-01,-1.937727150910421295e-03,-1.612815605491090074e-03,1.137981186797997618e-02,-1.160589943544386091e-02,-2.579661157481154959e-02
1.582713265430280569e-01,-2.214997881568451718e-03,-1.097866455345048418e-03,1.112823313903587956e-02,-1.191257065280131380e-02,-2.597333479347362084e-02
1.582194451623087916e-01,-2.480015183004021136e-03,-6.052296604281638594e-04,1.088703478562713829e-02,-1.220336610317126168e-02,-2.613819352248605496e-02
1.581681299455288681e-01,-2.737636723990316805e-03,-1.263204524363953384e-04,1.065302508409394881e-02,-1.248483307947677312e-02,-2.629705756259388336e-02
1.581195243420926433e-01,-2.989044872728883681e-03,3.409507217748197825e-04,1.042542716126124321e-02,-1.275856520847999838e-02,-2.645135563734224080e-02
1.580736283520000895e-01,-3.234239629219832785e-03,7.965838622056886946e-04,1.020424101712891739e-02,-1.302456249018105715e-02,-2.660108774673119666e-02
1.580304419752511791e-01,-3.473220993463055697e-03,1.240578968856009302e-03,9.989466651697070237e-03,-1.328282492457983147e-02,-2.674625389076068158e-02
1.579899652118459674e-01,-3.705988965458658670e-03,1.672936041725978443e-03,9.781104064965604611e-03,-1.353335251167643583e-02,-2.688685406943076492e-02
1.579521980617844268e-01,-3.932543545206538052e-03,2.093655080815404537e-03,9.579153256934615918e-03,-1.377614525147075920e-02,-2.702288828274138077e-02
1.579171405250665572e-01,-4.152884732706794459e-03,2.502736086124474502e-03,9.383614227604013952e-03,-1.401120314396291089e-02,-2.715435653069259506e-02
1.578847926016923586e-01,-4.367012527959329878e-03,2.900179057653006192e-03,9.194486976973881981e-03,-1.423852618915278333e-02,-2.728125881328434532e-02
1.578551542916618589e-01,-4.574926930964239719e-03,3.285983995401176548e-03,9.011771505044141942e-03,-1.445811438704048060e-02,-2.740359513051668708e-02
1.578282255949750301e-01,-4.776627941721431174e-03,3.660150899368813833e-03,8.835467811814870162e-03,-1.466996773762590210e-02,-2.752136548238956482e-02
1.578040065116318447e-01,-4.972115560230993582e-03,4.022679769556084146e-03,8.665575897285988580e-03,-1.487408624090914670e-02,-2.763456986890303405e-02
1.577824970416323858e-01,-5.161389786492841941e-03,4.373570605962827026e-03,8.502095761457575257e-03,-1.507046989689011726e-02,-2.774320829005703926e-02
1.577636971849765424e-01,-5.344450620507058651e-03,4.712823408589197731e-03,8.345027404329555601e-03,-1.525911870556890572e-02,-2.784728074585163943e-02
1.577476069416643978e-01,-5.521298062273562179e-03,5.040438177435046206e-03,8.194370825902002470e-03,-1.544003266694542881e-02,-2.794678723628677905e-02
1.577342263116959520e-01,-5.691932111792433191e-03,5.356414912500517302e-03,8.050126026174843005e-03,-1.561321178101976459e-02,-2.804172776136250669e-02
1.577235552950711495e-01,-5.856352769063592756e-03,5.660753613785471372e-03,7.912293005148148331e-03,-1.577865604779183500e-02,-2.813210232107877379e-02
1.577155938917900457e-01,-6.014560034087116334e-03,5.953454281290042858e-03,7.780871762821850793e-03,-1.593636546726171638e-02,-2.821791091543562890e-02
1.577096381544980941e-01,-6.167243700831783436e-03,6.235825669993489036e-03,7.655100083404373437e-03,-1.608716922938982496e-02,-2.829957433633677188e-02
1.577030878584655404e-01,-6.316951714573184815e-03,6.512702029276365608e-03,7.532162511538057804e-03,-1.623413017719564644e-02,-2.837864689534702611e-02
1.576957002522335616e-01,-6.463921946071258737e-03,6.784534674394505568e-03,7.411796202289787361e-03,-1.637753425119902601e-02,-2.845527369969325093e-02
1.576874753358021852e-01,-6.608154395326071122e-03,7.051323605348028614e-03,7.294001155659509197e-03,-1.651738145140003999e-02,-2.852945474937547410e-02
1.576784131091713836e-01,-6.749649062337559520e-03,7.313068822136815916e-03,7.178777371647275356e-03,-1.665367177779861554e-02,-2.860119004439366439e-02
1.576685135723411568e-01,-6.888405947105782912e-03,7.569770324760984569e-03,7.066124850253033794e-03,-1.678640523039481511e-02,-2.867047958474785649e-02
1.576577767253115325e-01,-7.024425049630683184e-03,7.821428113220419212e-03,6.956043591476835687e-03,-1.691558180918858317e-02,-2.873732337043802265e-02
1.576462025680824830e-01,-7.157706369912319316e-03,8.068042187515235206e-03,6.848533595318631595e-03,-1.704120151417997525e-02,-2.880172140146418369e-02
1.576337911006540637e-01,-7.288249907950631462e-03,8.309612547645318925e-03,6.743594861778469222e-03,-1.716326434536892889e-02,-2.886367367782631532e-02
1.576205423230261915e-01,-7.416055663745677734e-03,8.546139193610777923e-03,6.641227390856302600e-03,-1.728177030275551349e-02,-2.892318019952444877e-02
1.576064562351989218e-01,-7.541123637297402621e-03,8.777622125411509851e-03,6.541431182552176829e-03,-1.739671938633966658e-02,-2.898024096655855628e-02
1.575915328371722268e-01,-7.663453828605834746e-03,9.004061343047566751e-03,6.444206236866068492e-03,-1.750811159612140899e-02,-2.903485597892864478e-02
1.575757721289461066e-01,-7.783046237670998395e-03,9.225456846518997195e-03,6.349552553797956772e-03,-1.761594693210077889e-02,-2.908702523663473163e-02
1.575591741105205890e-01,-7.899900864492841526e-03,9.441808635825700569e-03,6.257470133347883302e-03,-1.772022539427772075e-02,-2.913674873967679602e-02
1.575417387818956461e-01,-8.014017709071417916e-03,9.653116710967775752e-03,6.167958975515809052e-03,-1.782094698265227622e-02,-2.918402648805485181e-02
1.575234661430713057e-01,-8.125396771406674656e-03,9.859381071945129069e-03,6.081019080301773051e-03,-1.791811169722440714e-02,-2.922885848176888512e-02
1.575043561940475123e-01,-8.234038051498662053e-03,1.006060171875785073e-02,5.996650447705735403e-03,-1.801171953799415859e-02,-2.927124472081890985e-02
1.574844089348243492e-01,-8.339941549347331534e-03,1.025677865140585052e-02,5.914853077727734269e-03,-1.810177050496147855e-02,-2.931118520520491558e-02
1.574636243654017609e-01,-8.443107264952731672e-03,1.044791186988921518e-02,5.835626970367734090e-03,-1.818826459812641905e-02,-2.934867993492690924e-02
1.574420024857797473e-01,-8.543535198314812160e-03,1.063400137420786491e-02,5.758972125625768691e-03,-1.827120181748893499e-02,-2.938372890998488390e-02
1.574204785103467674e-01,-8.641558985485528824e-03,1.081563270538744674e-02,5.684669344326567092e-03,-1.835102873360935222e-02,-2.941672711130238760e-02
1.574017024729520431e-01,-8.738124021276773637e-03,1.099446505896320946e-02,5.612097501259421042e-03,-1.842901075377334150e-02,-2.944879376119900749e-02
1.573858356637132250e-01,-8.833287845648121403e-03,1.117059941924649843e-02,5.541218792621021433e-03,-1.850522489499340298e-02,-2.947999697937054783e-02
1.573728780826303131e-01,-8.927050458599528754e-03,1.134403578623723735e-02,5.472033218411397754e-03,-1.857967115726949850e-02,-2.951033676581698781e-02
1.573628297297033352e-01,-9.019411860131039058e-03,1.151477415993550427e-02,5.404540778630520514e-03,-1.865234954060166275e-02,-2.953981312053833783e-02
1.573556906049322357e-01,-9.110372050242610681e-03,1.168281454034122285e-02,5.338741473278419206e-03,-1.872326004498986798e-02,-2.956842604353459789e-02
1.573514607083170980e-01,-9.199931028934283522e-03,1.184815692745446597e-02,5.274635302355065204e-03,-1.879240267043413848e-02,-2.959617553480576799e-02
1.573501400398578387e-01,-9.288088796206019418e-03,1.201080132127516249e-02,5.212222265860486266e-03,-1.885977741693444301e-02,-2.962306159435184466e-02
1.573517285995544857e-01,-9.374845352057854797e-03,1.217074772180338355e-02,5.151502363794654635e-03,-1.892538428449082322e-02,-2.964908422217282791e-02
1.573562263874070666e-01,-9.460200696489753230e-03,1.232799612903905800e-02,5.092475596157598067e-03,-1.898922327310323746e-02,-2.967424341826872120e-02
1.573636334034155537e-01,-9.544154829501752882e-03,1.248254654298225526e-02,5.035141962949290541e-03,-1.905129438277171697e-02,-2.969853918263952453e-02
1.573739496475799471e-01,-9.626707751093815588e-03,1.263439896363290939e-02,4.979501464169756343e-03,-1.911159761349623745e-02,-2.972197151528523443e-02
1.573871751199002189e-01,-9.707859461265977777e-03,1.278355339099108284e-02,4.925554099818970320e-03,-1.917013296527682667e-02,-2.974454041620585437e-02
1.574033098203764802e-01,-9.787609960018203020e-03,1.293000982505671491e-02,4.873299869896958493e-03,-1.922690043811344993e-02,-2.976624588540138089e-02
1.574223537490085922e-01,-9.865959247350529482e-03,1.307376826582986630e-02,4.822738774403697443e-03,-1.928190003200614192e-02,-2.978708792287181398e-02
1.574443069057966105e-01,-9.942907323262918998e-03,1.321482871331047457e-02,4.773870813339207986e-03,-1.933513174695487835e-02,-2.980706652861715364e-02
1.574691692907405904e-01,-1.001845418775540626e-02,1.335319116749860389e-02,4.726695986703467571e-03,-1.938659558295967311e-02,-2.982618170263741028e-02
1.574969409038404489e-01,-1.009259984082796005e-02,1.348885562839419010e-02,4.681214294496500485e-03,-1.943629154002051232e-02,-2.984443344493256656e-02
1.575276217450962413e-01,-1.016534428248061159e-02,1.362182209599729563e-02,4.637425736718284175e-03,-1.948421961813741679e-02,-2.986182175550263981e-02
1.575612118145079121e-01,-1.023668751271332791e-02,1.375209057030786150e-02,4.595330313368839459e-03,-1.953037981731036224e-02,-2.987834663434761270e-02
1.575977111120755447e-01,-1.030662953152614199e-02,1.387966105132594323e-02,4.554928024448146387e-03,-1.957477213753936948e-02,-2.989400808146750257e-02
1.576371196377990558e-01,-1.037517033891902432e-02,1.400453353905148704e-02,4.516218869956223174e-03,-1.961739657882442117e-02,-2.990880609686229555e-02
1.576773890149054391e-01,-1.044257350898040657e-02,1.412726438570257974e-02,4.478772874238367251e-03,-1.965846836291335747e-02,-2.992264108564543848e-02
1.577162991383632418e-01,-1.050912471286583744e-02,1.424845658598930011e-02,4.442124014086887458e-03,-1.969822075494152142e-02,-2.993540510326704249e-02
1.577538491176644075e-01,-1.057482406516112826e-02,1.436811038177938232e-02,4.406272102574834183e-03,-1.973665384847408943e-02,-2.994709810642939146e-02
1.577900389528089364e-01,-1.063967156586625128e-02,1.448622577307277608e-02,4.371217139702223038e-03,-1.977376764351104765e-02,-2.995772009513247500e-02
1.578248686437968284e-01,-1.070366721498123425e-02,1.460280275986953168e-02,4.336959125469038411e-03,-1.980956214005240995e-02,-2.996727106937630003e-02
1.578583381906280836e-01,-1.076681101250604768e-02,1.471784134216959708e-02,4.303498059875295913e-03,-1.984403733809815898e-02,-2.997575102916086309e-02
1.578904475933026741e-01,-1.082910295844072106e-02,1.483134151997302433e-02,4.270833942920980800e-03,-1.987719323764831555e-02,-2.998315997448616765e-02
1.579211968518206277e-01,-1.089054305278522837e-02,1.494330329327976312e-02,4.238966774606106082e-03,-1.990902983870285886e-02,-2.998949790535221024e-02
1.579505859661819445e-01,-1.095113129553959563e-02,1.505372666208986028e-02,4.207896554930658749e-03,-1.993954714126180278e-02,-2.999476482175899433e-02
1.579786149363866243e-01,-1.101086768670379162e-02,1.516261162640327245e-02,4.177623283894652678e-03,-1.996874514532514036e-02,-2.999896072370651645e-02
1.580052837624346396e-01,-1.106975222627784930e-02,1.526995818622004300e-02,4.148146961498074860e-03,-1.999662385089287508e-02,-3.000208561119477660e-02
1.580305924443260179e-01,-1.112778491426173917e-02,1.537576634154012509e-02,4.119467587740937436e-03,-2.002318325796500348e-02,-3.000413948422377824e-02
1.580545409820607872e-01,-1.118496575065548726e-02,1.548003609236356728e-02,4.091585162623227398e-03,-2.004842336654153595e-02,-3.000512234279352139e-02
1.580771293756388918e-01,-1.124129473545906928e-02,1.558276743869032276e-02,4.064499686144958622e-03,-2.007234417662245515e-02,-3.000503418690400256e-02
1.580983576250603595e-01,-1.129677186867251125e-02,1.568396038052043834e-02,4.038211158306118098e-03,-2.009494568820777843e-02,-3.000387501655522177e-02
1.581182257303251626e-01,-1.135139715029578542e-02,1.578361491785386719e-02,4.012719579106717102e-03,-2.011622790129749191e-02,-3.000164483174718247e-02
1.581367336914333566e-01,-1.140517058032891606e-02,1.588173105069065269e-02,3.988024948546745226e-03,-2.013619081589160600e-02,-2.999834363247988467e-02
1.581538815083848859e-01,-1.145809215877188238e-02,1.597830877903075320e-02,3.964127266626212877e-03,-2.015483443199011029e-02,-2.999397141875332143e-02
1.581696691811797506e-01,-1.151016188562470517e-02,1.607334810287421034e-02,3.941026533345109648e-03,-2.017215874959301866e-02,-2.998852819056749969e-02
1.581840967098180339e-01,-1.156137976088736190e-02,1.616684902222098250e-02,3.918722748703445946e-03,-2.018816376870031723e-02,-2.998201394792241944e-02
1.581971640942996249e-01,-1.161174578455987684e-02,1.625881153707111129e-02,3.897215912701210930e-03,-2.020284948931201988e-02,-2.997442869081807723e-02
1.582088713346245790e-01,-1.166125995664222745e-02,1.634923564742455857e-02,3.876506025338415876e-03,-2.021621591142810925e-02,-2.996577241925447652e-02
1.582192184307928962e-01,-1.170992227713443454e-02,1.643812135328136248e-02,3.856593086615049508e-03,-2.022826303504860271e-02,-2.995604513323161383e-02
1.582282053828045765e-01,-1.175773274603647556e-02,1.652546865464147793e-02,3.837477096531122234e-03,-2.023899086017348636e-02,-2.994524683274948917e-02
1.582358321906596199e-01,-1.180469136334837306e-02,1.661127755150495350e-02,3.819158055086625814e-03,-2.024839938680276716e-02,-2.993337751780810602e-02
1.582420988543579987e-01,-1.185079812907010623e-02,1.669554804387174407e-02,3.801635962281567187e-03,-2.025648861493644509e-02,-2.992043718840746436e-02
1.582470053738997684e-01,-1.189605304320169588e-02,1.677828013174188782e-02,3.784910818115938547e-03,-2.026325854457452016e-02,-2.990642584454755379e-02
1.582505517492848734e-01,-1.194045610574312119e-02,1.685947381511535351e-02,3.768982622589748133e-03,-2.026870917571699238e-02,-2.989134348622839166e-02
1.582527379805133139e-01,-1.198400731669440125e-02,1.693912909399216890e-02,3.753851375702989008e-03,-2.027284050836385826e-02,-2.987519011344996755e-02
1.582535640675851729e-01,-1.202670667605551871e-02,1.701724596837230624e-02,3.739517077455666808e-03,-2.027565254251512128e-02,-2.985796572621228495e-02
1.582530300105003396e-01,-1.206855418382649092e-02,1.709382443825579329e-02,3.725979727847775896e-03,-2.027714527817078144e-02,-2.983967032451533344e-02
1.582511358092588694e-01,-1.210954984000730053e-02,1.716886450364260228e-02,3.713239326879322344e-03,-2.027731871533083874e-02,-2.982030390835913036e-02
1.582478814638607900e-01,-1.214969364459796489e-02,1.724236616453276097e-02,3.701295874550300513e-03,-2.027617285399528624e-02,-2.979986647774366185e-02
1.582432669743060183e-01,-1.218898559759846491e-02,1.731432942092624161e-02,3.690149370860715174e-03,-2.027370769416413782e-02,-2.977835803266893483e-02
1.582372923405946374e-01,-1.222742569900881968e-02,1.738475427282307542e-02,3.679799815810561557e-03,-2.026992323583737959e-02,-2.975577857313494584e-02
1.582299575627266197e-01,-1.226501394882901358e-02,1.745364072022323118e-02,3.670247209399845299e-03,-2.026481947901502198e-02,-2.973212809914170182e-02
1.582212626407019374e-01,-1.230175034705906049e-02,1.752098876312673317e-02,3.661491551628560329e-03,-2.025839642369705804e-02,-2.970740661068918889e-02
1.582112075745206181e-01,-1.233763489369894481e-02,1.758679840153355711e-02,3.653532842496711851e-03,-2.025065406988349470e-02,-2.968161410777742440e-02
1.581997923641826620e-01,-1.237266758874868387e-02,1.765106963544373422e-02,3.646371082004296396e-03,-2.024159241757431810e-02,-2.965475059040639100e-02
1.581870170096880690e-01,-1.240684843220826034e-02,1.771380246485723328e-02,3.640006270151316566e-03,-2.023121146676954557e-02,-2.962681605857610603e-02
1.581728815110368114e-01,-1.244017742407768981e-02,1.777499688977407857e-02,3.634438406937768890e-03,-2.021951121746916671e-02,-2.959781051228655216e-02
1.581573858682289169e-01,-1.247265456435696016e-02,1.783465291019425275e-02,3.629667492363657273e-03,-2.020649166967318500e-02,-2.956773395153774325e-02
1.581405300812644132e-01,-1.250427985304608178e-02,1.789277052611776969e-02,3.625693526428979546e-03,-2.019215282338160042e-02,-2.953658637632967238e-02
1.581223141501432172e-01,-1.253505329014504080e-02,1.794934973754461552e-02,3.622516509133736143e-03,-2.017649467859440951e-02,-2.950436778666234300e-02
1.581027380748654121e-01,-1.256497487565385457e-02,1.800439054447480758e-02,3.620136440477926196e-03,-2.015951723531161574e-02,-2.947107818253574818e-02
1.580818018554309701e-01,-1.259404460957250574e-02,1.805789294690832159e-02,3.618553320461551440e-03,-2.014122049353322258e-02,-2.943671756394990180e-02
1.580595054918398634e-01,-1.262226249190101166e-02,1.810985694484518529e-02,3.617767149084611007e-03,-2.012160445325921615e-02,-2.940128593090477957e-02
1.580364233536183105e-01,-1.264977490350307869e-02,1.816053470864884348e-02,3.617706788998809476e-03,-2.010084342439082822e-02,-2.936494471505076559e-02
1.580139571980573032e-01,-1.267693908903327893e-02,1.821054166380662101e-02,3.618198628457559851e-03,-2.007936281281008997e-02,-2.932808789270888866e-02
1.579921705218985950e-01,-1.270377123094465661e-02,1.825990568783585066e-02,3.619234803203402913e-03,-2.005718188853442344e-02,-2.929073331020168314e-02
1.579710633251421026e-01,-1.273027132923722042e-02,1.830862678073653937e-02,3.620815313236339528e-03,-2.003430065156383208e-02,-2.925288096752914208e-02
1.579506356077878537e-01,-1.275643938391097729e-02,1.835670494250871143e-02,3.622940158556370131e-03,-2.001071910189829162e-02,-2.921453086469124466e-02
1.579308873698358207e-01,-1.278227539496590466e-02,1.840414017315232520e-02,3.625609339163493854e-03,-1.998643723953783674e-02,-2.917568300168802559e-02
1.579118186112860589e-01,-1.280777936240201642e-02,1.845093247266739803e-02,3.628822855057710697e-03,-1.996145506448245011e-02,-2.913633737851947098e-02
1.578934293321385407e-01,-1.283295128621931257e-02,1.849708184105393685e-02,3.632580706239020660e-03,-1.993577257673212824e-02,-2.909649399518558083e-02
1.578757195323932661e-01,-1.285779116641780177e-02,1.854258827831195555e-02,3.636882892707425912e-03,-1.990938977628687115e-02,-2.905615285168633433e-02
1.578586892120502350e-01,-1.288229900299746322e-02,1.858745178444141249e-02,3.641729414462922549e-03,-1.988230666314668924e-02,-2.901531394802176270e-02
1.578423383711094474e-01,-1.290647479595830906e-02,1.863167235944233543e-02,3.647120271505512306e-03,-1.985452323731158250e-02,-2.897397728419185900e-02
1.578266670095709034e-01,-1.293031854530033581e-02,1.867525000331471743e-02,3.653055463835196050e-03,-1.982603949878154054e-02,-2.893214286019661977e-02
1.578116751274346030e-01,-1.295383025102355909e-02,1.871818471605858278e-02,3.659534991451975517e-03,-1.979685544755655294e-02,-2.888981067603602071e-02
1.577973627247005184e-01,-1.297700991312795461e-02,1.876047649767388983e-02,3.666558854355845502e-03,-1.976697108363665439e-02,-2.884698073171010693e-02
1.577837298013687051e-01,-1.299985753161353105e-02,1.880212534816065595e-02,3.674127052546809040e-03,-1.973638640702182062e-02,-2.880365302721884721e-02
1.577707763574391631e-01,-1.302237310648029188e-02,1.884313126751888806e-02,3.682239586024865698e-03,-1.970510141771205856e-02,-2.875982756256225889e-02
1.577585023929118369e-01,-1.304455663772824750e-02,1.888349425574860005e-02,3.690896454790019380e-03,-1.967311611570735086e-02,-2.871550433774031075e-02
1.577469079077867264e-01,-1.306640812535737363e-02,1.892321431284975375e-02,3.700097658842263146e-03,-1.964043050100772528e-02,-2.867068335275304442e-02
1.577359929020638873e-01,-1.308792756936768588e-02,1.896229143882236651e-02,3.709843198181600032e-03,-1.960704457361317141e-02,-2.862536460760044255e-02
1.577257573757432918e-01,-1.310911496975918078e-02,1.900072563366644526e-02,3.720133072808030038e-03,-1.957295833352368578e-02,-2.857954810228249820e-02
1.577162013288249398e-01,-1.312997032653186701e-02,1.903851689738200043e-02,3.730967282721557934e-03,-1.953817178073925451e-02,-2.853323383679919750e-02
1.577073247613088036e-01,-1.315049363968572721e-02,1.907566522996900077e-02,3.742345827922175048e-03,-1.950268491525990536e-02,-2.848642181115058555e-02
1.576991276731949665e-01,-1.317068490922077180e-02,1.911217063142746364e-02,3.754268708409884848e-03,-1.946649773708562792e-02,-2.843911202533663113e-02
1.576916100644833452e-01,-1.319054413513699904e-02,1.914803310175738557e-02,3.766735924184688635e-03,-1.942961024621642219e-02,-2.839130447935734117e-02
1.576847719351739674e-01,-1.321007131743441934e-02,1.918325264095878738e-02,3.779747475246591180e-03,-1.939202244265226388e-02,-2.834299917321269138e-02
1.576786132852668054e-01,-1.322926645611301362e-02,1.921782924903163783e-02,3.793303361595581208e-03,-1.935373432639319116e-02,-2.829419610690272341e-02
1.576731341147619148e-01,-1.324812955117278881e-02,1.925176292597594388e-02,3.807403583231664789e-03,-1.931474589743919362e-02,-2.824489528042742337e-02
1.576683344236592954e-01,-1.326666060261375013e-02,1.928505367179171592e-02,3.822048140154841490e-03,-1.927505715579026432e-02,-2.819509669378678432e-02
1.576642142119588641e-01,-1.328485961043590277e-02,1.931770148647896437e-02,3.837237032365118251e-03,-1.923466810144638592e-02,-2.814480034698078198e-02
1.576607734796607041e-01,-1.330272657463922766e-02,1.934970637003765800e-02,3.852970259862482059e-03,-1.919357873440758963e-02,-2.809400624000946839e-02
1.576580122267647877e-01,-1.332026149522373866e-02,1.938106832246781416e-02,3.869247822646938988e-03,-1.915178905467386852e-02,-2.804271437287281232e-02
1.576559304532711148e-01,-1.333746437218943405e-02,1.941178734376942938e-02,3.886069720718489037e-03,-1.910929906224521566e-02,-2.799092474557082419e-02
1.576545281591796854e-01,-1.335433520553631556e-02,1.944186343394252448e-02,3.903435954077140013e-03,-1.906610875712161021e-02,-2.793863735810347276e-02
1.576538053444904997e-01,-1.337087399526437625e-02,1.947129659298706822e-02,3.921346522722877169e-03,-1.902221813930309730e-02,-2.788585221047081009e-02
1.576537620092035574e-01,-1.338708074137362133e-02,1.950008682090306755e-02,3.939801426655707012e-03,-1.897762720878965262e-02,-2.783256930267280840e-02
1.576543981533188588e-01,-1.340295544386404560e-02,1.952823411769053288e-02,3.958800665875630842e-03,-1.893233596558127618e-02,-2.777878863470946771e-02
1.576557137768364036e-01,-1.341849810273566292e-02,1.955573848334947462e-02,3.978344240382656466e-03,-1.888634440967794717e-02,-2.772451020658076720e-02
1.576577088797561921e-01,-1.343370871798845768e-02,1.958259991787985807e-02,3.998432150176766536e-03,-1.883965254107971068e-02,-2.766973401828675197e-02
1.576603834620781963e-01,-1.344858728962243163e-02,1.960881842128171099e-02,4.019064395257970594e-03,-1.879226035978654591e-02,-2.761446006982740120e-02
1.576637375238024719e-01,-1.346313381763759170e-02,1.963439399355502296e-02,4.040240975626266905e-03,-1.874416786579844590e-02,-2.755868836120271143e-02
1.576677710649289910e-01,-1.347734830203394137e-02,1.965932663469980440e-02,4.061961891281666744e-03,-1.869537505911539332e-02,-2.750241889241266183e-02
1.576724840854577814e-01,-1.349123074281146674e-02,1.968361634471604144e-02,4.084227142224151029e-03,-1.864588193973743327e-02,-2.744565166345729404e-02
1.576778765853887876e-01,-1.350478113997017650e-02,1.970726312360374100e-02,4.107036728453727567e-03,-1.859568850766454146e-02,-2.738838667433659418e-02
1.576839485647220096e-01,-1.351799949351007064e-02,1.973026697136289961e-02,4.130390649970398093e-03,-1.854479476289672135e-02,-2.733062392505055879e-02
1.576907000234575307e-01,-1.353088580343115091e-02,1.975262788799352770e-02,4.154288906774172146e-03,-1.849320070543394520e-02,-2.727236341559915317e-02
1.576981309615952398e-01,-1.354344006973341036e-02,1.977434587349560791e-02,4.178731498865028912e-03,-1.844090633527626158e-02,-2.721360514598243976e-02
1.577062413791352202e-01,-1.355566229241685419e-02,1.979542092786915411e-02,4.203718426242978798e-03,-1.838791165242365314e-02,-2.715434911620038735e-02
1.577150312760774720e-01,-1.356755247148147894e-02,1.981585305111416284e-02,4.229249688908023538e-03,-1.833421665687610599e-02,-2.709459532625300288e-02
1.577245006524219395e-01,-1.357911060692729328e-02,1.983564224323063757e-02,4.255325286860171807e-03,-1.827982134863360975e-02,-2.703434377614024817e-02
1.577346495081686228e-01,-1.359033669875428507e-02,1.985478850421856442e-02,4.281945220099401921e-03,-1.822472572769620255e-02,-2.697359446586218568e-02
1.577453716869237355e-01,-1.360122503074223839e-02,1.987328365468476674e-02,4.309121202728273363e-03,-1.816888922385934482e-02,-2.691230004363477993e-02
1.577556581873327812e-01,-1.361172127103474350e-02,1.989104995066576231e-02,4.336964575617628659e-03,-1.811192622312626094e-02,-2.685001043751739438e-02
1.577652584830498694e-01,-1.362181192949981322e-02,1.990806808900501962e-02,4.365502983746729314e-03,-1.805374098086280285e-02,-2.678661389852358271e-02
1.577741725740750278e-01,-1.363149700613744929e-02,1.992433806970254559e-02,4.394736427115590073e-03,-1.799433349706894281e-02,-2.672211042665331368e-02
1.577824004604082564e-01,-1.364077650094764477e-02,1.993985989275832635e-02,4.424664905724184916e-03,-1.793370377174473979e-02,-2.665650002190664281e-02
1.577899421420494996e-01,-1.364965041393040139e-02,1.995463355817236883e-02,4.455288419572525985e-03,-1.787185180489015909e-02,-2.658978268428354927e-02
1.577967976189988131e-01,-1.365811874508572436e-02,1.996865906594467305e-02,4.486606968660614148e-03,-1.780877759650521114e-02,-2.652195841378402960e-02
1.578029668912561689e-01,-1.366618149441361021e-02,1.998193641607524246e-02,4.518620552988462415e-03,-1.774448114658985429e-02,-2.645302721040804911e-02
1.578084499588216227e-01,-1.367383866191405721e-02,1.999446560856407012e-02,4.551329172556043898e-03,-1.767896245514415446e-02,-2.638298907415567371e-02
1.578132468216951190e-01,-1.368109024758706362e-02,2.000624664341115952e-02,4.584732827363371607e-03,-1.761222152216808737e-02,-2.631184400502686871e-02
1.578173574798766299e-01,-1.368793625143263637e-02,2.001727952061651064e-02,4.618831517410445543e-03,-1.754425834766164261e-02,-2.623959200302163758e-02
1.578207819333662110e-01,-1.369437667345077374e-02,2.002756424018012696e-02,4.653625242697282186e-03,-1.747507293162479589e-02,-2.616623306813994562e-02
1.578235201821638900e-01,-1.370041151364147052e-02,2.003710080210200153e-02,4.689114003223849442e-03,-1.740466527405760272e-02,-2.609176720038186223e-02
1.578255722262695837e-01,-1.370604077200473017e-02,2.004588920638213437e-02,4.725297798990163792e-03,-1.733303537496004229e-02,-2.601619439974735271e-02
1.578269380656833476e-01,-1.371126444854055271e-02,2.005392945302053240e-02,4.762176629996224368e-03,-1.726018323433210419e-02,-2.593951466623641358e-02
1.578276177004051539e-01,-1.371608254324893986e-02,2.006122154201719562e-02,4.799750496242048518e-03,-1.718610885217376066e-02,-2.586172799984901363e-02
1.578276111304350304e-01,-1.372049505612988815e-02,2.006776547337211711e-02,4.838019397727603282e-03,-1.711081222848508110e-02,-2.578283440058521531e-02
1.578269183557729494e-01,-1.372450198718339759e-02,2.007356124708529685e-02,4.876983334452903406e-03,-1.703429336326602386e-02,-2.570283386844499432e-02
1.578255393764189107e-01,-1.372810333640947164e-02,2.007860886315674179e-02,4.916642306417951490e-03,-1.695655225651659589e-02,-2.562172640342834720e-02
1.578234741923729423e-01,-1.373129910380810857e-02,2.008290832158644845e-02,4.956996313622763148e-03,-1.687758890823675903e-02,-2.553951200553523579e-02
1.578207228036350163e-01,-1.373408928937930838e-02,2.008645962237441684e-02,4.998045356067303685e-03,-1.679740331842658266e-02,-2.545619067476573641e-02
1.578172852102051882e-01,-1.373647389312306934e-02,2.008926276552064696e-02,5.039789433751591316e-03,-1.671599548708603555e-02,-2.537176241111980743e-02
1.578131614120833748e-01,-1.373845291503939491e-02,2.009131775102513534e-02,5.082228546675625173e-03,-1.663336541421511425e-02,-2.528622721459744885e-02
1.578083514092696316e-01,-1.374002635512828162e-02,2.009262457888788891e-02,5.125362694839424339e-03,-1.654951309981378405e-02,-2.519958508519862597e-02
1.578028552017639308e-01,-1.374119421338973294e-02,2.009318324910890421e-02,5.169191878242951517e-03,-1.646443854388211434e-02,-2.511183602292341513e-02
1.577966727895663279e-01,-1.374195648982374368e-02,2.009299376168817777e-02,5.213716096886225788e-03,-1.637814174642007389e-02,-2.502298002777177816e-02
1.577898041726767397e-01,-1.374231318443032077e-02,2.009205611662571306e-02,5.258935350769246286e-03,-1.629062270742765925e-02,-2.493301709974371158e-02
1.577822493510951940e-01,-1.374226429720945900e-02,2.009037031392151354e-02,5.304849639892033827e-03,-1.620188142690483224e-02,-2.484194723883918071e-02
1.577740083248217184e-01,-1.374180982816116010e-02,2.008793635357557228e-02,5.351458964254546778e-03,-1.611191790485167266e-02,-2.474977044505825841e-02
1.577650810938563131e-01,-1.374094977728542236e-02,2.008475423558789622e-02,5.398763323856807690e-03,-1.602073214126813888e-02,-2.465648671840090997e-02
1.577554676581989501e-01,-1.373968414458224922e-02,2.008082395995847841e-02,5.446762718698814829e-03,-1.592832413615423437e-02,-2.456209605886713887e-02
1.577451680178496296e-01,-1.373801293005163723e-02,2.007614552668732233e-02,5.495457148780589877e-03,-1.583469388950991402e-02,-2.446659846645689654e-02
1.577341821728083793e-01,-1.373593613369358986e-02,2.007071893577443145e-02,5.544846614102089469e-03,-1.573984140133525764e-02,-2.436999394117026624e-02
1.577225101230751991e-01,-1.373345375550810363e-02,2.006454418721979882e-02,5.594931114663337021e-03,-1.564376667163023399e-02,-2.427228248300721328e-02
1.577101518686500614e-01,-1.373056579549518201e-02,2.005762128102343139e-02,5.645710650464329933e-03,-1.554646970039483440e-02,-2.417346409196772725e-02
1.576971074095329384e-01,-1.372727225365481980e-02,2.004995021718531875e-02,5.697185221505093357e-03,-1.544795048762902245e-02,-2.407353876805177345e-02
1.576833767457239133e-01,-1.372357312998702394e-02,2.004153099570547131e-02,5.749354827785579589e-03,-1.534820903333287447e-02,-2.397250651125943863e-02
1.576689598772229306e-01,-1.371946842449178923e-02,2.003236361658388906e-02,5.802219469305813782e-03,-1.524724533750635921e-02,-2.387036732159067420e-02
1.576538568040300181e-01,-1.371495813716911739e-02,2.002244807982056507e-02,5.855779146065793334e-03,-1.514505940014946629e-02,-2.376712119904548365e-02
1.576380675261451481e-01,-1.371004226801900670e-02,2.001178438541549934e-02,5.910033858065544266e-03,-1.504165122126215406e-02,-2.366276814362381839e-02
1.576215920435683204e-01,-1.370472081704146063e-02,2.000037253336870227e-02,5.964983605305017138e-03,-1.493702080084451794e-02,-2.355730815532577210e-02
1.576044303562995630e-01,-1.369899378423647743e-02,1.998821252368016346e-02,6.020628387784237104e-03,-1.483116813889650588e-02,-2.345074123415129969e-02
1.575865824643388757e-01,-1.369286116960405711e-02,1.997530435634988985e-02,6.076968205503205031e-03,-1.472409323541812483e-02,-2.334306738010039767e-02
1.575680483676862309e-01,-1.368632297314419620e-02,1.996164803137786756e-02,6.134003058461942604e-03,-1.461579609040931926e-02,-2.323428659317302442e-02
1.575488280663416285e-01,-1.367937919485690164e-02,1.994724354876411393e-02,6.191732946660402984e-03,-1.450627670387018807e-02,-2.312439887336927014e-02
1.575289215603050685e-01,-1.367202983474216822e-02,1.993209090850862550e-02,6.250157870098609590e-03,-1.439553507580068614e-02,-2.301340422068908972e-02
1.575083288495766343e-01,-1.366427489279999942e-02,1.991619011061139533e-02,6.309277828776562423e-03,-1.428357120620081001e-02,-2.290130263513247971e-02
1.574870499341561869e-01,-1.365611436903038829e-02,1.989954115507241994e-02,6.369092822694289238e-03,-1.417038509507051111e-02,-2.278809411669939153e-02
1.574650848140438097e-01,-1.364754826343334525e-02,1.988214404189171322e-02,6.429602851851735391e-03,-1.405597674240988658e-02,-2.267377866538992925e-02
1.574424334892394750e-01,-1.363857657600886161e-02,1.986399877106927170e-02,6.490807916248927771e-03,-1.394034614821889131e-02,-2.255835628120404085e-02
1.574190959597432105e-01,-1.362919930675694433e-02,1.984510534260508843e-02,6.552708015885868112e-03,-1.382349331249752358e-02,-2.244182696414172284e-02
1.573953268274043138e-01,-1.361942339721736693e-02,1.982550763853448486e-02,6.615086090894231434e-03,-1.370578991818396236e-02,-2.232450872482856855e-02
1.573717980619232237e-01,-1.360926716816991677e-02,1.980532147654774991e-02,6.677369255982338464e-03,-1.358821694665494038e-02,-2.220724088750915259e-02
1.573485454132846906e-01,-1.359873159431269213e-02,1.978455301835226401e-02,6.739527032632436181e-03,-1.347082658786669628e-02,-2.209006810572800711e-02
1.573255688814887698e-01,-1.358781667564569820e-02,1.976320226394802371e-02,6.801559420844523716e-03,-1.335361884181922830e-02,-2.197299037948513556e-02
1.573028684665353782e-01,-1.357652241216892805e-02,1.974126921333502552e-02,6.863466420618629694e-03,-1.323659370851248442e-02,-2.185600770878047550e-02
1.572804441684245713e-01,-1.356484880388239209e-02,1.971875386651328679e-02,6.925248031954696869e-03,-1.311975118794656871e-02,-2.173912009361414141e-02
1.572582959871563490e-01,-1.355279585078608511e-02,1.969565622348279019e-02,6.986904254852754730e-03,-1.300309128012142740e-02,-2.162232753398607432e-02
1.572364239227306837e-01,-1.354036355288000711e-02,1.967197628424354611e-02,7.048435089312804144e-03,-1.288661398503706569e-02,-2.150563002989628117e-02
1.572148279751476030e-01,-1.352755191016415288e-02,1.964771404879553721e-02,7.109840535334869399e-03,-1.277031930269342808e-02,-2.138902758134470297e-02
1.571935081444070514e-01,-1.351436092263853285e-02,1.962286951713878777e-02,7.171120592918898452e-03,-1.265420723309061864e-02,-2.127252018833145075e-02
1.571724644305091401e-01,-1.350079059030314180e-02,1.959744268927328739e-02,7.232275262064917325e-03,-1.253827777622858533e-02,-2.115610785085646206e-02
1.571516968334537578e-01,-1.348684091315798146e-02,1.957143356519903260e-02,7.293304542772926884e-03,-1.242253093210732989e-02,-2.103979056891975077e-02
1.571312053532409603e-01,-1.347251189120304143e-02,1.954484214491601993e-02,7.354208435042953150e-03,-1.230696670072679855e-02,-2.092356834252125444e-02
1.571109899898707196e-01,-1.345780352443833906e-02,1.951766842842425978e-02,7.414986938874943215e-03,-1.219158508208709364e-02,-2.080744117166107715e-02
1.570910507433430914e-01,-1.344271581286386394e-02,1.948991241572375216e-02,7.475640054268923099e-03,-1.207638607618816660e-02,-2.069140905633917379e-02
1.570713876136579923e-01,-1.342724875647961780e-02,1.946157410681449013e-02,7.536167781224892802e-03,-1.196136968303001570e-02,-2.057547199655553744e-02
1.570520006008154779e-01,-1.341140235528559543e-02,1.943265350169646674e-02,7.596570119742880080e-03,-1.184653590261259062e-02,-2.045962999231012297e-02
1.570328897048155203e-01,-1.339517660928180726e-02,1.940315060036969935e-02,7.656847069822831156e-03,-1.173188473493599372e-02,-2.034388304360302754e-02
1.570140549256581752e-01,-1.337857151846824980e-02,1.937306540283418449e-02,7.716998631464771184e-03,-1.161741618000017122e-02,-2.022823115043420258e-02
1.569954962633433870e-01,-1.336158708284491958e-02,1.934239790908991521e-02,7.777024804668701899e-03,-1.150313023780512658e-02,-2.011267431280364462e-02
1.569772137178711280e-01,-1.334422330241181315e-02,1.931114811913688112e-02,7.836925589434648454e-03,-1.138902690835080778e-02,-1.999721253071131202e-02
1.569592072892415091e-01,-1.332648017716894090e-02,1.927931603297510649e-02,7.896700985762561409e-03,-1.127510619163731541e-02,-1.988184580415729499e-02
1.569414769774543916e-01,-1.330835770711629763e-02,1.924690165060458438e-02,7.956350993652463316e-03,-1.116136808766460091e-02,-1.976657413314155190e-02
1.569240227825099143e-01,-1.328985589225388508e-02,1.921390497202530787e-02,8.015875613104354175e-03,-1.104781259643266254e-02,-1.965139751766407580e-02
1.569068447044079384e-01,-1.327097473258169284e-02,1.918032599723726306e-02,8.075274844118261741e-03,-1.093443971794145000e-02,-1.953631595772481813e-02
1.568899427431486027e-01,-1.325171422809973999e-02,1.914616472624048465e-02,8.134548686694135708e-03,-1.082124945219106391e-02,-1.942132945332388644e-02
1.568733168987318238e-01,-1.323207437880801265e-02,1.911142115903495184e-02,8.193697140831998627e-03,-1.070824179918145221e-02,-1.930643800446121827e-02
1.568569671711576019e-01,-1.321205518470651603e-02,1.907609529562066461e-02,8.252720206531850497e-03,-1.059541675891262011e-02,-1.919164161113682404e-02
1.568408935604259369e-01,-1.319165664579523972e-02,1.904018713599761603e-02,8.311617883793719075e-03,-1.048277433138451384e-02,-1.907694027335064824e-02
1.568250960665368843e-01,-1.317087876207419933e-02,1.900369668016582692e-02,8.370390172617550584e-03,-1.037031451659723401e-02,-1.896233399110279494e-02
1.568095746894903608e-01,-1.314972153354338966e-02,1.896662392812528686e-02,8.429037073003376249e-03,-1.025803731455073205e-02,-1.884782276439321211e-02
1.567943294292864220e-01,-1.312818496020281070e-02,1.892896887987599586e-02,8.487558584951189131e-03,-1.014594272524500275e-02,-1.873340659322189281e-02
1.567793602859250679e-01,-1.310626904205245032e-02,1.889073153541793310e-02,8.545954708461018720e-03,-1.003403074868000275e-02,-1.861908547758879887e-02
1.567646672594062707e-01,-1.308397377909232759e-02,1.885191189475113674e-02,8.604225443532812975e-03,-9.922301384855829187e-03,-1.850485941749402397e-02
1.567502503497300859e-01,-1.306129917132243384e-02,1.881250995787558944e-02,8.662370790166596182e-03,-9.810754633772431760e-03,-1.839072841293751953e-02
1.567361095568964025e-01,-1.303824521874276908e-02,1.877252572479129120e-02,8.720390748362370076e-03,-9.699390495429810466e-03,-1.827669246391928209e-02
1.567222448809053592e-01,-1.301481192135332289e-02,1.873195919549822119e-02,8.778285318120160677e-03,-9.588208969827916733e-03,-1.816275157043926655e-02
1.567086563217568729e-01,-1.299099927915411609e-02,1.869081036999641759e-02,8.836054499439914209e-03,-9.477210056966849441e-03,-1.804890573249757005e-02
1.566953438794509157e-01,-1.296680729214514001e-02,1.864907924828585958e-02,8.893698292321661897e-03,-9.366393756846558283e-03,-1.793515495009414748e-02
1.566823075539875709e-01,-1.294223596032639291e-02,1.860676583036655410e-02,8.951216696765395067e-03,-9.255760069467041523e-03,-1.782149922322899191e-02
1.566695473453667831e-01,-1.291728528369786265e-02,1.856387011623847338e-02,9.008609712771146680e-03,-9.145308994828254059e-03,-1.770793855190205823e-02
1.566570632535885799e-01,-1.289195526225957178e-02,1.852039210590166254e-02,9.065877340338861223e-03,-9.035040532930293036e-03,-1.759447293611344013e-02
1.566448552786529336e-01,-1.286624589601150989e-02,1.847633179935610423e-02,9.123019579468566453e-03,-8.924954683773104677e-03,-1.748110237586309595e-02
1.566329234205598442e-01,-1.284015718495368046e-02,1.843168919660178803e-02,9.180036430160264105e-03,-8.815051447356695921e-03,-1.736782687115102225e-02
1.566212676793093672e-01,-1.281368912908606439e-02,1.838646429763869661e-02,9.236927892413974994e-03,-8.705330823681014726e-03,-1.725464642197716697e-02
1.566098880549014472e-01,-1.278684172840869118e-02,1.834065710246687853e-02,9.293693966229650549e-03,-8.595792812746159972e-03,-1.714156102834163073e-02
1.565987845473360840e-01,-1.275961498292154696e-02,1.829426761108630950e-02,9.350334651607316791e-03,-8.486437414552079617e-03,-1.702857069024436495e-02
1.565879571566133333e-01,-1.273200889262462998e-02,1.824729582349698606e-02,9.406849948546973719e-03,-8.377264629098777129e-03,-1.691567540768536965e-02
1.565774058827331117e-01,-1.270402345751793158e-02,1.819974173969888739e-02,9.463239857048647355e-03,-8.268274456386202204e-03,-1.680287518066459276e-02
1.565671195498783419e-01,-1.267561899703907070e-02,1.815155283935442412e-02,9.519412026812680214e-03,-8.159613694364731967e-03,-1.669029501324123185e-02
1.565570751444656517e-01,-1.264671379976431247e-02,1.810262097098325890e-02,9.575176287286945448e-03,-8.051584633848536676e-03,-1.657819231758433584e-02
1.565472719720611694e-01,-1.261730540005502089e-02,1.805294287111919999e-02,9.630526900083345027e-03,-7.944196396449720865e-03,-1.646657486109487020e-02
1.565377100326648674e-01,-1.258739379791117691e-02,1.800251853976223351e-02,9.685463865201899766e-03,-7.837448982168239431e-03,-1.635544264377277943e-02
1.565283893262768011e-01,-1.255697899333281173e-02,1.795134797691240111e-02,9.739987182642562830e-03,-7.731342391004186049e-03,-1.624479566561816413e-02
1.565193098528969706e-01,-1.252606098631990975e-02,1.789943118256967503e-02,9.794096852405358503e-03,-7.625876622957513014e-03,-1.613463392663097226e-02
1.565104716125253204e-01,-1.249463977687246923e-02,1.784676815673406219e-02,9.847792874490285051e-03,-7.521051678028221193e-03,-1.602495742681120383e-02
1.565018746051618781e-01,-1.246271536499047976e-02,1.779335889940553833e-02,9.901075248897368494e-03,-7.416867556216262883e-03,-1.591576616615881373e-02
1.564935188308066438e-01,-1.243028775067396736e-02,1.773920341058414160e-02,9.953943975626560262e-03,-7.313324257521731757e-03,-1.580706014467389911e-02
1.564854042894596453e-01,-1.239735693392291817e-02,1.768430169026986160e-02,1.000639905467788464e-02,-7.210421781944581845e-03,-1.569883936235640445e-02
1.564775309811208548e-01,-1.236392291473733390e-02,1.762865373846269137e-02,1.005844048605134163e-02,-7.108160129484812281e-03,-1.559110381920633497e-02
1.564698989057902445e-01,-1.232998569311719722e-02,1.757225955516260665e-02,1.011006826974695551e-02,-7.006539300142377961e-03,-1.548385351522364554e-02
1.564625080634678977e-01,-1.229554526906253935e-02,1.751511914036965600e-02,1.016128240576467424e-02,-6.905559293917370826e-03,-1.537708845040842813e-02
1.564553584541537312e-01,-1.226060164257334294e-02,1.745723249408381861e-02,1.021208289410452906e-02,-6.805220110809743171e-03,-1.527080862476063415e-02
1.564484500778477727e-01,-1.222515481364961319e-02,1.739859961630508753e-02,1.026246973476651475e-02,-6.705521750819496730e-03,-1.516501403828026534e-02
1.564417829345500222e-01,-1.218920478229132930e-02,1.733922050703344542e-02,1.031244292775065560e-02,-6.606464213946586402e-03,-1.505970469096727486e-02
1.564353570242604796e-01,-1.215275154849852594e-02,1.727909516626893738e-02,1.036200247305690651e-02,-6.508047500191101523e-03,-1.495488058282175639e-02
1.564291723469791728e-01,-1.211579511227118579e-02,1.721822359401153912e-02,1.041114837068528830e-02,-6.410271609552996991e-03,-1.485054171384366482e-02
1.564232289027060741e-01,-1.207833547360930709e-02,1.715660579026125412e-02,1.045988062063580443e-02,-6.313136542032273674e-03,-1.474668808403299496e-02
1.564175266914411555e-01,-1.204037263251287772e-02,1.709424175501804768e-02,1.050819922290847225e-02,-6.216642297628886468e-03,-1.464331969338970516e-02
1.564120657131844727e-01,-1.200190658898192715e-02,1.703113148828198573e-02,1.055610417750325186e-02,-6.120788876342923845e-03,-1.454043654191388563e-02
1.564068459679359979e-01,-1.196293734301644152e-02,1.696727499005303355e-02,1.060359548442016409e-02,-6.025576278174343305e-03,-1.443803862960549300e-02
1.564018674556957311e-01,-1.192346489461641908e-02,1.690267226033119116e-02,1.065067314365920892e-02,-5.931004503123141376e-03,-1.433612595646452208e-02
1.563971301764636723e-01,-1.188348924378184075e-02,1.683732329911642733e-02,1.069733715522040718e-02,-5.837073551189279029e-03,-1.423469852249093295e-02
1.563926341302398215e-01,-1.184301039051274471e-02,1.677122810640880451e-02,1.074358751910371550e-02,-5.743783422372840397e-03,-1.413375632768481410e-02
1.563883793170241787e-01,-1.180202833480911186e-02,1.670438668220829495e-02,1.078942423530915642e-02,-5.651134116673781245e-03,-1.403329937204611869e-02
1.563843657368167717e-01,-1.176054307667094394e-02,1.663679902651489170e-02,1.083484730383673170e-02,-5.559125634092102440e-03,-1.393332765557484844e-02
1.563805933896175726e-01,-1.171855461609821840e-02,1.656846513932857048e-02,1.087985672468645519e-02,-5.467757974627764951e-03,-1.383384117827095826e-02
1.563770622754265538e-01,-1.167606295309097687e-02,1.649938502064938681e-02,1.092445249785829395e-02,-5.377031138280847708e-03,-1.373483994013454008e-02
1.563737723942437430e-01,-1.163306808764919854e-02,1.642955867047731985e-02,1.096863462335226531e-02,-5.286945125051310812e-03,-1.363632394116554361e-02
1.563707237460691679e-01,-1.158957001977288341e-02,1.635898608881236269e-02,1.101240310116836756e-02,-5.197499934939155998e-03,-1.353829318136397404e-02
1.563679163309028286e-01,-1.154556874946203321e-02,1.628766727565451530e-02,1.105575793130660241e-02,-5.108695567944379796e-03,-1.344074766072982791e-02
1.563653501487446418e-01,-1.150106427671662539e-02,1.621560223100374301e-02,1.109869911376698895e-02,-5.020532024066947513e-03,-1.334368737926306531e-02
1.563630251995946907e-01,-1.145605660153670158e-02,1.614279095486011867e-02,1.114122664854948902e-02,-4.933009303306934608e-03,-1.324711233696376951e-02
1.563609414834529754e-01,-1.141054572392223923e-02,1.606923344722360064e-02,1.118334053565411997e-02,-4.846127405664300315e-03,-1.315102253383189715e-02
1.563590990003194403e-01,-1.136453164387324355e-02,1.599492970809419587e-02,1.122504077508088526e-02,-4.759886331139048972e-03,-1.305541796986745169e-02
1.563574977501941132e-01,-1.131801436138968851e-02,1.591987973747186966e-02,1.126632736682980050e-02,-4.674286079731138945e-03,-1.296029864507038630e-02
1.563561377330770219e-01,-1.127099387647161922e-02,1.584408353535668099e-02,1.130720031090082928e-02,-4.589326651440649163e-03,-1.286566455944079118e-02
1.563550189489681386e-01,-1.122347018911901313e-02,1.576754110174860904e-02,1.134765960729399066e-02,-4.505008046267538861e-03,-1.277151571297862123e-02
1.563541413978674632e-01,-1.117544329933186850e-02,1.569025243664764688e-02,1.138770525600928465e-02,-4.421330264211809774e-03,-1.267785210568387125e-02
1.563535050797749959e-01,-1.112691320711016799e-02,1.561221754005375807e-02,1.142733725704672687e-02,-4.338293305273424605e-03,-1.258467373755651000e-02
1.563531099946907088e-01,-1.107787991245395148e-02,1.553343641196701722e-02,1.146655561040628608e-02,-4.255897169452456212e-03,-1.249198060859661209e-02
1.563529561426146575e-01,-1.102834341536319991e-02,1.545390905238738614e-02,1.150536031608797617e-02,-4.174141856748869034e-03,-1.239977271880414109e-02
1.563530435235468419e-01,-1.097830371583791154e-02,1.537363546131486486e-02,1.154375137409179887e-02,-4.093027367162662203e-03,-1.230805006817909178e-02
1.563533721374872343e-01,-1.092776081387806207e-02,1.529261563874941866e-02,1.158172878441777152e-02,-4.012553700693801025e-03,-1.221681265672142948e-02
1.563539419844357792e-01,-1.087671470948370009e-02,1.521084958469112042e-02,1.161929254706585771e-02,-3.932720857342355755e-03,-1.212606048443123224e-02
1.563547530643925876e-01,-1.082516540265480130e-02,1.512833729913993022e-02,1.165644266203607823e-02,-3.853528837108290833e-03,-1.203579355130846018e-02
1.563558053773576040e-01,-1.077311289339136745e-02,1.504507878209585328e-02,1.169317912932842964e-02,-3.774977639991607993e-03,-1.194601185735311155e-02
1.563570989233308284e-01,-1.072055718169337077e-02,1.496107403355884970e-02,1.172950194894293099e-02,-3.697067265992269938e-03,-1.185671540256514819e-02
1.563586337023122330e-01,-1.066749826756086331e-02,1.487632305352899059e-02,1.176541112087954762e-02,-3.619797715110347359e-03,-1.176790418694465164e-02
1.563604097143018734e-01,-1.061393615099381904e-02,1.479082584200624474e-02,1.180090664513829685e-02,-3.543168987345805994e-03,-1.167957821049157678e-02
1.563624269592997218e-01,-1.055987083199223797e-02,1.470458239899061041e-02,1.183598852171917695e-02,-3.467181082698644976e-03,-1.159173747320593056e-02
1.563646854373058059e-01,-1.050530231055609581e-02,1.461759272448204423e-02,1.187065675062220528e-02,-3.391834001168830479e-03,-1.150438197508766788e-02
1.563671851483200426e-01,-1.045023058668544287e-02,1.452985681848063121e-02,1.190491133184735234e-02,-3.317127742756431890e-03,-1.141751171613687027e-02
1.563699260923425427e-01,-1.039465566038025313e-02,1.444137468098632623e-02,1.193875226539463028e-02,-3.243062307461412781e-03,-1.133112669635349436e-02
1.563729082693732231e-01,-1.033857753164052484e-02,1.435214631199913451e-02,1.197217955126404082e-02,-3.169637695283774453e-03,-1.124522691573754708e-02
1.563761316794121392e-01,-1.028199620046623720e-02,1.426217171151901095e-02,1.200519318945559612e-02,-3.096853906223485248e-03,-1.115981237428898508e-02
1.563795963224592633e-01,-1.022491166685743878e-02,1.417145087954603880e-02,1.203779317996927362e-02,-3.024710940280608048e-03,-1.107488307200788467e-02
1.563833021985145677e-01,-1.016732393081410009e-02,1.407998381608017643e-02,1.206997952280507852e-02,-2.953208797455112063e-03,-1.099043900889421117e-02
1.563872493075781078e-01,-1.010923299233622806e-02,1.398777052112142559e-02,1.210175221796302124e-02,-2.882347477746995991e-03,-1.090648018494796284e-02
1.563914376496498837e-01,-1.005063885142379321e-02,1.389481099466974463e-02,1.213311126544310524e-02,-2.812126981156230776e-03,-1.082300660016909978e-02
1.563958672247298398e-01,-9.991541508076847572e-03,1.380110523672521336e-02,1.216405666524530971e-02,-2.742547307682876266e-03,-1.074001825455770005e-02
1.564005380328179762e-01,-9.931940962295363398e-03,1.370665324728779534e-02,1.219458841736964679e-02,-2.673608457326902971e-03,-1.065751514811372549e-02
1.564054500739143760e-01,-9.871837214079345890e-03,1.361145502635748711e-02,1.222470652181611647e-02,-2.605310430088310890e-03,-1.057549728083717437e-02
1.564106033480189839e-01,-9.811230263428763823e-03,1.351551057393424703e-02,1.225441097858472918e-02,-2.537653225967068799e-03,-1.049396465272801546e-02
1.564159978551317720e-01,-9.750120110343672708e-03,1.341881989001816010e-02,1.228370178767546235e-02,-2.470636844963237412e-03,-1.041291726378631294e-02
1.564216335952527681e-01,-9.688506754824044789e-03,1.332138297460918296e-02,1.231257894908832813e-02,-2.404261287076787240e-03,-1.033235511401203906e-02
1.564275105683820000e-01,-9.626390196869878332e-03,1.322319982770731733e-02,1.234104246282332652e-02,-2.338526552307717415e-03,-1.025227820340518861e-02
1.564336287745194398e-01,-9.563770436481150786e-03,1.312427044931251813e-02,1.236909232888046967e-02,-2.273432640655998448e-03,-1.017268653196572691e-02
1.564399882136650877e-01,-9.500647473657912456e-03,1.302459483942487381e-02,1.239672854725973154e-02,-2.208979552121691052e-03,-1.009358009969372506e-02
1.564465888858189713e-01,-9.437021308400139058e-03,1.292417299804433928e-02,1.242395111796112776e-02,-2.145167286704763136e-03,-1.001495890658914839e-02
1.564534307909810074e-01,-9.372891940707827121e-03,1.282300492517091627e-02,1.245076004098465312e-02,-2.081995844405216869e-03,-9.936822952652000357e-03
1.564605139291513070e-01,-9.308259370580952360e-03,1.272109062080455794e-02,1.247715531633032671e-02,-2.019465225223021458e-03,-9.859172237882237594e-03
1.564678383003297868e-01,-9.243123598019566817e-03,1.261843008494535449e-02,1.250313694399811729e-02,-1.957575429158236319e-03,-9.782006762279936429e-03
1.564754039045165024e-01,-9.177484623023647939e-03,1.251502331759326431e-02,1.252870492398804221e-02,-1.896326456210832177e-03,-9.705326525845060434e-03
1.564832107417113982e-01,-9.111342445593192257e-03,1.241087031874828217e-02,1.255385925630009801e-02,-1.835718306380806865e-03,-9.629131528577607874e-03
1.564912588119145298e-01,-9.044697065728168547e-03,1.230597108841036472e-02,1.257859994093429856e-02,-1.775750979668137179e-03,-9.553421770477549257e-03
1.564995481151258694e-01,-8.977548483428639259e-03,1.220032562657960562e-02,1.260292697789062132e-02,-1.716424476072874947e-03,-9.478197251544947036e-03
1.565080786513454170e-01,-8.909896698694574901e-03,1.209393393325595631e-02,1.262684036716907321e-02,-1.657738795594991543e-03,-9.403457971779769983e-03
1.565168504205731448e-01,-8.841741711525970271e-03,1.198679600843941678e-02,1.265034010876965945e-02,-1.599693938234490655e-03,-9.329203931182016366e-03
1.565258634228091084e-01,-8.773083521922802816e-03,1.187891185212994367e-02,1.267342620269238697e-02,-1.542289903991344961e-03,-9.255435129751656692e-03
1.565351176580533077e-01,-8.703922129885126313e-03,1.177028146432762545e-02,1.269609864893723843e-02,-1.485526692865603900e-03,-9.182151567488753413e-03
1.565446131263056873e-01,-8.634257535412914741e-03,1.166090484503241702e-02,1.271835744750422076e-02,-1.429404304857245355e-03,-9.109353244393277038e-03
1.565543498275662748e-01,-8.564089738506164631e-03,1.155078199424432184e-02,1.274020259839333570e-02,-1.373922739966265422e-03,-9.037040160465224098e-03
1.565643277618350981e-01,-8.493418739164849962e-03,1.143991291196328787e-02,1.276163410160459193e-02,-1.319081998192643285e-03,-8.965212315704563367e-03
1.565745469291121295e-01,-8.422244537389027980e-03,1.132829759818941226e-02,1.278265195713797035e-02,-1.264882079536427083e-03,-8.893869710111360766e-03
1.565850073293973688e-01,-8.350567133178670928e-03,1.121593605292264817e-02,1.280325616499348312e-02,-1.211322983997589059e-03,-8.823012343685583334e-03
1.565957089626908161e-01,-8.278386526533777073e-03,1.110282827616299386e-02,1.282344672517112677e-02,-1.158404711576133984e-03,-8.752640216427231071e-03
1.566066518289924436e-01,-8.205702717454313455e-03,1.098897426791040077e-02,1.284322363767091343e-02,-1.106127262272035838e-03,-8.682753328336271018e-03
1.566178359283023069e-01,-8.132515705940345993e-03,1.087437402816496951e-02,1.286258690249282056e-02,-1.054490636085340591e-03,-8.613351679412767359e-03
1.566292612606204060e-01,-8.058825491991843462e-03,1.075902755692664629e-02,1.288153651963686377e-02,-1.003494833016026992e-03,-8.544435269656688869e-03
1.566409278259466853e-01,-7.984632075608802393e-03,1.064293485419543460e-02,1.290007248910303439e-02,-9.531398530640946068e-04,-8.476004099068033815e-03
1.566528229598370403e-01,-7.909934490641893842e-03,1.052609477639479714e-02,1.291819025047307931e-02,-9.034327081124200656e-04,-8.408064550982143406e-03
1.566645891786144218e-01,-7.834705465258298002e-03,1.040847504339290422e-02,1.293576107523167207e-02,-8.545713250226110802e-04,-8.340796810030528044e-03
1.566760634304204536e-01,-7.758932560503926761e-03,1.029006093190068354e-02,1.295272624902346452e-02,-8.066459802035328558e-04,-8.274283060214535079e-03
1.566872457152551634e-01,-7.682615776378784456e-03,1.017085244191813162e-02,1.296908577184846013e-02,-7.596566736551855006e-04,-8.208523301534164512e-03
1.566981360331184958e-01,-7.605755112882835525e-03,1.005084957344519817e-02,1.298483964370666412e-02,-7.136034053775489570e-04,-8.143517533989388588e-03
1.567087343840105063e-01,-7.528350570016147623e-03,9.930052326481987254e-03,1.299998786459806259e-02,-6.684861753706637742e-04,-8.079265757580264551e-03
1.567190407679311948e-01,-7.450402147778687791e-03,9.808460701028448581e-03,1.301453043452266076e-02,-6.243049836345094606e-04,-8.015767972306762912e-03
1.567290551848805058e-01,-7.371909846170454292e-03,9.686074697084576940e-03,1.302846735348046209e-02,-5.810598301690860163e-04,-7.953024178168883671e-03
1.567387776348584949e-01,-7.292873665191414168e-03,9.562894314650323760e-03,1.304179862147147179e-02,-5.387507149743747930e-04,-7.891034375166602541e-03
1.567482081178651343e-01,-7.213293604841635939e-03,9.438919553725793124e-03,1.305452423849567598e-02,-4.973776380504135210e-04,-7.829798563299969830e-03
1.567573466339004518e-01,-7.133169665121084912e-03,9.314150414310932991e-03,1.306664420455308333e-02,-4.569405993971830640e-04,-7.769316742568960384e-03
1.567661931829643918e-01,-7.052501846029761955e-03,9.188586896405743359e-03,1.307815851964369037e-02,-4.174395990146835306e-04,-7.709588912973574203e-03
1.567747477650570098e-01,-6.971290147567630636e-03,9.062229000010168720e-03,1.308906718376750405e-02,-3.788746369028978987e-04,-7.650615074513785266e-03
1.567830103801782782e-01,-6.889534569734762082e-03,8.935076725124318359e-03,1.309937019692451569e-02,-3.412457130618604291e-04,-7.592395227189645615e-03
1.567909810283281968e-01,-6.807235112531120728e-03,8.807130071748140235e-03,1.310906755911472876e-02,-3.045528274915538830e-04,-7.534929371001128362e-03
1.567986597095067935e-01,-6.724391775956707444e-03,8.678389039881630879e-03,1.311815927033814153e-02,-2.687959801919782062e-04,-7.478217505948233507e-03
1.568060464237140406e-01,-6.641004560011484065e-03,8.548853629524736514e-03,1.312664533059476092e-02,-2.339751711631180573e-04,-7.422259632030938498e-03
1.568131411709499379e-01,-6.557073464695525183e-03,8.418523840677566428e-03,1.313452573988458001e-02,-2.000904004050045256e-04,-7.367055749249290172e-03
1.568199439512144855e-01,-6.472598490008793504e-03,8.287399673340070314e-03,1.314180049820759880e-02,-1.671416679176218091e-04,-7.312605857603265112e-03
1.568264547645077112e-01,-6.387579635951289893e-03,8.155481127512241232e-03,1.314846960556381901e-02,-1.351289737009699619e-04,-7.258909957092864185e-03
1.568326736108295871e-01,-6.302016902522975320e-03,8.022768203194023673e-03,1.315453306195324412e-02,-1.040523177550355127e-04,-7.205968047718061369e-03
1.568386004901801134e-01,-6.215910289723926112e-03,7.889260900385537331e-03,1.315999086737586719e-02,-7.391170007984578351e-05,-7.153780129478906104e-03
1.568442354025592900e-01,-6.129259797554104106e-03,7.754959219086720625e-03,1.316484302183169343e-02,-4.470712067538695073e-05,-7.102346202375373237e-03
1.568495783479671168e-01,-6.042065426013510168e-03,7.619863159297573553e-03,1.316908952532072109e-02,-1.643857954165898723e-05,-7.051666266407462767e-03
1.568546293264036218e-01,-5.954327175102104401e-03,7.483972721018036268e-03,1.317273037784295192e-02,1.089392332135019582e-05,-7.001740321575154746e-03
1.568593883378688048e-01,-5.866045044819963999e-03,7.347287904248229334e-03,1.317576557939838071e-02,3.729038791361604125e-05,-6.952568367878490807e-03
1.568638553823625825e-01,-5.777219035167052534e-03,7.209808708988092903e-03,1.317819512998701439e-02,6.275081423515101739e-05,-6.904150405317450133e-03
1.568680304598850661e-01,-5.687849146143367403e-03,7.071535135237626973e-03,1.318001902960884604e-02,8.727520228595512424e-05,-6.856486433892032724e-03
1.568719135704362000e-01,-5.597935377748870442e-03,6.932467182996769096e-03,1.318123727826388432e-02,1.108635520660385533e-04,-6.809576453602216896e-03
1.568755047140159842e-01,-5.507477729983640581e-03,6.792604852265643305e-03,1.318184987595211882e-02,1.335158635753805421e-04,-6.763420464448046017e-03
1.568788038906244187e-01,-5.416476202847637922e-03,6.651948143044187148e-03,1.318185682267355822e-02,1.552321368139918784e-04,-6.718018466429497536e-03
1.568818111002615312e-01,-5.324930796340863332e-03,6.510497055332402361e-03,1.318125811842819732e-02,1.760123717818721286e-04,-6.673370459546571452e-03
1.568845263429272940e-01,-5.232841510463273442e-03,6.368251589130223891e-03,1.318005376321603958e-02,1.958565684790300205e-04,-6.629476443799250419e-03
1.568869496186216794e-01,-5.140208345214954122e-03,6.225211744437778374e-03,1.317824375703708153e-02,2.147647269054481526e-04,-6.586336419187570866e-03
1.568890809273447706e-01,-5.047031300595860269e-03,6.081377521255003360e-03,1.317582809989132839e-02,2.327368470611354155e-04,-6.543950385711513711e-03
1.568909202690965121e-01,-4.953310376605996219e-03,5.936748919581898848e-03,1.317280679177877493e-02,2.497729289460918090e-04,-6.502318343371079820e-03
1.568924676438768762e-01,-4.859045573245315136e-03,5.791325939418399786e-03,1.316917983269942118e-02,2.658729725603243806e-04,-6.461440292166251848e-03
1.568937230516859460e-01,-4.764236890513904622e-03,5.645108580764635411e-03,1.316494722265326885e-02,2.810369779038186019e-04,-6.421316232097064487e-03
1.568946864925236384e-01,-4.668884328411721310e-03,5.498096843620541539e-03,1.316010896164032141e-02,2.952649449765820623e-04,-6.381946163163500392e-03
1.568953579663900089e-01,-4.572987886938766067e-03,5.350290727986118169e-03,1.315466504966057541e-02,3.085568737786145450e-04,-6.343330085365558695e-03
1.568957374732850019e-01,-4.476547566094994657e-03,5.201690233861298515e-03,1.314861548671402564e-02,3.209127643099215794e-04,-6.305467998703223782e-03
1.568958250132087007e-01,-4.379563365880493817e-03,5.052295361246214415e-03,1.314196027280068249e-02,3.323326165704919982e-04,-6.268359903176528615e-03
1.568956205861610220e-01,-4.282035286295220178e-03,4.902106110140800818e-03,1.313469940792054078e-02,3.428164305603315478e-04,-6.232005798785456713e-03
1.568951241921420214e-01,-4.183963327339173741e-03,4.751122480545058591e-03,1.312683289207360049e-02,3.523642062794402280e-04,-6.196405685530008076e-03
1.568943358311516434e-01,-4.085347489012311137e-03,4.599344472458917477e-03,1.311836072525985643e-02,3.609759437278212916e-04,-6.161559563410165356e-03
1.568932755913998167e-01,-3.986219650635296555e-03,4.446822722780716802e-03,1.310927969106783463e-02,3.686611488895820865e-04,-6.127458941782468541e-03
1.568920369888771038e-01,-3.886728218973047044e-03,4.293792959816841726e-03,1.309957481624168113e-02,3.754640746636158885e-04,-6.094064294430193499e-03
1.568906318355688390e-01,-3.786891939253165390e-03,4.140284958360625385e-03,1.308924420951256343e-02,3.813903106243734511e-04,-6.061370628805132915e-03
1.568890601314749389e-01,-3.686710811475606923e-03,3.986298718412000126e-03,1.307828787088047978e-02,3.864398567718567261e-04,-6.029377944907273780e-03
1.568873218765954869e-01,-3.586184835640460547e-03,3.831834239971101692e-03,1.306670580034543713e-02,3.906127131060614308e-04,-5.998086242736643849e-03
1.568854170709304552e-01,-3.485314011747681160e-03,3.676891523037863728e-03,1.305449799790743375e-02,3.939088796269898962e-04,-5.967495522293229243e-03
1.568833457144798160e-01,-3.384098339797269629e-03,3.521470567612284934e-03,1.304166446356646789e-02,3.963283563346420681e-04,-5.937605783577029096e-03
1.568811078072435972e-01,-3.282537819789180418e-03,3.365571373694296788e-03,1.302820519732253088e-02,3.978711432290185971e-04,-5.908417026588031265e-03
1.568787033492218264e-01,-3.180632451723503732e-03,3.209193941284036768e-03,1.301412019917563834e-02,3.985372403101179110e-04,-5.879929251326261770e-03
1.568761323404144203e-01,-3.078382235600195336e-03,3.052338270381436350e-03,1.299940946912578506e-02,3.983266475779410399e-04,-5.852142457791707601e-03
1.568733947808214624e-01,-2.975787171419253495e-03,2.895004360986495537e-03,1.298407300717297104e-02,3.972393650324879295e-04,-5.825056645984367891e-03
1.568704906704429247e-01,-2.872847259180634407e-03,2.737192213099144070e-03,1.296811081331718414e-02,3.952753926737575499e-04,-5.798671815904232231e-03
1.568674200092787796e-01,-2.769562498884427845e-03,2.578901826719522030e-03,1.295152288755844344e-02,3.924347305017515273e-04,-5.772987967551323173e-03
1.568641827973290825e-01,-2.665932890530589138e-03,2.420133201847559160e-03,1.293430922989673854e-02,3.887173785164694281e-04,-5.748005100925629440e-03
1.568607790345937780e-01,-2.561958434119117854e-03,2.260886338483256326e-03,1.291646984033207463e-02,3.841233367179109270e-04,-5.723723216027150167e-03
1.568572087210728938e-01,-2.457639129649967155e-03,2.101161236626541539e-03,1.289800471886443783e-02,3.786526051060736930e-04,-5.700142312855875810e-03
1.568534718567664299e-01,-2.352974977123231150e-03,1.940957896277557696e-03,1.287891386549384724e-02,3.723051836809623339e-04,-5.677262391411827189e-03
1.568495684416743585e-01,-2.247965976538862133e-03,1.780276317436233022e-03,1.285919728022029418e-02,3.650810724425748981e-04,-5.655083451694993893e-03
1.568454984757967352e-01,-2.142612127896860973e-03,1.619116500102567736e-03,1.283885496304377864e-02,3.569802713909111689e-04,-5.633605493705375923e-03
1.568412619591335322e-01,-2.036913431197180397e-03,1.457478444276490061e-03,1.281788691396429196e-02,3.480027805259670263e-04,-5.612828517442963738e-03
1.568368588916847217e-01,-1.930869886439914298e-03,1.295362149958143548e-03,1.279629313298185148e-02,3.381485998477503849e-04,-5.592752522907774686e-03
1.568322892734503315e-01,-1.824481493625015839e-03,1.132767617147456638e-03,1.277407362009645025e-02,3.274177293562575584e-04,-5.573377510099802694e-03
1.568275531044303617e-01,-1.717748252752484802e-03,9.696948458444292233e-04,1.275122837530808483e-02,3.158101690514885469e-04,-5.554703479019044293e-03
1.568226503846248121e-01,-1.610670163822321187e-03,8.061438360490611951e-04,1.272775739861675866e-02,3.033259189334432419e-04,-5.536730429665501219e-03
1.568175811140336828e-01,-1.503247226834477724e-03,6.421145877612798036e-04,1.270366069002245787e-02,2.899649790021155177e-04,-5.519458362039166531e-03
1.568123452926569739e-01,-1.395479441789049171e-03,4.776071009812306572e-04,1.267893824952520676e-02,2.757273492575174089e-04,-5.502887276140054108e-03
1.568069429204946297e-01,-1.287366808685988257e-03,3.126213757088414395e-04,1.265359007712499144e-02,2.606130296996430609e-04,-5.487017171968157012e-03
1.568013739975467613e-01,-1.178909327525294983e-03,1.471574119441112561e-04,1.262761617282181538e-02,2.446220203284923652e-04,-5.471848049523475241e-03
1.567956385238133132e-01,-1.070106998306920559e-03,-1.878479031303313088e-05,1.260101653661566297e-02,2.277543211440579492e-04,-5.457379908806000990e-03
1.567897364992942300e-01,-9.609598210309625629e-04,-1.852052310624444868e-04,1.257379116850656370e-02,2.100099321463544497e-04,-5.443612749815749004e-03
1.567836679239895947e-01,-8.514677956973717727e-04,-3.521039103041963747e-04,1.254594006849449848e-02,1.913888533353747651e-04,-5.430546572552712344e-03
1.567774327978993798e-01,-7.416309223061484050e-04,-5.194808280382887675e-04,1.251746323657947253e-02,1.718910847111187329e-04,-5.418181377016891009e-03
1.567710311210235574e-01,-6.314492008572435621e-04,-6.873359842647961499e-04,1.248836067276147023e-02,1.515166262735774625e-04,-5.406517163208278062e-03
1.567644628933621831e-01,-5.209226313507553646e-04,-8.556693789835696611e-04,1.245863237704052107e-02,1.302654780227686807e-04,-5.395553931126887380e-03
1.567577281149152013e-01,-4.100512137866345894e-04,-1.024481012194683894e-03,1.242827834941660770e-02,1.081376399586836054e-04,-5.385291680772711156e-03
1.567508267856826398e-01,-2.988349481648815077e-04,-1.193770883898138306e-03,1.239729858988973185e-02,8.513311208132234506e-05,-5.375730412145749391e-03
1.567437589056644986e-01,-1.872738344854465715e-04,-1.363538994094008793e-03,1.236569309845987966e-02,6.125189439067416607e-05,-5.366870125246000350e-03
1.567365244748607778e-01,-7.536787274842841606e-05,-1.533785342782144649e-03,1.233346187512707887e-02,3.649398688676010194e-05,-5.358710820073468370e-03
1.567291234932714494e-01,3.688293704622215433e-05,-1.704509929962620901e-03,1.230060491989131734e-02,1.085938956956963592e-05,-5.351252496628152583e-03
1.567215559608965691e-01,1.494785948985051125e-04,-1.875712755635437550e-03,1.226712223275258987e-02,-1.565189756089679831e-05,-5.344495154910051254e-03
1.567138218777361092e-01,2.624191008084710095e-04,-2.047393819800671141e-03,1.223301381371088951e-02,-4.303987450465210276e-05,-5.338438794919164385e-03
1.567059212437900140e-01,3.757044547760190144e-04,-2.219553122458169016e-03,1.219827966276623710e-02,-7.130454126167144920e-05,-5.333083416655492841e-03
1.566978540590583946e-01,4.893346568011994885e-04,-2.392190663608006855e-03,1.216291977991862568e-02,-1.004458978319671975e-04,-5.328429020119038358e-03
1.566896203235411678e-01,6.033097068840122690e-04,-2.565306443250185524e-03,1.212693416516805178e-02,-1.304639442155389141e-04,-5.324475605309797466e-03
1.566812216172031869e-01,7.176243539521453023e-04,-2.738891595188424830e-03,1.209032042570069680e-02,-1.613515719904421060e-04,-5.321213548963131881e-03
1.566728759373874902e-01,8.315540756583710350e-04,-2.911722796460699311e-03,1.205274841046346211e-02,-1.921279890048372264e-04,-5.317315070808191317e-03
1.566647373033869806e-01,9.445869831049982053e-04,-3.082935745993400489e-03,1.201398486142178298e-02,-2.221002468417630446e-04,-5.311842068684309755e-03
1.566568057152017412e-01,1.056723076292027030e-03,-3.252530443786527496e-03,1.197402977857565595e-02,-2.512683455012195062e-04,-5.304794542591489796e-03
1.566490811728316612e-01,1.167962355219506840e-03,-3.420506889840154493e-03,1.193288316192506714e-02,-2.796322849832190253e-04,-5.296172492529724503e-03
1.566415636762768515e-01,1.278304819887338432e-03,-3.586865084154133160e-03,1.189054501147004950e-02,-3.071920652877364486e-04,-5.285975918499024283e-03
1.566342532255372566e-01,1.387750470295571678e-03,-3.751605026728537656e-03,1.184701532721058569e-02,-3.339476864147845154e-04,-5.274204820499383932e-03
1.566271498206128765e-01,1.496299306444206579e-03,-3.914726717563368416e-03,1.180229410914667744e-02,-3.598991483643632799e-04,-5.260859198530802583e-03
1.566202534615037389e-01,1.603951328333290838e-03,-4.076230156658696563e-03,1.175638135727830047e-02,-3.850464511364836925e-04,-5.245939052593276766e-03
1.566135641482098162e-01,1.710706535962728831e-03,-4.236115344014378115e-03,1.170927707160549815e-02,-4.093895947311233102e-04,-5.229444382686815156e-03
1.566070818807310805e-01,1.816564929332567828e-03,-4.394382279630486797e-03,1.166098125212825312e-02,-4.329285791482937341e-04,-5.211375188811415149e-03
1.566008066590676151e-01,1.921526508442809129e-03,-4.551030963507020875e-03,1.161149389884655846e-02,-4.556634043879948014e-04,-5.191731470967075879e-03
1.565947384832193645e-01,2.025591273293497838e-03,-4.706061395644048871e-03,1.156081501176039854e-02,-4.775940704502359448e-04,-5.170513229153786069e-03
1.565888773531863565e-01,2.128759223884541148e-03,-4.859473576041435476e-03,1.150894459086981327e-02,-4.987205773349979738e-04,-5.147720463371566538e-03
1.565832232689685355e-01,2.231030360215986979e-03,-5.011267504699246610e-03,1.145588263617478182e-02,-5.190429250422907547e-04,-5.123353173620406008e-03
1.565777762305659571e-01,2.332404682287833597e-03,-5.161443181617485741e-03,1.140162914767530421e-02,-5.385611135721139623e-04,-5.097411359900306214e-03
1.565725362379785934e-01,2.432882190100126973e-03,-5.310000606796215321e-03,1.134618412537135787e-02,-5.572751429244760532e-04,-5.069895022211254147e-03
1.565675032912064446e-01,2.532462883652776900e-03,-5.456939780235303510e-03,1.128954756926298965e-02,-5.751850130993604393e-04,-5.040804160553274960e-03
1.565626773902495383e-01,2.631146762945828482e-03,-5.602260701934819696e-03,1.123171947935017352e-02,-5.922907240967752521e-04,-5.010138774926354774e-03
1.565580585351078469e-01,2.728933827979281718e-03,-5.745963371894760412e-03,1.117269985563291296e-02,-6.085922759167209251e-04,-4.977898865330495325e-03
1.565536467257813424e-01,2.825824078753179109e-03,-5.888047790115190708e-03,1.111248869811118020e-02,-6.240896685592038553e-04,-4.944084431765680999e-03
1.565494419622701361e-01,2.921817515267435220e-03,-6.028513956595984817e-03,1.105108600678502730e-02,-6.387829020242103816e-04,-4.908695474231941289e-03
1.565454442445740890e-01,3.016914137522092552e-03,-6.167361871337203455e-03,1.098849178165442995e-02,-6.526719763117476598e-04,-4.871731992729262314e-03
1.565416535726933123e-01,3.111113945517151973e-03,-6.304591534338849224e-03,1.092470602271938471e-02,-6.657568914218155815e-04,-4.833193987257643209e-03
1.565380699466277226e-01,3.204416939252653813e-03,-6.440202945600980236e-03,1.085972872997986727e-02,-6.780376473544192425e-04,-4.793081457817066626e-03
1.565346933663773754e-01,3.296823118728515675e-03,-6.574196105123476797e-03,1.079355990343592968e-02,-6.895142441095481259e-04,-4.751394404407567260e-03
1.565315238319422708e-01,3.388332483944779625e-03,-6.706571012906400488e-03,1.072619954308754765e-02,-7.001866816872077612e-04,-4.708132827029127762e-03
1.565285613433223533e-01,3.478945034901444362e-03,-6.837327668949748707e-03,1.065764764893472119e-02,-7.100549600873977147e-04,-4.663296725681749001e-03
1.565258059005176783e-01,3.568660771598551086e-03,-6.966466073253580436e-03,1.058790422097741560e-02,-7.191190793101225401e-04,-4.616886100365409293e-03
1.565232575035282181e-01,3.657479694036018698e-03,-7.093986225817781183e-03,1.051696925921569506e-02,-7.273790393553735637e-04,-4.568900951080151138e-03
1.565209161523539727e-01,3.745401802213888399e-03,-7.219888126642407325e-03,1.044484276364953182e-02,-7.348348402231553392e-04,-4.519341277825951984e-03
1.565187818469949976e-01,3.832427096132160187e-03,-7.344171775727460598e-03,1.037152473427892067e-02,-7.414864819134678667e-04,-4.468207080602813568e-03
1.565168545874511818e-01,3.918555575790871361e-03,-7.466837173072991309e-03,1.029701517110383040e-02,-7.473339644263133144e-04,-4.415498359410711601e-03
1.565151343737226641e-01,4.003787241189944723e-03,-7.587884318678896241e-03,1.022131407412432691e-02,-7.523772877616869120e-04,-4.361215114249692923e-03
1.565136212058093057e-01,4.088122092329420608e-03,-7.707313212545225702e-03,1.014442144334037725e-02,-7.566164519195909361e-04,-4.305357345119734981e-03
1.565123150837112176e-01,4.171560129209297280e-03,-7.825123854671982293e-03,1.006633727875198142e-02,-7.600514569000256038e-04,-4.247925052020836909e-03
1.565112160074283165e-01,4.254101351829612902e-03,-7.941316245059216322e-03,9.987061580359104726e-03,-7.626823027029918907e-04,-4.188918234952971817e-03
1.565103239769606303e-01,4.335745760190292883e-03,-8.055890383706822838e-03,9.906594348161818289e-03,-7.645089893284877369e-04,-4.128336893916194350e-03
1.565096389923082143e-01,4.416493354291375385e-03,-8.168846270614857352e-03,9.824935582160083947e-03,-7.655315167765140098e-04,-4.066181028910475018e-03
1.565091610534709576e-01,4.496344134132858675e-03,-8.280183905783316395e-03,9.742085282353905168e-03,-7.657498850470709261e-04,-4.002450639935817289e-03
1.565088901604489713e-01,4.575298099714778313e-03,-8.389903289212252008e-03,9.658043448743243789e-03,-7.651640941401583774e-04,-3.937145726992190807e-03
1.565088263132421997e-01,4.653355251037064044e-03,-8.498004420901563577e-03,9.572810081328172668e-03,-7.637741440557762555e-04,-3.870266290079652817e-03
1.565089695118506430e-01,4.730515588099753164e-03,-8.604487300851299675e-03,9.486385180108655377e-03,-7.615800347939248854e-04,-3.801812329198175563e-03
1.565093197562743288e-01,4.806779110902842204e-03,-8.709351929061463771e-03,9.398768745084693649e-03,-7.585817663546043756e-04,-3.731783844347757312e-03
1.565098770465132294e-01,4.882145819446366726e-03,-8.812598305532099233e-03,9.309960776256245851e-03,-7.547793387378123409e-04,-3.660180835528368572e-03
1.565106413825673448e-01,4.956615713730258208e-03,-8.914226430263115855e-03,9.219961273623391781e-03,-7.501727519435525760e-04,-3.587003302740070058e-03
1.565116127644367028e-01,5.030188793754552211e-03,-9.014236303254555271e-03,9.128770237186091541e-03,-7.447620059718236714e-04,-3.512251245982833149e-03
1.565127911921212756e-01,5.102865059519248736e-03,-9.112627924506422686e-03,9.036387666944345129e-03,-7.385471008226250850e-04,-3.435924665256656109e-03
1.565141766656210631e-01,5.174644511024377273e-03,-9.209401294018757997e-03,8.942813562898110913e-03,-7.315280364959539979e-04,-3.358023560561504244e-03
1.565157691849360933e-01,5.245527148269875373e-03,-9.304556411791477938e-03,8.848047925047472159e-03,-7.237048129918168069e-04,-3.278547931897446942e-03
1.565175687500663104e-01,5.315512971255775126e-03,-9.398093277824620673e-03,8.752090753392390704e-03,-7.150774303102099341e-04,-3.197497779264449076e-03
1.565195753610117979e-01,5.384601979982076535e-03,-9.490011892118193140e-03,8.654942047932859608e-03,-7.056458884511335964e-04,-3.114873102662512380e-03
1.565217890177724724e-01,5.452794174448809955e-03,-9.580312254672230035e-03,8.556601808668840708e-03,-6.954101874145836738e-04,-3.030673902091597822e-03
1.565242097203483895e-01,5.520089554655914672e-03,-9.668994365486651560e-03,8.457070035600419006e-03,-6.843703272005684062e-04,-2.944900177551780865e-03
1.565268374687395214e-01,5.586488120603420177e-03,-9.756058224561499348e-03,8.356346728727551132e-03,-6.725263078090838904e-04,-2.857551929043024210e-03
1.565296722629458959e-01,5.651989872291327335e-03,-9.841503831896773399e-03,8.254431888050237087e-03,-6.598781292401301266e-04,-2.768629156565326991e-03
1.565327141029674574e-01,5.716594809719665639e-03,-9.925331187492510143e-03,8.151325513568431769e-03,-6.464257914937006095e-04,-2.678131860118650610e-03
1.565359629888042614e-01,5.780302932888376106e-03,-1.000754029134863846e-02,8.047027605282227117e-03,-6.321692945698076990e-04,-2.586060039703073563e-03
1.565394189204563080e-01,5.843114241797488229e-03,-1.008813114346518956e-02,7.941538163191574559e-03,-6.171086384684455403e-04,-2.492413695318557252e-03
1.565430818979235417e-01,5.905028736447002005e-03,-1.016710374384216867e-02,7.834857187296477565e-03,-6.012438231896141336e-04,-2.397192826965101244e-03
1.565469519212060179e-01,5.966046416836944324e-03,-1.024445809247960699e-02,7.726984677596887563e-03,-5.845748487333056725e-04,-2.300397434642661738e-03
1.565510289903037366e-01,6.026167282967260543e-03,-1.032019418937743516e-02,7.617920634092897360e-03,-5.671017150995349022e-04,-2.202027518351325468e-03
1.565553131052166425e-01,6.085391334837980150e-03,-1.039431203453569132e-02,7.507665056784461853e-03,-5.488244222882948838e-04,-2.102083078091048635e-03
1.565598042659447908e-01,6.143718572449099677e-03,-1.046681162795437200e-02,7.396217945671581043e-03,-5.297429702995858341e-04,-2.000564113861832537e-03
1.565645024724881540e-01,6.201148995800645145e-03,-1.053769296963351192e-02,7.283579300754204622e-03,-5.098573591333982122e-04,-1.897470625663630773e-03
1.565694077248467597e-01,6.257682604892567980e-03,-1.060695605957304513e-02,7.169749122032431470e-03,-4.891675887897500158e-04,-1.792802613496535281e-03
1.565745200230205803e-01,6.313319399724891604e-03,-1.067460089777300461e-02,7.054727409506213881e-03,-4.676736592686323545e-04,-1.686560077360499659e-03
1.565798393670096156e-01,6.368059380297619483e-03,-1.074062748423339035e-02,6.938514163175549254e-03,-4.453755705700452282e-04,-1.578743017255523472e-03
1.565853657568138935e-01,6.421902546610769834e-03,-1.080503581895423011e-02,6.821109383040385547e-03,-4.222733226939784455e-04,-1.469351433181559450e-03
1.565910991924333862e-01,6.474848898664297553e-03,-1.086782590193546665e-02,6.702513069100828579e-03,-3.983669156404526061e-04,-1.358385325138702568e-03
1.565970396738680936e-01,6.526898436458227794e-03,-1.092899773317712944e-02,6.582725221356828041e-03,-3.736563494094570850e-04,-1.245844693126907290e-03
1.566031872011180159e-01,6.578051159992558822e-03,-1.098855131267921850e-02,6.461745839808378730e-03,-3.481416240009920990e-04,-1.131729537146171881e-03
1.566095417741831808e-01,6.628307069267315790e-03,-1.104648664044175985e-02,6.339574924455431207e-03,-3.218227394150463723e-04,-1.016039857196445600e-03
1.566161033930635882e-01,6.677666164282450995e-03,-1.110280371646470143e-02,6.216212475298090422e-03,-2.946996956516424564e-04,-8.987756532778294963e-04
1.566228720577591826e-01,6.726128445037986986e-03,-1.115750254074806755e-02,6.091658492336304333e-03,-2.667724927107695092e-04,-7.799369253902741286e-04
1.566298477682700196e-01,6.773693911533923764e-03,-1.121058311329185819e-02,5.965912975570072073e-03,-2.380411305924266634e-04,-6.595236735337786302e-04
1.566370305245960715e-01,6.820362563770285616e-03,-1.126204543409610112e-02,5.838975924999338998e-03,-2.085056092966026432e-04,-5.375358977082900919e-04
1.566444203267373381e-01,6.866134401747025703e-03,-1.131188950316074429e-02,5.710847340624214397e-03,-1.781659288233204338e-04,-4.139735979139143318e-04
1.566520171746938472e-01,6.911009425464168313e-03,-1.136011532048581373e-02,5.581527222444643624e-03,-1.470220891725696269e-04,-2.888367741506001757e-04
1.566598210684655434e-01,6.954987634921711709e-03,-1.140672288607130942e-02,5.451015570460628415e-03,-1.150740903443497887e-04,-1.621254264183450214e-04
1.566678320080525100e-01,6.998069030119674974e-03,-1.145171219991725220e-02,5.319312384672108922e-03,-8.232193233864530668e-05,-3.383955471709335777e-05
1.566760499934546913e-01,7.040253611058023414e-03,-1.149508326202360042e-02,5.186417665079200504e-03,-4.876561515548610490e-05,9.602084095304205813e-05
1.566844750246720597e-01,7.081541377736771774e-03,-1.153683607239037318e-02,5.052331411681846782e-03,-1.440513879485787185e-05,2.274557605921167375e-04
1.566931071017046984e-01,7.121932330155920921e-03,-1.157697063101757393e-02,4.917053624480047756e-03,2.075949674323982613e-05,3.604652042001306803e-04
1.567019462245525518e-01,7.161426468315489936e-03,-1.161548693790521655e-02,4.780584303473742712e-03,5.672829145882346893e-05,4.950491717771454692e-04
1.567109923932155924e-01,7.200023792215444127e-03,-1.165238499305326809e-02,4.642923448663050477e-03,9.350124535186053049e-05,6.312076633230396736e-04
1.567202456076939032e-01,7.237724301855798237e-03,-1.168766479646174417e-02,4.504071060047915541e-03,1.310783584223666233e-04,7.689406788378740087e-04
1.567297058679874011e-01,7.274527997236554869e-03,-1.172132634813065170e-02,4.364027137628332699e-03,1.694596306703421811e-04,9.082482183216484747e-04
1.567393731740961693e-01,7.310434878357727033e-03,-1.175336964805999418e-02,4.222791681404239501e-03,2.086450620958045510e-04,1.049130281774425522e-03
1.567492475260200968e-01,7.345444945219286106e-03,-1.178379469624974731e-02,4.080364691375764317e-03,2.486346526987190386e-04,1.191586869196079382e-03
1.567593289237592946e-01,7.379558197821247702e-03,-1.181260149269993190e-02,3.936746167542844697e-03,2.894284024791029912e-04,1.335617980586673373e-03
1.567695948848148446e-01,7.412781359320282093e-03,-1.183980427760897292e-02,3.791956851727198725e-03,3.310153383839609760e-04,1.481198158109182407e-03
1.567797314297501854e-01,7.445208321990482055e-03,-1.186560192253072014e-02,3.646286413931145321e-03,3.732422161934875120e-04,1.627971870228808043e-03
1.567896376161199423e-01,7.476869271616735750e-03,-1.189005836343867868e-02,3.499827981267507413e-03,4.160597688395612794e-04,1.775824815757722939e-03
1.567993134439241987e-01,7.507764208199056190e-03,-1.191317360033286414e-02,3.352581553736220382e-03,4.594679963222009266e-04,1.924756994695991713e-03
1.568087589131628989e-01,7.537893131737444241e-03,-1.193494763321327305e-02,3.204547131337284662e-03,5.034668986414064535e-04,2.074768407043614798e-03
1.568179740238360709e-01,7.567256042231912047e-03,-1.195538046207991409e-02,3.055724714070633900e-03,5.480564757971976468e-04,2.225859052800658548e-03
1.568269587759437145e-01,7.595852939682434454e-03,-1.197447208693276990e-02,2.906114301936399934e-03,5.932367277895351501e-04,2.378028931966990472e-03
1.568357131694858020e-01,7.623683824089023606e-03,-1.199222250777184917e-02,2.755715894934517712e-03,6.390076546184383704e-04,2.531278044542675625e-03
1.568442372044623889e-01,7.650748695451680369e-03,-1.200863172459715536e-02,2.604529493064985934e-03,6.853692562839075247e-04,2.685606390527715305e-03
1.568525308808734198e-01,7.677047553770415152e-03,-1.202369973740869021e-02,2.452555096327737379e-03,7.323215327859635380e-04,2.841013969922178035e-03
1.568605941987188945e-01,7.702580399045206271e-03,-1.203742654620644503e-02,2.299792704722908223e-03,7.798644841245646686e-04,2.997500782725925905e-03
1.568684271579988410e-01,7.727347231276065001e-03,-1.204981215099042158e-02,2.146242318250428643e-03,8.279981102997315164e-04,3.155066828939027870e-03
1.568760297587132868e-01,7.751348050462989608e-03,-1.206085655176062331e-02,1.991903936910301241e-03,8.767224113114642980e-04,3.313712108561483495e-03
1.568834020008621488e-01,7.774582856605981827e-03,-1.207055974851705023e-02,1.836777560702524932e-03,9.260373871597630136e-04,3.473436621593294082e-03
1.568905438844454825e-01,7.797051649705052934e-03,-1.207892174125970407e-02,1.680863189627029896e-03,9.759430378446498893e-04,3.634240368034529454e-03
1.568974554094632878e-01,7.818754429760177774e-03,-1.208594252998857789e-02,1.524160823683955559e-03,1.026439363366080364e-03,3.796123347885048231e-03
1.569041365759155371e-01,7.839691196771372828e-03,-1.209162211470367863e-02,1.366670462873231882e-03,1.077526363724076990e-03,3.959085561144920669e-03
1.569105873838022858e-01,7.859861950738634626e-03,-1.209596049540500109e-02,1.208392107194859733e-03,1.129204038918639116e-03,4.123127007814146767e-03
1.569168078331235061e-01,7.879266691661971841e-03,-1.209895767209255048e-02,1.049325756648767554e-03,1.181472388949790812e-03,4.288247687892801120e-03
1.569227979238791426e-01,7.897905419541367128e-03,-1.210061364476632158e-02,8.894714112350967251e-04,1.234331413817485023e-03,4.454447601380736275e-03
1.569285576560692508e-01,7.915778134376830893e-03,-1.210092841342631613e-02,7.288290709537770988e-04,1.287781113521745168e-03,4.621726748278025959e-03
1.569340870296938584e-01,7.932884836168359668e-03,-1.209990197807253587e-02,5.673987358048090002e-04,1.341821488062571030e-03,4.790085128584668436e-03
1.569393860447528821e-01,7.949225524915965596e-03,-1.209753433870498079e-02,4.051804057881194625e-04,1.396452537439987329e-03,4.959522742300741770e-03
1.569444547012464053e-01,7.964800200619629594e-03,-1.209382549532364917e-02,2.421740809038527386e-04,1.451674261653945275e-03,5.130039589426092436e-03
1.569492929991743724e-01,7.979608863279360337e-03,-1.208877544792854100e-02,7.837976115193754246e-05,1.507486660704469156e-03,5.301635669960798498e-03
1.569539009385368111e-01,7.993651512895159558e-03,-1.208238419651965802e-02,-8.620255346762699345e-05,1.563889734591558753e-03,5.474310983904858222e-03
1.569582785193336938e-01,8.006928149467030728e-03,-1.207465174109699502e-02,-2.515728629549138359e-04,1.620883483315239872e-03,5.648065531258349668e-03
1.569624257415650759e-01,8.019438772994963438e-03,-1.206557808166055894e-02,-4.177311673097765092e-04,1.678467906875461338e-03,5.822899312021116713e-03
1.569663426052308741e-01,8.031183383478964627e-03,-1.205516321821034978e-02,-5.846774665322876548e-04,1.736643005272248737e-03,5.998812326193240022e-03
1.569700291103311718e-01,8.042161980919032560e-03,-1.204340715074636407e-02,-7.524117606224477606e-04,1.795408778505602071e-03,6.175804573774716123e-03
1.569734852568659411e-01,8.052374565315170707e-03,-1.203030987926859662e-02,-9.209340495803322330e-04,1.854765226575547793e-03,6.353876054765625683e-03
1.569767110448351266e-01,8.061821136667373863e-03,-1.201587140377705781e-02,-1.090244333405790585e-03,1.914712349482033211e-03,6.533026769165809974e-03
1.569797064742388115e-01,8.070501694975642029e-03,-1.200009172427174420e-02,-1.260342612098897625e-03,1.975250147225084130e-03,6.713256716975348794e-03
1.569824715450769681e-01,8.078416240239976939e-03,-1.198297084075265403e-02,-1.431228885659654440e-03,2.036378619804701199e-03,6.894565898194242141e-03
1.569850062573495408e-01,8.085564772460385533e-03,-1.196450875321978038e-02,-1.602903154088135620e-03,2.098097767220911524e-03,7.076954312822569815e-03
1.569873106110566408e-01,8.091947291636853931e-03,-1.194470546167314060e-02,-1.775365417384190680e-03,2.160407589473660461e-03,7.260421960860171352e-03
1.569893846061981568e-01,8.097563797769392543e-03,-1.192356096611272426e-02,-1.948615675547893562e-03,2.223308086562975332e-03,7.444968842307126550e-03
1.569912282427741446e-01,8.102414290857997900e-03,-1.190107526653853137e-02,-2.122653928579245567e-03,2.286799258488856571e-03,7.630594957163436276e-03
1.569928415207846040e-01,8.106498770902671736e-03,-1.187724836295055153e-02,-2.297480176478324757e-03,2.350881105251331066e-03,7.817300305429181195e-03
1.569942244402295350e-01,8.109817237903410581e-03,-1.185208025534880728e-02,-2.473094419244975008e-03,2.415553626850343739e-03,8.005084887104199978e-03
1.569953770011089100e-01,8.112369691860217905e-03,-1.182557094373328649e-02,-2.649496656879273947e-03,2.480816823285922779e-03,8.193948702188570687e-03
1.569962992034227567e-01,8.114156132773090238e-03,-1.179772042810399262e-02,-2.826686889381222877e-03,2.546670694558067320e-03,8.383891750682298527e-03
1.569969910471710750e-01,8.115176560642032785e-03,-1.176852870846090832e-02,-3.004665116750898559e-03,2.613115240666806418e-03,8.574914032585463294e-03
1.569974525323538095e-01,8.115430975467038607e-03,-1.173799578480405961e-02,-3.183431338988144434e-03,2.680150461612083260e-03,8.767015547897896721e-03
1.569976836589710711e-01,8.114919377248114643e-03,-1.170612165713343610e-02,-3.362985556093040299e-03,2.747776357393925603e-03,8.960196296619687278e-03
1.569976844270227490e-01,8.113641765985257423e-03,-1.167290632544903776e-02,-3.543327768065584419e-03,2.815992928012333446e-03,9.154456278750829762e-03
1.569974548365088984e-01,8.111598141678465212e-03,-1.163834978975084727e-02,-3.724457974905858327e-03,2.884800173467337581e-03,9.349795494291412642e-03
1.569970024257177077e-01,8.108794942056485669e-03,-1.160246423429095106e-02,-3.906364121809152018e-03,2.954190868480501692e-03,9.546199033232947648e-03
1.569964263642435465e-01,8.105316858356288387e-03,-1.156540994842278694e-02,-4.088887622362669463e-03,3.024069961242820039e-03,9.743470747664097903e-03
1.569957573925796213e-01,8.101190143084033637e-03,-1.152723661848214717e-02,-4.271979318106459110e-03,3.094407987688218512e-03,9.941549835848613459e-03
1.569949955107258766e-01,8.096414796239717951e-03,-1.148794424446901268e-02,-4.455639209040603357e-03,3.165204947816728336e-03,1.014043629778658452e-02
1.569941407186823401e-01,8.090990817823344797e-03,-1.144753282638342161e-02,-4.639867295164937407e-03,3.236460841628287059e-03,1.034013013347783415e-02
1.569931930164490119e-01,8.084918207834915910e-03,-1.140600236422535142e-02,-4.824663576479543657e-03,3.308175669122925041e-03,1.054063134292244734e-02
1.569921524040259198e-01,8.078196966274427820e-03,-1.136335285799480559e-02,-5.010028052984422976e-03,3.380349430300643582e-03,1.074193992612042757e-02
1.569910188814130358e-01,8.070827093141875325e-03,-1.131958430769176675e-02,-5.195960724679656029e-03,3.452982125161474340e-03,1.094405588307186504e-02
1.569897924486103324e-01,8.062808588437272300e-03,-1.127469671331626788e-02,-5.382461591565077148e-03,3.526073753705352264e-03,1.114697921377657761e-02
1.569884731056178651e-01,8.054141452160608339e-03,-1.122869007486829336e-02,-5.569530653640773071e-03,3.599624315932310747e-03,1.135070991823465721e-02
1.569870608524355782e-01,8.044825684311885175e-03,-1.118156439234784492e-02,-5.757167910906739461e-03,3.673633811842348489e-03,1.155524799644610384e-02
1.569855556890634996e-01,8.034861284891099339e-03,-1.113331966575489655e-02,-5.945373363363061318e-03,3.748102241435499749e-03,1.176059344841100598e-02
1.569839576155016569e-01,8.024248253898262975e-03,-1.108395589508949335e-02,-6.134147011009573845e-03,3.823029604711698174e-03,1.196674627412918322e-02
1.569822666317499948e-01,8.012986591333365674e-03,-1.103347308035161449e-02,-6.323488853846355971e-03,3.898415901670975858e-03,1.217370647360072750e-02
1.569804827378085410e-01,8.001076297196409171e-03,-1.098187122154125998e-02,-6.513398891873412033e-03,3.974261132313333666e-03,1.238147404682563707e-02
1.569786059336773232e-01,7.988517371487391730e-03,-1.092915031865840381e-02,-6.703877125090824431e-03,4.050565296638806295e-03,1.259004899380400562e-02
1.569766362193562859e-01,7.975309814206318557e-03,-1.087531037170309627e-02,-6.894923553498423160e-03,4.127328394647323921e-03,1.279943131453564753e-02
1.569745735948454568e-01,7.961453625353187916e-03,-1.082035138067531134e-02,-7.086538177096295826e-03,4.204550426338921239e-03,1.300962100902065648e-02
1.569724180601448638e-01,7.946948804927998072e-03,-1.076427334557505250e-02,-7.278720995884438091e-03,4.282231391713599115e-03,1.322061807725903072e-02
1.569701696152544512e-01,7.931795352930745557e-03,-1.070707626640229025e-02,-7.471472009862939294e-03,4.360371290771392246e-03,1.343242251925086395e-02
1.569678282601742469e-01,7.915993269361440779e-03,-1.064876014315707664e-02,-7.664791219031628564e-03,4.438970123512229506e-03,1.364503433499597226e-02
1.569653939949042787e-01,7.899542554220076798e-03,-1.058932497583938738e-02,-7.858678623390588300e-03,4.518027889936147325e-03,1.385845352449444415e-02
1.569628668194444632e-01,7.882443207506655350e-03,-1.052877076444922247e-02,-8.053134222939821105e-03,4.597544590043143968e-03,1.407268008774628133e-02
1.569602467337948837e-01,7.864695229221166026e-03,-1.046709750898655242e-02,-8.248158017679411980e-03,4.677520223833257600e-03,1.428771402475158270e-02
1.569575337379555124e-01,7.846298619363627908e-03,-1.040430520945143274e-02,-8.443750007609187452e-03,4.757954791306414494e-03,1.450355533551015569e-02
1.569547278319263772e-01,7.827253377934032322e-03,-1.034039386584384088e-02,-8.639910192729235994e-03,4.838848292462651947e-03,1.472020402002209051e-02
1.569518290157074225e-01,7.807559504932375799e-03,-1.027536347816376990e-02,-8.836638573039555869e-03,4.920200727301969959e-03,1.493766007828739410e-02
1.569488372892986761e-01,7.787217000358652268e-03,-1.020921404641119204e-02,-9.033935148540237284e-03,5.002012095824404092e-03,1.515592351030616187e-02
1.569457526527001656e-01,7.766225864212879942e-03,-1.014194557058616976e-02,-9.231799919231101562e-03,5.084282398029880620e-03,1.537499431607819607e-02
1.569425751059118079e-01,7.744586096495051017e-03,-1.007355805068867009e-02,-9.430232885112238908e-03,5.167011633918438575e-03,1.559487249560359730e-02
1.569393046489336863e-01,7.722297697205162022e-03,-1.000405148671869478e-02,-9.629234046183647588e-03,5.250199803490075354e-03,1.581555804888236730e-02
1.569359412817658006e-01,7.699360666343204283e-03,-9.933425878676210852e-03,-9.828803402445417808e-03,5.333846906744829988e-03,1.603705097591459627e-02
1.569324850044080955e-01,7.675775003909200353e-03,-9.861681226561284236e-03,-1.002894095389737089e-02,5.417952943682626150e-03,1.625935127670009861e-02
1.569289358168605986e-01,7.651540709903135486e-03,-9.788817530373878500e-03,-1.022964670053959704e-02,5.502517914303503739e-03,1.648245895123896451e-02
1.569252937191233099e-01,7.626657784325013151e-03,-9.714834790113997115e-03,-1.043092064237209279e-02,5.587541818607461019e-03,1.670637399953119398e-02
1.569215587111962296e-01,7.601126227174822940e-03,-9.639733005781605385e-03,-1.063276277939495182e-02,5.673024656594536155e-03,1.693109642157689457e-02
1.569177307930793575e-01,7.574946038452583935e-03,-9.563512177376774434e-03,-1.083517311160799544e-02,5.758966428264653686e-03,1.715662621737585811e-02
1.569138099647727214e-01,7.548117218158286595e-03,-9.486172304899464364e-03,-1.103815163901130693e-02,5.845367133617849174e-03,1.738296338692819215e-02
1.569097962262762380e-01,7.520639766291930921e-03,-9.407713388349676908e-03,-1.124169836160489322e-02,5.932226772654126956e-03,1.761010793023388629e-02
1.569056895775899907e-01,7.492513682853505635e-03,-9.328135427727379109e-03,-1.144581327938884278e-02,6.019545345373521726e-03,1.783805984729305155e-02
1.569014900187139516e-01,7.463738967843033291e-03,-9.247438423032642088e-03,-1.165049639236297174e-02,6.107322851775958891e-03,1.806681913810547629e-02
1.568971975496481208e-01,7.434315621260502611e-03,-9.165622374265425948e-03,-1.185574770052737377e-02,6.195559291861476615e-03,1.829638580267127848e-02
1.568928121703924983e-01,7.404243643105915332e-03,-9.082687281425734158e-03,-1.206156720388204887e-02,6.284254665630072297e-03,1.852675984099043729e-02
1.568883338809470840e-01,7.373523033379254105e-03,-8.998633144513532023e-03,-1.226795490242708724e-02,6.373408973081789303e-03,1.875794125306306723e-02
1.568837626813118780e-01,7.342153792080547553e-03,-8.913459963528887198e-03,-1.247491079616230500e-02,6.463022214216544367e-03,1.898993003888895664e-02
1.568790985714868802e-01,7.310135919209783534e-03,-8.827167738471766723e-03,-1.268243488508779583e-02,6.553094389034381725e-03,1.922272619846822003e-02
1.568743415514720629e-01,7.277469414766962914e-03,-8.739756469342172332e-03,-1.289052716920355800e-02,6.643625497535297908e-03,1.945632973180084699e-02
1.568694916212675095e-01,7.244154278752067480e-03,-8.651226156140060658e-03,-1.309918764850968517e-02,6.734615539719334548e-03,1.969074063888694159e-02
1.568645487808731365e-01,7.210190511165128456e-03,-8.561576798865509763e-03,-1.330841632300599348e-02,6.826064515586411849e-03,1.992595891972629915e-02
1.568596636328556670e-01,7.175637326607907721e-03,-8.470915708844293027e-03,-1.351812989213388785e-02,6.917928136303316995e-03,2.016188793370976909e-02
1.568553276893741855e-01,7.140687980065335040e-03,-8.379593111325410112e-03,-1.372805649308031159e-02,7.010061859180475620e-03,2.039821228093723071e-02
1.568515790127290865e-01,7.105357437045690082e-03,-8.287636127466248628e-03,-1.393817507301100753e-02,7.102454490950026525e-03,2.063490753709796080e-02
1.568484176029203980e-01,7.069645697549005806e-03,-8.195044757266888372e-03,-1.414848563192579178e-02,7.195106031611887311e-03,2.087197370219174772e-02
1.568458434599480367e-01,7.033552761575264864e-03,-8.101819000727291178e-03,-1.435898816982475977e-02,7.288016481166099611e-03,2.110941077621869555e-02
1.568438565838120857e-01,6.997078629124468124e-03,-8.007958857847453579e-03,-1.456968268670790802e-02,7.381185839612665160e-03,2.134721875917880776e-02
1.568424569745125174e-01,6.960223300196598240e-03,-7.913464328627335675e-03,-1.478056918257533020e-02,7.474614106951622122e-03,2.158539765107218844e-02
1.568416446320492763e-01,6.922986774791689904e-03,-7.818335413067018999e-03,-1.499164765742684244e-02,7.568301283182888965e-03,2.182394745189862595e-02
1.568414195564224733e-01,6.885369052909724903e-03,-7.722572111166464519e-03,-1.520291811126253667e-02,7.662247368306506455e-03,2.206286816165822437e-02
1.568417817476319975e-01,6.847370134550703237e-03,-7.626174422925670500e-03,-1.541438054408240943e-02,7.756452362322476327e-03,2.230215978035098717e-02
1.568427312056779321e-01,6.808990019714610160e-03,-7.529142348344595309e-03,-1.562603495588655786e-02,7.850916265230840213e-03,2.254182230797701844e-02
1.568442679305602494e-01,6.770228708401476031e-03,-7.431475887423323948e-03,-1.583788134667479808e-02,7.945639077031512246e-03,2.278185574453610307e-02
1.568463919222788938e-01,6.731086200611286971e-03,-7.333175040161813048e-03,-1.604991971644721682e-02,8.040620797724535793e-03,2.302226009002835208e-02
1.568491031808339764e-01,6.691562496344042113e-03,-7.234239806560063477e-03,-1.626215006520381409e-02,8.135861427309912589e-03,2.326303534445376547e-02
1.568524017062253861e-01,6.651657595599723242e-03,-7.134670186618030131e-03,-1.647457239294469050e-02,8.231360965787680797e-03,2.350418150781244733e-02
1.568562874984532063e-01,6.611371498378365921e-03,-7.034466180335803218e-03,-1.668718669966965523e-02,8.327119413157758887e-03,2.374569858010418255e-02
1.568607605575173813e-01,6.570704204679952802e-03,-6.933627787713335898e-03,-1.689999298537879849e-02,8.423136769420188491e-03,2.398758656132908215e-02
1.568658208834179391e-01,6.529655714504483885e-03,-6.832155008750629907e-03,-1.711299125007212374e-02,8.519413034574969609e-03,2.422984545148714614e-02
1.568714684761549072e-01,6.488226027851940088e-03,-6.730047843447641009e-03,-1.732618149374972813e-02,8.615948208622145610e-03,2.447247525057847511e-02
1.568777033357282025e-01,6.446415144722358707e-03,-6.627306291804456809e-03,-1.753956371641141390e-02,8.712742291561628022e-03,2.471547595860286439e-02
1.568845254621379082e-01,6.404223065115721529e-03,-6.523930353821033937e-03,-1.775313791805728514e-02,8.809795283393463683e-03,2.495884757556041458e-02
1.568919348553839688e-01,6.361649789032027685e-03,-6.419920029497372393e-03,-1.796690409868733837e-02,8.907107184117650858e-03,2.520259010145112222e-02
1.568999315154664120e-01,6.318695316471259829e-03,-6.315275318833424474e-03,-1.818086225830166727e-02,9.004677993734232916e-03,2.544670353627510526e-02
1.569085154423852380e-01,6.275359647433454389e-03,-6.209996221829285588e-03,-1.839501239690008449e-02,9.102507712243121385e-03,2.569118788003214165e-02
1.569176866361404465e-01,6.231642781918592285e-03,-6.104082738484907164e-03,-1.860935451448268024e-02,9.200596339644361368e-03,2.593604313272233897e-02
1.569274450967320378e-01,6.187544719926675249e-03,-5.997534868800289201e-03,-1.882388861104945799e-02,9.298943875937954601e-03,2.618126929434570066e-02
1.569377908241599839e-01,6.143065461457682466e-03,-5.890352612775384862e-03,-1.903861468660051140e-02,9.397550321123942715e-03,2.642686636490233429e-02
1.569487238184243405e-01,6.098205006511652100e-03,-5.782535970410287822e-03,-1.925353274113565660e-02,9.496415675202237242e-03,2.667283434439202128e-02
1.569602440795250242e-01,6.052963355088566803e-03,-5.674084941704953845e-03,-1.946864277465497686e-02,9.595539938172883282e-03,2.691917323281486918e-02
1.569723516074621184e-01,6.007340507188425709e-03,-5.564999526659380330e-03,-1.968394478715848259e-02,9.694923110035880837e-03,2.716588303017088146e-02
1.569850464022355951e-01,5.961336462811207132e-03,-5.455279725273518704e-03,-1.989943877864626398e-02,9.794565190791273274e-03,2.741296373646016568e-02
1.569983284638454268e-01,5.914951221956954441e-03,-5.344925537547466111e-03,-2.011512474911813023e-02,9.894466180438975592e-03,2.766041535168249979e-02
1.570121977922916690e-01,5.868184784625644218e-03,-5.233936963481174848e-03,-2.033100269857418194e-02,9.994626078979027689e-03,2.790823787583800175e-02
1.570266543875742382e-01,5.821037150817279064e-03,-5.122314003074645780e-03,-2.054707262701441217e-02,1.009504488641143130e-02,2.815643130892665769e-02
1.570416982496932179e-01,5.773508320531836428e-03,-5.010056656327827734e-03,-2.076333453443891808e-02,1.019572260273622979e-02,2.840499565094859249e-02
1.570573293786485525e-01,5.725598293769358811e-03,-4.897164923240819590e-03,-2.097978842084751230e-02,1.029665922795333470e-02,2.865393090190357719e-02
1.570735477744402975e-01,5.677307070529823661e-03,-4.783638803813572773e-03,-2.119643428624028852e-02,1.039785476206279285e-02,2.890323706179172628e-02
1.570903534370684251e-01,5.628634650813235316e-03,-4.669478298046087286e-03,-2.141327213061724327e-02,1.049930920506460252e-02,2.915291413061303974e-02
1.571077463665328799e-01,5.579581034619566886e-03,-4.554683405938311086e-03,-2.163030195397847716e-02,1.060102255695880707e-02,2.940296210836762167e-02
1.571257265628337452e-01,5.530146221948866077e-03,-4.439254127490347389e-03,-2.184752375632379590e-02,1.070299481774531977e-02,2.965338099505526043e-02
1.571442940259709653e-01,5.480330212801106868e-03,-4.323190462702144153e-03,-2.206493753765330010e-02,1.080522598742418225e-02,2.990417079067605663e-02
1.571634487559445958e-01,5.430133007176293596e-03,-4.206492411573701379e-03,-2.228254329796697936e-02,1.090771606599539797e-02,3.015533149523002068e-02
1.571831907527545813e-01,5.379554605074401107e-03,-4.089159974104968759e-03,-2.250034103726494122e-02,1.101046505345901032e-02,3.040686310871725320e-02
1.572035200164009494e-01,5.328595006495475371e-03,-3.971193150296049509e-03,-2.271833075554698794e-02,1.111347294981492734e-02,3.065876563113753908e-02
1.572244365468837002e-01,5.277254211439492970e-03,-3.852591940146890721e-03,-2.293651245281321319e-02,1.121673975506319587e-02,3.091103906249098934e-02
1.572459403442028059e-01,5.225532219906455639e-03,-3.733356343657492395e-03,-2.315488612906362043e-02,1.132026546920381592e-02,3.116368340277760052e-02
1.572680314083583220e-01,5.173429031896361642e-03,-3.613486360827855830e-03,-2.337345178429820966e-02,1.142405009223678748e-02,3.141669865199737260e-02
1.572907097393501930e-01,5.120944647409188429e-03,-3.492981991657926819e-03,-2.359220941851707803e-02,1.152809362416215740e-02,3.167008481015042010e-02
1.573139753371784466e-01,5.068079066444981969e-03,-3.371843236147811177e-03,-2.381115903172003126e-02,1.163239606497983199e-02,3.192384187723652095e-02
1.573378282018430829e-01,5.014832289003719711e-03,-3.250070094297457732e-03,-2.403030062390716301e-02,1.173695741468985636e-02,3.217796985325577924e-02
1.573622683333440742e-01,4.961204315085402522e-03,-3.127662566106864314e-03,-2.424963419507848023e-02,1.184177767329223398e-02,3.243246873820820192e-02
1.573867639344181113e-01,4.907494552004653017e-03,-3.005245486631452721e-03,-2.446830202363174320e-02,1.194652273407064043e-02,3.268638077427449273e-02
1.574105879665055885e-01,4.854112329928772507e-03,-2.883673089636666804e-03,-2.468513148849253713e-02,1.205073582809717235e-02,3.293839657738390631e-02
1.574337361441244254e-01,4.801060061628151590e-03,-2.762950410348587269e-03,-2.490011567772125109e-02,1.215441426297673121e-02,3.318850842945612195e-02
1.574562084672745943e-01,4.748337747102790267e-03,-2.643077448767213681e-03,-2.511325459131788854e-02,1.225755803870931526e-02,3.343671633049115355e-02
1.574780049359560952e-01,4.695945386352664251e-03,-2.524054204892493998e-03,-2.532454822928253621e-02,1.236016715529497136e-02,3.368302028048910518e-02
1.574991255501689280e-01,4.643882979377820380e-03,-2.405880678724533605e-03,-2.553399659161501023e-02,1.246224161273361102e-02,3.392742027944975480e-02
1.575195703099130651e-01,4.592150526178236970e-03,-2.288556870263280026e-03,-2.574159967831540427e-02,1.256378141102527414e-02,3.416991632737322038e-02
1.575393392151885341e-01,4.540748026753912286e-03,-2.172082779508732395e-03,-2.594735748938371833e-02,1.266478655016996593e-02,3.441050842425950190e-02
1.575584322659953629e-01,4.489675481104823777e-03,-2.056458406460839970e-03,-2.615127002482004609e-02,1.276525703016772803e-02,3.464919657010869652e-02
1.575768494623334959e-01,4.438932889231017413e-03,-1.941683751119705316e-03,-2.635333728462420019e-02,1.286519285101847196e-02,3.488598076492059608e-02
1.575945908042029608e-01,4.388520251132469775e-03,-1.827758813485277261e-03,-2.655355926879627779e-02,1.296459401272224109e-02,3.512086100869530464e-02
1.576116562916037578e-01,4.338437566809182598e-03,-1.714683593557555369e-03,-2.675193597733627193e-02,1.306346051527903888e-02,3.535383730143282222e-02
1.576280459245358867e-01,4.288684836261131596e-03,-1.602458091336490201e-03,-2.694846741024427630e-02,1.316179235868890698e-02,3.558490964313325983e-02
1.576437597029993476e-01,4.239262059488361871e-03,-1.491082306822181505e-03,-2.714315356752011049e-02,1.325958954295175692e-02,3.581407803379640931e-02
1.576587976269941405e-01,4.190169236490851740e-03,-1.380556240014579189e-03,-2.733599444916386817e-02,1.335685206806763205e-02,3.604134247342236086e-02
1.576731596965202375e-01,4.141406367268601202e-03,-1.270879890913683254e-03,-2.752699005517554240e-02,1.345357993403653758e-02,3.626670296201113530e-02
1.576868459115777221e-01,4.092973451821587706e-03,-1.162053259519445344e-03,-2.771614038555522339e-02,1.354977314085850822e-02,3.649015949956281590e-02
1.576998562721664832e-01,4.044870490149855488e-03,-1.054076345831962387e-03,-2.790344544030274113e-02,1.364543168853346589e-02,3.671171208607720143e-02
1.577121907782866039e-01,3.997097482253381996e-03,-9.469491498511857031e-04,-2.808890521941817889e-02,1.374055557706144702e-02,3.693136072155440985e-02
1.577238494299380289e-01,3.949654428132168098e-03,-8.406716715771155079e-04,-2.827251972290153320e-02,1.383514480644245682e-02,3.714910540599442729e-02
1.577348322271208136e-01,3.902541327786192542e-03,-7.352439110097048558e-04,-2.845428895075289080e-02,1.392919937667653346e-02,3.736494613939734394e-02
1.577451391698349026e-01,3.855758181215496964e-03,-6.306658681490476389e-04,-2.863421290297208863e-02,1.402271928776359540e-02,3.757888292176297940e-02
1.577547702580803513e-01,3.809304988420060979e-03,-5.269375429950968028e-04,-2.881229157955920647e-02,1.411570453970368601e-02,3.779091575309143081e-02
1.577637254918570764e-01,3.763181749399883719e-03,-4.240589355478523474e-04,-2.898852498051424434e-02,1.420815513249680181e-02,3.800104463338269123e-02
1.577720048711651613e-01,3.717388464154945671e-03,-3.220300458072689531e-04,-2.916291310583727855e-02,1.430007106614298446e-02,3.820926956263685087e-02
1.577796083960045781e-01,3.671925132685287165e-03,-2.208508737734375302e-04,-2.933545595552815646e-02,1.439145234064215240e-02,3.841559054085373626e-02
1.577865360663753547e-01,3.626791754990887819e-03,-1.205214194463125423e-04,-2.950615352958695439e-02,1.448229895599434727e-02,3.862000756803343066e-02
1.577927878822774355e-01,3.581988331071747633e-03,-2.104168282589382677e-05,-2.967500582801367581e-02,1.457261091219956735e-02,3.882252064417594101e-02
1.577983638437108205e-01,3.537514860927847091e-03,7.758833608786230981e-05,-2.984201285080838664e-02,1.466238820925785599e-02,3.902312976928135058e-02
1.578032639506755652e-01,3.493371344559225659e-03,1.753686372948679386e-04,-3.000717459797094464e-02,1.475163084716912994e-02,3.922183494334947201e-02
1.578074882031716142e-01,3.449557781965863386e-03,2.722992207951672409e-04,-3.017049106950142265e-02,1.484033882593343255e-02,3.941863616638041634e-02
1.578110366011990229e-01,3.406074173147760273e-03,3.683800865887601624e-04,-3.033196226539982415e-02,1.492851214555076036e-02,3.961353343837416968e-02
1.578139091447577358e-01,3.362920518104896804e-03,4.636112346756889871e-04,-3.049158818566621507e-02,1.501615080602115328e-02,3.980652675933082224e-02
1.578161058338478084e-01,3.320096816837312444e-03,5.579926650558688760e-04,-3.064936883030045314e-02,1.510325480734453149e-02,3.999761612925019361e-02
1.578176266684692131e-01,3.277603069344986811e-03,6.515243777293423843e-04,-3.080530419930261471e-02,1.518982414952094011e-02,4.018680154813238092e-02
1.578184716486219219e-01,3.235439275627920771e-03,7.442063726961095117e-04,-3.095939429267269283e-02,1.527585883255037393e-02,4.037408301597737725e-02
1.578186407743059627e-01,3.193605435686095676e-03,8.360386499562111329e-04,-3.111163911041076036e-02,1.536135885643287111e-02,4.055946053278527280e-02
1.578181340455213355e-01,3.152101549519547522e-03,9.270212095095651736e-04,-3.126203865251667852e-02,1.544632422116835879e-02,4.074293409855589410e-02
1.578169514622680403e-01,3.110927617128259395e-03,1.017154051356212834e-03,-3.141059291899052364e-02,1.553075492675687168e-02,4.092450371328932440e-02
1.578150930245460770e-01,3.070083638512229995e-03,1.106437175496154546e-03,-3.155730190983228184e-02,1.561465097319841323e-02,4.110416937698557066e-02
1.578125587323554180e-01,3.029569613671442407e-03,1.194870581929428476e-03,-3.170216562504202945e-02,1.569801236049301468e-02,4.128193108964470226e-02
1.578093485856961187e-01,2.989385542605931326e-03,1.282454270655956994e-03,-3.184518406461962076e-02,1.578083908864061011e-02,4.145778885126656654e-02
1.578054625845681513e-01,2.949531425315679838e-03,1.369188241675779131e-03,-3.198635722856514596e-02,1.586313115764122553e-02,4.163174266185124678e-02
1.578009007289715160e-01,2.910007261800687511e-03,1.455072494988894670e-03,-3.212568511687858425e-02,1.594488856749487135e-02,4.180379252139874297e-02
1.577956630189062126e-01,2.870813052060937429e-03,1.540107030595341559e-03,-3.226316772956001194e-02,1.602611131820157880e-02,4.197393842990912449e-02
1.577897494543722134e-01,2.831948796096463421e-03,1.624291848495044120e-03,-3.239880506660929027e-02,1.610679940976127850e-02,4.214218038738223177e-02
1.577831600353695463e-01,2.793414493907248573e-03,1.707626948688040517e-03,-3.253259712802649556e-02,1.618695284217400512e-02,4.230851839381815499e-02
1.577758947618982388e-01,2.755210145493293319e-03,1.790112331174330534e-03,-3.266454391381161393e-02,1.626657161543975869e-02,4.247295244921688723e-02
1.577679536339582356e-01,2.717335750854580744e-03,1.871747995953949948e-03,-3.279464542396471477e-02,1.634565572955857388e-02,4.263548255357851174e-02
1.577593366515495643e-01,2.679791309991144243e-03,1.952533943026826769e-03,-3.292290165848567318e-02,1.642420518453037437e-02,4.279610870690286895e-02
1.577500438146722250e-01,2.642576822902966034e-03,2.032470172392997210e-03,-3.304931261737455855e-02,1.650221998035520526e-02,4.295483090919004210e-02
1.577400751233262455e-01,2.605692289590047853e-03,2.111556684052461486e-03,-3.317387830063135701e-02,1.657970011703306656e-02,4.311164916044002426e-02
1.577296433490668337e-01,2.569107709786778125e-03,2.189867071074871538e-03,-3.329674917492030789e-02,1.665673080609098716e-02,4.326675296935997977e-02
1.577197395969139604e-01,2.532683340124821953e-03,2.267744135206521249e-03,-3.341862612465221205e-02,1.673370896887515016e-02,4.342102508097013536e-02
1.577104891431525824e-01,2.496401516956328528e-03,2.345231206799327801e-03,-3.353959774204836458e-02,1.681068477648822376e-02,4.357457707478484821e-02
1.577018919877826719e-01,2.460262240281298283e-03,2.422328285853291626e-03,-3.365966402710876548e-02,1.688765822893021490e-02,4.372740895080413220e-02
1.576939481308042845e-01,2.424265510099714305e-03,2.499035372368446986e-03,-3.377882497983347720e-02,1.696462932620115827e-02,4.387952070902803592e-02
1.576866575722173647e-01,2.388411326411609987e-03,2.575352466344724926e-03,-3.389708060022238179e-02,1.704159806830097754e-02,4.403091234945644139e-02
1.576800203120219401e-01,2.352699689216967548e-03,2.651279567782160139e-03,-3.401443088827553474e-02,1.711856445522971781e-02,4.418158387208941107e-02
1.576740363502180109e-01,2.317130598515788724e-03,2.726816676680752626e-03,-3.413087584399294994e-02,1.719552848698736869e-02,4.433153527692693802e-02
1.576687056868055492e-01,2.281704054308056166e-03,2.801963793040535781e-03,-3.424641546737465514e-02,1.727249016357396832e-02,4.448076656396909162e-02
1.576640283217846106e-01,2.246420056593802835e-03,2.876720916861442382e-03,-3.436104975842056014e-02,1.734944948498945427e-02,4.462927773321574698e-02
1.576600042551551673e-01,2.211278605373011817e-03,2.951088048143506257e-03,-3.447477871713071351e-02,1.742640645123385082e-02,4.477706878466695961e-02
1.576566334869171915e-01,2.176279700645684413e-03,3.025065186886726973e-03,-3.458760234350512219e-02,1.750336106230716490e-02,4.492413971832274339e-02
1.576539160170706833e-01,2.141423342411803710e-03,3.098652333091137922e-03,-3.469952063754382782e-02,1.758031331820942428e-02,4.507049053418315382e-02
1.576518518456156981e-01,2.106709530671400932e-03,3.171849486756673185e-03,-3.481053359924673324e-02,1.765726321894056997e-02,4.521612123224805213e-02
1.576504409725522082e-01,2.072138265424461768e-03,3.244656647883365722e-03,-3.492064122861388703e-02,1.773421076450063319e-02,4.536103181251752159e-02
1.576496833978801859e-01,2.037709546670985351e-03,3.317073816471215100e-03,-3.502984352564529613e-02,1.781115595488960354e-02,4.550522227499154831e-02
1.576495791215996867e-01,2.003423374410956068e-03,3.389100992520253843e-03,-3.513814049034100218e-02,1.788809879010752960e-02,4.564869261967020170e-02
1.576501281437106550e-01,1.969279748644405144e-03,3.460738176030417768e-03,-3.524553212270090802e-02,1.796503927015433155e-02,4.579144284655334990e-02
1.576513304642131186e-01,1.935278669371316967e-03,3.531985367001738967e-03,-3.535201842272506223e-02,1.804197739503005452e-02,4.593347295564106925e-02
1.576531860831070775e-01,1.901420136591691536e-03,3.602842565434217006e-03,-3.545759939041347175e-02,1.811891316473469155e-02,4.607478294693334586e-02
1.576556950003925039e-01,1.867704150305514108e-03,3.673309771327883545e-03,-3.556227502576617822e-02,1.819584657926827387e-02,4.621537282043024913e-02
1.576588572160694257e-01,1.834130710512814171e-03,3.743386984682675698e-03,-3.566604532878308448e-02,1.827277763863074250e-02,4.635524257613164723e-02
1.576626727301378705e-01,1.800699817213577414e-03,3.813074205498625559e-03,-3.576891029946423911e-02,1.834970634282211827e-02,4.649439221403760952e-02
1.576671415425977829e-01,1.767411470407803187e-03,3.882371433775732260e-03,-3.587086993780964905e-02,1.842663269184241850e-02,4.663282173414813603e-02
1.576722636534491906e-01,1.734265670095477179e-03,3.951278669514026592e-03,-3.597192424381935594e-02,1.850355668569166404e-02,4.677053113646329613e-02
1.576780390626920936e-01,1.701262416276628662e-03,4.019795912713447841e-03,-3.607207321749326262e-02,1.858047832436978894e-02,4.690752042098294411e-02
1.576844677703264364e-01,1.668401708951243109e-03,4.087923163374025497e-03,-3.617131685883141767e-02,1.865739760787683485e-02,4.704378958770716324e-02
1.576915497763523299e-01,1.635683548119320303e-03,4.155660421495761293e-03,-3.626965516783382110e-02,1.873431453621279136e-02,4.717933863663593963e-02
1.576992850807696911e-01,1.603107933780845715e-03,4.223007687078683854e-03,-3.636708814450052840e-02,1.881122910937769663e-02,4.731416756776933574e-02
1.577076736835785475e-01,1.570674865935848402e-03,4.289964960122732464e-03,-3.646361578883143550e-02,1.888814132737148821e-02,4.744827638110723361e-02
1.577167155847788993e-01,1.538384344584314053e-03,4.356532240627939215e-03,-3.655923810082659098e-02,1.896505119019418692e-02,4.758166507664970263e-02
1.577264107843707464e-01,1.506236369726242450e-03,4.422709528594303240e-03,-3.665395508048599482e-02,1.904195869784580664e-02,4.771433365439672891e-02
1.577367592823540610e-01,1.474230941361619716e-03,4.488496824021854029e-03,-3.674776672780970255e-02,1.911886385032637511e-02,4.784628211434837491e-02
1.577477610787288709e-01,1.442368059490473607e-03,4.553894126910531734e-03,-3.684067304279761007e-02,1.919576664763582297e-02,4.797751045650452267e-02
1.577594161734951761e-01,1.410647724112790461e-03,4.618901437260367580e-03,-3.693267402544977290e-02,1.927266708977418835e-02,4.810801868086523464e-02
1.577717245666529766e-01,1.379069935228570062e-03,4.683518755071359833e-03,-3.702376967576617717e-02,1.934956517674146781e-02,4.823780678743051775e-02
1.577846862582022724e-01,1.347634692837798749e-03,4.747746080343537983e-03,-3.711395999374687837e-02,1.942646090853769950e-02,4.836687477620041364e-02
1.577983012481430358e-01,1.316341996940504277e-03,4.811583413076844784e-03,-3.720324497939178632e-02,1.950335428516281056e-02,4.849522264717481129e-02
1.578125695364753223e-01,1.285191847536672335e-03,4.875030753271307124e-03,-3.729162463270094263e-02,1.958024530661683221e-02,4.862285040035377315e-02
1.578274911231990763e-01,1.254184244626303357e-03,4.938088100926928473e-03,-3.737909895367436119e-02,1.965713397289977488e-02,4.874975803573729921e-02
1.578430660083142978e-01,1.223319188209383247e-03,5.000755456043734851e-03,-3.746566794231204894e-02,1.973402028401166283e-02,4.887594555332544499e-02
1.578592941918210424e-01,1.192596678285939979e-03,5.063032818621670747e-03,-3.755133159861396425e-02,1.981090423995243363e-02,4.900141295311809253e-02
1.578761756737192823e-01,1.162016714855959457e-03,5.124920188660763050e-03,-3.763608992258012098e-02,1.988778584072211850e-02,4.912616023511530428e-02
1.578937104540089897e-01,1.131579297919441682e-03,5.186417566161012627e-03,-3.771994291421053302e-02,1.996466508632072090e-02,4.925018739931708023e-02
1.579118985326902203e-01,1.101284427476373210e-03,5.247524951122446366e-03,-3.780289057350522813e-02,2.004154197674827553e-02,4.937349444572347590e-02
1.579307399097629183e-01,1.071132103526781145e-03,5.308242343545010490e-03,-3.788493290046413692e-02,2.011841651200470607e-02,4.949608137433437333e-02
1.579502345852271117e-01,1.041122326070651827e-03,5.368569743428731021e-03,-3.796606989508729407e-02,2.019528869209005414e-02,4.961794818514983496e-02
1.579703825590827726e-01,1.011255095107985256e-03,5.428507150773609694e-03,-3.804630155737470654e-02,2.027215851700431629e-02,4.973909487816985386e-02
1.579911838313299566e-01,9.815304106387686377e-04,5.488054565579670793e-03,-3.812562788732640900e-02,2.034902598674752719e-02,4.985952145339449942e-02
1.580126384019686081e-01,9.519482726630277766e-04,5.547211987846863146e-03,-3.820404888494231821e-02,2.042589110131962093e-02,4.997922791082364674e-02
1.580347462709987827e-01,9.225086811807496623e-04,5.605979417575212773e-03,-3.828156455022247578e-02,2.050275386072062875e-02,5.009821425045736520e-02
1.580575074384204248e-01,8.932116361919344031e-04,5.664356854764719673e-03,-3.835817488316688867e-02,2.057961426495055410e-02,5.021648047229564094e-02
1.580803809195585330e-01,8.640407026110398254e-04,5.722328740474674248e-03,-3.843366750742448212e-02,2.065648539680851534e-02,5.033384893106992997e-02
1.581020096759508109e-01,8.349546536820902842e-04,5.779856045723263600e-03,-3.850750968539597835e-02,2.073340007397372897e-02,5.044987401071503869e-02
1.581223285640876719e-01,8.059515103487323046e-04,5.836936896956509101e-03,-3.857967584345337736e-02,2.081035987183179822e-02,5.056453431980019453e-02
1.581413375839690605e-01,7.770312726109661035e-04,5.893571294174411619e-03,-3.865016598159666528e-02,2.088736479038271615e-02,5.067782985832539056e-02
1.581590367355950877e-01,7.481939404687786704e-04,5.949759237376995441e-03,-3.871898009982588373e-02,2.096441482962652092e-02,5.078976062629068922e-02
1.581754260189656147e-01,7.194395139221959178e-04,6.005500726564210259e-03,-3.878611819814098416e-02,2.104150998956314314e-02,5.090032662369598643e-02
1.581905054340807804e-01,6.907679929712048352e-04,6.060795761736082095e-03,-3.885158027654196655e-02,2.111865027019261751e-02,5.100952785054132382e-02
1.582042749809404736e-01,6.621793776158054227e-04,6.115644342892610948e-03,-3.891536633502885173e-02,2.119583567151494055e-02,5.111736430682671528e-02
1.582167346595447777e-01,6.336736678559851035e-04,6.170046470033820236e-03,-3.897747637360166745e-02,2.127306619353015044e-02,5.122383599255218856e-02
1.582278844698936093e-01,6.052508636917691394e-04,6.224002143159661389e-03,-3.903791039226034432e-02,2.135034183623818124e-02,5.132894290771767426e-02
1.582377244119870796e-01,5.769109651231447370e-04,6.277511362270159559e-03,-3.909666839100492397e-02,2.142766259963905726e-02,5.143268505232320015e-02
1.582462544858250497e-01,5.486539721501122215e-04,6.330574127365313879e-03,-3.915375036983541335e-02,2.150502848373279235e-02,5.153506242636877316e-02
1.582534746914076584e-01,5.204798847726587992e-04,6.383190438445148635e-03,-3.920915632875181245e-02,2.158243948851940736e-02,5.163607502985443493e-02
1.582593850287347947e-01,4.923887029908096237e-04,6.435360295509615254e-03,-3.926288626775408658e-02,2.165989561399883981e-02,5.173572286278010218e-02
1.582639854978065141e-01,4.643804268045521725e-04,6.487083698558739758e-03,-3.931494018684226349e-02,2.173739686017112788e-02,5.183400592514581656e-02
1.582672760986228166e-01,4.364550562138863913e-04,6.538360647592520412e-03,-3.936531808601633625e-02,2.181494322703626462e-02,5.193092421695157807e-02
1.582692568311836745e-01,4.086125912187999745e-04,6.589191142610979768e-03,-3.941401996527632567e-02,2.189253471459428474e-02,5.202647773819743526e-02
1.582699276954891154e-01,3.808530318193176960e-04,6.639575183614073589e-03,-3.946104582462219706e-02,2.197017132284512925e-02,5.212066648888327713e-02
1.582692886915391395e-01,3.531763780154270876e-04,6.689512770601824428e-03,-3.950639566405396430e-02,2.204785305178881896e-02,5.221349046900918001e-02
1.582673398193337189e-01,3.255826298071280950e-04,6.739003903574230549e-03,-3.955006948357163432e-02,2.212557990142536429e-02,5.230494967857513000e-02
1.582640810788729091e-01,2.980717871944208808e-04,6.788048582531294554e-03,-3.959206728317519325e-02,2.220335187175475830e-02,5.239504411758112018e-02
1.582595124701566547e-01,2.706438501772931394e-04,6.836646807473034659e-03,-3.963238906286467578e-02,2.228116896277703568e-02,5.248377378602720605e-02
1.582536339931849556e-01,2.432988187557693738e-04,6.884798578399411832e-03,-3.967103482264004027e-02,2.235903117449213745e-02,5.257113868391328354e-02
1.582464456479578119e-01,2.160366929298371697e-04,6.932503895310443420e-03,-3.970800456250130062e-02,2.243693850690008443e-02,5.265713881123942203e-02
1.582379474344752790e-01,1.888574726994967984e-04,6.979762758206133760e-03,-3.974329828244844987e-02,2.251489096000089049e-02,5.274177416800560070e-02
1.582281393527373292e-01,1.617611580647360353e-04,7.026575167086500200e-03,-3.977691598248152965e-02,2.259288853379457646e-02,5.282504475421186813e-02
1.582170214027439070e-01,1.347477490255790853e-04,7.072941121951502839e-03,-3.980885766260048447e-02,2.267093122828108334e-02,5.290695056985814104e-02
1.582045935844950679e-01,1.078172455820136969e-04,7.118860622801161629e-03,-3.983912332280533514e-02,2.274901904346043544e-02,5.298749161494445414e-02
1.581908558979908397e-01,8.096964773404014123e-05,7.164333669635477436e-03,-3.986771296309608859e-02,2.282715197933264314e-02,5.306666788947082131e-02
1.581758083432311668e-01,5.420495548164636323e-05,7.209360262454469342e-03,-3.989462658347274482e-02,2.290533003589773769e-02,5.314447939343727029e-02
1.581594509202160492e-01,2.752316882485622893e-05,7.253940401258097449e-03,-3.991986418393529690e-02,2.298355321315564623e-02,5.322092612684373170e-02
1.581417836289454870e-01,9.242877636576833492e-07,7.298074086046382573e-03,-3.994342576448374482e-02,2.306182151110640691e-02,5.329600808969024023e-02
1.581228064694195634e-01,-2.559168770194905667e-05,7.341761316819323847e-03,-3.996531132511808165e-02,2.314013492975002320e-02,5.336972528197678894e-02
1.581025194416381674e-01,-5.202475757197597833e-05,7.385002093576941221e-03,-3.998552086583834209e-02,2.321849346908652287e-02,5.344207770370341948e-02
1.580809225456013267e-01,-7.837492184639918854e-05,7.427796416319195662e-03,-4.000405438664447755e-02,2.329689712911584346e-02,5.351306535487006244e-02
1.580580157813090969e-01,-1.046421805252309049e-04,7.470144285046106253e-03,-4.002091188753651579e-02,2.337534590983800925e-02,5.358268823547675946e-02
1.580337991487614502e-01,-1.308265336084709241e-04,7.512045699757673861e-03,-4.003609336851445683e-02,2.345383981125303066e-02,5.365094634552349667e-02
1.580082726479583310e-01,-1.569279810961306709e-04,7.553500660453915834e-03,-4.004959882957830064e-02,2.353237883336093544e-02,5.371783968501030876e-02
1.579814362788998228e-01,-1.829465229881872552e-04,7.594509167134796609e-03,-4.006142827072804030e-02,2.361096297616165768e-02,5.378336825393714021e-02
1.579532900415858421e-01,-2.088821592846519526e-04,7.635071219800334402e-03,-4.007158169196366887e-02,2.368959223965523553e-02,5.384753205230401879e-02
1.579238339360165000e-01,-2.347348899855251426e-04,7.675186818450527478e-03,-4.008005909328519328e-02,2.376826662384165859e-02,5.391033108011094449e-02
1.578930679621916855e-01,-2.605047150908181008e-04,7.714855963085396652e-03,-4.008686047469263436e-02,2.384698612872097195e-02,5.397176533735794507e-02
1.578609921201114541e-01,-2.861916346005076526e-04,7.754078653704902027e-03,-4.009198583618595740e-02,2.392575075429310277e-02,5.403183482404495808e-02
1.578276064097757780e-01,-3.117956485146057511e-04,7.792854890309064420e-03,-4.009543517776518323e-02,2.400456050055808227e-02,5.409053954017202515e-02
1.577929108311847128e-01,-3.373167568331121254e-04,7.831184672897884697e-03,-4.009720849943031185e-02,2.408341536751591738e-02,5.414787948573913934e-02
1.577569053843382030e-01,-3.627549595560379428e-04,7.869068001471376736e-03,-4.009730580118132937e-02,2.416231535516663587e-02,5.420385466074632147e-02
1.577195900692362485e-01,-3.881102566833608686e-04,7.906504876029511047e-03,-4.009572708301824967e-02,2.424126046351017180e-02,5.425846506519352297e-02
1.576809648858788770e-01,-4.133826482150919075e-04,7.943495296572299774e-03,-4.009247234494107276e-02,2.432025069254655641e-02,5.431171069908077853e-02
1.576412156857466274e-01,-4.385749199553541969e-04,7.980043280887087059e-03,-4.008754384908910784e-02,2.439933850108842728e-02,5.436363609043706746e-02
1.576032086022766121e-01,-4.637300335546397866e-04,8.016210789818182386e-03,-4.008097648134622409e-02,2.447933288972359983e-02,5.441492793421059265e-02
1.575679199990434876e-01,-4.888626241272891939e-04,8.052018930656176451e-03,-4.007278212577398274e-02,2.456050944879803119e-02,5.446582015668179066e-02
1.575353498760472537e-01,-5.139726916733136945e-04,8.087467703401083133e-03,-4.006296078237238378e-02,2.464286817831175605e-02,5.451631275785066844e-02
1.575054982332878550e-01,-5.390602361927132342e-04,8.122557108052902430e-03,-4.005151245114142722e-02,2.472640907826477441e-02,5.456640573771723984e-02
1.574783650707653193e-01,-5.641252576854988718e-04,8.157287144611651691e-03,-4.003843713208111305e-02,2.481113214865713137e-02,5.461609909628150489e-02
1.574539503884797020e-01,-5.891677561516483813e-04,8.191657813077297956e-03,-4.002373482519144821e-02,2.489703738948874021e-02,5.466539283354344275e-02
1.574322541864309200e-01,-6.141877315911730383e-04,8.225669113449856837e-03,-4.000740553047241882e-02,2.498412480075964254e-02,5.471428694950306038e-02
1.574132764646190286e-01,-6.391851840040727343e-04,8.259321045729331803e-03,-3.998944924792404571e-02,2.507239438246984184e-02,5.476278144416036470e-02
1.573970172230440279e-01,-6.641601133903585284e-04,8.292613609915733264e-03,-3.996986597754630804e-02,2.516184613461937974e-02,5.481087631751537653e-02
1.573834764617058624e-01,-6.891125197500083026e-04,8.325546806009033463e-03,-3.994865571933921278e-02,2.525248005720816605e-02,5.485857156956805425e-02
1.573726541806045875e-01,-7.140424030830331160e-04,8.358120634009248012e-03,-3.992581847330276684e-02,2.534429615023624932e-02,5.490586720031841172e-02
1.573645503797401757e-01,-7.389497633894328600e-04,8.390335093916373443e-03,-3.990135423943696330e-02,2.543729441370362956e-02,5.495276320976645590e-02
1.573591650591126545e-01,-7.638346006692187020e-04,8.422190185730428838e-03,-3.987526301774180215e-02,2.553147484761034147e-02,5.499925959791220759e-02
1.573564982187219963e-01,-7.886969149223687411e-04,8.453685909451381236e-03,-3.984754480821728340e-02,2.562683745195631219e-02,5.504535636475562516e-02
1.573565498585682010e-01,-8.135367061488936024e-04,8.484822265079249720e-03,-3.981819961086341397e-02,2.572338222674157640e-02,5.509105351029672248e-02
1.573593199786512964e-01,-8.383539743487936112e-04,8.515599252614030820e-03,-3.978722742568019388e-02,2.582110917196613412e-02,5.513635103453550651e-02
1.573648085789712547e-01,-8.631487195220795012e-04,8.546016872055738414e-03,-3.975462825266759537e-02,2.592001828763002697e-02,5.518124893747199805e-02
1.573730156595281038e-01,-8.879209416687294798e-04,8.576075123404346481e-03,-3.972040209182566006e-02,2.602010957373317862e-02,5.522574721910614853e-02
1.573839412203218158e-01,-9.126706407887546059e-04,8.605774006659865430e-03,-3.968454894315436715e-02,2.612138303027562031e-02,5.526984587943799265e-02
1.573975852613523907e-01,-9.373978168821547712e-04,8.635113521822300464e-03,-3.964706880665372357e-02,2.622383865725735549e-02,5.531354491846751653e-02
1.574139477826198563e-01,-9.621024699489408175e-04,8.664093668891660258e-03,-3.960796168232370157e-02,2.632747645467843275e-02,5.535684433619474099e-02
1.574330203903600289e-01,-9.867847027577190868e-04,8.692713465834526684e-03,-3.956722166033329463e-02,2.643229730323025037e-02,5.539973975818220098e-02
1.574530731548037521e-01,-1.011465695616354686e-03,8.720770518495830556e-03,-3.952363074212068839e-02,2.653848271080372356e-02,5.544132962591664243e-02
1.574728028914425260e-01,-1.036161403998632578e-03,8.748112360034306784e-03,-3.947627138936413843e-02,2.664616941027425287e-02,5.548093478056227018e-02
1.574922096002763228e-01,-1.060871827904563821e-03,8.774738990449967510e-03,-3.942514360206362395e-02,2.675535740164188339e-02,5.551855522211909116e-02
1.575112932813050870e-01,-1.085596967334126516e-03,8.800650409742788449e-03,-3.937024738021920045e-02,2.686604668490651451e-02,5.555419095058709150e-02
1.575300539345289297e-01,-1.110336822287331503e-03,8.825846617912781744e-03,-3.931158272383082630e-02,2.697823726006819828e-02,5.558784196596627813e-02
1.575484915599478231e-01,-1.135091392764179001e-03,8.850327614959945660e-03,-3.924914963289851538e-02,2.709192912712693121e-02,5.561950826825664412e-02
1.575666061575617116e-01,-1.159860678764679850e-03,8.874093400884294075e-03,-3.918294810742223994e-02,2.720712228608276190e-02,5.564918985745821722e-02
1.575843977273706231e-01,-1.184644680288811933e-03,8.897143975685802703e-03,-3.911297814740204853e-02,2.732381673693559665e-02,5.567688673357096274e-02
1.576018662693745576e-01,-1.209443397336586526e-03,8.919479339364485421e-03,-3.903923975283792036e-02,2.744201247968548404e-02,5.570259889659488067e-02
1.576190117835735427e-01,-1.234256829908003412e-03,8.941099491920340495e-03,-3.896173292372985542e-02,2.756170951433242061e-02,5.572632634652999878e-02
1.576358342699675508e-01,-1.259084978003073649e-03,8.962004433353376598e-03,-3.888045766007780513e-02,2.768290784087645839e-02,5.574806908337630318e-02
1.576523337285565540e-01,-1.283927841621775121e-03,8.982194163663576383e-03,-3.879541396188186664e-02,2.780560745931749678e-02,5.576782710713378693e-02
1.576685101593406080e-01,-1.308785420764119320e-03,9.001668682850946790e-03,-3.870660182914197750e-02,2.792980836965558433e-02,5.578560041780246392e-02
1.576843635623197126e-01,-1.333657715430105377e-03,9.020427990915489552e-03,-3.861402126185814465e-02,2.805551057189072453e-02,5.580138901538232027e-02
1.576998939374938125e-01,-1.358544725619745437e-03,9.038472087857213344e-03,-3.851767226003034034e-02,2.818271406602297635e-02,5.581519289987336291e-02
1.577151012848629352e-01,-1.383446451333016297e-03,9.055800973676100818e-03,-3.841755482365862701e-02,2.831141885205221836e-02,5.582701207127559184e-02
1.577299856044271087e-01,-1.408362892569929884e-03,9.072414648372160648e-03,-3.831366895274297690e-02,2.844162492997850955e-02,5.583684652958901401e-02
1.577445468961863051e-01,-1.433294049330485547e-03,9.088313111945396303e-03,-3.820601464728339697e-02,2.857333229980185338e-02,5.584469627481360859e-02
1.577587851601405244e-01,-1.458239921614694779e-03,9.103496364395806048e-03,-3.809459190727981781e-02,2.870654096152230536e-02,5.585056130694939641e-02
1.577727003962897667e-01,-1.483200509422535462e-03,9.117964405723382945e-03,-3.797940073273234352e-02,2.884125091513975100e-02,5.585444162599636359e-02
1.577865091829536714e-01,-1.508205021803667254e-03,9.131528435654808970e-03,-3.785924201700536368e-02,2.897795020730634802e-02,5.585571183157367336e-02
1.578007846247006796e-01,-1.533330751073497950e-03,9.143688855248998867e-03,-3.773094271169783603e-02,2.911793029584839460e-02,5.585271700357701680e-02
1.578155573679655144e-01,-1.558581830393813896e-03,9.154418948742104947e-03,-3.759433313988526371e-02,2.926126024072481929e-02,5.584536864611284318e-02
1.578308274127480648e-01,-1.583958259764592759e-03,9.163718716134115067e-03,-3.744941330156775772e-02,2.940794004193548333e-02,5.583366675918115252e-02
1.578465947590483864e-01,-1.609460039185845815e-03,9.171588157425032695e-03,-3.729618319674524868e-02,2.955796969948046304e-02,5.581761134278193787e-02
1.578628594068665070e-01,-1.635087168657573062e-03,9.178027272614861301e-03,-3.713464282541775741e-02,2.971134921335974455e-02,5.579720239691521311e-02
1.578796213562023709e-01,-1.660839648179785778e-03,9.183036061703600886e-03,-3.696479218758519369e-02,2.986807858357340764e-02,5.577243992158096436e-02
1.578968806070560060e-01,-1.686717477752461411e-03,9.186614524691244510e-03,-3.678663128324770326e-02,3.002815781012130661e-02,5.574332391677920551e-02
1.579146371594274401e-01,-1.712720657375610802e-03,9.188762661577800847e-03,-3.660016011240523059e-02,3.019158689300351778e-02,5.570985438250992267e-02
1.579328910133166175e-01,-1.738849187049234602e-03,9.189480472363262958e-03,-3.640537867505775488e-02,3.035836583222003768e-02,5.567203131877312972e-02
1.579516421687235939e-01,-1.765103066773343870e-03,9.188767957047636048e-03,-3.620228697120519978e-02,3.052849462777094264e-02,5.562985472556880584e-02
1.579708906256483414e-01,-1.791482296547916055e-03,9.186625115630918381e-03,-3.599088500084773878e-02,3.070197327965607653e-02,5.558332460289697186e-02
1.579906363840908323e-01,-1.817986876372962215e-03,9.183051948113108223e-03,-3.577117276398528861e-02,3.087880178787551916e-02,5.553244095075762776e-02
1.580108794440511222e-01,-1.844616806248482567e-03,9.178048454494209044e-03,-3.554315026061784233e-02,3.105898015242927399e-02,5.547720376915075968e-02
1.580316198055291832e-01,-1.871372086174488822e-03,9.171614634774213903e-03,-3.530681749074529585e-02,3.124250837331742081e-02,5.541761305807636068e-02
1.580528574685250154e-01,-1.898252716150957342e-03,9.163750488953129741e-03,-3.506217445436786428e-02,3.142938645053978963e-02,5.535366881753446544e-02
1.580745924330386187e-01,-1.925258696177900054e-03,9.154456017030958292e-03,-3.480922115148543661e-02,3.161961438409646719e-02,5.528537104752504622e-02
1.580968246990699655e-01,-1.952390026255316959e-03,9.143731219007692618e-03,-3.454795758209801282e-02,3.181319217398746041e-02,5.521271974804811689e-02
1.581197195210624629e-01,-1.979648265322318020e-03,9.131264635558227621e-03,-3.427683327786659739e-02,3.201122258789881186e-02,5.513528373759298690e-02
1.581439179472800272e-01,-2.007039460751542347e-03,9.115848066432436989e-03,-3.398983372555050564e-02,3.221798343704557199e-02,5.505139039451380917e-02
1.581694840796968315e-01,-2.034564217253359824e-03,9.097360696981139985e-03,-3.368635750058684292e-02,3.243390248351542271e-02,5.496087246408820626e-02
1.581964179183129038e-01,-2.062222534827770452e-03,9.075802527204331407e-03,-3.336640460297560229e-02,3.265897972730835708e-02,5.486372994631616429e-02
1.582247194631282161e-01,-2.090014413474787242e-03,9.051173557102004316e-03,-3.302997503271663804e-02,3.289321516842448612e-02,5.475996284119764163e-02
1.582543887141427408e-01,-2.117939853194385474e-03,9.023473786674174324e-03,-3.267706878981024160e-02,3.313660880686360166e-02,5.464957114873274235e-02
1.582854256713565333e-01,-2.145998853986576856e-03,8.992703215920837961e-03,-3.230768587425627419e-02,3.338916064262580780e-02,5.453255486892141096e-02
1.583178303347695659e-01,-2.174191415851361390e-03,8.958861844841993494e-03,-3.192182628605472194e-02,3.365087067571109064e-02,5.440891400176364745e-02
1.583516027043818664e-01,-2.202517538788752519e-03,8.921949673437621839e-03,-3.151949002520541832e-02,3.392173890611958204e-02,5.427864854725939631e-02
1.583867427801933792e-01,-2.230977222798724655e-03,8.881966701707755957e-03,-3.110067709170871372e-02,3.420176533385105300e-02,5.414175850540877549e-02
1.584232505622041598e-01,-2.259570467881289943e-03,8.838912929652381970e-03,-3.066538748556443469e-02,3.449094995890560761e-02,5.399824387621171562e-02
1.584611260504141528e-01,-2.288297274036448815e-03,8.792788357271499877e-03,-3.021362120677258123e-02,3.478929278128324587e-02,5.384810465966823056e-02
1.585003692448234136e-01,-2.317157641264214283e-03,8.743592984565085394e-03,-2.974537825533293475e-02,3.509679380098410656e-02,5.369134085577824400e-02
1.585409801454319145e-01,-2.346151569564560758e-03,8.691326811533181887e-03,-2.926065863124592548e-02,3.541345301800792600e-02,5.352795246454190164e-02
1.585829587522396555e-01,-2.375279058937499951e-03,8.635989838175768540e-03,-2.875946233451133829e-02,3.573927043235483603e-02,5.335793948595912023e-02
1.586262012416707334e-01,-2.404531459630576337e-03,8.577569348810466787e-03,-2.824179741667761159e-02,3.607426762733662029e-02,5.318132644052499247e-02
1.586539181975442914e-01,-2.432510011365997260e-03,8.514009077490863886e-03,-2.770896590184011160e-02,3.642193486228245680e-02,5.300207856246772625e-02
1.586539233170404239e-01,-2.458199448566054848e-03,8.443816519699236592e-03,-2.716191284131838982e-02,3.678480548061775768e-02,5.282307394740066303e-02
1.586262166001590757e-01,-2.481599771230762110e-03,8.366991675435555414e-03,-2.660063823511221379e-02,3.716287948234264782e-02,5.264431259532371954e-02
1.585707980469003575e-01,-2.502710979360119482e-03,8.283534544699823823e-03,-2.602514208322158351e-02,3.755615686745715498e-02,5.246579450623688884e-02
1.584876676572641307e-01,-2.521533072954133901e-03,8.193445127491998450e-03,-2.543542438564622837e-02,3.796463763596143876e-02,5.228751968014010154e-02
1.583768254312505064e-01,-2.538066052012789755e-03,8.096723423812159093e-03,-2.483148514238667573e-02,3.838832178785515914e-02,5.210948811703351030e-02
1.582382713688594844e-01,-2.552309916536095284e-03,7.993369433660269321e-03,-2.421332435344266884e-02,3.882720932313848267e-02,5.193169981691703185e-02
1.580720054700909816e-01,-2.564264666524051356e-03,7.883383157036323932e-03,-2.358094201881420424e-02,3.928130024181139546e-02,5.175415477979068007e-02
1.578780277349449979e-01,-2.573930301976660139e-03,7.766764593940276087e-03,-2.293433813850099395e-02,3.975059454387414037e-02,5.157685300565437170e-02
1.576563381634216443e-01,-2.581306822893913826e-03,7.643513744372227268e-03,-2.227351271250361392e-02,4.023509222932627333e-02,5.139979449450825938e-02
1.574069367555208931e-01,-2.586394229275817622e-03,7.513630608332124566e-03,-2.159846574082177270e-02,4.073479329816801636e-02,5.122297924635225985e-02
1.571298235112426611e-01,-2.589192521122371526e-03,7.377115185819971450e-03,-2.090919722345547724e-02,4.124969775039936948e-02,5.104640726118639393e-02
1.568237021111441309e-01,-2.589634047949732239e-03,7.233869126717105968e-03,-2.020572959791143083e-02,4.177953871918101830e-02,5.086988884249576265e-02
1.564297223782136759e-01,-2.584647620035880958e-03,7.079427542434136786e-03,-1.948908147983131542e-02,4.231220101112154186e-02,5.068481216737172335e-02
1.559160331494765517e-01,-2.572571033980095706e-03,6.911373925470943973e-03,-1.875980416904837744e-02,4.284112758563506096e-02,5.048651630548389030e-02
1.552826344249327306e-01,-2.553404289782376050e-03,6.729708275827529264e-03,-1.801789766556261690e-02,4.336631844272157560e-02,5.027500125683224963e-02
1.545295262045818518e-01,-2.527147387442708979e-03,6.534430593503802454e-03,-1.726336196937369727e-02,4.388777358238132864e-02,5.005026702141673195e-02
1.536567084884246093e-01,-2.493800326961118346e-03,6.325540878499934412e-03,-1.649619708048228467e-02,4.440549300461384130e-02,4.981231359923750379e-02
1.526641812764606421e-01,-2.453363108337593308e-03,6.103039130815844475e-03,-1.571640299888805298e-02,4.491947670941934950e-02,4.956114099029448189e-02
1.515519445686900335e-01,-2.405835731572134734e-03,5.866925350451532642e-03,-1.492397972459099872e-02,4.542972469679786712e-02,4.929674919458767318e-02
1.503199983651127558e-01,-2.351218196664741755e-03,5.617199537406995444e-03,-1.411892725759112018e-02,4.593623696674937334e-02,4.901913821211706379e-02
1.489683426657281151e-01,-2.289510503615385748e-03,5.353861691682117521e-03,-1.330124559788805651e-02,4.643901351927411797e-02,4.872830804288252882e-02
1.474969774705373882e-01,-2.220712652424121792e-03,5.076911813277130460e-03,-1.247093474548252937e-02,4.693805435437162221e-02,4.842425868688433194e-02
1.459075142374768597e-01,-2.144799881791754383e-03,4.786467457154684746e-03,-1.162882982373847698e-02,4.743350863227675795e-02,4.810782986811361350e-02
1.442474792463402933e-01,-2.061041913623252141e-03,4.485995639067196297e-03,-1.079956089327724703e-02,4.792977549421562067e-02,4.780378733220115584e-02
1.425389362028713636e-01,-1.969099721992911400e-03,4.177105894111826645e-03,-9.994562268174231323e-03,4.842889720728702635e-02,4.752362838393289768e-02
1.407818851070714861e-01,-1.868973306900813041e-03,3.859798222288848141e-03,-9.213833948430148052e-03,4.893087377149052397e-02,4.726735302330909577e-02
1.389763259589399946e-01,-1.760662668346919119e-03,3.534072623598127211e-03,-8.457375934044631186e-03,4.943570518682634946e-02,4.703496125032961134e-02
1.371222587584768615e-01,-1.644167806331229198e-03,3.199929098039663421e-03,-7.725188225017682458e-03,4.994339145329448892e-02,4.682645306499443744e-02
1.352196835056812263e-01,-1.519488720853686249e-03,2.857367645613301949e-03,-7.017270821348993090e-03,5.045393257089517136e-02,4.664182846730351856e-02
1.332686002005547543e-01,-1.386625411914400429e-03,2.506388266319347670e-03,-6.333623723039191050e-03,5.096732853962795962e-02,4.648108745725700736e-02
1.312690088430966406e-01,-1.245577879513318827e-03,2.146990960157650532e-03,-5.674246930087957150e-03,5.148357935949305492e-02,4.634423003485480669e-02
1.292209094333069130e-01,-1.096346123650441444e-03,1.779175727128210318e-03,-5.039140442495291389e-03,5.200268503049047808e-02,4.623125620009693043e-02
1.271283483905507328e-01,-9.387903633304254267e-04,1.402846698280484994e-03,-4.429147858581152820e-03,5.252664929542587291e-02,4.614452374347320640e-02
1.250446522320905474e-01,-7.710684677749324745e-04,1.016740446180781909e-03,-3.855386701349476468e-03,5.308187886493113961e-02,4.611510526124156656e-02
1.229863691719684377e-01,-5.926087894062268034e-04,6.204649057048637964e-04,-3.321306945779396204e-03,5.367656823439387326e-02,4.615264316022248126e-02
1.209534992101843759e-01,-4.034113282243085219e-04,2.140200768527299505e-04,-2.826908591870912028e-03,5.431071740381407387e-02,4.625713744041594355e-02
1.189460423467375016e-01,-2.034760842290863128e-04,-2.025940403758065989e-04,-2.372191639623830953e-03,5.498432637319204674e-02,4.642858810182205059e-02
1.169639985816296052e-01,7.196942579262149975e-06,-6.293774459803758679e-04,-1.957156089038556736e-03,5.569739514252720208e-02,4.666699514444064278e-02
1.150073679148597705e-01,2.286077522008231962e-04,-1.066330139961160165e-03,-1.581801940114878824e-03,5.644992371181981744e-02,4.697235856827178951e-02
1.130761503464279977e-01,4.607563446355971240e-04,-1.513452122318160575e-03,-1.246129192852797000e-03,5.724191208106990669e-02,4.734467837331548384e-02
1.111703458763334679e-01,7.036427198836938714e-04,-1.970743393051581360e-03,-9.501378472521887497e-04,5.807336025027784454e-02,4.778395455957194088e-02
1.092899415201117053e-01,9.572652758375843314e-04,-2.438182850203865319e-03,-6.939160631720336187e-04,5.894416884971383913e-02,4.829018224253297381e-02
1.074323416359890954e-01,1.221303745447429234e-03,-2.911552136173665636e-03,-4.950873154161126739e-04,5.983447351092925637e-02,4.886238499141234287e-02
1.055955995159016947e-01,1.495517931296431926e-03,-3.387687520570386180e-03,-3.668690521222023608e-04,6.072937613563838405e-02,4.949983049187233614e-02
1.037797151598486983e-01,1.779907833384720885e-03,-3.866589003394240321e-03,-3.092612732902928134e-04,6.162887672384163157e-02,5.020251874391330749e-02
1.019846885678317300e-01,2.074473451712043927e-03,-4.348256584644803052e-03,-3.222639789204352059e-04,6.253297527553818014e-02,5.097044974753460467e-02
1.002105197398499709e-01,2.379214786278524649e-03,-4.832690264322287745e-03,-4.058771690125883387e-04,6.344167179072844609e-02,5.180362350273653299e-02
9.845720867590342096e-02,2.694131837084163487e-03,-5.319890042426691362e-03,-5.601008435667519407e-04,6.435496626941243636e-02,5.270204000951909939e-02
9.672475537599133089e-02,3.019224604129106589e-03,-5.809855918958234215e-03,-7.849350025830414794e-04,6.527285871159053954e-02,5.366569926788274103e-02
9.501315984011521332e-02,3.354493087413065126e-03,-6.302587893916481755e-03,-1.080379646061258112e-03,6.619534911726193682e-02,5.469460127782659747e-02
9.332242206827431885e-02,3.699937286936181777e-03,-6.798085967301648221e-03,-1.446434774001484781e-03,6.712243748642705843e-02,5.578874603935109200e-02
9.165254206046861973e-02,4.055557202698456543e-03,-7.296350139113737081e-03,-1.883100386403722352e-03,6.805412381908589048e-02,5.694813355245621767e-02
9.000351981669742207e-02,4.421352834700053788e-03,-7.797380409352969513e-03,-2.390376483268211085e-03,6.899040811523886318e-02,5.817276381714253652e-02
8.837535533696216916e-02,4.797324182940648253e-03,-8.301176778018897959e-03,-2.968263064594500820e-03,6.993129037488511612e-02,5.946263683340895917e-02
8.676804862126212547e-02,5.183471247420401266e-03,-8.807739245111750534e-03,-3.616760130382801891e-03,7.087677059802509338e-02,6.081775260125601296e-02
8.518159966959729101e-02,5.579794028139311093e-03,-9.317067810631522035e-03,-4.335867680633114299e-03,7.182684878465879497e-02,6.223811112068370482e-02
8.361600848196698577e-02,5.986292525097563350e-03,-9.829162474578443179e-03,-5.125585715345803636e-03,7.278152493478660945e-02,6.372371239169269397e-02
8.207127505837258363e-02,6.402966738294792876e-03,-1.034402323695205773e-02,-5.985914234520165605e-03,7.374079904840771804e-02,6.527455641428167588e-02
8.054739939881339073e-02,6.829816667731182685e-03,-1.086165009775259295e-02,-6.916853238156540212e-03,7.470467112552255096e-02,6.689064318845129586e-02
7.906265726276091865e-02,7.261671113588781534e-03,-1.137596486197694004e-02,-7.906009821638774679e-03,7.566172826031818122e-02,6.855172977050791316e-02
7.764367155702332768e-02,7.690997017060701574e-03,-1.187811322075864838e-02,-8.935330828533491823e-03,7.659534489321979944e-02,7.022832759094400912e-02
7.629066785357635494e-02,8.117730551647037163e-03,-1.236802015284029291e-02,-1.000466329710006548e-02,7.750538015830511773e-02,7.192018679744500986e-02
7.500364615241933430e-02,8.541871717347982590e-03,-1.284568565822209740e-02,-1.111400722733894321e-02,7.839183405557456630e-02,7.362730739001166480e-02
7.378260645355225189e-02,8.963420514163536121e-03,-1.331110973690406013e-02,-1.226336261925012328e-02,7.925470658502811738e-02,7.534968936864394617e-02
7.262754875697466361e-02,9.382376942093881636e-03,-1.376429238888638058e-02,-1.345272947283414865e-02,8.009399774666617344e-02,7.708733273334265890e-02
7.153847306268754092e-02,9.798741001138647905e-03,-1.420523361416865804e-02,-1.468210778808995594e-02,8.090970754048798508e-02,7.884023748410624866e-02
7.051537937069037032e-02,1.021251269129802401e-02,-1.463393341275109547e-02,-1.595149756501806904e-02,8.170183596649389923e-02,8.060840362093546485e-02
6.955826768098316570e-02,1.062369201257200649e-02,-1.505039178463368939e-02,-1.726089880361848447e-02,8.247038302468395754e-02,8.239183114383034912e-02
6.866713799356553849e-02,1.103227896496077921e-02,-1.545460872981662542e-02,-1.861031150389181113e-02,8.321534871505845143e-02,8.419052005279166473e-02
6.784199030843827971e-02,1.143827354846397790e-02,-1.584658424829953408e-02,-1.999973566583685206e-02,8.393673303761674254e-02,8.600447034781782962e-02
6.708282462560098691e-02,1.184167576308178295e-02,-1.622631834008260096e-02,-2.142917128945420052e-02,8.463453599235915004e-02,8.783368202890963483e-02
6.638964094505363234e-02,1.224248560881419610e-02,-1.659381100516582955e-02,-2.289861837474384959e-02,8.530875757928568781e-02,8.967815509606708035e-02
6.576243926679598006e-02,1.264070308566139431e-02,-1.694906224354937596e-02,-2.440807692170648621e-02,8.595939779839663342e-02,9.153788954929101274e-02
6.520121959082858520e-02,1.303632819362302193e-02,-1.729207205523292101e-02,-2.595754693034076077e-02,8.658645664969139011e-02,9.341288538857975277e-02
6.470598191715112857e-02,1.342936093269925940e-02,-1.762284044021662083e-02,-2.754702840064733940e-02,8.718993413317029095e-02,9.530314261393414699e-02
6.427672624576365179e-02,1.381980130289010324e-02,-1.794136739850048234e-02,-2.917652133262622210e-02,8.776983024883330819e-02,9.720866122535418152e-02
6.391459391605291973e-02,1.420717520468748468e-02,-1.824833784337201101e-02,-3.083977517951332417e-02,8.833322167238799594e-02,9.912937116455280973e-02
6.362325974529194073e-02,1.458995616044407410e-02,-1.854595701825587431e-02,-3.251666479932291409e-02,8.890289346708425688e-02,1.010650468619829767e-01
6.340300219470196286e-02,1.496802850050940603e-02,-1.883439202663847456e-02,-3.420566519878327078e-02,8.948057218313480721e-02,1.030156712249940126e-01
6.325382126428294449e-02,1.534139222488348393e-02,-1.911364286851981176e-02,-3.590677637789439075e-02,9.006625782053967466e-02,1.049812442535859175e-01
6.317571695403489951e-02,1.571004733356647087e-02,-1.938370954390000386e-02,-3.761999833665703036e-02,9.065995037929910905e-02,1.069617659477595656e-01
6.316868926395789730e-02,1.607399382655803899e-02,-1.964459205277880802e-02,-3.934533107506969080e-02,9.126164985941258301e-02,1.089572363075131944e-01
6.323273819405186846e-02,1.643323170385834961e-02,-1.989629039515634565e-02,-4.108277459313311453e-02,9.187135626088037410e-02,1.109676553328476922e-01
6.336786374431682689e-02,1.678776096546740620e-02,-2.013880457103262370e-02,-4.283232889084730155e-02,9.248906958370245457e-02,1.129930230237630451e-01
6.357406591475286972e-02,1.713758161138536837e-02,-2.037213458040773584e-02,-4.459399396821303596e-02,9.311478982787912972e-02,1.150333393802601967e-01
6.384745911262679208e-02,1.748302825057303223e-02,-2.059708106443638650e-02,-4.636533322153717218e-02,9.374642017930212567e-02,1.170853559835504931e-01
6.414247746638074288e-02,1.782802480146263718e-02,-2.082303304418571532e-02,-4.811777289683322190e-02,9.435937155494718287e-02,1.191109790231470317e-01
6.444600075889614366e-02,1.817370111541055655e-02,-2.105269399027349594e-02,-4.984308547988083177e-02,9.494656378500737626e-02,1.210992397839262269e-01
6.475802899017317482e-02,1.852005719241694298e-02,-2.128606390269984633e-02,-5.154127097068073732e-02,9.550799686948299727e-02,1.230501382658889670e-01
6.507856216021150331e-02,1.886709303248149117e-02,-2.152314278146455484e-02,-5.321232936923144669e-02,9.604367080837350468e-02,1.249636744690335310e-01
6.540760026901129565e-02,1.921480863560436070e-02,-2.176393062656771515e-02,-5.485626067553370233e-02,9.655358560167917603e-02,1.268398483933607379e-01
6.574514331657253796e-02,1.956320400178554464e-02,-2.200842743800934115e-02,-5.647306488958751813e-02,9.703774124939999746e-02,1.286786600388706292e-01
6.609119130289541066e-02,1.991227913102519564e-02,-2.225663321578954038e-02,-5.806274201139357410e-02,9.749613775153617712e-02,1.304801094055639543e-01
6.644574422797958069e-02,2.026203402332301187e-02,-2.250854795990808038e-02,-5.962529204095048246e-02,9.792877510808731256e-02,1.322441964934391867e-01
6.680880209182521456e-02,2.061246867867914598e-02,-2.276417167036508607e-02,-6.116071497825895098e-02,9.833565331905359808e-02,1.339709213024971035e-01
6.717781494149770161e-02,2.096336526083804330e-02,-2.302346012485202362e-02,-6.266739017586647753e-02,9.871594069634345714e-02,1.356581798378311554e-01
6.752993353424788237e-02,2.131277181475972268e-02,-2.328601706261893348e-02,-6.413079557473874703e-02,9.906218477178060922e-02,1.372871189317188267e-01
6.785973416587090523e-02,2.166022500663126668e-02,-2.355174842360768447e-02,-6.554748408678007232e-02,9.937261655969527319e-02,1.388532634246895936e-01
6.816721683636690898e-02,2.200572483645283142e-02,-2.382065420781838416e-02,-6.691745571199110565e-02,9.964723606008756007e-02,1.403566133167442331e-01
6.845238154573590750e-02,2.234927130422442038e-02,-2.409273441525102907e-02,-6.824071045037186090e-02,9.988604327295751151e-02,1.417971686078827454e-01
6.871522829397798404e-02,2.269086440994617579e-02,-2.436798904590575451e-02,-6.951724830192289317e-02,1.000890381983051969e-01,1.431749292981057131e-01
6.895575708109294433e-02,2.303050415361779929e-02,-2.464641809978230722e-02,-7.074706926664306450e-02,1.002562208361304358e-01,1.444898953874119707e-01
6.917396790708088550e-02,2.336819053523944700e-02,-2.492802157688080861e-02,-7.193017334453292999e-02,1.003875911864333115e-01,1.457420668758020177e-01
6.936986077194182143e-02,2.370392355481111546e-02,-2.521279947720125869e-02,-7.306656053559251740e-02,1.004831492492138517e-01,1.469314437632759651e-01
6.954343567567582152e-02,2.403770321233295384e-02,-2.550075180074379277e-02,-7.415623083982231245e-02,1.005428950244720565e-01,1.480580260498342571e-01
6.969469261828271922e-02,2.436952950780466032e-02,-2.579187854750814718e-02,-7.519918425722130206e-02,1.005668285122078703e-01,1.491218137354758944e-01
6.982363159976261169e-02,2.469940244122638753e-02,-2.608617971749445374e-02,-7.619542078779002747e-02,1.005549497124213626e-01,1.501228068202013766e-01
6.993025262011548504e-02,2.502732201259813896e-02,-2.638365531070270900e-02,-7.714494043152846092e-02,1.005072586251124778e-01,1.510610053040107592e-01
7.001455567934138091e-02,2.535328822192005338e-02,-2.668430532713304826e-02,-7.804774318843699099e-02,1.004237552502812020e-01,1.519364091869043476e-01
7.007654077744022991e-02,2.567730106919184282e-02,-2.698812976678521131e-02,-7.890382905851482664e-02,1.003044395879276185e-01,1.527490184688814201e-01
7.011620791441205980e-02,2.599936055441365301e-02,-2.729512862965931611e-02,-7.971319804176239809e-02,1.001493116380516857e-01,1.534988331499423375e-01
7.013355709025688445e-02,2.631946667758548741e-02,-2.760530191575537654e-02,-8.047585013817966371e-02,9.995837140065338966e-02,1.541858532300871276e-01
7.012858830497468998e-02,2.663761943870747786e-02,-2.791864962507352790e-02,-8.119178534776695655e-02,9.973161887573264717e-02,1.548100787093160402e-01
7.010130155856547640e-02,2.695381883777935028e-02,-2.823517175761349265e-02,-8.186100367052362436e-02,9.946905406328965249e-02,1.553715095876285202e-01
7.005169685102925758e-02,2.726806487480123997e-02,-2.855486831337540263e-02,-8.248350510645002798e-02,9.917067696332429461e-02,1.558701458650248728e-01
6.997977418236600577e-02,2.758035754977315734e-02,-2.887773929235926476e-02,-8.305928965554612575e-02,9.883648757583660127e-02,1.563059875415051259e-01
6.988553355257570709e-02,2.789069686269522730e-02,-2.920378469456522477e-02,-8.358835731781216749e-02,9.846648590082637820e-02,1.566790346170693626e-01
6.977053408592254202e-02,2.819917496772821053e-02,-2.953282329190407701e-02,-8.407330031591489505e-02,9.806310509080046200e-02,1.569930866354067311e-01
6.964876228448753370e-02,2.850661855610821596e-02,-2.986322933388188897e-02,-8.453737281154279082e-02,9.764817233001776842e-02,1.572822283240430941e-01
6.952354101332788860e-02,2.881322403029564286e-02,-3.019461658028810627e-02,-8.498609944844601194e-02,9.722687324583899338e-02,1.575545574153078554e-01
6.939487027244357897e-02,2.911899139029062999e-02,-3.052698503112288506e-02,-8.541948022662475271e-02,9.679920783826395647e-02,1.578100739092012095e-01
6.926275006183468808e-02,2.942392063609290676e-02,-3.086033468638592694e-02,-8.583751514607861066e-02,9.636517610729301853e-02,1.580487778057228510e-01
6.912718038150117428e-02,2.972801176770260845e-02,-3.119466554607738112e-02,-8.624020420680776622e-02,9.592477805292598525e-02,1.582706691048729464e-01
6.898816123144300982e-02,3.003126478511973507e-02,-3.152997761019724760e-02,-8.662754740881227489e-02,9.547801367516288440e-02,1.584757478066514957e-01
6.884569261166016696e-02,3.033367968834441500e-02,-3.186627087874567554e-02,-8.699954475209224769e-02,9.502488297400350781e-02,1.586640139110585823e-01
6.869977452215275671e-02,3.063525647737639149e-02,-3.220354535172235966e-02,-8.735619623664737932e-02,9.456538594944823017e-02,1.588354674180940118e-01
6.855040696292072355e-02,3.093599515221578944e-02,-3.254180102912745953e-02,-8.769750186247783630e-02,9.409952260149688497e-02,1.589901083277578953e-01
6.839758993396403974e-02,3.123589571286261579e-02,-3.288103791096097517e-02,-8.802346162958359088e-02,9.362729293014945831e-02,1.591279366400501771e-01
6.824132343528267752e-02,3.153495815931699198e-02,-3.322125599722305228e-02,-8.833407553796480960e-02,9.314869693540571427e-02,1.592489523549709962e-01
6.808160746687674791e-02,3.183318249157866819e-02,-3.356245528791338556e-02,-8.862934358762121489e-02,9.266373461726611083e-02,1.593531554725201860e-01
6.791844202874619540e-02,3.213056870964775547e-02,-3.390463578303213460e-02,-8.890926577855294555e-02,9.217240597573043981e-02,1.594405459926978019e-01
6.775182712089099224e-02,3.242711681352428155e-02,-3.424779748257929246e-02,-8.917384211075997380e-02,9.167471101079867346e-02,1.595111239155038718e-01
6.758176274331109679e-02,3.272282680320835746e-02,-3.459194038655501874e-02,-8.942307258424245231e-02,9.117064972247061749e-02,1.595648892409383957e-01
6.740824889600664782e-02,3.301769867869971953e-02,-3.493706449495899424e-02,-8.965695719900013128e-02,9.066022211074668824e-02,1.596018419690013457e-01
6.723128557897757596e-02,3.331173243999851347e-02,-3.528316980779139245e-02,-8.987549595503313560e-02,9.014342817562667753e-02,1.596219820996927219e-01
6.705087279222386731e-02,3.360492808710473928e-02,-3.563025632505219253e-02,-9.007868885234145140e-02,8.962026791711058538e-02,1.596253096330125520e-01
6.686701053574543863e-02,3.389728562001850798e-02,-3.597832404674156798e-02,-9.026653589092517582e-02,8.909074133519818972e-02,1.596118245689608361e-01
6.667969880954248418e-02,3.418880503873956977e-02,-3.632737297285919958e-02,-9.043903707078411458e-02,8.855484842988993466e-02,1.595815269075375464e-01
6.648893761361489296e-02,3.447948634326806344e-02,-3.667740310340524001e-02,-9.059619239191837869e-02,8.801258920118559814e-02,1.595344166487426829e-01
6.629472694796265109e-02,3.476932953360398204e-02,-3.702841443837969621e-02,-9.073800185432798204e-02,8.746396364908518017e-02,1.594704937925762733e-01
6.609706681258571692e-02,3.505833460974744353e-02,-3.738040697778271387e-02,-9.086446545801293850e-02,8.690897177358843095e-02,1.593897583390382899e-01
6.589595720748422925e-02,3.534650157169820506e-02,-3.773338072161398771e-02,-9.097558320297316481e-02,8.634761357469585008e-02,1.592922102881287327e-01
6.569139813265811867e-02,3.563383041945639845e-02,-3.808733566987367730e-02,-9.107135508920870259e-02,8.577988905240718776e-02,1.591778496398476572e-01
6.548621828938641642e-02,3.592238137996862229e-02,-3.844414650421364849e-02,-9.115892026478511490e-02,8.520956510607759216e-02,1.590564167416195496e-01
6.528388433787120360e-02,3.621467932456595706e-02,-3.880611070451375766e-02,-9.124702797468617343e-02,8.464125818643518373e-02,1.589398486880475858e-01
6.508440502565532304e-02,3.651073062434261052e-02,-3.917323406808352615e-02,-9.133570029618187647e-02,8.407497994232904226e-02,1.588281756004122636e-01
6.488778035273869149e-02,3.681053527929870756e-02,-3.954551659492308580e-02,-9.142493722927226563e-02,8.351073037375886243e-02,1.587213974787135551e-01
6.469401031912128119e-02,3.711409328943426206e-02,-3.992295828503245742e-02,-9.151473877395735479e-02,8.294850948072468588e-02,1.586195143229514881e-01
6.450309492480309215e-02,3.742140465474926014e-02,-4.030555913841162019e-02,-9.160510493023715783e-02,8.238831726322649873e-02,1.585225261331259794e-01
6.431503416978408272e-02,3.773246937524384753e-02,-4.069331915506076841e-02,-9.169603569811168864e-02,8.183015372126403730e-02,1.584304329092370289e-01
6.412982805406436393e-02,3.804728745091774667e-02,-4.108623833497954819e-02,-9.178753107758087781e-02,8.127401885483782895e-02,1.583432346512847477e-01
6.394747657764389415e-02,3.836585888177108938e-02,-4.148431667816813301e-02,-9.187959106864475312e-02,8.071991266394759612e-02,1.582609313592690525e-01
6.376797974052267337e-02,3.868818366780388263e-02,-4.188755418462650898e-02,-9.197221567130335618e-02,8.016783514859336657e-02,1.581835230331899711e-01
6.359133754270057670e-02,3.901426180901626517e-02,-4.229595085435488427e-02,-9.206540488555667312e-02,7.961778630877487661e-02,1.581110096730474479e-01
6.341754998417779843e-02,3.934409330540795946e-02,-4.270950668735287725e-02,-9.215915871140464843e-02,7.906976614449261198e-02,1.580433912788415662e-01
6.324661706495428304e-02,3.967767815697909040e-02,-4.312822168362067526e-02,-9.225347714884730987e-02,7.852377465574633675e-02,1.579806678505722983e-01
6.307853878502997502e-02,4.001501636372967879e-02,-4.355209584315826443e-02,-9.234836019788468520e-02,7.797981184253603704e-02,1.579228393882396164e-01
6.291331514440484662e-02,4.035610792565987037e-02,-4.398112916596585986e-02,-9.244380785851680216e-02,7.743787770486150468e-02,1.578699058918435205e-01
6.275094614307900887e-02,4.070095284276935288e-02,-4.441532165204307298e-02,-9.253982013074356361e-02,7.689797224272319764e-02,1.578218673613840661e-01
6.259143178105240624e-02,4.104955111505828591e-02,-4.485467330139008418e-02,-9.263639701456501119e-02,7.636009545612086613e-02,1.577787237968611977e-01
6.243477205832504567e-02,4.140190274252666253e-02,-4.529918411400688655e-02,-9.273353850998118653e-02,7.582424734505453789e-02,1.577404751982749431e-01
6.228096697489684391e-02,4.175800772517465620e-02,-4.574885408989370905e-02,-9.283124461699207575e-02,7.529042790952394926e-02,1.577071215656252745e-01
6.213001653076794667e-02,4.211786606300193386e-02,-4.620368322905012842e-02,-9.292951533559763722e-02,7.475863714952958594e-02,1.576786628989122752e-01
6.198192072593829149e-02,4.248147775600866205e-02,-4.666367153147635977e-02,-9.302835066579787093e-02,7.422887506507122590e-02,1.576550991981358341e-01
6.183667956040786451e-02,4.284884280419484076e-02,-4.712881899717237533e-02,-9.312775060759283241e-02,7.370114165614884139e-02,1.576364304632959790e-01
6.169429303417661020e-02,4.321996120756062959e-02,-4.759912562613842490e-02,-9.322771516098252165e-02,7.317543692276222422e-02,1.576226566943927376e-01
6.155476114724464654e-02,4.359483296610569547e-02,-4.807459141837405747e-02,-9.332824432596685538e-02,7.265176086491181850e-02,1.576137778914261101e-01
6.141808389961192494e-02,4.397345807983021881e-02,-4.855521637387950201e-02,-9.342933810254588911e-02,7.213011348259740219e-02,1.576097940543960962e-01
6.128426129127843153e-02,4.435583654873418574e-02,-4.904100049265473771e-02,-9.353099649071963673e-02,7.161049477581896139e-02,1.576107051833026684e-01
6.115329332224412467e-02,4.474196837281777667e-02,-4.953194377470000048e-02,-9.363321949048811210e-02,7.109290474457630182e-02,1.576165112781458544e-01
6.102517999250910152e-02,4.513185355208065158e-02,-5.002804622001485318e-02,-9.373600710185123197e-02,7.057734338886983982e-02,1.576272123389256263e-01
6.089982909683556295e-02,4.552555974304194758e-02,-5.052939463607246384e-02,-9.383931588262292567e-02,7.006358309906522697e-02,1.576426615453046520e-01
6.077490218531252097e-02,4.592480280680278498e-02,-5.103819057814580618e-02,-9.394204408003045681e-02,6.954585138607512207e-02,1.576591353343580748e-01
6.064937954140876136e-02,4.633033097060641758e-02,-5.155539406778425482e-02,-9.404371125807642340e-02,6.902163106853032026e-02,1.576750099900287028e-01
6.052326116512439513e-02,4.674214423445248456e-02,-5.208100510498736568e-02,-9.414431741676074217e-02,6.849092214643127952e-02,1.576902855123165914e-01
6.039654705645937371e-02,4.716024259834117327e-02,-5.261502368975536081e-02,-9.424386255608344087e-02,6.795372461977779166e-02,1.577049619012216575e-01
6.026923721541367629e-02,4.758462606227247677e-02,-5.315744982208822633e-02,-9.434234667604453339e-02,6.741003848856981506e-02,1.577190391567439287e-01
6.014133164198727510e-02,4.801529462624658934e-02,-5.370828350198623286e-02,-9.443976977664404748e-02,6.685986375280712768e-02,1.577325172788834051e-01
6.001283033618026730e-02,4.845224829026313629e-02,-5.426752472944887384e-02,-9.453613185788191375e-02,6.630320041249022911e-02,1.577453962676401700e-01
5.988373329799259737e-02,4.889548705432228415e-02,-5.483517350447639216e-02,-9.463143291975817384e-02,6.574004846761885568e-02,1.577576761230140845e-01
5.975404052742426531e-02,4.934501091842406068e-02,-5.541122982706880168e-02,-9.472567296227281386e-02,6.517040791819302126e-02,1.577693568450052319e-01
5.962375202447521561e-02,4.980081988256864628e-02,-5.599569369722635220e-02,-9.481885198542590321e-02,6.459427876421246217e-02,1.577804384336135846e-01
5.949286778914556623e-02,5.026291394675565932e-02,-5.658856511494852332e-02,-9.491096998921733086e-02,6.401166100567767803e-02,1.577909208888391979e-01
5.936138782143526166e-02,5.073129311098528021e-02,-5.718984408023558563e-02,-9.500202697364713844e-02,6.342255464258844677e-02,1.578008042106819886e-01
5.922931212134428108e-02,5.120595737525752977e-02,-5.779953059308752528e-02,-9.509202293871533984e-02,6.282695967494472677e-02,1.578100883991419845e-01
5.909664068887258981e-02,5.168690673957260229e-02,-5.841762465350461980e-02,-9.518095788442196281e-02,6.222487610274628905e-02,1.578187734542192133e-01
5.896337352402029885e-02,5.217414120393007448e-02,-5.904412626148632798e-02,-9.526883181076693796e-02,6.161630392599365402e-02,1.578268593759136751e-01
5.882951062678734577e-02,5.266766076833016841e-02,-5.967903541703292042e-02,-9.535564471775030693e-02,6.100124314468654413e-02,1.578343461642253420e-01
5.869505199717372362e-02,5.316746543277287712e-02,-6.032235212014439019e-02,-9.544139660537205583e-02,6.037969375882497325e-02,1.578412338191542141e-01
5.855999763517939077e-02,5.367355519725842961e-02,-6.097407637082103565e-02,-9.552608747363224018e-02,5.975165576840864995e-02,1.578475223407002914e-01
5.842434754080445825e-02,5.418593006178638177e-02,-6.163420816906228089e-02,-9.560971732253077671e-02,5.911712917343814322e-02,1.578532117288636294e-01
5.828810171404886359e-02,5.470459002635694179e-02,-6.230274751486839652e-02,-9.569228615206769317e-02,5.847611397391316163e-02,1.578583019836441448e-01
5.815126015491260680e-02,5.522953509097012353e-02,-6.297969440823940335e-02,-9.577379396224300345e-02,5.782861016983371905e-02,1.578627931050418931e-01
5.801382286339562544e-02,5.576076525562615599e-02,-6.366504884917560669e-02,-9.585424075305672142e-02,5.717461776119951711e-02,1.578666850930568466e-01
5.787578983949804440e-02,5.629828052032456731e-02,-6.435881083767637512e-02,-9.593362652450880546e-02,5.651413674801113868e-02,1.578699779476890330e-01
5.773716108321980817e-02,5.684208088506559342e-02,-6.506098037374202780e-02,-9.601195127659928330e-02,5.584716713026829232e-02,1.578726716689384246e-01
5.759793659456090981e-02,5.739216634984924126e-02,-6.577155745737256476e-02,-9.608921500932814108e-02,5.517370890797098498e-02,1.578747662568050214e-01
5.745811637352127993e-02,5.794853691467575368e-02,-6.649054208856831905e-02,-9.616541772269542043e-02,5.449376208111889747e-02,1.578762617112888234e-01
5.731770042010106425e-02,5.851119257954463804e-02,-6.721793426732861065e-02,-9.624055941670105196e-02,5.380732664971265428e-02,1.578771580323898860e-01
5.717668873430018645e-02,5.908013334445613718e-02,-6.795373399365380040e-02,-9.631464009134507731e-02,5.311440261375193622e-02,1.578774552201081538e-01
5.703508131611864651e-02,5.965535920941025805e-02,-6.869794126754387442e-02,-9.638765974662749647e-02,5.241498997323675718e-02,1.578771532744436268e-01
5.689285773826018716e-02,6.023686260800908965e-02,-6.945055354295427696e-02,-9.645960671280302823e-02,5.170908953059599744e-02,1.578762420148938639e-01
5.674904065932110525e-02,6.082428152688859613e-02,-7.021144900468861971e-02,-9.652992265238211078e-02,5.099673967795393531e-02,1.578742343566059414e-01
5.660309237899790319e-02,6.141741679849648666e-02,-7.098056063413178685e-02,-9.659830038689437570e-02,5.027796153736285162e-02,1.578708623219088614e-01
5.645501289729060179e-02,6.201626842283276819e-02,-7.175788843128377836e-02,-9.666473991633983687e-02,4.955275510882276718e-02,1.578661259108025683e-01
5.630480221419911779e-02,6.262083639989769746e-02,-7.254343239614495509e-02,-9.672924124071852203e-02,4.882112039233333506e-02,1.578600251232870899e-01
5.615246032972359691e-02,6.323112072969076791e-02,-7.333719252871460925e-02,-9.679180436003036181e-02,4.808305738789521444e-02,1.578525599593624262e-01
5.599798724386396281e-02,6.384712141221221549e-02,-7.413916882899308780e-02,-9.685242927427538395e-02,4.733856609550807920e-02,1.578437304190286328e-01
5.584138295662022244e-02,6.446883844746202630e-02,-7.494936129698039073e-02,-9.691111598345361622e-02,4.658764651517192934e-02,1.578335365022855985e-01
5.568264746799230641e-02,6.509627183544053342e-02,-7.576776993267689275e-02,-9.696786448756505861e-02,4.583029864688643179e-02,1.578219782091333789e-01
5.552178077798033962e-02,6.572942157614712622e-02,-7.659439473608184445e-02,-9.702267478660965561e-02,4.506652249065225269e-02,1.578090555395719741e-01
5.535878288658427349e-02,6.636828766958212389e-02,-7.742923570719563442e-02,-9.707554688058744885e-02,4.429631804646906590e-02,1.577947684936014117e-01
5.519365379380409414e-02,6.701287011574549868e-02,-7.827229284601824877e-02,-9.712648076949843834e-02,4.351968531433685755e-02,1.577791170712216362e-01
5.502639349963973220e-02,6.766316891463755590e-02,-7.912356615255007608e-02,-9.717547645334265183e-02,4.273662429425529458e-02,1.577621012724326754e-01
5.485700200409133337e-02,6.831918406625771267e-02,-7.998305562679033920e-02,-9.722253393212000605e-02,4.194713498622505699e-02,1.577437210972345294e-01
5.468547930715882827e-02,6.898091557060624657e-02,-8.085076126873944058e-02,-9.726765320583057040e-02,4.115121739024580477e-02,1.577239765456272258e-01
5.451182540884221689e-02,6.964836342768318533e-02,-8.172668307839736634e-02,-9.731083427447431711e-02,4.034887150631753794e-02,1.577028676176107092e-01
5.433604030914141597e-02,7.032152763748879265e-02,-8.261082105576451895e-02,-9.735207713805127394e-02,3.954009733443990954e-02,1.576803943131850072e-01
5.415812400805658511e-02,7.100040820002249953e-02,-8.350317520084010736e-02,-9.739138179656141314e-02,3.872489487461361346e-02,1.576565566323501200e-01
5.397807650558764103e-02,7.168500511528456964e-02,-8.440374551362452016e-02,-9.742874825000472083e-02,3.790326412683830970e-02,1.576313545751060752e-01
5.379589780173459068e-02,7.237531838327505851e-02,-8.531253199411775734e-02,-9.746417649838123864e-02,3.707520509111399132e-02,1.576047881414528173e-01
5.361158789649735079e-02,7.307134800399422980e-02,-8.622953464232022136e-02,-9.749766654169096658e-02,3.624071776744028361e-02,1.575768573313903465e-01
5.342514678987607402e-02,7.377309397744147290e-02,-8.715475345823113507e-02,-9.752921837993384913e-02,3.539980215581793599e-02,1.575475621449187180e-01
5.323657448187069791e-02,7.448055630361712087e-02,-8.808818844185084540e-02,-9.755883201310994179e-02,3.455245825624656680e-02,1.575169025820379320e-01
5.304587097248120858e-02,7.519373498252114596e-02,-8.902983959317940788e-02,-9.758650744121920295e-02,3.369868606872618993e-02,1.574848786427479330e-01
5.285303626170753666e-02,7.591263001415388123e-02,-8.997970691221721107e-02,-9.761224466426168811e-02,3.283848559325641681e-02,1.574514903270487209e-01
5.265807034954982785e-02,7.663724139851467443e-02,-9.093779039896340843e-02,-9.763604368223734176e-02,3.197185682983801069e-02,1.574167376349403513e-01
5.246097323600801277e-02,7.736756913560387250e-02,-9.190409005341844406e-02,-9.765790449514619165e-02,3.109879977847058302e-02,1.573806205664228242e-01
5.226174492108209141e-02,7.810361322542143381e-02,-9.287860587558230407e-02,-9.767782710298822391e-02,3.021931443915415114e-02,1.573431391214960839e-01
5.206038540477196663e-02,7.884537366796773306e-02,-9.386133786545543256e-02,-9.769581150576348016e-02,2.933340081188830564e-02,1.573042933001601584e-01
5.185689468707782579e-02,7.959285046324209023e-02,-9.485228602303695522e-02,-9.771185770347189103e-02,2.844105889667384451e-02,1.572640831024150199e-01
5.165128714219281714e-02,8.034397638963707011e-02,-9.584901087574611289e-02,-9.772583000264020714e-02,2.754515841016919736e-02,1.572230247351331656e-01
5.144362772610957396e-02,8.108940981459671071e-02,-9.684048861442851042e-02,-9.773711521377639877e-02,2.665866740498476495e-02,1.571834509017394355e-01
5.123392435417033208e-02,8.182801239481438116e-02,-9.782537591078592498e-02,-9.774563861544927068e-02,2.578316612909124089e-02,1.571456458584722937e-01
5.102217702637526497e-02,8.255978413028942919e-02,-9.880367276481746841e-02,-9.775140020765883675e-02,2.491865458248940235e-02,1.571096096053317681e-01
5.080838574272429631e-02,8.328472502102217401e-02,-9.977537917652359867e-02,-9.775439999040505534e-02,2.406513276517885380e-02,1.570753421423178309e-01
5.059255050321740527e-02,8.400283506701264336e-02,-1.007404951459042880e-01,-9.775463796368796809e-02,2.322260067715960219e-02,1.570428434694304820e-01
5.037467130785450858e-02,8.471411426826111479e-02,-1.016990206729599944e-01,-9.775211412750756113e-02,2.239105831843128322e-02,1.570121135866697493e-01
5.015474815663580749e-02,8.541856262476699158e-02,-1.026509557576898435e-01,-9.774682848186383444e-02,2.157050568899462201e-02,1.569831524940355771e-01
4.993278104956117708e-02,8.611618013653056514e-02,-1.035963004000942794e-01,-9.773878102675678803e-02,2.076094278884925773e-02,1.569559601915280489e-01
4.970876998663064511e-02,8.680696680355184935e-02,-1.045350546001732883e-01,-9.772797176218640802e-02,1.996236961799518692e-02,1.569305366791470813e-01
4.948271496784409362e-02,8.749092262583113566e-02,-1.054672183579272587e-01,-9.771440068815270830e-02,1.917478617643206262e-02,1.569068819568927020e-01
4.925461599320174466e-02,8.816804760336784119e-02,-1.063927916733554274e-01,-9.769806780465570273e-02,1.839819246416058915e-02,1.568849960247649389e-01
4.902447306270347333e-02,8.883834173616222962e-02,-1.073117745464581552e-01,-9.767897311169537744e-02,1.763258848118040567e-02,1.568648788827637641e-01
4.879228617634928655e-02,8.950180502421434259e-02,-1.082241669772354697e-01,-9.765711660927173243e-02,1.687797422749151566e-02,1.568465305308891500e-01
4.855805533413908720e-02,9.015843746752442989e-02,-1.091299689656877597e-01,-9.763249829738475383e-02,1.613434970309359645e-02,1.568299509691411797e-01
4.832178053607308343e-02,9.080823906609195029e-02,-1.100291805118142063e-01,-9.760511817603444162e-02,1.540171490798730031e-02,1.568151401975197978e-01
4.808346178215116423e-02,9.145120981991715359e-02,-1.109218016156152536e-01,-9.757497624522083746e-02,1.468006984217230110e-02,1.568020982160249766e-01
4.784309907237333653e-02,9.208734972900008142e-02,-1.118078322770908600e-01,-9.754207250494391357e-02,1.396941450564859535e-02,1.567908250246567714e-01
4.760069240673948238e-02,9.271665879334099747e-02,-1.126872724962414279e-01,-9.750640695520364221e-02,1.326974889841587256e-02,1.567813206234151546e-01
4.735624178524983074e-02,9.333913701293931886e-02,-1.135601222730661941e-01,-9.746797959600007888e-02,1.258107302047475722e-02,1.567735850123001540e-01
4.710974720790426368e-02,9.395478438779536479e-02,-1.144263816075655471e-01,-9.742679042733318195e-02,1.190338687182493707e-02,1.567676181913117139e-01
4.686120867470278811e-02,9.456360091790910749e-02,-1.152860504997394592e-01,-9.738283944920297919e-02,1.123669045246641386e-02,1.567634201604498900e-01
4.661062618564529303e-02,9.516558660328082453e-02,-1.161391289495883328e-01,-9.733612666160942894e-02,1.058098376239889268e-02,1.567609909197146545e-01
4.635799974073198659e-02,9.576074144390997467e-02,-1.169856169571114046e-01,-9.728665206455257286e-02,9.936266801622958139e-03,1.567603304691060351e-01
4.610332933996277166e-02,9.634906543979684934e-02,-1.178255145223090494e-01,-9.723441565803241093e-02,9.302539570138318795e-03,1.567614388086239763e-01
4.584661498333764129e-02,9.693055859094140692e-02,-1.186588216451812672e-01,-9.717941744204891541e-02,8.679802067944978120e-03,1.567643159382685336e-01
4.558785667085649834e-02,9.750522089734393882e-02,-1.194855383257284465e-01,-9.712165741660207241e-02,8.068054295042656823e-03,1.567689618580396793e-01
4.532705440251954404e-02,9.807305235900391771e-02,-1.203056645639498101e-01,-9.706113558169195132e-02,7.467296251431904813e-03,1.567753765679374411e-01
4.506416166373772292e-02,9.863385974743485440e-02,-1.211189772233518536e-01,-9.699771391841295609e-02,6.877660816074143008e-03,1.567834111173264655e-01
4.479867035424738714e-02,9.918553233894206178e-02,-1.219230388813122984e-01,-9.692988478273614761e-02,6.300599487025792568e-03,1.567914384498626801e-01
4.453044103266048243e-02,9.972749087336285623e-02,-1.227171806194747861e-01,-9.685723442172547437e-02,5.736510608704121182e-03,1.567990120414817223e-01
4.425947369897725858e-02,1.002597353506967381e-01,-1.235014024378386088e-01,-9.677976283538099189e-02,5.185394181109632787e-03,1.568061318921834812e-01
4.398576835319759765e-02,1.007822657709439573e-01,-1.242757043364041136e-01,-9.669747002370267241e-02,4.647250204242072379e-03,1.568127980019680678e-01
4.370932499532149268e-02,1.012950821341045138e-01,-1.250400863151713005e-01,-9.661035598669050206e-02,4.122078678101439957e-03,1.568190103708353711e-01
4.343014362534881184e-02,1.017981844401786296e-01,-1.257945483741405301e-01,-9.651842072434445308e-02,3.609879602687511308e-03,1.568247689987854743e-01
4.314822424327982575e-02,1.022915726891658744e-01,-1.265390905133111088e-01,-9.642166423666459485e-02,3.110652978000741364e-03,1.568300738858183219e-01
4.286356684911439563e-02,1.027752468810664427e-01,-1.272737127326833695e-01,-9.632008652365089962e-02,2.624398804040898973e-03,1.568349250319339694e-01
4.257617144285252148e-02,1.032492070158803482e-01,-1.279984150322573122e-01,-9.621368758530336740e-02,2.151117080807985436e-03,1.568393224371323613e-01
4.228603802449407839e-02,1.037134530936077992e-01,-1.287131974120332700e-01,-9.610246742162195654e-02,1.690807808301798875e-03,1.568432661014135532e-01
4.199316659403932311e-02,1.041679851142483793e-01,-1.294180598720106046e-01,-9.598642603260673645e-02,1.243470986522747599e-03,1.568467560247774895e-01
4.169755715148811687e-02,1.046128030778023105e-01,-1.301130024121895934e-01,-9.586556341825767935e-02,8.091066154706247435e-04,1.568497922072241701e-01
4.139920969684048740e-02,1.050479069842695651e-01,-1.307980250325702920e-01,-9.573987957857478526e-02,3.877146951454292240e-04,1.568523746487536785e-01
4.109812423009626819e-02,1.054732968336503512e-01,-1.314731277331529780e-01,-9.560937451355798478e-02,-2.070477445301481707e-05,1.568545033493659591e-01
4.079430075125573679e-02,1.058889726259442804e-01,-1.321383105139370684e-01,-9.547404822320740281e-02,-4.161517933243472078e-04,1.568561783090609563e-01
4.048773926031877524e-02,1.062949343611515607e-01,-1.327935733749228409e-01,-9.533390070752296996e-02,-7.986263614687516121e-04,1.568573995278387256e-01
4.017843975728536965e-02,1.066911820392721644e-01,-1.334389163161102954e-01,-9.518893196650471400e-02,-1.168128478886229331e-03,1.568581670056993227e-01
3.986640224215552003e-02,1.070777156603061053e-01,-1.340743393374994041e-01,-9.503914200015260716e-02,-1.524658145576777112e-03,1.568584807426426364e-01
3.955162671492909454e-02,1.074545352242535640e-01,-1.346998424390905280e-01,-9.488453080846660781e-02,-1.868215361540545225e-03,1.568583407386687500e-01
3.923411317560635686e-02,1.078216407311141795e-01,-1.353154256208830286e-01,-9.472509839144681310e-02,-2.198800126777230527e-03,1.568577469937776081e-01
3.891386162418718209e-02,1.081790321808881461e-01,-1.359210888828772390e-01,-9.456084474909319526e-02,-2.516412441286987843e-03,1.568566995079692661e-01
3.859087206067156328e-02,1.085267095735754361e-01,-1.365168322250731592e-01,-9.439176988140572655e-02,-2.821052305069816739e-03,1.568551982812436685e-01
3.826514448505936861e-02,1.088646729091762161e-01,-1.371026556474709834e-01,-9.421787378838433757e-02,-3.112719718125845150e-03,1.568532433136008430e-01
3.793667889735086174e-02,1.091929221876901807e-01,-1.376785591500702677e-01,-9.403915647002916711e-02,-3.391414680454811568e-03,1.568508346050407898e-01
3.760547529754592472e-02,1.095114574091174964e-01,-1.382445427328712062e-01,-9.385561792634018741e-02,-3.657137192056849999e-03,1.568479721555635087e-01
3.727153368564454367e-02,1.098202785734581494e-01,-1.388006063958738545e-01,-9.366725815731735683e-02,-3.909887252931960010e-03,1.568446559651689998e-01
3.693489827487252825e-02,1.101192375387450018e-01,-1.393465540368162836e-01,-9.347408491992621749e-02,-4.149458802398402028e-03,1.568409180638832834e-01
3.659607228557353042e-02,1.104066482020073098e-01,-1.398801536844820614e-01,-9.327618650138916334e-02,-4.373506525794506987e-03,1.568371230068895117e-01
3.625519774835963410e-02,1.106820346718382919e-01,-1.404007753797641977e-01,-9.307358782019041488e-02,-4.581368473575537885e-03,1.568333736874759354e-01
3.591227466323082540e-02,1.109453969482379759e-01,-1.409084191226626648e-01,-9.286628887632998597e-02,-4.773044645741492120e-03,1.568296701056426379e-01
3.556730303018697942e-02,1.111967350312064312e-01,-1.414030849131776568e-01,-9.265428966980775172e-02,-4.948535042292446021e-03,1.568260122613895635e-01
3.522028284922838065e-02,1.114360489207434496e-01,-1.418847727513087853e-01,-9.243759020062390641e-02,-5.107839663228243461e-03,1.568224001547166846e-01
3.487121412035488338e-02,1.116633386168491421e-01,-1.423534826370562167e-01,-9.221619046877836678e-02,-5.250958508548964239e-03,1.568188337856240566e-01
3.452009684356648761e-02,1.118786041195235087e-01,-1.428092145704199789e-01,-9.199009047427114671e-02,-5.377891578254610089e-03,1.568153131541116518e-01
3.416693101886303374e-02,1.120818454287666466e-01,-1.432519685514002661e-01,-9.175929021710210742e-02,-5.488638872345226113e-03,1.568118382601794703e-01
3.381171664624483403e-02,1.122730625445783753e-01,-1.436817445799966897e-01,-9.152378969727147096e-02,-5.583200390820714301e-03,1.568084091038275396e-01
3.345445372571174275e-02,1.124522554669587504e-01,-1.440985426562094718e-01,-9.128358891477912629e-02,-5.661576133681126693e-03,1.568050256850558322e-01
3.309514225726373909e-02,1.126194241959078135e-01,-1.445023627800385291e-01,-9.103868786962511506e-02,-5.723766100926464158e-03,1.568016880038643479e-01
3.273378224090068428e-02,1.127745687314256340e-01,-1.448932049514841114e-01,-9.078908656180927073e-02,-5.769770292556741439e-03,1.567983960602530868e-01
3.237037367662288362e-02,1.129176890735120592e-01,-1.452710691705458579e-01,-9.053478499133184310e-02,-5.799588708571921242e-03,1.567951498542220767e-01
3.200491656443019139e-02,1.130487852221671446e-01,-1.456359554372239351e-01,-9.027578315819272115e-02,-5.813221348972024381e-03,1.567919493857712621e-01
3.163741090432259373e-02,1.131678571773909042e-01,-1.459878637515183430e-01,-9.001208106239190487e-02,-5.810668213757052593e-03,1.567887946549006983e-01
3.126785669629993797e-02,1.132749049391834073e-01,-1.463267941134292205e-01,-8.974367870392926938e-02,-5.791929302926991999e-03,1.567856856616103856e-01
3.089625394036254330e-02,1.133699285075445290e-01,-1.466527465229562621e-01,-8.947057608280503671e-02,-5.757004616481863415e-03,1.567826224059002405e-01
3.052260263651025013e-02,1.134529278824742970e-01,-1.469657209800996622e-01,-8.919277319901912360e-02,-5.705894154421655567e-03,1.567796048877703741e-01
3.014690278474305152e-02,1.135239030639727670e-01,-1.472657174848593653e-01,-8.891027005257151616e-02,-5.638597916746377128e-03,1.567766331072207309e-01
2.976915438506079134e-02,1.135828540520399527e-01,-1.475527360372355101e-01,-8.862306664346207563e-02,-5.555115903455979526e-03,1.567737070642513109e-01
2.938935743746379572e-02,1.136297808466757708e-01,-1.478267766372279024e-01,-8.833116297169105180e-02,-5.455448114550539955e-03,1.567708267588621140e-01
2.900751194195190161e-02,1.136646834478802492e-01,-1.480878392848365976e-01,-8.803455903725834752e-02,-5.339594550030025456e-03,1.567679921910531682e-01
2.862361789852510899e-02,1.136875618556534157e-01,-1.483359239800616236e-01,-8.773325484016394893e-02,-5.207555209894435162e-03,1.567652033608244455e-01
2.823767530718324439e-02,1.136984160699952701e-01,-1.485710307229030913e-01,-8.742725038040770336e-02,-5.059330094143700551e-03,1.567624602681759183e-01
2.784968416792664783e-02,1.136972460909057847e-01,-1.487931595133607510e-01,-8.711654565798988836e-02,-4.894919202777952595e-03,1.567597629131076697e-01
2.745964860288546000e-02,1.136840325125307166e-01,-1.490022859578057357e-01,-8.680114021870923013e-02,-4.714301318605067410e-03,1.567571140760840587e-01
2.706796273343652776e-02,1.136569199199646552e-01,-1.491960777547448047e-01,-8.648099063589931301e-02,-4.515447842736194754e-03,1.567547796003447846e-01
2.667488579971287119e-02,1.136146878820526035e-01,-1.493730007926447612e-01,-8.615606834492112176e-02,-4.297024429264125964e-03,1.567529343488658078e-01
2.628041780171483724e-02,1.135573363987945894e-01,-1.495330550715055218e-01,-8.582637334577494781e-02,-4.059031078189056195e-03,1.567515783216471281e-01
2.588455873944224203e-02,1.134848654701905574e-01,-1.496762405913270866e-01,-8.549190563846068014e-02,-3.801467789510890906e-03,1.567507115186887734e-01
2.548730861289509597e-02,1.133972750962405629e-01,-1.498025573521095111e-01,-8.515266522297826324e-02,-3.524334563229631831e-03,1.567503339399907158e-01
2.508866742207321865e-02,1.132945652769445227e-01,-1.499120053538528230e-01,-8.480865209932757220e-02,-3.227631399345142361e-03,1.567504455855529832e-01
2.468863516697696395e-02,1.131767360123025201e-01,-1.500045845965569113e-01,-8.445986626750894011e-02,-2.911358297857685740e-03,1.567510464553755201e-01
2.428721184760615145e-02,1.130437873023145551e-01,-1.500802950802218594e-01,-8.410630772752215878e-02,-2.575515258767135766e-03,1.567521365494583818e-01
2.388439746396079158e-02,1.128957191469805721e-01,-1.501391368048476671e-01,-8.374797647936728373e-02,-2.220102282073490273e-03,1.567537158678015408e-01
2.348019201604069350e-02,1.127325315463005434e-01,-1.501811097704343345e-01,-8.338487252304410680e-02,-1.845119367776580340e-03,1.567557844104050246e-01
2.307459550384622152e-02,1.125542245002745939e-01,-1.502062139769817783e-01,-8.301699585855297492e-02,-1.450566515876738384e-03,1.567583421772688057e-01
2.266760792737719174e-02,1.123607980089026542e-01,-1.502144494244901096e-01,-8.264434648589373544e-02,-1.036443726373801775e-03,1.567613891683928840e-01
2.225922928663361458e-02,1.121522520721847244e-01,-1.502058161129592728e-01,-8.226692440506634674e-02,-6.027509992677709469e-04,1.567649253837772594e-01
2.184945958161529922e-02,1.119285866901207072e-01,-1.501803140423892680e-01,-8.188472961607068390e-02,-1.494883345584403344e-04,1.567689508234219598e-01
2.143829881232260648e-02,1.116898018627108108e-01,-1.501379432127800950e-01,-8.149776211890708000e-02,3.233442677537876064e-04,1.567734654873269573e-01
2.102574697875536636e-02,1.114358975899549103e-01,-1.500787036241318095e-01,-8.110602191357534074e-02,8.157468076691104172e-04,1.567784693754922520e-01
2.061180408091356497e-02,1.111668738718530197e-01,-1.500025952764443282e-01,-8.070950900007548001e-02,1.327719285187527014e-03,1.567839624879178440e-01
2.019647011879702886e-02,1.108827307084050279e-01,-1.499096181697176788e-01,-8.030822337840734515e-02,1.859261700309278523e-03,1.567899448246037608e-01
1.977974509240612230e-02,1.105834680996111430e-01,-1.497997723039518614e-01,-7.990216504857124147e-02,2.410374053033892666e-03,1.567964163855499748e-01
1.936162900174066143e-02,1.102690860454712957e-01,-1.496730576791469314e-01,-7.949133401056703019e-02,2.981056343361601028e-03,1.568033771707564861e-01
1.894212184680064623e-02,1.099395845459854443e-01,-1.495294742953028333e-01,-7.907573026439468356e-02,3.571308571292403609e-03,1.568108271802233222e-01
1.852122362758589283e-02,1.095949636011534500e-01,-1.493690221524195116e-01,-7.865535381005403504e-02,4.181130736826576232e-03,1.568187664139504556e-01
1.809893434409676899e-02,1.092352232109756183e-01,-1.491917012504970774e-01,-7.823020464754547321e-02,4.810522839963575492e-03,1.568271948719378861e-01
1.767525399633309083e-02,1.088603633754517963e-01,-1.489975115895355029e-01,-7.780028277686876215e-02,5.459484880703670273e-03,1.568361125541856138e-01
1.725018258429485835e-02,1.084703840945819842e-01,-1.487864531695347881e-01,-7.736558819802394349e-02,6.128016859046857973e-03,1.568455194606936665e-01
1.682375636830321999e-02,1.080655133433202214e-01,-1.485587707607443075e-01,-7.692619967734262709e-02,6.815870655770663381e-03,1.568554170304282958e-01
1.639728716944867729e-02,1.076539987692847755e-01,-1.483233196287455091e-01,-7.648496681271745035e-02,7.514069846582435187e-03,1.568658573221208830e-01
1.597143278538339442e-02,1.072399760608566538e-01,-1.480845401449839005e-01,-7.604331850235529489e-02,8.218113306389817144e-03,1.568768664400256030e-01
1.554619321610736793e-02,1.068234452180358146e-01,-1.478424323094594539e-01,-7.560125474625614683e-02,8.928001035192806648e-03,1.568884443841425391e-01
1.512156846162040873e-02,1.064044062408220914e-01,-1.475969961221720861e-01,-7.515877554441985353e-02,9.643733032991723755e-03,1.569005911544716081e-01
1.469755852192289672e-02,1.059828591292158589e-01,-1.473482315831220191e-01,-7.471588089684677580e-02,1.036530929978593356e-02,1.569133067510129209e-01
1.427416339701464282e-02,1.055588038832169367e-01,-1.470961386923091141e-01,-7.427257080353671936e-02,1.109272983557575178e-02,1.569265911737663388e-01
1.385138308689564529e-02,1.051322405028253248e-01,-1.468407174497333989e-01,-7.382884526448969809e-02,1.182599464036118014e-02,1.569404444227320006e-01
1.342921759156571679e-02,1.047031689880408151e-01,-1.465819678553947625e-01,-7.338470427970548993e-02,1.256510371414254652e-02,1.569548664979097952e-01
1.300766691102523374e-02,1.042715893388637960e-01,-1.463198899092933991e-01,-7.294014784918451122e-02,1.331005705691919346e-02,1.569698573992998059e-01
1.258673104527400881e-02,1.038375015552940872e-01,-1.460544836114292533e-01,-7.249517597292655380e-02,1.406085466869145054e-02,1.569854171269019494e-01
1.216640999431204198e-02,1.034009056373316748e-01,-1.457857489618022417e-01,-7.204978865093161766e-02,1.481749654945931603e-02,1.570015456807163090e-01
1.174670375813914244e-02,1.029618015849763646e-01,-1.455136859604123367e-01,-7.160398588319952240e-02,1.557998269922312821e-02,1.570182430607428570e-01
1.132761233675569010e-02,1.025201893982285589e-01,-1.452382946072597047e-01,-7.115776766973064271e-02,1.634831311798221054e-02,1.570355092669815378e-01
1.090913573016149239e-02,1.020760690770880635e-01,-1.449595749023442903e-01,-7.071113401052479819e-02,1.712248780573690995e-02,1.570533442994324347e-01
1.049127393835655626e-02,1.016294406215548507e-01,-1.446775268456660102e-01,-7.026408490558197495e-02,1.790250676248721085e-02,1.570717481580954644e-01
1.007402696134068916e-02,1.011803040316287539e-01,-1.443921504372248366e-01,-6.981662035490196483e-02,1.868836998823347403e-02,1.570907208429707103e-01
9.657394799114264045e-03,1.007286593073101616e-01,-1.441034456770209360e-01,-6.936874035848518416e-02,1.948007748297499522e-02,1.571102623540581167e-01
9.241377451677097038e-03,1.002745064485988657e-01,-1.438114125650542252e-01,-6.892044491633143866e-02,2.027762924671212483e-02,1.571303726913577115e-01
8.825974919029188140e-03,9.981784545549488019e-02,-1.435160511013247042e-01,-6.847173402844070056e-02,2.108102527944486632e-02,1.571510518548694668e-01
8.411187201170351735e-03,9.935867632799798288e-02,-1.432173612858322342e-01,-6.802260769481280334e-02,2.189026558117357357e-02,1.571722998445934383e-01
7.997014298100957319e-03,9.889699906610859015e-02,-1.429153431185770651e-01,-6.757306591544812169e-02,2.270535015189753536e-02,1.571941166605295703e-01
7.583456209820819277e-03,9.843281366982650771e-02,-1.426099965995590579e-01,-6.712310869034647520e-02,2.352627899161710209e-02,1.572165023026778630e-01
7.170512936329939344e-03,9.796612013915172168e-02,-1.423013217287782961e-01,-6.667273601950786388e-02,2.435305210033228071e-02,1.572394567710383717e-01
6.758184477628134505e-03,9.749691847408403778e-02,-1.419893185062345298e-01,-6.622194790293205180e-02,2.518566947804343550e-02,1.572629800656110133e-01
6.346470833715769921e-03,9.702520867462385845e-02,-1.416739869319280920e-01,-6.577074434061946917e-02,2.602413112474983442e-02,1.572870721863958710e-01
5.935367233991422145e-03,9.655138762303619449e-02,-1.413557869828290792e-01,-6.531919928223220428e-02,2.686804877925330279e-02,1.573117184149802061e-01
5.524734737594629366e-03,9.608701427398429196e-02,-1.410481152085217293e-01,-6.486946646672092642e-02,2.770611457021568760e-02,1.573364900865444338e-01
5.114509165443390480e-03,9.563742789983581405e-02,-1.407571596968654193e-01,-6.442254074173407730e-02,2.853310520481077556e-02,1.573611891937173601e-01
4.704690517538071513e-03,9.520262850059119097e-02,-1.404829204478603988e-01,-6.397842210727205936e-02,2.934902068303782766e-02,1.573858157364989574e-01
4.295278793878488585e-03,9.478261607625018681e-02,-1.402253974615066123e-01,-6.353711056333467833e-02,3.015386100489722554e-02,1.574103697148891978e-01
3.886273994464642129e-03,9.437739062681281543e-02,-1.399845907378039489e-01,-6.309860610992192032e-02,3.094762617038895533e-02,1.574348511288881369e-01
3.477676119296351301e-03,9.398695215227889643e-02,-1.397605002767523807e-01,-6.266290874703360492e-02,3.173031617951337091e-02,1.574592599784957747e-01
3.069485168373978223e-03,9.361130065264879063e-02,-1.395531260783520466e-01,-6.223001847467009989e-02,3.250193103226976798e-02,1.574835962637120557e-01
2.661701141697342485e-03,9.325043612792230374e-02,-1.393624681426029188e-01,-6.179993529283123177e-02,3.326247072865850390e-02,1.575078599845370075e-01
2.254324039266442353e-03,9.290435857809944964e-02,-1.391885264695049695e-01,-6.137265920151700055e-02,3.401193526867957867e-02,1.575320511409706303e-01
1.847353861081098714e-03,9.257306800318008955e-02,-1.390313010590581155e-01,-6.094819020072720500e-02,3.475032465233332535e-02,1.575561697330129518e-01
1.440790607141672827e-03,9.225656440316451490e-02,-1.388907919112624956e-01,-6.052652829046223371e-02,3.547763887961906393e-02,1.575802157606639164e-01
1.034634277447983412e-03,9.195484777805257304e-02,-1.387669990261180819e-01,-6.010767347072188543e-02,3.619387795053714829e-02,1.576041892239235798e-01
6.288848720000307950e-04,9.166791812784425009e-02,-1.386599224036248190e-01,-5.969162574150616712e-02,3.689904186508757150e-02,1.576280901227919140e-01
2.235423907976343200e-04,9.139577545253944890e-02,-1.385695620437827069e-01,-5.927838510281490531e-02,3.759313062327063193e-02,1.576519184572689469e-01
-1.813931661588448919e-04,9.113841975213839153e-02,-1.384959179465917734e-01,-5.886795155464844692e-02,3.827614422508571895e-02,1.576756742273546508e-01
-5.859217988695875502e-04,9.089585102664096694e-02,-1.384389901120520461e-01,-5.846032509700662544e-02,3.894808267053315176e-02,1.576993574330489978e-01
-9.900435073345943866e-04,9.066806927604717514e-02,-1.383987785401634696e-01,-5.805550572988942698e-02,3.960894595961290954e-02,1.577229680743520435e-01
-1.393758291554042560e-03,9.045507450035691899e-02,-1.383752832309260716e-01,-5.765349345329668501e-02,4.025873409232529759e-02,1.577465061512637601e-01
-1.797066151527575151e-03,9.025686669957039276e-02,-1.383685041843398800e-01,-5.725428826722874648e-02,4.089744706866974000e-02,1.577699716637841476e-01
-2.199967087255371052e-03,9.007344587368749933e-02,-1.383784414004048391e-01,-5.685789017168545179e-02,4.152508488864651431e-02,1.577933646119132061e-01
-2.602461098737430482e-03,8.990481202270823868e-02,-1.384050948791209767e-01,-5.646429916666677318e-02,4.214164755225562053e-02,1.578166849956509632e-01
-3.004548185973932983e-03,8.975096514663254144e-02,-1.384484646204882929e-01,-5.607351525217255106e-02,4.274713505949732928e-02,1.578399328149973635e-01
-3.406228348964518600e-03,8.961190524546056024e-02,-1.385085506245067599e-01,-5.568553842820313932e-02,4.334154741037111319e-02,1.578631080699524625e-01
-3.807501587709367745e-03,8.948763231919218408e-02,-1.385853528911764332e-01,-5.530036869475835754e-02,4.392488460487723595e-02,1.578862107605162046e-01
-4.208367902208480851e-03,8.937814636782744071e-02,-1.386788714204972572e-01,-5.491800605183820572e-02,4.449714664301568368e-02,1.579092408866886732e-01
-4.609238921794725496e-03,8.928326411341609703e-02,-1.387890323503867263e-01,-5.453790995601736497e-02,4.505883946811830437e-02,1.579318243411084732e-01
-5.013048822269102617e-03,8.920167911425519458e-02,-1.389153091772211968e-01,-5.415622730618874225e-02,4.561356954493939880e-02,1.579512944120531059e-01
-5.420373171098329113e-03,8.913313509894445208e-02,-1.390575986221321003e-01,-5.377220227864124014e-02,4.616204431704176020e-02,1.579671279977679921e-01
-5.831211968282404984e-03,8.907763206748385565e-02,-1.392159006851194925e-01,-5.338583487337484473e-02,4.670426378442539550e-02,1.579793250982530761e-01
-6.245565213821516713e-03,8.903517001987339141e-02,-1.393902153661834842e-01,-5.299712509038938951e-02,4.724022794709054063e-02,1.579878857135084136e-01
-6.663432907715293937e-03,8.900574895611311488e-02,-1.395805426653238257e-01,-5.260607292968521448e-02,4.776993680503672374e-02,1.579928098435340045e-01
-7.084815049963921404e-03,8.898936887620299829e-02,-1.397868825825406558e-01,-5.221267839126216004e-02,4.829339035826416687e-02,1.579940974883297933e-01
-7.509711640567399114e-03,8.898602978014301390e-02,-1.400092351178340022e-01,-5.181694147512021231e-02,4.881058860677289779e-02,1.579917486478958077e-01
-7.938122679525917019e-03,8.899573166793320333e-02,-1.402476002712038927e-01,-5.141886218125920477e-02,4.932153155056312466e-02,1.579857633222320479e-01
-8.370048166839097817e-03,8.901847453957353884e-02,-1.405019780426501885e-01,-5.101844050967947741e-02,4.982621918963438951e-02,1.579761415113385414e-01
-8.805488102507126255e-03,8.905425839506403429e-02,-1.407723684321729452e-01,-5.061567646038087759e-02,5.032465152398693520e-02,1.579628832152152884e-01
-9.244442486530004069e-03,8.910308323440467582e-02,-1.410587714397721903e-01,-5.021057003336337754e-02,5.081682855362075479e-02,1.579459884338622055e-01
-9.686911318907930751e-03,8.916494905759550504e-02,-1.413611870654480351e-01,-4.980312122862681073e-02,5.130275027853605646e-02,1.579254571672793761e-01
-1.013289459964051079e-02,8.923985586463646646e-02,-1.416796153092002575e-01,-4.939333004617153106e-02,5.178241669873241693e-02,1.579012894154668001e-01
-1.058239232872794020e-02,8.932780365552757396e-02,-1.420140561710289129e-01,-4.898119648599737197e-02,5.225582781421005130e-02,1.578734851784244497e-01
-1.103540450617022071e-02,8.942879243026884140e-02,-1.423645096509341124e-01,-4.856672054810432654e-02,5.272298362496895957e-02,1.578420444561522973e-01
-1.149193113196735061e-02,8.954282218886025491e-02,-1.427309757489157171e-01,-4.814990223249238782e-02,5.318388413100914175e-02,1.578069672486504260e-01
-1.195197220611953631e-02,8.966989293130188388e-02,-1.431134544649740048e-01,-4.773074153916137541e-02,5.363852933233079906e-02,1.577682535559187249e-01
-1.241552772862636669e-02,8.981000465759361728e-02,-1.435119457991085867e-01,-4.730923846811166400e-02,5.408691922893351517e-02,1.577259033779573050e-01
-1.288259769948804645e-02,8.996315736773551064e-02,-1.439264497513196850e-01,-4.688539301934305931e-02,5.452905382081751906e-02,1.576799167147660830e-01
-1.335318211870457732e-02,9.012935106172753619e-02,-1.443569663216072441e-01,-4.645920519285557521e-02,5.496493310798278992e-02,1.576302935663451144e-01
-1.382728098627617266e-02,9.030858573956980495e-02,-1.448034955099714582e-01,-4.603067498864901047e-02,5.539455709042952203e-02,1.575770339326943437e-01
-1.430489430220240402e-02,9.050086140126216427e-02,-1.452660373164119945e-01,-4.559980240672374674e-02,5.581792576815734069e-02,1.575201378138138542e-01
-1.478602206648348648e-02,9.070617804680466967e-02,-1.457445917409289915e-01,-4.516658744707958972e-02,5.623503914116642632e-02,1.574596052097035348e-01
-1.527066427911941832e-02,9.092453567619730725e-02,-1.462391587835224771e-01,-4.473103010971656024e-02,5.664589720945678586e-02,1.573954361203634966e-01
-1.575685584508314599e-02,9.114925618267624707e-02,-1.467372564836344762e-01,-4.428912583480500847e-02,5.704150598870393052e-02,1.573103670186348224e-01
-1.624233136093535673e-02,9.137264090240146408e-02,-1.472244953710455384e-01,-4.383625808040572669e-02,5.741149702204636357e-02,1.571844961423889964e-01
-1.672708801184952590e-02,9.159468026956917031e-02,-1.477008575664391088e-01,-4.337242111033679653e-02,5.775585742638835590e-02,1.570177987631332372e-01
-1.721112579782564309e-02,9.181537428417940738e-02,-1.481663430698152151e-01,-4.289761492459821801e-02,5.807458720172990752e-02,1.568102748808675728e-01
-1.769444471886391992e-02,9.203472294623224470e-02,-1.486209518811739960e-01,-4.241183952318976907e-02,5.836768634807113637e-02,1.565619244955918643e-01
-1.817704477496394008e-02,9.225272625572748797e-02,-1.490646840005150631e-01,-4.191509490611190075e-02,5.863515486541177879e-02,1.562727476073063615e-01
-1.865892596612590132e-02,9.246938421266524821e-02,-1.494975394278386382e-01,-4.140738107336437712e-02,5.887699275375198049e-02,1.559427442160109256e-01
-1.914008829234981751e-02,9.268469681704552543e-02,-1.499195181631447493e-01,-4.088869802494721206e-02,5.909320001309174841e-02,1.555719143217055844e-01
-1.962053175363589683e-02,9.289866406886838901e-02,-1.503306202064335073e-01,-4.035904576086016271e-02,5.928377664343114500e-02,1.551602579243901159e-01
-2.010025634998371252e-02,9.311128596813365854e-02,-1.507308455577045792e-01,-3.981842428110369397e-02,5.944872264477000373e-02,1.547077750240649086e-01
-2.057926208139347277e-02,9.332256251484145892e-02,-1.511201942169581591e-01,-3.926683358567758381e-02,5.958803801710842868e-02,1.542144656207297959e-01
-2.105754894786519144e-02,9.353249370899176240e-02,-1.514986661841942195e-01,-3.870427367458182527e-02,5.970172276044640597e-02,1.536803297143847225e-01
-2.153511694939906282e-02,9.374107955058466612e-02,-1.518662614594129545e-01,-3.813074454781616163e-02,5.978977687478397030e-02,1.531053673050294939e-01
-2.201196608599468099e-02,9.394832003961998967e-02,-1.522229800426140311e-01,-3.754624620538110635e-02,5.985220036012104533e-02,1.524895783926645820e-01
-2.248809635765224024e-02,9.415421517609781632e-02,-1.525688219337976159e-01,-3.695077864727640271e-02,5.988899321645767271e-02,1.518329629772897649e-01
-2.296350776437175445e-02,9.435876496001814606e-02,-1.529037871329636811e-01,-3.634434187350205764e-02,5.990015544379386631e-02,1.511355210589050424e-01
-2.343820030615342484e-02,9.456196939138108992e-02,-1.532278756401123931e-01,-3.572693588405778664e-02,5.988568704212959837e-02,1.503972526375100538e-01
-2.391217398299683855e-02,9.476382847018643973e-02,-1.535410874552434746e-01,-3.509856067894413789e-02,5.984558801146488971e-02,1.496181577131054652e-01
-2.438542879490219681e-02,9.496434219643430652e-02,-1.538434225783570364e-01,-3.445921625816084771e-02,5.977985835179974033e-02,1.487982362856909713e-01
-2.485796474186951349e-02,9.516351057012467640e-02,-1.541348810094530786e-01,-3.380890262170790916e-02,5.968849806313414330e-02,1.479374883552665165e-01
-2.532978182389897942e-02,9.536133359125764652e-02,-1.544154627485317677e-01,-3.314761976958502387e-02,5.957150714546804310e-02,1.470359139218317679e-01
-2.580088004099019561e-02,9.555781125983303648e-02,-1.546851677955928539e-01,-3.247536770179278859e-02,5.942888559880155075e-02,1.460935129853874748e-01
-2.627116350811582388e-02,9.575294653622944130e-02,-1.549439725097795095e-01,-3.179224503648823280e-02,5.926057714387790443e-02,1.451103601422195633e-01
-2.673648085564422211e-02,9.594686759087785177e-02,-1.551908533534452350e-01,-3.110252147493679231e-02,5.906414515421615913e-02,1.440896850598338552e-01
-2.719461915016405801e-02,9.613964274644160035e-02,-1.554252647185482006e-01,-3.040847302853346215e-02,5.883829075917122037e-02,1.430332093481479494e-01
-2.764557839167491524e-02,9.633127200292052050e-02,-1.556472066050882119e-01,-2.971009969727885294e-02,5.858301395874326856e-02,1.419409330071627340e-01
-2.808935858017701237e-02,9.652175536031468162e-02,-1.558566790130653523e-01,-2.900740148117266284e-02,5.829831475293223431e-02,1.408128560368778204e-01
-2.852595971567033553e-02,9.671109281862411144e-02,-1.560536819424796773e-01,-2.830037838021488839e-02,5.798419314173809680e-02,1.396489784372931808e-01
-2.895538179815508248e-02,9.689928437784886550e-02,-1.562382153933311868e-01,-2.758903039440521038e-02,5.764064912516070338e-02,1.384493002084082602e-01
-2.937762482763086810e-02,9.708633003798877725e-02,-1.564102793656197976e-01,-2.687335752374426026e-02,5.726768270320036630e-02,1.372138213502241411e-01
-2.979268880409788670e-02,9.727222979904394384e-02,-1.565698738593455097e-01,-2.615335976823172925e-02,5.686529387585692596e-02,1.359425418627402959e-01
-3.020057372755613478e-02,9.745698366101437915e-02,-1.567169988745084064e-01,-2.542903712786761042e-02,5.643348264313040319e-02,1.346354617459567249e-01
-3.060127959800579625e-02,9.764059162390012481e-02,-1.568516544111084876e-01,-2.470038960265158803e-02,5.597224900502056205e-02,1.332925809998728450e-01
-3.099480641544650333e-02,9.782305368770104204e-02,-1.569738404691456979e-01,-2.396741719258430048e-02,5.548159296152783276e-02,1.319138996244898221e-01
-3.138115417987844685e-02,9.800436985241720023e-02,-1.570835570486200095e-01,-2.323011989766542856e-02,5.496151451265200022e-02,1.304994176198070455e-01
-3.176032289130163028e-02,9.818454011804862713e-02,-1.571808041495315056e-01,-2.248849771789497576e-02,5.441201365839308524e-02,1.290491349858245707e-01
-3.213231254971619932e-02,9.836356448459537827e-02,-1.572655817718801585e-01,-2.174255065327259859e-02,5.383309039875079638e-02,1.275630517225417038e-01
-3.249712315512182786e-02,9.854144295205730097e-02,-1.573378899156659405e-01,-2.099227870379897012e-02,5.322474473372566794e-02,1.260411678299597493e-01
-3.285475470751870325e-02,9.871817552043446464e-02,-1.573977285808888515e-01,-2.023768186947375730e-02,5.258697666331745013e-02,1.244834833080780689e-01
-3.320520720690680466e-02,9.889376218972686927e-02,-1.574450977675489194e-01,-1.947876015029696012e-02,5.191978618752612906e-02,1.228899981568966626e-01
-3.354848065328628476e-02,9.906820295993462588e-02,-1.574799974756461718e-01,-1.871551354626823857e-02,5.122317330635140636e-02,1.212607123764148087e-01
-3.388457504665684517e-02,9.924149783105754019e-02,-1.575024277051805255e-01,-1.794794205738827267e-02,5.049713801979388572e-02,1.195956259666339366e-01
-3.421349038701863854e-02,9.941364680309570934e-02,-1.575123884561520082e-01,-1.717604568365671894e-02,4.974168032785327570e-02,1.178947389275533525e-01
-3.453522667437167182e-02,9.958464987604911944e-02,-1.575098797285606755e-01,-1.639982442507358085e-02,4.895680023052956242e-02,1.161580512591730285e-01
-3.484978390871606296e-02,9.975450704991788153e-02,-1.574949015224064719e-01,-1.561927828163851145e-02,4.814249772782238507e-02,1.143855629614921876e-01
-3.515853274846151427e-02,9.992389737743861966e-02,-1.574722071712300886e-01,-1.483990139222340736e-02,4.731011812061096389e-02,1.125961993549712409e-01
-3.546392378037040854e-02,1.000940349303564847e-01,-1.574502951135678119e-01,-1.407151667396748171e-02,4.647994556134633221e-02,1.108237968349144592e-01
-3.576600551334184475e-02,1.002649437409908473e-01,-1.574293335743950084e-01,-1.331431856964820047e-02,4.565238157097031152e-02,1.090690251863347254e-01
-3.606477794737596165e-02,1.004366238093418323e-01,-1.574093225537116225e-01,-1.256830707926523578e-02,4.482742614948253407e-02,1.073318844092312346e-01
-3.636024108247249559e-02,1.006090751354092733e-01,-1.573902620515176265e-01,-1.183348220281924858e-02,4.400507929688374231e-02,1.056123745036055550e-01
-3.665239491863157839e-02,1.007822977191932257e-01,-1.573721520678131036e-01,-1.110984394030990752e-02,4.318534101317355461e-02,1.039104954694568955e-01
-3.694123945585320312e-02,1.009562915606937172e-01,-1.573549926025979706e-01,-1.039739229173721434e-02,4.236821129835199179e-02,1.022262473067852701e-01
-3.722677469413750856e-02,1.011310566599108035e-01,-1.573387836558722552e-01,-9.696127257100855060e-03,4.155369015241867914e-02,1.005596300155899292e-01
-3.750900063348423796e-02,1.013065930168443318e-01,-1.573235252276359852e-01,-9.006048836401455912e-03,4.074177757537433137e-02,9.891064359587237176e-02
-3.778791727389350930e-02,1.014829006314943993e-01,-1.573092173178891606e-01,-8.327157029638702912e-03,3.993247356721860153e-02,9.727928804763182058e-02
-3.806352461536532950e-02,1.016599795038609783e-01,-1.572958599266316981e-01,-7.659451836812593457e-03,3.912577812795148269e-02,9.566556337086831729e-02
-3.833582265789981652e-02,1.018378296339441658e-01,-1.572834530538637365e-01,-7.002933257922841319e-03,3.832169125757262096e-02,9.406946956558112638e-02
-3.860481140149673446e-02,1.020164510217438092e-01,-1.572719966995851648e-01,-6.357601292970029364e-03,3.752021295608272411e-02,9.249100663177166337e-02
-3.887049084615620126e-02,1.021958436672599779e-01,-1.572614908637959830e-01,-5.723455941953863556e-03,3.672134322348144519e-02,9.093017456943924826e-02
-3.913286099187821693e-02,1.023760075704926720e-01,-1.572519355464962743e-01,-5.100497204874340426e-03,3.592508205976877728e-02,8.938697337858385328e-02
-3.939192183866288555e-02,1.025569427314419607e-01,-1.572433307476859554e-01,-4.488725081731197164e-03,3.513142946494436647e-02,8.786140305920481230e-02
-3.964767338650999201e-02,1.027386491501076915e-01,-1.572356764673650820e-01,-3.888139572524969799e-03,3.434038543900892748e-02,8.635346361130347148e-02
-3.990011563541965428e-02,1.029211268264899753e-01,-1.572289727055336539e-01,-3.298740677255390316e-03,3.355194998196209255e-02,8.486315503487916467e-02
-4.014924858539185154e-02,1.031043757605887567e-01,-1.572232194621916157e-01,-2.720528395922455680e-03,3.276612309380387555e-02,8.339047732993187800e-02
-4.039507223642671563e-02,1.032883959524041606e-01,-1.572184167373390229e-01,-2.153502728525916524e-03,3.198290477453393649e-02,8.193543049646098697e-02
-4.063758658852401756e-02,1.034731874019360065e-01,-1.572145645309758477e-01,-1.597663675066276785e-03,3.120229502415293801e-02,8.049801453446778221e-02
-4.087679164168386142e-02,1.036587501091843777e-01,-1.572116628431020902e-01,-1.053011235543283193e-03,3.042429384266056094e-02,7.907822944395159759e-02
-4.111268739590625415e-02,1.038450840741492742e-01,-1.572097116737177502e-01,-5.195454099569361828e-04,2.964890123005679834e-02,7.767607522491241923e-02
-4.134740443722332431e-02,1.040327591084649200e-01,-1.572106125276049871e-01,1.951610056057239239e-06,2.887953936229281995e-02,7.629622511696741716e-02
-4.158654638201263187e-02,1.042232738635618661e-01,-1.572193665186261413e-01,5.094225962014838419e-04,2.812520884339162960e-02,7.495097012440751771e-02
-4.183040930609315672e-02,1.044167075230280350e-01,-1.572362378884391287e-01,1.002758851611232132e-03,2.738638523431683597e-02,7.364095966163071438e-02
-4.207899320946490579e-02,1.046130600868634269e-01,-1.572612266370440048e-01,1.481960376285302227e-03,2.666306853506844252e-02,7.236619372863700717e-02
-4.233229809212799705e-02,1.048123315550681250e-01,-1.572943327644407419e-01,1.947027170223897524e-03,2.595525874564613006e-02,7.112667232542584095e-02
-4.259032395408218763e-02,1.050145219276419489e-01,-1.573355562706293120e-01,2.397959233426604723e-03,2.526295586605053003e-02,6.992239545199832595e-02
-4.285307079532760938e-02,1.052196312045850096e-01,-1.573848971556097431e-01,2.834756565893633944e-03,2.458615989628132673e-02,6.875336310835390707e-02
-4.312053861586424147e-02,1.054276593858972794e-01,-1.574423554193820352e-01,3.257419167624984752e-03,2.392487083633852013e-02,6.761957529449255655e-02
-4.339272741569222269e-02,1.056386064715788692e-01,-1.575079310619462158e-01,3.665947038620835392e-03,2.327908868622182575e-02,6.652103201041383029e-02
-4.366963719481131018e-02,1.058524724616295848e-01,-1.575816240833022019e-01,4.060340178880823304e-03,2.264881344593181953e-02,6.545773325611869975e-02
-4.395126795322162189e-02,1.060692573560495233e-01,-1.576634344834500490e-01,4.440598588405133239e-03,2.203404511546820654e-02,6.442967903160665144e-02
-4.423761969092315088e-02,1.062889611548386709e-01,-1.577533622623897569e-01,4.806722267193764761e-03,2.143478369483099374e-02,6.343686933687768537e-02
-4.452869240791602901e-02,1.065115838579971524e-01,-1.578514074201213813e-01,5.158711215246871394e-03,2.085102918401991398e-02,6.247930417193139213e-02
-4.482448610420000645e-02,1.067371254655247598e-01,-1.579575699566447833e-01,5.496565432564140888e-03,2.028278158303550155e-02,6.155698353676862522e-02
-4.512500077977520813e-02,1.069655859774215761e-01,-1.580718498719600740e-01,5.820284919145731102e-03,1.973004089187747889e-02,6.066990743138895442e-02
-4.543023643464162709e-02,1.071969653936876155e-01,-1.581942471660671978e-01,6.129869674991642037e-03,1.919280711054585642e-02,5.981807585579236586e-02
-4.574019306879940905e-02,1.074312637143229887e-01,-1.583247618389662381e-01,6.425319700102004664e-03,1.867108023904039821e-02,5.900148880997851952e-02
-4.605487068224827646e-02,1.076684809393274739e-01,-1.584633938906570838e-01,6.706634994476552702e-03,1.816486027736157610e-02,5.822014629394812318e-02
-4.637426927498836116e-02,1.079086170687011820e-01,-1.586101433211397904e-01,6.973815558115425799e-03,1.767414722550914377e-02,5.747404830770082990e-02
-4.669838884701967008e-02,1.081516721024441130e-01,-1.587650101304143024e-01,7.226861391018617881e-03,1.719894108348311162e-02,5.676319485123661884e-02
-4.702722939834234894e-02,1.083976460405563641e-01,-1.589279943184808142e-01,7.465772493186235634e-03,1.673924185128327496e-02,5.608758592455521941e-02
-4.736079092895610632e-02,1.086465388830377410e-01,-1.590990958853390758e-01,7.690548864618066555e-03,1.629504952891003972e-02,5.544722152765720058e-02
-4.769907343886108098e-02,1.088983506298883269e-01,-1.592783148309891705e-01,7.901190505314218196e-03,1.586636411636320118e-02,5.484210166054227786e-02
-4.804146334639500943e-02,1.091513732796544484e-01,-1.594630425507903848e-01,8.097420692206052165e-03,1.545275633122791294e-02,5.427137478402267734e-02
-4.837996895796432828e-02,1.093833606911706197e-01,-1.596193028517141066e-01,8.275635200932206573e-03,1.504863491526481530e-02,5.372394988822910139e-02
-4.871212837801433548e-02,1.095874597893786717e-01,-1.597366291364624713e-01,8.434723725669560773e-03,1.465227744335358823e-02,5.319641031215394805e-02
-4.903794160654519063e-02,1.097636705742787155e-01,-1.598150214050355344e-01,8.574686266418196298e-03,1.426368391549405132e-02,5.268875605579695365e-02
-4.935740864355688678e-02,1.099119930458707650e-01,-1.598544796574332683e-01,8.695522823178114882e-03,1.388285433168620457e-02,5.220098711915813205e-02
-4.967052948904956966e-02,1.100324272041548340e-01,-1.598550038936557005e-01,8.797233395949352955e-03,1.350978869192988666e-02,5.173310350223727511e-02
-4.997730414302295476e-02,1.101249730491308393e-01,-1.598165941137028312e-01,8.879817984731827249e-03,1.314448699622542370e-02,5.128510520503479914e-02
-5.027773260547718087e-02,1.101896305807988363e-01,-1.597392503175746603e-01,8.943276589525581133e-03,1.278694924457265264e-02,5.085699222755048904e-02
-5.057181487641225492e-02,1.102263997991588251e-01,-1.596229725052711879e-01,8.987609210330618076e-03,1.243717543697157348e-02,5.044876456978435175e-02
-5.085955095582830182e-02,1.102352807042107918e-01,-1.594677606767923306e-01,9.012815847146943282e-03,1.209516557342203529e-02,5.006042223173620687e-02
-5.114094084372506482e-02,1.102162732959547503e-01,-1.592736148321382272e-01,9.018896499974534200e-03,1.176091965392433818e-02,4.969196521340640826e-02
-5.141598454010266883e-02,1.101693775743907006e-01,-1.590405349713088223e-01,9.005851168813408178e-03,1.143443767847833470e-02,4.934339351479478247e-02
-5.168468204496112772e-02,1.100945935395186287e-01,-1.587685210943041159e-01,8.973679853663563480e-03,1.111571964708402138e-02,4.901470713590132255e-02
-5.194703335830053170e-02,1.099919211913385070e-01,-1.584575732011239690e-01,8.922382554524972351e-03,1.080476555974126292e-02,4.870590607672589667e-02
-5.220303848012067260e-02,1.098613605298504048e-01,-1.581076912917686594e-01,8.851959271397681628e-03,1.050157541645033166e-02,4.841699033726878931e-02
-5.245269741042165451e-02,1.097029115550542944e-01,-1.577188753662380205e-01,8.762410004281673964e-03,1.020614921721109403e-02,4.814795991752983395e-02
-5.269601014920347742e-02,1.095165742669501896e-01,-1.572911254245321078e-01,8.653734753176949360e-03,9.918486962023546558e-03,4.789881481750905834e-02
-5.293297669646625236e-02,1.093023486655379517e-01,-1.568244414666506714e-01,8.525933518083443630e-03,9.638588650887566084e-03,4.766955503720634452e-02
-5.316359705220976423e-02,1.090602347508178166e-01,-1.563188234925941278e-01,8.379006299001273000e-03,9.366454283803404141e-03,4.746018057662191453e-02
-5.338787121643411709e-02,1.087902325227896455e-01,-1.557742715023622826e-01,8.212953095930383696e-03,9.102083860770932358e-03,4.727069143575565041e-02
-5.360579918913932485e-02,1.084923419814534801e-01,-1.551907854959551081e-01,8.027773908870775715e-03,8.845477381790149002e-03,4.710108761460754523e-02
-5.381738097032546381e-02,1.081665631268091537e-01,-1.545683654733723822e-01,7.823468737822355384e-03,8.596634846860949988e-03,4.695136911317755735e-02
-5.402223825973424126e-02,1.078124323576539340e-01,-1.539064271007938856e-01,7.600053945056469556e-03,8.355653541570168263e-03,4.682141273740240972e-02
-5.420821322548909776e-02,1.074150504362440250e-01,-1.531861910298051299e-01,7.358055382030212650e-03,8.125660034775973595e-03,4.670725927055184579e-02
-5.436946978937286928e-02,1.069672653376353977e-01,-1.523986426805595540e-01,7.097725471236821307e-03,7.908155161544463616e-03,4.660700818473977047e-02
-5.450600795138563215e-02,1.064690770618277604e-01,-1.515437820530568525e-01,6.819064212676169759e-03,7.703138921875547253e-03,4.652065947996616296e-02
-5.461782771152725452e-02,1.059204856088215990e-01,-1.506216091472976915e-01,6.522071606348504337e-03,7.510611315769409255e-03,4.644821315623109265e-02
-5.470492906979779191e-02,1.053214909786166775e-01,-1.496321239632817934e-01,6.206747652253707080e-03,7.330572343225956813e-03,4.638966921353451789e-02
-5.476731202619725819e-02,1.046720931712130237e-01,-1.485753265010091029e-01,5.873092350391774519e-03,7.163022004245188194e-03,4.634502765187643869e-02
-5.480497658072565337e-02,1.039722921866105959e-01,-1.474512167604796198e-01,5.521105700762710122e-03,7.007960298827103397e-03,4.631428847125686199e-02
-5.481792273338297050e-02,1.032220880248090888e-01,-1.462597947416928446e-01,5.150787703366343021e-03,6.865387226971643442e-03,4.629745167167576697e-02
-5.480615048416920265e-02,1.024214806858091409e-01,-1.450010604446498041e-01,4.762138358203002811e-03,6.735302788678932361e-03,4.629451725313318139e-02
-5.476965983308435676e-02,1.015704701696104606e-01,-1.436750138693499712e-01,4.355157665272529899e-03,6.617706983948905969e-03,4.630548521562909137e-02
-5.470845078012843282e-02,1.006690564762130063e-01,-1.422816550157933735e-01,3.929845624574924284e-03,6.512599812781564267e-03,4.633035555916349690e-02
-5.462252332530139615e-02,9.971723960561638955e-02,-1.408209838839793171e-01,3.486202236109983005e-03,6.419981275176867355e-03,4.636912828373641882e-02
-5.451187746860331612e-02,9.871501955782141513e-02,-1.392930004739091343e-01,3.024227499878102444e-03,6.339851371134899369e-03,4.642180338934782935e-02
-5.437651321003415111e-02,9.766239633282770838e-02,-1.376977047855821590e-01,2.543921415879089182e-03,6.272210100655616072e-03,4.648838087599772850e-02
-5.421643054959392194e-02,9.655936993063524154e-02,-1.360350968189984466e-01,2.045283984112940615e-03,6.217057463739015730e-03,4.656886074368613015e-02
-5.403162948728253145e-02,9.540594035124350114e-02,-1.343051765741571091e-01,1.528315204579426458e-03,6.174393460385083597e-03,4.666324299241306206e-02
-5.382211002310013231e-02,9.420210759465351413e-02,-1.325079440510598117e-01,9.930150772790051136e-04,6.144218090593858705e-03,4.677152762217846177e-02
-5.358787215704666207e-02,9.294787166086476704e-02,-1.306433992497056940e-01,4.393836022114488982e-04,6.126531354365317636e-03,4.689371463298235704e-02
-5.332891588912212072e-02,9.164323254987727374e-02,-1.287115421700948115e-01,-1.325792206232395860e-04,6.121333251699460389e-03,4.702980402482474093e-02
-5.304524121932636255e-02,9.028819026169042361e-02,-1.267123728122262483e-01,-7.228733912253274864e-04,6.128623782596293035e-03,4.717979579770569670e-02
-5.273684814765965817e-02,8.888274479630542402e-02,-1.246458911761017946e-01,-1.331498909594290916e-03,6.148402947055809503e-03,4.734368995162508559e-02
-5.241068224491919614e-02,8.744013836684137730e-02,-1.225305553892309801e-01,-1.956873240711019726e-03,6.180490595528768082e-03,4.752515481391672569e-02
-5.209127130897799746e-02,8.600713492348610600e-02,-1.204315490389534504e-01,-2.593407772751564824e-03,6.224250542471928237e-03,4.773714482619524635e-02
-5.178075988907426819e-02,8.458782319830843166e-02,-1.183545713491979678e-01,-3.240613874274762222e-03,6.279627164007901309e-03,4.798079263958753005e-02
-5.147914798520826507e-02,8.318220319130961715e-02,-1.162996223199663920e-01,-3.898491545280036857e-03,6.346620460136637859e-03,4.825609825409334780e-02
-5.118643559737984933e-02,8.179027490248902410e-02,-1.142667019512577653e-01,-4.567040785767675394e-03,6.425230430858161305e-03,4.856306166971280369e-02
-5.090262272558904177e-02,8.041203833184665251e-02,-1.122558102430721155e-01,-5.246261595737675663e-03,6.515457076172471648e-03,4.890168288644591160e-02
-5.062770936983571057e-02,7.904749347938190562e-02,-1.102669471954085545e-01,-5.936153975190347314e-03,6.617300396079616592e-03,4.927196190429282419e-02
-5.036169553012009165e-02,7.769664034509600470e-02,-1.083001128082688586e-01,-6.636717924125077120e-03,6.730760390579503330e-03,4.967389872325322225e-02
-5.010458120644206703e-02,7.635947892898831135e-02,-1.063553070816521118e-01,-7.347953442542170394e-03,6.855837059672176964e-03,5.010749334332726540e-02
-4.985636639880164367e-02,7.503600923105885334e-02,-1.044325300155583280e-01,-8.069860530441626267e-03,6.992530403357637495e-03,5.057274576451493975e-02
-4.961705110719871054e-02,7.372623125130704780e-02,-1.025317816099866886e-01,-8.802439187823772604e-03,7.140840421635953443e-03,5.106965598681648816e-02
-4.938663533163347580e-02,7.243014498973403270e-02,-1.006530618649388586e-01,-9.545689414687957147e-03,7.300767114506991236e-03,5.159822401023146654e-02
-4.916511907210584231e-02,7.114775044633925294e-02,-9.879637078041400566e-02,-1.029961121103450603e-02,7.472310481970815058e-03,5.215844983476009000e-02
-4.895250232861581008e-02,6.987904762112270851e-02,-9.696170835641211572e-02,-1.106420457686341750e-02,7.655470524027425776e-03,5.275033346040235160e-02
-4.874878510116327501e-02,6.862403651408380267e-02,-9.514907459293238390e-02,-1.183946951217503679e-02,7.850247240676911861e-03,5.337387488715852890e-02
-4.855396738974842447e-02,6.738271712522371504e-02,-9.335846948997643391e-02,-1.262540601696867867e-02,8.056640631919100709e-03,5.402907411502808066e-02
-4.836804919437118211e-02,6.615508945454183498e-02,-9.158989304754344696e-02,-1.342201409124468142e-02,8.274650697754076453e-03,5.471593114401127750e-02
-4.819103051503152713e-02,6.494115350203819026e-02,-8.984334526563345080e-02,-1.422929373500304850e-02,8.504277438181835624e-03,5.543444597410811941e-02
-4.802291135172939707e-02,6.374090926771222576e-02,-8.811882614424562665e-02,-1.504724494824414248e-02,8.745520853202494449e-03,5.618461860531893948e-02
-4.786369170446493765e-02,6.255435675156503783e-02,-8.641633568338157045e-02,-1.587586773096723997e-02,8.998380942815832617e-03,5.696644903764306461e-02
-4.771337157323807254e-02,6.138149595359607136e-02,-8.473587388304044954e-02,-1.671516208317269658e-02,9.262857707021957682e-03,5.777993727108084177e-02
-4.757195095804880869e-02,6.022232687380532634e-02,-8.307744074322231942e-02,-1.756512800486052100e-02,9.538951145820869643e-03,5.862508330563225706e-02
-4.743942985889707670e-02,5.907684951219229624e-02,-8.144103626392643069e-02,-1.842576549603108793e-02,9.826661259212696869e-03,5.950188714129771295e-02
-4.731828209085603421e-02,5.794272426404775689e-02,-7.982305819739736463e-02,-1.930228971666887727e-02,1.012773656524223152e-02,6.041769530275041544e-02
-4.722189178996459569e-02,5.680729311460661068e-02,-7.820401722345439455e-02,-2.022291636141872184e-02,1.045163710950339740e-02,6.141225485383643157e-02
-4.715226299362492574e-02,5.566866075027137456e-02,-7.658099516146414654e-02,-2.119187023098727599e-02,1.079977936633125767e-02,6.249151721363437745e-02
-4.710939570183701741e-02,5.452682717104152810e-02,-7.495399201142588508e-02,-2.220915132537501502e-02,1.117216333572598232e-02,6.365548238214478738e-02
-4.709328991460090541e-02,5.338179237691807744e-02,-7.332300777334106734e-02,-2.327475964458102994e-02,1.156878901768723829e-02,6.490415035936665522e-02
-4.710394563191656198e-02,5.223355636790053685e-02,-7.168804244720898555e-02,-2.438869518860576485e-02,1.198965641221518691e-02,6.623752114530044588e-02
-4.714136285378398017e-02,5.108211914398889247e-02,-7.004909603302962584e-02,-2.555095795744921627e-02,1.243476551930982818e-02,6.765559473994617323e-02
-4.720554158020320856e-02,4.992748070518263082e-02,-6.840616853080223880e-02,-2.676154795111193238e-02,1.290411633897137894e-02,6.915837114330451729e-02
-4.729648181117418471e-02,4.876964105148278578e-02,-6.675925994052832324e-02,-2.802046516959284458e-02,1.339770887119941939e-02,7.074585035537415967e-02
-4.741418354669693636e-02,4.760860018288883694e-02,-6.510837026220714363e-02,-2.932770961289246983e-02,1.391554311599415249e-02,7.241803237615572486e-02
-4.755864678677145657e-02,4.644435809940079124e-02,-6.345349949583865834e-02,-3.068328128101081506e-02,1.445761907335557650e-02,7.417491720564924063e-02
-4.772987153139782862e-02,4.527691480101812133e-02,-6.179464764142217348e-02,-3.208718017394851518e-02,1.502393674328395337e-02,7.601650484385549800e-02
-4.792389615036558165e-02,4.409617165941887712e-02,-6.011781060787266956e-02,-3.351076599699973763e-02,1.559987393040269087e-02,7.788700246318110143e-02
-4.813630877775675054e-02,4.289088234625996338e-02,-5.840739275175543116e-02,-3.492214351174511427e-02,1.616914663999219348e-02,7.972427643139559650e-02
-4.836710626015711112e-02,4.166103882314391160e-02,-5.666338292596741905e-02,-3.632128992082395147e-02,1.673174323294520163e-02,8.152828233801971691e-02
-4.861628859756677440e-02,4.040664109007015281e-02,-5.488578113050784912e-02,-3.770820522423685983e-02,1.728766370926195992e-02,8.329902018305425371e-02
-4.888385578998551834e-02,3.912768914703980416e-02,-5.307458736537828264e-02,-3.908288942198262506e-02,1.783690806894197220e-02,8.503648996649762482e-02
-4.916980783741344702e-02,3.782418299405231055e-02,-5.122980163057794939e-02,-4.044534251406185082e-02,1.837947631198549175e-02,8.674069168835062127e-02
-4.947414473985057431e-02,3.649612263110767890e-02,-4.935142392610684936e-02,-4.179556450047453020e-02,1.891536843839251511e-02,8.841162534861324307e-02
-4.979686649729702513e-02,3.514350805820529167e-02,-4.743945425196412213e-02,-4.313355538122127381e-02,1.944458444816327819e-02,9.004929094728622574e-02
-5.013797310975252886e-02,3.376633927534636315e-02,-4.549389260815146774e-02,-4.445931515630088815e-02,1.996712434129731262e-02,9.165368848436809823e-02
-5.049746457721721732e-02,3.236461628253028966e-02,-4.351473899466803963e-02,-4.577284382571395610e-02,2.048298811779484738e-02,9.322481795985959607e-02
-5.087603590009879412e-02,3.093888059133620416e-02,-4.150275287818228770e-02,-4.707379731057617644e-02,2.099203013543411711e-02,9.476233235846810710e-02
-5.129466259137433620e-02,2.950547533340658682e-02,-3.948085540058506732e-02,-4.835179111179535583e-02,2.148985482799839128e-02,9.625575855860535324e-02
-5.176317163920765574e-02,2.807205723501204550e-02,-3.745978507350970765e-02,-4.960196011118291753e-02,2.197440288102677289e-02,9.770018992261073065e-02
-5.228156304359894702e-02,2.663862629615193489e-02,-3.543954189695531359e-02,-5.082430430873943056e-02,2.244567429451949092e-02,9.909562645048490548e-02
-5.284983680454818228e-02,2.520518251682626193e-02,-3.342012587092188514e-02,-5.201882370446490184e-02,2.290366906847654191e-02,1.004420681422278638e-01
-5.346799292205565296e-02,2.377172589703438824e-02,-3.140153699540852023e-02,-5.318551829835982403e-02,2.334838720289812361e-02,1.017395149978401747e-01
-5.413603139612083170e-02,2.233825643677758710e-02,-2.938377527041701603e-02,-5.432438809042318406e-02,2.377982869778383704e-02,1.029879670173207001e-01
-5.485395222674395443e-02,2.090477413605521320e-02,-2.736684069594647051e-02,-5.543543308065548847e-02,2.419799355313388689e-02,1.041874242006699952e-01
-5.562175541392503503e-02,1.947127899486728389e-02,-2.535073327199689752e-02,-5.651865326905674419e-02,2.460288176894826970e-02,1.053378865478881016e-01
-5.643944095766444818e-02,1.803777101321315038e-02,-2.333545299856738461e-02,-5.757404865562742308e-02,2.499449334522715199e-02,1.064393540589754772e-01
-5.730700885796146532e-02,1.660425019109408595e-02,-2.132099987565973589e-02,-5.860161924036657449e-02,2.537282828197020418e-02,1.074918267339311506e-01
-5.822445911481643338e-02,1.517071652850945918e-02,-1.930737390327304584e-02,-5.960136502327467722e-02,2.573788657917757891e-02,1.084953045727556076e-01
-5.919179172822935237e-02,1.373717002545926658e-02,-1.729457508140732486e-02,-6.057328600435173821e-02,2.608966823684929354e-02,1.094497875754488619e-01
-6.020900669820070106e-02,1.230361068194287498e-02,-1.528260341006166742e-02,-6.151738218359814603e-02,2.642817325498548683e-02,1.103552757420113023e-01
-6.127610402472955659e-02,1.087003849796155247e-02,-1.327145888923787244e-02,-6.243365356101308883e-02,2.675340163358586390e-02,1.112117690724421099e-01
-6.239308370781636998e-02,9.436453473514665874e-03,-1.126114151893503612e-02,-6.332210013659700376e-02,2.706535337265057392e-02,1.120192675667417148e-01
-6.355994574746114123e-02,8.002855608602215190e-03,-9.251651299153167141e-03,-6.418272191034984919e-02,2.736402847217962037e-02,1.127777712249101172e-01
-6.477669014366441158e-02,6.569244903223559438e-03,-7.242988229891366044e-03,-6.501551888227201370e-02,2.764942693217312120e-02,1.134872800469476084e-01
-6.604331689642511938e-02,5.135621357379978845e-03,-5.235152311151423932e-03,-6.582049105236276176e-02,2.792154875263082661e-02,1.141477940328535778e-01
-6.735982600574377810e-02,3.701984971070832429e-03,-3.228143542932438315e-03,-6.659763842062244033e-02,2.818039393355287192e-02,1.147593131826283308e-01
-6.872493970457892176e-02,2.269544748014997674e-03,-1.223682676375114579e-03,-6.734534387448221082e-02,2.842532374988194013e-02,1.153196725580641069e-01
-7.011571649870991518e-02,8.600075807283652247e-04,7.473352966570977716e-04,-6.803457318669227372e-02,2.864487029961744133e-02,1.157900020711314648e-01
-7.152366691786213315e-02,-5.185939232789541853e-04,2.673477724370080903e-03,-6.865458227899927379e-02,2.883478990045175092e-02,1.161559178960133859e-01
-7.294879096203622793e-02,-1.866259764007592538e-03,4.554744606764722127e-03,-6.920537115140347473e-02,2.899508255238497298e-02,1.164174200327101061e-01
-7.439108863123214399e-02,-3.182989941457550591e-03,6.391135943841018408e-03,-6.968693980390491816e-02,2.912574825541710752e-02,1.165745084812216115e-01
-7.585055992545056136e-02,-4.468784455629392673e-03,8.182651735599757309e-03,-7.009928823650375673e-02,2.922678700954819270e-02,1.166271832415479159e-01
-7.732720484469017552e-02,-5.723643306521976684e-03,9.929291982039348957e-03,-7.044241644919962964e-02,2.929819881477813831e-02,1.165754443136889640e-01
-7.882102338895163873e-02,-6.947566494135879421e-03,1.163105668316059653e-02,-7.071632444199271728e-02,2.933998367110699293e-02,1.164192916976448111e-01
-8.033201555823496487e-02,-8.140554018471102618e-03,1.328794583896350176e-02,-7.092101221488306129e-02,2.935214157853476002e-02,1.161587253934154573e-01
-8.186018135254080619e-02,-9.302605879528153682e-03,1.489995944944876895e-02,-7.105647976787066167e-02,2.933467253706142572e-02,1.157937454010007083e-01
-8.340552077186783042e-02,-1.043372207730600132e-02,1.646709751461496868e-02,-7.112272710095540740e-02,2.928757654668700389e-02,1.153243517204008833e-01
-8.496803381621668982e-02,-1.153390261180516768e-02,1.798936003446282433e-02,-7.111975421413738174e-02,2.921085360741149453e-02,1.147505443516158713e-01
-8.654772048558741215e-02,-1.260314748302565624e-02,1.946674700899233418e-02,-7.104756110741659858e-02,2.910450371923490112e-02,1.140723232946456445e-01
-8.814458077998067742e-02,-1.364145669096791628e-02,2.089925843820412965e-02,-7.090614778079296077e-02,2.896852688215715080e-02,1.132896885494898420e-01
-8.975861469939508397e-02,-1.464883023563102842e-02,2.228689432209693400e-02,-7.069551423426659320e-02,2.880292309617835805e-02,1.124026401161491578e-01
-9.138982224383133957e-02,-1.562526811701546101e-02,2.362965466067139600e-02,-7.041566046783745425e-02,2.860769236129848819e-02,1.114111779946232728e-01
-9.303820341328944421e-02,-1.657077033512121406e-02,2.492753945392751219e-02,-7.006658648150555779e-02,2.838283467751752387e-02,1.103153021849121729e-01
-9.470375820777014730e-02,-1.748533688994868482e-02,2.618054870186583769e-02,-6.964829227527068178e-02,2.812835004483535406e-02,1.091150126870153170e-01
-9.638648662727195005e-02,-1.836896778149706144e-02,2.738868240448524491e-02,-6.916077784913320092e-02,2.784423846325220428e-02,1.078103095009337875e-01
-9.808530140916961459e-02,-1.922149981609830305e-02,2.855175417596850229e-02,-6.860536721213011946e-02,2.753111196004172020e-02,1.064035725914818376e-01
-9.977758379197639027e-02,-2.003953801026390688e-02,2.966588655722092460e-02,-6.800960425651143837e-02,2.720170278461406244e-02,1.049443133234452263e-01
-1.014543226410145466e-01,-2.082172982957433000e-02,3.072953479937894083e-02,-6.738446224987948430e-02,2.686108336386839116e-02,1.034522566307662511e-01
-1.031155179562826263e-01,-2.156807527402887503e-02,3.174269890244160036e-02,-6.672994119223482623e-02,2.650925369780501167e-02,1.019274025134462441e-01
-1.047611697377813511e-01,-2.227857434362790282e-02,3.270537886640938890e-02,-6.604604108357718661e-02,2.614621378642376787e-02,1.003697509714845393e-01
-1.063912779855107349e-01,-2.295322703837140293e-02,3.361757469128230646e-02,-6.533276192390655157e-02,2.577196362972467014e-02,9.877930200488113655e-02
-1.080058426994714993e-01,-2.359203335825965989e-02,3.447928637706073468e-02,-6.459010371322260191e-02,2.538650322770753462e-02,9.715605561363530041e-02
-1.096048638796621733e-01,-2.419499330329210121e-02,3.529051392374388946e-02,-6.381806645152600377e-02,2.498983258037270477e-02,9.550001179774848803e-02
-1.111883415260835201e-01,-2.476210687346902528e-02,3.605125733133218019e-02,-6.301665013881641020e-02,2.458195168772002101e-02,9.381117055721997777e-02
-1.127562756387355258e-01,-2.529337406879042169e-02,3.676151659982559994e-02,-6.218585477509383508e-02,2.416286054974947292e-02,9.208953189204976963e-02
-1.143086662176188706e-01,-2.578879488925651248e-02,3.742129172922443320e-02,-6.132568036035790371e-02,2.373255916646087663e-02,9.033509580223707258e-02
-1.158455132627321804e-01,-2.624836933486685009e-02,3.803058271952809016e-02,-6.043612689460934467e-02,2.329104753785460336e-02,8.854786228778345480e-02
-1.173668167740761492e-01,-2.667209740562166698e-02,3.858938957073687614e-02,-5.951719437784781103e-02,2.283832566393047617e-02,8.672783134868815302e-02
-1.188725767516507631e-01,-2.705997910152096314e-02,3.909771228285079114e-02,-5.856888281007328889e-02,2.237439354468848118e-02,8.487500298495113948e-02
-1.203627931954567021e-01,-2.741201442256488430e-02,3.955555085587003639e-02,-5.759119219128535500e-02,2.189925118012841718e-02,8.298937719657158152e-02
-1.218374661054926200e-01,-2.772820336875312514e-02,3.996290528979418860e-02,-5.658412252148484894e-02,2.141289857025070048e-02,8.107095398355117222e-02
-1.232965954817592108e-01,-2.800854594008583831e-02,4.031977558462347677e-02,-5.554767380067136828e-02,2.091533571505512293e-02,7.911973334588905116e-02
-1.247401813242564328e-01,-2.825304213656302729e-02,4.062616174035789396e-02,-5.448184602884490607e-02,2.040656261454168799e-02,7.713571528358524609e-02
-1.261682236329849938e-01,-2.846169195818478229e-02,4.088206375699754425e-02,-5.338663920600496271e-02,1.988657926871015974e-02,7.511889979663882722e-02
-1.275807224079435198e-01,-2.863449540495091247e-02,4.108748163454219865e-02,-5.226205333215251658e-02,1.935538567756099962e-02,7.306928688505161251e-02
-1.289776776491327048e-01,-2.877145247686152194e-02,4.124241537299198207e-02,-5.110808840728708891e-02,1.881298184109397517e-02,7.098687654882269993e-02
-1.303625860877616338e-01,-2.888054692223526038e-02,4.135825838690167233e-02,-4.993656087308635805e-02,1.826419891377616470e-02,6.888805862687515102e-02
-1.317413423278894491e-01,-2.897523732065081584e-02,4.145421709039387448e-02,-4.876739026036520236e-02,1.771718099963676823e-02,6.680046224059603410e-02
-1.331140411745130314e-01,-2.905574013119481200e-02,4.153060038700735757e-02,-4.760089694197106036e-02,1.717205908317651769e-02,6.472453175890059696e-02
-1.344806826276329637e-01,-2.912205535386730437e-02,4.158740827674217710e-02,-4.643708091790341164e-02,1.662883316439517714e-02,6.266026718178784038e-02
-1.358412666872492736e-01,-2.917418298866827908e-02,4.162464075959832616e-02,-4.527594218816224231e-02,1.608750324329274659e-02,6.060766850925779214e-02
-1.371957933533619611e-01,-2.921212303559774306e-02,4.164229783557580472e-02,-4.411748075274756625e-02,1.554806931986922255e-02,5.856673574131045223e-02
-1.385442626259716370e-01,-2.923587549465570673e-02,4.164037950467461280e-02,-4.296169661165887693e-02,1.501053139412436913e-02,5.653746887794492554e-02
-1.398866745050770521e-01,-2.924544036584214579e-02,4.161888576689475039e-02,-4.180858976489717355e-02,1.447488946605866335e-02,5.451986791916300923e-02
-1.412230289906788727e-01,-2.924081764915707066e-02,4.157781662223622443e-02,-4.065816021246197037e-02,1.394114353567186410e-02,5.251393286496379431e-02
-1.425533260827770710e-01,-2.922200734460048827e-02,4.151717207069902799e-02,-3.951040795435324660e-02,1.340929360296397484e-02,5.051966371534729466e-02
-1.438775657813722020e-01,-2.918900945217237433e-02,4.143695211228312636e-02,-3.836533299057050955e-02,1.287933966793475965e-02,4.853706047031262211e-02
-1.451877192475381773e-01,-2.914096420314033972e-02,4.133595354432695324e-02,-3.722205788353741274e-02,1.235107487741766638e-02,4.656518311563451890e-02
-1.464394298746101719e-01,-2.907312166742805071e-02,4.120752908100249606e-02,-3.607573508881327384e-02,1.182335643795842835e-02,4.459883839214751761e-02
-1.476259064539530985e-01,-2.898475460802223819e-02,4.105066099105598998e-02,-3.492562242415883644e-02,1.129600938241332592e-02,4.263723118703449666e-02
-1.487471489855674844e-01,-2.887586302492284318e-02,4.086534927448734478e-02,-3.377171988957357318e-02,1.076903371078212664e-02,4.068036150029460257e-02
-1.498031574694522750e-01,-2.874644691812997324e-02,4.065159393129672005e-02,-3.261402748505852489e-02,1.024242942306530235e-02,3.872822933192956313e-02
-1.507939319056080529e-01,-2.859650628764357980e-02,4.040939496148404642e-02,-3.145254521061316422e-02,9.716196519262611936e-03,3.678083468193851790e-02
-1.517194722940347629e-01,-2.842604113346365938e-02,4.013875236504930305e-02,-3.028727306623750504e-02,9.190334999374060593e-03,3.483817755032145996e-02
-1.525797786347327378e-01,-2.823505145559012872e-02,3.983966614199238587e-02,-2.911821105193101653e-02,8.664844863399410665e-03,3.290025793707752888e-02
-1.533748509277013394e-01,-2.802353725402315435e-02,3.951213629231353081e-02,-2.794535916769473952e-02,8.139726111339132264e-03,3.096707584220845938e-02
-1.541046891729408452e-01,-2.779149852876265647e-02,3.915616281601262683e-02,-2.676871741352816053e-02,7.614978743192993803e-03,2.903863126571337369e-02
-1.547692933704513385e-01,-2.753893527980863162e-02,3.877174571308966700e-02,-2.558828578943127610e-02,7.090602758960990945e-03,2.711492420759227528e-02
-1.553686635202329580e-01,-2.726584750716095837e-02,3.835888498354447090e-02,-2.440406429540355540e-02,6.566598158642891238e-03,2.519595466784431761e-02
-1.559030135168702758e-01,-2.697242635945108769e-02,3.791785142655639679e-02,-2.321632980495254642e-02,6.043078802596168683e-03,2.328210915408521903e-02
-1.563853062832926688e-01,-2.667025625792287039e-02,3.746505662583479723e-02,-2.204186203190638266e-02,5.526945113440379607e-03,2.139681167404248324e-02
-1.568231785723077643e-01,-2.636616184868000035e-02,3.701016901871114623e-02,-2.089054628742477437e-02,5.022262287127413419e-03,1.955386184357171125e-02
-1.572166303839157842e-01,-2.606014313172234920e-02,3.655318860518525642e-02,-1.976238257150722891e-02,4.529030323657055011e-03,1.775325966267211897e-02
-1.575656617181163399e-01,-2.575220010705018409e-02,3.609411538525751639e-02,-1.865737088415475239e-02,4.047249223029742403e-03,1.599500513134530927e-02
-1.578702725749095981e-01,-2.544233277466336623e-02,3.563294935892773879e-02,-1.757551122536683136e-02,3.576918985245253549e-03,1.427909824959046163e-02
-1.581304629542956419e-01,-2.513054113456189911e-02,3.516969052619590974e-02,-1.651680359514346580e-02,3.118039610303588016e-03,1.260553901740758473e-02
-1.583462328562744714e-01,-2.481682518674564047e-02,3.470433888706182801e-02,-1.548124799348420642e-02,2.670611098204550646e-03,1.097432743479596212e-02
-1.585175822808459478e-01,-2.450118493121487481e-02,3.423689444152590994e-02,-1.446884442038997090e-02,2.234633448948538693e-03,9.385463501757040569e-03
-1.586445112280101544e-01,-2.418362036796945641e-02,3.376735718958794041e-02,-1.347959287586029259e-02,1.810106662535350278e-03,7.838947218290088018e-03
-1.587270196977670911e-01,-2.386413149700938874e-02,3.329572713124793332e-02,-1.251349335989517322e-02,1.397030738964985617e-03,6.334778584395102732e-03
-1.587651076901167857e-01,-2.354271831833452955e-02,3.282200426650566660e-02,-1.157054587249419994e-02,9.954056782372692862e-04,4.872957600071450672e-03
-1.587587752050591827e-01,-2.321938083194516333e-02,3.234618859536157048e-02,-1.065075041365820888e-02,6.052314803525575548e-04,3.453484265320422037e-03
-1.587080222425943099e-01,-2.289411903784114438e-02,3.186828011781542291e-02,-9.754106983386775023e-03,2.265081453106695779e-04,2.076358580141361970e-03
-1.586128832353433105e-01,-2.256694039105279492e-02,3.138828897646484678e-02,-8.880615030662557252e-03,-1.407652751811873783e-04,7.415758061262229172e-04
-1.585010685901629135e-01,-2.224384449068818326e-02,3.091437764913234840e-02,-8.029831112194921183e-03,-4.973519405406912714e-04,-5.546773944947865033e-04
-1.583966152588785758e-01,-2.193003559359889970e-02,3.045362654742020739e-02,-7.201370570153355424e-03,-8.439138412698297953e-04,-1.815708840935410578e-03
-1.582995232414902975e-01,-2.162551369978479854e-02,3.000603567132821559e-02,-6.395233404537473999e-03,-1.180450977368763602e-03,-3.041518533196233692e-03
-1.582097925379981063e-01,-2.133027880924587283e-02,2.957160502085637299e-02,-5.611419615347278643e-03,-1.506963348837492582e-03,-4.232106471277254436e-03
-1.581274231484019466e-01,-2.104433092198200808e-02,2.915033459600449572e-02,-4.849929202582434554e-03,-1.823450955676155514e-03,-5.387472655178978699e-03
-1.580524150727018462e-01,-2.076767003799345063e-02,2.874222439677295848e-02,-4.110762166243620008e-03,-2.129913797884470938e-03,-6.507617084900381259e-03
-1.579847683108978051e-01,-2.050029615728007557e-02,2.834727442316156351e-02,-3.393918506330490664e-03,-2.426351875462581104e-03,-7.592539760441982533e-03
-1.579244828629898234e-01,-2.024220927984187943e-02,2.796548467517032122e-02,-2.699398222843047389e-03,-2.712765188410486226e-03,-8.642240681803780786e-03
-1.578715587289779010e-01,-1.999340940567875466e-02,2.759685515279906506e-02,-2.027201315780994845e-03,-2.989153736728307736e-03,-9.656719848986220975e-03
-1.578259959088620656e-01,-1.975389653479092678e-02,2.724138585604812465e-02,-1.377327785144931297e-03,-3.255517520415799736e-03,-1.063597726198840278e-02
-1.577877944026422619e-01,-1.952367066717827435e-02,2.689907678491733345e-02,-7.497776309345553346e-04,-3.511856539473086260e-03,-1.158001292081078069e-02
-1.577569542103185174e-01,-1.930273180284080778e-02,2.656992793940668798e-02,-1.445508531498628391e-04,-3.758170793900168609e-03,-1.248882682545335646e-02
-1.577334753318908045e-01,-1.909107994177842993e-02,2.625393931951605295e-02,4.383525482093983752e-04,-3.994460283697149131e-03,-1.336241897591651170e-02
-1.577173577673592064e-01,-1.888871508399132468e-02,2.595111092524571283e-02,9.989325731427083251e-04,-4.220725008863815755e-03,-1.420078937219946928e-02
-1.577086015167236399e-01,-1.869563722947940529e-02,2.566144275659551846e-02,1.537189221650333941e-03,-4.436964969400279506e-03,-1.500393801430262644e-02
-1.577072065799841327e-01,-1.851184637824266482e-02,2.538493481356547329e-02,2.053122493732274789e-03,-4.643180165306538647e-03,-1.577186490222597798e-02
-1.577116713761735345e-01,-1.833624158537051560e-02,2.512003096296803670e-02,2.549047842524046655e-03,-4.840388014665103489e-03,-1.650813536463033651e-02
-1.577151384137008838e-01,-1.816379500312724840e-02,2.485962458153065033e-02,3.035539589857942297e-03,-5.033234910908673289e-03,-1.722903171451919957e-02
-1.577167612721095125e-01,-1.799388604406906497e-02,2.460283849846322743e-02,3.513902924693737984e-03,-5.222294358561436339e-03,-1.793656367842715385e-02
-1.577165399513994481e-01,-1.782651470819596878e-02,2.434967271376577147e-02,3.984137847031433283e-03,-5.407566357623390906e-03,-1.863073125635420282e-02
-1.577144744515706354e-01,-1.766168099550788351e-02,2.410012722743817143e-02,4.446244356871230721e-03,-5.589050908094616785e-03,-1.931153444830064139e-02
-1.577105647726231297e-01,-1.749938490600495833e-02,2.385420203948064935e-02,4.900222454212722206e-03,-5.766748009974953515e-03,-1.997897325426586587e-02
-1.577048109145568477e-01,-1.733962643968712039e-02,2.361189714989309421e-02,5.346072139056111568e-03,-5.940657663264481761e-03,-2.063304767425018504e-02
-1.576972128773719006e-01,-1.718240559655436622e-02,2.337321255867550254e-02,5.783793411401401408e-03,-6.110779867963201523e-03,-2.127375770825359891e-02
-1.576877706610681773e-01,-1.702772237660662991e-02,2.313814826582777026e-02,6.213386271248779943e-03,-6.277114624071187393e-03,-2.190110335627637808e-02
-1.576764842656457610e-01,-1.687557677984405022e-02,2.290670427135011594e-02,6.634850718597865536e-03,-6.439661931588289319e-03,-2.251508461831797092e-02
-1.576633536911046241e-01,-1.672596880626655430e-02,2.267888057524242509e-02,7.048186753448849873e-03,-6.598421790514583628e-03,-2.311570149437865151e-02
-1.576483789374447664e-01,-1.657889845587414562e-02,2.245467717750470119e-02,7.453394375801735555e-03,-6.753394200850070320e-03,-2.370295398445843027e-02
-1.576315600046661880e-01,-1.643436572866675827e-02,2.223409407813684707e-02,7.850473585656693454e-03,-6.904579162594814447e-03,-2.427684208855755005e-02
-1.576128968927688612e-01,-1.629237062464452407e-02,2.201713127713905357e-02,8.239424383013373154e-03,-7.051976675748683303e-03,-2.483736580667550778e-02
-1.575923896017528691e-01,-1.615291314380737364e-02,2.180378877451122702e-02,8.620246767871953333e-03,-7.195586740311742807e-03,-2.538452513881255326e-02
-1.575700381316181009e-01,-1.601599328615531045e-02,2.159406657025336740e-02,8.992940740232433991e-03,-7.335409356283996429e-03,-2.591832008496869691e-02
-1.575458424823646120e-01,-1.588161105168826859e-02,2.138796466436538105e-02,9.357506300094971252e-03,-7.471444523665500548e-03,-2.643875064514415729e-02
-1.575198026539924301e-01,-1.574976644040637988e-02,2.118548305684745878e-02,9.713943447459247663e-03,-7.603692242456134599e-03,-2.694581681933847991e-02
-1.574919186465015275e-01,-1.562045945230957321e-02,2.098662174769949651e-02,1.006225218232542108e-02,-7.732152512655960166e-03,-2.743951860755189029e-02
-1.574648850677828615e-01,-1.549345108788430930e-02,2.079100161255335172e-02,1.040420503757012900e-02,-7.857663605794715581e-03,-2.792287416354837654e-02
-1.574415402706628442e-01,-1.536848959809236637e-02,2.059822330249979142e-02,1.074166910254517777e-02,-7.981108511332114450e-03,-2.839906264571141759e-02
-1.574218847312302827e-01,-1.524557494070694075e-02,2.040828675055451555e-02,1.107464469042498782e-02,-8.102487377375565056e-03,-2.886808458729415300e-02
-1.574059184494851493e-01,-1.512470711572797347e-02,2.022119195671744432e-02,1.140313180120970660e-02,-8.221800203925124645e-03,-2.932993998829678747e-02
-1.573936414254274996e-01,-1.500588612315546626e-02,2.003693892098857079e-02,1.172713043489933410e-02,-8.339046990980794952e-03,-2.978462884871932101e-02
-1.573850536590572502e-01,-1.488911196298936708e-02,1.985552764336782211e-02,1.204664059149401084e-02,-8.454227738542622814e-03,-3.023215116856195483e-02
-1.573801551503744567e-01,-1.477438463522978175e-02,1.967695812385535439e-02,1.236166227099345580e-02,-8.567342446610507617e-03,-3.067250694782429343e-02
-1.573789458993790913e-01,-1.466170413987665476e-02,1.950123036245108438e-02,1.267219547339780948e-02,-8.678391115184503138e-03,-3.110569618650652762e-02
-1.573814259060711818e-01,-1.455107047692998957e-02,1.932834435915501900e-02,1.297824019870707189e-02,-8.787373744264605907e-03,-3.153171888460866434e-02
-1.573875951704507004e-01,-1.444248364638973416e-02,1.915830011396707847e-02,1.327979644692137660e-02,-8.894290333850864497e-03,-3.195057504213089095e-02
-1.573974536925176748e-01,-1.433594364825598912e-02,1.899109762688741196e-02,1.357686421804045647e-02,-8.999140883943185232e-03,-3.236226465907282579e-02
-1.574110014722720496e-01,-1.423145048252870068e-02,1.882673689791595009e-02,1.386944351206444506e-02,-9.101925394541613215e-03,-3.276678773543467010e-02
-1.574282385097139358e-01,-1.412900414920787405e-02,1.866521792705268593e-02,1.415753432899334065e-02,-9.202643865646150181e-03,-3.316414427121640307e-02
-1.574491648048431947e-01,-1.402860464829346412e-02,1.850654071429755354e-02,1.444113666882727333e-02,-9.301296297256839499e-03,-3.355433426641822592e-02
-1.574737803576599371e-01,-1.393025197978555764e-02,1.835070525965069518e-02,1.472025053156598637e-02,-9.397882689373594431e-03,-3.393735772103975701e-02
-1.575020851681641076e-01,-1.383394614368411123e-02,1.819771156311203800e-02,1.499487591720961160e-02,-9.492403041996458346e-03,-3.431321463508119757e-02
-1.575340792363556786e-01,-1.373968713998912662e-02,1.804755962468158198e-02,1.526501282575814210e-02,-9.584857355125427775e-03,-3.468190500854254066e-02
-1.575697625622347608e-01,-1.364747496870055872e-02,1.790024944435925774e-02,1.553066125721170275e-02,-9.675245628760547820e-03,-3.504342884142394587e-02
-1.576091351458012435e-01,-1.355730962981849079e-02,1.775578102214520060e-02,1.579182121157005070e-02,-9.763567862901736949e-03,-3.539778613372508709e-02
-1.576521969870551543e-01,-1.346919112334288640e-02,1.761415435803934462e-02,1.604849268883330737e-02,-9.849824057549035061e-03,-3.574497688544613083e-02
-1.576979162934921963e-01,-1.338283198592187494e-02,1.747496444714716213e-02,1.630112484041638943e-02,-9.934190381039797665e-03,-3.608563376087421670e-02
-1.577423824095221527e-01,-1.329714268631804718e-02,1.733667625732964596e-02,1.655142002070190271e-02,-1.001733453903232325e-02,-3.642215465699061988e-02
-1.577852166826452518e-01,-1.321201772975777282e-02,1.719914115781565750e-02,1.679954306157712893e-02,-1.009932118268559546e-02,-3.675477175217661818e-02
-1.578264191128615490e-01,-1.312745711624101023e-02,1.706235914860512737e-02,1.704549396304217909e-02,-1.018015031199965420e-02,-3.708348504643239202e-02
-1.578659897001710721e-01,-1.304346084576776289e-02,1.692633022969806250e-02,1.728927272509706015e-02,-1.025982192697449426e-02,-3.740829453975791363e-02
-1.579039284445737934e-01,-1.296002891833799263e-02,1.679105440109440392e-02,1.753087934774187270e-02,-1.033833602761015380e-02,-3.772920023215334262e-02
-1.579402353460696851e-01,-1.287716133395177404e-02,1.665653166279426611e-02,1.777031383097640513e-02,-1.041569261390656170e-02,-3.804620212361838755e-02
-1.579749104046587194e-01,-1.279485809260907068e-02,1.652276201479759010e-02,1.800757617480076150e-02,-1.049189168586375093e-02,-3.835930021415318719e-02
-1.580079536203410073e-01,-1.271311919430987911e-02,1.638974545710438283e-02,1.824266637921494877e-02,-1.056693324348172668e-02,-3.866849450375774849e-02
-1.580393649931164934e-01,-1.263194463905416808e-02,1.625748198971457489e-02,1.847558444421906407e-02,-1.064081728676051671e-02,-3.897378499243220329e-02
-1.580691445229851499e-01,-1.255133442684200351e-02,1.612597161262828774e-02,1.870633036981290270e-02,-1.071354381570005856e-02,-3.927517168017628096e-02
-1.580972922099470046e-01,-1.247128855767335766e-02,1.599521432584546932e-02,1.893490415599656529e-02,-1.078511283030038174e-02,-3.957265456699012030e-02
-1.581238080540020297e-01,-1.239180703154822358e-02,1.586521012936611269e-02,1.916130580277005876e-02,-1.085552433056148972e-02,-3.986623365287372128e-02
-1.581486920551502806e-01,-1.231288984846656831e-02,1.573595902319015888e-02,1.938553531013347681e-02,-1.092477831648341370e-02,-4.015590893782720189e-02
-1.581719442133917020e-01,-1.223453700842846471e-02,1.560746100731772758e-02,1.960759267808662165e-02,-1.099287478806608778e-02,-4.044168042185031925e-02
-1.581935645287263215e-01,-1.215674851143387289e-02,1.547971608174876154e-02,1.982747790662959045e-02,-1.105981374530954665e-02,-4.072354810494319827e-02
-1.582135530011541391e-01,-1.207952435748279631e-02,1.535272424648325557e-02,2.004519099576238667e-02,-1.112559518821378858e-02,-4.100151198710582506e-02
-1.582319096306751272e-01,-1.200286454657520027e-02,1.522648550152115934e-02,2.026073194548510745e-02,-1.119021911677884305e-02,-4.127557206833834536e-02
-1.582486344172893133e-01,-1.192676907871115070e-02,1.510099984686258216e-02,2.047410075579755503e-02,-1.125368553100465109e-02,-4.154572834864048853e-02
-1.582637273609966977e-01,-1.185123795389061638e-02,1.497626728250746678e-02,2.068529742669983351e-02,-1.131599443089124392e-02,-4.181198082801240029e-02
-1.582771884617972802e-01,-1.177627117211359729e-02,1.485228780845581666e-02,2.089432195819193594e-02,-1.137714581643861980e-02,-4.207432950645407371e-02
-1.582890177196910331e-01,-1.170186873338005702e-02,1.472906142470757455e-02,2.110117435027395599e-02,-1.143713968764680650e-02,-4.233277438396561287e-02
-1.582992151346780119e-01,-1.162803063769006669e-02,1.460658813126284802e-02,2.130585460294570979e-02,-1.149597604451574849e-02,-4.258731546054680267e-02
-1.583077807067581610e-01,-1.155475688504358986e-02,1.448486792812158849e-02,2.150836271620729101e-02,-1.155365488704547527e-02,-4.283795273619774718e-02
-1.583147144359315084e-01,-1.148204747544062480e-02,1.436390081528379076e-02,2.170869869005870312e-02,-1.161017621523598685e-02,-4.308468621091845335e-02
-1.583200163221980261e-01,-1.140990240888114376e-02,1.424368679274940104e-02,2.190686252450002591e-02,-1.166554002908730230e-02,-4.332751588470903220e-02
-1.583236863655577698e-01,-1.133832168536520919e-02,1.412422586051853210e-02,2.210285421953108592e-02,-1.171974632859937998e-02,-4.356644175756925474e-02
-1.583257245660106838e-01,-1.126730530489278813e-02,1.400551801859112495e-02,2.229667377515197335e-02,-1.177279511377223899e-02,-4.380146382949923894e-02
-1.583261309235567960e-01,-1.119685326746388231e-02,1.388756326696717960e-02,2.248832119136268820e-02,-1.182468638460588452e-02,-4.403258210049897092e-02
-1.583249054381961063e-01,-1.112696557307845877e-02,1.377036160564664574e-02,2.267779646816331374e-02,-1.187542014110033219e-02,-4.425979657056858252e-02
-1.583220481099285870e-01,-1.105764222173657996e-02,1.365391303462962919e-02,2.286509960555367996e-02,-1.192499638325554383e-02,-4.448310723970783781e-02
-1.583175589387542659e-01,-1.098888321343821639e-02,1.353821755391607269e-02,2.305023060353387360e-02,-1.197341511107153852e-02,-4.470251410791685476e-02
-1.583114379246731707e-01,-1.092068854818336633e-02,1.342327516350598146e-02,2.323318946210389466e-02,-1.202067632454831628e-02,-4.491801717519563336e-02
-1.583036850676852458e-01,-1.085305822597200202e-02,1.330908586339930345e-02,2.341397618126381946e-02,-1.206678002368589617e-02,-4.512961644154426383e-02
-1.582943003677904914e-01,-1.078599224680417898e-02,1.319564965359613755e-02,2.359259076101349537e-02,-1.211172620848424177e-02,-4.533731190696256574e-02
-1.582832838249889351e-01,-1.071949061067987291e-02,1.308296653409643691e-02,2.376903320135299175e-02,-1.215551487894336868e-02,-4.554110357145061544e-02
-1.582706354392805770e-01,-1.065355331759907861e-02,1.297103650490019980e-02,2.394330350228231902e-02,-1.219814603506328039e-02,-4.574099143500843373e-02
-1.582563552106654448e-01,-1.058818036756177181e-02,1.285985956600737418e-02,2.411540166380154657e-02,-1.223961967684399424e-02,-4.593697549763609000e-02
-1.582404431391434552e-01,-1.052337176056800799e-02,1.274943571741806413e-02,2.428532768591052521e-02,-1.227993580428547206e-02,-4.612905575933342467e-02
-1.582228992247146915e-01,-1.045912749661775769e-02,1.263976495913221587e-02,2.445308156860933127e-02,-1.231909441738773293e-02,-4.631723222010051405e-02
-1.582037234673790982e-01,-1.039544757571102089e-02,1.253084729114983115e-02,2.461866331189796128e-02,-1.235709551615077860e-02,-4.650150487993735815e-02
-1.581829158671367030e-01,-1.033233199784779933e-02,1.242268271347090822e-02,2.478207291577642218e-02,-1.239393910057460732e-02,-4.668187373884397084e-02
-1.581604764239875061e-01,-1.026978076302806180e-02,1.231527122609540371e-02,2.494331038024477643e-02,-1.242962517065923644e-02,-4.685833879682041458e-02
-1.581364051379315072e-01,-1.020779387125186899e-02,1.220861282902340784e-02,2.510237570530288870e-02,-1.246415372640463128e-02,-4.703090005386655059e-02
-1.581107269457097675e-01,-1.014636816685022570e-02,1.210270243160926386e-02,2.525928536936068378e-02,-1.249753205836219572e-02,-4.719958397233713771e-02
-1.580849382729496988e-01,-1.008531428169804484e-02,1.199723454996803711e-02,2.541502822315454616e-02,-1.253019766427393086e-02,-4.736597852820564891e-02
-1.580599183297551058e-01,-1.002452095442293856e-02,1.189202970005896060e-02,2.557018525617230781e-02,-1.256240759161898236e-02,-4.753101672107810233e-02
-1.580356671161260440e-01,-9.963988185024958907e-03,1.178708788188213147e-02,2.572475646841383343e-02,-1.259416184039732073e-02,-4.769469855095436611e-02
-1.580121846320625134e-01,-9.903715973504079867e-03,1.168240909543749942e-02,2.587874185987919240e-02,-1.262546041060896330e-02,-4.785702401783449578e-02
-1.579894708775644863e-01,-9.843704319860297966e-03,1.157799334072506792e-02,2.603214143056838473e-02,-1.265630330225390836e-02,-4.801799312171851214e-02
-1.579675258526320181e-01,-9.783953224093594123e-03,1.147384061774478839e-02,2.618495518048147286e-02,-1.268669051533216977e-02,-4.817760586260647765e-02
-1.579463495572650533e-01,-9.724462686204015174e-03,1.136995092649675451e-02,2.633718310961833189e-02,-1.271662204984372324e-02,-4.833586224049825353e-02
-1.579259419914636198e-01,-9.665232706191535100e-03,1.126632426698091945e-02,2.648882521797901735e-02,-1.274609790578857572e-02,-4.849276225539390223e-02
-1.579063031552277174e-01,-9.606263284056155635e-03,1.116296063919728319e-02,2.663988150556354309e-02,-1.277511808316673415e-02,-4.864830590729343068e-02
-1.578874330485572908e-01,-9.547554419797852493e-03,1.105986004314580065e-02,2.679035197237196117e-02,-1.280368258197820720e-02,-4.880249319619690829e-02
-1.578693316714524508e-01,-9.489106113416674246e-03,1.095702247882656376e-02,2.694023661840414668e-02,-1.283179140222296885e-02,-4.895532412210419626e-02
-1.578519990239131143e-01,-9.430918364912593138e-03,1.085444794623952221e-02,2.708953544366016555e-02,-1.285944454390103645e-02,-4.910679868501535705e-02
-1.578354351059392535e-01,-9.372991174285616109e-03,1.075213644538468294e-02,2.723824844814001778e-02,-1.288664200701240478e-02,-4.925691688493039760e-02
-1.578196399175309794e-01,-9.315324541535710198e-03,1.065008797626199565e-02,2.738637563184376580e-02,-1.291338379155708774e-02,-4.940567872184937342e-02
-1.578046134586882088e-01,-9.257918466662932652e-03,1.054830253887155400e-02,2.753391699477128127e-02,-1.293966989753506450e-02,-4.955308419577217349e-02
-1.577903557294109416e-01,-9.200772949667255715e-03,1.044678013321330944e-02,2.768087253692263008e-02,-1.296550032494634026e-02,-4.969913330669884638e-02
-1.577768667296992056e-01,-9.143887990548677652e-03,1.034552075928726715e-02,2.782724225829781572e-02,-1.299087507379092198e-02,-4.984382605462939902e-02
-1.577641464595530008e-01,-9.087263589307174178e-03,1.024452441709337511e-02,2.797302615889689023e-02,-1.301579414406881657e-02,-4.998716243956389388e-02
-1.577521949189723272e-01,-9.030899745942795598e-03,1.014379110663172871e-02,2.811822423871973564e-02,-1.304025753578000324e-02,-5.012914246150219910e-02
-1.577410121079571570e-01,-8.974796460455517627e-03,1.004332082790228113e-02,2.826283649776641441e-02,-1.306426524892449238e-02,-5.026976612044438408e-02
-1.577305980265075458e-01,-8.918953732845340265e-03,9.943113580905032362e-03,2.840686293603692653e-02,-1.308781728350228574e-02,-5.040903341639044882e-02
-1.577209526746234103e-01,-8.863371563112239226e-03,9.843169365639937302e-03,2.855030355353133445e-02,-1.311091363951339024e-02,-5.054694434934044883e-02
-1.577120760523048337e-01,-8.808049951256261348e-03,9.743488182107087892e-03,2.869315835024950981e-02,-1.313355431695778855e-02,-5.068349891929426615e-02
-1.577039681595517606e-01,-8.752988897277384078e-03,9.644070030306437294e-03,2.883542732619151852e-02,-1.315573931583548933e-02,-5.081869712625196323e-02
-1.576966289963642187e-01,-8.698188401175607418e-03,9.544914910237983774e-03,2.897711048135735712e-02,-1.317746863614649433e-02,-5.095253897021354006e-02
-1.576900585627421802e-01,-8.643648462950905345e-03,9.446022821901685698e-03,2.911820781574709846e-02,-1.319874227789081048e-02,-5.108502445117905910e-02
-1.576842568586857007e-01,-8.589369082603328168e-03,9.347393765297629803e-03,2.925871932936060030e-02,-1.321956024106842216e-02,-5.121615356914838851e-02
-1.576792238841947247e-01,-8.535350260132851599e-03,9.249027740425772720e-03,2.939864502219794243e-02,-1.323992252567933285e-02,-5.134592632412159768e-02
-1.576749596392692798e-01,-8.481591995539475640e-03,9.150924747286116184e-03,2.953798489425911097e-02,-1.325982913172354949e-02,-5.147434271609868661e-02
-1.576714641239093384e-01,-8.428094288823174268e-03,9.053084785878615093e-03,2.967673894554417879e-02,-1.327928005920107728e-02,-5.160140274507970387e-02
-1.576687373381149559e-01,-8.374857139983997792e-03,8.955507856203356182e-03,2.981490717605301405e-02,-1.329827530811189713e-02,-5.172710641106454538e-02
-1.576667792818860769e-01,-8.321880549021921925e-03,8.858193958260296083e-03,2.995248958578568266e-02,-1.331681487845602294e-02,-5.185145371405326664e-02
-1.576655899552227014e-01,-8.269164515936946666e-03,8.761143092049434797e-03,3.008948617474218115e-02,-1.333489877023344948e-02,-5.197444465404586073e-02
-1.576651693581248848e-01,-8.216709040729045996e-03,8.664355257570728955e-03,3.022589694292257892e-02,-1.335252698344418891e-02,-5.209607923104239702e-02
-1.576655174905925438e-01,-8.164514123398270221e-03,8.567830454824265293e-03,3.036172189032674412e-02,-1.336969951808822214e-02,-5.221635744504275062e-02
-1.576666343526257619e-01,-8.112579763944595054e-03,8.471568683810000444e-03,3.049696101695474268e-02,-1.338641637416555785e-02,-5.233527929604698398e-02
-1.576685199442245111e-01,-8.060905962368018762e-03,8.375569944527934407e-03,3.063161432280657112e-02,-1.340267755167619777e-02,-5.245284478405509709e-02
-1.576711742653887638e-01,-8.009492718668520528e-03,8.279834236978025550e-03,3.076568180788229884e-02,-1.341848305062014711e-02,-5.256905390906713854e-02
-1.576745973161185477e-01,-7.958340032846145454e-03,8.184361561160358872e-03,3.089916347218179052e-02,-1.343383287099739025e-02,-5.268390667108300424e-02
-1.576787890964138628e-01,-7.907447904900869254e-03,8.089151917074891007e-03,3.103205931570512249e-02,-1.344872701280793933e-02,-5.279740307010274969e-02
-1.576837496062746813e-01,-7.856816334832693663e-03,7.994205304721620220e-03,3.116436933845228435e-02,-1.346316547605178916e-02,-5.290954310612637490e-02
-1.576894788457010588e-01,-7.806445322641596130e-03,7.899521724100506612e-03,3.129609354042332814e-02,-1.347714826072895014e-02,-5.302032677915391456e-02
-1.576959768146929119e-01,-7.756334868327620889e-03,7.805101175211635184e-03,3.142723192161815671e-02,-1.349067536683940666e-02,-5.312975408918529235e-02
-1.577032435132503241e-01,-7.706484971890746258e-03,7.710943658054962568e-03,3.155778448203681863e-02,-1.350374679438316565e-02,-5.323782503622054990e-02
-1.577112789413732397e-01,-7.656895633330970501e-03,7.617049172630487898e-03,3.168775122167930697e-02,-1.351636254336022885e-02,-5.334453962025968721e-02
-1.577200830990616864e-01,-7.607566852648274536e-03,7.523417718938171274e-03,3.181713214054569111e-02,-1.352852261377059974e-02,-5.344989784130274590e-02
-1.577296559863156644e-01,-7.558498629842699996e-03,7.430049296978095963e-03,3.194592723863584616e-02,-1.354022700561426790e-02,-5.355389969934963579e-02
-1.577398241423900449e-01,-7.509654417959119727e-03,7.336872640557626397e-03,3.207420854747048550e-02,-1.355146096913203459e-02,-5.365656419502954494e-02
-1.577495225837831638e-01,-7.460809832487954110e-03,7.243450202153868533e-03,3.220241831339792221e-02,-1.356213394636972269e-02,-5.375800798503356515e-02
-1.577585697145998944e-01,-7.411926612455353898e-03,7.149707373255027518e-03,3.233063194615119762e-02,-1.357223049581793121e-02,-5.385825096110298527e-02
-1.577669655348401256e-01,-7.363004757861363325e-03,7.055644153861189219e-03,3.245884944573020764e-02,-1.358175061747665495e-02,-5.395729312323772203e-02
-1.577747100445039408e-01,-7.314044268705960708e-03,6.961260543972311136e-03,3.258707081213500778e-02,-1.359069431134589737e-02,-5.405513447143781014e-02
-1.577818032435913120e-01,-7.265045144989146914e-03,6.866556543588391535e-03,3.271529604536559110e-02,-1.359906157742565846e-02,-5.415177500570326347e-02
-1.577882451321022950e-01,-7.216007386710898523e-03,6.771532152709390517e-03,3.284352514542202700e-02,-1.360685241571594171e-02,-5.424721472603410977e-02
-1.577940357100368063e-01,-7.166930993871259772e-03,6.676187371335390482e-03,3.297175811230419057e-02,-1.361406682621674018e-02,-5.434145363243027271e-02
-1.577991749773948738e-01,-7.117815966470208977e-03,6.580522199466351529e-03,3.309999494601214426e-02,-1.362070480892805732e-02,-5.443449172489179394e-02
-1.578036629341765529e-01,-7.068662304507746137e-03,6.484536637102272794e-03,3.322823564654588807e-02,-1.362676636384989141e-02,-5.452632900341868039e-02
-1.578074995803817604e-01,-7.019470007983849569e-03,6.388230684243110039e-03,3.335648021390547058e-02,-1.363225149098224592e-02,-5.461696546801095287e-02
-1.578106849160105241e-01,-6.970239076898562640e-03,6.291604340888950868e-03,3.348472864809078076e-02,-1.363716019032511911e-02,-5.470640111866854893e-02
-1.578132189410628994e-01,-6.920969511251864534e-03,6.194657607039751913e-03,3.361298094910188800e-02,-1.364149246187850925e-02,-5.479463595539149634e-02
-1.578151016555388031e-01,-6.871661311043752648e-03,6.097390482695511441e-03,3.374123711693878536e-02,-1.364524830564241807e-02,-5.488166997817980897e-02
-1.578163330594382630e-01,-6.822314476274207902e-03,5.999802967856187816e-03,3.386949715160152141e-02,-1.364842772161684731e-02,-5.496750318703350763e-02
-1.578169131527613067e-01,-6.772929006943272795e-03,5.901895062521868643e-03,3.399776105308999902e-02,-1.365103070980179349e-02,-5.505213558195253681e-02
-1.578168419355079066e-01,-6.723504903050925643e-03,5.803666766692507951e-03,3.412602882140425981e-02,-1.365305727019725836e-02,-5.513556716293691734e-02
-1.578161194076780904e-01,-6.674042164597165580e-03,5.705118080368107476e-03,3.425430045654430378e-02,-1.365450740280324017e-02,-5.521779792998665615e-02
-1.578147455692718304e-01,-6.624540791581972655e-03,5.606249003548623849e-03,3.438257595851020032e-02,-1.365538110761974240e-02,-5.529882788310178793e-02
-1.578127204202891265e-01,-6.575000784005389370e-03,5.507059536234142939e-03,3.451085532730182454e-02,-1.365567838464676331e-02,-5.537865702228223636e-02
-1.578100439607299788e-01,-6.525422141867394041e-03,5.407549678424622246e-03,3.463913856291923193e-02,-1.365539923388429944e-02,-5.545728534752805000e-02
-1.578067161905944427e-01,-6.475804865167986667e-03,5.307719430120061768e-03,3.476742566536243639e-02,-1.365454365533235771e-02,-5.553471285883922193e-02
-1.578027371098824350e-01,-6.426148953907144697e-03,5.207568791320416404e-03,3.489571663463148649e-02,-1.365311164899093294e-02,-5.561093955621577989e-02
-1.577981067185939834e-01,-6.376454408084913233e-03,5.107097762025775492e-03,3.502401147072626425e-02,-1.365110321486002684e-02,-5.568596543965766144e-02
-1.577928250167291158e-01,-6.326721227701269726e-03,5.006306342236094796e-03,3.515231017364683214e-02,-1.364851835293964116e-02,-5.575979050916490126e-02
-1.577868920042878043e-01,-6.276949412756214174e-03,4.905194531951373449e-03,3.528061274339319014e-02,-1.364535706322977070e-02,-5.583241476473749937e-02
-1.577803076812700489e-01,-6.227138963249723158e-03,4.803762331171567215e-03,3.540891917996539379e-02,-1.364161934573041718e-02,-5.590383820637549045e-02
-1.577730720476759052e-01,-6.177289879181843517e-03,4.702009739896765433e-03,3.553722948336333204e-02,-1.363730520044158581e-02,-5.597406083407880512e-02
-1.577651851035052899e-01,-6.127402160552551831e-03,4.599936758126924735e-03,3.566554365358705347e-02,-1.363241462736327139e-02,-5.604308264784747112e-02
-1.577566468487582307e-01,-6.077475807361848101e-03,4.497543385862042518e-03,3.579386169063656503e-02,-1.362694762649547739e-02,-5.611090364768149541e-02
-1.577474572834347555e-01,-6.027510819609708907e-03,4.394829623102075415e-03,3.592218359451192222e-02,-1.362090419783819860e-02,-5.617752383358091961e-02
-1.577376164075348364e-01,-5.977507197296181088e-03,4.291795469847113631e-03,3.605050936521300708e-02,-1.361428434139144023e-02,-5.624294320554566046e-02
-1.577271242210584734e-01,-5.927464940421241224e-03,4.188440926097111196e-03,3.617883900273987513e-02,-1.360708805715520227e-02,-5.630716176357575264e-02
-1.577159807240057221e-01,-5.877384048984889316e-03,4.084765991852068977e-03,3.630717250709254024e-02,-1.359931534512948126e-02,-5.637017950767121005e-02
-1.577041859163764714e-01,-5.827264522987102811e-03,3.980770667111941871e-03,3.643550987827105098e-02,-1.359096620531427373e-02,-5.643199643783206043e-02
-1.576917397981708047e-01,-5.777106362427925079e-03,3.876454951876819217e-03,3.656385111627529633e-02,-1.358204063770959008e-02,-5.649261255405822746e-02
-1.576786423693887496e-01,-5.726909567307337037e-03,3.771818846146656346e-03,3.669219622110532486e-02,-1.357253864231542512e-02,-5.655202785634975277e-02
-1.576648936300302228e-01,-5.676674137625336951e-03,3.666862349921454125e-03,3.682054519276114352e-02,-1.356246021913177884e-02,-5.661024234470664329e-02
-1.576504935800952523e-01,-5.626400073381902268e-03,3.561585463201164849e-03,3.694889803124280780e-02,-1.355180536815864430e-02,-5.666725601912891291e-02
-1.576354422195838656e-01,-5.576087374577076358e-03,3.455988185985882193e-03,3.707725473655020670e-02,-1.354057408939603538e-02,-5.672306887961652000e-02
-1.576197395484960351e-01,-5.525736041210840138e-03,3.350070518275559319e-03,3.720561530868338185e-02,-1.352876638284394514e-02,-5.677768092616947149e-02
-1.576033855668317607e-01,-5.475346073283191874e-03,3.243832460070196228e-03,3.733397974764236099e-02,-1.351638224850237012e-02,-5.683109215878778819e-02
-1.575863802745910702e-01,-5.424917470794108146e-03,3.137274011369745649e-03,3.746234805342717883e-02,-1.350342168637131031e-02,-5.688330257747149094e-02
-1.575687236717739359e-01,-5.374450233743635792e-03,3.030395172174302557e-03,3.759072022603772434e-02,-1.348988469645077438e-02,-5.693431218222052420e-02
-1.575504157583803577e-01,-5.323944362131749659e-03,2.923195942483819681e-03,3.771909626547406691e-02,-1.347577127874075714e-02,-5.698412097303490881e-02
-1.575314565344103634e-01,-5.273399855958453217e-03,2.815676322298296154e-03,3.784747617173619266e-02,-1.346108143324125858e-02,-5.703272894991465169e-02
-1.575118459998639253e-01,-5.222816715223722178e-03,2.707836311617684705e-03,3.797585994482416405e-02,-1.344581515995227003e-02,-5.708013611285978062e-02
-1.574915841547410433e-01,-5.172194939927600779e-03,2.599675910442081610e-03,3.810424758473787005e-02,-1.342997245887380883e-02,-5.712634246187024700e-02
-1.574707521492249296e-01,-5.121515815103256687e-03,2.491190148207725504e-03,3.823257495134887995e-02,-1.341358066671413489e-02,-5.717132198856138964e-02
-1.574501090489160149e-01,-5.070604283998306032e-03,2.382332531070971079e-03,3.836024208833859611e-02,-1.339689548659142929e-02,-5.721483141473774486e-02
-1.574298410632041789e-01,-5.019417402747234844e-03,2.273091653442776972e-03,3.848710181804558539e-02,-1.337997964605069055e-02,-5.725681106086134842e-02
-1.574099481920893939e-01,-4.967955171350089093e-03,2.163467515323241625e-03,3.861315414046972982e-02,-1.336283314509193083e-02,-5.729726092693215173e-02
-1.573904304355716877e-01,-4.916217589806845360e-03,2.053460116712315167e-03,3.873839905561109187e-02,-1.334545598371514319e-02,-5.733618101295017561e-02
-1.573712877936510324e-01,-4.864204658117503646e-03,1.943069457609998465e-03,3.886283656346966459e-02,-1.332784816192032935e-02,-5.737357131891542006e-02
-1.573525202663274281e-01,-4.811916376282041399e-03,1.832295538016241862e-03,3.898646666404551042e-02,-1.331000967970748065e-02,-5.740943184482789896e-02
-1.573341278536008747e-01,-4.759352744300504590e-03,1.721138357931143587e-03,3.910928935733851142e-02,-1.329194053707661097e-02,-5.744376259068758456e-02
-1.573161105554714279e-01,-4.706513762172870666e-03,1.609597917354655067e-03,3.923130464334872308e-02,-1.327364073402771509e-02,-5.747656355649449766e-02
-1.572984683719390042e-01,-4.653399429899137893e-03,1.497674216286775653e-03,3.935251252207615236e-02,-1.325511027056079302e-02,-5.750783474224862440e-02
-1.572812013030036316e-01,-4.600009747479283720e-03,1.385367254727455904e-03,3.947291299352084087e-02,-1.323634914667583262e-02,-5.753757614794998559e-02
-1.572643093486653376e-01,-4.546344714913356719e-03,1.272677032676795567e-03,3.959250605768269843e-02,-1.321735736237285470e-02,-5.756578777359856042e-02
-1.572477925089241224e-01,-4.492404332201331736e-03,1.159603550134744336e-03,3.971129171456175971e-02,-1.319813491765184886e-02,-5.759246961919434887e-02
-1.572316507837799582e-01,-4.438188599343207905e-03,1.046146807101302643e-03,3.982926996415804555e-02,-1.317868181251281683e-02,-5.761762168473735790e-02
-1.572158841732328172e-01,-4.383697516338962673e-03,9.323068035764199655e-04,3.994644080647159062e-02,-1.315899804695574646e-02,-5.764124397022760138e-02
-1.572004926772827826e-01,-4.328931083188644613e-03,8.180835395601971337e-04,4.006280424150229780e-02,-1.313908362098065857e-02,-5.766333647566505155e-02
-1.571854762959297991e-01,-4.273889299892228572e-03,7.034770150525837323e-04,4.017836026925021564e-02,-1.311893853458754450e-02,-5.768389920104972229e-02
-1.571708350291738943e-01,-4.218572166449713681e-03,5.884872300535795445e-04,4.029310888971535110e-02,-1.309856278777640250e-02,-5.770293214638162055e-02
-1.571565688770150127e-01,-4.162979682861077391e-03,4.731141845631335586e-04,4.040705010289774579e-02,-1.307795638054722216e-02,-5.772043531166074631e-02
-1.571426778394532098e-01,-4.107111849126368272e-03,3.573578785813482858e-04,4.052018390879730952e-02,-1.305711931290002431e-02,-5.773640869688707877e-02
-1.571291619164884579e-01,-4.050968665245561172e-03,2.412183121081724977e-04,4.063251030741407699e-02,-1.303605158483480027e-02,-5.775085230206063180e-02
-1.571160211081207847e-01,-3.994550131218656090e-03,1.246954851436061671e-04,4.074402929874806900e-02,-1.301475319635154830e-02,-5.776376612718141235e-02
-1.571032554143501347e-01,-3.937856247045628741e-03,7.789397687597306554e-06,4.085474088279931332e-02,-1.299322414745025973e-02,-5.777515017224941346e-02
-1.570908648351765913e-01,-3.880887012726528563e-03,-1.094999502597503123e-04,4.096464505956772667e-02,-1.297146443813095365e-02,-5.778500443726463515e-02
-1.570788493706000710e-01,-3.823642428261330405e-03,-2.271725586984885007e-04,4.107374182905335069e-02,-1.294947406839361791e-02,-5.779332892222707740e-02
-1.570672090206206573e-01,-3.766122493650034698e-03,-3.452284276286172451e-04,4.118203119125619233e-02,-1.292725303823825597e-02,-5.780012362713673330e-02
-1.570559437852382667e-01,-3.708327208892615856e-03,-4.636675570501895766e-04,4.128951314617629320e-02,-1.290480134766485917e-02,-5.780538855199361670e-02
-1.570450536644529549e-01,-3.650256573989125054e-03,-5.824899469630995686e-04,4.139618769381355617e-02,-1.288211899667344312e-02,-5.780912369679772067e-02
-1.570345386582646940e-01,-3.591910588939535836e-03,-7.016955973674001302e-04,4.150205483416804370e-02,-1.285920598526399741e-02,-5.781132906154904522e-02
-1.570243987666734842e-01,-3.533289253743849070e-03,-8.212845082630912613e-04,4.160711456723972801e-02,-1.283606231343652725e-02,-5.781200464624759727e-02
-1.570146339896793530e-01,-3.474392568402065191e-03,-9.412566796501728537e-04,4.171136689302863687e-02,-1.281268798119102915e-02,-5.781115045089336296e-02
-1.570052443272823006e-01,-3.415220532914157309e-03,-1.061612111528698575e-03,4.181481181153479804e-02,-1.278908298852749273e-02,-5.780876647548634228e-02
-1.569962297794822714e-01,-3.355773147280177466e-03,-1.182350803898561632e-03,4.191744932275813518e-02,-1.276524733544593879e-02,-5.780485272002654912e-02
-1.569875903462792932e-01,-3.296050411500099642e-03,-1.303472756759814933e-03,4.201927942669868299e-02,-1.274118102194636039e-02,-5.779940918451397652e-02
-1.569793260276734215e-01,-3.236052325573925137e-03,-1.424977970112459129e-03,4.212030212335644147e-02,-1.271688404802875233e-02,-5.779243586894862450e-02
-1.569714368236645730e-01,-3.175778889501625762e-03,-1.546866443956548213e-03,4.222051741273145919e-02,-1.269235641369310594e-02,-5.778393277333049305e-02
-1.569639227342528032e-01,-3.115230103283254861e-03,-1.669138178291973114e-03,4.231992529482363902e-02,-1.266759811893944376e-02,-5.777389989765958217e-02
-1.569567837594381121e-01,-3.054405966918786412e-03,-1.791793173118789127e-03,4.241852576963304339e-02,-1.264260916376775366e-02,-5.776233724193589186e-02
-1.569500198992204443e-01,-2.993306480408220848e-03,-1.914831428436995601e-03,4.251631883715965149e-02,-1.261738954817803737e-02,-5.774924480615942213e-02
-1.569436311535998552e-01,-2.931931643751529981e-03,-2.038252944246647831e-03,4.261330449740351883e-02,-1.259193927217027928e-02,-5.773462259033017296e-02
-1.569376175225763170e-01,-2.870281456948768455e-03,-2.162057720547635661e-03,4.270948275036456215e-02,-1.256625833574450887e-02,-5.771847059444814437e-02
-1.569319790061498576e-01,-2.808355919999909380e-03,-2.286245757340013736e-03,4.280485359604280921e-02,-1.254034673890070881e-02,-5.770078881851333635e-02
-1.569267156043204492e-01,-2.746155032904952758e-03,-2.410817054623782488e-03,4.289941703443828080e-02,-1.251420448163888081e-02,-5.768157726252575584e-02
-1.569218273170881195e-01,-2.683678795663870398e-03,-2.535771612398997864e-03,4.299317306555099083e-02,-1.248783156395901622e-02,-5.766083592648538203e-02
-1.569173141444528130e-01,-2.620927208276718247e-03,-2.661109430665547972e-03,4.308612168938089071e-02,-1.246122798586113585e-02,-5.763856481039223573e-02
-1.569131760864146130e-01,-2.557900270743468114e-03,-2.786830509423488759e-03,4.317826290592798738e-02,-1.243439374734522408e-02,-5.761476391424630999e-02
-1.569094103130752038e-01,-2.494597519760728254e-03,-2.912932517932562745e-03,4.326958457218352261e-02,-1.240733011758286645e-02,-5.758942417657955670e-02
-1.569058205539711481e-01,-2.430986822451522249e-03,-3.039253805337207952e-03,4.335924449745195974e-02,-1.238012512125669443e-02,-5.756191713007995092e-02
-1.569022870164561434e-01,-2.367048566683271557e-03,-3.165695708886813887e-03,4.344672865506657433e-02,-1.235283248376934512e-02,-5.753185919302528095e-02
-1.568988097005302451e-01,-2.302782752455948424e-03,-3.292258228581436495e-03,4.353203704502741495e-02,-1.232545220512081333e-02,-5.749925036541553985e-02
-1.568953886061933700e-01,-2.238189379769552415e-03,-3.418941364421076209e-03,4.361516966733447465e-02,-1.229798428531109558e-02,-5.746409064725072069e-02
-1.568920237334455736e-01,-2.173268448624054907e-03,-3.545745116405788541e-03,4.369612652198778813e-02,-1.227042872434018148e-02,-5.742638003853080264e-02
-1.568887150822868559e-01,-2.108019959019513580e-03,-3.672669484535461600e-03,4.377490760898729988e-02,-1.224278552220809356e-02,-5.738611853925583428e-02
-1.568854626527171892e-01,-2.042443910955899812e-03,-3.799714468810151766e-03,4.385151292833303072e-02,-1.221505467891481796e-02,-5.734330614942578092e-02
-1.568822664447365733e-01,-1.976540304433213602e-03,-3.926880069229858605e-03,4.392594248002498064e-02,-1.218723619446035987e-02,-5.729794286904064948e-02
-1.568791264583450362e-01,-1.910309139451424592e-03,-4.054166285794638495e-03,4.399819626406319129e-02,-1.215933006884470369e-02,-5.725002869810042611e-02
-1.568760426935425223e-01,-1.843750416010593064e-03,-4.181573118504379113e-03,4.406827428044759326e-02,-1.213133630206787543e-02,-5.719956363660515242e-02
-1.568730151503291148e-01,-1.776864134110688227e-03,-4.309100567359135971e-03,4.413617652917822126e-02,-1.210325489412985948e-02,-5.714654768455479372e-02
-1.568700438287047583e-01,-1.709650293751711165e-03,-4.436748632358909067e-03,4.420190301025506835e-02,-1.207508584503065932e-02,-5.709098084194936390e-02
-1.568671287286694804e-01,-1.642108894933631304e-03,-4.564517313503756515e-03,4.426545372367816922e-02,-1.204682915477026280e-02,-5.703286310878882132e-02
-1.568642698502232535e-01,-1.574239937656508924e-03,-4.692406610793563825e-03,4.432682866944745448e-02,-1.201848482334869246e-02,-5.697219448507323536e-02
-1.568614671933661053e-01,-1.506043421920313669e-03,-4.820416524228388240e-03,4.438602784756297270e-02,-1.199005285076593791e-02,-5.690897497080257134e-02
-1.568587207580980081e-01,-1.437519347725045972e-03,-4.948547053808228895e-03,4.444305125802471002e-02,-1.196153323702199567e-02,-5.684320456597682925e-02
-1.568560305444189895e-01,-1.368667715070674825e-03,-5.076798199533143034e-03,4.449789890083270111e-02,-1.193292598211685707e-02,-5.677488327059598827e-02
-1.568533965523290219e-01,-1.299488523957261811e-03,-5.205169961403017034e-03,4.455057077598689047e-02,-1.190423108605054466e-02,-5.670401108466009005e-02
-1.568508187818281052e-01,-1.229981774384775704e-03,-5.333662339417908141e-03,4.460106688348729892e-02,-1.187544854882304803e-02,-5.663058800816911376e-02
-1.568482972329162672e-01,-1.160147466353217372e-03,-5.462275333577816354e-03,4.464938722333393339e-02,-1.184657837043436544e-02,-5.655461404112307328e-02
-1.568458319055935080e-01,-1.089985599862555157e-03,-5.591008943882798919e-03,4.469553179552680777e-02,-1.181762055088448650e-02,-5.647608918352191310e-02
-1.568434227998597996e-01,-1.019496174912851291e-03,-5.719863170332740478e-03,4.473950060006588736e-02,-1.178857509017343548e-02,-5.639501343536570954e-02
-1.568410699157151422e-01,-9.486791915040748745e-04,-5.848838012927699143e-03,4.478129363695119297e-02,-1.175944198830119677e-02,-5.631138679665444180e-02
-1.568387732531595635e-01,-8.775346496362259078e-04,-5.977933471667674047e-03,4.482091090618271767e-02,-1.173022124526777385e-02,-5.622520926738808211e-02
-1.568365328121930358e-01,-8.060625493092722985e-04,-6.107149546552722436e-03,4.485835240776048227e-02,-1.170091286107315109e-02,-5.613648084756661660e-02
-1.568343485928155867e-01,-7.342628905232779059e-04,-6.236486237582730685e-03,4.489361814168445208e-02,-1.167151683571735973e-02,-5.604520153719010078e-02
-1.568322205950271886e-01,-6.621356732782108546e-04,-6.365943544757756041e-03,4.492670810795464792e-02,-1.164203316920037895e-02,-5.595137133625852771e-02
-1.568301488188278692e-01,-5.896808975740710362e-04,-6.495521468077798503e-03,4.495762230657106978e-02,-1.161246186152221568e-02,-5.585499024477186270e-02
-1.568281332642175729e-01,-5.168985634108262499e-04,-6.625220007542915318e-03,4.498636073753372461e-02,-1.158280291268285432e-02,-5.575605826273008492e-02
-1.568261739311963832e-01,-4.437886707885412224e-04,-6.755039163152991126e-03,4.501292340084259158e-02,-1.155305632268231915e-02,-5.565457539013326377e-02
-1.568242708197642443e-01,-3.703512197071834821e-04,-6.884978934908083173e-03,4.503731029649767764e-02,-1.152322209152059976e-02,-5.555054162698137843e-02
-1.568224239299211564e-01,-2.965862101667534083e-04,-7.015039322808192326e-03,4.505952142449898973e-02,-1.149330021919769441e-02,-5.544395697327440808e-02
-1.568206332616671472e-01,-2.224936421672172281e-04,-7.145220326853376699e-03,4.507955678484652784e-02,-1.146329070571359098e-02,-5.533482142901231804e-02
-1.568188988150022167e-01,-1.480735157086413218e-04,-7.275521947043519198e-03,4.509741637754028504e-02,-1.143319355106831373e-02,-5.522313499419519850e-02
-1.568172205899263372e-01,-7.332583079099319048e-05,-7.405944183378678804e-03,4.511310020258026826e-02,-1.140300875526185399e-02,-5.510889766882300089e-02
-1.568155985864395086e-01,1.749412585727979025e-06,-7.536487035858854648e-03,4.512660825996647751e-02,-1.137273631829420657e-02,-5.499210945289572522e-02
-1.568140328045417586e-01,7.715221442155490252e-05,-7.667150504484105712e-03,4.513794054969891278e-02,-1.134237624016536279e-02,-5.487277034641332291e-02
-1.568125232442330597e-01,1.528825747164215250e-04,-7.797934589254314902e-03,4.514709707177756021e-02,-1.131192852087534693e-02,-5.475088034937590498e-02
-1.568110699055134394e-01,2.289404934703602370e-04,-7.928839290169541199e-03,4.515407782620243365e-02,-1.128139316042414339e-02,-5.462643946178339510e-02
-1.568096727883828700e-01,3.053259706833720685e-04,-8.059864607229787203e-03,4.515888281297353313e-02,-1.125077015881175736e-02,-5.449944768363581410e-02
-1.568083318928413794e-01,3.820390063554902774e-04,-8.191010540435104959e-03,4.516151203209085863e-02,-1.122005951603816977e-02,-5.436990501493309952e-02
-1.568070472188889397e-01,4.590796004866474806e-04,-8.322277089785381707e-03,4.516196548355439627e-02,-1.118926123210341357e-02,-5.423781145567536932e-02
-1.568058187665255787e-01,5.364477530768773424e-04,-8.453664255280674694e-03,4.516024316736416688e-02,-1.115837530700746968e-02,-5.410316700586256106e-02
-1.568046455687808483e-01,6.141411532458857219e-04,-8.585166430728000120e-03,4.515633269755652685e-02,-1.112740129714059542e-02,-5.396596072022682988e-02
-1.568035048833305578e-01,6.921054510484616435e-04,-8.716651763221510904e-03,4.514994276676811275e-02,-1.109632876917764945e-02,-5.382593517534814409e-02
-1.568023871173908623e-01,7.703177215067338792e-04,-8.848064636790792942e-03,4.514095050063711423e-02,-1.106515332230931931e-02,-5.368298178921864644e-02
-1.568012922709617618e-01,8.487779646207371234e-04,-8.979405051435905213e-03,4.512935589916351048e-02,-1.103387495653559112e-02,-5.353710056183828836e-02
-1.568002203440432007e-01,9.274861803904712676e-04,-9.110673007156842515e-03,4.511515896234731537e-02,-1.100249367185645970e-02,-5.338829149320706291e-02
-1.567991713366352347e-01,1.006442368815971440e-03,-9.241868503953667296e-03,4.509835969018850810e-02,-1.097100946827191809e-02,-5.323655458332490764e-02
-1.567981452487378635e-01,1.085646529897167601e-03,-9.372991541826261597e-03,4.507895808268710947e-02,-1.093942234578199231e-02,-5.308188983219195439e-02
-1.567971420803510596e-01,1.165098663634094988e-03,-9.504042120774684396e-03,4.505695413984311948e-02,-1.090773230438666502e-02,-5.292429723980811990e-02
-1.567961618314748229e-01,1.244798770026752949e-03,-9.635020240798933960e-03,4.503234786165653120e-02,-1.087593934408594143e-02,-5.276377680617343191e-02
-1.567952045021091811e-01,1.324746849075177481e-03,-9.765925901899071004e-03,4.500513924812732380e-02,-1.084404346487980245e-02,-5.260032853128780023e-02
-1.567942700922541066e-01,1.404942900779297893e-03,-9.896759104074977567e-03,4.497532829925553199e-02,-1.081204466676827756e-02,-5.243395241515137750e-02
-1.567933586019096270e-01,1.485386925139148663e-03,-1.002751984732671263e-02,4.494291501504115577e-02,-1.077994294975135464e-02,-5.226464845776408741e-02
-1.567924700310757147e-01,1.566078922154730876e-03,-1.015820813165427619e-02,4.490789939548416737e-02,-1.074773831382903368e-02,-5.209241665912592995e-02
-1.567916043797523695e-01,1.647018891826080092e-03,-1.028882395705772550e-02,4.487028144058457374e-02,-1.071543075900129732e-02,-5.191725701923682879e-02
-1.567907616479396193e-01,1.728206834153123888e-03,-1.041936732353694432e-02,4.483006115034238875e-02,-1.068302028526817680e-02,-5.173916953809693658e-02
-1.567899418356374364e-01,1.809642749135898692e-03,-1.054983823109199165e-02,4.478723852475761935e-02,-1.065050689262965825e-02,-5.155815421570617701e-02
-1.567891449428458484e-01,1.891326636774404938e-03,-1.068023667972286747e-02,4.474181356383023778e-02,-1.061789058108573817e-02,-5.137421105206455701e-02
-1.567883709695648276e-01,1.973258497068678188e-03,-1.081056266942962731e-02,4.469378626756024403e-02,-1.058517135063640618e-02,-5.118734004717197944e-02
-1.567876199157944017e-01,2.055438330018646235e-03,-1.094081620021215839e-02,4.464315663594767281e-02,-1.055234920128168830e-02,-5.099754120102862470e-02
-1.567868917815345431e-01,2.137866135624345507e-03,-1.107099727207051972e-02,4.458992466899250329e-02,-1.051942413302157237e-02,-5.080481451363439566e-02
-1.567861865667852794e-01,2.220541913885775136e-03,-1.120110588500470780e-02,4.453409036669474241e-02,-1.048639614585605666e-02,-5.060915998498931312e-02
-1.567855042715465830e-01,2.303465664802972854e-03,-1.133114203901477990e-02,4.447565372905434855e-02,-1.045326523978512730e-02,-5.041057761509326607e-02
-1.567848448958184537e-01,2.386637388375864935e-03,-1.146110573410062498e-02,4.441461475607138415e-02,-1.042003141480881204e-02,-5.020906740394644185e-02
-1.567842084396009195e-01,2.470057084604487807e-03,-1.159099697026229683e-02,4.435097344774582145e-02,-1.038669467092709874e-02,-5.000462935154875721e-02
-1.567835949028939524e-01,2.553724753488841905e-03,-1.172081574749979718e-02,4.428472980407766740e-02,-1.035325500813998739e-02,-4.979726345790019826e-02
-1.567830042856975803e-01,2.637640395028963657e-03,-1.185056206581318328e-02,4.421588382506688036e-02,-1.031971242644746066e-02,-4.958696972300068173e-02
-1.567824365880117754e-01,2.721804009224779337e-03,-1.198023592520233889e-02,4.414443551071352279e-02,-1.028606692584954976e-02,-4.937374814685038804e-02
-1.567818918098365377e-01,2.806215596076326677e-03,-1.210983732566732474e-02,4.407038486101757385e-02,-1.025231850634623909e-02,-4.915759872944923392e-02
-1.567813699511718950e-01,2.890875155583604375e-03,-1.223936626720813561e-02,4.399373187597901969e-02,-1.021846716793753038e-02,-4.893852147079721243e-02
-1.567808710120178195e-01,2.975782687746650595e-03,-1.236882274982483397e-02,4.391447655559783947e-02,-1.018451291062340627e-02,-4.871651637089421949e-02
-1.567803949923743390e-01,3.060938192565390743e-03,-1.249820677351730358e-02,4.383261889987408871e-02,-1.015045573440389801e-02,-4.849158342974047020e-02
-1.567799418922414256e-01,3.146341670039861250e-03,-1.262751833828559996e-02,4.374815890880774660e-02,-1.011629563927898996e-02,-4.826372264733584661e-02
-1.567795117116190795e-01,3.231993120170063415e-03,-1.275675744412972483e-02,4.366109658239880620e-02,-1.008203262524868388e-02,-4.803293402368035564e-02
-1.567791044505073283e-01,3.317892542956034103e-03,-1.288592409104973545e-02,4.357143192064721893e-02,-1.004766669231296240e-02,-4.779921755877389322e-02
-1.567787201089061444e-01,3.404039938397697852e-03,-1.301501827904551559e-02,4.347916492355308887e-02,-1.001319784047185850e-02,-4.756257325261667446e-02
-1.567783586868155554e-01,3.490435306495092826e-03,-1.314404000811712596e-02,4.338429559111635359e-02,-9.978626069725354819e-03,-4.732300110520858832e-02
-1.567780201842355337e-01,3.577078647248218158e-03,-1.327298927826456483e-02,4.328682392333701306e-02,-9.943951380073451363e-03,-4.708050111654962788e-02
-1.567777046011661068e-01,3.663969960657113313e-03,-1.340186608948788598e-02,4.318674992021503956e-02,-9.909173771516134252e-03,-4.683507328663969599e-02
-1.567774119376072472e-01,3.751109246721701096e-03,-1.353067044178698011e-02,4.308407358175050939e-02,-9.874293244053432977e-03,-4.658671761547900775e-02
-1.567771421935589549e-01,3.838496505442019670e-03,-1.365940233516190101e-02,4.297879490794338092e-02,-9.839309797685331926e-03,-4.633543410306745908e-02
-1.567768953690212574e-01,3.926131736818069470e-03,-1.378806176961265041e-02,4.287091389879365416e-02,-9.804223432411832834e-03,-4.608122274940502916e-02
-1.567766714639941550e-01,4.014014940849889093e-03,-1.391664874513928382e-02,4.276043055430128054e-02,-9.769034148232918352e-03,-4.582408355449162779e-02
-1.567764704782321494e-01,4.102146117125855113e-03,-1.404516326099396022e-02,4.264734487433256144e-02,-9.733741945292735329e-03,-4.556401651898185634e-02
-1.567762443642485015e-01,4.190444713230033827e-03,-1.417345896295131753e-02,4.253163066946085563e-02,-9.698375031457279888e-03,-4.530114972610072011e-02
-1.567759455072522679e-01,4.278830902167991314e-03,-1.430139081479119868e-02,4.241326198611063830e-02,-9.662961360564260166e-03,-4.503561010560913624e-02
-1.567755739072433652e-01,4.367304683939767472e-03,-1.442895881651365918e-02,4.229223882428186782e-02,-9.627500932613660550e-03,-4.476739765750696598e-02
-1.567751295642217935e-01,4.455866058545285106e-03,-1.455616296811858799e-02,4.216856118397465519e-02,-9.591993747605508797e-03,-4.449651238179444523e-02
-1.567746124781876083e-01,4.544515025984581513e-03,-1.468300326960603891e-02,4.204222906518893799e-02,-9.556439805539796231e-03,-4.422295427847146992e-02
-1.567740226491407540e-01,4.633251586257657560e-03,-1.480947972097601366e-02,4.191324246792473007e-02,-9.520839106416515915e-03,-4.394672334753803311e-02
-1.567733600770812585e-01,4.722075739364553146e-03,-1.493559232222856775e-02,4.178160139218196206e-02,-9.485191650235655705e-03,-4.366781958899401683e-02
-1.567726247620091218e-01,4.810987485305188473e-03,-1.506134107336359017e-02,4.164730583796074498e-02,-9.449497436997246827e-03,-4.338624300283965007e-02
-1.567718167039243715e-01,4.899986824079604307e-03,-1.518672597438113468e-02,4.151035580526103719e-02,-9.413756466701271933e-03,-4.310199358907482875e-02
-1.567709359028269800e-01,4.989073755687798047e-03,-1.531174702528120303e-02,4.137075129408283175e-02,-9.377968739347732757e-03,-4.281507134769953898e-02
-1.567699823587169194e-01,5.078248280129813060e-03,-1.543640422606385072e-02,4.122849230442605928e-02,-9.342134254936611953e-03,-4.252547627871366281e-02
-1.567689560715942176e-01,5.167510397405567814e-03,-1.556069757672896674e-02,4.108357883629084467e-02,-9.306253013467944216e-03,-4.223320838211745698e-02
-1.567678570414588468e-01,5.256860107515101341e-03,-1.568462707727660485e-02,4.093601088967713242e-02,-9.270325014941710462e-03,-4.193826765791077577e-02
-1.567666852683108625e-01,5.346297410458414508e-03,-1.580819272770676853e-02,4.078578846458492946e-02,-9.234350259357910692e-03,-4.164065410609364692e-02
-1.567654407521502369e-01,5.435822306235548948e-03,-1.593139452801950809e-02,4.063291156101415252e-02,-9.198328746716532764e-03,-4.134036772666591780e-02
-1.567641234929769700e-01,5.525434794846420528e-03,-1.605423247821471597e-02,4.047738017896494733e-02,-9.162260477017602697e-03,-4.103740851962786595e-02
-1.567627334907910341e-01,5.615134876291073482e-03,-1.617670657829244768e-02,4.031919431843723756e-02,-9.126145450261110084e-03,-4.073177648497933873e-02
-1.567612707455925125e-01,5.704922550569506076e-03,-1.629881682825270323e-02,4.015835397943103013e-02,-9.089983666447049721e-03,-4.042347162272036387e-02
-1.567597352573812941e-01,5.794797817681758209e-03,-1.642056322809553812e-02,3.999485916194624874e-02,-9.053775125575411198e-03,-4.011249393285078180e-02
-1.567581270261574622e-01,5.884760677627750083e-03,-1.654194577782084133e-02,3.982870986598304602e-02,-9.017519827646224007e-03,-3.979884341537087700e-02
-1.567564460519209613e-01,5.974811130407521598e-03,-1.666296447742866491e-02,3.965990609154133872e-02,-8.981217772659470799e-03,-3.948252007028051069e-02
-1.567546923346718191e-01,6.064949176021072752e-03,-1.678361932691901579e-02,3.948844783862113378e-02,-8.944868960615153311e-03,-3.916352389757967595e-02
-1.567528658744100356e-01,6.155174814468402679e-03,-1.690391032629189050e-02,3.931433510722243813e-02,-8.908473391513269807e-03,-3.884185489726838664e-02
-1.567509666711356109e-01,6.245488045749553879e-03,-1.702383747554733762e-02,3.913756789734515462e-02,-8.872031065353806409e-03,-3.851751306934649011e-02
-1.567489947248485727e-01,6.335888869864443954e-03,-1.714340077468525653e-02,3.895814620898944980e-02,-8.835541982136794342e-03,-3.819049841381427085e-02
-1.567469500355488654e-01,6.426377286813113668e-03,-1.726260022370570274e-02,3.877607004215524733e-02,-8.799006141862214525e-03,-3.786081093067159703e-02
-1.567448326032365169e-01,6.516953296595562155e-03,-1.738143582260866932e-02,3.859133939684254028e-02,-8.762423544530073896e-03,-3.752845061991846171e-02
-1.567426424279115271e-01,6.607616899211831048e-03,-1.749990757139421177e-02,3.840395427305125925e-02,-8.725794190140349904e-03,-3.719341748155471916e-02
-1.567403795095738961e-01,6.698368094661840549e-03,-1.761801547006222254e-02,3.821391467078156384e-02,-8.689118078693077243e-03,-3.685571151558064695e-02
-1.567380438482235960e-01,6.789206882945628824e-03,-1.773575951861276062e-02,3.802122059003335691e-02,-8.652395210188240302e-03,-3.651533272199612712e-02
-1.567356354438606825e-01,6.880133264063197605e-03,-1.785313971704581906e-02,3.782587203080665927e-02,-8.615625584625837344e-03,-3.617228110080114578e-02
-1.567331542964851276e-01,6.971147238014585926e-03,-1.797015606536145685e-02,3.762786899310137378e-02,-8.578809202005856227e-03,-3.582655665199553641e-02
-1.567306004060969316e-01,7.062248804799712253e-03,-1.808680856355956296e-02,3.742721147691767392e-02,-8.541946062328322972e-03,-3.547815937557963206e-02
-1.567279737726960664e-01,7.153437964418619954e-03,-1.820309721164019290e-02,3.722389948225547640e-02,-8.505036165593227171e-03,-3.512708927155325928e-02
-1.567252743962825878e-01,7.244714716871306429e-03,-1.831902200960335014e-02,3.701793300911477430e-02,-8.468079511800565354e-03,-3.477334633991642499e-02
-1.567225022768564402e-01,7.336079062157813309e-03,-1.843458295744907285e-02,3.680931205749548435e-02,-8.431076100950321908e-03,-3.441693058066896960e-02
-1.567196574144176513e-01,7.427531000278059931e-03,-1.854978005517727430e-02,3.659803662739779390e-02,-8.394025933042531529e-03,-3.405784199381121230e-02
-1.567167398089662211e-01,7.519070531232085325e-03,-1.866461330278799957e-02,3.638410671882159886e-02,-8.356929008077173399e-03,-3.369608057934299350e-02
-1.567137494605021497e-01,7.610697655019890359e-03,-1.877908270028124521e-02,3.616752233176689924e-02,-8.319785326054252722e-03,-3.333164633726431320e-02
-1.567106863690254370e-01,7.702412371641516667e-03,-1.889318824765707019e-02,3.594828346623360482e-02,-8.282594886973750417e-03,-3.296453926757500486e-02
-1.567075505345361108e-01,7.794214681096881848e-03,-1.900692994491536350e-02,3.572639012222190991e-02,-8.245357690835699443e-03,-3.259475937027539461e-02
-1.567044302609436612e-01,7.886087991179810061e-03,-1.912028047186511287e-02,3.550184118604934186e-02,-8.208097243357508760e-03,-3.222233524090556411e-02
-1.567016597034456560e-01,7.977969514500932863e-03,-1.923313644481808998e-02,3.527463244337523951e-02,-8.170902493688758997e-03,-3.184737508926570315e-02
-1.566992711450269637e-01,8.069853185123425365e-03,-1.934548787579854282e-02,3.504476348704889388e-02,-8.133782035273609545e-03,-3.146988936958575178e-02
-1.566972645856875290e-01,8.161739003047204302e-03,-1.945733476480637075e-02,3.481223431707049926e-02,-8.096735868112095100e-03,-3.108987808186603613e-02
-1.566956400254273518e-01,8.253626968272313041e-03,-1.956867711184161890e-02,3.457704493343997237e-02,-8.059763992204200048e-03,-3.070734122610640007e-02
-1.566943974642464599e-01,8.345517080798744644e-03,-1.967951491690429419e-02,3.433919533615729242e-02,-8.022866407549924389e-03,-3.032227880230683667e-02
-1.566935369021448810e-01,8.437409340626547682e-03,-1.978984817999443827e-02,3.409868552522236917e-02,-7.986043114149250777e-03,-2.993469081046717592e-02
-1.566930583391225318e-01,8.529303747755635420e-03,-1.989967690111196091e-02,3.385551550063540388e-02,-7.949294112002210436e-03,-2.954457725058776130e-02
-1.566929617751794401e-01,8.621200302186051226e-03,-2.000900108025690377e-02,3.360968526239629245e-02,-7.912619401108791223e-03,-2.915193812266842280e-02
-1.566932472103156337e-01,8.713099003917793364e-03,-2.011782071742927377e-02,3.336119481050503488e-02,-7.876018981468987934e-03,-2.875677342670915695e-02
-1.566939146445311126e-01,8.804999852950905204e-03,-2.022613581262911256e-02,3.311004414496152709e-02,-7.839492853082790161e-03,-2.835908316270979376e-02
-1.566949640778258490e-01,8.896902849285301743e-03,-2.033394636585632992e-02,3.285623326576598419e-02,-7.803041015950226526e-03,-2.795886733067067670e-02
-1.566963955101998429e-01,8.988807992921028084e-03,-2.044125237711096749e-02,3.259976217291829514e-02,-7.766663470071281418e-03,-2.755612593059163923e-02
-1.566982089416531498e-01,9.080715283858080758e-03,-2.054805384639303220e-02,3.234063086641846690e-02,-7.730360215445954836e-03,-2.715085896247267094e-02
-1.567004043721857143e-01,9.172624722096501398e-03,-2.065435077370256917e-02,3.207883934626636763e-02,-7.694131252074231167e-03,-2.674306642631360184e-02
-1.567029818017975362e-01,9.264536307636208473e-03,-2.076014315903948124e-02,3.181438761246224711e-02,-7.657976579956143372e-03,-2.633274832211478234e-02
-1.567059412304886434e-01,9.356450040477243615e-03,-2.086543100240381698e-02,3.154727566500598740e-02,-7.621896199091673235e-03,-2.591990464987604589e-02
-1.567092826582590082e-01,9.448365920619605091e-03,-2.097021430379557641e-02,3.127750350389757461e-02,-7.585890109480821625e-03,-2.550453540959737864e-02
-1.567130060851086581e-01,9.540283948063334532e-03,-2.107449306321480115e-02,3.100507112913690466e-02,-7.549958311123572928e-03,-2.508664060127859669e-02
-1.567171115110375934e-01,9.632204122808352142e-03,-2.117826728066140793e-02,3.072997854072420654e-02,-7.514100804019959237e-03,-2.466622022492008168e-02
-1.567215989360457862e-01,9.724126444854696086e-03,-2.128153695613543839e-02,3.045222573865936228e-02,-7.478317588169964072e-03,-2.424327428052163932e-02
-1.567264683601332365e-01,9.816050914202368097e-03,-2.138430208963689252e-02,3.017181272294237881e-02,-7.442608663573588301e-03,-2.381780276808327310e-02
-1.567317197832999720e-01,9.907977530851408074e-03,-2.148656268116581891e-02,2.988873949357312085e-02,-7.406974030230814576e-03,-2.338980568760478870e-02
-1.567373532055459651e-01,9.999906294801732751e-03,-2.158831873072211693e-02,2.960300605055184511e-02,-7.371413688141675857e-03,-2.295928303908656778e-02
-1.567433686268712434e-01,1.009183720605338723e-02,-2.168957023830584210e-02,2.931461239387842324e-02,-7.335927637306156532e-03,-2.252623482252842646e-02
-1.567497660472758070e-01,1.018377026460636631e-02,-2.179031720391699095e-02,2.902355852355286217e-02,-7.300515877724254865e-03,-2.209066103793036126e-02
-1.567565454667596281e-01,1.027570547046071682e-02,-2.189055962755560858e-02,2.872984443957502659e-02,-7.265178409395956979e-03,-2.165256168529216749e-02
-1.567637068853227067e-01,1.036764282361635203e-02,-2.199029750922160478e-02,2.843347014194517325e-02,-7.229915232321294100e-03,-2.121193676461424760e-02
-1.567712503029650706e-01,1.045958232407331358e-02,-2.208953084891502466e-02,2.813443563066317724e-02,-7.194726346500248879e-03,-2.076878627589640383e-02
-1.567791757196866920e-01,1.055152397183160493e-02,-2.218825964663586822e-02,2.783274090572903509e-02,-7.159611751932823051e-03,-2.032311021913863619e-02
-1.567874831354875986e-01,1.064346776689126250e-02,-2.228648390238418056e-02,2.752838596714261496e-02,-7.124571448619000137e-03,-1.987490859434073998e-02
-1.567961725503677906e-01,1.073541370925220825e-02,-2.238420361615987147e-02,2.722137081490418400e-02,-7.089605436558811362e-03,-1.942418140150311764e-02
-1.568052439643272677e-01,1.082736179891448033e-02,-2.248141878796298607e-02,2.691169544901361038e-02,-7.054713715752241980e-03,-1.897092864062557491e-02
-1.568146973773659747e-01,1.091931203587808048e-02,-2.257812941779352434e-02,2.659935986947089062e-02,-7.019896286199290257e-03,-1.851515031170810135e-02
-1.568245327894839669e-01,1.101126442014304860e-02,-2.267433550565152792e-02,2.628436407627589289e-02,-6.985153147899944050e-03,-1.805684641475050270e-02
-1.568347502006812166e-01,1.110321895170930315e-02,-2.277003705153691701e-02,2.596670806942888432e-02,-6.950484300854229379e-03,-1.759601694975318140e-02
-1.568453496109577516e-01,1.119517563057688576e-02,-2.286523405544972631e-02,2.564639184892973309e-02,-6.915889745062134969e-03,-1.713266191671593275e-02
-1.568563310203135719e-01,1.128713445674579471e-02,-2.295992651738995929e-02,2.532341541477843572e-02,-6.881369480523659085e-03,-1.666678131563876369e-02
-1.568676944287486497e-01,1.137909543021607163e-02,-2.305411443735766105e-02,2.499777876697484996e-02,-6.846923507238786982e-03,-1.619837514652145913e-02
-1.568794398362630405e-01,1.147105855098763498e-02,-2.314779781535274486e-02,2.466948190551926726e-02,-6.812551825207548151e-03,-1.572744340936443191e-02
-1.568915672428566610e-01,1.156302381906052640e-02,-2.324097665137524887e-02,2.433852483041153841e-02,-6.778254434429928713e-03,-1.525398610416748429e-02
-1.569040424623744101e-01,1.165496285090696950e-02,-2.333364003809782969e-02,2.400511566527561980e-02,-6.744018795284171044e-03,-1.477825594074394337e-02
-1.569163599154599908e-01,1.174645588227888129e-02,-2.342562666695808746e-02,2.367233235226196691e-02,-6.709659459191052999e-03,-1.430399024680085833e-02
-1.569283514677119462e-01,1.183736331726565824e-02,-2.351688289352159636e-02,2.334119848530240987e-02,-6.675114753763343629e-03,-1.383243190013624599e-02
-1.569400171191303039e-01,1.192768515586734197e-02,-2.360740871778840150e-02,2.301171406439679601e-02,-6.640384679001027322e-03,-1.336358090074989818e-02
-1.569513568697150641e-01,1.201742139808392902e-02,-2.369720413975849246e-02,2.268387908954512880e-02,-6.605469234904103211e-03,-1.289743724864181318e-02
-1.569623707194662543e-01,1.210657204391546275e-02,-2.378626915943191783e-02,2.235769356074726252e-02,-6.570368421472556550e-03,-1.243400094381178454e-02
-1.569730586683838192e-01,1.219513709336186510e-02,-2.387460377680859086e-02,2.203315747800348862e-02,-6.535082238706418564e-03,-1.197327198626022687e-02
-1.569834207164677586e-01,1.228311654642317077e-02,-2.396220799188855666e-02,2.171027084131366136e-02,-6.499610686605672774e-03,-1.151525037598693374e-02
-1.569934568637181282e-01,1.237051040309938323e-02,-2.404908180467181522e-02,2.138903365067778076e-02,-6.463953765170321782e-03,-1.105993611299189820e-02
-1.570031671101348725e-01,1.245731866339054063e-02,-2.413522521515840472e-02,2.106944590609570456e-02,-6.428111474400346505e-03,-1.060732919727493118e-02
-1.570125514557180191e-01,1.254354132729656318e-02,-2.422063822334824534e-02,2.075150760756771379e-02,-6.392083814295780771e-03,-1.015742962883642297e-02
-1.570216099004675681e-01,1.262917839481749425e-02,-2.430532082924137527e-02,2.043521875509366967e-02,-6.355870784856607232e-03,-9.710237407676182778e-03
-1.570303424443835194e-01,1.271422986595332864e-02,-2.438927303283779796e-02,2.012057934867356873e-02,-6.319472386082826756e-03,-9.265752533794201912e-03
-1.570387490874659009e-01,1.279869574070410798e-02,-2.447249483413755158e-02,1.980758938830727567e-02,-6.282888617974423731e-03,-8.823975007190291292e-03
-1.570468298297146292e-01,1.288257601906975421e-02,-2.455498623314055287e-02,1.949624887399507150e-02,-6.246119480531428514e-03,-8.384904827864837762e-03
-1.570545846711297877e-01,1.296587070105030895e-02,-2.463674722984685386e-02,1.918655780573681052e-02,-6.209164973753828094e-03,-7.948541995817648767e-03
-1.570620136117113208e-01,1.304857978664576701e-02,-2.471777782425643721e-02,1.887851618353249272e-02,-6.172025097641619870e-03,-7.514886511048721705e-03
-1.570691166514592563e-01,1.313070327585616828e-02,-2.479807801636935150e-02,1.857212400738198974e-02,-6.134699852194787362e-03,-7.083938373557867492e-03
-1.570758937903736219e-01,1.321224116868143818e-02,-2.487764780618552385e-02,1.826738127728556524e-02,-6.097189237413364396e-03,-6.655697583345467766e-03
-1.570823450284543343e-01,1.329319346512161486e-02,-2.495648719370498550e-02,1.796428799324308739e-02,-6.059493253297335361e-03,-6.230164140411330841e-03
-1.570884703657014769e-01,1.337356016517669832e-02,-2.503459617892773992e-02,1.766284415525455620e-02,-6.021611899846698521e-03,-5.807338044755457583e-03
-1.570942698021150219e-01,1.345334126884672153e-02,-2.511197476185381486e-02,1.736304976331983635e-02,-5.983545177061439131e-03,-5.387219296377660643e-03
-1.570997433376949415e-01,1.353253677613161510e-02,-2.518862294248315134e-02,1.706490481743919846e-02,-5.945293084941587550e-03,-4.969807895278313854e-03
-1.571048909724412912e-01,1.361114668703141545e-02,-2.526454072081577712e-02,1.676840931761250722e-02,-5.906855623487129898e-03,-4.555103841457229866e-03
-1.571097127063540155e-01,1.368917100154612258e-02,-2.533972809685169567e-02,1.647356326383975916e-02,-5.868232792698065310e-03,-4.143107134914409545e-03
-1.571142085394331700e-01,1.376660971967576773e-02,-2.541418507059093820e-02,1.618036665612082245e-02,-5.829424592574375570e-03,-3.733817775649669879e-03
-1.571183784716786991e-01,1.384346284142028323e-02,-2.548791164203343534e-02,1.588881949445597117e-02,-5.790431023116097108e-03,-3.327235763663377761e-03
-1.571222225030906305e-01,1.391973036677970725e-02,-2.556090781117922525e-02,1.559892177884505959e-02,-5.751252084323210841e-03,-2.923361098955347143e-03
-1.571257406336689644e-01,1.399541229575403806e-02,-2.563317357802831140e-02,1.531067350928809641e-02,-5.711887776195718504e-03,-2.522193781525579326e-03
-1.571289328634136728e-01,1.407050862834330687e-02,-2.570470894258071459e-02,1.502407468578495151e-02,-5.672338098733601015e-03,-2.123733811373897801e-03
-1.571317991923247837e-01,1.414501936454744778e-02,-2.577551390483638280e-02,1.473912530833587989e-02,-5.632603051936893937e-03,-1.727981188500656885e-03
-1.571343396204023246e-01,1.421894450436649374e-02,-2.584558846479533684e-02,1.445582537694075319e-02,-5.592682635805579054e-03,-1.334935912905679204e-03
-1.571365541476462402e-01,1.429228404780044648e-02,-2.591493262245758711e-02,1.417417489159957314e-02,-5.552576850339658969e-03,-9.445979845889641065e-04
-1.571384427740565859e-01,1.436503799484933723e-02,-2.598354637782315443e-02,1.389417385231221311e-02,-5.512285695539112865e-03,-5.569674035503402888e-04
-1.571400054996332785e-01,1.443720634551310181e-02,-2.605142973089198330e-02,1.361582225907892463e-02,-5.471809171403977171e-03,-1.720441697901505754e-04
-1.571412423243764012e-01,1.450878909979177317e-02,-2.611858268166410493e-02,1.333912011189958453e-02,-5.431147277934234539e-03,2.101717166917724342e-04
-1.571421532482859262e-01,1.457978625768534785e-02,-2.618500523013951586e-02,1.306406741077418762e-02,-5.390300015129885838e-03,5.896802558954328602e-04
-1.571427382713618259e-01,1.465019781919386054e-02,-2.625069737631824732e-02,1.279066415570261420e-02,-5.349267382990911118e-03,9.664814478210004885e-04
-1.571429973936041280e-01,1.472002378431724878e-02,-2.631565912020024378e-02,1.251891034668511059e-02,-5.308049381517347676e-03,1.340575292468134012e-03
-1.571429306150128602e-01,1.478926415305554382e-02,-2.637989046178552954e-02,1.224880598372155016e-02,-5.266646010709177296e-03,1.711961789837007988e-03
-1.571425379355879670e-01,1.485791892540874216e-02,-2.644339140107410807e-02,1.198035106681193812e-02,-5.225057270566399112e-03,2.080640939927615261e-03
-1.571418193553294484e-01,1.492598810137687679e-02,-2.650616193806600365e-02,1.171354559595615304e-02,-5.183283161088996643e-03,2.446612742740124965e-03
-1.571408015845351114e-01,1.499347075991409352e-02,-2.656821293052289909e-02,1.144846146446232629e-02,-5.141316516174882292e-03,2.809801251256653729e-03
-1.571396952921078338e-01,1.506035963656725089e-02,-2.662963001555664413e-02,1.118566570772858842e-02,-5.099100815492883798e-03,3.169607457744925798e-03
-1.571385455887719940e-01,1.512665317579236189e-02,-2.669043153072009691e-02,1.092527974556190690e-02,-5.056623956292940342e-03,3.525903096132881973e-03
-1.571373524745275641e-01,1.519235137758945774e-02,-2.675061747601328865e-02,1.066730357796217069e-02,-5.013885938575036311e-03,3.878688166420679248e-03
-1.571361159493745718e-01,1.525745424195847945e-02,-2.681018785143616384e-02,1.041173720492960877e-02,-4.970886762339206399e-03,4.227962668608003204e-03
-1.571348360133130173e-01,1.532196176889945652e-02,-2.686914265698874676e-02,1.015858062646410494e-02,-4.927626427585433261e-03,4.573726602695011266e-03
-1.571335126663429282e-01,1.538587395841238895e-02,-2.692748189267104436e-02,9.907833842565659174e-03,-4.884104934313716027e-03,4.915979968681702568e-03
-1.571321459084642214e-01,1.544919081049730622e-02,-2.698520555848307398e-02,9.659496853234160463e-03,-4.840322282524034750e-03,5.254722766568230632e-03
-1.571307357396769522e-01,1.551191232515414936e-02,-2.704231365442478704e-02,9.413569658469832582e-03,-4.796278472216430194e-03,5.589954996354289281e-03
-1.571292821599811207e-01,1.557403850238294786e-02,-2.709880618049621132e-02,9.170052258272562776e-03,-4.751973503390882411e-03,5.921676658040034638e-03
-1.571277851693766991e-01,1.563556934218370345e-02,-2.715468313669734679e-02,8.928944652642351043e-03,-4.707407376047390533e-03,6.249887751625463235e-03
-1.571262447678637153e-01,1.569650484455643868e-02,-2.720994452302821776e-02,8.690246841579089832e-03,-4.662580090185934611e-03,6.574588277110719921e-03
-1.571246609554421692e-01,1.575684500950110326e-02,-2.726459033948877217e-02,8.453958825082995981e-03,-4.617491645806554544e-03,6.895778234495515864e-03
-1.571230337321120607e-01,1.581658983701772492e-02,-2.731862058607904126e-02,8.220080603153960205e-03,-4.572142042909232117e-03,7.213457623779996782e-03
-1.571213630978733899e-01,1.587573932710630020e-02,-2.737203526279901461e-02,7.988612175791982503e-03,-4.526531281493964727e-03,7.527626444964161806e-03
-1.571196490527261291e-01,1.593429347976685687e-02,-2.742483436964872345e-02,7.759553542996962261e-03,-4.480659361560734161e-03,7.838284698048149715e-03
-1.571178915966702783e-01,1.599225229499934633e-02,-2.747701790662812268e-02,7.532904704769101574e-03,-4.434526283109579449e-03,8.145432383031680351e-03
-1.571160907297058928e-01,1.604961577280378596e-02,-2.752858587373722618e-02,7.308665661108299828e-03,-4.388132046140481510e-03,8.449069499914895962e-03
-1.571142464518329174e-01,1.610638391318018614e-02,-2.757953827097604435e-02,7.086836412014556157e-03,-4.341476650653440343e-03,8.749196048697798281e-03
-1.571123587630514074e-01,1.616255671612856076e-02,-2.762987509834459107e-02,6.867416957487774282e-03,-4.294560096648433398e-03,9.045812029380513944e-03
-1.571104276633612795e-01,1.621813418164886819e-02,-2.767959635584283165e-02,6.650407297528147625e-03,-4.247382384125504909e-03,9.338917441962784477e-03
-1.571084531527625894e-01,1.627311630974113271e-02,-2.772870204347077649e-02,6.435807432135579910e-03,-4.199943513084632325e-03,9.628512286444736515e-03
-1.571064352312553369e-01,1.632750310040535432e-02,-2.777719216122843254e-02,6.223617361310070269e-03,-4.152243483525815647e-03,9.914596562826373527e-03
-1.571043738988395222e-01,1.638129455364155385e-02,-2.782506670911582408e-02,6.013837085051525894e-03,-4.104282295449034057e-03,1.019717027110782041e-02
-1.571022691555151174e-01,1.643449066944968270e-02,-2.787232568713289907e-02,5.806466603360134135e-03,-4.056059948854330056e-03,1.047623341128882564e-02
-1.571001210012821503e-01,1.648709144782976865e-02,-2.791896909527968873e-02,5.601505916235801318e-03,-4.007576443741682828e-03,1.075178598336951410e-02
-1.570979294361406486e-01,1.653909688878180823e-02,-2.796499693355618613e-02,5.398955023678525707e-03,-3.958831780111091506e-03,1.102382798734988928e-02
-1.570956944600905292e-01,1.659050699230580489e-02,-2.801040920196239473e-02,5.198813925688309037e-03,-3.909825957962556088e-03,1.129235942322994596e-02
-1.570934160731318474e-01,1.664132175840177599e-02,-2.805520590049833188e-02,5.001082622265062838e-03,-3.860558977296056193e-03,1.155738029100980384e-02
-1.570910942752646033e-01,1.669154118706968337e-02,-2.809938702916395942e-02,4.805761113408963184e-03,-3.811030838111633887e-03,1.181889059068923047e-02
-1.570887290664887970e-01,1.674116527830954784e-02,-2.814295258795930163e-02,4.612849399119922471e-03,-3.761241540409267919e-03,1.207689032226834033e-02
-1.570863204468044005e-01,1.679019403212136594e-02,-2.818590257688434811e-02,4.422347479397939832e-03,-3.711191084188958291e-03,1.233137948574713517e-02
-1.570838684162114696e-01,1.683862744850516194e-02,-2.822823699593912661e-02,4.234255354242931133e-03,-3.660879469450682017e-03,1.258235808112572254e-02
-1.570813729747099485e-01,1.688646552746089075e-02,-2.826995584512359896e-02,4.048573023655065509e-03,-3.610306696194485066e-03,1.282982610840388560e-02
-1.570788341222998374e-01,1.693370826898857318e-02,-2.831105912443777559e-02,3.865300487634258826e-03,-3.559472764420344455e-03,1.307378356758173016e-02
-1.570762518589811640e-01,1.698035567308820923e-02,-2.835154683388166341e-02,3.684437746180510218e-03,-3.508377674128260182e-03,1.331423045865926316e-02
-1.570736261847539283e-01,1.702640773975982666e-02,-2.839141897345528326e-02,3.505984799293740753e-03,-3.457021425318208829e-03,1.355116678163658175e-02
-1.570709570996181303e-01,1.707186446900337690e-02,-2.843067554315859349e-02,3.329941646974109160e-03,-3.405404017990236801e-03,1.378459253651348124e-02
-1.570682446035737423e-01,1.711672586081888076e-02,-2.846931654299161146e-02,3.156308289221536507e-03,-3.353525452144321545e-03,1.401450772329006049e-02
-1.570654886966208197e-01,1.716099191520634171e-02,-2.850734197295434411e-02,2.985084726036021929e-03,-3.301385727780462194e-03,1.424091234196632819e-02
-1.570626893787593070e-01,1.720466263216578057e-02,-2.854475183304680183e-02,2.816270957417492567e-03,-3.248984844898635763e-03,1.446380639254237627e-02
-1.570598466499892043e-01,1.724773801169715223e-02,-2.858154612326894994e-02,2.649866983366095437e-03,-3.196322803498889090e-03,1.468318987501801218e-02
-1.570569605103105393e-01,1.729021805380047752e-02,-2.861772484362080926e-02,2.485872803881756816e-03,-3.143399603581198756e-03,1.489906278939332786e-02
-1.570541895501165464e-01,1.733217398638323137e-02,-2.865336051986342586e-02,2.324020008260795685e-03,-3.090230012766584031e-03,1.511180863282838953e-02
-1.570517615373408782e-01,1.737370810715071698e-02,-2.868855731368276027e-02,2.163923104354995887e-03,-3.036835240350600415e-03,1.532197818493828863e-02
-1.570496782616286613e-01,1.741482121988851758e-02,-2.872331604351030174e-02,2.005579063230003220e-03,-2.983215452981479148e-03,1.552957577337357210e-02
-1.570479397229799234e-01,1.745551332459666094e-02,-2.875763670934606067e-02,1.848987884885746344e-03,-2.929370650659196378e-03,1.573460139813433190e-02
-1.570465459213946646e-01,1.749578442127513664e-02,-2.879151931119004748e-02,1.694149569322225693e-03,-2.875300833383752537e-03,1.593705505922056800e-02
-1.570454968568728571e-01,1.753563450992397243e-02,-2.882496384904226217e-02,1.541064116539373613e-03,-2.821006001155123340e-03,1.613693675663236890e-02
-1.570447925294145008e-01,1.757506359054312670e-02,-2.885797032290268391e-02,1.389731526537325628e-03,-2.766486153973356493e-03,1.633424649036955764e-02
-1.570444329390196792e-01,1.761407166313262024e-02,-2.889053873277133005e-02,1.240151799316013435e-03,-2.711741291838429008e-03,1.652898426043222097e-02
-1.570444180856883087e-01,1.765265872769244959e-02,-2.892266907864819714e-02,1.092324934875437466e-03,-2.656771414750340454e-03,1.672115006682036581e-02
-1.570447479694203896e-01,1.769082478422263557e-02,-2.895436136053329557e-02,9.462509332155331042e-04,-2.601576522709065243e-03,1.691074390953406503e-02
-1.570454225902159773e-01,1.772856983272314002e-02,-2.898561557842659758e-02,8.019297943364298020e-04,-2.546156615714654115e-03,1.709776578857316251e-02
-1.570464419480749885e-01,1.776589387319398722e-02,-2.901643173232812747e-02,6.593615182380623994e-04,-2.490511693767081484e-03,1.728221570393773457e-02
-1.570478060429975065e-01,1.780279690563516676e-02,-2.904680982223787483e-02,5.185461049204310047e-04,-2.434641756866346915e-03,1.746409365562778121e-02
-1.570495148749834757e-01,1.783927893004670640e-02,-2.907674984815585700e-02,3.794835543834744690e-04,-2.378546805012427424e-03,1.764339964364338570e-02
-1.570515684440329518e-01,1.787533994642856450e-02,-2.910625181008204276e-02,2.421738666273158763e-04,-2.322226838205370715e-03,1.782013366798438497e-02
-1.570539667501458514e-01,1.791097995478075841e-02,-2.913531570801645293e-02,1.066170416518931832e-04,-2.265681856445152936e-03,1.799429572865086230e-02
-1.570567097933222855e-01,1.794619895510330895e-02,-2.916394154195909444e-02,-2.718692054285234711e-05,-2.208911859731748934e-03,1.816588582564289053e-02
-1.570597975735621155e-01,1.798099694739616408e-02,-2.919212931190993260e-02,-1.592380199567437998e-04,-2.151916848065233735e-03,1.833490395896024763e-02
-1.570632300908654799e-01,1.801537393165938972e-02,-2.921987901786901598e-02,-2.895362565900162300e-04,-2.094696821445506726e-03,1.850135012860322503e-02
-1.570670073452322957e-01,1.804932990789295463e-02,-2.924719065983632377e-02,-4.180816304425507006e-04,-2.037251779872618213e-03,1.866522433457168048e-02
-1.570711293366625905e-01,1.808286487609682414e-02,-2.927406423781182473e-02,-5.448741415142357557e-04,-1.979581723346620237e-03,1.882652657686546827e-02
-1.570755960651563365e-01,1.811597883627106415e-02,-2.930049975179557092e-02,-6.699137898052971805e-04,-1.921686651867408934e-03,1.898525685548487288e-02
-1.570804075307135894e-01,1.814867178841560874e-02,-2.932649720178751029e-02,-7.932005753155120086e-04,-1.863566565435088168e-03,1.914141517042961677e-02
-1.570855637333342658e-01,1.818094373253052384e-02,-2.935205658778769836e-02,-9.147344980450993574e-04,-1.805221464049554508e-03,1.929500152169997401e-02
-1.570910646730184768e-01,1.821279466861577823e-02,-2.937717790979610388e-02,-1.034515557993949831e-03,-1.746651347710859560e-03,1.944601590929580237e-02
-1.570969103497660835e-01,1.824422459667133720e-02,-2.940186116781270953e-02,-1.152543755161958370e-03,-1.687856216419055151e-03,1.959445833321697694e-02
-1.571031007635772248e-01,1.827523351669726667e-02,-2.942610636183755346e-02,-1.268819089549334984e-03,-1.628836070174037413e-03,1.974032879346376140e-02
-1.571096359144518173e-01,1.830582142869353196e-02,-2.944991349187062527e-02,-1.383341561155973856e-03,-1.569590908975858389e-03,1.988362729003602045e-02
-1.571165158023898889e-01,1.833598833266010530e-02,-2.947328255791189372e-02,-1.496111169981776106e-03,-1.510120732824570553e-03,2.002435382293362570e-02
-1.571237404273914118e-01,1.836573422859704569e-02,-2.949621355996140046e-02,-1.607127916026941661e-03,-1.450425541720068521e-03,2.016250839215683391e-02
-1.571313097894564415e-01,1.839505911650429759e-02,-2.951870649801911078e-02,-1.716391799291272762e-03,-1.390505335662458762e-03,2.029809099770539874e-02
-1.571392238885849224e-01,1.842396299638191653e-02,-2.954076137208505939e-02,-1.823902819774965434e-03,-1.330360114651633939e-03,2.043110163957955611e-02
-1.571474827247768824e-01,1.845244586822987129e-02,-2.956237818215922894e-02,-1.929660977477919929e-03,-1.269989878687648047e-03,2.056154031777919153e-02
-1.571560862980322937e-01,1.848050773204813757e-02,-2.958355692824160207e-02,-2.033666272400044307e-03,-1.209394627770554644e-03,2.068940703230418704e-02
-1.571650346083512118e-01,1.850814858783676395e-02,-2.960429761033221002e-02,-2.135918704541526353e-03,-1.148574361900245961e-03,2.081470178315477162e-02
-1.571743276557335811e-01,1.853536843559573308e-02,-2.962460022843104585e-02,-2.236418273902269788e-03,-1.087529081076775992e-03,2.093742457033083426e-02
-1.571839654401794295e-01,1.856216727532501373e-02,-2.964446478253807832e-02,-2.335164980482188311e-03,-1.026258785300198945e-03,2.105757539383225699e-02
-1.571939479616887292e-01,1.858854510702465795e-02,-2.966389127265335254e-02,-2.432158824281458430e-03,-9.647634745704059683e-04,2.117515425365926879e-02
-1.572042752202615357e-01,1.861450193069461370e-02,-2.968287969877682689e-02,-2.527399805299906672e-03,-9.030431488875071072e-04,2.129016114981165803e-02
-1.572149472158977934e-01,1.864003774633493302e-02,-2.970143006090853952e-02,-2.620887923537703040e-03,-8.410978082513915566e-04,2.140259608228961552e-02
-1.572259639485975302e-01,1.866515255394558814e-02,-2.971954235904847308e-02,-2.712623178994762532e-03,-7.789274526621145023e-04,2.151245905109305107e-02
-1.572373254183607183e-01,1.868984635352655826e-02,-2.973721659319661370e-02,-2.802605571671004485e-03,-7.165320821197317808e-04,2.161975005622186752e-02
-1.572490313498390302e-01,1.871411908033168009e-02,-2.975445267454013276e-02,-2.890834951101498452e-03,-6.539116273395205762e-04,2.172446882406011553e-02
-1.572607480018498316e-01,1.873789225749996137e-02,-2.977114295578587450e-02,-2.977128943236520900e-03,-5.909821106027439647e-04,2.182628371300947973e-02
-1.572721780979672579e-01,1.876109598259813674e-02,-2.978719155124687559e-02,-3.061325100321665629e-03,-5.276687296453277899e-04,2.192489931682662166e-02
-1.572833216381913646e-01,1.878373025562624435e-02,-2.980259846092317075e-02,-3.143423422357083125e-03,-4.639714844671593490e-04,2.202031563551170440e-02
-1.572941786225221239e-01,1.880579507658423910e-02,-2.981736368481472180e-02,-3.223423909342626372e-03,-3.998903750683520495e-04,2.211253266906456488e-02
-1.573047490509595359e-01,1.882729044547216610e-02,-2.983148722292156343e-02,-3.301326561278438050e-03,-3.354254014487919417e-04,2.220155041748536964e-02
-1.573150329235036005e-01,1.884821636229000452e-02,-2.984496907524367831e-02,-3.377131378164446602e-03,-2.705765636085357838e-04,2.228736888077403541e-02
-1.573250302401542899e-01,1.886857282703773703e-02,-2.985780924178105256e-02,-3.450838360000586542e-03,-2.053438615476416889e-04,2.236998805893048239e-02
-1.573347410009116598e-01,1.888835983971539484e-02,-2.987000772253371739e-02,-3.522447506786989709e-03,-1.397272952659937286e-04,2.244940795195486324e-02
-1.573441652057756546e-01,1.890757740032296755e-02,-2.988156451750165199e-02,-3.591958818523589315e-03,-7.372686476364982656e-05,2.252562855984709816e-02
-1.573533028547463297e-01,1.892622550886043087e-02,-2.989247962668485636e-02,-3.659372295210325948e-03,-7.342570040668905694e-06,2.259864988260713511e-02
-1.573621539478236298e-01,1.894430416532782296e-02,-2.990275305008334092e-02,-3.724687936847320604e-03,5.942558890306675462e-05,2.266847192023509205e-02
-1.573707184850075824e-01,1.896181336972510914e-02,-2.991238478769709525e-02,-3.787905743434455755e-03,1.265776120674387561e-04,2.273509467273084755e-02
-1.573789964662981877e-01,1.897875312205232409e-02,-2.992137483952613322e-02,-3.849025714971844592e-03,1.941134994525661544e-04,2.279851814009452651e-02
-1.573869878916954734e-01,1.899512342230944353e-02,-2.992972320557044097e-02,-3.908047851459430302e-03,2.620332510583897384e-04,2.285874232232605954e-02
-1.573946927611993840e-01,1.901092427049646399e-02,-2.993742988583002196e-02,-3.964972152897162580e-03,3.303368668848484947e-04,2.291576721942540154e-02
-1.574021110748099472e-01,1.902615566661340976e-02,-2.994449488030487619e-02,-4.019798619285142038e-03,3.990243469320638539e-04,2.296959283139265659e-02
-1.574092428325271631e-01,1.904081761066026349e-02,-2.995091818899501060e-02,-4.072527250623319238e-03,4.680956911999751007e-04,2.302021915822776571e-02
-1.574160880343510316e-01,1.905491010263701823e-02,-2.995669981190041131e-02,-4.123158046911647341e-03,5.375508996885205440e-04,2.306764619993069421e-02
-1.574226466802815527e-01,1.906843314254369828e-02,-2.996183974902109567e-02,-4.171691008150219156e-03,6.073899723978235660e-04,2.311187395650152188e-02
-1.574289187703187265e-01,1.908138673038027242e-02,-2.996633800035704634e-02,-4.218126134338946211e-03,6.776129093277602966e-04,2.315290242794017239e-02
-1.574349043044625529e-01,1.909377086614677185e-02,-2.997019456590828065e-02,-4.262463425477912640e-03,7.482197104784550938e-04,2.319073161424672208e-02
-1.574406032827130320e-01,1.910558554984318272e-02,-2.997340944567478474e-02,-4.304702881567074209e-03,8.192103758498459412e-04,2.322536151542112931e-02
-1.574460157050701636e-01,1.911683078146949460e-02,-2.997598263965656207e-02,-4.344844502606398824e-03,8.905849054418691962e-04,2.325679213146336632e-02
-1.574511415715339202e-01,1.912750656102572486e-02,-2.997791414785361611e-02,-4.382888288595956743e-03,9.623432992546520357e-04,2.328502346237349210e-02
-1.574559808821043572e-01,1.913761288851186654e-02,-2.997920397026594685e-02,-4.418834239535708933e-03,1.034485557288130709e-03,2.331005550815147195e-02
-1.574605336367814190e-01,1.914714976392791271e-02,-2.997985210689354738e-02,-4.452682355425630241e-03,1.107011679542240813e-03,2.333188826879729894e-02
-1.574647998355651335e-01,1.915611718727387378e-02,-2.997985855773642808e-02,-4.484432636265779648e-03,1.179921666017111478e-03,2.335052174431099734e-02
-1.574687794784555284e-01,1.916451515854973933e-02,-2.997922332279457855e-02,-4.514085082056098173e-03,1.253215516712612599e-03,2.336595593469254287e-02
-1.574724725654525481e-01,1.917234367775552326e-02,-2.997794640206800573e-02,-4.541639692796641328e-03,1.326893231628874497e-03,2.337819083994196676e-02
-1.574758790965562205e-01,1.917960274489121861e-02,-2.997602779555670269e-02,-4.567096468487381357e-03,1.400954810765832987e-03,2.338722646005924471e-02
-1.574789990717665733e-01,1.918629235995681845e-02,-2.997346750326068329e-02,-4.590455409128296575e-03,1.475400254123420849e-03,2.339306279504437674e-02
-1.574818324910835510e-01,1.919241252295233666e-02,-2.997026552517993020e-02,-4.611716514719430351e-03,1.550229561701770573e-03,2.339569984489737325e-02
-1.574843793545071813e-01,1.919796323387776282e-02,-2.996642186131445729e-02,-4.630879785260761869e-03,1.625442733500816672e-03,2.339513760961822730e-02
-1.574866396620374920e-01,1.920294449273309695e-02,-2.996193651166425762e-02,-4.647945220752274648e-03,1.701039769520491492e-03,2.339137608920694583e-02
-1.574886134136744276e-01,1.920735629951834944e-02,-2.995680947622933119e-02,-4.662912821193999045e-03,1.777020669760929475e-03,2.338441528366351843e-02
-1.574903006094180158e-01,1.921119865423350642e-02,-2.995104075500968147e-02,-4.675782586585910776e-03,1.853385434221995311e-03,2.337425519298795898e-02
-1.574917012492682566e-01,1.921447155687857483e-02,-2.994463034800530499e-02,-4.686554516928030656e-03,1.930134062903824960e-03,2.336089581718025360e-02
-1.574928153332251501e-01,1.921717500745355814e-02,-2.993757825521620522e-02,-4.695228612220346542e-03,2.007266555806350335e-03,2.334433715624040229e-02
-1.574936428612886685e-01,1.921930900595844940e-02,-2.992988447664237869e-02,-4.701804872462855833e-03,2.084782912929502696e-03,2.332457921016842933e-02
-1.574941838334588673e-01,1.922087355239325210e-02,-2.992154901228382541e-02,-4.706283297655567202e-03,2.162683134273420387e-03,2.330162197896430004e-02
-1.574944382497356909e-01,1.922186864675796275e-02,-2.991257186214054536e-02,-4.708663887798473710e-03,2.240967219838034021e-03,2.327546546262802482e-02
-1.574944061101191950e-01,1.922229428905258483e-02,-2.990295302621254897e-02,-4.708946642891578827e-03,2.319635169623273339e-03,2.324610966115963837e-02
-1.574940874146093517e-01,1.922215047927712181e-02,-2.989269250449981888e-02,-4.707131562934882552e-03,2.398686983629278423e-03,2.321355457455908516e-02
-1.574934821632061610e-01,1.922143721743156675e-02,-2.988179029700236897e-02,-4.703218647928384885e-03,2.478122661855909192e-03,2.317780020282641726e-02
-1.574925903559095952e-01,1.922015450351592311e-02,-2.987024640372018883e-02,-4.697207897872082358e-03,2.557942204303305725e-03,2.313884654596158261e-02
-1.574914119927196821e-01,1.921830233753019090e-02,-2.985806082465327846e-02,-4.689099312765974970e-03,2.638145610971398634e-03,2.309669360396460550e-02
-1.574899470736364493e-01,1.921588071947437359e-02,-2.984523355980165868e-02,-4.678892892610074863e-03,2.718732881860115927e-03,2.305134137683552756e-02
-1.574881955986598414e-01,1.921288964934846077e-02,-2.983176460916529479e-02,-4.666588637404362958e-03,2.799704016969600719e-03,2.300278986457426900e-02
-1.574861575677899139e-01,1.920932912715245938e-02,-2.981765397274421109e-02,-4.652186547148847925e-03,2.881059016299781454e-03,2.295103906718086451e-02
-1.574838329810266113e-01,1.920519915288637636e-02,-2.980290165053841450e-02,-4.635686621843545380e-03,2.962797879850585271e-03,2.289608898465537307e-02
-1.574812218383699614e-01,1.920049972655019782e-02,-2.978750764254787728e-02,-4.617088861488424095e-03,3.044920607622157889e-03,2.283793961699769406e-02
-1.574783241398199640e-01,1.919523084814393418e-02,-2.977147194877263411e-02,-4.596393266083518767e-03,3.127427199614353157e-03,2.277659096420792464e-02
-1.574751398853766193e-01,1.918939251766757503e-02,-2.975479456921264337e-02,-4.573599835628792964e-03,3.210317655827317658e-03,2.271204302628595725e-02
-1.574716690750399273e-01,1.918298473512112731e-02,-2.973747550386793281e-02,-4.548708570124264036e-03,3.293591976260977668e-03,2.264429580323185087e-02
-1.574679117088098879e-01,1.917600750050459796e-02,-2.971951475273850937e-02,-4.521719469569956268e-03,3.377250160915259893e-03,2.257334929504566795e-02
-1.574638677866865011e-01,1.916846081381796962e-02,-2.970091231582434529e-02,-4.492632533965821087e-03,3.461292209790311786e-03,2.249920350172728359e-02
-1.574595373086697669e-01,1.916034467506125619e-02,-2.968166819312545793e-02,-4.461447763311882780e-03,3.545718122886060055e-03,2.242185842327674983e-02
-1.574549202747596854e-01,1.915165908423446112e-02,-2.966178238464185768e-02,-4.428165157608171705e-03,3.630527900202428805e-03,2.234131405969415340e-02
-1.574500166849562566e-01,1.914240404133756707e-02,-2.964125489037352026e-02,-4.392784716854628881e-03,3.715721541739568957e-03,2.225757041097934513e-02
-1.574448265392594803e-01,1.913257954637059485e-02,-2.962008571032046997e-02,-4.355306441051315022e-03,3.801299047497328290e-03,2.217062747713247073e-02
-1.574393498376693290e-01,1.912218559933352366e-02,-2.959827484448267904e-02,-4.315730330198166813e-03,3.887260417475859459e-03,2.208048525815337754e-02
-1.574335865801858581e-01,1.911122220022636042e-02,-2.957582229286016134e-02,-4.274056384295214610e-03,3.973605651675087870e-03,2.198714375404214535e-02
-1.574275367668090120e-01,1.909968934904912249e-02,-2.955272805545294118e-02,-4.230284603342497445e-03,4.060334750094934594e-03,2.189060296479885398e-02
-1.574212003975388463e-01,1.908758704580178212e-02,-2.952899213226096997e-02,-4.184414987339940724e-03,4.147447712735554022e-03,2.179086289042334035e-02
-1.574145774723753055e-01,1.907491529048435663e-02,-2.950461452328427547e-02,-4.136447536287580010e-03,4.234944539596868958e-03,2.168792353091568079e-02
-1.574076679913184174e-01,1.906167408309684952e-02,-2.947959522852288197e-02,-4.086382250185459537e-03,4.322825230678802207e-03,2.158178488627598285e-02
-1.574004719543681818e-01,1.904786342363924342e-02,-2.945393424797673396e-02,-4.034219129033492571e-03,4.411089785981509893e-03,2.147244695650404184e-02
-1.573929893615246267e-01,1.903348331211155917e-02,-2.942763158164589041e-02,-3.979958172831772785e-03,4.499738205504834158e-03,2.135990974160006245e-02
-1.573852202127876965e-01,1.901853374851377246e-02,-2.940068722953029234e-02,-3.923599381580199566e-03,4.588770489248932861e-03,2.124417324156383999e-02
-1.573771645081574189e-01,1.900301473284589718e-02,-2.937310119162997099e-02,-3.865142755278824956e-03,4.678186637213727940e-03,2.112523745639548201e-02
-1.573688222476338217e-01,1.898692626510794373e-02,-2.934487346794494717e-02,-3.804588293927700995e-03,4.767986649399138729e-03,2.100310238609508565e-02
-1.573601934312168216e-01,1.897026834529989131e-02,-2.931600405847517576e-02,-3.741935997526719265e-03,4.858170525805326559e-03,2.087776803066244274e-02
-1.573512780589065296e-01,1.895304097342176419e-02,-2.928649296322070189e-02,-3.677185866075995992e-03,4.948738266432129232e-03,2.074923439009777187e-02
-1.573420761307028626e-01,1.893524414947353463e-02,-2.925634018218148044e-02,-3.610337899575408876e-03,5.039689871279707210e-03,2.061750146440084752e-02
-1.573325876466058204e-01,1.891687787345521302e-02,-2.922554571535752876e-02,-3.541392098025018635e-03,5.131025340347981564e-03,2.048256925357178418e-02
-1.573228126066154586e-01,1.889794214536682018e-02,-2.919410956274888155e-02,-3.470348461424891187e-03,5.222744673636870762e-03,2.034443775761069634e-02
-1.573127510107317217e-01,1.887843696520831796e-02,-2.916203172435548330e-02,-3.397206989774895561e-03,5.314847871146537867e-03,2.020310697651734808e-02
-1.573024028589546930e-01,1.885836233297973064e-02,-2.912931220017735481e-02,-3.321967683075095941e-03,5.407334932876899612e-03,2.005857691029185735e-02
-1.572917681512842614e-01,1.883771824868107209e-02,-2.909595099021453427e-02,-3.244630541325566053e-03,5.500205858827875334e-03,1.991084755893436295e-02
-1.572808468877205101e-01,1.881650471231230415e-02,-2.906194809446695920e-02,-3.165195564526161916e-03,5.593460648999628963e-03,1.975991892244459078e-02
-1.572696390682634116e-01,1.879472172387346499e-02,-2.902730351293468514e-02,-3.083662752677027510e-03,5.687099303391996569e-03,1.960579100082281492e-02
-1.572581446929129378e-01,1.877236928336451643e-02,-2.899201724561765656e-02,-3.000032105778019723e-03,5.781121822005142949e-03,1.944846379406876130e-02
-1.572463637616691168e-01,1.874944739078548278e-02,-2.895608929251590122e-02,-2.914303623829206207e-03,5.875528204838983970e-03,1.928793730218256869e-02
-1.572342962745319761e-01,1.872595604613637790e-02,-2.891951965362945381e-02,-2.826477306830669362e-03,5.970318451893438100e-03,1.912421152516437933e-02
-1.572219422315014603e-01,1.870189524941716364e-02,-2.888230832895824843e-02,-2.736553154782253063e-03,6.065492563168671872e-03,1.895728646301390180e-02
-1.572094220009033483e-01,1.867746903249827700e-02,-2.884468137340807231e-02,-2.645320499947044317e-03,6.160863665802090473e-03,1.878843362339002732e-02
-1.571970587709269340e-01,1.865322521965459904e-02,-2.880724574296367191e-02,-2.554898694432814962e-03,6.255930007345895418e-03,1.862106699627250408e-02
-1.571848703204265785e-01,1.862919394716073748e-02,-2.877003482678478635e-02,-2.465404325583433510e-03,6.350663985975608765e-03,1.845537438812453954e-02
-1.571728566494023926e-01,1.860537521501673050e-02,-2.873304862487147809e-02,-2.376837393399057821e-03,6.445065601691060513e-03,1.829135579894642510e-02
-1.571610177578542933e-01,1.858176902322253993e-02,-2.869628713722368468e-02,-2.289197897879531769e-03,6.539134854492420663e-03,1.812901122873787282e-02
-1.571493536457823359e-01,1.855837537177819005e-02,-2.865975036384143734e-02,-2.202485839024934285e-03,6.632871744379603349e-03,1.796834067749902841e-02
-1.571378643131864650e-01,1.853519426068369474e-02,-2.862343830472476730e-02,-2.116701216835340394e-03,6.726276271352526169e-03,1.780934414523003065e-02
-1.571265497600667360e-01,1.851222568993901585e-02,-2.858735095987361557e-02,-2.031844031310598743e-03,6.819348435411356525e-03,1.765202163193059504e-02
-1.571154099864231213e-01,1.848946965954417418e-02,-2.855148832928800645e-02,-1.947914282450785226e-03,6.912088236556008548e-03,1.749637313760087076e-02
-1.571044449922556208e-01,1.846692616949919055e-02,-2.851585041296797463e-02,-1.864911970255973567e-03,7.004495674786403309e-03,1.734239866224098967e-02
-1.570936547775642345e-01,1.844459521980402333e-02,-2.848043721091345765e-02,-1.782837094726015667e-03,7.096570750102702135e-03,1.719009820585067419e-02
-1.570830393423489624e-01,1.842247681045871069e-02,-2.844524872312452143e-02,-1.701689655861058107e-03,7.188313462504742832e-03,1.703947176843020189e-02
-1.570725986866098323e-01,1.840057094146321445e-02,-2.841028494960109660e-02,-1.621469653660956257e-03,7.279723811992689329e-03,1.689051934997930562e-02
-1.570623328103467609e-01,1.837887761281755891e-02,-2.837554589034322131e-02,-1.542177088125782757e-03,7.370801798566458361e-03,1.674324095049811029e-02
-1.570522417135598592e-01,1.835739682452175447e-02,-2.834103154535092331e-02,-1.463811959255606780e-03,7.461547422225970998e-03,1.659763656998675466e-02
-1.570423253962490440e-01,1.833612857657577339e-02,-2.830674191462413669e-02,-1.386374267050289114e-03,7.551960682971385966e-03,1.645370620844497159e-02
-1.570325838584143707e-01,1.831507286897962605e-02,-2.827267699816289961e-02,-1.309864011509899798e-03,7.642041580802625203e-03,1.631144986587289639e-02
-1.570230171000558117e-01,1.829422970173333676e-02,-2.823883679596723983e-02,-1.234281192634505402e-03,7.731790115719608045e-03,1.617086754227065742e-02
-1.570136251211733391e-01,1.827359907483686388e-02,-2.820522130803709143e-02,-1.159625810423971920e-03,7.821206287722492351e-03,1.603195923763799449e-02
-1.570044079217670085e-01,1.825318098829024210e-02,-2.817183053437252380e-02,-1.085897864878432057e-03,7.910290096811123731e-03,1.589472495197516433e-02
-1.569953655018367922e-01,1.823297544209344367e-02,-2.813866447497347448e-02,-1.013097355997754408e-03,7.999041542985656575e-03,1.575916468528191713e-02
-1.569864978613826900e-01,1.821298243624648247e-02,-2.810572312983996776e-02,-9.412242837820050017e-04,8.087460626246011086e-03,1.562527843755837781e-02
-1.569778050004047021e-01,1.819320197074937237e-02,-2.807300649897203487e-02,-8.702786482312463955e-04,8.175547346592110937e-03,1.549306620880465911e-02
-1.569692869189028284e-01,1.817363404560208215e-02,-2.804051458236962377e-02,-8.002604493453529307e-04,8.263301704024113986e-03,1.536252799902053205e-02
-1.569609436168770689e-01,1.815427866080463262e-02,-2.800824738003275527e-02,-7.311696871243878165e-04,8.350723698541940437e-03,1.523366380820610939e-02
-1.569527750943274513e-01,1.813513581635703420e-02,-2.797620489196146407e-02,-6.630063615684114427e-04,8.437813330145510493e-03,1.510647363636150910e-02
-1.569447813512539203e-01,1.811620551225925912e-02,-2.794438711815568771e-02,-5.957704726773021620e-04,8.524570598834983748e-03,1.498095748348650044e-02
-1.569369623876565034e-01,1.809748774851133168e-02,-2.791279405861548865e-02,-5.294620204511794534e-04,8.610995504610202342e-03,1.485711534958130894e-02
-1.569293182035352285e-01,1.807898252511322759e-02,-2.788142571334080444e-02,-4.640810048899260062e-04,8.697088047471320665e-03,1.473494723464571256e-02
-1.569218487988900679e-01,1.806068984206496073e-02,-2.785028208233166977e-02,-3.996274259936009095e-04,8.782848227418264125e-03,1.461445313867982751e-02
-1.569145541737210214e-01,1.804260969936654496e-02,-2.781936316558810893e-02,-3.361012837622598913e-04,8.868276044450952925e-03,1.449563306168374921e-02
-1.569074343280280615e-01,1.802474209701794908e-02,-2.778866896311006640e-02,-2.735025781957906824e-04,8.953371498569541453e-03,1.437848700365727470e-02
-1.569004892618112434e-01,1.800708703501919042e-02,-2.775819947489756995e-02,-2.118313092942497155e-04,9.038134589773951649e-03,1.426301496460050632e-02
-1.568937189750705397e-01,1.798964451337028633e-02,-2.772795470095064385e-02,-1.510874770576909297e-04,9.122565318064112388e-03,1.414921694451354642e-02
-1.568871234678059501e-01,1.797241453207120213e-02,-2.769793464126924301e-02,-9.127108148600574216e-05,9.206663683440171123e-03,1.403709294339618857e-02
-1.568807027400175025e-01,1.795539709112197249e-02,-2.766813929585340906e-02,-3.238212257930062152e-05,9.290429685901978665e-03,1.392664296124863921e-02
-1.568744567917051413e-01,1.793859219052256274e-02,-2.763856866470310036e-02,2.557939966252862404e-05,9.373863325449684203e-03,1.381786699807069536e-02
-1.568683856228688667e-01,1.792199983027299021e-02,-2.760922274781833427e-02,8.261348523942962756e-05,9.456964602083211408e-03,1.371076505386245939e-02
-1.568624892335087617e-01,1.790562001037326878e-02,-2.758010154519914547e-02,1.387201341513529494e-04,9.539733515802489155e-03,1.360533712862402322e-02
-1.568567676236247710e-01,1.788945273082337070e-02,-2.755120505684547152e-02,1.938993463983981194e-04,9.622170066607666633e-03,1.350158322235520125e-02
-1.568512207932168667e-01,1.787349799162330638e-02,-2.752253328275734365e-02,2.481511219805148305e-04,9.704274254498664043e-03,1.339950333505608542e-02
-1.568458487422851044e-01,1.785775579277309316e-02,-2.749408622293479307e-02,3.014754608976561367e-04,9.786046079475411996e-03,1.329909746672676765e-02
-1.568406514708294563e-01,1.784222613427270676e-02,-2.746586387737775733e-02,3.538723631499174479e-04,9.867485541538056210e-03,1.320036561736706235e-02
-1.568356289788499225e-01,1.782690901612217146e-02,-2.743786624608629543e-02,4.053418287372045469e-04,9.948592640686452701e-03,1.310330778697715338e-02
-1.568307812663465028e-01,1.781180443832145605e-02,-2.741009332906035878e-02,4.558838576596095909e-04,1.002936737692074545e-02,1.300792397555686208e-02
-1.568261083333191974e-01,1.779691240087057785e-02,-2.738254512629996126e-02,5.054984499170863928e-04,1.010980975024085987e-02,1.291421418310627865e-02
-1.568216101797680062e-01,1.778223290376954729e-02,-2.735522163780513757e-02,5.541856055095916930e-04,1.018991976064672657e-02,1.282217840962548289e-02
-1.568172868056929292e-01,1.776776594701834355e-02,-2.732812286357583914e-02,6.019453244372127698e-04,1.026969740813848779e-02,1.273181665511431346e-02
-1.568131382110939942e-01,1.775351153061697704e-02,-2.730124880361207984e-02,6.487776066999052793e-04,1.034914269271607415e-02,1.264312891957285016e-02
-1.568091643959711179e-01,1.773946965456545816e-02,-2.727459945791389784e-02,6.946824522976297565e-04,1.042825561437941105e-02,1.255611520300117107e-02
-1.568053653603244113e-01,1.772564031886376262e-02,-2.724817482648123415e-02,7.396598612304666493e-04,1.050703617312864248e-02,1.247077550539912004e-02
-1.568017411041538189e-01,1.771202352351191819e-02,-2.722197490931414082e-02,7.837098334983361603e-04,1.058548436896362618e-02,1.238710982676684974e-02
-1.567982916274593130e-01,1.769861926850989711e-02,-2.719599970641257275e-02,8.268323691013170027e-04,1.066360020188450441e-02,1.230511816710421272e-02
-1.567950169302409491e-01,1.768542755385771673e-02,-2.717024921777655075e-02,8.690274680393694946e-04,1.074138367189120605e-02,1.222480052641128183e-02
-1.567919170124986994e-01,1.767244837955538050e-02,-2.714472344340609217e-02,9.102951303124572069e-04,1.081883477898366169e-02,1.214615690468812646e-02
-1.567889918742325639e-01,1.765968174560287110e-02,-2.711942238330116231e-02,9.506353559206540821e-04,1.089595352316201013e-02,1.206918730193460958e-02
-1.567862415154425426e-01,1.764712765200019892e-02,-2.709434603746177853e-02,9.900481448639223900e-04,1.097273990442618023e-02,1.199389171815079883e-02
-1.567836659361286356e-01,1.763478609874737438e-02,-2.706949440588796163e-02,1.028533497142229388e-03,1.104919392277610608e-02,1.192027015333676013e-02
-1.567812651362908427e-01,1.762265708584437318e-02,-2.704486748857966999e-02,1.066091412755641862e-03,1.112531557821192472e-02,1.184832260749236164e-02
-1.567790391159291641e-01,1.761074061329122309e-02,-2.702046528553694524e-02,1.102721891704093893e-03,1.120110487073349911e-02,1.177804908061773174e-02
-1.567769878750435997e-01,1.759903668108789634e-02,-2.699628779675974574e-02,1.138424933987650534e-03,1.127656180034096282e-02,1.170944957271274726e-02
-1.567751114136341772e-01,1.758754528923441030e-02,-2.697233502224809579e-02,1.173200539606279041e-03,1.135168636703424994e-02,1.164252408377746892e-02
-1.567734097317008690e-01,1.757626643773076841e-02,-2.694860696200200925e-02,1.207048708559949057e-03,1.142647857081329280e-02,1.157727261381195569e-02
-1.567718828292436473e-01,1.756520012657695334e-02,-2.692510361602144797e-02,1.239969440848721948e-03,1.150093841167822845e-02,1.151369516281608961e-02
-1.567705307062625397e-01,1.755434635577297550e-02,-2.690182498430643623e-02,1.271962736472566921e-03,1.157506588962898403e-02,1.145179173078992967e-02
-1.567693533627575742e-01,1.754370512531884529e-02,-2.687877106685698791e-02,1.303028595431455355e-03,1.164886100466550056e-02,1.139156231773353137e-02
-1.567683507987287228e-01,1.753327643521454191e-02,-2.685594186367306832e-02,1.333167017725444062e-03,1.172232375678790468e-02,1.133300692364678543e-02
-1.567675230141759857e-01,1.752306028546008268e-02,-2.683333737475471562e-02,1.362378003354478180e-03,1.179545414599606629e-02,1.127612554852979766e-02
-1.567668700090993628e-01,1.751305667605545027e-02,-2.681095760010188123e-02,1.390661552318610619e-03,1.186825217229011895e-02,1.122091819238246399e-02
-1.567663917834988541e-01,1.750326560700065856e-02,-2.678880253971459985e-02,1.418017664617814925e-03,1.194071783566999154e-02,1.116738485520483819e-02
-1.567660883373744596e-01,1.749368707829571101e-02,-2.676687219359288883e-02,1.444446340252067678e-03,1.201285113613562508e-02,1.111552553699696536e-02
-1.567659596707262071e-01,1.748432108994059375e-02,-2.674516656173669613e-02,1.469947579221416584e-03,1.208465207368714621e-02,1.106534023775875356e-02
-1.567660057835540410e-01,1.747516764193531025e-02,-2.672368564414605296e-02,1.494521381525836488e-03,1.215612064832449074e-02,1.101682895749024615e-02
-1.567662266758579892e-01,1.746622673427987091e-02,-2.670242944082097669e-02,1.518167747165307009e-03,1.222725686004759449e-02,1.096999169619148999e-02
-1.567666223476380516e-01,1.745749836697426186e-02,-2.668139795176142220e-02,1.540886676139871514e-03,1.229806070885658235e-02,1.092482845386239486e-02
-1.567671927988942560e-01,1.744898254001849350e-02,-2.666059117696743808e-02,1.562678168449488370e-03,1.236853219475133464e-02,1.088133923050304749e-02
-1.567679380296265745e-01,1.744067925341255890e-02,-2.664000911643898267e-02,1.583542224094196607e-03,1.243867131773197104e-02,1.083952402611336810e-02
-1.567688580398350073e-01,1.743258850715646152e-02,-2.661965177017607334e-02,1.603478843073976711e-03,1.250847807779843432e-02,1.079938284069339310e-02
-1.567699528295195543e-01,1.742471030125020831e-02,-2.659951913817872396e-02,1.622488025388811334e-03,1.257795247495065508e-02,1.076091567424316241e-02
-1.567712223986801878e-01,1.741704463569378192e-02,-2.657961122044690677e-02,1.640569771038737339e-03,1.264709450918875995e-02,1.072412252676260142e-02
-1.567726667473169633e-01,1.740959151048719622e-02,-2.655992801698063219e-02,1.657724080023733476e-03,1.271590418051269170e-02,1.068900339825174656e-02
-1.567742858754298529e-01,1.740235092563044775e-02,-2.654046952777992449e-02,1.673950952343786734e-03,1.278438148892238439e-02,1.065555828871063079e-02
-1.567760797830188846e-01,1.739532288112353650e-02,-2.652123575284474552e-02,1.689250387998927037e-03,1.285252643441796294e-02,1.062378719813918820e-02
-1.567780445956724888e-01,1.738850920344921225e-02,-2.650222855977234920e-02,1.703612740490301853e-03,1.292033520370673184e-02,1.059370592446620858e-02
-1.567800667121303226e-01,1.738196344673859778e-02,-2.648350270820753333e-02,1.716755165721490497e-03,1.298769598759139977e-02,1.056577767729315574e-02
-1.567820935166620577e-01,1.737571041520346096e-02,-2.646508356070962839e-02,1.728546661196145003e-03,1.305455700035617131e-02,1.054021699747450039e-02
-1.567841250092676941e-01,1.736975010884381568e-02,-2.644697111727864133e-02,1.738987226914256480e-03,1.312091824200098920e-02,1.051702388501025986e-02
-1.567861611899472318e-01,1.736408252765964458e-02,-2.642916537791454093e-02,1.748076862875843577e-03,1.318677971252597142e-02,1.049619833990039428e-02
-1.567882020587006986e-01,1.735870767165095807e-02,-2.641166634261734800e-02,1.755815569080896536e-03,1.325214141193106071e-02,1.047774036214492617e-02
-1.567902476155280944e-01,1.735362554081775616e-02,-2.639447401138707641e-02,1.762203345529409935e-03,1.331700334021619636e-02,1.046164995174386769e-02
-1.567922978604293915e-01,1.734883613516003537e-02,-2.637758838422368801e-02,1.767240192221395702e-03,1.338136549738149633e-02,1.044792710869719109e-02
-1.567943527934046177e-01,1.734433945467779917e-02,-2.636100946112722443e-02,1.770926109156844295e-03,1.344522788342684440e-02,1.043657183300491890e-02
-1.567964124144537452e-01,1.734013549937103715e-02,-2.634473724209764403e-02,1.773261096335762652e-03,1.350859049835235505e-02,1.042758412466703380e-02
-1.567984767235767740e-01,1.733622426923976320e-02,-2.632877172713497457e-02,1.774245153758146655e-03,1.357145334215797104e-02,1.042096398368354444e-02
-1.568005457207737041e-01,1.733260576428397037e-02,-2.631311291623922299e-02,1.773878281423997387e-03,1.363381641484363686e-02,1.041671141005445604e-02
-1.568026194060445633e-01,1.732927998450365867e-02,-2.629776080941035807e-02,1.772160479333314198e-03,1.369567971640946527e-02,1.041482640377975818e-02
-1.568046977793893237e-01,1.732624692989883156e-02,-2.628271540664840061e-02,1.769091747486096870e-03,1.375704324685539555e-02,1.041530896485945781e-02
-1.568067808408080133e-01,1.732350660046948557e-02,-2.626797670795336104e-02,1.764672085882349525e-03,1.381790700618138086e-02,1.041815909329355146e-02
-1.568088685903006041e-01,1.732105899621562070e-02,-2.625354471332520812e-02,1.758901494522064788e-03,1.387827099438752182e-02,1.042337678908204258e-02
-1.568109610278671240e-01,1.731890411713724043e-02,-2.623941942276397654e-02,1.751779973405252853e-03,1.393813521147371781e-02,1.043096205222492252e-02
-1.568130581535075729e-01,1.731704196323434128e-02,-2.622560083626963856e-02,1.743307522531900708e-03,1.399749965744007466e-02,1.044091488272220515e-02
-1.568151599672218954e-01,1.731547253450692325e-02,-2.621208895384220111e-02,1.733484141902014424e-03,1.405636433228653510e-02,1.045323528057388353e-02
-1.568172664690101470e-01,1.731419583095498635e-02,-2.619888377548168154e-02,1.722309831515604628e-03,1.411472923601304712e-02,1.046792324577994551e-02
-1.568193776588722999e-01,1.731321185257853404e-02,-2.618598530118805209e-02,1.709784591372650936e-03,1.417259436861971825e-02,1.048497877834041539e-02
-1.568214935368083540e-01,1.731252059937756285e-02,-2.617339353096133012e-02,1.695908421473163105e-03,1.422995973010649298e-02,1.050440187825528275e-02
-1.568236141028183372e-01,1.731212207135207626e-02,-2.616110846480152602e-02,1.680681321817155231e-03,1.428682532047332449e-02,1.052619254552452505e-02
-1.568257393569022495e-01,1.731201626850206732e-02,-2.614913010270860858e-02,1.664103292404600209e-03,1.434319113972031337e-02,1.055035078014818391e-02
-1.568278692990600631e-01,1.731220319082754297e-02,-2.613745844468261248e-02,1.646174333235527311e-03,1.439905718784735729e-02,1.057687658212621423e-02
-1.568300039292917780e-01,1.731268283832849975e-02,-2.612609349072350998e-02,1.626894444309905097e-03,1.445442346485455339e-02,1.060576995145866459e-02
-1.568321432475974220e-01,1.731345521100494458e-02,-2.611503524083130454e-02,1.606263625627748527e-03,1.450928997074185829e-02,1.063703088814551070e-02
-1.568342872539769672e-01,1.731452030885686361e-02,-2.610428369500602044e-02,1.584281877189077552e-03,1.456365670550921997e-02,1.067065939218672307e-02
-1.568364359484304416e-01,1.731587813188427069e-02,-2.609383885324763341e-02,1.560949198993853791e-03,1.461752366915673382e-02,1.070665546358236069e-02
-1.568385893309578172e-01,1.731752868008715543e-02,-2.608370071555615385e-02,1.536265591042118225e-03,1.467089086168430617e-02,1.074501910233236109e-02
-1.568407474015590941e-01,1.731947195346552823e-02,-2.607386928193157136e-02,1.510231053333826838e-03,1.472375828309203244e-02,1.078575030843679020e-02
-1.568429101602342723e-01,1.732170795201937868e-02,-2.606434455237388939e-02,1.482845585869001313e-03,1.477612593337986405e-02,1.082884908189561679e-02
-1.568450776069833796e-01,1.732423667574871026e-02,-2.605512652688312877e-02,1.454109188647668104e-03,1.482799381254775416e-02,1.087431542270879750e-02
-1.568472497418064160e-01,1.732705812465352643e-02,-2.604621520545925828e-02,1.424021861669775169e-03,1.487936192059579645e-02,1.092214933087641560e-02
-1.568494265647033536e-01,1.733017229873382373e-02,-2.603761058810229179e-02,1.392583604935348314e-03,1.493023025752394407e-02,1.097235080639842944e-02
-1.568516080756741926e-01,1.733357919798960214e-02,-2.602931267481224317e-02,1.359794418444416810e-03,1.498059882333215367e-02,1.102491984927479220e-02
-1.568537942747189884e-01,1.733727882242086515e-02,-2.602132146558908815e-02,1.325654302196922329e-03,1.503046761802051025e-02,1.107985645950559928e-02
-1.568559851618376577e-01,1.734127117202760929e-02,-2.601363696043284407e-02,1.290163256192926235e-03,1.507983664158893226e-02,1.113716063709074833e-02
-1.568581807370302283e-01,1.734555624680983454e-02,-2.600625915934349705e-02,1.253321280432364128e-03,1.512870589403749952e-02,1.119683238203034517e-02
-1.568603810002967280e-01,1.735013404676754439e-02,-2.599918806232105750e-02,1.215128374915268317e-03,1.517707537536617558e-02,1.125887169432433950e-02
-1.568625859516371290e-01,1.735500457190073537e-02,-2.599242366936552195e-02,1.175584539641674579e-03,1.522494508557491709e-02,1.132327857397267233e-02
-1.568647955910514591e-01,1.736016782220940746e-02,-2.598596598047689041e-02,1.134689774611511359e-03,1.527231502466380210e-02,1.139005302097545816e-02
-1.568670099185396904e-01,1.736562379769356415e-02,-2.597981499565515939e-02,1.092444079824814217e-03,1.531918519263279245e-02,1.145919503533263974e-02
-1.568692289341018509e-01,1.737137249835319849e-02,-2.597397071490034279e-02,1.048847455281621535e-03,1.536555558948184824e-02,1.153070461704415288e-02
-1.568714526377379126e-01,1.737741392418832090e-02,-2.596843313821242671e-02,1.003899900981856984e-03,1.541142621521104927e-02,1.160458176611012596e-02
-1.568736810294479034e-01,1.738374807519891749e-02,-2.596320226559141464e-02,9.576014169256003624e-04,1.545679706982031748e-02,1.168082648253042713e-02
-1.568759141092317955e-01,1.739037495138500561e-02,-2.595827809703730310e-02,9.099520031127684028e-04,1.550166815330973093e-02,1.175943876630519344e-02
-1.568781518770895889e-01,1.739729455274657138e-02,-2.595366063255009903e-02,8.609516595434023051e-04,1.554603946567925318e-02,1.184041861743435377e-02
-1.568803943330212836e-01,1.740450687928361828e-02,-2.594934987212979896e-02,8.106003862175467384e-04,1.558991100692883915e-02,1.192376603591783699e-02
-1.568826414770269073e-01,1.741201193099614977e-02,-2.594534581577640289e-02,7.588981831351134487e-04,1.563328277705856861e-02,1.200948102175579055e-02
-1.568848933091064601e-01,1.741980970788416239e-02,-2.594164846348991083e-02,7.058450502961458040e-04,1.567615477606840169e-02,1.209756357494813986e-02
-1.568871498292598865e-01,1.742790020994765612e-02,-2.593825781527032623e-02,6.514409877006930270e-04,1.571852700395830540e-02,1.218801369549480512e-02
-1.568894110374872697e-01,1.743628343718663445e-02,-2.593517387111764216e-02,5.956859953486577566e-04,1.576039946072835263e-02,1.228083138339594593e-02
-1.568916769337885264e-01,1.744495938960109044e-02,-2.593239663103186557e-02,5.385800732401397391e-04,1.580177214637846703e-02,1.237601663865139749e-02
-1.568939475181637122e-01,1.745392806719103448e-02,-2.592992609501298951e-02,4.801232213750374934e-04,1.584264506090872493e-02,1.247356946126133154e-02
-1.568962227906128548e-01,1.746318946995646312e-02,-2.592776226306102091e-02,4.203154397534013265e-04,1.588301820431908817e-02,1.257348985122565960e-02
-1.568985027511358432e-01,1.747274359789735901e-02,-2.592590513517595632e-02,3.591567283752856651e-04,1.592289157660952206e-02,1.267577780854429320e-02
-1.569007873997327884e-01,1.748259045101375336e-02,-2.592435471135779573e-02,2.966470872405816556e-04,1.596226517778009599e-02,1.278043333321741450e-02
-1.569030767364036072e-01,1.749273002930562884e-02,-2.592311099160653914e-02,2.327865163493439415e-04,1.600113900783077525e-02,1.288745642524493154e-02
-1.569053707611483550e-01,1.750316233277297504e-02,-2.592217397592218656e-02,1.675750157016302026e-04,1.603951306676152516e-02,1.299684708462674719e-02
-1.569076694739670319e-01,1.751388736141581276e-02,-2.592154366430474144e-02,1.010125852973246460e-04,1.607738735457241511e-02,1.310860531136305573e-02
-1.569099728748595823e-01,1.752490511523412120e-02,-2.592122005675419685e-02,3.309922513654610030e-05,1.611476187126337917e-02,1.322273110545365941e-02
-1.569122809638260896e-01,1.753621559422792464e-02,-2.592120315327055974e-02,-3.616506478082643153e-05,1.615163661683447632e-02,1.333922446689875946e-02
-1.569145937408664704e-01,1.754781879839720921e-02,-2.592149295385382662e-02,-1.067802844547331015e-04,1.618801159128568923e-02,1.345808539569825699e-02
-1.569169112059808080e-01,1.755971472774196795e-02,-2.592208945850399404e-02,-1.787464338851101585e-04,1.622388679461696931e-02,1.357931389185204271e-02
-1.569192333591690469e-01,1.757190338226221477e-02,-2.592299266722106893e-02,-2.520635130720838037e-04,1.625926222682838596e-02,1.370290995536032827e-02
-1.569215602004311871e-01,1.758438476195794617e-02,-2.592420258000505129e-02,-3.267315220155924543e-04,1.629413788791990794e-02,1.382887358622301478e-02
-1.569238917297672287e-01,1.759715886682915176e-02,-2.592571919685593071e-02,-4.027504607155667216e-04,1.632851377789150751e-02,1.395720478443998082e-02
-1.569262279471771993e-01,1.761022569687584541e-02,-2.592754251777371760e-02,-4.801203291721423475e-04,1.636238989674324365e-02,1.408790355001145883e-02
-1.569285688526610711e-01,1.762358525209801324e-02,-2.592967254275841196e-02,-5.588411273851818552e-04,1.639576624447505390e-02,1.422096988293721290e-02
-1.569309144462188443e-01,1.763723753249567261e-02,-2.593210927181000686e-02,-6.389128553548244563e-04,1.642864282108699725e-02,1.435640378321747894e-02
-1.569332647278505466e-01,1.765118253806881657e-02,-2.593485270492850922e-02,-7.203355130810016292e-04,1.646101962657904941e-02,1.449420525085214594e-02
-1.569356196975561779e-01,1.766542026881743124e-02,-2.593790284211391559e-02,-8.031091005636387808e-04,1.649289666095117568e-02,1.463437428584108205e-02
-1.569379793553357105e-01,1.767995072474153745e-02,-2.594125968336622248e-02,-8.872336178028833627e-04,1.652427392420343852e-02,1.477691088818453534e-02
-1.569403437011891445e-01,1.769477390584112825e-02,-2.594492322868544032e-02,-9.727090647986625163e-04,1.655515141633580323e-02,1.492181505788239132e-02
-1.569427127351165074e-01,1.770988981211618629e-02,-2.594889347807155175e-02,-1.059535441550897312e-03,1.658552913734824899e-02,1.506908679493450774e-02
-1.569450864571177717e-01,1.772529844356673934e-02,-2.595317043152457759e-02,-1.147712748059743007e-03,1.661540708724083132e-02,1.521872609934115002e-02
-1.569474648671929373e-01,1.774099980019276310e-02,-2.595775408904450396e-02,-1.237240984325043477e-03,1.664478526601348776e-02,1.537073297110205447e-02
-1.569498479653420320e-01,1.775699388199428186e-02,-2.596264445063133433e-02,-1.328120150346956147e-03,1.667366367366627730e-02,1.552510741021749172e-02
-1.569522357515650279e-01,1.777328068897128521e-02,-2.596784151628507217e-02,-1.420350246125404257e-03,1.670204231019916871e-02,1.568184941668732124e-02
-1.569546282258619530e-01,1.778986022112375234e-02,-2.597334528600571402e-02,-1.513931271660302370e-03,1.672992117561214465e-02,1.584095899051141121e-02
-1.569570253882327793e-01,1.780673247845171794e-02,-2.597915575979325639e-02,-1.608863226951817021e-03,1.675730026990525021e-02,1.600243613169003570e-02
-1.569593998934005752e-01,1.782389177422933832e-02,-2.598526689754404595e-02,-1.705133832055728740e-03,1.678417221340630650e-02,1.616626005328662338e-02
-1.569616308844424823e-01,1.784131297504188904e-02,-2.599165200403225073e-02,-1.802688813750770100e-03,1.681050439044742828e-02,1.633233888403633899e-02
-1.569637040313450471e-01,1.785899310081874927e-02,-2.599830791400318045e-02,-1.901521736857674470e-03,1.683629293378676936e-02,1.650066173075750986e-02
-1.569656193341083250e-01,1.787693215155989127e-02,-2.600523462745682815e-02,-2.001632601376266210e-03,1.686153784342427422e-02,1.667122859344983415e-02
-1.569673767927323160e-01,1.789513012726533930e-02,-2.601243214439320078e-02,-2.103021407306723562e-03,1.688623911935999145e-02,1.684403947211362412e-02
-1.569689764072169924e-01,1.791358702793508645e-02,-2.601990046481229141e-02,-2.205688154648957188e-03,1.691039676159390021e-02,1.701909436674872017e-02
-1.569704181775623264e-01,1.793230285356911188e-02,-2.602763958871410002e-02,-2.309632843402874714e-03,1.693401077012597969e-02,1.719639327735496964e-02
-1.569717021037684013e-01,1.795127760416744336e-02,-2.603564951609863704e-02,-2.414855473568660888e-03,1.695708114495627153e-02,1.737593620393268479e-02
-1.569728281858351338e-01,1.797051127973007742e-02,-2.604393024696589204e-02,-2.521356045146224203e-03,1.697960788608475144e-02,1.755772314648171295e-02
-1.569737964237625794e-01,1.799000388025698283e-02,-2.605248178131586156e-02,-2.629134558135467516e-03,1.700159099351140207e-02,1.774175410500188413e-02
-1.569746068175507103e-01,1.800975540574820122e-02,-2.606130411914855949e-02,-2.738191012536582945e-03,1.702303046723626506e-02,1.792802907949352792e-02
-1.569752593671995544e-01,1.802976585620369790e-02,-2.607039726046397193e-02,-2.848525408349377071e-03,1.704392630725929877e-02,1.811654806995631473e-02
-1.569757540727090561e-01,1.805003523162350756e-02,-2.607976120526210931e-02,-2.960137745574044615e-03,1.706427851358054484e-02,1.830731107639057414e-02
-1.569760909340792709e-01,1.807056353200760940e-02,-2.608939595354297508e-02,-3.073028024210489300e-03,1.708408708619997898e-02,1.850031809879615005e-02
-1.569762699513101989e-01,1.809135075735598952e-02,-2.609930150530654497e-02,-3.187196244258608778e-03,1.710335202511758385e-02,1.869556913717285510e-02
-1.569762911244017844e-01,1.811239690766868263e-02,-2.610947786055285019e-02,-3.302642405718606445e-03,1.712207333033340106e-02,1.889306419152104663e-02
-1.569761544533540554e-01,1.813370198294566790e-02,-2.611992501928186994e-02,-3.419366508590380386e-03,1.714025100184740635e-02,1.909280326184055118e-02
-1.569758599381670394e-01,1.815526598318693147e-02,-2.613064298149360767e-02,-3.537368552873825650e-03,1.715788503965958584e-02,1.929478634813117793e-02
-1.569754075788407366e-01,1.817708890839251148e-02,-2.614163174718807034e-02,-3.656648538569152139e-03,1.717497544376996726e-02,1.949901345039329811e-02
-1.569747973753751191e-01,1.819917075856236285e-02,-2.615289131636524753e-02,-3.777206465676147783e-03,1.719152221417852983e-02,1.970548456862654049e-02
-1.569740293277701593e-01,1.822151153369652721e-02,-2.616442168902515311e-02,-3.899042334195026820e-03,1.720752535088529780e-02,1.991419970283127977e-02
-1.569731034360259403e-01,1.824411123379499067e-02,-2.617622286516778016e-02,-4.022156144125682564e-03,1.722298485389025732e-02,2.012515885300732513e-02
-1.569720197001423789e-01,1.826696985885772548e-02,-2.618829484479311825e-02,-4.146547895468003994e-03,1.723790072319339103e-02,2.033836201915449268e-02
-1.569707781201195029e-01,1.829008740888477327e-02,-2.620063762790118822e-02,-4.272217588222212287e-03,1.725227295879473016e-02,2.055380920127316061e-02
-1.569693786959573401e-01,1.831346388387612018e-02,-2.621325121449197618e-02,-4.399165222388197287e-03,1.726610156069426083e-02,2.077150039936313461e-02
-1.569678214276558903e-01,1.833709928383173843e-02,-2.622613560456547865e-02,-4.527390797965845370e-03,1.727938652889196916e-02,2.099143561342422734e-02
-1.569661063152150982e-01,1.836099360875167313e-02,-2.623929079812170953e-02,-4.656894314955382919e-03,1.729212786338787944e-02,2.121361484345681697e-02
-1.569642333586350191e-01,1.838514685863587919e-02,-2.625271679516065146e-02,-4.787675773356580948e-03,1.730432556418196738e-02,2.143803808946052186e-02
-1.569622025579156255e-01,1.840955903348440517e-02,-2.626641359568232179e-02,-4.919735173169670177e-03,1.731597963127426074e-02,2.166470535143573406e-02
-1.569600139130569449e-01,1.843423013329722332e-02,-2.628038119968672051e-02,-5.053072514394536981e-03,1.732709006466474216e-02,2.189361662938225581e-02
-1.569576674240589220e-01,1.845916015807431282e-02,-2.629461960717381988e-02,-5.187687797031059929e-03,1.733765686435340472e-02,2.212477192329988587e-02
-1.569551630909216122e-01,1.848434910781571877e-02,-2.630912881814365806e-02,-5.323581021079480148e-03,1.734768003034026923e-02,2.235817123318902325e-02
-1.569525009136450155e-01,1.850979698252142383e-02,-2.632390883259621422e-02,-5.460752186539676208e-03,1.735715956262532181e-02,2.259381455904947364e-02
-1.569496808922290765e-01,1.853550378219139677e-02,-2.633895965053147797e-02,-5.599201293411524942e-03,1.736609546120855552e-02,2.283170190088102194e-02
-1.569467030266738505e-01,1.856146950682568963e-02,-2.635428127194947706e-02,-5.738928341695273549e-03,1.737448772608998770e-02,2.307183325868409143e-02
-1.569435673169792822e-01,1.858769415642425038e-02,-2.636987369685018373e-02,-5.879933331390673965e-03,1.738233635726960796e-02,2.331420863245825190e-02
-1.569402737631454547e-01,1.861417773098713452e-02,-2.638573692523362227e-02,-6.022216262497974253e-03,1.738964135474742323e-02,2.355882802220394048e-02
-1.569368223651723127e-01,1.864092023051430735e-02,-2.640187095709978227e-02,-6.165777135017052116e-03,1.739640271852343004e-02,2.380569142792093862e-02
-1.569332131230598282e-01,1.866792165500575501e-02,-2.641827579244865332e-02,-6.310615948947778317e-03,1.740262044859762144e-02,2.405479884960902079e-02
-1.569294460368080568e-01,1.869518200446152259e-02,-2.643495143128025276e-02,-6.456732704290408728e-03,1.740829454497000786e-02,2.430615028726863802e-02
-1.569255343356283361e-01,1.872270356310778636e-02,-2.645190078549431931e-02,-6.604131200936398660e-03,1.741342573595891161e-02,2.455975331662621844e-02
-1.569218708038309928e-01,1.875055415117913432e-02,-2.646921031138089672e-02,-6.752924260259426416e-03,1.741803564583249697e-02,2.481583286617505130e-02
-1.569186382740888619e-01,1.877876533754032837e-02,-2.648692025248889151e-02,-6.903164398189673770e-03,1.742213434022384447e-02,2.507449363530544692e-02
-1.569158367464019432e-01,1.880733712219132339e-02,-2.650503060881827591e-02,-7.054851614726873575e-03,1.742572181913294022e-02,2.533573562401695428e-02
-1.569134662207702091e-01,1.883626950513217144e-02,-2.652354138036907422e-02,-7.207985909871298183e-03,1.742879808255979115e-02,2.559955883231003135e-02
-1.569115266971937150e-01,1.886556248636283781e-02,-2.654245256714127602e-02,-7.362567283622810550e-03,1.743136313050439382e-02,2.586596326018445260e-02
-1.569100181756723777e-01,1.889521606588330516e-02,-2.656176416913486396e-02,-7.518595735981272767e-03,1.743341696296675514e-02,2.613494890763997172e-02
-1.569089406562062528e-01,1.892523024369362553e-02,-2.658147618634986928e-02,-7.676071266946961520e-03,1.743495957994686471e-02,2.640651577467707095e-02
-1.569082941387953678e-01,1.895560501979377116e-02,-2.660158861878627462e-02,-7.834993876519738901e-03,1.743599098144472948e-02,2.668066386129551437e-02
-1.569080786234396396e-01,1.898634039418371430e-02,-2.662210146644406611e-02,-7.995363564699462661e-03,1.743651116746034943e-02,2.695739316749504871e-02
-1.569082941101391238e-01,1.901743636686350700e-02,-2.664301472932327844e-02,-8.157180331486416427e-03,1.743652013799372805e-02,2.723670369327617011e-02
-1.569089405988937924e-01,1.904889293783310067e-02,-2.666432840742387345e-02,-8.320444176880313972e-03,1.743601789304485492e-02,2.751859543863837895e-02
-1.569100180897037011e-01,1.908071010709254736e-02,-2.668604250074588929e-02,-8.485155100881443258e-03,1.743500443261373350e-02,2.780306840358218179e-02
-1.569115265825688221e-01,1.911288787464181585e-02,-2.670815700928930517e-02,-8.651313103489662037e-03,1.743347975670036729e-02,2.809012258810732535e-02
-1.569134660774890999e-01,1.914542624048087838e-02,-2.673067193305410372e-02,-8.818918184704819391e-03,1.743144386530475973e-02,2.837975799221354942e-02
-1.569158365744645900e-01,1.917832520460980086e-02,-2.675358727204032658e-02,-8.987970344527215424e-03,1.742889675842690389e-02,2.867197461590137095e-02
-1.569186380734952924e-01,1.921158476702854515e-02,-2.677690302624794946e-02,-9.158469582956697483e-03,1.742583843606679631e-02,2.896677245917053667e-02
-1.569218705745812070e-01,1.924520492773708347e-02,-2.680061919567695156e-02,-9.330415899993118115e-03,1.742226889822445085e-02,2.926415152202077596e-02
-1.569255340777223062e-01,1.927918568673548175e-02,-2.682473578032737796e-02,-9.503809295636779161e-03,1.741818814489985712e-02,2.956411180445261966e-02
-1.569296285829185900e-01,1.931352704402366713e-02,-2.684925278019918357e-02,-9.678649769887371843e-03,1.741359617609301511e-02,2.986665330646553693e-02
-1.569341540901701137e-01,1.934822899960171247e-02,-2.687417019529241696e-02,-9.854937322745206674e-03,1.740849299180392482e-02,3.017177602806005859e-02
-1.569391105994768221e-01,1.938329155346957960e-02,-2.689948802560705038e-02,-1.003267195421013447e-02,1.740287859203258972e-02,3.047947996923592445e-02
-1.569444981108387149e-01,1.941871470562724425e-02,-2.692520627114305953e-02,-1.021185366428198869e-02,1.739675297677901328e-02,3.078976512999285348e-02
-1.569503166242558478e-01,1.945449845607476538e-02,-2.695132493190049647e-02,-1.039248245296109027e-02,1.739011614604318509e-02,3.110263151033140078e-02
-1.569565661397281653e-01,1.949064280481210484e-02,-2.697784400787933690e-02,-1.057455832024727961e-02,1.738296809982511210e-02,3.141807911025128880e-02
-1.569632466572556673e-01,1.952714775183924528e-02,-2.700476349907955306e-02,-1.075808126614039538e-02,1.737530883812479776e-02,3.173610792975223305e-02
-1.569703581768383815e-01,1.956401329715623874e-02,-2.703208340550119354e-02,-1.094305129064076197e-02,1.736713836094222821e-02,3.205671796883480251e-02
-1.569779006984763081e-01,1.960123944076302624e-02,-2.705980372714421323e-02,-1.112946839374805152e-02,1.735845666827742079e-02,3.237990922749842126e-02
-1.569858742221694470e-01,1.963882618265967023e-02,-2.708792446400865722e-02,-1.131733257546259364e-02,1.734926376013036509e-02,3.270568170574366523e-02
-1.569942787479177704e-01,1.967677352284613601e-02,-2.711644561609450818e-02,-1.150664383578422524e-02,1.733955963650105764e-02,3.303403540357025686e-02
-1.570031142757212783e-01,1.971508146132239583e-02,-2.714536718340173141e-02,-1.169740217471277634e-02,1.732934429738951579e-02,3.336497032097788390e-02
-1.570123808055800263e-01,1.975374999808851562e-02,-2.717468916593038242e-02,-1.188960759224858346e-02,1.731861774279571872e-02,3.369848645796715697e-02
-1.570220783374939588e-01,1.979277913314446066e-02,-2.720441156368043692e-02,-1.208326008839148182e-02,1.730737997271966991e-02,3.403458381453776382e-02
-1.570322068714630759e-01,1.983216886649019628e-02,-2.723453437665186369e-02,-1.227835966314129272e-02,1.729563098716139016e-02,3.437326239068941997e-02
-1.570427664074874052e-01,1.987191919812578492e-02,-2.726505760484472518e-02,-1.247490631649836486e-02,1.728337078612085173e-02,3.471452218642270826e-02
-1.570537569455669469e-01,1.991203012805117106e-02,-2.729598124825895547e-02,-1.267290004846235128e-02,1.727059936959807890e-02,3.505836320173703197e-02
-1.570651784857017008e-01,1.995250165626641370e-02,-2.732730530689461701e-02,-1.287234085903360067e-02,1.725731673759305085e-02,3.540478543663300171e-02
-1.570770310278916393e-01,1.999333378277148507e-02,-2.735902978075167857e-02,-1.307322874821193956e-02,1.724352289010577452e-02,3.575378889111031216e-02
-1.570893145721367623e-01,2.003452650756633660e-02,-2.739115466983011588e-02,-1.327556371599718406e-02,1.722921782713626379e-02,3.610537356516865110e-02
-1.571020291184370976e-01,2.007607983065105850e-02,-2.742367997412998443e-02,-1.347934576238969846e-02,1.721440154868449091e-02,3.645953945880864300e-02
-1.571151746667926452e-01,2.011799375202556403e-02,-2.745660569365122525e-02,-1.368457488738911848e-02,1.719907405475049403e-02,3.681628657202965643e-02
-1.571278068383129278e-01,2.016010236461310973e-02,-2.748972876712073299e-02,-1.389094698450346783e-02,1.718316710806460854e-02,3.717500854122408882e-02
-1.571388756127379827e-01,2.020222120241839739e-02,-2.752282341815468630e-02,-1.409812392887469304e-02,1.716660483810888635e-02,3.753503117292974339e-02
-1.571483802616311654e-01,2.024435013747072701e-02,-2.755588949012388947e-02,-1.430610548593328271e-02,1.714938719224923594e-02,3.789635399943413335e-02
-1.571563207849925037e-01,2.028648916977016797e-02,-2.758892698302840493e-02,-1.451489165567960288e-02,1.713151417048563649e-02,3.825897702073789708e-02
-1.571626971828219699e-01,2.032863829931668906e-02,-2.762193589686819800e-02,-1.472448243811347313e-02,1.711298577281810188e-02,3.862290023684072232e-02
-1.571675094551195639e-01,2.037079752611024863e-02,-2.765491623164324092e-02,-1.493487783323470437e-02,1.709380199924664251e-02,3.898812364774228295e-02
-1.571707576018853136e-01,2.041296685015092302e-02,-2.768786798735359614e-02,-1.514607784104366958e-02,1.707396284977123063e-02,3.935464725344322429e-02
-1.571724416231191912e-01,2.045514627143863590e-02,-2.772079116399920121e-02,-1.535808246153999579e-02,1.705346832439190441e-02,3.972247105394289407e-02
-1.571725615188211966e-01,2.049733578997346359e-02,-2.775368576158011510e-02,-1.557089169472405769e-02,1.703231842310861527e-02,4.009159504924195844e-02
-1.571711172889913299e-01,2.053953540575536793e-02,-2.778655178009631008e-02,-1.578450554059566621e-02,1.701051314592139097e-02,4.046201923934007044e-02
-1.571681089336295634e-01,2.058174511878431076e-02,-2.781938921954775490e-02,-1.599892399915463226e-02,1.698805249283025232e-02,4.083374362423691090e-02
-1.571635364527359802e-01,2.062396492906037188e-02,-2.785219807993450855e-02,-1.621414707040133921e-02,1.696493646383515422e-02,4.120676820393314593e-02
-1.571573998463104971e-01,2.066619483658350617e-02,-2.788497836125654675e-02,-1.643017475433559277e-02,1.694116505893611749e-02,4.158109297842843555e-02
-1.571496991143531974e-01,2.070843484135368243e-02,-2.791773006351383479e-02,-1.664700705095719865e-02,1.691673827813316641e-02,4.195671794772244667e-02
-1.571404342568639978e-01,2.075068494337097350e-02,-2.795045318670642820e-02,-1.686464396026654891e-02,1.689165612142625589e-02,4.233364311181585932e-02
-1.571296052738429261e-01,2.079294514263530305e-02,-2.798314773083427492e-02,-1.708308548226325496e-02,1.686591858881543102e-02,4.271186847070797959e-02
-1.571172121652899822e-01,2.083521543914674395e-02,-2.801581369589743048e-02,-1.730233161694769844e-02,1.683952568030064670e-02,4.309139402439950139e-02
-1.571032549312051940e-01,2.087749583290526845e-02,-2.804845108189586711e-02,-1.752238236431969201e-02,1.681247739588192375e-02,4.347221977289008471e-02
-1.570877335715885614e-01,2.091978632391082449e-02,-2.808105988882955359e-02,-1.774323772437903790e-02,1.678477373555928645e-02,4.385434571617938260e-02
-1.570706480864400012e-01,2.096208691216350228e-02,-2.811364011669855237e-02,-1.796489769712612816e-02,1.675641469933269317e-02,4.423777185426807507e-02
-1.570519984757596244e-01,2.100439759766325326e-02,-2.814619176550282875e-02,-1.818736228256076504e-02,1.672740028720215780e-02,4.462249818715583599e-02
-1.570317847395473754e-01,2.104671838041004620e-02,-2.817871483524235499e-02,-1.841063148068275077e-02,1.669773049916770807e-02,4.500852471484229761e-02
-1.570100068778032543e-01,2.108904926040395048e-02,-2.821120932591719352e-02,-1.863470529149248434e-02,1.666740533522930237e-02,4.539585143732816769e-02
-1.569866648905272610e-01,2.113139023764489671e-02,-2.824367523752727843e-02,-1.885958371498956329e-02,1.663642479538698232e-02,4.578447835461275234e-02
-1.569617587777193957e-01,2.117374131213295430e-02,-2.827611257007267564e-02,-1.908526675117439703e-02,1.660478887964069936e-02,4.617440546669673851e-02
-1.569352885393796582e-01,2.121610248386809200e-02,-2.830852132355335393e-02,-1.931175440004677391e-02,1.657249758799047776e-02,4.656563277357977926e-02
-1.569072541755081041e-01,2.125847375285026819e-02,-2.834090149796928207e-02,-1.953904666160649270e-02,1.653955092043634875e-02,4.695816027526153458e-02
-1.568776556861046223e-01,2.130085511907955920e-02,-2.837325309332052251e-02,-1.976714353585396627e-02,1.650594887697824989e-02,4.735198797174269836e-02
-1.568464930711692962e-01,2.134324658255592685e-02,-2.840557610960704055e-02,-1.999604502278898993e-02,1.647169145761621933e-02,4.774711586302290978e-02
-1.568137663307021257e-01,2.138564814327933300e-02,-2.843787054682880844e-02,-2.022575112241135550e-02,1.643677866235027790e-02,4.814354394910184270e-02
-1.567794754647030553e-01,2.142805980124985396e-02,-2.847013640498588516e-02,-2.045626183472146892e-02,1.640121049118037008e-02,4.854127222998017022e-02
-1.567436204731721405e-01,2.147048155646741688e-02,-2.850237368407821867e-02,-2.068757715971893119e-02,1.636498694410655833e-02,4.894030070565720536e-02
-1.567062013561093536e-01,2.151291340893209461e-02,-2.853458238410585754e-02,-2.091969709740414476e-02,1.632810802112877671e-02,4.934062937613366284e-02
-1.566672181135146946e-01,2.155535535864384553e-02,-2.856676250506877748e-02,-2.115262164777690496e-02,1.629057372224705300e-02,4.974225824140916796e-02
-1.566266707453881912e-01,2.159780740560263840e-02,-2.859891404696694728e-02,-2.138635081083700359e-02,1.625238404746142881e-02,5.014518730148337378e-02
-1.565845592517297880e-01,2.164026954980854262e-02,-2.863103700980042590e-02,-2.162088458658486395e-02,1.621353899677183824e-02,5.054941655635700193e-02
-1.565408836325395403e-01,2.168274179126153042e-02,-2.866313139356918560e-02,-2.185622297502026745e-02,1.617403857017830210e-02,5.095494600602968466e-02
-1.564956438878174205e-01,2.172522412996154978e-02,-2.869519719827319515e-02,-2.209236597614300940e-02,1.613388276768087243e-02,5.136177565050105420e-02
-1.564488400175634286e-01,2.176771656590869089e-02,-2.872723442391251700e-02,-2.232931358995350959e-02,1.609307158927946249e-02,5.176990548977185996e-02
-1.564004720217776201e-01,2.181021909910286355e-02,-2.875924307048708523e-02,-2.256706581645134824e-02,1.605160503497415556e-02,5.217933552384135254e-02
-1.563526067762776584e-01,2.185307761420348521e-02,-2.879165356445470905e-02,-2.280620358113005786e-02,1.600964111317429786e-02,5.259124780888766587e-02
-1.563103175637760578e-01,2.189714110786889975e-02,-2.882552241588151251e-02,-2.304815280384200221e-02,1.596756766591913429e-02,5.300854377958700431e-02
-1.562738370339819827e-01,2.194244851323897197e-02,-2.886089807402083748e-02,-2.329297887416955162e-02,1.592540247880092769e-02,5.343135648942165528e-02
-1.562431651868953497e-01,2.198899983031378513e-02,-2.889778053887275336e-02,-2.354068179211313977e-02,1.588314555181960172e-02,5.385968593839237512e-02
-1.562183020225161589e-01,2.203679505909329414e-02,-2.893616981043722197e-02,-2.379126155767255155e-02,1.584079688497519803e-02,5.429353212649878913e-02
-1.561992475408444381e-01,2.208583419957746430e-02,-2.897606588871420863e-02,-2.404471817084756144e-02,1.579835647826775477e-02,5.473289505374050179e-02
-1.561860017418801594e-01,2.213611725176637887e-02,-2.901746877370378272e-02,-2.430105163163862048e-02,1.575582433169719215e-02,5.517777472011829720e-02
-1.561785646256233506e-01,2.218764421565994072e-02,-2.906037846540587832e-02,-2.456026194004526722e-02,1.571320044526358997e-02,5.562817112563138433e-02
-1.561769361920739840e-01,2.224041509125825045e-02,-2.910479496382056483e-02,-2.482234909606796658e-02,1.567048481896687190e-02,5.608408427028056115e-02
-1.561811164412320874e-01,2.229442987856125949e-02,-2.915071826894780060e-02,-2.508731309970648957e-02,1.562767745280707263e-02,5.654551415406543907e-02
-1.561911053730976606e-01,2.234968857756892274e-02,-2.919814838078755442e-02,-2.535515395096059679e-02,1.558477834678423379e-02,5.701246077698558790e-02
-1.562069029876706761e-01,2.240619118828132694e-02,-2.924708529933990608e-02,-2.562587164983076357e-02,1.554178750089827733e-02,5.748492413904184722e-02
-1.562285092849511892e-01,2.246393771069843739e-02,-2.929752902460480701e-02,-2.589946619631675398e-02,1.549870491514924141e-02,5.796290424023380072e-02
-1.562559242649391167e-01,2.252292814482019512e-02,-2.934947955658221905e-02,-2.617593759041832169e-02,1.545553058953716419e-02,5.844640108056101124e-02
-1.562891479276345141e-01,2.258316249064670073e-02,-2.940293689527223239e-02,-2.645528583213595589e-02,1.541226452406197107e-02,5.893541466002434615e-02
-1.563281802730373538e-01,2.264464074817785361e-02,-2.945790104067474990e-02,-2.673751092146916045e-02,1.536890671872373666e-02,5.942994497862293113e-02
-1.563730213011476633e-01,2.270736291741375784e-02,-2.951437199278986873e-02,-2.702261285841843844e-02,1.532545717352238636e-02,5.992999203635764743e-02
-1.564236710119654428e-01,2.277132899835436833e-02,-2.957234975161754376e-02,-2.731059164298354006e-02,1.528191588845795659e-02,6.043555583322806485e-02
-1.564801294054906644e-01,2.283653899099961221e-02,-2.963183431715771948e-02,-2.760144727516420510e-02,1.523828286353048553e-02,6.094663636923371153e-02
-1.565423964817233560e-01,2.290299289534962132e-02,-2.969282568941050346e-02,-2.789517975496095051e-02,1.519455809873989510e-02,6.146323364437550341e-02
-1.566104722406635452e-01,2.297069071140432628e-02,-2.975532386837584364e-02,-2.819178908237351608e-02,1.515074159408622868e-02,6.198534765865299639e-02
-1.566843566823110934e-01,2.303963243916366810e-02,-2.981932885405367759e-02,-2.849127525740164160e-02,1.510683334956952097e-02,6.251297841206571171e-02
-1.567640498066661947e-01,2.310981807862777168e-02,-2.988484064644412672e-02,-2.879363828004585443e-02,1.506283336518969562e-02,6.304612590461458610e-02
-1.568495516137286827e-01,2.318124762979651213e-02,-2.995185924554706960e-02,-2.909887815030561681e-02,1.501874164094683071e-02,6.358479013629866894e-02
-1.569408621034986961e-01,2.325392109267001434e-02,-3.002038465136262421e-02,-2.940699486818147343e-02,1.497455817684084818e-02,6.412897110711891779e-02
-1.570379812759761518e-01,2.332783846724821586e-02,-3.009041686389073503e-02,-2.971798843367315021e-02,1.493028297287178445e-02,6.467866881707486082e-02
-1.571409091311609940e-01,2.340299975353105424e-02,-3.016195588313133613e-02,-3.003185884678037307e-02,1.488591602903968115e-02,6.523388326616602617e-02
-1.572496456690533617e-01,2.347940495151865439e-02,-3.023500170908455589e-02,-3.034860610750369364e-02,1.484145734534446197e-02,6.579461445439335754e-02
-1.573641908896532549e-01,2.355705406121095385e-02,-3.030955434175032839e-02,-3.066823021584284131e-02,1.479690692178616158e-02,6.636086238175638308e-02
-1.574845447929604236e-01,2.363594708260788671e-02,-3.038561378112858771e-02,-3.099073117179752465e-02,1.475226475836482337e-02,6.693262704825458931e-02
-1.576107073789752289e-01,2.371608401570958480e-02,-3.046318002721947263e-02,-3.131610897536831611e-02,1.470753085508036580e-02,6.750990845388900319e-02
-1.577426786476973097e-01,2.379746486051591628e-02,-3.054225308002283742e-02,-3.164436362655463630e-02,1.466270521193286866e-02,6.809270659865858388e-02
-1.578804585991270271e-01,2.388008961702701299e-02,-3.062283293953882782e-02,-3.197549512535706462e-02,1.461778782892225390e-02,6.868102148256438610e-02
-1.580240472332641588e-01,2.396395828524281249e-02,-3.070491960576737442e-02,-3.230950347177532350e-02,1.457277870604855793e-02,6.927485310560586862e-02
-1.581734445501086495e-01,2.404907086516323844e-02,-3.078851307870840090e-02,-3.264638866580910070e-02,1.452767784331182414e-02,6.987420146778251795e-02
-1.583286505496607210e-01,2.413542735678843310e-02,-3.087361335836205298e-02,-3.298615070745900685e-02,1.448248524071197099e-02,7.047906656909540268e-02
-1.584896652319202626e-01,2.422302776011833400e-02,-3.096022044472826473e-02,-3.332878959672472968e-02,1.443720089824904011e-02,7.108944840954396771e-02
-1.586564885968871075e-01,2.431187207515284748e-02,-3.104833433780694943e-02,-3.367430533360597084e-02,1.439182481592306967e-02,7.170534698912767180e-02
-1.588291206445615611e-01,2.440196030189214702e-02,-3.113795503759826666e-02,-3.402269791810333399e-02,1.434635699373397813e-02,7.232676230784761129e-02
-1.590075613749433181e-01,2.449329244033606259e-02,-3.122908254410205683e-02,-3.437396735021621547e-02,1.430079743168185223e-02,7.295369436570270372e-02
-1.591893425725168232e-01,2.458544713134688808e-02,-3.132119534116314247e-02,-3.472737938792160028e-02,1.425496667233995714e-02,7.358466069124407205e-02
-1.593541280273829130e-01,2.467495269758695001e-02,-3.140999653414938697e-02,-3.507688443797530448e-02,1.420738612363531099e-02,7.420744685247276928e-02
-1.594974027611414380e-01,2.476103836867817043e-02,-3.149453214065458390e-02,-3.542113938959282060e-02,1.415772751342160921e-02,7.481934104139083275e-02
-1.596191667737927034e-01,2.484370414462069854e-02,-3.157480216067889284e-02,-3.576014424277476622e-02,1.410599084169877025e-02,7.542034325799935879e-02
-1.597194200653365148e-01,2.492295002541446494e-02,-3.165080659422224441e-02,-3.609389899752083603e-02,1.405217610846682882e-02,7.601045350229779229e-02
-1.597981626357728446e-01,2.499877601105939678e-02,-3.172254544128456227e-02,-3.642240365383073164e-02,1.399628331372584043e-02,7.658967177428563367e-02
-1.598553944851018316e-01,2.507118210155563284e-02,-3.179001870186598522e-02,-3.674565821170504981e-02,1.393831245747570620e-02,7.715799807396389598e-02
-1.598911156133233369e-01,2.514016829690304475e-02,-3.185322637596638834e-02,-3.706366267114320767e-02,1.387826353971652674e-02,7.771543240133159391e-02
-1.599053260204374716e-01,2.520573459710175046e-02,-3.191216846358588266e-02,-3.737641703214577421e-02,1.381613656044819623e-02,7.826197475638969892e-02
-1.598980257064441524e-01,2.526788100215169100e-02,-3.196684496472441961e-02,-3.768392129471245106e-02,1.375193151967076671e-02,7.879762513913771138e-02
-1.598692146713434625e-01,2.532660751205281779e-02,-3.201725587938193673e-02,-3.798617545884298841e-02,1.368564841738430064e-02,7.932238354957517334e-02
-1.598188929151353188e-01,2.538191412680522799e-02,-3.206340120755854506e-02,-3.828317952453792056e-02,1.361728725358867659e-02,7.983624998770301462e-02
-1.597470604378197490e-01,2.543380084640887648e-02,-3.210528094925418907e-02,-3.857493349179697689e-02,1.354684802828395526e-02,8.033922445352077724e-02
-1.596537172393968085e-01,2.548226767086371469e-02,-3.214289510446882714e-02,-3.886143736061990067e-02,1.347433074147019912e-02,8.083130694702801711e-02
-1.595388633198663864e-01,2.552731460016983284e-02,-3.217624367320254253e-02,-3.914269113100719844e-02,1.339973539314728151e-02,8.131249746822560853e-02
-1.594024986792286491e-01,2.556894163432715111e-02,-3.220532665545527279e-02,-3.941869480295837752e-02,1.332306198331533603e-02,8.178279601711270497e-02
-1.592446233174834025e-01,2.560714877333573891e-02,-3.223014405122705955e-02,-3.968944837647393059e-02,1.324431051197422389e-02,8.224220259369013908e-02
-1.590652372346306742e-01,2.564193601719556154e-02,-3.225069586051788201e-02,-3.995495185155360091e-02,1.316348097912401274e-02,8.269071719795748066e-02
-1.588643404306707418e-01,2.567330336590659470e-02,-3.226698208332773321e-02,-4.021520522819715948e-02,1.308057338476477892e-02,8.312833982991434112e-02
-1.586419329056031891e-01,2.570125081946888698e-02,-3.227900271965662704e-02,-4.047020850640507816e-02,1.299558772889637150e-02,8.355507048956152538e-02
-1.583980146594282379e-01,2.572577837788241756e-02,-3.228675776950456350e-02,-4.071996168617711409e-02,1.290852401151886680e-02,8.397090917689860323e-02
-1.581325856921460826e-01,2.574688604114716561e-02,-3.229024723287153564e-02,-4.096446476751306603e-02,1.281938223263234290e-02,8.437585589192525548e-02
-1.578456460037562514e-01,2.576457380926316584e-02,-3.228947110975754348e-02,-4.120371775041335033e-02,1.272816239223664540e-02,8.476991063464216214e-02
-1.575371955942592717e-01,2.577884168223038702e-02,-3.228442940016258700e-02,-4.143772063487755064e-02,1.263486449033193043e-02,8.515307340504865707e-02
-1.572072344636546160e-01,2.578968966004885691e-02,-3.227512210408667315e-02,-4.166647342090608330e-02,1.253948852691803666e-02,8.552534420314542030e-02
-1.568557626119425341e-01,2.579711774271856162e-02,-3.226154922152979498e-02,-4.188997610849874015e-02,1.244203450199504388e-02,8.588672302893207711e-02
-1.564827800391233037e-01,2.580112593023949769e-02,-3.224371075249195945e-02,-4.210822869765533383e-02,1.234250241556304056e-02,8.623720988240834995e-02
-1.560882867451963973e-01,2.580171422261167552e-02,-3.222160669697315960e-02,-4.232123118837623210e-02,1.224089226762185151e-02,8.657680476357486332e-02
-1.556722827301620093e-01,2.579888261983508818e-02,-3.219523705497338850e-02,-4.252898358066126150e-02,1.213720405817156692e-02,8.690550767243127028e-02
-1.552347679940206115e-01,2.579263112190974261e-02,-3.216460182649267391e-02,-4.273148587451022773e-02,1.203143778721227526e-02,8.722331860897730715e-02
-1.547757425367713713e-01,2.578295972883562145e-02,-3.212970101153098113e-02,-4.292873806992349855e-02,1.192359345474379266e-02,8.753023757321355680e-02
-1.542952063584151767e-01,2.576986844061275247e-02,-3.209053461008835179e-02,-4.312074016690072009e-02,1.181367106076631340e-02,8.782626456513945024e-02
-1.537931594589510842e-01,2.575335725724110444e-02,-3.204710262216473038e-02,-4.330749216544223928e-02,1.170167060527963453e-02,8.811139958475552869e-02
-1.532696018383796210e-01,2.573342617872069124e-02,-3.199940504776013772e-02,-4.348899406554788266e-02,1.158759208828386011e-02,8.838564263206152849e-02
-1.527245334967012036e-01,2.571007520505153368e-02,-3.194744188687463626e-02,-4.366524586721749757e-02,1.147143550977909078e-02,8.864899370705719983e-02
-1.521579544339148327e-01,2.568330433623359707e-02,-3.189121313950812886e-02,-4.383624757045138237e-02,1.135320086976512009e-02,8.890145280974302844e-02
-1.515698646500210633e-01,2.565311357226688488e-02,-3.183071880566064327e-02,-4.400199917524939830e-02,1.123288816824205040e-02,8.914301994011875063e-02
-1.509602641450204230e-01,2.561950291315144568e-02,-3.176595888533226275e-02,-4.416250068161138576e-02,1.111049740520999446e-02,8.937369509818421376e-02
-1.503291529189118292e-01,2.558247235888721008e-02,-3.169693337852286241e-02,-4.431775208953764311e-02,1.098602858066873023e-02,8.959347828393979252e-02
-1.496765309716963366e-01,2.554202190947424400e-02,-3.162364228523255327e-02,-4.446775339902789281e-02,1.085948169461848148e-02,8.980236949738507057e-02
-1.490023983033728905e-01,2.549815156491248153e-02,-3.154608560546122431e-02,-4.461250461008239854e-02,1.073085674705902097e-02,9.000036873852049202e-02
-1.482910090926965740e-01,2.544710733749509096e-02,-3.145995058646251091e-02,-4.474217494451795951e-02,1.060026898642026615e-02,9.016902556333269980e-02
-1.475183855027719371e-01,2.538317263082854811e-02,-3.135866974088125092e-02,-4.484179403069352143e-02,1.046789391374539253e-02,9.028024351814598059e-02
-1.466842748112982542e-01,2.530628719296463061e-02,-3.124217384852395751e-02,-4.491120408345296300e-02,1.033373337878513813e-02,9.033372647114489007e-02
-1.457886770182771075e-01,2.521645102390346685e-02,-3.111046290939084233e-02,-4.495040510279615931e-02,1.019778738153974060e-02,9.032947442232933111e-02
-1.448315921237068316e-01,2.511366412364490416e-02,-3.096353692348166944e-02,-4.495939708872319363e-02,1.006005592200895533e-02,9.026748737169930370e-02
-1.438130201275882036e-01,2.499792649218901194e-02,-3.080139589079654988e-02,-4.493818004123399656e-02,9.920539000192908977e-03,9.014776531925476621e-02
-1.427329610299222507e-01,2.486923812953591509e-02,-3.062403981133565017e-02,-4.488675396032865139e-02,9.779236616091722956e-03,8.997030826499589906e-02
-1.415914148307070020e-01,2.472759903568538115e-02,-3.043146868509865460e-02,-4.480511884600704708e-02,9.636148769705149206e-03,8.973511620892242469e-02
-1.403883815299434290e-01,2.457300921063751420e-02,-3.022368251208570888e-02,-4.469327469826922528e-02,9.491275461033307423e-03,8.944218915103444023e-02
-1.391238611276326698e-01,2.440546865439248078e-02,-3.000068129229702465e-02,-4.455122151711532474e-02,9.344616690076334650e-03,8.909152709133230652e-02
-1.377978536237724483e-01,2.422497736694997211e-02,-2.976246502573220293e-02,-4.437895930254508875e-02,9.196172456833967210e-03,8.868313002981538518e-02
-1.364103590183651793e-01,2.403153534831031432e-02,-2.950903371239166351e-02,-4.417648805455882260e-02,9.045942761306468780e-03,8.821699796648441172e-02
-1.349613773114083370e-01,2.382514259847316393e-02,-2.924038735227496577e-02,-4.394380777315617242e-02,8.893927603493572212e-03,8.769313090133853961e-02
-1.334509085029031428e-01,2.360579911743868053e-02,-2.895652594538231442e-02,-4.368091845833731168e-02,8.740126983395412816e-03,8.711152883437817129e-02
-1.318789525928510953e-01,2.337350490520708618e-02,-2.865744949171399394e-02,-4.338782011010249712e-02,8.584540901012127634e-03,8.647219176560388965e-02
-1.302455095812492802e-01,2.312825996177796106e-02,-2.834315799126946658e-02,-4.306451272845121525e-02,8.427169356343439111e-03,8.577511969501458444e-02
-1.285505794680991409e-01,2.287006428715150988e-02,-2.801365144404899254e-02,-4.271099631338371588e-02,8.268012349389486024e-03,8.502031262261078304e-02
-1.267941622534022594e-01,2.259891788132797549e-02,-2.766892985005288408e-02,-4.232727086490034596e-02,8.107069880150412355e-03,8.420777054839322096e-02
-1.249762579371554994e-01,2.231482074430687912e-02,-2.730899320928053403e-02,-4.191333638300043241e-02,7.944341948625931876e-03,8.333749347236046878e-02
-1.230968665193621081e-01,2.201777287608872730e-02,-2.693384152173257384e-02,-4.146919286768470381e-02,7.779828554816333418e-03,8.240948139451406695e-02
-1.211559880000187134e-01,2.170777427667298226e-02,-2.654347478740834432e-02,-4.099484031895238301e-02,7.613529698721326414e-03,8.142373431485237789e-02
-1.191536223791269666e-01,2.138482494605991463e-02,-2.613789300630816465e-02,-4.049027873680383777e-02,7.445445380341053111e-03,8.038025223337617875e-02
-1.170897696566887830e-01,2.104892488424981931e-02,-2.571709617843242340e-02,-3.995550812123956075e-02,7.275575599675667901e-03,7.927903515008649649e-02
-1.149656214215379613e-01,2.070030161337843913e-02,-2.528135746844646994e-02,-3.939100065989955407e-02,7.103982697947677956e-03,7.812100405743958864e-02
-1.128240012091687727e-01,2.034713186519573891e-02,-2.484049391760292588e-02,-3.881372591775843206e-02,6.932907105315323608e-03,7.693925774923299210e-02
-1.106863313976038099e-01,1.999350603150413727e-02,-2.439941647887076612e-02,-3.823217288180816298e-02,6.763469591963272923e-03,7.575035382316692989e-02
-1.085526119868392564e-01,1.963942411230301319e-02,-2.395812515224919614e-02,-3.764634155204774763e-02,6.595670157891225793e-03,7.455429227923925095e-02
-1.064228429768789425e-01,1.928488610759299463e-02,-2.351661993773901047e-02,-3.705623192847819214e-02,6.429508803099479725e-03,7.335107311745213410e-02
-1.042970243677190656e-01,1.892989201737345015e-02,-2.307490083533941111e-02,-3.646184401109846956e-02,6.264985527587739814e-03,7.214069633780341440e-02
-1.021751561593615132e-01,1.857444184164469200e-02,-2.263296784505080053e-02,-3.586317779990909338e-02,6.102100331356154379e-03,7.092316194029416043e-02
-1.000572383518081726e-01,1.821853558040704285e-02,-2.219082096687357078e-02,-3.526023329491060482e-02,5.940853214404864802e-03,6.969846992492545468e-02
-9.794327094505528297e-02,1.786217323365986431e-02,-2.174846020080693429e-02,-3.465301049610192835e-02,5.781244176733586586e-03,6.846662029169513219e-02
-9.583325393910470391e-02,1.750535480140347558e-02,-2.130588554685128311e-02,-3.404150940348359827e-02,5.623273218342461112e-03,6.722761304060427545e-02
-9.372718733395833668e-02,1.714808028363819237e-02,-2.086309700500700928e-02,-3.342573001705616970e-02,5.466940339231630627e-03,6.598144817165399467e-02
-9.162507112961243427e-02,1.679034968036338324e-02,-2.042009457527333219e-02,-3.280567233681853934e-02,5.312245539400812372e-03,6.472812568484206941e-02
-8.952690532607072982e-02,1.643216299157967963e-02,-1.997687825765103245e-02,-3.218133636277181742e-02,5.159188818850285636e-03,6.346764558017073399e-02
-8.743268992332946243e-02,1.607352021728644664e-02,-1.953344805213932944e-02,-3.155272209491489371e-02,5.007770177579775467e-03,6.220000785763775408e-02
-8.534242492139053338e-02,1.571442135748399999e-02,-1.908980395873860481e-02,-3.091982953324831293e-02,4.857989615589420641e-03,6.092521251724423298e-02
-8.325611032025581615e-02,1.535486641217267099e-02,-1.864594597744926446e-02,-3.028265867777265100e-02,4.709847132879349529e-03,5.964325955899132253e-02
-8.117374611992153599e-02,1.499485538135180394e-02,-1.820187410827051738e-02,-2.964120952848677340e-02,4.563342729449301922e-03,5.835414898287674679e-02
-7.909533232038959416e-02,1.463438826502173017e-02,-1.775758835120275214e-02,-2.899548208539124219e-02,4.418476405299407057e-03,5.705788078890162290e-02
-7.702086892166185028e-02,1.427346506318276365e-02,-1.731308870624637120e-02,-2.834547634848664371e-02,4.275248160429794171e-03,5.575445497706713743e-02
-7.495035592373457123e-02,1.391208577583426774e-02,-1.686837517340058351e-02,-2.769119231777181223e-02,4.133657994840206525e-03,5.444387154737095197e-02
-7.288379332661146237e-02,1.355025040297688083e-02,-1.642344775266617318e-02,-2.703262999324792040e-02,3.993705908530898255e-03,5.312613049981541186e-02
-7.082118113028883222e-02,1.318795894460996279e-02,-1.597830644404235612e-02,-2.636978937491378863e-02,3.855391901501617827e-03,5.180123183439817175e-02
-6.876251933476854039e-02,1.282521140073383456e-02,-1.553295124752952436e-02,-2.570267046277001019e-02,3.718715973752492743e-03,5.046917555112039044e-02
-6.670780794005240488e-02,1.246200777134881532e-02,-1.508738216312807516e-02,-2.503127325681717835e-02,3.583678125283640530e-03,4.912996164998326837e-02
-6.465704694613676196e-02,1.209834805645426496e-02,-1.464159919083721575e-02,-2.435559775705409616e-02,3.450278356094822231e-03,4.778359013098443242e-02
-6.261023635302345736e-02,1.173423225605050267e-02,-1.419560233065734339e-02,-2.367564396348136729e-02,3.318516666186158409e-03,4.643006099412504833e-02
-6.056737616071430214e-02,1.136966037013785458e-02,-1.374939158258885359e-02,-2.299141187609959197e-02,3.188393055557763554e-03,4.506937423940635123e-02
-5.852846636920565337e-02,1.100463239871567016e-02,-1.330296694663095011e-02,-2.230290149490755935e-02,3.059907524209406950e-03,4.370152986682591945e-02
-5.649350697850114705e-02,1.063914834178460340e-02,-1.285632842278443266e-02,-2.161011281990649763e-02,2.933060072141316279e-03,4.232652787638616770e-02
-5.446249798859714719e-02,1.027320819934399686e-02,-1.240947601104850501e-02,-2.091304585109516820e-02,2.807850699353266893e-03,4.094436826808466739e-02
-5.243543939949549260e-02,9.906811971394181848e-03,-1.196240971142356266e-02,-2.021170058847418516e-02,2.684279405845370683e-03,3.955505104192262589e-02
-5.041233121119795962e-02,9.539959657935481036e-03,-1.151512952391000461e-02,-1.950607703204417995e-02,2.562346191617738238e-03,3.815857619790129912e-02
-4.839317342370094699e-02,9.172651258967243898e-03,-1.106763544850703287e-02,-1.879617518180390009e-02,2.442051056670149246e-03,3.675494373601819603e-02
-4.637796603700627962e-02,8.804886774489796564e-03,-1.061992748521504992e-02,-1.808199503775396663e-02,2.323394001002715599e-03,3.534415365627455868e-02
-4.436670905111572694e-02,8.436666204503463426e-03,-1.017200563403444780e-02,-1.736353659989502488e-02,2.206375024615538777e-03,3.392620595867164995e-02
-4.235940246602570153e-02,8.067989549007593963e-03,-9.723869894964437197e-03,-1.664079986822579113e-02,2.090994127508412348e-03,3.250110064320695102e-02
-4.035604628173979774e-02,7.698856808002841300e-03,-9.275520268005809157e-03,-1.591378484274755603e-02,1.977251309681540142e-03,3.106883770988299112e-02
-3.835664049825444205e-02,7.329267981488550576e-03,-8.826956753157769175e-03,-1.518249152345902200e-02,1.865146571134721149e-03,2.962941715869722714e-02
-3.636118511557140387e-02,6.959223069465047054e-03,-8.378179350420717972e-03,-1.444691991036084130e-02,1.754679911868055981e-03,2.818283898965093584e-02
-3.436968013369247343e-02,6.588722071932664667e-03,-7.929188059795047594e-03,-1.370707000345366272e-02,1.645851331881641134e-03,2.672910320274539744e-02
-3.238212555261410497e-02,6.217764988890739884e-03,-7.479982881279968743e-03,-1.296294180273617827e-02,1.538660831175283185e-03,2.526820979797803762e-02
-3.039852137233805401e-02,5.846351820339605772e-03,-7.030563814875871731e-03,-1.221453530820904715e-02,1.433108409749079496e-03,2.380015877535014007e-02
-2.841886759286610387e-02,5.474482566279590193e-03,-6.580930860583161617e-03,-1.146185051987292855e-02,1.329194067603121573e-03,2.232495013486302318e-02
-2.644316421419472263e-02,5.102157226710034819e-03,-6.131084018401040427e-03,-1.070488743772649715e-02,1.226917804737225537e-03,2.084258387651406058e-02
-2.447141123632740403e-02,4.729375801631598847e-03,-5.681023288330302665e-03,-9.943646061771088673e-03,1.126279621151571797e-03,1.935306000030589599e-02
-2.250360865926068210e-02,4.356138291043619611e-03,-5.230748670370153827e-03,-9.178126392005356987e-03,1.027279516845982545e-03,1.785637850623587181e-02
-2.053975648299628809e-02,3.982444694946431912e-03,-4.780260164520987697e-03,-8.408328428429969956e-03,9.299174918205469018e-04,1.635253939430531336e-02
-1.857985470753594631e-02,3.608295013340364482e-03,-4.329557770783209331e-03,-7.634252171045621468e-03,8.341935460753511708e-04,1.484154266451556854e-02
-1.662390333287621161e-02,3.233689246224754656e-03,-3.878641489156018588e-03,-6.855897619850938492e-03,7.401076796102225297e-04,1.332338831686394678e-02
-1.467190235901879095e-02,2.858627393599934632e-03,-3.427511319639810986e-03,-6.073264774846601037e-03,6.476598924252500999e-04,1.179807635135179771e-02
-1.272385178596543986e-02,2.483109455466235745e-03,-2.976167262234994618e-03,-5.286353636033316004e-03,5.568501845205097757e-04,1.026560676798046572e-02
-1.077975161371268892e-02,2.107135431822993593e-03,-2.524609316940759369e-03,-4.495164203409679135e-03,4.676785558958441308e-04,8.725979566747253321e-03
-8.839601842263988471e-03,1.730705322670874312e-03,-2.072837483757915787e-03,-3.699696476977101627e-03,3.801450065514084230e-04,7.179194747654877098e-03
-6.903402471615882087e-03,1.353819128009210900e-03,-1.620851762685652673e-03,-2.899950456734165342e-03,2.942495364870499966e-04,5.625252310700594449e-03
-4.971153501770120102e-03,9.764768478383364231e-04,-1.168652153724379205e-03,-2.095926142681579785e-03,2.099921457028447458e-04,4.064152255885768866e-03
-3.042854932728393871e-03,5.986784821585857926e-04,-7.162386568744908994e-04,-1.287623534820059659e-03,1.273728341988672637e-04,2.495894583211814149e-03
-1.118506764487274714e-03,2.204240309692898385e-04,-2.636112721351863142e-04,-4.750426331481712172e-04,4.639160197496923141e-05,9.204792926759391286e-04
8.018910029515009114e-04,-1.582865057292168545e-04,1.892300004931287338e-04,3.418165623333673658e-04,-3.295155096877519160e-05,-6.620936157204684175e-04
