q1,q2,q3,q4,q5,q6
0.000000000000000000e+00,0.000000000000000000e+00,0.000000000000000000e+00,0.000000000000000000e+00,0.000000000000000000e+00,0.000000000000000000e+00
-1.434606650416254438e-02,-4.223614567531700989e-03,6.209027412484097869e-03,-2.455439720350136646e-07,-1.985503497634494817e-03,-1.434581183394580128e-02
-2.850661275432039843e-02,-8.359044052583293125e-03,1.228723607438327731e-02,-4.823038387706436747e-07,-3.928370267971727746e-03,-2.850611252783075145e-02
-4.248163875047356736e-02,-1.240628845515477641e-02,1.823462598569753831e-02,-7.102796002068898187e-07,-5.828600311011698787e-03,-4.248090208165485049e-02
-5.627114449262203555e-02,-1.636534777524615084e-02,2.405119714642688089e-02,-9.294712563437524141e-07,-7.686193626754408807e-03,-5.627018049541809147e-02
-6.987512998076580994e-02,-2.023622201285741468e-02,2.973694955657130157e-02,-1.139878807181231355e-06,-9.501150215199856072e-03,-6.987394776912048133e-02
-8.329359521490491136e-02,-2.401891116798857140e-02,3.529188321613081075e-02,-1.341502252719326324e-06,-1.127347007634804145e-02,-8.329220390276202701e-02
-9.652654019503931204e-02,-2.771341524063962100e-02,4.071599812510539457e-02,-1.534341592958037639e-06,-1.300315321019896581e-02,-9.652494889634272157e-02
-1.095739649211690259e-01,-3.131973423081055308e-02,4.600929428349506689e-02,-1.718396827897365511e-06,-1.469019961675262741e-02,-1.095721827498625650e-01
-1.224358693932940667e-01,-3.483786813850139191e-02,5.117177169129982772e-02,-1.893667957537309305e-06,-1.633460929600902972e-02,-1.224339054633215434e-01
-1.351122536114143791e-01,-3.826781696371210628e-02,5.620343034851964931e-02,-2.060154981877869868e-06,-1.793638224796816755e-02,-1.351101170367196846e-01
-1.476031175755300184e-01,-4.160958070644271006e-02,6.110427025515456634e-02,-2.217857900919045718e-06,-1.949551847263004262e-02,-1.476008174700569331e-01
-1.599084612856409848e-01,-4.486315936669321713e-02,6.587429141120457188e-02,-2.366776714660838972e-06,-2.101201796999465493e-02,-1.599060067633333859e-01
-1.720282847417472505e-01,-4.802855294446360668e-02,7.051349381666964511e-02,-2.506911423103248360e-06,-2.248588074006201143e-02,-1.720256849165489876e-01
-1.839625879438488154e-01,-5.110576143975389951e-02,7.502187747154979991e-02,-2.638262026246273035e-06,-2.391710678283210517e-02,-1.839598519297037105e-01
-1.957113708919456796e-01,-5.409478485256406788e-02,7.939944237584502240e-02,-2.760828524089914690e-06,-2.530569609830492922e-02,-1.957085078027975544e-01
-2.072746335860378708e-01,-5.699562318289412566e-02,8.364618852955536810e-02,-2.874610916634173327e-06,-2.665164868648050092e-02,-2.072716525358306028e-01
-2.186523760261253890e-01,-5.980827643074409367e-02,8.776211593268076760e-02,-2.979609203879047674e-06,-2.795496454735880640e-02,-2.186492861288028000e-01
-2.298445982122082065e-01,-6.253274459611395109e-02,9.174722458522126256e-02,-3.075823385824537308e-06,-2.921564368093985259e-02,-2.298414085817140906e-01
-2.408513001442862955e-01,-6.516902767900367710e-02,9.560151448717681133e-02,-3.163253462470644346e-06,-3.043368608722362909e-02,-2.408480198945645578e-01
-2.516724818223596838e-01,-6.771712567941330640e-02,9.932498563854746942e-02,-3.241899433817367517e-06,-3.160909176621014977e-02,-2.516691200673542017e-01
-2.623081432464284823e-01,-7.017703859734282512e-02,1.029176380393331952e-01,-3.311761299864706823e-06,-3.274186071789941116e-02,-2.623047091000829112e-01
-2.727582844164924691e-01,-7.254876643279223325e-02,1.063794716895340164e-01,-3.372839060612662263e-06,-3.383199294229140286e-02,-2.727547869927508528e-01
-2.830229053325518662e-01,-7.483230918576154467e-02,1.097104865891499192e-01,-3.425132716061234683e-06,-3.487948843938613874e-02,-2.830193537453579156e-01
-2.931020059946065626e-01,-7.702766685625073162e-02,1.129106827381808897e-01,-3.468642266210422390e-06,-3.588434720918361187e-02,-2.930984093579041549e-01
-3.029955864026565582e-01,-7.913483944425980798e-02,1.159800601366269557e-01,-3.503367711060226655e-06,-3.684656925168382224e-02,-3.029919538303894599e-01
-3.127036465567017975e-01,-8.115382694978878764e-02,1.189186187844880893e-01,-3.529309050610647900e-06,-3.776615456688676986e-02,-3.126999871628139971e-01
-3.222261864567423917e-01,-8.308462937283765670e-02,1.217263586817642906e-01,-3.546466284861684856e-06,-3.864310315479246860e-02,-3.222225093551776554e-01
-3.315632061027782851e-01,-8.492724671340641518e-02,1.244032798284555874e-01,-3.554839413813337945e-06,-3.947741501540089071e-02,-3.315595204074804903e-01
-3.407147054948095333e-01,-8.668167897149506307e-02,1.269493822245619796e-01,-3.554428437465608016e-06,-4.026909014871205700e-02,-3.407110203197223908e-01
-3.496806846328360252e-01,-8.834792614710360037e-02,1.293646658700834395e-01,-3.545233355818493373e-06,-4.101812855472595359e-02,-3.496770090919034679e-01
-3.584611435168578719e-01,-8.992598824023201320e-02,1.316491307650199949e-01,-3.527254168871995711e-06,-4.172453023344259437e-02,-3.584574867240237772e-01
-3.670560821468750179e-01,-9.141586525088032933e-02,1.338027769093716457e-01,-3.500490876626115030e-06,-4.238829518486197934e-02,-3.670524532160832076e-01
-3.754655005228874631e-01,-9.281755717904856262e-02,1.358256043031383364e-01,-3.464943479080849636e-06,-4.300942340898408767e-02,-3.754619085680817037e-01
-3.836893986448952631e-01,-9.413106402473667145e-02,1.377176129463201504e-01,-3.420611976236201222e-06,-4.358791490580894712e-02,-3.836858527800194318e-01
-3.917277765128983624e-01,-9.535638578794464193e-02,1.394788028389170320e-01,-3.367496368092167249e-06,-4.412376967533652994e-02,-3.917242858518962811e-01
-3.995300918885702490e-01,-9.648541742258277820e-02,1.410976327793505569e-01,-3.306308275924377703e-06,-4.461355178440045560e-02,-3.995266648063086068e-01
-4.068166418270124929e-01,-9.747330525111513877e-02,1.425102332561775653e-01,-3.240985842819389250e-06,-4.503824662943466811e-02,-4.068132826082728748e-01
-4.135445256014830262e-01,-9.831316963427284839e-02,1.437068079890672645e-01,-3.172133099601723294e-06,-4.539493775808652043e-02,-4.135412379037114450e-01
-4.197137432119819045e-01,-9.900501057205590705e-02,1.446873569780197100e-01,-3.099750046271379835e-06,-4.568362517035599868e-02,-4.197105306926243173e-01
-4.253242946585090722e-01,-9.954882806446430088e-02,1.454518802230348185e-01,-3.023836682828358873e-06,-4.590430886624310980e-02,-4.253211609750113809e-01
-4.303761799410644739e-01,-9.994462211149804376e-02,1.460003777241126732e-01,-2.944393009272661256e-06,-4.605698884574783991e-02,-4.303731287508726355e-01
-4.348693990596482206e-01,-1.001923927131571357e-01,1.463328494812532188e-01,-2.861419025604285712e-06,-4.614166510887020983e-02,-4.348664340202082479e-01
-4.388039520142602568e-01,-1.002921398694415767e-01,1.464492954944564829e-01,-2.774914731823233935e-06,-4.615833765561021262e-02,-4.388010767830179959e-01
-4.421798388049005268e-01,-1.002438635803513528e-01,1.463497157637224377e-01,-2.684880127929504656e-06,-4.610700648596784135e-02,-4.421770570393019906e-01
-4.449970594315690864e-01,-1.000475638458864780e-01,1.460341102890511111e-01,-2.591315213923097874e-06,-4.598767159994309600e-02,-4.449943747890602874e-01
-4.472556138942659909e-01,-9.970324066604695223e-02,1.455024790704424476e-01,-2.494219989804013589e-06,-4.580033299753598353e-02,-4.472530300322927754e-01
-4.489555021929911294e-01,-9.921089404083278940e-02,1.447548221078965303e-01,-2.393594455572252225e-06,-4.554499067874650392e-02,-4.489530227689995101e-01
-4.500967243277446128e-01,-9.857052397024394785e-02,1.437911394014133037e-01,-2.289438611227813782e-06,-4.522164464357465025e-02,-4.500943529991804914e-01
-4.506792802985263302e-01,-9.778213045428045536e-02,1.426114309509927958e-01,-2.181752456770698259e-06,-4.483029489202042944e-02,-4.506770207228357195e-01
-4.507031701053363926e-01,-9.684571349294232578e-02,1.412156967566349786e-01,-2.070535992200905233e-06,-4.437094142408384151e-02,-4.507010259399651941e-01
-4.501683937481746889e-01,-9.576127308622953138e-02,1.396039368183398799e-01,-1.955789217518434705e-06,-4.384358423976488645e-02,-4.501663686505690265e-01
-4.490749512270413302e-01,-9.452880923414207215e-02,1.377761511361074442e-01,-1.837512132723287521e-06,-4.324822333906355037e-02,-4.490730488546469390e-01
-4.474228425419362609e-01,-9.314832193667997584e-02,1.357323397099377826e-01,-1.715704737815462834e-06,-4.258485872197985411e-02,-4.474210665521992092e-01
-4.453878611105047125e-01,-9.166632125466075975e-02,1.335406100128544438e-01,-1.592230786701792264e-06,-4.187508851882654898e-02,-4.453862132285679176e-01
-4.434700724626025603e-01,-9.021511065267326379e-02,1.313947019473007960e-01,-1.472391951637272439e-06,-4.118035121019885531e-02,-4.434685489169407635e-01
-4.417001280255402618e-01,-8.880279964794197956e-02,1.293064907659833840e-01,-1.356513197675571845e-06,-4.050441265678818986e-02,-4.416987247077107104e-01
-4.400780277993178169e-01,-8.742938824046692092e-02,1.272759764689021245e-01,-1.244594524816690694e-06,-3.984727285859454571e-02,-4.400767406008778138e-01
-4.386037717839352257e-01,-8.609487643024810177e-02,1.253031590560570729e-01,-1.136635933060628775e-06,-3.920893181561792978e-02,-4.386025965964420181e-01
-4.372773599793925992e-01,-8.479926421728548047e-02,1.233880385274481878e-01,-1.032637422407386087e-06,-3.858938952785833515e-02,-4.372762926944033790e-01
-4.360987923856897153e-01,-8.354255160157908477e-02,1.215306148830755106e-01,-9.325989928569636899e-07,-3.798864599531577568e-02,-4.360978288947618409e-01
-4.350680690028266850e-01,-8.232473858312891468e-02,1.197308881229390137e-01,-8.365206444093595711e-07,-3.740670121799024445e-02,-4.350672051975174592e-01
-4.341851898308035085e-01,-8.114582516193494244e-02,1.179888582470386971e-01,-7.444023770645750013e-07,-3.684355519588172756e-02,-4.341844216026702341e-01
-4.334501548696201301e-01,-8.000581133799720968e-02,1.163045252553745745e-01,-6.562441908226097689e-07,-3.629920792899024584e-02,-4.334494781102200545e-01
-4.328629641192767163e-01,-7.890469711131568864e-02,1.146778891479466461e-01,-5.720460856834637680e-07,-3.577365941731578541e-02,-4.328623747201670868e-01
-4.324236175797731008e-01,-7.784248248189039321e-02,1.131089499247548841e-01,-4.918080616471369985e-07,-3.526690966085836015e-02,-4.324231114325111647e-01
-4.321321152511093389e-01,-7.681916744972132338e-02,1.115977075857993300e-01,-4.155301187136296194e-07,-3.477895865961795618e-02,-4.321316882472524545e-01
-4.319884571332854306e-01,-7.583475201480845140e-02,1.101441621310799701e-01,-3.432122568829416305e-07,-3.430980641359458044e-02,-4.319881051643907899e-01
-4.319926432263013760e-01,-7.488923617715183279e-02,1.087483135605967627e-01,-2.748544761550729790e-07,-3.385945292278822599e-02,-4.319923621839262817e-01
-4.321446735301571196e-01,-7.398261993675141202e-02,1.074101618743497910e-01,-2.104567765300234002e-07,-3.342789818719890671e-02,-4.321444593058589301e-01
-4.324445480448528278e-01,-7.311490329360720297e-02,1.061297070723389718e-01,-1.500191580077936351e-07,-3.301514220682660872e-02,-4.324443965301886794e-01
-4.328922667703883342e-01,-7.228608624771921953e-02,1.049069491545643606e-01,-9.354162058838267804e-08,-3.262118498167133895e-02,-4.328921738569156408e-01
-4.334385196225543635e-01,-7.148324143059803237e-02,1.037229474044334965e-01,-4.047873814119584999e-08,-3.224001295623794144e-02,-4.334384817673516688e-01
-4.339520089883917020e-01,-7.067194722946962271e-02,1.025272685096492720e-01,1.062179163949756868e-08,-3.185561387878168421e-02,-4.339520241543468049e-01
-4.344256279261812237e-01,-6.985034045436158689e-02,1.013171825910987450e-01,5.983857968662045024e-08,-3.146712103027109880e-02,-4.344256941576893349e-01
-4.348593764359230396e-01,-6.901842110527398044e-02,1.000926896487819157e-01,1.071716260001720750e-07,-3.107453441070618522e-02,-4.348594917773792590e-01
-4.352532545176170387e-01,-6.817618918220677560e-02,9.885378968269883937e-02,1.526209305801524381e-07,-3.067785402008693305e-02,-4.352534170134165215e-01
-4.356072621712633319e-01,-6.732364468515997236e-02,9.760048269284946065e-02,1.961864934265615527e-07,-3.027707985841335617e-02,-4.356074698658012334e-01
-4.359213993968617529e-01,-6.646078761413358460e-02,9.633276867923380726e-02,2.378683145393994453e-07,-2.987221192568544764e-02,-4.359216503345332838e-01
-4.361956661944125235e-01,-6.558761796912759845e-02,9.505064764185186532e-02,2.776663939186660629e-07,-2.946325022190320400e-02,-4.361959584196126727e-01
-4.364300625639154774e-01,-6.470413575014202778e-02,9.375411958070366258e-02,3.155807315643614055e-07,-2.905019474706663218e-02,-4.364303941210394555e-01
-4.366245885053706699e-01,-6.381034095717685872e-02,9.244318449578915742e-02,3.516113274764854732e-07,-2.863304550117572872e-02,-4.366249574388135768e-01
-4.367792440187781011e-01,-6.290623359023210515e-02,9.111784238710837758e-02,3.857581816550383719e-07,-2.821180248423049708e-02,-4.367796483729350920e-01
-4.368940291041377710e-01,-6.199181364930774624e-02,8.977809325466132306e-02,4.180212941000199426e-07,-2.778646569623093032e-02,-4.368944669234040568e-01
-4.369689437614496241e-01,-6.106708113440380281e-02,8.842393709844798000e-02,4.484006648114303442e-07,-2.735703513717703539e-02,-4.369694130902203599e-01
-4.370039879907138269e-01,-6.013203604552026793e-02,8.705537391846836226e-02,4.768962937892694709e-07,-2.692351080706880881e-02,-4.370044868733840016e-01
-4.369991617919301574e-01,-5.918667838265713466e-02,8.567240371472246985e-02,5.035081810335372697e-07,-2.648589270590625058e-02,-4.369996882728950371e-01
-4.369544651650987821e-01,-5.823100814581441687e-02,8.427502648721028888e-02,5.282363265442338465e-07,-2.604418083368936418e-02,-4.369550172887534112e-01
-4.368698981102195900e-01,-5.726502533499211456e-02,8.286324223593184712e-02,5.510807303213587777e-07,-2.559837519041814613e-02,-4.368704739209591792e-01
-4.367454606272926920e-01,-5.628872995019020692e-02,8.143705096088710294e-02,5.720413923649129104e-07,-2.514847577609259643e-02,-4.367460581695123412e-01
-4.365892931377068908e-01,-5.530431373930908695e-02,7.999964788276411887e-02,5.910945554266168131e-07,-2.469548606779818634e-02,-4.365899104312288559e-01
-4.364416735489641264e-01,-5.432262122930654052e-02,7.856684260123483754e-02,6.081226712613662265e-07,-2.424437115951442318e-02,-4.364423084920266427e-01
-4.363080648079947776e-01,-5.334512327800332993e-02,7.714077939363028769e-02,6.231097966421024051e-07,-2.379580447363577322e-02,-4.363087152823454384e-01
-4.361884669147987337e-01,-5.237181988539946209e-02,7.572145825995046931e-02,6.360559315688254547e-07,-2.334978601016223648e-02,-4.361891308021852431e-01
-4.360828798693761055e-01,-5.140271105149495090e-02,7.430887920019538240e-02,6.469610760415350578e-07,-2.290631576909381989e-02,-4.360835550515460013e-01
-4.359913036717267265e-01,-5.043779677628978941e-02,7.290304221436504084e-02,6.558252300602315320e-07,-2.246539375043051651e-02,-4.359919880304277129e-01
-4.359137383218508188e-01,-4.947707705978397763e-02,7.150394730245944463e-02,6.626483936249147713e-07,-2.202701995417232980e-02,-4.359144297388304334e-01
-4.358501838197482159e-01,-4.852055190197751555e-02,7.011159446447856602e-02,6.674305667355846700e-07,-2.159119438031925631e-02,-4.358508801767541074e-01
-4.358006401654190287e-01,-4.756822130287039624e-02,6.872598370042243277e-02,6.701717493922413338e-07,-2.115791702887129949e-02,-4.358013393441987904e-01
-4.357651073588631463e-01,-4.662008526246262663e-02,6.734711501029103098e-02,6.708719415948847629e-07,-2.072718789982845936e-02,-4.357658072411644268e-01
-4.357435854000806796e-01,-4.567614378075420672e-02,6.597498839408437454e-02,6.695311433435149572e-07,-2.029900699319072896e-02,-4.357442838676510166e-01
-4.357360742890714622e-01,-4.473639685774514346e-02,6.460960385180244958e-02,6.661493546381317049e-07,-1.987337430895811871e-02,-4.357367692236586154e-01
-4.357425740258357161e-01,-4.380084449343541603e-02,6.325096138344525609e-02,6.607265754787354295e-07,-1.945028984713062167e-02,-4.357432633091872232e-01
-4.357630846103732747e-01,-4.286948668782504523e-02,6.189906098901279408e-02,6.532628058653258135e-07,-1.902975360770824478e-02,-4.357637661242367844e-01
-4.357976060426842491e-01,-4.194232344091401721e-02,6.055390266850507741e-02,6.437580457979029626e-07,-1.861176559069097763e-02,-4.357982776688072990e-01
-4.358461383227685282e-01,-4.101935475270235970e-02,5.921548642192211304e-02,6.322122952764670888e-07,-1.819632579607883410e-02,-4.358467979428988781e-01
-4.359086814506262231e-01,-4.010058062319003802e-02,5.788381224926386626e-02,6.186255543010177683e-07,-1.778343422387180031e-02,-4.359093269465113551e-01
-4.359852354262571672e-01,-3.918600105237705217e-02,5.655888015053035095e-02,6.029978228715552131e-07,-1.737309087406987973e-02,-4.359858646796447856e-01
-4.360755890806681800e-01,-3.827561102925437081e-02,5.524067705907538539e-02,5.853605227731118356e-07,-1.696528767663498319e-02,-4.360762000059118515e-01
-4.361681952486410330e-01,-3.736913654129526974e-02,5.392848846317019329e-02,5.674318633764300455e-07,-1.655958334489122594e-02,-4.361687875430578232e-01
-4.362564437892949565e-01,-3.646642073083204705e-02,5.262190534267013192e-02,5.501954285991728710e-07,-1.615572526557454772e-02,-4.362570181708541606e-01
-4.363403347026299506e-01,-3.556746359786470274e-02,5.132092769757519435e-02,5.336512184413401001e-07,-1.575371343868494159e-02,-4.363408918893008082e-01
-4.364198679886460708e-01,-3.467226514239324375e-02,5.002555552788538751e-02,5.177992329029317330e-07,-1.535354786422241449e-02,-4.364204086983977660e-01
-4.364950436473432616e-01,-3.378082536441766315e-02,4.873578883360070446e-02,5.026394719839478754e-07,-1.495522854218695949e-02,-4.364955685981451450e-01
-4.365658616787214119e-01,-3.289314426393796092e-02,4.745162761472115215e-02,4.881719356843884216e-07,-1.455875547257858352e-02,-4.365663715885428897e-01
-4.366323220827807439e-01,-3.200922184095414402e-02,4.617307187124672363e-02,4.743966240042534243e-07,-1.416412865539728137e-02,-4.366328176695909447e-01
-4.366944248595211464e-01,-3.112905809546620897e-02,4.490012160317741891e-02,4.613135369435429896e-07,-1.377134809064305652e-02,-4.366949068412893098e-01
-4.367521700089426195e-01,-3.025265302747414883e-02,4.363277681051323798e-02,4.489226745022569586e-07,-1.338041377831590724e-02,-4.367526391036381517e-01
-4.368055575310451077e-01,-2.938000663697797402e-02,4.237103749325418778e-02,4.372240366803953843e-07,-1.299132571841583525e-02,-4.368060144566372482e-01
-4.368545874258287220e-01,-2.851111892397767758e-02,4.111490365140026831e-02,4.262176234779583195e-07,-1.260408391094283882e-02,-4.368550329002866550e-01
-4.368992596932934069e-01,-2.764598988847327687e-02,3.986437528495147958e-02,4.159034348949458172e-07,-1.221868835589691969e-02,-4.368996944345864830e-01
-4.369395743334391069e-01,-2.678461953046473720e-02,3.861945239390780771e-02,4.062814709313576657e-07,-1.183513905327807439e-02,-4.369399990595366767e-01
-4.369755313462659330e-01,-2.592700784995208632e-02,3.738013497826926657e-02,3.973517315871939179e-07,-1.145343600308630638e-02,-4.369759467751371806e-01
-4.370071307317738296e-01,-2.507315484693531035e-02,3.614642303803584922e-02,3.891142168624546268e-07,-1.107357920532161220e-02,-4.370075375813880503e-01
-4.370343724899627968e-01,-2.422306052141441624e-02,3.491831657320755566e-02,3.815689267571398452e-07,-1.069556865998399359e-02,-4.370347714782892856e-01
-4.370572566208327792e-01,-2.337672487338940744e-02,3.369581558378439284e-02,3.747158612712495203e-07,-1.031940436707345053e-02,-4.370576484658408867e-01
-4.370757831243839431e-01,-2.253414790286027702e-02,3.247892006976635382e-02,3.685550204047837049e-07,-9.945086326589984774e-03,-4.370761685440427979e-01
-4.370891601578736352e-01,-2.169517099526184489e-02,3.126742935088808878e-02,3.630756511790460289e-07,-9.572572425176981842e-03,-4.370895398588688918e-01
-4.370942644279718903e-01,-2.085916852155569878e-02,3.006055187688248809e-02,3.582353402399166234e-07,-9.201696553632716588e-03,-4.370946390724822495e-01
-4.370907764319788003e-01,-2.002607648193597059e-02,2.885820667474426129e-02,3.540297488398891112e-07,-8.832441719528754190e-03,-4.370911466776302157e-01
-4.370786961698944206e-01,-1.919589487640265685e-02,2.766039374447340493e-02,3.504588769789633335e-07,-8.464807922865094647e-03,-4.370790626743127349e-01
-4.370580236417187514e-01,-1.836862370495575408e-02,2.646711308606992247e-02,3.475227246571393960e-07,-8.098795163641739694e-03,-4.370583870625298628e-01
-4.370287588474517371e-01,-1.754426296759526577e-02,2.527836469953381043e-02,3.452212918744172990e-07,-7.734403441858685863e-03,-4.370291198422815437e-01
-4.369909017870934886e-01,-1.672281266432119537e-02,2.409414858486506883e-02,3.435545786307969893e-07,-7.371632757515934019e-03,-4.369912610135678332e-01
-4.369444524606438951e-01,-1.590427279513353595e-02,2.291446474206370112e-02,3.425225849262784670e-07,-7.010483110613485030e-03,-4.369448105763886758e-01
-4.368894108681029564e-01,-1.508864336003228751e-02,2.173931317112970385e-02,3.421253107608618380e-07,-6.650954501151339765e-03,-4.368897685307441270e-01
-4.368257770094707837e-01,-1.427592435901745525e-02,2.056869387206308047e-02,3.423627561345469963e-07,-6.293046929129495620e-03,-4.368261348766341312e-01
-4.367535508847472658e-01,-1.346611579208903571e-02,1.940260684486382753e-02,3.432349210473339951e-07,-5.936760394547955198e-03,-4.367539096140587440e-01
-4.366727324939324584e-01,-1.265921765924703062e-02,1.824105208953194848e-02,3.447418054992227812e-07,-5.582094897406715897e-03,-4.366730927430179654e-01
-4.365833218370263613e-01,-1.185522996049143823e-02,1.708402960606743640e-02,3.468834094902134076e-07,-5.229050437705780319e-03,-4.365836842635116843e-01
-4.364853189140289191e-01,-1.105415269582226204e-02,1.593153939447030168e-02,3.496597330203058215e-07,-4.877627015445147596e-03,-4.364856841755400119e-01
-4.363787237249401874e-01,-1.025598586523949855e-02,1.478358145474053739e-02,3.530707760895000757e-07,-4.527824630624816861e-03,-4.363790924791030035e-01
-4.362635362697601660e-01,-9.460729468743147783e-03,1.364015578687814353e-02,3.571165386977961173e-07,-4.179643283244788982e-03,-4.362639091742004926e-01
-4.361397565484888550e-01,-8.668383506333211461e-03,1.250126239088312358e-02,3.617970208451940521e-07,-3.833082973305063090e-03,-4.361401342608326459e-01
-4.360073845611261989e-01,-7.878947978009687853e-03,1.136690126675547405e-02,3.671122225316937214e-07,-3.488143700805640922e-03,-4.360077677389992967e-01
-4.358666438919888697e-01,-7.092168983536787860e-03,1.023669514069448436e-02,3.730491694520832670e-07,-3.144702125847814462e-03,-4.358670331796088981e-01
-4.357246104579912127e-01,-6.300011178574850546e-03,9.098704185667012140e-03,3.791972554105452254e-07,-2.798854831194456071e-03,-4.357250060752332343e-01
-4.355846609959246329e-01,-5.498639972753156281e-03,7.947230531882528912e-03,3.853605327913829639e-07,-2.448739045877985996e-03,-4.355850629601610846e-01
-4.354467955057891304e-01,-4.688055366071704200e-03,6.782274179341039010e-03,3.915390015945964296e-07,-2.094354769898403371e-03,-4.354472038343923934e-01
-4.353110139875847606e-01,-3.868257358530493868e-03,5.603835128042538964e-03,3.977326618201855695e-07,-1.735702003255708628e-03,-4.353114286979272163e-01
-4.351773164413115236e-01,-3.039245950129526586e-03,4.411913377987029643e-03,4.039415134681504895e-07,-1.372780745949901552e-03,-4.351777375507655532e-01
-4.350457028669693083e-01,-2.201021140868800619e-03,3.206508929174511913e-03,4.101655565384910838e-07,-1.005590997980982141e-03,-4.350461303929074042e-01
-4.349161732645582812e-01,-1.353582930748318137e-03,1.987621781604984907e-03,4.164047910312074582e-07,-6.341327593489506139e-04,-4.349166072243527137e-01
-4.347887276340783314e-01,-4.969313197680780541e-04,7.552519352784501424e-04,4.226592169462995068e-07,-2.584060300538068068e-04,-4.347891680451015928e-01
-4.346633659755295143e-01,3.689336920719196830e-04,-4.906006098050953073e-04,4.289288342837673356e-07,1.215891899044491988e-04,-4.346638128551539304e-01
-4.345400882889117744e-01,1.244012104771675779e-03,-1.749935853645648081e-03,4.352136430436108386e-07,5.058529005258174298e-04,-4.345405416545097821e-01
-4.344188945742251118e-01,2.128303918331187795e-03,-3.022753796243211541e-03,4.415136432258301217e-07,8.943851018102979677e-04,-4.344193544431691478e-01
-4.342997848314695819e-01,3.021809132750458930e-03,-4.309054437597782325e-03,4.478288348304250261e-07,1.287185793757891165e-03,-4.343002512211319721e-01
-4.341827590606451848e-01,3.924527748029486146e-03,-5.608837777709361518e-03,4.541592178573957636e-07,1.684254976368596045e-03,-4.341832319883983660e-01
-4.340678172617518649e-01,4.836459764168272481e-03,-6.922103816577951721e-03,4.605047923067421224e-07,2.085592649642413476e-03,-4.340682967449682184e-01
-4.339549594347896222e-01,5.757605181166814030e-03,-8.248852554203548598e-03,4.668655581784642084e-07,2.491198813579342808e-03,-4.339554454908415848e-01
-4.338441855797585123e-01,6.687963999025115999e-03,-9.589083990586154752e-03,4.732415154725621274e-07,2.901073468179384690e-03,-4.338446782260184653e-01
-4.337354956966585351e-01,7.627536217743174918e-03,-1.094279812572577365e-02,4.796326641890356677e-07,3.315216613442538689e-03,-4.337359949504988044e-01
-4.336290764665440833e-01,8.576278811032594929e-03,-1.230993589460048498e-02,4.860342085390699622e-07,3.733612201910525927e-03,-4.336295823403769067e-01
-4.335365149810546659e-01,9.531521183592791407e-03,-1.368683119502390848e-02,4.921484790849831444e-07,4.155264185161225421e-03,-4.335370271794168895e-01
-4.334646816252194501e-01,1.049167984764766588e-02,-1.507131026895910421e-02,4.977989773824829341e-07,4.579581971838288766e-03,-4.334651996700980003e-01
-4.334135763990383250e-01,1.145675480319721662e-02,-1.646337311640607912e-02,5.029857034315695430e-07,5.006565561941715529e-03,-4.334140998124202948e-01
-4.333831993025112905e-01,1.242674605024144709e-02,-1.786301973736482279e-02,5.077086572322427593e-07,5.436214955471506578e-03,-4.333837276063836619e-01
-4.333735503356384577e-01,1.340165358878035555e-02,-1.927025013183534391e-02,5.119678387845027948e-07,5.868530152427660178e-03,-4.333740830519882126e-01
-4.333846294984197711e-01,1.438147741881394027e-02,-2.068506429981763553e-02,5.157632480883494378e-07,6.303511152810178063e-03,-4.333851661492339469e-01
-4.334164367908552862e-01,1.536621754034220300e-02,-2.210746224131170112e-02,5.190948851437829000e-07,6.741157956619060233e-03,-4.334169768981207538e-01
-4.334689722129448919e-01,1.635587395336514371e-02,-2.353744395631754763e-02,5.219627499508030755e-07,7.181470563854304955e-03,-4.334695152986487443e-01
-4.335422357646885883e-01,1.735044665788276416e-02,-2.497500944483516463e-02,5.243668425094099643e-07,7.624448974515914829e-03,-4.335427813508178629e-01
-4.336362274460864863e-01,1.834993565389506087e-02,-2.642015870686455214e-02,5.263071628196035665e-07,8.070093188603886386e-03,-4.336367750546281097e-01
-4.337509472571385305e-01,1.935434094140204078e-02,-2.787289174240571363e-02,5.277837108813837761e-07,8.518403206118222229e-03,-4.337514964100795400e-01
-4.338863951978447209e-01,2.036366252040369348e-02,-2.933320855145865255e-02,5.287964866947509108e-07,8.969379027058922357e-03,-4.338869454171720985e-01
-4.340425712682050019e-01,2.137790039089999469e-02,-3.080110913402332382e-02,5.293454902597047588e-07,9.423020651425974628e-03,-4.340431220759058406e-01
-4.342194754682194846e-01,2.239705455289099992e-02,-3.227659349009980722e-02,5.294307215762452142e-07,9.879328079219401593e-03,-4.342200263862806553e-01
-4.344171077978880580e-01,2.342112500637669181e-02,-3.375966161968807500e-02,5.290521806443724889e-07,1.033830131043919284e-02,-4.344176583482966536e-01
-4.346354682572108330e-01,2.445011175135705650e-02,-3.525031352278810981e-02,5.282098674640864768e-07,1.079994034508534664e-02,-4.346360179619537800e-01
-4.348745568461877542e-01,2.548401478783210092e-02,-3.674854919939991166e-02,5.269037820353871781e-07,1.126424518315786473e-02,-4.348751052272520345e-01
-4.351343735648187661e-01,2.652283411580182160e-02,-3.825436864952349442e-02,5.251339243582745927e-07,1.173121582465674884e-02,-4.351349201441914172e-01
-4.353821437233929559e-01,2.755894142506842837e-02,-3.975666029253082517e-02,5.229500173019540800e-07,1.219736931098054818e-02,-4.353826880741267780e-01
-4.355755360619024685e-01,2.858248411335713446e-02,-4.124107259030480171e-02,5.204162821214006895e-07,1.265820710904004207e-02,-4.355760778230061137e-01
-4.357143824940279409e-01,2.959342305857110694e-02,-4.270754855665558070e-02,5.175329738223569592e-07,1.311371135634142003e-02,-4.357149213047717407e-01
-4.357986830197693728e-01,3.059175826071034929e-02,-4.415608819158316906e-02,5.143000924048226773e-07,1.356388205288468554e-02,-4.357992185194238810e-01
-4.358284376391267645e-01,3.157748971977485802e-02,-4.558669149508755986e-02,5.107176378687978437e-07,1.400871919866983686e-02,-4.358289694669623682e-01
-4.358036463521001158e-01,3.255061743576462968e-02,-4.699935846716875310e-02,5.067856102142824585e-07,1.444822279369687573e-02,-4.358041741473872022e-01
-4.357243091586894268e-01,3.351114140867967467e-02,-4.839408910782674184e-02,5.025040094412765217e-07,1.488239283796580215e-02,-4.357248325606984940e-01
-4.355904260588945864e-01,3.445906163851997911e-02,-4.977088341706153996e-02,4.978728355497799274e-07,1.531122933147661437e-02,-4.355909447068962437e-01
-4.354019970527157612e-01,3.539437812528555688e-02,-5.112974139487314051e-02,4.928920885397928873e-07,1.573473227422931067e-02,-4.354025105859802847e-01
-4.351800923932176435e-01,3.631830258506529852e-02,-5.247239195478644452e-02,4.876174725279531575e-07,1.615341902598548332e-02,-4.351806005085503415e-01
-4.350692679903055415e-01,3.723914819384444019e-02,-5.381069659020506352e-02,4.824311546976048640e-07,1.657083901782479066e-02,-4.350697707792388069e-01
-4.350969148784509799e-01,3.815849016560161899e-02,-5.514690286454521778e-02,4.774055496217645204e-07,1.698766481020582211e-02,-4.350974125073118204e-01
-4.352630330576539031e-01,3.907632850033683491e-02,-5.648101077780690732e-02,4.725406573004323384e-07,1.740389640312857769e-02,-4.352635256927693819e-01
-4.355676225279143665e-01,3.999266319805009490e-02,-5.781302032999013213e-02,4.678364777336081593e-07,1.781953379659305739e-02,-4.355681103356115469e-01
-4.360106832892324258e-01,4.090749425874139894e-02,-5.914293152109489915e-02,4.632930109212920888e-07,1.823457699059926468e-02,-4.360111664358382044e-01
-4.365922153416079143e-01,4.182082168241074704e-02,-6.047074435112119450e-02,4.589102568634840212e-07,1.864902598514719262e-02,-4.365926939934494100e-01
-4.373122186850409987e-01,4.273264546905813227e-02,-6.179645882006902513e-02,4.546882155601840623e-07,1.906288078023684815e-02,-4.373126930084451636e-01
-4.381706933195315679e-01,4.364296561868356156e-02,-6.312007492793839103e-02,4.506268870113921592e-07,1.947614137586822780e-02,-4.381711634808254652e-01
-4.391676392450796218e-01,4.455178213128703490e-02,-6.444159267472929220e-02,4.467262712171082588e-07,1.988880777204133157e-02,-4.391681054105903703e-01
-4.402659189866273137e-01,4.545734503148134154e-02,-6.575846354857246834e-02,4.430354707511182258e-07,2.030008201140742069e-02,-4.402663813724153608e-01
-4.412890142309895403e-01,4.635133650274878697e-02,-6.705857420531641244e-02,4.397878752955192772e-07,2.070617131901414040e-02,-4.412894732895051297e-01
-4.422140725903366265e-01,4.723267970515398345e-02,-6.834035642898701746e-02,4.370136999109163226e-07,2.110658467518995024e-02,-4.422145288046331890e-01
-4.430410940646684614e-01,4.810137463869695179e-02,-6.960381021958422787e-02,4.347129445973093620e-07,2.150132207993485020e-02,-4.430415479177995386e-01
-4.437700786539852116e-01,4.895742130337767811e-02,-7.084893557710809919e-02,4.328856093546982895e-07,2.189038353324883335e-02,-4.437705306290042340e-01
-4.444010263582867659e-01,4.980081969919618323e-02,-7.207573250155860367e-02,4.315316941830832641e-07,2.227376903513190315e-02,-4.444014769382472196e-01
-4.449339371775730689e-01,5.063156982615244633e-02,-7.328420099293574130e-02,4.306511990824642326e-07,2.265147858558406307e-02,-4.449343868455286066e-01
-4.453688111118442872e-01,5.144967168424647436e-02,-7.447434105123951209e-02,4.302441240528411422e-07,2.302351218460530619e-02,-4.453692603508482839e-01
-4.457056481611003096e-01,5.225512527347825342e-02,-7.564615267646988828e-02,4.303104690942140458e-07,2.338986983219562901e-02,-4.457060974542062515e-01
-4.459444483253411362e-01,5.304793059384781129e-02,-7.679963586862693925e-02,4.308502342065828905e-07,2.375055152835505237e-02,-4.459448981556026204e-01
-4.460852116045668225e-01,5.382808764535513407e-02,-7.793479062771063726e-02,4.318634193899477293e-07,2.410555727308355892e-02,-4.460856624550372795e-01
-4.461279379987773130e-01,5.459559642800023566e-02,-7.905161695372095454e-02,4.333500246443085091e-07,2.445488706638115212e-02,-4.461283903525103400e-01
-4.460726275079726078e-01,5.535045694178309522e-02,-8.015011484665791885e-02,4.353100499696652829e-07,2.479854090824783544e-02,-4.460730818480216353e-01
-4.459192801321528177e-01,5.609266918670371971e-02,-8.123028430652151632e-02,4.377434953660180507e-07,2.513651879868360542e-02,-4.459197369415713319e-01
-4.456678958713177208e-01,5.682223316276210912e-02,-8.229212533331174695e-02,4.406503608333668125e-07,2.546882073768846205e-02,-4.456683556331592633e-01
-4.453184747254675391e-01,5.753914886995827038e-02,-8.333563792702862461e-02,4.440306463717115155e-07,2.579544672526240534e-02,-4.453189379227855960e-01
-4.448710166946021616e-01,5.824341630829218963e-02,-8.436082208767212154e-02,4.478843519810522124e-07,2.611639676140543528e-02,-4.448714838104502745e-01
-4.443255217787215883e-01,5.893503547776387380e-02,-8.536767781524227938e-02,4.522114776613888504e-07,2.643167084611755882e-02,-4.443259932961532432e-01
-4.436819899778258747e-01,5.961400637837332983e-02,-8.635620510973905650e-02,4.570120234127214825e-07,2.674126897939876207e-02,-4.436824663798945578e-01
-4.429404212919150208e-01,6.028032901012055772e-02,-8.732640397116246678e-02,4.622859892350501085e-07,2.704519116124905892e-02,-4.429409030616741627e-01
-4.421284569198909442e-01,6.094383724742687136e-02,-8.829256425894167759e-02,4.681508151021058629e-07,2.734789397668430100e-02,-4.421289446610019436e-01
-4.413594627703518736e-01,6.164486313640842735e-02,-8.931329352131196775e-02,4.750881620798593822e-07,2.766765538865980159e-02,-4.413599575811301134e-01
-4.406456563574103757e-01,6.238775328662971020e-02,-9.039490793000878877e-02,4.831499390794075113e-07,2.800644522455233640e-02,-4.406461593894801521e-01
-4.399870376810662287e-01,6.317250769809074074e-02,-9.153740748503214064e-02,4.923361461007501973e-07,2.836426348436190889e-02,-4.399875500860520039e-01
-4.393836067413195434e-01,6.399912637079149813e-02,-9.274079218638203725e-02,5.026467831438877579e-07,2.874111016808851907e-02,-4.393841296708456690e-01
-4.388353635381702644e-01,6.486760930473198239e-02,-9.400506203405846473e-02,5.140818502088196635e-07,2.913698527573216346e-02,-4.388358981438611472e-01
-4.383423080716183917e-01,6.577795649991219351e-02,-9.533021702806145081e-02,5.266413472955462318e-07,2.955188880729284553e-02,-4.383428555050984943e-01
-4.379044403416640363e-01,6.673016795633215925e-02,-9.671625716839096776e-02,5.403252744040674629e-07,2.998582076277056876e-02,-4.379050017545576545e-01
-4.375217603483070872e-01,6.772424367399185186e-02,-9.816318245504701556e-02,5.551336315343833567e-07,3.043878114216532621e-02,-4.375223368922386835e-01
-4.372067978678377820e-01,6.876574688645646638e-02,-9.967907557950599073e-02,5.711723124432815319e-07,3.091329004114829956e-02,-4.372073908030164602e-01
-4.371163672177820203e-01,6.992430331205856664e-02,-1.013650941138004441e-01,5.897666127159424871e-07,3.144088729519767950e-02,-4.371169791633887081e-01
-4.372975744655244190e-01,7.122082809318582008e-02,-1.032516251774218130e-01,6.113146430869280735e-07,3.203104727909492078e-02,-4.372982084489671628e-01
-4.377504196110649781e-01,7.265532122983821284e-02,-1.053386687703701113e-01,6.358164035562381852e-07,3.268376999284001300e-02,-4.377510786597518244e-01
-4.384644507351161402e-01,7.422687281228093625e-02,-1.076249110901221079e-01,6.632760208720336634e-07,3.339865167076177394e-02,-4.384651378804752531e-01
-4.388005110865796921e-01,7.587983995484735844e-02,-1.100300103612346231e-01,6.939458543258877063e-07,3.415100119656883093e-02,-4.388012296058697026e-01
-4.383811390793517782e-01,7.758136209267134376e-02,-1.125065197970828712e-01,7.279749376850284615e-07,3.492623693922625172e-02,-4.383818923950094093e-01
-4.372063347134323430e-01,7.933143922575285056e-02,-1.150544393976668522e-01,7.653632709494558230e-07,3.572435889873401549e-02,-4.372071262478943177e-01
-4.351370053040800046e-01,8.110769182871353788e-02,-1.176413031206774013e-01,8.060230726992819599e-07,3.653528127117995628e-02,-4.351378383872364086e-01
-4.305074479716717861e-01,8.264211414742853035e-02,-1.198783142420820208e-01,8.489031175292532002e-07,3.723822162540251640e-02,-4.305083248251216910e-01
-4.228313643557086721e-01,8.385646248043722439e-02,-1.216519643974672965e-01,8.936965024512401056e-07,3.779791779131749796e-02,-4.228322868774880283e-01
-4.121087544561901628e-01,8.475073682773962003e-02,-1.229622535868333949e-01,9.404032274652451115e-07,3.821436976892494258e-02,-4.121097245443347545e-01
-3.992184392226828527e-01,8.548969286344576535e-02,-1.240495397270542782e-01,9.885020747735611473e-07,3.856316562213579768e-02,-3.992194582639937983e-01
-3.853001162964341808e-01,8.628699373846010490e-02,-1.252255306251087719e-01,1.037317103850516053e-06,3.894233161919988945e-02,-3.853011850147174400e-01
-3.703584540558427785e-01,8.714351465020533927e-02,-1.264915030845455979e-01,1.086845545938823638e-06,3.935226929092382891e-02,-3.703595731721884832e-01
-3.548098525131288539e-01,8.818200782510007829e-02,-1.280266108249846491e-01,1.137611009825857906e-06,3.984937856434400683e-02,-3.548110232955922760e-01
-3.395503512002222557e-01,8.966662034353717337e-02,-1.302163697214513693e-01,1.190740234606203199e-06,4.055502486390676065e-02,-3.395515760938580541e-01
-3.246102547828684237e-01,9.160628583923888235e-02,-1.330738181827613442e-01,1.246271327361552518e-06,4.147331285072339280e-02,-3.246115362725384701e-01
-3.097854842617009385e-01,9.403004005773939189e-02,-1.366425400644764032e-01,1.303992163362857668e-06,4.261878918055127946e-02,-3.097868246157382544e-01
-2.947441653551280960e-01,9.698510107252744650e-02,-1.409934116488129052e-01,1.363557784322990309e-06,4.401510969717650074e-02,-2.947455664897460359e-01
-2.794809011667271359e-01,1.004726695863019797e-01,-1.461282731573002591e-01,1.424900789263794552e-06,4.566291335360666420e-02,-2.794823649293976531e-01
-2.639652528536286513e-01,1.045145915592948921e-01,-1.520814505951954554e-01,1.485489154217889535e-06,4.757465863815762280e-02,-2.639667785096185271e-01
-2.481813530997626638e-01,1.091222549656593183e-01,-1.588708375985070642e-01,1.544002972749962273e-06,4.975683997549290583e-02,-2.481829385682735589e-01
-2.322297172483798466e-01,1.143655087533438086e-01,-1.665992038912258166e-01,1.600173016215476814e-06,5.224237291159193608e-02,-2.322313601809572747e-01
-2.163978262621410187e-01,1.204441258341030080e-01,-1.755604781237432577e-01,1.653229271724817624e-06,5.512539822674444867e-02,-2.163995235448163135e-01
-2.007875031556981271e-01,1.273378987168096443e-01,-1.857254232792980853e-01,1.702185395383486804e-06,5.839687819976380895e-02,-2.007892506677511901e-01
-1.861378393178295121e-01,1.347603194336303711e-01,-1.966768461208559526e-01,1.738784969092041123e-06,6.192606361939394233e-02,-1.861396245001727401e-01
-1.726217461667699793e-01,1.426443590625593449e-01,-2.083171437330143816e-01,1.761096392801028260e-06,6.568236553290908442e-02,-1.726235544861483562e-01
-1.602392237025194732e-01,1.509900176035964825e-01,-2.206463161157733999e-01,1.769119666510448002e-06,6.966578394030920052e-02,-1.602410406256780107e-01
-1.490498042781136789e-01,1.597961372653816381e-01,-2.336624572525231314e-01,1.762817880302190589e-06,7.387556978753360981e-02,-1.490516152353352497e-01
-1.407609561649469654e-01,1.690295110283398794e-01,-2.473109000132072965e-01,1.741132407885513095e-06,7.829023919267494303e-02,-1.407627455407320094e-01
-1.361565344048191184e-01,1.786748943985306814e-01,-2.615665481156675409e-01,1.703577260988024095e-06,8.289992945466133356e-02,-1.361582861035761927e-01
-1.352365389977301380e-01,1.887322873759540998e-01,-2.764294015599039200e-01,1.650152439609722952e-06,8.770464057349275366e-02,-1.352382369238678272e-01
-1.379286905178996880e-01,1.991900865236157503e-01,-2.918826316278298472e-01,1.581229227322887299e-06,9.269915229149373881e-02,-1.379303189494667514e-01
-1.426568945071687300e-01,2.097952722229319000e-01,-3.075592784407840119e-01,1.504903676003314205e-06,9.776963388707703151e-02,-1.426584458696549540e-01
-1.487790569072814928e-01,2.204447653767876991e-01,-3.233098441330219952e-01,1.424474082131819589e-06,1.028697112171195610e-01,-1.487805269454088031e-01
-1.562951777182379209e-01,2.311385659851831476e-01,-3.391343287045437971e-01,1.339940445708403451e-06,1.079993842816213273e-01,-1.562965621767283264e-01
-1.650864959725942271e-01,2.418713175090911605e-01,-3.550256182269598271e-01,1.251543247871651187e-06,1.131569005248245774e-01,-1.650877908337906042e-01
-1.732295288983841386e-01,2.525562640828627470e-01,-3.708684937104552160e-01,1.163177382179678184e-06,1.183138751088528423e-01,-1.732307339931977441e-01
-1.800508018194492132e-01,2.631630296202785990e-01,-3.866226131914921593e-01,1.076206579161270207e-06,1.234603695669960338e-01,-1.800519183263019074e-01
-1.855503147357894234e-01,2.736916141213389109e-01,-4.022879766700706017e-01,9.906308388164268341e-07,1.285963838992541242e-01,-1.855513438331030940e-01
-1.897201113644209625e-01,2.840942656003769273e-01,-4.177943369406159069e-01,9.061819097989707313e-07,1.336994218398164791e-01,-1.897210539543119634e-01
-1.924498492878160549e-01,2.937087314011082584e-01,-4.321674643907056912e-01,8.191395244785989554e-07,1.384574919273514337e-01,-1.924507024404348010e-01
-1.937042023407158919e-01,3.023229910938274312e-01,-4.450954590542204881e-01,7.283126378151567400e-07,1.427707099816019343e-01,-1.937049618994074740e-01
-1.934831705231204457e-01,3.099370446785343902e-01,-4.565783209311601309e-01,6.337012498086438733e-07,1.466390760025680362e-01,-1.934838323312300101e-01
-1.917726547060682463e-01,3.164944770917262895e-01,-4.665316305328384150e-01,5.356931633195745066e-07,1.500345868622390277e-01,-1.917732150097724853e-01
-1.884335321482475401e-01,3.214386143496947290e-01,-4.741223810317921061e-01,4.381150116946328366e-07,1.526809225166762263e-01,-1.884339911686521152e-01
-1.834302875959682444e-01,3.246273487167262717e-01,-4.791379224433814921e-01,3.419436579024834110e-07,1.545075439844907639e-01,-1.834306465688986532e-01
-1.767629210492304426e-01,3.260606801928208065e-01,-4.815782547676067393e-01,2.471791019431262296e-07,1.555144512656826405e-01,-1.767631812105120992e-01
-1.685212318647804908e-01,3.258781000483026435e-01,-4.816489490049343791e-01,1.537817862292208647e-07,1.557677219811392788e-01,-1.685213944120335372e-01
-1.595631245132858866e-01,3.254122479452594141e-01,-4.813139421670488693e-01,6.137379456784887419e-08,1.558986333295436233e-01,-1.595631902791332657e-01
-1.501024259140862349e-01,3.249952753565845676e-01,-4.810627323453389170e-01,-3.013906611033865815e-08,1.560645269069112218e-01,-1.501023956401779658e-01
-1.401391360671815078e-01,3.246271822822781594e-01,-4.808953195398046332e-01,-1.207567958053416926e-07,1.562654027132421020e-01,-1.401390104951675819e-01
-1.296826493088902299e-01,3.243070391213827008e-01,-4.808101444130351565e-01,-2.103259362827919083e-07,1.565006299348544461e-01,-1.296824293439919340e-01
-1.190906455590361457e-01,3.239994522511160935e-01,-4.807478367592864510e-01,-2.930037193997870913e-07,1.567461909743933512e-01,-1.190903383342880872e-01
-1.085457356540770191e-01,3.236863517192578588e-01,-4.806780855593186241e-01,-3.658071631138076084e-07,1.569898238252444844e-01,-1.085453514820777648e-01
-9.804791959401285006e-02,3.233677375258079967e-01,-4.806008908131316759e-01,-4.287362674248533274e-07,1.572315284874078178e-01,-9.804746878736095295e-02
-8.759719737884362478e-02,3.230436096707665072e-01,-4.805162525207255508e-01,-4.817910323329245658e-07,1.574713049608833793e-01,-8.759669025013767929e-02
-7.734329850571979026e-02,3.227232586223017785e-01,-4.804347809487396481e-01,-5.223386442363296653e-07,1.577104598313643080e-01,-7.734274815756143895e-02
-6.759236552748232318e-02,3.224256800205269058e-01,-4.803781702468048476e-01,-5.449959535719246996e-07,1.579516645930269525e-01,-6.759179076701821165e-02
-5.835346146791458438e-02,3.221514362111090324e-01,-4.803470626470848770e-01,-5.496035979378720657e-07,1.581949983326073339e-01,-5.835288127116836782e-02
-4.962658632701713590e-02,3.219005271940482138e-01,-4.803414581495796809e-01,-5.361615773341700697e-07,1.584404610501053967e-01,-4.962601967001246950e-02
-4.139968355162310099e-02,3.216713564820820603e-01,-4.803592519880739431e-01,-5.050042831550105311e-07,1.586875453331197394e-01,-4.139914905850512056e-02
-3.349525396060278049e-02,3.214404202447351810e-01,-4.803694573395069778e-01,-4.610546977672822087e-07,1.589287809466246870e-01,-3.349476507508483691e-02
-2.585442406550947023e-02,3.211999226573554189e-01,-4.803617963966358428e-01,-4.059456914955442826e-07,1.591616901394965478e-01,-2.585399251304298235e-02
-1.847719386634318062e-02,3.209498637199427185e-01,-4.803362691594604272e-01,-3.396772643397968055e-07,1.593862729117354327e-01,-1.847683137237954298e-02
-1.136356336310390819e-02,3.206902434324971907e-01,-4.802928756279807865e-01,-2.622494163000396716e-07,1.596025292633412584e-01,-1.136328165309451882e-02
-4.530753244990079649e-03,3.204335992110574627e-01,-4.802514416112861895e-01,-1.696217198488662656e-07,1.598177425078868286e-01,-4.530568279154228821e-03
1.979571776517011997e-03,3.202102647905837873e-01,-4.802599347955748832e-01,-5.201853562301939916e-08,1.600495343070338361e-01,1.979633792122584279e-03
8.165559339698674757e-03,3.200215887715445739e-01,-4.803204877650525950e-01,9.099474925464238130e-08,1.602986880981403239e-01,8.165471743499932294e-03
1.402720944455491774e-02,3.198675711539400446e-01,-4.804331005197193805e-01,2.594181347841190295e-07,1.605652038812062088e-01,1.402694557497781262e-02
1.956786973223752571e-02,3.197478243135790099e-01,-4.805971866497638634e-01,4.528812047052295100e-07,1.608488833297679887e-01,1.956740331593350909e-02
2.494411876691459556e-02,3.196442179800720318e-01,-4.807853181238962437e-01,6.540585518032493970e-07,1.611404501589761007e-01,2.494344168892983354e-02
3.024149837704300653e-02,3.195468472440993191e-01,-4.809825104903174275e-01,8.534849787200239520e-07,1.614348365591240508e-01,3.024061244269782983e-02
3.546000856262274820e-02,3.194557121056606497e-01,-4.811887637490274150e-01,1.051160485455553281e-06,1.617320425302118392e-01,3.545891557723748755e-02
4.059964932365382750e-02,3.193708125647562457e-01,-4.814040779000262060e-01,1.247085072009836749e-06,1.620320680722394657e-01,4.059835109254882057e-02
4.566042066013625139e-02,3.192921486213859406e-01,-4.816284529433138561e-01,1.441258738382875308e-06,1.623349131852069305e-01,4.565891898863182891e-02
5.064232257207000598e-02,3.192197202755498453e-01,-4.818618888788903099e-01,1.633681484574668323e-06,1.626405778691142889e-01,5.064061926548649867e-02
5.554535505945510515e-02,3.191535275272479044e-01,-4.821043857067555671e-01,1.824353310585216007e-06,1.629490621239614301e-01,5.554345192311283680e-02
6.036951812229152808e-02,3.190935703764801179e-01,-4.823559434269096835e-01,2.013274216414517935e-06,1.632603659497484649e-01,6.036741696151084330e-02
6.511628477128890424e-02,3.190396564382421141e-01,-4.826162556138908766e-01,2.200226785420760850e-06,1.635743755574800562e-01,6.511398761920014766e-02
7.007115127714361180e-02,3.189544979990399098e-01,-4.828259314391044610e-01,2.343071717447549192e-06,1.638690365699612961e-01,7.006870432060532949e-02
7.544726439312487987e-02,3.188102566739845489e-01,-4.829406307006345322e-01,2.410348513934033964e-06,1.641278835570728900e-01,7.544474678343253415e-02
8.124462411923266680e-02,3.186069324630760313e-01,-4.829603533984811459e-01,2.402057174880215168e-06,1.643509165188148102e-01,8.124211500768173388e-02
8.746323045546700037e-02,3.183445253663143015e-01,-4.828850995326443019e-01,2.318197700286093227e-06,1.645381354551870845e-01,8.746080899335292869e-02
9.410308340182788056e-02,3.180230353836994150e-01,-4.827148691031239447e-01,2.158770090151667717e-06,1.646895403661896851e-01,9.410082874044614631e-02
1.011641829583152935e-01,3.176424625152313719e-01,-4.824496621099201854e-01,1.923774344476938639e-06,1.648051312518226397e-01,1.011621742489613729e-01
1.086465291249292392e-01,3.172028067609100610e-01,-4.820894785530329685e-01,1.613210463261906839e-06,1.648849081120859206e-01,1.086448455188985945e-01
1.165501219016697454e-01,3.167040681207356490e-01,-4.816343184324621829e-01,1.227078446506570623e-06,1.649288709469795278e-01,1.165488425502578390e-01
1.248993942832132692e-01,3.161641465871790624e-01,-4.811118960635387132e-01,7.644272557585674681e-07,1.649468349274333112e-01,1.248985993332479977e-01
1.339299972346066903e-01,3.157556837277593620e-01,-4.807895100414514844e-01,2.160843302219700632e-07,1.650334652605714159e-01,1.339297764346120967e-01
1.437010825994996521e-01,3.155220151044900723e-01,-4.807342562285373821e-01,-4.202527772073901768e-07,1.652125242998803145e-01,1.437015281081659712e-01
1.542126503778920577e-01,3.154631407173712487e-01,-4.809461346247964619e-01,-1.144584066529513570e-06,1.654840120453600072e-01,1.542138543539096074e-01
1.654936672868895509e-01,3.155570749708990208e-01,-4.813918599998716075e-01,-1.963559434328349516e-06,1.658366356189802382e-01,1.654957288533503434e-01
1.779744245681086079e-01,3.154772289336268964e-01,-4.815769909903977464e-01,-2.975960949945681451e-06,1.661026429592515896e-01,1.779775463020452086e-01
1.917983873985001919e-01,3.151147132434003462e-01,-4.813366738628416241e-01,-4.214723950397606919e-06,1.662261031597138394e-01,1.918028063699501462e-01
2.069655557780643584e-01,3.144695279002194810e-01,-4.806709086172031853e-01,-5.679848435684125498e-06,1.662070162203670154e-01,2.069715090570651561e-01
2.231194422238747810e-01,3.133501080739908295e-01,-4.792844413115578406e-01,-7.312225649263701081e-06,1.659416350924092509e-01,2.231271049719999178e-01
2.380098325519244273e-01,3.105472615252150570e-01,-4.753135750706348195e-01,-8.738750310476889332e-06,1.647750894313162462e-01,2.380189891532012714e-01
2.512425103911213320e-01,3.058491491409776053e-01,-4.684318077222378585e-01,-9.894057881662244087e-06,1.625926521090710342e-01,2.512528767690247467e-01
2.628174757414654117e-01,2.992557709212783634e-01,-4.586391392663669575e-01,-1.077814836281976704e-05,1.593943231256735593e-01,2.628287678194703991e-01
2.722334144581184390e-01,2.911229739041040765e-01,-4.464702298887468501e-01,-1.128074965793815366e-05,1.553588053077077369e-01,2.722452326777527465e-01
2.787698897274759613e-01,2.819621446298452017e-01,-4.326934378823374394e-01,-1.124339012144786598e-05,1.507429118655961020e-01,2.787816685715628906e-01
2.824212217456379403e-01,2.717773147848507320e-01,-4.173148208560043537e-01,-1.066482038927755501e-05,1.455486674719354279e-01,2.824323943886098420e-01
2.833016294957296788e-01,2.606655703035776761e-01,-4.004835468191080827e-01,-9.556564743069750429e-06,1.398281655872516405e-01,2.833116411827994452e-01
2.825578953196246634e-01,2.496016741565310337e-01,-3.836972936044066862e-01,-8.034329366934979004e-06,1.341044353878126372e-01,2.825663124891512612e-01
2.804864993401087192e-01,2.388376339258214964e-01,-3.673432591059877517e-01,-6.128028031272029038e-06,1.285126967394452091e-01,2.804929197627776261e-01
2.770874415571818461e-01,2.283734496114490642e-01,-3.514214433238511681e-01,-3.837660736080900531e-06,1.230529496421493146e-01,2.770914630036785398e-01
2.723519567732795021e-01,2.181023902517049695e-01,-3.357691829612003409e-01,-1.181532183741459817e-06,1.176692787599199902e-01,2.723531961842673432e-01
2.662613855075082192e-01,2.077972454128277913e-01,-3.200401980105243571e-01,1.801390307350429297e-06,1.122426507069035767e-01,2.662595006329819824e-01
2.588151136694558652e-01,1.974505375154727571e-01,-3.042230922688020089e-01,5.109824308345287325e-06,1.067691480503807078e-01,2.588097636024604409e-01
2.500108411127925923e-01,1.870629583649285055e-01,-2.883189331185397886e-01,8.744028373624775693e-06,1.012491461408644988e-01,2.500016846755370170e-01
2.396539030331926445e-01,1.766930564715176177e-01,-2.724180547285048326e-01,1.272588434499085698e-05,9.571441145044146115e-02,2.396405761266632573e-01
2.276196618370802116e-01,1.663783185573997347e-01,-2.565782951524319122e-01,1.706940245975707479e-05,9.018528302628017745e-02,2.276017856865439060e-01
2.139081175244552935e-01,1.561187446225748288e-01,-2.407996543903208331e-01,2.177458271792342574e-05,8.466176086838061998e-02,2.138853133551790187e-01
1.988114121203663209e-01,1.459093029316667067e-01,-2.250756134802071318e-01,2.677904224218609683e-05,7.914241608415417684e-02,1.987833664959425262e-01
1.856985688201061024e-01,1.356919667999061940e-01,-2.093309948297391587e-01,3.136337285910320945e-05,7.361077048196115746e-02,1.856657217949491956e-01
1.755289011485164918e-01,1.254502134014552073e-01,-1.935443919727316275e-01,3.532272647156793876e-05,6.806213197415822425e-02,1.754919073300117704e-01
1.683024091055974614e-01,1.151840427363136632e-01,-1.777158049091845105e-01,3.865710307958027120e-05,6.249650056074534943e-02,1.682619231011303340e-01
1.640514925123074952e-01,1.048980613034762033e-01,-1.618528160722924047e-01,4.135300902452621161e-05,5.691686507440315429e-02,1.640081830614122660e-01
1.629967267117924112e-01,9.462362977304457357e-02,-1.460070460498959777e-01,4.331858057719267281e-05,5.134357324467549860e-02,1.629513587645233796e-01
1.651796119845489186e-01,8.436664851714202606e-02,-1.301882070285172444e-01,4.453653398103899391e-05,4.578045340736588975e-02,1.651329685925463919e-01
1.706001483305765454e-01,7.412711753576915752e-02,-1.143962990081570374e-01,4.500686923606515459e-05,4.022750556247463305e-02,1.705530125454809420e-01
1.791107484362978730e-01,6.392196123024913856e-02,-9.865734945966872504e-02,4.475008603214241894e-05,3.469381413090823901e-02,1.790638818375134833e-01
1.894611230616001785e-01,5.389455504633183097e-02,-8.319185068668284722e-02,4.393984795220498720e-05,2.925633798831463531e-02,1.894151053260018924e-01
2.013673632087910059e-01,4.407745591387825929e-02,-6.804987090294870034e-02,4.261558959441202058e-05,2.393255254482109726e-02,2.013227327077996009e-01
2.148294688778703554e-01,3.447066383288843044e-02,-5.323141010846633991e-02,4.077731095876351231e-05,1.872245780042761792e-02,2.147867639829065534e-01
2.298369599158065213e-01,2.507592817994092060e-02,-3.873917051541771878e-02,3.842647998328333121e-05,1.362700526734412360e-02,2.297967174606927454e-01
2.455216131452174766e-01,1.603817520629207544e-02,-2.479701557690039068e-02,3.568470727913702423e-05,8.725022511515839047e-03,2.454842425821870677e-01
2.613302484902321754e-01,7.449743283865392987e-03,-1.154757774640698988e-02,3.262947588163599296e-05,4.066733761051705490e-03,2.612960781115604147e-01
2.772522620087948808e-01,-6.750867610943755460e-04,9.870921384064403493e-04,2.932378927944579694e-05,-3.401497272894215434e-04,2.772215541207785350e-01
2.932676346166988579e-01,-8.309354288701513783e-03,1.276536450492040016e-02,2.588659117654708313e-05,-4.481069943139025062e-03,2.932405269513160828e-01
3.093309311063547340e-01,-1.545183377022559673e-02,2.378533298382591588e-02,2.233055812780473335e-05,-8.355357760176481546e-03,3.093075481182845365e-01
3.249998529866591768e-01,-2.209671569458322021e-02,3.403788901372387793e-02,1.875283192435219759e-05,-1.195980366221008166e-02,3.249802173837989527e-01
3.401617481271020926e-01,-2.824252039631329481e-02,4.352071267069833327e-02,1.517815429593279050e-05,-1.529359019486415186e-02,3.401458567027417779e-01
3.551409969980683368e-01,-3.396516532487062201e-02,5.235089062709408908e-02,1.160763594818204178e-05,-1.839788939563808887e-02,3.551288453882444074e-01
3.706678163346207033e-01,-3.943554915368453068e-02,6.079199808365471497e-02,8.043777203766821004e-06,-2.136538412784676558e-02,3.706593975702623389e-01
3.867697752377440290e-01,-4.466012410790914933e-02,6.885398623839783516e-02,4.486672461575555196e-06,-2.419957360356735782e-02,3.867650822514253073e-01
4.019430106886263121e-01,-4.943647178998229058e-02,7.622442908047187549e-02,1.079325705899833542e-06,-2.679057711691108443e-02,4.019418866118322220e-01
4.144450572054124704e-01,-5.353005815908204457e-02,8.254133118028458838e-02,-2.012570108995996816e-06,-2.901108032159901290e-02,4.144471716011423612e-01
4.242735945432588585e-01,-5.694057091266666731e-02,8.780421050933229221e-02,-4.788794348484305525e-06,-3.086091368746912700e-02,4.242786167433905131e-01
4.314619281463801248e-01,-5.968495892311027201e-02,9.203919516096686904e-02,-7.225043004943597245e-06,-3.234927954292514396e-02,4.314695020297983352e-01
4.360513728146420132e-01,-6.178424695938432992e-02,9.527869656140357246e-02,-9.291167397444455422e-06,-3.348759320955401603e-02,4.360611106862566366e-01
4.380420454413982423e-01,-6.323849450757526580e-02,9.752280641338140210e-02,-1.098708222530928436e-05,-3.427588698510929816e-02,4.380535595167858731e-01
4.379776573014206864e-01,-6.415129052239876284e-02,9.893134218835257510e-02,-1.235543164313351782e-05,-3.477035221743137589e-02,4.379906044686421862e-01
4.377320080126063662e-01,-6.487963503819492439e-02,1.000550850285073928e-01,-1.354318078534443690e-05,-3.516464191869418665e-02,4.377461991151185283e-01
4.374630331922220172e-01,-6.545361826324924692e-02,1.009404582327087518e-01,-1.456271679782509244e-05,-3.547507838276582615e-02,4.374782920498106464e-01
4.371707328402676951e-01,-6.587324019756171656e-02,1.015874618009566521e-01,-1.541403968057548444e-05,-3.570166160964630131e-02,4.371868832727185405e-01
4.369808598359642415e-01,-6.618835236899905938e-02,1.020730295164248708e-01,-1.613760147426097628e-05,-3.587143692389288541e-02,4.369977680322771341e-01
4.370214852219503898e-01,-6.644972528230504161e-02,1.024755133809624602e-01,-1.677459992367270268e-05,-3.601194821106927513e-02,4.370390605213857471e-01
4.372926116629436422e-01,-6.665735999383910759e-02,1.027949150248048255e-01,-1.732503588599388451e-05,-3.612319604426889735e-02,4.373107634056595527e-01
4.377942246038170615e-01,-6.681125584235438064e-02,1.030312334312593059e-01,-1.778891065796257508e-05,-3.620518006679163819e-02,4.378128621313295277e-01
4.383520046127067915e-01,-6.690349340697565594e-02,1.031722921840799723e-01,-1.818175461860975408e-05,-3.625362826088142365e-02,4.383710535297606348e-01
4.387979026581420583e-01,-6.692643813432204436e-02,1.032063528618238218e-01,-1.851853950761253619e-05,-3.626442227645725741e-02,4.388173042477104824e-01
4.391319187401229174e-01,-6.688009002439355977e-02,1.031334154644908546e-01,-1.879926532497093157e-05,-3.623756211351913253e-02,4.391516142851790705e-01
4.393540528586493132e-01,-6.676444907719018829e-02,1.029534799920810706e-01,-1.902393207068493007e-05,-3.617304777206705596e-02,4.393739836421663991e-01
4.394643050137213014e-01,-6.657951529271194380e-02,1.026665464445944698e-01,-1.919253974475453167e-05,-3.607087925210102769e-02,4.394844123186724127e-01
4.394626752053387708e-01,-6.632528867095881242e-02,1.022726148220310521e-01,-1.930508834717974316e-05,-3.593105655362104078e-02,4.394829003146971669e-01
4.393491634335018325e-01,-6.600176921193079416e-02,1.017716851243908177e-01,-1.936157787796055776e-05,-3.575357967662710218e-02,4.393694476302406615e-01
4.391237696982104866e-01,-6.560895691562790288e-02,1.011637573516737804e-01,-1.936200833709698563e-05,-3.553844862111921188e-02,4.391440542653028967e-01
4.387962474967244120e-01,-6.514898721166488549e-02,1.004521251928677250e-01,-1.930784929178079264e-05,-3.528682031505224470e-02,4.388164752563862292e-01
4.384890234136450404e-01,-6.464866416297716800e-02,9.967813126414150349e-02,-1.921754685291327637e-05,-3.501321659960505983e-02,4.385091565087716470e-01
4.382389425046254172e-01,-6.411605462198735617e-02,9.885421788754929218e-02,-1.909665249434268697e-05,-3.472200791481046961e-02,4.382589488927933763e-01
4.380460047696656534e-01,-6.355115858869546386e-02,9.798038506309103557e-02,-1.894516621606902784e-05,-3.441319426066848097e-02,4.380658524084515282e-01
4.379102102087656934e-01,-6.295397606310147720e-02,9.705663279076677530e-02,-1.876308801809229899e-05,-3.408677563717910086e-02,4.379298670557459361e-01
4.378315588219255372e-01,-6.232450704520540313e-02,9.608296107057649749e-02,-1.855041790041250040e-05,-3.374275204434231540e-02,4.378509928346767666e-01
4.378100506091451849e-01,-6.166275153500724165e-02,9.505936990252018826e-02,-1.830715586302963208e-05,-3.338112348215812458e-02,4.378292297452438531e-01
4.378456855704246919e-01,-6.096870953250699970e-02,9.398585928659787536e-02,-1.803330190594369065e-05,-3.300188995062654229e-02,4.378645777874472511e-01
4.379384637057640584e-01,-6.024238103770467034e-02,9.286242922280951717e-02,-1.772885602915468626e-05,-3.260505144974756853e-02,4.379570369612870717e-01
4.380879293927641971e-01,-5.948361179245391372e-02,9.168884140505512148e-02,-1.739375193740231169e-05,-3.219052398926251085e-02,4.381061515749130608e-01
4.382250292521194246e-01,-5.866902268651780911e-02,9.042897855385811923e-02,-1.701794203037856226e-05,-3.174557814409416368e-02,4.382428577231083922e-01
4.383001780115404755e-01,-5.778182584421780177e-02,8.905690587565472105e-02,-1.659421141140306685e-05,-3.126107327529221991e-02,4.383175625752260274e-01
4.383133756710274609e-01,-5.682202126555391253e-02,8.757262337044491307e-02,-1.612256008047582547e-05,-3.073700938285666567e-02,4.383302661312659665e-01
4.382646222305802697e-01,-5.578960895052612751e-02,8.597613103822872305e-02,-1.560298803759683811e-05,-3.017338646678751138e-02,4.382809683912281540e-01
4.381539176901989574e-01,-5.468458889913444670e-02,8.426742887900612322e-02,-1.503549528276610479e-05,-2.957020452708475355e-02,4.381696693551126454e-01
4.379812620498835241e-01,-5.350696111137887012e-02,8.244651689277712747e-02,-1.442008181598362549e-05,-2.892746356374838873e-02,4.379963690229193851e-01
4.377466553096339696e-01,-5.225672558725941164e-02,8.051339507954173580e-02,-1.375674763724939852e-05,-2.824516357677842038e-02,4.377610673946484843e-01
4.374500974694502387e-01,-5.093388232677604349e-02,7.846806343929994820e-02,-1.304549274656342559e-05,-2.752330456617485197e-02,4.374637644702997763e-01
4.370915885293324421e-01,-4.953843132992879345e-02,7.631052197205175081e-02,-1.228631714392570668e-05,-2.676188653193767655e-02,4.371044602498733722e-01
4.367049872618652961e-01,-4.809170265486509971e-02,7.407380101679490736e-02,-1.149604894197685102e-05,-2.597259461960625682e-02,4.367170311330937915e-01
4.363687871452560652e-01,-4.664314494743205392e-02,7.183447352630892291e-02,-1.071370010104476131e-05,-2.518251804850919762e-02,4.363800114624830639e-01
4.360861613890041344e-01,-4.519475723883978335e-02,6.959563507014551731e-02,-9.940847734616121932e-06,-2.439275193852223980e-02,4.360965760995377805e-01
4.358571099931094484e-01,-4.374653952908829496e-02,6.735728564830469056e-02,-9.177491842690932886e-06,-2.360329628964539031e-02,4.358667250442580521e-01
4.356816329575720625e-01,-4.229849181817758180e-02,6.511942526078644267e-02,-8.423632425269195865e-06,-2.281415110187863526e-02,4.356904582966437678e-01
4.355597302823919215e-01,-4.085061410610765081e-02,6.288205390759077362e-02,-7.679269482350907481e-06,-2.202531637522198854e-02,4.355677758566949831e-01
4.354914019675690806e-01,-3.940290639287849506e-02,6.064517158871767649e-02,-6.944403013936071122e-06,-2.123679210967544320e-02,4.354986777244117535e-01
4.354766480131034845e-01,-3.795536867849011453e-02,5.840877830416715127e-02,-6.219033020024685094e-06,-2.044857830523900272e-02,4.354831638997940235e-01
4.355154684189951331e-01,-3.650800096294259944e-02,5.617287405393932981e-02,-5.503159500616788360e-06,-1.966067496191270525e-02,4.355212343828417931e-01
4.355902173393889631e-01,-3.506348816896649734e-02,5.394164690797530887e-02,-4.800310685175314775e-06,-1.887458202655184492e-02,4.355952470234654150e-01
4.356581007034628361e-01,-3.362834167461850599e-02,5.172525362289380479e-02,-4.119043108918686814e-06,-1.809393711633195886e-02,4.356624167136805004e-01
4.357172062057649842e-01,-3.220285244879964037e-02,4.952414806580030665e-02,-3.459739131099791764e-06,-1.731890278263044369e-02,4.357208315485504024e-01
4.357675338462953518e-01,-3.078702049150988315e-02,4.733833023669480750e-02,-2.822398751718628354e-06,-1.654947902544730981e-02,4.357704915280750657e-01
4.358090836250539390e-01,-2.938084580274924820e-02,4.516780013557730039e-02,-2.207021970775197431e-06,-1.578566584478254334e-02,4.358113966522546012e-01
4.358418555420407459e-01,-2.798432838251773552e-02,4.301255776244779228e-02,-1.613608788269498149e-06,-1.502746324063615295e-02,4.358435469210888979e-01
4.358658495972557723e-01,-2.659746823081533817e-02,4.087260311730628315e-02,-1.042159204201531777e-06,-1.427487121300813691e-02,4.358669423345780114e-01
4.358810657906990182e-01,-2.522026534764206310e-02,3.874793620015276607e-02,-4.926732185712974687e-07,-1.352788976189849175e-02,4.358815828927219416e-01
4.358874318553037086e-01,-2.385277718486895210e-02,3.663864616709799210e-02,3.480468059215506580e-08,-1.278655055166261385e-02,4.358873963750565239e-01
4.358786814178960967e-01,-2.249998547040436489e-02,3.455246386270852121e-02,5.364168773074915769e-07,-1.205359924053716128e-02,4.358781204493790695e-01
4.358507801766540735e-01,-2.116509744924019096e-02,3.249436641800700076e-02,1.009679831773997579e-06,-1.133080348801517728e-02,4.358497234154513067e-01
4.358037281315775835e-01,-1.984811312137643724e-02,3.046435383299342034e-02,1.454593543991673767e-06,-1.061816329409666533e-02,4.358022052732732354e-01
4.357375252826666823e-01,-1.854903248681309680e-02,2.846242610766779729e-02,1.871158013960518871e-06,-9.915678658781620219e-03,4.357355660228449112e-01
4.356521716299213143e-01,-1.726785554555016963e-02,2.648858324203012121e-02,2.259373241680534373e-06,-9.223349582070047153e-03,4.356498056641663341e-01
4.355476671733414795e-01,-1.600458229758766268e-02,2.454282523608039210e-02,2.619239227151719214e-06,-8.541176063961942663e-03,4.355449241972375041e-01
4.354240119129272335e-01,-1.475921274292557074e-02,2.262515208981860995e-02,2.950755970374073817e-06,-7.869158104457306749e-03,4.354209216220583101e-01
4.352812058486785207e-01,-1.353174688156389381e-02,2.073556380324477824e-02,3.253923471347597759e-06,-7.207295703556141145e-03,4.352777979386289187e-01
4.351275974818387127e-01,-1.232699633819979088e-02,1.888148974066185606e-02,3.526465360235628633e-06,-6.558204607776360259e-03,4.351239040328569452e-01
4.349823053218060398e-01,-1.115597998787587301e-02,1.707994353926165637e-02,3.763168629715329326e-06,-5.927875014990433358e-03,4.349783638751480441e-01
4.348460807912867820e-01,-1.001913091000928430e-02,1.533159389308508605e-02,3.963828390797200227e-06,-5.316542360430466345e-03,4.348419291028449707e-01
4.347189238902811059e-01,-8.916449104600022990e-03,1.363644080213213990e-02,4.128444643481241335e-06,-4.724206644096457484e-03,4.347145997159477249e-01
4.346008346187889559e-01,-7.847934571648096033e-03,1.199448426640282138e-02,4.257017387767452226e-06,-4.150867865988408512e-03,4.345963757144563067e-01
4.344918129768102211e-01,-6.813587311153496487e-03,1.040572428589712703e-02,4.349546623655832901e-06,-3.596526026106316824e-03,4.344872570983706606e-01
4.343918589643451234e-01,-5.813407323116226086e-03,8.870160860615058582e-03,4.406032351146384207e-06,-3.061181124450184591e-03,4.343872438676908421e-01
4.343009725813934963e-01,-4.847394607536285698e-03,7.387793990556617771e-03,4.426474570239105296e-06,-2.544833161020010510e-03,4.342963360224168512e-01
4.342191538279553398e-01,-3.915549164413674454e-03,5.958623675721801995e-03,4.410873280933996169e-06,-2.047482135815796318e-03,4.342145335625486879e-01
4.341464027040307094e-01,-3.017870993748393224e-03,4.582649916110613855e-03,4.359228483231056825e-06,-1.569128048837540278e-03,4.341418364880863523e-01
4.340827192096196607e-01,-2.154360095540441139e-03,3.259872711723049449e-03,4.271540177130288113e-06,-1.109770900085242607e-03,4.340782447990297888e-01
4.340281033447220271e-01,-1.325016469789819067e-03,1.990292062559114415e-03,4.147808362631689183e-06,-6.694106895589039576e-04,4.340237584953790528e-01
4.339825551093380307e-01,-5.298401164965261395e-04,7.739079686188013799e-04,3.988033039735260885e-06,-2.480474172585238942e-04,4.339783775771341445e-01
4.339460745034674494e-01,2.311689643394372086e-04,-3.892795700978814166e-04,3.792214208441001946e-06,1.543189168158964984e-04,4.339421020442950638e-01
4.339186615271103942e-01,9.580107727180705440e-04,-1.499270553590941780e-03,3.560351868748912791e-06,5.376883126643580875e-04,4.339149318968617552e-01
4.339003161802669206e-01,1.650685308639375168e-03,-2.556064981860372773e-03,3.292446020658994690e-06,9.020607702868626079e-04,4.338968671348343298e-01
4.338912873900355183e-01,2.316005150388227799e-03,-3.570292902375478677e-03,2.994371837194440951e-06,1.251248200382858470e-03,4.338881505314791664e-01
4.338930375440843146e-01,2.993992579691308418e-03,-4.604403322955889430e-03,2.700644566488137584e-06,1.607644674264372070e-03,4.338902083221599093e-01
4.339058052506792329e-01,3.691177771446703306e-03,-5.668585641249125270e-03,2.416895836654089250e-06,1.974904086613032267e-03,4.339032732164066486e-01
4.339295905098202732e-01,4.407560725654411163e-03,-6.762839857255185765e-03,2.143125647692295525e-06,2.353026437428839494e-03,4.339273452142192178e-01
4.339643933215073801e-01,5.143141442314432855e-03,-7.887165970974070045e-03,1.879333999602755986e-06,2.742011726711793534e-03,4.339624243155977279e-01
4.340102136857405535e-01,5.897919921426767083e-03,-9.041563982405780714e-03,1.625520892385471691e-06,3.141859954461894387e-03,4.340085105205420679e-01
4.340670516025197934e-01,6.671896162991416447e-03,-1.022603389155031343e-02,1.381686326040442217e-06,3.552571120679141620e-03,4.340656038290523488e-01
4.341349070718451553e-01,7.465070167008378346e-03,-1.144057569840767341e-02,1.147830300567667563e-06,3.974145225363536101e-03,4.341337042411286262e-01
4.342137800937166392e-01,8.277441933477652780e-03,-1.268518940297785717e-02,9.239528159671470953e-07,4.406582268515077394e-03,4.342128117567706780e-01
4.343036706681341341e-01,9.109011462399244086e-03,-1.395987500526086646e-02,7.100538722388818718e-07,4.849882250133765067e-03,4.343029263759787262e-01
4.344045787950978066e-01,9.959778753773145324e-03,-1.526463250525669779e-02,5.061334693828715750e-07,5.304045170219600855e-03,4.344040480987526598e-01
4.345165044746074900e-01,1.082974380759936170e-02,-1.659946190296535812e-02,3.121916073991158874e-07,5.769071028772582155e-03,4.345161769250925343e-01
4.346394477066632955e-01,1.171890662387789148e-02,-1.796436319838684223e-02,1.282282862876144911e-07,6.244959825792709834e-03,4.346393128549982388e-01
4.347734084912651675e-01,1.262726720260873639e-02,-1.935933639152114666e-02,-4.575649395163123726e-08,6.731711561279985628e-03,4.347734558884698841e-01
4.349183868284131615e-01,1.355482554379188950e-02,-2.078438148236828181e-02,-2.097627333186234153e-07,7.229326235234407802e-03,4.349186060255074704e-01
4.350743827181072221e-01,1.450158164742736122e-02,-2.223949847092823728e-02,-3.637904318133601373e-07,7.737803847655976355e-03,4.350747632661108866e-01
4.352404302901035082e-01,1.546717567214555243e-02,-2.372413196116408829e-02,-5.078297971968273951e-07,8.256948853349561218e-03,4.352409617297596789e-01
4.353946071652274874e-01,1.644344029009220040e-02,-2.522567611643257782e-02,-6.416585747945505792e-07,8.782322958516998804e-03,4.353952788040296729e-01
4.355278147196807725e-01,1.742698574858609142e-02,-2.673889903355520375e-02,-7.651845204365684688e-07,9.312084101890423168e-03,4.355286157683145865e-01
4.356400529534631416e-01,1.841781204762721683e-02,-2.826380071253196957e-02,-8.784076341228813815e-07,9.846232283469832577e-03,4.356409726226145307e-01
4.357313218665748722e-01,1.941591918721558355e-02,-2.980038115336287180e-02,-9.813279158534892115e-07,1.038476750325522530e-02,4.357323493669295611e-01
4.358016214590157977e-01,2.042130716735118465e-02,-3.134864035604791738e-02,-1.073945365628391853e-06,1.092768976124660479e-02,4.358027460012596777e-01
4.358509517307859737e-01,2.143397598803402360e-02,-3.290857832058709936e-02,-1.156259983447589411e-06,1.147499905744397107e-02,4.358521625256047138e-01
4.358793126818853447e-01,2.245392564926410386e-02,-3.448019504698041776e-02,-1.228271769311081887e-06,1.202669539184731892e-02,4.358805989399648362e-01
4.358867043123139662e-01,2.348115615104142198e-02,-3.606349053522787951e-02,-1.289980723218869280e-06,1.258277876445665702e-02,4.358880552443400447e-01
4.358781200717894433e-01,2.451316661353713719e-02,-3.765457675932222525e-02,-1.342055926279449331e-06,1.314186276707427110e-02,4.358795255891094178e-01
4.358608353768604338e-01,2.554631327471849900e-02,-3.924778889627431044e-02,-1.385472224349809942e-06,1.370192741397575562e-02,4.358622864116801221e-01
4.358349119281346162e-01,2.658056523294163170e-02,-4.084307890443347744e-02,-1.420237884802859932e-06,1.426295557427305002e-02,4.358363994213173553e-01
4.358003497256118797e-01,2.761592248820652490e-02,-4.244044678379971236e-02,-1.446352907638599514e-06,1.482494724796615607e-02,4.358018646180211730e-01
4.357571487692923351e-01,2.865238504051313348e-02,-4.403989253437293888e-02,-1.463817292857027630e-06,1.538790243505504078e-02,4.357586820017915197e-01
4.357053090591758715e-01,2.968995288986156153e-02,-4.564141615615333047e-02,-1.472631040458146396e-06,1.595182113553976488e-02,4.357068515726283398e-01
4.356448305952625999e-01,3.072862603625175701e-02,-4.724501764914079693e-02,-1.472794150441954542e-06,1.651670334942030235e-02,4.356463733305317998e-01
4.355757133775524648e-01,3.176840447968371645e-02,-4.885069701333534520e-02,-1.464306622808452068e-06,1.708254907669664799e-02,4.355772472755017333e-01
4.355001647894434225e-01,3.280922280928445095e-02,-5.045834818806039374e-02,-1.447274367459068750e-06,1.764931779403443313e-02,4.355016809018201207e-01
4.354621584902521048e-01,3.384977796395104155e-02,-5.206585832057711305e-02,-1.423807233515757207e-06,1.821620222921188637e-02,4.354636500777434582e-01
4.354788474964512712e-01,3.488956165238114165e-02,-5.367240324027069270e-02,-1.394728219958052014e-06,1.878288748567653529e-02,4.354803086813965329e-01
4.355502318080410884e-01,3.592857387457473739e-02,-5.527798294714111188e-02,-1.360037326785952749e-06,1.934937356342839032e-02,4.355516567127791783e-01
4.356763114250213897e-01,3.696681463053184957e-02,-5.688259744118839834e-02,-1.319734553999459410e-06,1.991566046246744104e-02,4.356776941718915608e-01
4.358570863473923418e-01,3.800428392025247126e-02,-5.848624672241253819e-02,-1.273819901598571997e-06,2.048174818279368745e-02,4.358584210587336805e-01
4.360925565751537780e-01,3.904098174373658858e-02,-6.008893079081353145e-02,-1.222293369583290724e-06,2.104763672440713648e-02,4.360938373733053708e-01
4.363827221083058649e-01,4.007690810098421541e-02,-6.169064964639137810e-02,-1.165154957953615377e-06,2.161332608730778815e-02,4.363839431156068538e-01
4.367275829468484361e-01,4.111206299199535175e-02,-6.329140328914607816e-02,-1.102404666709545957e-06,2.217881627149563550e-02,4.367287382856379074e-01
4.371236875059707483e-01,4.214577770982547850e-02,-6.489015137805356770e-02,-1.034294666883141238e-06,2.274373604864806178e-02,4.371247715624708152e-01
4.374898328216539345e-01,4.316232006508061853e-02,-6.646241855487307337e-02,-9.667576057552080676e-07,2.329935179587112187e-02,4.374908461902735635e-01
4.377917625550895031e-01,4.415505326541464132e-02,-6.799787962797532170e-02,-9.022962340287420748e-07,2.384197914094398144e-02,4.377927084492277965e-01
4.380294767062774541e-01,4.512397731082756075e-02,-6.949653459736036820e-02,-8.409105517037432597e-07,2.437161808386662312e-02,4.380303583393333478e-01
4.382029752752178431e-01,4.606909220131937682e-02,-7.095838346302817123e-02,-7.826005587802113046e-07,2.488826862463906081e-02,4.382037958605902173e-01
4.383122582619106145e-01,4.699039793689009648e-02,-7.238342622497874468e-02,-7.273662552581463154e-07,2.539193076326129450e-02,4.383130210129984605e-01
4.383573256663558793e-01,4.788789451753969889e-02,-7.377166288321208854e-02,-6.752076411375483981e-07,2.588260449973331725e-02,4.383580337965580775e-01
4.383381774885535265e-01,4.876158194326819795e-02,-7.512309343772820280e-02,-6.261247164184175525e-07,2.636028983405512907e-02,4.383388342112690683e-01
4.382548137285035006e-01,4.961146021407559364e-02,-7.643771788852708748e-02,-5.801174811007535669e-07,2.682498676622673689e-02,4.382554222571313218e-01
4.381072343862059681e-01,5.043752932996187904e-02,-7.771553623560874258e-02,-5.371859351845567590e-07,2.727669529624813377e-02,4.381077979341450601e-01
4.379470667629228875e-01,5.125492573204498692e-02,-7.897993313278670047e-02,-4.967157510197706050e-07,2.772366273334549852e-02,4.379475879002374672e-01
4.378491372579622065e-01,5.208558752980382150e-02,-8.026480129575878919e-02,-4.578165484213924102e-07,2.817784237428787308e-02,4.378496176222946290e-01
4.378140632001047416e-01,5.292969571586270128e-02,-8.157042034440591116e-02,-4.204809816221639926e-07,2.863933283552868095e-02,4.378145044214048487e-01
4.378418445893504374e-01,5.378725029022160542e-02,-8.289679027872806638e-02,-3.847090506220854050e-07,2.910813411706791864e-02,4.378422482975680707e-01
4.379324814256992937e-01,5.465825125288055475e-02,-8.424391109872524097e-02,-3.505007554211565416e-07,2.958424621890558964e-02,4.379328492507843507e-01
4.380859737091513662e-01,5.554269860383953539e-02,-8.561178280439744881e-02,-3.178560960193774553e-07,3.006766914104169047e-02,4.380863072810535774e-01
4.383023214397065992e-01,5.644059234309855427e-02,-8.700040539574468990e-02,-2.867750724167481991e-07,3.055840288347622113e-02,4.383026223883758066e-01
4.385815246173651039e-01,5.735193247065761141e-02,-8.840977887276695035e-02,-2.572576846132686671e-07,3.105644744620918510e-02,4.385817945727510936e-01
4.389235832421267136e-01,5.827671898651670679e-02,-8.983990323546424406e-02,-2.293039326089389122e-07,3.156180282924057195e-02,4.389238238341793830e-01
4.392896582603349476e-01,5.921515196223258587e-02,-9.129111232135500575e-02,-2.029593154912702310e-07,3.207460383034124729e-02,4.392898711652287180e-01
4.395370170398855136e-01,6.016796665619133372e-02,-9.276463297566885091e-02,-1.783910413641531114e-07,3.259534582822989218e-02,4.395372041036693656e-01
4.396524315320874399e-01,6.113523121001959715e-02,-9.426057889888332653e-02,-1.556146065924145068e-07,3.312407473317741796e-02,4.396525946165537047e-01
4.396359017369407818e-01,6.211694562371739003e-02,-9.577895009099844648e-02,-1.346300111760543906e-07,3.366079054518385932e-02,4.396360427038817353e-01
4.394874276544454283e-01,6.311310989728470544e-02,-9.731974655201419688e-02,-1.154372551150727762e-07,3.420549326424919545e-02,4.394875483656534021e-01
4.392070092846014351e-01,6.412372403072155724e-02,-9.888296828193059163e-02,-9.803633840946965021e-08,3.475818289037343328e-02,4.392071116018686494e-01
4.387946466274088575e-01,6.514878802402791769e-02,-1.004686152807476168e-01,-8.242726105924505246e-08,3.531885942355656588e-02,4.387947324125276993e-01
4.382503396828676401e-01,6.618830187720381453e-02,-1.020766875484652864e-01,-6.861002306439891673e-08,3.588752286379860018e-02,4.382504107976303853e-01
4.375740884509778938e-01,6.724226559024923389e-02,-1.037071850850835725e-01,-5.658462442493128273e-08,3.646417321109953619e-02,4.375741467571767629e-01
4.370265223865502646e-01,6.837653938032328682e-02,-1.054617879538848474e-01,-4.683270687095387780e-08,3.708463515312086789e-02,4.370265702419662279e-01
4.369174673705860656e-01,6.966941524177892864e-02,-1.074613693509150619e-01,-3.992682684458913303e-08,3.779149564698286445e-02,4.369175077226109538e-01
4.372474904946359597e-01,7.112103647681011775e-02,-1.097061505171111340e-01,-3.586803232775397685e-08,3.858483264196298917e-02,4.372475262917409067e-01
4.380165917587000579e-01,7.273140308541684029e-02,-1.121961314524730635e-01,-3.465632332044842248e-08,3.946464613806124205e-02,4.380166259493560865e-01
4.385617465739544141e-01,7.442491785748633903e-02,-1.148148500430805907e-01,-3.700700066586067488e-08,4.039007859604505646e-02,4.385617828484517089e-01
4.381451345236330730e-01,7.611745545888787268e-02,-1.174327060797129146e-01,-4.371605832127395002e-08,4.131566333619730857e-02,4.381451773977656505e-01
4.367662355580902989e-01,7.780895659423024691e-02,-1.200496082142026993e-01,-5.478405733971168007e-08,4.224136831151831251e-02,4.367662895482341545e-01
4.343396633505846038e-01,7.948526025269979367e-02,-1.226436994162038580e-01,-7.037342377748848842e-08,4.315949826781557974e-02,4.343397331427402697e-01
4.297261618025525198e-01,8.095742496618330009e-02,-1.249233550653761626e-01,-9.265130643094677755e-08,4.396738026431133012e-02,4.297262543459185458e-01
4.225694913130907393e-01,8.216636969637904075e-02,-1.267973856227787854e-01,-1.222953617315775756e-07,4.463290899343481249e-02,4.225696142645565256e-01
4.128696518821991512e-01,8.311209444328700180e-02,-1.282657910884116570e-01,-1.593055896793808826e-07,4.515608445518602687e-02,4.128698128986540983e-01
4.011325166260194530e-01,8.390369577420474234e-02,-1.294974492819653544e-01,-2.036414836104655343e-07,4.559668547843523378e-02,4.011327233227990896e-01
3.878729588760281843e-01,8.465221124235405847e-02,-1.306642426041090266e-01,-2.552618161887288343e-07,4.601555444398910261e-02,3.878732188261747038e-01
3.730909886179591406e-01,8.535764300125776860e-02,-1.317661743884235570e-01,-3.141665866145854183e-07,4.641269253185791033e-02,3.730913093945139036e-01
3.575102334528159620e-01,8.620348976164476928e-02,-1.330881322151074575e-01,-3.777006280324153708e-07,4.688946971915594619e-02,3.575106198688932091e-01
3.422069153140716025e-01,8.746266170131448969e-02,-1.350538178085813890e-01,-4.419150186444799561e-07,4.759664945467199926e-02,3.422073680780588489e-01
3.271911637556342289e-01,8.913772755474344556e-02,-1.376672192113332360e-01,-5.067725906222176473e-07,4.853565078195455629e-02,3.271916835372845056e-01
3.122445103333800209e-01,9.127417580175907486e-02,-1.409998516061614915e-01,-5.730517797579092597e-07,4.973250292680709422e-02,3.122450986153606500e-01
2.971491874121618415e-01,9.391734900301453026e-02,-1.451230007675296807e-01,-6.415285247564740548e-07,5.121315161777938163e-02,2.971498464874461343e-01
2.818977129683130078e-01,9.706823342658328635e-02,-1.500383572270410359e-01,-7.120541781963794423e-07,5.297829911719877799e-02,2.818984449771189671e-01
2.663845150590735122e-01,1.007407453925999313e-01,-1.557697745186595040e-01,-7.825313132614746288e-07,5.503785440177098170e-02,2.663853199862302179e-01
2.505754431370817992e-01,1.049393865701389733e-01,-1.623249688141262526e-01,-8.522814516368758427e-07,5.739502283998172000e-02,2.505763202701901116e-01
2.346017137886176884e-01,1.097721030307466233e-01,-1.698721656062263663e-01,-9.212366766456326744e-07,6.011007903278635378e-02,2.346026623501139274e-01
2.186993244438923123e-01,1.154330394036083146e-01,-1.787139240844560495e-01,-9.892748378669548316e-07,6.329142887105397575e-02,2.187003435390121597e-01
2.029814198533311798e-01,1.218776523654178656e-01,-1.887815709726207714e-01,-1.054947448605433754e-06,6.691492597490908412e-02,2.029825070938643949e-01
1.880127325890487422e-01,1.288534173715881748e-01,-1.996854433067062895e-01,-1.110719777222797056e-06,7.084334724139330908e-02,1.880138778172652791e-01
1.738744352681456107e-01,1.363240374575409308e-01,-2.113695323417985328e-01,-1.155508808648851132e-06,7.505696871806644133e-02,1.738756272095525746e-01
1.605665278906217852e-01,1.442895126232761616e-01,-2.238338380778976400e-01,-1.189314542883596195e-06,7.955579040492852250e-02,1.605677552707263644e-01
1.481997747103827867e-01,1.527364583017383481e-01,-2.370572539159922776e-01,-1.211844785982753166e-06,8.433208768642272424e-02,1.482010259520537276e-01
1.383149362946956284e-01,1.614786915647551113e-01,-2.507461813861884270e-01,-1.219035041581612897e-06,8.927840908224236871e-02,1.383161956110217639e-01
1.314061796102968804e-01,1.704564981031550797e-01,-2.648064548741861923e-01,-1.209581706847567587e-06,9.436029176070381830e-02,1.314074298641676186e-01
1.274735046571866537e-01,1.796698779169381144e-01,-2.792380743799854903e-01,-1.183484781780617238e-06,9.957773572180707300e-02,1.274747287114912642e-01
1.264731773204288146e-01,1.891118741373642442e-01,-2.940301094102034107e-01,-1.141275000189486916e-06,1.049267755402953223e-01,1.264743585819047000e-01
1.278652548973793490e-01,1.986965970530511216e-01,-3.090476117637134812e-01,-1.089504817691184720e-06,1.103584539562943861e-01,1.278663834871293092e-01
1.314889521337899991e-01,2.083984702481784246e-01,-3.242503962861978950e-01,-1.030125438065616938e-06,1.158581923757467241e-01,1.314900201723343265e-01
1.373442690296606539e-01,2.182174937227461808e-01,-3.396384629776568187e-01,-9.631368613127839913e-07,1.214259907986523362e-01,1.373452686375197518e-01
1.452313022813852272e-01,2.281432536165605152e-01,-3.551965778378352034e-01,-8.892048058808725037e-07,1.270570406383942363e-01,1.452322262594141211e-01
1.527320083379352933e-01,2.380497831895581340e-01,-3.707404693944351681e-01,-8.163818460465560358e-07,1.326931769139595707e-01,1.527328577163631906e-01
1.591358102140025266e-01,2.479000652977073893e-01,-3.862159868166302190e-01,-7.470343469445967188e-07,1.383173070064660504e-01,1.591365884413787346e-01
1.644427079095868438e-01,2.576940999410082811e-01,-4.016231301044201896e-01,-6.811623085749948703e-07,1.439294309159137031e-01,1.644434184344607530e-01
1.686484404225836453e-01,2.674001371167734065e-01,-4.169123703459351460e-01,-6.185948784220088035e-07,1.495117684168462413e-01,1.686490865167573072e-01
1.716733621403953858e-01,2.764247135147517853e-01,-4.311579251946051627e-01,-5.561385229116474140e-07,1.547319758694819247e-01,1.716739437719535522e-01
1.734873818984865035e-01,2.845436108568462630e-01,-4.440100218505701468e-01,-4.925866828739703157e-07,1.594644894565444837e-01,1.734878977873258177e-01
1.740904996968569984e-01,2.917568291430567284e-01,-4.554686603138299872e-01,-4.279393583089774025e-07,1.637093091780339460e-01,1.740909485628741316e-01
1.734794673214690164e-01,2.980512635373389063e-01,-4.655131186603992388e-01,-3.622579248568594850e-07,1.674588183407347830e-01,1.734798479485967215e-01
1.715422120681873164e-01,3.029747595955506467e-01,-4.734284310570843757e-01,-2.976600182042123832e-07,1.704502191747694906e-01,1.715425254497870144e-01
1.682234914480777999e-01,3.063044429160273752e-01,-4.788621790231030184e-01,-2.351894559950031299e-07,1.725539743141361049e-01,1.682237396665746954e-01
1.635233054611404391e-01,3.080403134987689806e-01,-4.818143625584550005e-01,-1.748462382292316985e-07,1.737700837588346259e-01,1.635234905989598198e-01
1.574418241586496015e-01,3.081826363497973675e-01,-4.822853954044195035e-01,-1.166303459620311697e-07,1.740986962376186720e-01,1.574419482982033769e-01
1.505453903659262904e-01,3.076139938534896978e-01,-4.816532113978214680e-01,-6.047868475589639789e-08,1.740351415433898652e-01,1.505454555452531429e-01
1.433622650742044369e-01,3.071576220858963646e-01,-4.812030898111287480e-01,-6.332402748302475890e-09,1.740414426694432137e-01,1.433622732899536290e-01
1.358924482834839853e-01,3.068135210470174790e-01,-4.809350306443412881e-01,4.580850006075062858e-08,1.741175996157787453e-01,1.358924015323048073e-01
1.281359399937649912e-01,3.065816907368529853e-01,-4.808490338974591438e-01,9.594402367126287003e-08,1.742636123823964600e-01,1.281358402723066503e-01
1.201142330474875286e-01,3.064382345612148284e-01,-4.809073300595344547e-01,1.438710546531927816e-07,1.744656015921438041e-01,1.201140825767546133e-01
1.119263861813680760e-01,3.062730150899939940e-01,-4.809358425722287111e-01,1.886534599731309400e-07,1.746595983413743725e-01,1.119261882164000604e-01
1.035847623136944562e-01,3.060722867405795133e-01,-4.809128459993221583e-01,2.301744065623126132e-07,1.748376190603904701e-01,1.035845202385823893e-01
9.508936144446764049e-02,3.058360495129715528e-01,-4.808383403408147405e-01,2.684338944207336191e-07,1.749996637491920692e-01,9.508907864330255755e-02
8.644018357368571381e-02,3.055643034071698905e-01,-4.807123255967065134e-01,3.034319235484024279e-07,1.751457324077791977e-01,8.643986343055870547e-02
7.787134108679306943e-02,3.052798367324925932e-01,-4.805660436745544661e-01,3.324670029404395477e-07,1.752842520177853025e-01,7.787098986583596005e-02
6.972571552435823106e-02,3.050160252994122412e-01,-4.804452515443419780e-01,3.515825226301022696e-07,1.754275647559788154e-01,6.972534370781713342e-02
6.200629418082426875e-02,3.047731598887419291e-01,-4.803503478555323780e-01,3.607440113567117041e-07,1.755757781513798410e-01,6.200591228769483654e-02
5.471307705619116168e-02,3.045512405004817125e-01,-4.802813326081257217e-01,3.599514691202677983e-07,1.757288922039884072e-01,5.471269560546909716e-02
4.784532577121457936e-02,3.043503133449360631e-01,-4.802382926936198393e-01,3.492238830103495813e-07,1.758869476740376192e-01,4.784495526183644293e-02
4.127737515829879578e-02,3.041782429791123343e-01,-4.802360162235692620e-01,3.317926761911048748e-07,1.760568815678983379e-01,4.127702267532801228e-02
3.491726023370334692e-02,3.040407848869777219e-01,-4.802853255162398138e-01,3.100226867830347595e-07,1.762437705642580510e-01,3.491693036384359988e-02
2.876498099742821890e-02,3.039379390685321147e-01,-4.803862205716314948e-01,2.839139147861391823e-07,1.764476146631168418e-01,2.876467832738321267e-02
2.282053744947341867e-02,3.038697055237755684e-01,-4.805387013897444159e-01,2.534663602004181964e-07,1.766684138644746827e-01,2.282026656594684719e-02
1.708402001636220163e-02,3.038353404818284198e-01,-4.807416441491668135e-01,2.185762250785459279e-07,1.769057878965848707e-01,1.708378561533711523e-02
1.155950464555246561e-02,3.038013187012300054e-01,-4.809443929487154379e-01,1.745648491742905119e-07,1.771425961285418571e-01,1.155931634874499125e-02
6.249192347914435744e-03,3.037495365578187223e-01,-4.811195936111599680e-01,1.189057568236879593e-07,1.773695826228401662e-01,6.249062436935634915e-03
1.153083123448108349e-03,3.036799940515944041e-01,-4.812672461365004595e-01,5.159894802673827678e-08,1.775867473794798534e-01,1.153023879909045131e-03
-3.728823027846516792e-03,3.035926911825571062e-01,-4.813873505247369122e-01,-2.735557721655851586e-08,1.777940903984608634e-01,-3.728799322334778316e-03
-8.396526105969441198e-03,3.034876279507068841e-01,-4.814799067758693263e-01,-1.179578189062024120e-07,1.779916116797831960e-01,-8.396407169795835207e-03
-1.285002611092066205e-02,3.033648043560436824e-01,-4.815449148898977016e-01,-2.202077770421933786e-07,1.781793112234469068e-01,-1.284979966247412619e-02
-1.708932304270018368e-02,3.032242203985675566e-01,-4.815823748668219828e-01,-3.341054516245314552e-07,1.783571890294519402e-01,-1.708897680036964781e-02
-2.111441690130800089e-02,3.030658760782783956e-01,-4.815922867066422253e-01,-4.596508426532167744e-07,1.785252450977983518e-01,-2.111393858348241045e-02
-2.492530768674412756e-02,3.028897713951763659e-01,-4.815746504093584290e-01,-5.968439501282490713e-07,1.786834794284860861e-01,-2.492468501181240026e-02
-2.853084174965531475e-02,3.026971531933424497e-01,-4.815313690810461011e-01,-7.448643733230512673e-07,1.788325501033210252e-01,-2.853006329976430847e-02
-3.214442856551426309e-02,3.025181003552395165e-01,-4.815083532768701380e-01,-8.839207546793327309e-07,1.789883326961541343e-01,-3.214350376011771565e-02
-3.585711234412280318e-02,3.023654450575058994e-01,-4.815251892415708390e-01,-1.005569755372474303e-06,1.791576000040844829e-01,-3.585605949223354821e-02
-3.966889308548094545e-02,3.022391873001415985e-01,-4.815818769751482598e-01,-1.109811375402475985e-06,1.793403520271121820e-01,-3.966773049611180268e-02
-4.357977078958868294e-02,3.021393270831466693e-01,-4.816784164776024002e-01,-1.196645614769337563e-06,1.795365887652371206e-01,-4.357851677175247906e-02
-4.758974545644602261e-02,3.020658644065211118e-01,-4.818148077489332604e-01,-1.266072473473059462e-06,1.797463102184593819e-01,-4.758841831915557041e-02
-5.169881708605295750e-02,3.020187992702648705e-01,-4.819910507891408402e-01,-1.318091951513641470e-06,1.799695163867789660e-01,-5.169743513832108367e-02
-5.590698567840948069e-02,3.019981316743780009e-01,-4.822071455982251398e-01,-1.352704048891083375e-06,1.802062072701957618e-01,-5.590556722924902577e-02
-6.021425123351561298e-02,3.020038616188604474e-01,-4.824630921761861591e-01,-1.369908765605385177e-06,1.804563828687099081e-01,-6.021281459193938285e-02
-6.462061375137134744e-02,3.020359891037122657e-01,-4.827588905230238980e-01,-1.369706101656547512e-06,1.807200431823213216e-01,-6.461917722639216877e-02
-6.914996869368722487e-02,3.020852987524594857e-01,-4.830798060259384186e-01,-1.349798849624329282e-06,1.809916737501362782e-01,-6.914855301183936431e-02
-7.398724514231225236e-02,3.020804719552819262e-01,-4.833118062192892084e-01,-1.292408719045559231e-06,1.812285976738247095e-01,-7.398588973954130232e-02
-7.917141346291645121e-02,3.020064796411651153e-01,-4.834308608811129782e-01,-1.193789265751421806e-06,1.814218215905420706e-01,-7.917016171782856326e-02
-8.470247365549980756e-02,3.018633218101088311e-01,-4.834369700114097279e-01,-1.053940489741917429e-06,1.815713455002883336e-01,-8.470136894670118877e-02
-9.058042572006234916e-02,3.016509984621131846e-01,-4.833301336101795131e-01,-8.728623910170459954e-07,1.816771694030634987e-01,-9.057951142615913720e-02
-9.680526965660404826e-02,3.013695095971781757e-01,-4.831103516774222228e-01,-6.505549695768076105e-07,1.817392932988675380e-01,-9.680458915620240856e-02
-1.033770054651249187e-01,3.010188552153038044e-01,-4.827776242131379125e-01,-3.870182254212019567e-07,1.817577171877005071e-01,-1.033766021368310167e-01
-1.102956331456249744e-01,3.005990353164900708e-01,-4.823319512173266932e-01,-8.225215855022913997e-08,1.817324410695623782e-01,-1.102955503680449617e-01
-1.175611526981041738e-01,3.001100499007369748e-01,-4.817733326899883983e-01,2.637432310361108398e-07,1.816634649444531791e-01,-1.175614338498442574e-01
-1.251864993401947679e-01,2.995587561904142215e-01,-4.811129073265729694e-01,6.520822505426421904e-07,1.815550723200403116e-01,-1.251871889721978270e-01
-1.335942519758888947e-01,2.991691718708678338e-01,-4.807145636868976335e-01,1.119168053802058105e-06,1.815472005384556886e-01,-1.335954329380096284e-01
-1.429885218670906288e-01,2.990495004799762491e-01,-4.807540648117459847e-01,1.682583850945969637e-06,1.817074412073734768e-01,-1.429902955080704086e-01
-1.533693090137998871e-01,2.991997420177395783e-01,-4.812314107011180231e-01,2.342329641974377421e-06,1.820357943267937595e-01,-1.533717766823801121e-01
-1.647366134160166973e-01,2.996198964841577661e-01,-4.821466013550139151e-01,3.098405426887280399e-06,1.825322598967165089e-01,-1.647398764609387944e-01
-1.767184546520775557e-01,2.998751984525560021e-01,-4.827989962867546003e-01,3.902067158829708544e-06,1.829308778686751791e-01,-1.767225631337194514e-01
-1.888016043827937807e-01,2.993657939390312883e-01,-4.822219087235832813e-01,4.686061765446844626e-06,1.828646981936467575e-01,-1.888065375980198801e-01
-2.009828607086212304e-01,2.980879406089326222e-01,-4.804093077554731361e-01,5.449969672125853438e-06,1.823314315646991923e-01,-2.009885975128206936e-01
-2.132622236295599605e-01,2.960416384622601149e-01,-4.773611933824240539e-01,6.193790878866734132e-06,1.813310779818324281e-01,-2.132687428781218364e-01
-2.245431936293121600e-01,2.928276002849775073e-01,-4.724240586722240898e-01,6.787367445747788616e-06,1.796091820259269611e-01,-2.245503372365745820e-01
-2.334591015024211624e-01,2.879481573308200204e-01,-4.647833772283439524e-01,7.068471441344781602e-06,1.768485922707367652e-01,-2.334665407003694015e-01
-2.400059101652699811e-01,2.814018395071462564e-01,-4.544367429739086250e-01,7.036623651139995094e-06,1.730483718642261970e-01,-2.400133156817008673e-01
-2.441949333993655713e-01,2.732107665046908385e-01,-4.414197024963344984e-01,6.692964357508004094e-06,1.682219496659964897e-01,-2.442019771620550783e-01
-2.464409219882018054e-01,2.641858218514104850e-01,-4.270353545846901633e-01,6.079295057849849899e-06,1.628616128956326403e-01,-2.464473199148436433e-01
-2.469528276153226676e-01,2.547355291356087070e-01,-4.119402011592518953e-01,5.216675370626101109e-06,1.572153761378277947e-01,-2.469583177857563316e-01
-2.457306502807282689e-01,2.448598883572852825e-01,-3.961342422200198610e-01,4.105105295836756879e-06,1.512832393925819530e-01,-2.457349707747930045e-01
-2.428563546149331009e-01,2.346150639765355594e-01,-3.797086107679212841e-01,2.750977742323699936e-06,1.451001825673054746e-01,-2.428592502389332053e-01
-2.389356684720529422e-01,2.244161176812782821e-01,-3.633367899473844975e-01,1.201537026690799318e-06,1.389247111188009753e-01,-2.389369337416256400e-01
-2.340912628713889554e-01,2.143471070891119212e-01,-3.471551724688453078e-01,-5.336490089450391778e-07,1.328091771515086394e-01,-2.340907023692248567e-01
-2.283231378129411682e-01,2.044080322000364214e-01,-3.311637583323038259e-01,-2.454580364583816291e-06,1.267535806654284114e-01,-2.283205561217307999e-01
-2.215224829045110422e-01,1.945731826393564956e-01,-3.153210611100522032e-01,-4.572023589976391326e-06,1.207421275817575218e-01,-2.215176732783660785e-01
-2.132852669357385711e-01,1.847470914797222086e-01,-2.994730347476500243e-01,-6.925956687585101091e-06,1.147161718406272263e-01,-2.132779805638601589e-01
-2.035734873213504992e-01,1.749207792414440021e-01,-2.836051898983097397e-01,-9.520139929905411326e-06,1.086701972793402970e-01,-2.035634714363757924e-01
-1.923871440613468542e-01,1.650942459245219596e-01,-2.677175265620314604e-01,-1.235457331693732288e-05,1.026042038978967619e-01,-1.923741458959130068e-01
-1.804662698993262648e-01,1.552682308220376395e-01,-2.518142374780463211e-01,-1.531516209768200252e-05,9.652183899964607294e-02,-1.804501567307677801e-01
-1.698272477960426352e-01,1.454447483015793019e-01,-2.359067466921383194e-01,-1.809102987671574246e-05,9.043304046962130638e-02,-1.698082139900345677e-01
-1.605841651705589290e-01,1.356239123365357846e-01,-2.199957005794871967e-01,-2.066458719494677725e-05,8.433837059567972361e-02,-1.605624235995111171e-01
-1.527370220228752018e-01,1.258057229269071708e-01,-2.040810991400930086e-01,-2.303583405237510348e-05,7.823782937782131075e-02,-1.527127855591974837e-01
-1.467351376847355338e-01,1.159925583017003548e-01,-1.881688247146820203e-01,-2.514067591373180416e-05,7.213503010718816388e-02,-1.467086866377315668e-01
-1.438603880456555961e-01,1.061912033780298970e-01,-1.722756592002661902e-01,-2.679625565802009276e-05,6.604028124475590233e-02,-1.438321951172594482e-01
-1.441917625091434507e-01,9.640207624360620786e-02,-1.564026367001042639e-01,-2.799130559931745828e-05,5.995421799958824960e-02,-1.441623122565546533e-01
-1.477292610751989588e-01,8.662517689842931523e-02,-1.405497572141963247e-01,-2.872582573762389396e-05,5.387684037168517792e-02,-1.476990380556171822e-01
-1.542394011294119793e-01,7.686231992061617890e-02,-1.247196997608342461e-01,-2.901371634309766822e-05,4.780898975096515430e-02,-1.542088752740103652e-01
-1.626398547002510797e-01,6.712191693712020457e-02,-1.089248831509042198e-01,-2.891941326781344936e-05,4.175456646999047006e-02,-1.626094281400474462e-01
-1.727946042858175824e-01,5.740502504755928825e-02,-9.316686807181129293e-02,-2.845101424541800219e-05,3.571406068840373565e-02,-1.727646706312999103e-01
-1.847036498861115428e-01,4.771164425193342301e-02,-7.744565452355546553e-02,-2.760851927591131995e-05,2.968747240620494068e-02,-1.846746027477677299e-01
-1.983179852468941740e-01,3.805464163281825629e-02,-6.178213959620385692e-02,-2.639747082506165515e-05,2.368282261835866556e-02,-1.982902124034504332e-01
-2.127082665984702803e-01,2.867802569915980579e-02,-4.657261108526934007e-02,-2.492297498821283521e-05,1.785221969986459239e-02,-2.126820452364120706e-01
-2.275207880200383892e-01,1.967466548086334657e-02,-3.196789513731362886e-02,-2.322503488309989313e-05,1.225355571886292509e-02,-2.274963532347202555e-01
-2.427555495115985285e-01,1.104456097792888558e-02,-1.796799175233674065e-02,-2.130365050972282551e-05,6.886830675353666255e-03,-2.427331363983750434e-01
-2.584125510731506981e-01,2.787712190356418478e-03,-4.572900930338666750e-03,-1.915882186808163235e-05,1.752044569336818052e-03,-2.583923947273763511e-01
-2.743949843667795041e-01,-5.071689165919691933e-03,8.178067140417372843e-03,-1.683416627024807006e-05,-3.135757239308077995e-03,-2.743772739917759718e-01
-2.903767869378322541e-01,-1.245216239977665895e-02,2.015251088426205095e-02,-1.447659221755243113e-05,-7.725900117805775506e-03,-2.903615571668795581e-01
-3.063282876512414266e-01,-1.934797931104328267e-02,3.134111889487905395e-02,-1.209800418398270102e-05,-1.201482081846700842e-02,-3.063155605922922020e-01
-3.220744273396098367e-01,-2.580943843625885248e-02,4.182543384111358370e-02,-9.695636452219375244e-06,-1.603375905363490367e-02,-3.220642280098112709e-01
-3.375144308249721226e-01,-3.186549480843597904e-02,5.165239686342018577e-02,-7.267896899672007338e-06,-1.980069838634001753e-02,-3.375067859161883232e-01
-3.527105796035559515e-01,-3.752911464086136628e-02,6.084299787520278807e-02,-4.826485899801526170e-06,-2.332368262132903519e-02,-3.527055034975405401e-01
-3.680710305398749438e-01,-4.288527098781701186e-02,6.953479261548904666e-02,-2.448080925608702501e-06,-2.665542619744846325e-02,-3.680684569450438648e-01
-3.836698972107611127e-01,-4.794939335088604232e-02,7.775275860816617535e-02,-1.466051578130347341e-07,-2.980550106105834055e-02,-3.836697451867763231e-01
-3.989484663420173605e-01,-5.264566463324699130e-02,8.537383125440364817e-02,2.043662166209965273e-06,-3.272671457140672452e-02,-3.989506188784534002e-01
-4.117850247707730560e-01,-5.668616947701269476e-02,9.193067284936981554e-02,3.992545672951713485e-06,-3.523985271712452849e-02,-4.117892278810806328e-01
-4.219735785256365501e-01,-6.004295460884076507e-02,9.737791027124781396e-02,5.687406829251507014e-06,-3.732751587672802213e-02,-4.219795649244584834e-01
-4.295432619495961335e-01,-6.273025550172985076e-02,1.017386738372644261e-01,7.136675279940622893e-06,-3.899858513086119916e-02,-4.295507732211657492e-01
-4.346164931126448305e-01,-6.480788744413978897e-02,1.051101536160052585e-01,8.375771108162452595e-06,-4.029037742716649884e-02,-4.346253081098620519e-01
-4.372068877834424661e-01,-6.628250330300464177e-02,1.075031594290102033e-01,9.408633860243896801e-06,-4.120704328791742477e-02,-4.372167895043596042e-01
-4.374704365708868559e-01,-6.718204619039834513e-02,1.089630197200287670e-01,1.024120410116367455e-05,-4.176595890065069872e-02,-4.374812142647954150e-01
-4.373177095310397666e-01,-6.784876281962579081e-02,1.100449164190992341e-01,1.094624175951382277e-05,-4.217994748485862783e-02,-4.373292290122930415e-01
-4.373147210591659673e-01,-6.838404521546405379e-02,1.109133245023658093e-01,1.154530226941771080e-05,-4.251205881225572636e-02,-4.373268708248382319e-01
-4.374614711552654023e-01,-6.878789337791316183e-02,1.115682439698284650e-01,1.203838563087534204e-05,-4.276229288284199431e-02,-4.374741397024308198e-01
-4.377406345759155548e-01,-6.908374114164633761e-02,1.120477352118545433e-01,1.244492815609367774e-05,-4.294524374266635303e-02,-4.377537308513741454e-01
-4.381157647375665265e-01,-6.932088554639154188e-02,1.124318647050646242e-01,1.280581741931692843e-05,-4.309161243907753264e-02,-4.381292407075800255e-01
-4.385856982766184187e-01,-6.950090013830918789e-02,1.127231881464653002e-01,1.312235853918542100e-05,-4.320237893994871570e-02,-4.385995072806161965e-01
-4.391504351930712313e-01,-6.962378491739927566e-02,1.129217055360565852e-01,1.339455151569915882e-05,-4.327754324527990915e-02,-4.391645305704827140e-01
-4.398099754869248534e-01,-6.968953988366184682e-02,1.130274168738384932e-01,1.362239634885813850e-05,-4.331710535507111298e-02,-4.398243105771795780e-01
-4.405643191581793960e-01,-6.969816503709684585e-02,1.130403221598109964e-01,1.380589303866236343e-05,-4.332106526932232027e-02,-4.405788473007067885e-01
-4.414134662068348036e-01,-6.964966037770431440e-02,1.129604213939740948e-01,1.394504158511183024e-05,-4.328942298803354488e-02,-4.414281407410643454e-01
-4.423574166328911317e-01,-6.954402590548422469e-02,1.127877145763278022e-01,1.403984198820654060e-05,-4.322217851120478682e-02,-4.423721908982521933e-01
-4.432843714110945577e-01,-6.936783161128731723e-02,1.125004059883151081e-01,1.409323512142386020e-05,-4.311096042835466796e-02,-4.432992018403780765e-01
-4.440738871591791148e-01,-6.910660907088408966e-02,1.120750146554286980e-01,1.410838924806149486e-05,-4.294675004732178419e-02,-4.440887335177176598e-01
-4.447259225019538631e-01,-6.876035331402380324e-02,1.115115325113905653e-01,1.408530545649388283e-05,-4.272954426996902755e-02,-4.447407445562246431e-01
-4.452404774394187470e-01,-6.832906434070643020e-02,1.108099595562006962e-01,1.402398374672102242e-05,-4.245934309629639108e-02,-4.452552349558990819e-01
-4.456175519715738220e-01,-6.781274215093198443e-02,1.099702957898591182e-01,1.392442411874291700e-05,-4.213614652630388174e-02,-4.456322047167410316e-01
-4.458571460984190327e-01,-6.721138674470046592e-02,1.089925412123658038e-01,1.378662657255956489e-05,-4.175995455999150646e-02,-4.458716538387505479e-01
-4.459592598199544344e-01,-6.652499812201187468e-02,1.078766958237207946e-01,1.361059110817096778e-05,-4.133076719735925830e-02,-4.459735823219274642e-01
-4.459238931361799718e-01,-6.575357628286621070e-02,1.066227596239240488e-01,1.339631772557712568e-05,-4.084858443840713726e-02,-4.459379901662718915e-01
-4.457510460470957003e-01,-6.489712122726347399e-02,1.052307326129755805e-01,1.314380642477803349e-05,-4.031340628313514335e-02,-4.457648773717838298e-01
-4.454407185527016200e-01,-6.395563295520366454e-02,1.037006147908753895e-01,1.285305720577369800e-05,-3.972523273154327655e-02,-4.454542439384632235e-01
-4.449929106529976752e-01,-6.292911146668678235e-02,1.020324061576234759e-01,1.252407006856411412e-05,-3.908406378363152994e-02,-4.450060898663101838e-01
-4.444076223479838661e-01,-6.181755676171281355e-02,1.002261067132198535e-01,1.215684501314928355e-05,-3.838989943939992433e-02,-4.444204151553245441e-01
-4.436848536376602481e-01,-6.062096884028178589e-02,9.828171645766450859e-02,1.175138203952920799e-05,-3.764273969884843890e-02,-4.436972198055064154e-01
-4.428246045220268767e-01,-5.933934770239367162e-02,9.619923539095742715e-02,1.130768114770388573e-05,-3.684258456197708753e-02,-4.428365038168557977e-01
-4.418268750010835855e-01,-5.797269334804849850e-02,9.397866351309863697e-02,1.082574233767332016e-05,-3.598943402878584941e-02,-4.418382671893726354e-01
-4.406916650748304298e-01,-5.652100577724623875e-02,9.162000082408811030e-02,1.030556560943750451e-05,-3.508328809927475228e-02,-4.407025099230570397e-01
-4.394243532328936941e-01,-5.498545548405065625e-02,8.912514921467236395e-02,9.747716751517790563e-06,-3.412487725940652195e-02,-4.394346111028573643e-01
-4.382347752411971942e-01,-5.341170798711930567e-02,8.656830882824277651e-02,9.174269371186522104e-06,-3.314270060319132044e-02,-4.382444297205342898e-01
-4.372309668646687242e-01,-5.182327457499381895e-02,8.398768225249336750e-02,8.596588256690763580e-06,-3.215143113648008533e-02,-4.372400134990389597e-01
-4.364129281033081731e-01,-5.022015524767420996e-02,8.138326948742410916e-02,8.014673408030513298e-06,-3.115106885927281660e-02,-4.364213624383714851e-01
-4.357806589571157074e-01,-4.860235000516065912e-02,7.875507053303530680e-02,7.428524825205840715e-06,-3.014161377156962182e-02,-4.357884765385318104e-01
-4.353341594260911607e-01,-4.696985884745280559e-02,7.610308538932637756e-02,6.838142508216611151e-06,-2.912306587337028241e-02,-4.353413557995199357e-01
-4.350734295102345328e-01,-4.532268177455082286e-02,7.342731405629762675e-02,6.243526457062892371e-06,-2.809542516467490939e-02,-4.350800002213359718e-01
-4.349984692095459904e-01,-4.366081878645473174e-02,7.072775653394904050e-02,5.644676671744681833e-06,-2.705869164548349928e-02,-4.350044098039797524e-01
-4.351092785240253669e-01,-4.198426988316450448e-02,6.800441282228060491e-02,5.041593152261982078e-06,-2.601286531579605210e-02,-4.351145845474513330e-01
-4.353231591090794828e-01,-4.030047359807498175e-02,6.526947294289645041e-02,4.443216224645826689e-06,-2.496268308304773476e-02,-4.353278355137706335e-01
-4.354983124613096557e-01,-3.862218439329858505e-02,6.254383848491988640e-02,3.864875395881314747e-06,-2.391626707336271668e-02,-4.355023803285641981e-01
-4.356323112293027933e-01,-3.694962060373226803e-02,5.982786724833243780e-02,3.306833081294069383e-06,-2.287375632385247118e-02,-4.356357919165206316e-01
-4.357251554130588400e-01,-3.528278222937605152e-02,5.712155923313410461e-02,2.769089280884089750e-06,-2.183515083451699826e-02,-4.357280702776399339e-01
-4.357768450125778514e-01,-3.362166927022990776e-02,5.442491443932485906e-02,2.251643994651377541e-06,-2.080045060535630139e-02,-4.357792154119220496e-01
-4.357873800278598275e-01,-3.196628172629386450e-02,5.173793286690472198e-02,1.754497222595931911e-06,-1.976965563637037709e-02,-4.357892273193670341e-01
-4.357567604589047128e-01,-3.031661959756790092e-02,4.906061451587370031e-02,1.277648964717753283e-06,-1.874276592755923232e-02,-4.357581059999748874e-01
-4.356849863057125627e-01,-2.867268288405203092e-02,4.639295938623177323e-02,8.210992210168407028e-07,-1.771978147892285319e-02,-4.356858514537455540e-01
-4.355965805310849648e-01,-2.703814570712493107e-02,4.374091710330154509e-02,3.851150853520614708e-07,-1.670297744148059940e-02,-4.355969869246377191e-01
-4.355277402742344650e-01,-2.541843125663954123e-02,4.111326961638528399e-02,-2.990919816870258291e-08,-1.569571205374727454e-02,-4.355277099668660168e-01
-4.354787936296302675e-01,-2.381358868892797034e-02,3.851009652594476057e-02,-4.239700560776549172e-07,-1.469801575513072361e-02,-4.354783486786612534e-01
-4.354497405972724833e-01,-2.222361800399020454e-02,3.593139783197994708e-02,-7.970674883747956378e-07,-1.370988854563094314e-02,-4.354489030600235400e-01
-4.354405811771610568e-01,-2.064851920182625422e-02,3.337717353449086433e-02,-1.149201495060124692e-06,-1.273133042524793312e-02,-4.354393731109527654e-01
-4.354513153692959881e-01,-1.908829228243611245e-02,3.084742363347750191e-02,-1.480372076133642080e-06,-1.176234139398169357e-02,-4.354497588314488743e-01
-4.354819431736772772e-01,-1.754293724581978270e-02,2.834214812893986676e-02,-1.790579231595347483e-06,-1.080292145183222446e-02,-4.354800602215120886e-01
-4.355313961042287518e-01,-1.601309676557514244e-02,2.586239426360011431e-02,-2.079458115455776946e-06,-9.853474580853284828e-03,-4.355292091789517706e-01
-4.355650508338760329e-01,-1.451959609967796994e-02,2.344209699281392736e-02,-2.335186222671763932e-06,-8.927091454934152695e-03,-4.355625948161657157e-01
-4.355662351753969430e-01,-1.307246324454744424e-02,2.109759703184096655e-02,-2.552070656743470417e-06,-8.030075632524807938e-03,-4.355635509359166990e-01
-4.355349491287915931e-01,-1.167169820018356362e-02,1.882889438068122839e-02,-2.730111417670895554e-06,-7.162427113625250558e-03,-4.355320775382046650e-01
-4.354711926940599276e-01,-1.031730096658632981e-02,1.663598903933472331e-02,-2.869308505454040191e-06,-6.324145898235484023e-03,-4.354681746230296691e-01
-4.353749658712018356e-01,-9.009271543755741074e-03,1.451888100780143569e-02,-2.969661920092904328e-06,-5.515231986355504865e-03,-4.353718421903916003e-01
-4.352462686602175390e-01,-7.747609931691795682e-03,1.247757028608137593e-02,-3.031171661587487117e-06,-4.735685377985313950e-03,-4.352430802402906251e-01
-4.350851010611068714e-01,-6.532316130394497100e-03,1.051205687417454404e-02,-3.053837729937788559e-06,-3.985506073124912146e-03,-4.350818887727265771e-01
-4.349044449611823016e-01,-5.358920566450571001e-03,8.614991858212361214e-03,-3.042884446462600084e-06,-3.261823110433876086e-03,-4.349012441781334726e-01
-4.347490831040417003e-01,-4.212004853046022804e-03,6.761024184254874406e-03,-3.016333801066915955e-06,-2.554732727655339292e-03,-4.347459102378970486e-01
-4.346227955800818221e-01,-3.090267531376704197e-03,4.948013981721419673e-03,-2.975707021471451870e-06,-1.863398952859236443e-03,-4.346196654418225114e-01
-4.345255823893027225e-01,-1.993708601442614747e-03,3.175961250611997015e-03,-2.921004107676208676e-06,-1.187821786045567757e-03,-4.345225097899099720e-01
-4.344574435317044014e-01,-9.223280632437542374e-04,1.444865990926607084e-03,-2.852225059681185948e-06,-5.280012272143323662e-04,-4.344544432821594859e-01
-4.344183790072868034e-01,1.238740832198760859e-04,-2.452717973347533741e-04,-2.769369877486383688e-06,1.160627236344690793e-04,-4.344154659185709422e-01
-4.344083888160499285e-01,1.144897837948276927e-03,-1.894452114172080455e-03,-2.672438561091801896e-06,7.443700665008357118e-04,-4.344055776991443962e-01
-4.344274729579938876e-01,2.140743200941450618e-03,-3.502674959585377629e-03,-2.561431110497439723e-06,1.356920801384769483e-03,-4.344247786238797926e-01
-4.344756314331185698e-01,3.111410172199392983e-03,-5.069940333574643812e-03,-2.436347525703298865e-06,1.953714928286269525e-03,-4.344730686927772423e-01
-4.345528642414239751e-01,4.056898751722105324e-03,-6.596248236139875751e-03,-2.297187806709378050e-06,2.534752447205334321e-03,-4.345504479058365233e-01
-4.346591713829101589e-01,4.977208939509589376e-03,-8.081598667281076481e-03,-2.143951953515677703e-06,3.100033358141966039e-03,-4.346569162630579131e-01
-4.347945528575771212e-01,5.872340735561843404e-03,-9.525991626998246004e-03,-1.976639966122197399e-06,3.649557661096165112e-03,-4.347924737644412452e-01
-4.349590086654247512e-01,6.742294139878870010e-03,-1.092942711529138605e-02,-1.795251844528937986e-06,4.183325356067928505e-03,-4.349571204099865751e-01
-4.351525388064532152e-01,7.587069152460662255e-03,-1.229190513216049489e-02,-1.599787588735898617e-06,4.701336443057257952e-03,-4.351508561996938473e-01
-4.353751432806624577e-01,8.406665773307231415e-03,-1.361342567760556906e-02,-1.390247198743079715e-06,5.203590922064156056e-03,-4.353736811335631729e-01
-4.356214888620566494e-01,9.205406924598173377e-03,-1.490104653655900842e-02,-1.169430337340395240e-06,5.692819184872877428e-03,-4.356202590398226548e-01
-4.358556329543796237e-01,1.001242638890185305e-02,-1.620233275023409691e-02,-9.562049747566173583e-07,6.187422358606267658e-03,-4.358546274695350720e-01
-4.360708760370914372e-01,1.083315455787207428e-02,-1.752615020489915743e-02,-7.540880064657238253e-07,6.690830321513538056e-03,-4.360700832017195272e-01
-4.362672181101920343e-01,1.166759143150883533e-02,-1.887249890055419863e-02,-5.630794324677145349e-07,7.203043073594686020e-03,-4.362666262363761871e-01
-4.364446591736814707e-01,1.251573700981213969e-02,-2.024137883719921704e-02,-3.831792527625895399e-07,7.724060614849713284e-03,-4.364442565735049406e-01
-4.366031992275596352e-01,1.337759129278198213e-02,-2.163279001483421268e-02,-2.143874673503488934e-07,8.253882945278619848e-03,-4.366029742131057323e-01
-4.367428382718265834e-01,1.425315428041836786e-02,-2.304673243345918554e-02,-5.670407623099256880e-08,8.792510064881403978e-03,-4.367427791551786731e-01
-4.368635763064824262e-01,1.514242597272129343e-02,-2.448320609307413562e-02,8.987092059547946030e-08,9.339941973658070010e-03,-4.368636713997237075e-01
-4.369654133315269973e-01,1.604540636969075881e-02,-2.594221099367905944e-02,2.253375231290671675e-07,9.896178671608612740e-03,-4.369656509467408911e-01
-4.370483493469604075e-01,1.696209547132676576e-02,-2.742374713527396049e-02,3.496957313697705262e-07,1.046122015873303564e-02,-4.370487177962301129e-01
-4.371123843527825459e-01,1.789249327762931427e-02,-2.892781451785884222e-02,4.629455453175895895e-07,1.103506643503133697e-02,-4.371128719481915392e-01
-4.371575183489935790e-01,1.883659978859840434e-02,-3.045441314143369424e-02,5.650869649725244102e-07,1.161771750050351500e-02,-4.371581134026250037e-01
-4.371837513355933402e-01,1.979441500423403250e-02,-3.200354300599852347e-02,6.561199903345748825e-07,1.220917335514957319e-02,-4.371844421595306174e-01
-4.371910833125818852e-01,2.076593892453620915e-02,-3.357520411155333340e-02,7.360446214037407946e-07,1.280943399896950982e-02,-4.371918582189083247e-01
-4.371795142799592693e-01,2.175117154950491696e-02,-3.516939645809812054e-02,8.048608581800228877e-07,1.341849943196332662e-02,-4.371803615807581256e-01
-4.371490443801733794e-01,2.275011284990191562e-02,-3.678611999682111777e-02,8.625687476566274928e-07,1.403636963463231364e-02,-4.371499523875773674e-01
-4.371070634777434183e-01,2.376124601289054256e-02,-3.842284248683747183e-02,9.116061880388812318e-07,1.466203305925691328e-02,-4.371080230689844415e-01
-4.370608326510325714e-01,2.478308065974458782e-02,-4.007707581764779342e-02,9.543685912946423294e-07,1.529449578676857213e-02,-4.370618372237387028e-01
-4.370103519000409498e-01,2.581561679046405836e-02,-4.174881998925210336e-02,9.908559574239108915e-07,1.593375781716728848e-02,-4.370113948518402069e-01
-4.369556212247684979e-01,2.685885440504894028e-02,-4.343807500165038776e-02,1.021068286426686918e-06,1.657981915045305885e-02,-4.369566959532887318e-01
-4.368966406252152157e-01,2.791279350349924748e-02,-4.514484085484265358e-02,1.045005578302970197e-06,1.723267978662589017e-02,-4.368977405280844994e-01
-4.368334101013810478e-01,2.897743408581497301e-02,-4.686911754882890080e-02,1.062667833052760941e-06,1.789233972568577552e-02,-4.368345285762273988e-01
-4.367659296532661606e-01,3.005277615199611341e-02,-4.861090508360911555e-02,1.074055050676059149e-06,1.855879896763272183e-02,-4.367670600977174300e-01
-4.366941992808703321e-01,3.113881970204267213e-02,-5.037020345918331171e-02,1.079167231172864822e-06,1.923205751246672215e-02,-4.366953350925546484e-01
-4.366182189841937289e-01,3.223556473595465266e-02,-5.214701267555148928e-02,1.078004374543177747e-06,1.991211536018778344e-02,-4.366193535607389986e-01
-4.365379887632362399e-01,3.334301125373205499e-02,-5.394133273271364826e-02,1.070566480786997925e-06,2.059897251079589875e-02,-4.365391155022704806e-01
-4.364535086179980317e-01,3.446115925537487912e-02,-5.575316363066978170e-02,1.056853549904325780e-06,2.129262896429107155e-02,-4.364546209171491498e-01
-4.363647785484788821e-01,3.559000874088311117e-02,-5.758250536941989656e-02,1.036865581895160887e-06,2.199308472067330184e-02,-4.363658698053750062e-01
-4.362717985546789023e-01,3.672955971025676503e-02,-5.942935794896399282e-02,1.010602576759503458e-06,2.270033977994259308e-02,-4.362728621669479390e-01
-4.361745686365981478e-01,3.787981216349584762e-02,-6.129372136930205661e-02,9.780645344973534942e-07,2.341439414209893835e-02,-4.361755980018680590e-01
-4.360730887942365630e-01,3.904076610060034508e-02,-6.317559563043409487e-02,9.392514551087107829e-07,2.413524780714234111e-02,-4.360740773101353662e-01
-4.359693540025434966e-01,4.021201136504649193e-02,-6.507435558890993510e-02,8.947509066796685469e-07,2.486268671927631055e-02,-4.359702956849322297e-01
-4.358806628808616912e-01,4.138999145023371934e-02,-6.698458056584699616e-02,8.496577485027140902e-07,2.559485478013592136e-02,-4.358815571063596184e-01
-4.358110171527954102e-01,4.257388362250157793e-02,-6.890501658494777026e-02,8.051505843893713389e-07,2.633132261483918726e-02,-4.358118645381366951e-01
-4.357604168183447646e-01,4.376368788185008157e-02,-7.083566364621224354e-02,7.612294143396399753e-07,2.707209022338611173e-02,-4.357612179802634600e-01
-4.357288618775095879e-01,4.495940422827921640e-02,-7.277652174964042986e-02,7.178942383535204229e-07,2.781715760577669477e-02,-4.357296174327398575e-01
-4.357163523302900465e-01,4.616103266178898934e-02,-7.472759089523231535e-02,6.751450564310122581e-07,2.856652476201092944e-02,-4.357170628955659430e-01
-4.357228881766859740e-01,4.736857318237940040e-02,-7.668887108298791389e-02,6.329818685721157987e-07,2.932019169208882267e-02,-4.357235543687416612e-01
-4.357484694166974815e-01,4.858202579005044264e-02,-7.866036231290719771e-02,5.914046747768309387e-07,3.007815839601037447e-02,-4.357490918522671230e-01
-4.357930960503245688e-01,4.980139048480212993e-02,-8.064206458499020846e-02,5.504134750451575723e-07,3.084042487377558484e-02,-4.357936753461421620e-01
-4.358567680775671249e-01,5.102666726663444841e-02,-8.263397789923693226e-02,5.100082693770956995e-07,3.160699112538444683e-02,-4.358573048503668335e-01
-4.359394854984253720e-01,5.225785613554741194e-02,-8.463610225564735523e-02,4.701890577726455319e-07,3.237785715083697086e-02,-4.359399803649412486e-01
-4.360412483128990324e-01,5.349495709154099971e-02,-8.664843765422146349e-02,4.309558402318069109e-07,3.315302295013314304e-02,-4.360417018898652963e-01
-4.361620565209882727e-01,5.473797013461523253e-02,-8.867098409495929867e-02,3.923086167545798893e-07,3.393248852327298420e-02,-4.361624694251390322e-01
-4.363019101226931484e-01,5.598689526477009654e-02,-9.070374157786081915e-02,3.542473873409643083e-07,3.471625387025648046e-02,-4.363022829707624006e-01
-4.364608091180134930e-01,5.724173248200560560e-02,-9.274671010292606654e-02,3.167721519909604327e-07,3.550431899108362488e-02,-4.364611425267354017e-01
-4.366387535069494175e-01,5.850248178632175278e-02,-9.479988967015501311e-02,2.798829107045681035e-07,3.629668388575443133e-02,-4.366390480930580908e-01
-4.368042904950757421e-01,5.975973058219224976e-02,-9.684796072580001414e-02,2.439980729255253285e-07,3.708744237465450011e-02,-4.368045473155640623e-01
-4.369147496878750814e-01,6.100070928357950728e-02,-9.887014001628420534e-02,2.096852733063412963e-07,3.786858184654084275e-02,-4.369149703970126031e-01
-4.369698916013919354e-01,6.222534622226932183e-02,-1.008663108973668066e-01,1.769476976481642656e-07,3.864005733131519599e-02,-4.369700778568004207e-01
-4.369697162356264153e-01,6.343364139826168646e-02,-1.028364733690478039e-01,1.457853459509941305e-07,3.940186882897756676e-02,-4.369698696949275152e-01
-4.369142235905785210e-01,6.462559481155660812e-02,-1.047806274313271835e-01,1.161982182148309441e-07,4.015401633952795507e-02,-4.369143459113939421e-01
-4.368034136662482525e-01,6.580120646215409375e-02,-1.066987730842049731e-01,8.818631443967467977e-08,4.089649986296635398e-02,-4.368035065061997013e-01
-4.366372864626354988e-01,6.696047635005414334e-02,-1.085909103276811588e-01,6.174963462552535081e-08,4.162931939929276348e-02,-4.366373514793447375e-01
-4.364158419797403710e-01,6.810340447525672913e-02,-1.104570391617557407e-01,3.688817877238298368e-08,4.235247494850718358e-02,-4.364158808308290505e-01
-4.361390802175628134e-01,6.922999083776187890e-02,-1.122971595864287048e-01,1.360194688024749897e-08,4.306596651060962122e-02,-4.361390945606526959e-01
-4.358070011761028262e-01,7.034023543756959262e-02,-1.141112716017000928e-01,-8.109061050881010672e-09,4.376979408560006946e-02,-4.358069926688156182e-01
-4.354196048553605203e-01,7.143413827467985644e-02,-1.158993752075698491e-01,-2.824484502100262466e-08,4.446395767347852829e-02,-4.354195751553178173e-01
-4.349768912553357292e-01,7.251169934909268422e-02,-1.176614704040380155e-01,-4.680540503011725034e-08,4.514845727424500466e-02,-4.349768420201593488e-01
-4.344788603760285639e-01,7.357291866080807596e-02,-1.193975571911045780e-01,-6.379074107822495390e-08,4.582329288789949856e-02,-4.344787932633402128e-01
-4.339255122174389134e-01,7.461779620982601779e-02,-1.211076355687695366e-01,-7.920085316532570886e-08,4.648846451444200306e-02,-4.339254288848602981e-01
-4.333168467795669443e-01,7.564633199614649584e-02,-1.227917055370328775e-01,-9.303574129141959463e-08,4.714397215387251816e-02,-4.333167488847197713e-01
-4.326968375825498980e-01,7.667069557721943596e-02,-1.244696261250434893e-01,-1.052954714194939328e-07,4.779750512211023566e-02,-4.326967267829786024e-01
-4.322588596806748451e-01,7.774440299690844880e-02,-1.262287280906695119e-01,-1.159803336240352852e-07,4.848287744811290156e-02,-4.322587376335834120e-01
-4.320256988684774146e-01,7.887376016465126594e-02,-1.280793018031251840e-01,-1.250903620851382528e-07,4.920407351093653014e-02,-4.320255672310299166e-01
-4.319973551459577177e-01,8.005876708044787349e-02,-1.300213472624105471e-01,-1.326255568028028620e-07,4.996109331058113529e-02,-4.319972155753181720e-01
-4.321738285131156987e-01,8.129942374429828533e-02,-1.320548644685255735e-01,-1.385859177770290468e-07,5.075393684704670311e-02,-4.321736826664479558e-01
-4.325551189699513577e-01,8.259573015620250147e-02,-1.341798534214703187e-01,-1.429714450078169128e-07,5.158260412033324749e-02,-4.325549685044195458e-01
-4.331412265164646391e-01,8.394768631616050802e-02,-1.363963141212447272e-01,-1.457821384951663544e-07,5.244709513044075455e-02,-4.331410730892327199e-01
-4.339321511526555986e-01,8.535529222417231887e-02,-1.387042465678487990e-01,-1.470179982390774244e-07,5.334740987736923123e-02,-4.339319964208876446e-01
-4.349278928785242915e-01,8.681854788023793401e-02,-1.411036507612825619e-01,-1.466790242395501493e-07,5.428354836111868448e-02,-4.349277384993842088e-01
-4.361284516940706624e-01,8.833745328435735344e-02,-1.435945267015460436e-01,-1.447652164965844496e-07,5.525551058168910040e-02,-4.361282993247224127e-01
-4.375338275992947112e-01,8.991200843653056329e-02,-1.461768743886391608e-01,-1.412765750101803784e-07,5.626329653908048595e-02,-4.375336788969023671e-01
-4.391440205941964381e-01,9.154221333675757744e-02,-1.488506938225619691e-01,-1.362130997803379356e-07,5.730690623329284111e-02,-4.391438772159239057e-01
-4.409590306787758429e-01,9.322806798503838199e-02,-1.516159850033144407e-01,-1.295747908070570948e-07,5.838633966432616590e-02,-4.409588942817872503e-01
-4.429788578530329257e-01,9.496957238137299084e-02,-1.544727479308966311e-01,-1.213616480903378823e-07,5.950159683218046031e-02,-4.429787300944921791e-01
-4.452035021169676310e-01,9.676672652576140399e-02,-1.574209826053084571e-01,-1.115736716301803248e-07,6.065267773685572433e-02,-4.452033846540388029e-01
-4.475669708470781938e-01,9.860109377541129150e-02,-1.604306081606674539e-01,-1.002472815328407111e-07,6.182793833134109934e-02,-4.475668652986199980e-01
-4.493547905955034838e-01,1.002730686131633880e-01,-1.631759521381246358e-01,-8.777678245704674510e-08,6.290131358028211439e-02,-4.493546981656609263e-01
-4.503720898038391374e-01,1.017282089344000856e-01,-1.655681878643093241e-01,-7.426972040546983391e-08,6.383841943487557347e-02,-4.503720115836446491e-01
-4.506188684720853210e-01,1.029665147391213981e-01,-1.676073153392214077e-01,-5.972609537810999079e-08,6.463925589512151126e-02,-4.506188055525712777e-01
-4.500951266002419238e-01,1.039879860273273116e-01,-1.692933345628609698e-01,-4.414590737496716942e-08,6.530382296101988615e-02,-4.500950800724407563e-01
-4.488008641883088901e-01,1.047926227990178538e-01,-1.706262455352279550e-01,-2.752915639604140287e-08,6.583212063257072588e-02,-4.488008351432529741e-01
-4.467360812362863309e-01,1.053804250541929832e-01,-1.716060482563224188e-01,-9.875842441332701085e-09,6.622414890977403046e-02,-4.467360707650080975e-01
-4.439007777441741909e-01,1.057513927928527414e-01,-1.722327427261443333e-01,8.814034489158965722e-09,6.647990779262977212e-02,-4.439007869377060156e-01
-4.402949537119725254e-01,1.059055260149970867e-01,-1.725063289446936987e-01,2.854047439543358101e-08,6.659939728113799251e-02,-4.402949836613467838e-01
-4.359186091396817786e-01,1.058428247206260886e-01,-1.724268069119705149e-01,4.930347727748877241e-08,6.658261737529866386e-02,-4.359186609359309017e-01
-4.307717440273010068e-01,1.055632889097396776e-01,-1.719941766279748097e-01,7.110304313532917877e-08,6.642956807511181394e-02,-4.307718187614574257e-01
-4.248543583748307095e-01,1.050669185823378954e-01,-1.712084380927065552e-01,9.393917196895251706e-08,6.614024938057741498e-02,-4.248544571379267443e-01
-4.181664521822708869e-01,1.043537137384207281e-01,-1.700695913061657516e-01,1.178118637783588270e-07,6.571466129169548087e-02,-4.181665760653389685e-01
-4.107080254496213723e-01,1.034236743779881479e-01,-1.685776362683523710e-01,1.427211185635480689e-07,6.515280380846598385e-02,-4.107081755436939319e-01
-4.024790781768823877e-01,1.022768005010401826e-01,-1.667325729792664690e-01,1.686669363245202824e-07,6.445467693088895167e-02,-4.024792555729918009e-01
-3.934952241842143983e-01,1.009157939386866459e-01,-1.645387423347038913e-01,1.955495955621424026e-07,6.362191952321456789e-02,-3.934954298684553708e-01
-3.841065255207517515e-01,9.940122977921442282e-02,-1.620934672743262472e-01,2.211333389812532132e-07,6.269127494304312098e-02,-3.841067581265139586e-01
-3.744574522974964403e-01,9.775810727561420888e-02,-1.594369128372480904e-01,2.444954727182815949e-07,6.167790712192396801e-02,-3.744577094872114653e-01
-3.645480045144484649e-01,9.598642642788600410e-02,-1.565690790234693930e-01,2.656359967732275478e-07,6.058181605985712981e-02,-3.645482839505480022e-01
-3.543781821716078251e-01,9.408618723602983624e-02,-1.534899658329900995e-01,2.845549111460910719e-07,5.940300175684261330e-02,-3.543784815165235691e-01
-3.439479852689745765e-01,9.205738970004567756e-02,-1.501995732658102933e-01,3.012522158368722202e-07,5.814146421288040462e-02,-3.439483021851381106e-01
-3.332574138065487190e-01,8.990003381993354192e-02,-1.466979013219299188e-01,3.157279108455708338e-07,5.679720342797050375e-02,-3.332577459563916267e-01
-3.223064677843301973e-01,8.761411959569342933e-02,-1.429849500013489760e-01,3.279819961721871773e-07,5.537021940211291765e-02,-3.223068128302841728e-01
-3.110951472023190112e-01,8.519964702732532591e-02,-1.390607193040675205e-01,3.380144718167208803e-07,5.386051213530763937e-02,-3.110955028068156936e-01
-2.996234520605151608e-01,8.265661611482925941e-02,-1.349252092300854966e-01,3.458253377791723663e-07,5.226808162755466891e-02,-2.996238158859862444e-01
-2.878913823589187015e-01,7.998502685820520208e-02,-1.305784197794029322e-01,3.514145940595413175e-07,5.059292787885401321e-02,-2.878917520677957698e-01
-2.758989380975295780e-01,7.718487925745315392e-02,-1.260203509520197718e-01,3.547822406578278400e-07,4.883505088920567228e-02,-2.758993113522443252e-01
-2.636461192763478456e-01,7.425617331257315656e-02,-1.212510027479361124e-01,3.559282775740319866e-07,4.699445065860963222e-02,-2.636464937393318553e-01
-2.511329258953734489e-01,7.119890902356515450e-02,-1.162703751671518709e-01,3.548527048081535985e-07,4.507112718706590693e-02,-2.511332992290583599e-01
-2.383593579546063879e-01,6.801308639042917548e-02,-1.110784682096671028e-01,3.515555223601927815e-07,4.306508047457449639e-02,-2.383597278214239223e-01
-2.253254154540466070e-01,6.469870541316521950e-02,-1.056752818754817524e-01,3.460367302301496417e-07,4.097631052113538674e-02,-2.253257795164284594e-01
-2.120310983936943006e-01,6.125576609177327270e-02,-1.000608161645958477e-01,3.382963284180240730e-07,3.880481732674859185e-02,-2.120314543140719710e-01
-1.984764067735493021e-01,5.768426842625335588e-02,-9.423507107700943020e-02,3.283343169238160226e-07,3.655060089141411866e-02,-1.984767522143544849e-01
-1.846613405936116670e-01,5.398421241660545516e-02,-8.819804661272241664e-02,3.161506957475254905e-07,3.421366121513194636e-02,-1.846616732172760011e-01
-1.705858998538813953e-01,5.015559806282957056e-02,-8.194974277173487642e-02,3.017454648891525824e-07,3.179399829790208187e-02,-1.705862173228365197e-01
-1.562500845543584316e-01,4.619842536492571594e-02,-7.549015955404678180e-02,2.851186243486974044e-07,2.929161213972452868e-02,-1.562503845310360684e-01
-1.416538946950428590e-01,4.211269432289387049e-02,-6.881929695965813276e-02,2.662701741261596388e-07,2.670650274059929025e-02,-1.416541748418745639e-01
-1.267973302759346499e-01,3.789840493673404809e-02,-6.193715498856894319e-02,2.452001142215393384e-07,2.403867010052636657e-02,-1.267975882553520894e-01
-1.116803912970337626e-01,3.355555720644624873e-02,-5.484373364077917840e-02,2.219084446348367681e-07,2.128811421950575072e-02,-1.116806247714686173e-01
-9.630307775834023865e-02,2.908415113203046548e-02,-4.753903291628889388e-02,1.963951653660518219e-07,1.845483509753744616e-02,-9.630328439022414755e-02
-8.066538965985407816e-02,2.448418671348669834e-02,-4.002305281509803414e-02,1.686602764151843940e-07,1.553883273462144596e-02,-8.066556711161866622e-02
-6.476732700157526723e-02,1.975566395081495424e-02,-3.229579333720661305e-02,1.387037777822344843e-07,1.254010713075775357e-02,-6.476747293565217334e-02
-4.860888978350380585e-02,1.489858284401522626e-02,-2.435725448261466530e-02,1.065256694672019869e-07,9.458658285946379418e-03,-4.860900186232471054e-02
-3.219007800563972177e-02,9.912943393087528254e-03,-1.620743625132216315e-02,7.212595147008732549e-08,6.294486200187320024e-03,-3.219015389163623619e-02
-1.551089166798295949e-02,4.798745598031839421e-03,-7.846338643329092699e-03,3.550462379089018230e-08,3.047590873480568452e-03,-1.551092902358675030e-02
1.428669229466481005e-03,-4.440105411518194267e-04,7.260383413645044026e-04,-3.338313570389230876e-09,-2.820276941738683596e-04,1.428672741823788783e-03
