q1,q2,q3,q4,q5,q6
-9.630449780745302668e-01,2.785824795209361215e-01,-3.675704958548635659e-01,4.227635596248596750e-02,-4.849688408666560369e-01,3.163357708507563010e-02
-9.587429102292377436e-01,2.750432136928184779e-01,-3.630709795117418870e-01,4.314239289529289700e-02,-4.801463178518468600e-01,2.957473560743793459e-02
-9.544408423839453315e-01,2.715039478647008342e-01,-3.585714631686202636e-01,4.400842982809983345e-02,-4.753237948370376831e-01,2.751589412980023908e-02
-9.501387745386528083e-01,2.679646820365831905e-01,-3.540719468254985847e-01,4.487446676090676295e-02,-4.705012718222284507e-01,2.545705265216254704e-02
-9.458367066933603962e-01,2.644254162084655468e-01,-3.495724304823769613e-01,4.574050369371369246e-02,-4.656787488074192738e-01,2.339821117452485152e-02
-9.415346388480678730e-01,2.608861503803479032e-01,-3.450729141392552823e-01,4.660654062652062890e-02,-4.608562257926100969e-01,2.133936969688715601e-02
-9.372325710027754608e-01,2.573468845522302595e-01,-3.405733977961336589e-01,4.747257755932755841e-02,-4.560337027778009200e-01,1.928052821924946397e-02
-9.329305031574829377e-01,2.538076187241126158e-01,-3.360738814530119800e-01,4.833861449213448791e-02,-4.512111797629917431e-01,1.722168674161176846e-02
-9.286284353121904145e-01,2.502683528959950277e-01,-3.315743651098903566e-01,4.920465142494141741e-02,-4.463886567481825107e-01,1.516284526397407295e-02
-9.243263674668980023e-01,2.467290870678773562e-01,-3.270748487667686777e-01,5.007068835774835386e-02,-4.415661337333733338e-01,1.310400378633637744e-02
-9.200242996216054792e-01,2.431898212397597125e-01,-3.225753324236470543e-01,5.093672529055528336e-02,-4.367436107185641569e-01,1.104516230869868540e-02
-9.157222317763130670e-01,2.396505554116420966e-01,-3.180758160805253754e-01,5.180276222336221287e-02,-4.319210877037549801e-01,8.986320831060993358e-03
-9.114201639310205438e-01,2.361112895835244530e-01,-3.135762997374037520e-01,5.266879915616914931e-02,-4.270985646889458032e-01,6.927479353423297848e-03
-9.071180960857281317e-01,2.325720237554068093e-01,-3.090767833942820730e-01,5.353483608897607882e-02,-4.222760416741365708e-01,4.868637875785598867e-03
-9.028160282404356085e-01,2.290327579272891656e-01,-3.045772670511604496e-01,5.440087302178300832e-02,-4.174535186593273939e-01,2.809796398147906826e-03
-8.985139603951430853e-01,2.254934920991715219e-01,-3.000777507080387707e-01,5.526690995458993783e-02,-4.126309956445182170e-01,7.509549205102147851e-04
-8.942118925498506732e-01,2.219542262710538782e-01,-2.955782343649171473e-01,5.613294688739687427e-02,-4.078084726297090401e-01,-1.307886557127484195e-03
-8.899098247045581500e-01,2.184149604429362346e-01,-2.910787180217954684e-01,5.699898382020380377e-02,-4.029859496148998632e-01,-3.366728034765176236e-03
-8.856077568592657379e-01,2.148756946148185909e-01,-2.865792016786737895e-01,5.786502075301074022e-02,-3.981634266000906308e-01,-5.425569512402875216e-03
-8.813056890139732147e-01,2.113364287867009472e-01,-2.820796853355521661e-01,5.873105768581766972e-02,-3.933409035852814539e-01,-7.484410990040560319e-03
-8.770036211686808025e-01,2.077971629585833035e-01,-2.775801689924305427e-01,5.959709461862459923e-02,-3.885183805704722770e-01,-9.543252467678259299e-03
-8.727015533233882794e-01,2.042578971304656599e-01,-2.730806526493088637e-01,6.046313155143152873e-02,-3.836958575556631001e-01,-1.160209394531595828e-02
-8.683994854780958672e-01,2.007186313023480440e-01,-2.685811363061872403e-01,6.132916848423845824e-02,-3.788733345408539233e-01,-1.366093542295364338e-02
-8.640974176328033440e-01,1.971793654742304003e-01,-2.640816199630655614e-01,6.219520541704539468e-02,-3.740508115260446909e-01,-1.571977690059134236e-02
-8.597953497875108209e-01,1.936400996461127566e-01,-2.595821036199439380e-01,6.306124234985233112e-02,-3.692282885112355140e-01,-1.777861837822903440e-02
-8.554932819422184087e-01,1.901008338179951129e-01,-2.550825872768222591e-01,6.392727928265926063e-02,-3.644057654964263371e-01,-1.983745985586673338e-02
-8.511912140969258855e-01,1.865615679898774693e-01,-2.505830709337005802e-01,6.479331621546619013e-02,-3.595832424816171047e-01,-2.189630133350443236e-02
-8.468891462516334734e-01,1.830223021617598533e-01,-2.460835545905789568e-01,6.565935314827311964e-02,-3.547607194668079833e-01,-2.395514281114211746e-02
-8.425870784063409502e-01,1.794830363336422097e-01,-2.415840382474573056e-01,6.652539008108004914e-02,-3.499381964519987509e-01,-2.601398428877981645e-02
-8.382850105610484270e-01,1.759437705055245660e-01,-2.370845219043356544e-01,6.739142701388697865e-02,-3.451156734371895740e-01,-2.807282576641750849e-02
-8.339829427157560149e-01,1.724045046774069223e-01,-2.325850055612140033e-01,6.825746394669390815e-02,-3.402931504223803971e-01,-3.013166724405520053e-02
-8.296808748704636027e-01,1.688652388492892786e-01,-2.280854892180923521e-01,6.912350087950085153e-02,-3.354706274075712202e-01,-3.219050872169289951e-02
-8.253788070251710796e-01,1.653259730211716350e-01,-2.235859728749707009e-01,6.998953781230778104e-02,-3.306481043927620433e-01,-3.424935019933059849e-02
-8.210767391798785564e-01,1.617867071930539913e-01,-2.190864565318490498e-01,7.085557474511471054e-02,-3.258255813779528109e-01,-3.630819167696828359e-02
-8.167746713345860332e-01,1.582474413649363476e-01,-2.145869401887273986e-01,7.172161167792164005e-02,-3.210030583631436341e-01,-3.836703315460598257e-02
-8.124726034892936211e-01,1.547081755368187039e-01,-2.100874238456057475e-01,7.258764861072858343e-02,-3.161805353483344572e-01,-4.042587463224368155e-02
-8.081705356440012089e-01,1.511689097087010603e-01,-2.055879075024840685e-01,7.345368554353551294e-02,-3.113580123335252248e-01,-4.248471610988138053e-02
-8.038684677987086857e-01,1.476296438805834443e-01,-2.010883911593624451e-01,7.431972247634244244e-02,-3.065354893187161034e-01,-4.454355758751906563e-02
-7.995663999534161626e-01,1.440903780524658007e-01,-1.965888748162407940e-01,7.518575940914937195e-02,-3.017129663039068710e-01,-4.660239906515675073e-02
-7.952643321081237504e-01,1.405511122243481570e-01,-1.920893584731191428e-01,7.605179634195630145e-02,-2.968904432890976941e-01,-4.866124054279444971e-02
-7.909622642628312272e-01,1.370118463962305133e-01,-1.875898421299974916e-01,7.691783327476323096e-02,-2.920679202742885172e-01,-5.072008202043214870e-02
-7.866601964175388151e-01,1.334725805681128696e-01,-1.830903257868758405e-01,7.778387020757016046e-02,-2.872453972594792848e-01,-5.277892349806984768e-02
-7.823581285722462919e-01,1.299333147399952260e-01,-1.785908094437541893e-01,7.864990714037708996e-02,-2.824228742446701634e-01,-5.483776497570754666e-02
-7.780560607269537687e-01,1.263940489118775823e-01,-1.740912931006325104e-01,7.951594407318403335e-02,-2.776003512298609310e-01,-5.689660645334523176e-02
-7.737539928816613566e-01,1.228547830837599664e-01,-1.695917767575108870e-01,8.038198100599094897e-02,-2.727778282150518097e-01,-5.895544793098291686e-02
-7.694519250363689444e-01,1.193155172556423227e-01,-1.650922604143892358e-01,8.124801793879787848e-02,-2.679553052002425773e-01,-6.101428940862061584e-02
-7.651498571910764213e-01,1.157762514275246790e-01,-1.605927440712675847e-01,8.211405487160482186e-02,-2.631327821854334004e-01,-6.307313088625832176e-02
-7.608477893457838981e-01,1.122369855994070353e-01,-1.560932277281459335e-01,8.298009180441175137e-02,-2.583102591706242235e-01,-6.513197236389600686e-02
-7.565457215004914859e-01,1.086977197712893917e-01,-1.515937113850242823e-01,8.384612873721869475e-02,-2.534877361558149911e-01,-6.719081384153369196e-02
-7.522436536551989628e-01,1.051584539431717480e-01,-1.470941950419026312e-01,8.471216567002562425e-02,-2.486652131410058142e-01,-6.924965531917140482e-02
-7.479415858099065506e-01,1.016191881150541043e-01,-1.425946786987809523e-01,8.557820260283255376e-02,-2.438426901261966373e-01,-7.130849679680908992e-02
-7.436395179646140274e-01,9.807992228693646064e-02,-1.380951623556593011e-01,8.644423953563948326e-02,-2.390201671113874327e-01,-7.336733827444680278e-02
-7.393374501193215043e-01,9.454065645881881697e-02,-1.335956460125376499e-01,8.731027646844641277e-02,-2.341976440965782280e-01,-7.542617975208448788e-02
-7.350353822740290921e-01,9.100139063070120105e-02,-1.290961296694160265e-01,8.817631340125334227e-02,-2.293751210817691066e-01,-7.748502122972217299e-02
-7.307333144287365689e-01,8.746212480258355737e-02,-1.245966133262943754e-01,8.904235033406027178e-02,-2.245525980669598742e-01,-7.954386270735985809e-02
-7.264312465834441568e-01,8.392285897446591370e-02,-1.200970969831727242e-01,8.990838726686720128e-02,-2.197300750521506973e-01,-8.160270418499757095e-02
-7.221291787381516336e-01,8.038359314634827002e-02,-1.155975806400510453e-01,9.077442419967413079e-02,-2.149075520373415205e-01,-8.366154566263525605e-02
-7.178271108928591104e-01,7.684432731823062634e-02,-1.110980642969294219e-01,9.164046113248107417e-02,-2.100850290225322881e-01,-8.572038714027296891e-02
-7.135250430475666983e-01,7.330506149011298267e-02,-1.065985479538077429e-01,9.250649806528800367e-02,-2.052625060077231112e-01,-8.777922861791065401e-02
-7.092229752022742861e-01,6.976579566199533899e-02,-1.020990316106860640e-01,9.337253499809493318e-02,-2.004399829929139343e-01,-8.983807009554833911e-02
-7.049209073569817630e-01,6.622652983387772307e-02,-9.759951526756444062e-02,9.423857193090186268e-02,-1.956174599781047574e-01,-9.189691157318602421e-02
-7.006188395116892398e-01,6.268726400576007940e-02,-9.309999892444281722e-02,9.510460886370879219e-02,-1.907949369632955805e-01,-9.395575305082370932e-02
-6.963167716663968276e-01,5.914799817764243572e-02,-8.860048258132113830e-02,9.597064579651573557e-02,-1.859724139484864036e-01,-9.601459452846142217e-02
-6.920147038211043045e-01,5.560873234952479205e-02,-8.410096623819951489e-02,9.683668272932266508e-02,-1.811498909336771712e-01,-9.807343600609910728e-02
-6.877126359758118923e-01,5.206946652140714837e-02,-7.960144989507783597e-02,9.770271966212959458e-02,-1.763273679188679943e-01,-1.001322774837368201e-01
-6.834105681305193691e-01,4.853020069328950470e-02,-7.510193355195621256e-02,9.856875659493652408e-02,-1.715048449040588174e-01,-1.021911189613745052e-01
-6.791085002852268460e-01,4.499093486517186102e-02,-7.060241720883453365e-02,9.943479352774345359e-02,-1.666823218892496405e-01,-1.042499604390121903e-01
-6.748064324399344338e-01,4.145166903705421735e-02,-6.610290086571285473e-02,1.003008304605503831e-01,-1.618597988744404081e-01,-1.063088019166499032e-01
-6.705043645946419106e-01,3.791240320893657367e-02,-6.160338452259123132e-02,1.011668673933573126e-01,-1.570372758596312313e-01,-1.083676433942875883e-01
-6.662022967493494985e-01,3.437313738081893000e-02,-5.710386817946955240e-02,1.020329043261642560e-01,-1.522147528448220544e-01,-1.104264848719253012e-01
-6.619002289040569753e-01,3.083387155270128632e-02,-5.260435183634792899e-02,1.028989412589711855e-01,-1.473922298300128220e-01,-1.124853263495629863e-01
-6.575981610587644521e-01,2.729460572458364265e-02,-4.810483549322625008e-02,1.037649781917781289e-01,-1.425697068152036451e-01,-1.145441678272006714e-01
-6.532960932134720400e-01,2.375533989646599897e-02,-4.360531915010457116e-02,1.046310151245850584e-01,-1.377471838003944682e-01,-1.166030093048383842e-01
-6.489940253681796278e-01,2.021607406834841081e-02,-3.910580280698300326e-02,1.054970520573919740e-01,-1.329246607855853468e-01,-1.186618507824760416e-01
-6.446919575228871047e-01,1.667680824023076713e-02,-3.460628646386132434e-02,1.063630889901989035e-01,-1.281021377707761699e-01,-1.207206922601137544e-01
-6.403898896775945815e-01,1.313754241211312346e-02,-3.010677012073970094e-02,1.072291259230058330e-01,-1.232796147559669375e-01,-1.227795337377514395e-01
-6.360878218323021693e-01,9.598276583995479783e-03,-2.560725377761802202e-02,1.080951628558127625e-01,-1.184570917411577606e-01,-1.248383752153891246e-01
-6.317857539870097572e-01,6.059010755877836107e-03,-2.110773743449639861e-02,1.089611997886197059e-01,-1.136345687263485837e-01,-1.268972166930268375e-01
-6.274836861417172340e-01,2.519744927760192432e-03,-1.660822109137471969e-02,1.098272367214266354e-01,-1.088120457115393513e-01,-1.289560581706645226e-01
-6.231816182964247108e-01,-1.019520900357451243e-03,-1.210870474825304077e-02,1.106932736542335649e-01,-1.039895226967301745e-01,-1.310148996483022354e-01
-6.188795504511321877e-01,-4.558786728475094918e-03,-7.609188405131417365e-03,1.115593105870404944e-01,-9.916699968192099757e-02,-1.330737411259399205e-01
-6.145774826058397755e-01,-8.098052556592738593e-03,-3.109672062009738447e-03,1.124253475198474239e-01,-9.434447666711182068e-02,-1.351325826035776057e-01
-6.102754147605473634e-01,-1.163731838471038227e-02,1.389844281111884960e-03,1.132913844526543673e-01,-8.952195365230258828e-02,-1.371914240812153185e-01
-6.059733469152548402e-01,-1.517658421282802594e-02,5.889360624233563879e-03,1.141574213854612968e-01,-8.469943063749341139e-02,-1.392502655588530036e-01
-6.016712790699623170e-01,-1.871585004094566962e-02,1.038887696735518729e-02,1.150234583182682263e-01,-7.987690762268423450e-02,-1.413091070364907165e-01
-5.973692112246697938e-01,-2.225511586906331329e-02,1.488839331047686620e-02,1.158894952510751558e-01,-7.505438460787500210e-02,-1.433679485141284016e-01
-5.930671433793773817e-01,-2.579438169718095697e-02,1.938790965359854512e-02,1.167555321838820992e-01,-7.023186159306582521e-02,-1.454267899917660867e-01
-5.887650755340849695e-01,-2.933364752529860064e-02,2.388742599672016853e-02,1.176215691166890287e-01,-6.540933857825664832e-02,-1.474856314694037995e-01
-5.844630076887924464e-01,-3.287291335341618881e-02,2.838694233984179194e-02,1.184876060494959443e-01,-6.058681556344752694e-02,-1.495444729470414569e-01
-5.801609398434999232e-01,-3.641217918153383248e-02,3.288645868296341535e-02,1.193536429823028738e-01,-5.576429254863835006e-02,-1.516033144246791697e-01
-5.758588719982075110e-01,-3.995144500965147616e-02,3.738597502608509426e-02,1.202196799151098033e-01,-5.094176953382911766e-02,-1.536621559023168548e-01
-5.715568041529150989e-01,-4.349071083776911983e-02,4.188549136920671767e-02,1.210857168479167467e-01,-4.611924651901994077e-02,-1.557209973799545399e-01
-5.672547363076225757e-01,-4.702997666588676351e-02,4.638500771232839659e-02,1.219517537807236762e-01,-4.129672350421076388e-02,-1.577798388575922528e-01
-5.610365382022143299e-01,-5.031337026249720068e-02,5.061436746035780782e-02,1.223126360881385405e-01,-3.644754705751344220e-02,-1.591930269563746336e-01
-5.459276415010458905e-01,-5.240953617594357183e-02,5.359022116518441514e-02,1.203296393743320120e-01,-3.147470071509264611e-02,-1.576104325093570790e-01
-5.308187447998774511e-01,-5.450570208938994299e-02,5.656607487001102247e-02,1.183466426605254834e-01,-2.650185437267185001e-02,-1.560278380623395245e-01
-5.157098480987090117e-01,-5.660186800283631414e-02,5.954192857483762980e-02,1.163636459467189549e-01,-2.152900803025105739e-02,-1.544452436153219421e-01
-5.006009513975406833e-01,-5.869803391628268530e-02,6.251778227966424406e-02,1.143806492329124125e-01,-1.655616168783026129e-02,-1.528626491683043875e-01
-4.854920546963722439e-01,-6.079419982972905645e-02,6.549363598449085833e-02,1.123976525191058840e-01,-1.158331534540946520e-02,-1.512800547212868330e-01
-4.703831579952038044e-01,-6.289036574317542760e-02,6.846948968931745871e-02,1.104146558052993554e-01,-6.610469002988669102e-03,-1.496974602742692784e-01
-4.552742612940353650e-01,-6.498653165662179876e-02,7.144534339414407298e-02,1.084316590914928269e-01,-1.637622660567876476e-03,-1.481148658272516960e-01
-4.401653645928669811e-01,-6.708269757006816991e-02,7.442119709897068724e-02,1.064486623776862984e-01,3.335223681852919619e-03,-1.465322713802341414e-01
-4.250564678916985417e-01,-6.917886348351454107e-02,7.739705080379728763e-02,1.044656656638797698e-01,8.308070024273715715e-03,-1.449496769332165869e-01
-4.099475711905301578e-01,-7.127502939696089834e-02,8.037290450862390190e-02,1.024826689500732413e-01,1.328091636669451181e-02,-1.433670824861990323e-01
-3.948386744893617184e-01,-7.337119531040728337e-02,8.334875821345050229e-02,1.004996722362666989e-01,1.825376270911530791e-02,-1.417844880391814499e-01
-3.797297777881935010e-01,-7.546736122385361289e-02,8.632461191827708880e-02,9.851667552246019810e-02,2.322660905153603461e-02,-1.402018935921639231e-01
-3.646208810870250616e-01,-7.756352713729998405e-02,8.930046562310368918e-02,9.653367880865366957e-02,2.819945539395682377e-02,-1.386192991451463685e-01
-3.495119843858566222e-01,-7.965969305074635520e-02,9.227631932793030345e-02,9.455068209484714103e-02,3.317230173637762680e-02,-1.370367046981287862e-01
-3.344030876846882383e-01,-8.175585896419274023e-02,9.525217303275690384e-02,9.256768538104061250e-02,3.814514807879841596e-02,-1.354541102511112316e-01
-3.192941909835198544e-01,-8.385202487763909751e-02,9.822802673758351810e-02,9.058468866723407009e-02,4.311799442121921899e-02,-1.338715158040936770e-01
-3.041852942823514150e-01,-8.594819079108546866e-02,1.012038804424101324e-01,8.860169195342754156e-02,4.809084076364000815e-02,-1.322889213570761224e-01
-2.890763975811829756e-01,-8.804435670453183982e-02,1.041797341472367466e-01,8.661869523962101303e-02,5.306368710606081118e-02,-1.307063269100585401e-01
-2.739675008800145917e-01,-9.014052261797821097e-02,1.071555878520633470e-01,8.463569852581448449e-02,5.803653344848160034e-02,-1.291237324630409855e-01
-2.588586041788461523e-01,-9.223668853142458213e-02,1.101314415568899613e-01,8.265270181200795596e-02,6.300937979090238950e-02,-1.275411380160234309e-01
-2.437497074776777128e-01,-9.433285444487095328e-02,1.131072952617165756e-01,8.066970509820142743e-02,6.798222613332319253e-02,-1.259585435690058763e-01
-2.286408107765093289e-01,-9.642902035831732444e-02,1.160831489665431759e-01,7.868670838439489890e-02,7.295507247574398169e-02,-1.243759491219882940e-01
-2.135319140753408895e-01,-9.852518627176369559e-02,1.190590026713697902e-01,7.670371167058837036e-02,7.792791881816478472e-02,-1.227933546749707394e-01
-1.984230173741725056e-01,-1.006213521852100667e-01,1.220348563761964045e-01,7.472071495678182795e-02,8.290076516058557388e-02,-1.212107602279531848e-01
-1.833141206730040662e-01,-1.027175180986564379e-01,1.250107100810229910e-01,7.273771824297529942e-02,8.787361150300637691e-02,-1.196281657809356164e-01
-1.682052239718356268e-01,-1.048136840121028091e-01,1.279865637858496052e-01,7.075472152916877089e-02,9.284645784542716607e-02,-1.180455713339180479e-01
-1.530963272706674094e-01,-1.069098499255491524e-01,1.309624174906761918e-01,6.877172481536225623e-02,9.781930418784789971e-02,-1.164629768869005211e-01
-1.379874305694990255e-01,-1.090060158389955236e-01,1.339382711955027783e-01,6.678872810155572770e-02,1.027921505302686889e-01,-1.148803824398829526e-01
-1.228785338683305861e-01,-1.111021817524418809e-01,1.369141249003293925e-01,6.480573138774919917e-02,1.077649968726894780e-01,-1.132977879928653842e-01
-1.077696371671622022e-01,-1.131983476658882659e-01,1.398899786051560068e-01,6.282273467394267064e-02,1.127378432151102672e-01,-1.117151935458478296e-01
-9.266074046599376279e-02,-1.152945135793346371e-01,1.428658323099826211e-01,6.083973796013614210e-02,1.177106895575310841e-01,-1.101325990988302750e-01
-7.755184376482532338e-02,-1.173906794927810082e-01,1.458416860148092353e-01,5.885674124632961357e-02,1.226835358999518732e-01,-1.085500046518127065e-01
-6.244294706365693948e-02,-1.194868454062273794e-01,1.488175397196358496e-01,5.687374453252308504e-02,1.276563822423726624e-01,-1.069674102047951381e-01
-4.733405036248850006e-02,-1.215830113196737505e-01,1.517933934244624639e-01,5.489074781871655651e-02,1.326292285847934516e-01,-1.053848157577775835e-01
-3.222515366132006065e-02,-1.236791772331201217e-01,1.547692471292890781e-01,5.290775110491001409e-02,1.376020749272142685e-01,-1.038022213107600289e-01
-1.711625696015162124e-02,-1.257753431465664651e-01,1.577451008341156924e-01,5.092475439110348556e-02,1.425749212696350576e-01,-1.022196268637424604e-01
-2.007360258983292844e-03,-1.278715090600128501e-01,1.607209545389422789e-01,4.894175767729695703e-02,1.475477676120558468e-01,-1.006370324167248920e-01
1.310153644218514657e-02,-1.299676749734592351e-01,1.636968082437688932e-01,4.695876096349042850e-02,1.525206139544766359e-01,-9.905443796970733739e-02
2.821043314335358598e-02,-1.320638408869055924e-01,1.666726619485955074e-01,4.497576424968389996e-02,1.574934602968974251e-01,-9.747184352268978280e-02
4.331932984452202540e-02,-1.341600068003519497e-01,1.696485156534220939e-01,4.299276753587737143e-02,1.624663066393182420e-01,-9.588924907567221434e-02
5.842822654569046481e-02,-1.362561727137983347e-01,1.726243693582487082e-01,4.100977082207082902e-02,1.674391529817390312e-01,-9.430665462865464588e-02
7.353712324685879320e-02,-1.383523386272447198e-01,1.756002230630753225e-01,3.902677410826430049e-02,1.724119993241598203e-01,-9.272406018163709129e-02
8.864601994802723262e-02,-1.404485045406910770e-01,1.785760767679019367e-01,3.704377739445777196e-02,1.773848456665806095e-01,-9.114146573461952283e-02
1.037549166491956720e-01,-1.425446704541374343e-01,1.815519304727285510e-01,3.506078068065124342e-02,1.823576920090014264e-01,-8.955887128760196825e-02
1.188638133503641114e-01,-1.446408363675838193e-01,1.845277841775551653e-01,3.307778396684471489e-02,1.873305383514222155e-01,-8.797627684058439979e-02
1.339727100515325509e-01,-1.467370022810302044e-01,1.875036378823817795e-01,3.109478725303818636e-02,1.923033846938430047e-01,-8.639368239356684520e-02
1.489886210475330763e-01,-1.488162876896338693e-01,1.904563921102294388e-01,2.912103083394444389e-02,1.972410066877528789e-01,-8.481676431684564976e-02
1.451154160028030604e-01,-1.474664673637645362e-01,1.887167186109044714e-01,2.902434787222046494e-02,1.950231545652138243e-01,-8.439294409561867716e-02
1.412422109580730445e-01,-1.461166470378952031e-01,1.869770451115795318e-01,2.892766491049648253e-02,1.928053024426747419e-01,-8.396912387439169068e-02
1.373690059133430563e-01,-1.447668267120258700e-01,1.852373716122545644e-01,2.883098194877250359e-02,1.905874503201356873e-01,-8.354530365316471807e-02
1.334958008686130404e-01,-1.434170063861565647e-01,1.834976981129296247e-01,2.873429898704852464e-02,1.883695981975966327e-01,-8.312148343193774547e-02
1.296225958238831355e-01,-1.420671860602872594e-01,1.817580246136047128e-01,2.863761602532454570e-02,1.861517460750576058e-01,-8.269766321071077286e-02
1.257493907791531196e-01,-1.407173657344179263e-01,1.800183511142797732e-01,2.854093306360056329e-02,1.839338939525185512e-01,-8.227384298948380026e-02
1.218761857344231037e-01,-1.393675454085485932e-01,1.782786776149548058e-01,2.844425010187658434e-02,1.817160418299794966e-01,-8.185002276825681378e-02
1.180029806896931016e-01,-1.380177250826792601e-01,1.765390041156298662e-01,2.834756714015260193e-02,1.794981897074404142e-01,-8.142620254702984117e-02
1.141297756449630857e-01,-1.366679047568099270e-01,1.747993306163049265e-01,2.825088417842862298e-02,1.772803375849013596e-01,-8.100238232580286857e-02
1.102565706002330836e-01,-1.353180844309405939e-01,1.730596571169799591e-01,2.815420121670464404e-02,1.750624854623623050e-01,-8.057856210457588209e-02
1.063833655555030677e-01,-1.339682641050712608e-01,1.713199836176550195e-01,2.805751825498066163e-02,1.728446333398232226e-01,-8.015474188334890948e-02
1.025101605107730518e-01,-1.326184437792019555e-01,1.695803101183300521e-01,2.796083529325668268e-02,1.706267812172841680e-01,-7.973092166212192300e-02
9.863695546604303588e-02,-1.312686234533326224e-01,1.678406366190051124e-01,2.786415233153270027e-02,1.684089290947450857e-01,-7.930710144089495039e-02
9.476375042131303383e-02,-1.299188031274632893e-01,1.661009631196801450e-01,2.776746936980872132e-02,1.661910769722060310e-01,-7.888328121966797779e-02
9.089054537658301791e-02,-1.285689828015939562e-01,1.643612896203552054e-01,2.767078640808473891e-02,1.639732248496669764e-01,-7.845946099844099131e-02
8.701734033185301587e-02,-1.272191624757246231e-01,1.626216161210302658e-01,2.757410344636075997e-02,1.617553727271279218e-01,-7.803564077721401870e-02
8.314413528712299994e-02,-1.258693421498552900e-01,1.608819426217052984e-01,2.747742048463677755e-02,1.595375206045888394e-01,-7.761182055598703222e-02
7.927093024239298402e-02,-1.245195218239859569e-01,1.591422691223803587e-01,2.738073752291279861e-02,1.573196684820497848e-01,-7.718800033476005962e-02
7.539772519766298198e-02,-1.231697014981166238e-01,1.574025956230554191e-01,2.728405456118881620e-02,1.551018163595107024e-01,-7.676418011353308701e-02
7.152452015293296606e-02,-1.218198811722472907e-01,1.556629221237304517e-01,2.718737159946483725e-02,1.528839642369716478e-01,-7.634035989230610053e-02
6.765131510820295013e-02,-1.204700608463779576e-01,1.539232486244054843e-01,2.709068863774085484e-02,1.506661121144325932e-01,-7.591653967107912793e-02
6.377811006347294809e-02,-1.191202405205086384e-01,1.521835751250805446e-01,2.699400567601687589e-02,1.484482599918935108e-01,-7.549271944985215532e-02
5.990490501874293217e-02,-1.177704201946393053e-01,1.504439016257556050e-01,2.689732271429289695e-02,1.462304078693544562e-01,-7.506889922862516884e-02
5.603169997401291624e-02,-1.164205998687699722e-01,1.487042281264306376e-01,2.680063975256891454e-02,1.440125557468153739e-01,-7.464507900739819624e-02
5.215849492928291420e-02,-1.150707795429006530e-01,1.469645546271056979e-01,2.670395679084493212e-02,1.417947036242763192e-01,-7.422125878617122363e-02
4.828528988455289828e-02,-1.137209592170313199e-01,1.452248811277807583e-01,2.660727382912095318e-02,1.395768515017372646e-01,-7.379743856494423715e-02
4.441208483982288235e-02,-1.123711388911619868e-01,1.434852076284557909e-01,2.651059086739697424e-02,1.373589993791982100e-01,-7.337361834371726454e-02
4.053887979509288031e-02,-1.110213185652926537e-01,1.417455341291308235e-01,2.641390790567299182e-02,1.351411472566591276e-01,-7.294979812249027806e-02
3.666567475036286439e-02,-1.096714982394233207e-01,1.400058606298058839e-01,2.631722494394901288e-02,1.329232951341200730e-01,-7.252597790126330546e-02
3.279246970563284846e-02,-1.083216779135539876e-01,1.382661871304809442e-01,2.622054198222503046e-02,1.307054430115809907e-01,-7.210215768003633285e-02
2.891926466090284642e-02,-1.069718575876846545e-01,1.365265136311559768e-01,2.612385902050105152e-02,1.284875908890419360e-01,-7.167833745880934637e-02
2.504605961617283050e-02,-1.056220372618153214e-01,1.347868401318310372e-01,2.602717605877706911e-02,1.262697387665028814e-01,-7.125451723758237377e-02
2.117285457144282845e-02,-1.042722169359459883e-01,1.330471666325060975e-01,2.593049309705309016e-02,1.240518866439638129e-01,-7.083069701635538729e-02
1.729964952671281253e-02,-1.029223966100766691e-01,1.313074931331811301e-01,2.583381013532910775e-02,1.218340345214247444e-01,-7.040687679512841468e-02
1.342644448198279661e-02,-1.015725762842073360e-01,1.295678196338561905e-01,2.573712717360512880e-02,1.196161823988856759e-01,-6.998305657390144208e-02
9.553239437252891708e-03,-1.002227559583380445e-01,1.278281461345312786e-01,2.564044421188114986e-02,1.173983302763466768e-01,-6.955923635267446947e-02
5.680034392522875786e-03,-9.887293563246871142e-02,1.260884726352063390e-01,2.554376125015717092e-02,1.151804781538076083e-01,-6.913541613144749687e-02
1.806829347792859863e-03,-9.752311530659937833e-02,1.243487991358813716e-01,2.544707828843318850e-02,1.129626260312685399e-01,-6.871159591022052426e-02
-2.066375696937128303e-03,-9.617329498073004523e-02,1.226091256365564180e-01,2.535039532670920956e-02,1.107447739087294852e-01,-6.828777568899353778e-02
-5.939580741667144226e-03,-9.482347465486071214e-02,1.208694521372314645e-01,2.525371236498522715e-02,1.085269217861904167e-01,-6.786395546776656518e-02
-9.812785786397160148e-03,-9.347365432899137905e-02,1.191297786379065249e-01,2.515702940326124820e-02,1.063090696636513482e-01,-6.744013524653957870e-02
-1.368599083112717607e-02,-9.212383400312205983e-02,1.173901051385815714e-01,2.506034644153726926e-02,1.040912175411122936e-01,-6.701631502531260609e-02
-1.755919587585719199e-02,-9.077401367725272674e-02,1.156504316392566178e-01,2.496366347981328684e-02,1.018733654185732251e-01,-6.659249480408563349e-02
-2.143240092058720792e-02,-8.942419335138339365e-02,1.139107581399316643e-01,2.486698051808930443e-02,9.965551329603415665e-02,-6.616867458285864700e-02
-2.530560596531719608e-02,-8.807437302551407443e-02,1.121710846406067108e-01,2.477029755636532549e-02,9.743766117349508815e-02,-6.574485436163167440e-02
-2.917881101004721200e-02,-8.672455269964474134e-02,1.104314111412817573e-01,2.467361459464134654e-02,9.521980905095603354e-02,-6.532103414040468792e-02
-3.305201605477722793e-02,-8.537473237377540825e-02,1.086917376419568176e-01,2.457693163291736413e-02,9.300195692841696504e-02,-6.489721391917771531e-02
-3.692522109950724385e-02,-8.402491204790607515e-02,1.069520641426318641e-01,2.448024867119338172e-02,9.078410480587789655e-02,-6.447339369795074271e-02
-3.889347984175152428e-02,-8.308115515660918771e-02,1.057590897789817408e-01,2.423218422679653331e-02,8.935772653636375740e-02,-6.399028071496112857e-02
-3.789376076656324893e-02,-8.277006033285297382e-02,1.054178931821794923e-01,2.374826175219961477e-02,8.916449422786529300e-02,-6.341478738433761753e-02
-3.689404169137496664e-02,-8.245896550909677380e-02,1.050766965853772439e-01,2.326433927760269277e-02,8.897126191936682860e-02,-6.283929405371410648e-02
-3.589432261618668435e-02,-8.214787068534055992e-02,1.047354999885750093e-01,2.278041680300577423e-02,8.877802961086836420e-02,-6.226380072309060237e-02
-3.489460354099840206e-02,-8.183677586158435990e-02,1.043943033917727609e-01,2.229649432840885570e-02,8.858479730236989980e-02,-6.168830739246709827e-02
-3.389488446581011977e-02,-8.152568103782814601e-02,1.040531067949705124e-01,2.181257185381193717e-02,8.839156499387143540e-02,-6.111281406184358722e-02
-3.289516539062183748e-02,-8.121458621407193212e-02,1.037119101981682640e-01,2.132864937921501516e-02,8.819833268537297100e-02,-6.053732073122007618e-02
-3.189544631543355518e-02,-8.090349139031573211e-02,1.033707136013660155e-01,2.084472690461809663e-02,8.800510037687449272e-02,-5.996182740059657207e-02
-3.089572724024527636e-02,-8.059239656655951822e-02,1.030295170045637809e-01,2.036080443002117810e-02,8.781186806837602832e-02,-5.938633406997306102e-02
-2.989600816505699754e-02,-8.028130174280331821e-02,1.026883204077615325e-01,1.987688195542425956e-02,8.761863575987756392e-02,-5.881084073934955692e-02
-2.889628908986871525e-02,-7.997020691904710432e-02,1.023471238109592840e-01,1.939295948082733756e-02,8.742540345137909952e-02,-5.823534740872604587e-02
-2.789657001468043296e-02,-7.965911209529090431e-02,1.020059272141570356e-01,1.890903700623041903e-02,8.723217114288063512e-02,-5.765985407810253482e-02
-2.689685093949215067e-02,-7.934801727153469042e-02,1.016647306173547871e-01,1.842511453163350049e-02,8.703893883438217072e-02,-5.708436074747903072e-02
-2.589713186430386838e-02,-7.903692244777847653e-02,1.013235340205525525e-01,1.794119205703657849e-02,8.684570652588370632e-02,-5.650886741685551967e-02
-2.489741278911558608e-02,-7.872582762402227652e-02,1.009823374237503041e-01,1.745726958243965996e-02,8.665247421738524192e-02,-5.593337408623201557e-02
-2.389769371392730726e-02,-7.841473280026606263e-02,1.006411408269480556e-01,1.697334710784274142e-02,8.645924190888677752e-02,-5.535788075560850452e-02
-2.289797463873902497e-02,-7.810363797650986262e-02,1.002999442301458072e-01,1.648942463324581942e-02,8.626600960038831312e-02,-5.478238742498499347e-02
-2.189825556355074268e-02,-7.779254315275364873e-02,9.995874763334355873e-02,1.600550215864890435e-02,8.607277729188984872e-02,-5.420689409436148937e-02
-2.089853648836246386e-02,-7.748144832899744872e-02,9.961755103654131027e-02,1.552157968405198235e-02,8.587954498339137044e-02,-5.363140076373797832e-02
-1.989881741317418157e-02,-7.717035350524123483e-02,9.927635443973907570e-02,1.503765720945506208e-02,8.568631267489290604e-02,-5.305590743311447421e-02
-1.889909833798592703e-02,-7.685925868148503481e-02,9.893515784293682724e-02,1.455373473485815743e-02,8.549308036639445552e-02,-5.248041410249097705e-02
-1.789937926279764474e-02,-7.654816385772883480e-02,9.859396124613459267e-02,1.406981226026123716e-02,8.529984805789599112e-02,-5.190492077186747294e-02
-1.689966018760936592e-02,-7.623706903397262091e-02,9.825276464933234422e-02,1.358588978566431862e-02,8.510661574939752672e-02,-5.132942744124396189e-02
-1.589994111242108363e-02,-7.592597421021640702e-02,9.791156805253009576e-02,1.310196731106739836e-02,8.491338344089904844e-02,-5.075393411062045779e-02
-1.490022203723280134e-02,-7.561487938646020701e-02,9.757037145572784731e-02,1.261804483647047809e-02,8.472015113240058404e-02,-5.017844077999694674e-02
-1.390050296204451905e-02,-7.530378456270399312e-02,9.722917485892559886e-02,1.213412236187355955e-02,8.452691882390211964e-02,-4.960294744937343570e-02
-1.290078388685624022e-02,-7.499268973894779311e-02,9.688797826212336428e-02,1.165019988727663929e-02,8.433368651540365524e-02,-4.902745411874993159e-02
-1.190106481166795793e-02,-7.468159491519157922e-02,9.654678166532111583e-02,1.116627741267972075e-02,8.414045420690519084e-02,-4.845196078812642748e-02
-1.090134573647967564e-02,-7.437050009143536533e-02,9.620558506851886738e-02,1.068235493808280048e-02,8.394722189840672644e-02,-4.787646745750291644e-02
-9.901626661291393350e-03,-7.405940526767916532e-02,9.586438847171661892e-02,1.019843246348588195e-02,8.375398958990826204e-02,-4.730097412687940539e-02
-8.901907586103114528e-03,-7.374831044392295143e-02,9.552319187491437047e-02,9.714509988888961681e-03,8.356075728140979764e-02,-4.672548079625589434e-02
-7.902188510914828767e-03,-7.343721562016675142e-02,9.518199527811213589e-02,9.230587514292043147e-03,8.336752497291133324e-02,-4.614998746563239024e-02
-6.902469435726553415e-03,-7.312612079641053753e-02,9.484079868130988744e-02,8.746665039695122879e-03,8.317429266441286884e-02,-4.557449413500888613e-02
-5.902750360538271124e-03,-7.281502597265433752e-02,9.449960208450763899e-02,8.262742565098204345e-03,8.298106035591440444e-02,-4.499900080438537509e-02
-4.903031285349988833e-03,-7.250393114889812363e-02,9.415840548770539054e-02,7.778820090501282342e-03,8.278782804741594004e-02,-4.442350747376186404e-02
-3.903312210161706541e-03,-7.219283632514190974e-02,9.381720889090314208e-02,7.294897615904363808e-03,8.259459573891747564e-02,-4.384801414313835299e-02
-2.903593134973424250e-03,-7.188174150138570973e-02,9.347601229410090751e-02,6.810975141307445274e-03,8.240136343041899736e-02,-4.327252081251484889e-02
-1.903874059785141959e-03,-7.157064667762949584e-02,9.313481569729865905e-02,6.327052666710526740e-03,8.220813112192053296e-02,-4.269702748189134478e-02
-9.041549845968596677e-04,-7.125955185387329582e-02,9.279361910049641060e-02,5.843130192113604737e-03,8.201489881342206856e-02,-4.212153415126783373e-02
9.556409059142262352e-05,-7.094845703011708193e-02,9.245242250369416215e-02,5.359207717516686204e-03,8.182166650492360416e-02,-4.154604082064432269e-02
1.095283165779697976e-03,-7.063736220636088192e-02,9.211122590689191370e-02,4.875285242919767670e-03,8.162843419642513976e-02,-4.097054749002081164e-02
2.095002240967980267e-03,-7.032626738260466803e-02,9.177002931008966524e-02,4.391362768322849136e-03,8.143520188792667536e-02,-4.039505415939730754e-02
3.094721316156262558e-03,-7.001517255884845414e-02,9.142883271328743067e-02,3.907440293725927133e-03,8.124196957942821096e-02,-3.981956082877380343e-02
4.094440391344544850e-03,-6.970407773509225413e-02,9.108763611648518221e-02,3.423517819129008599e-03,8.104873727092974656e-02,-3.924406749815029238e-02
5.094159466532827141e-03,-6.939298291133604024e-02,9.074643951968293376e-02,2.939595344532090065e-03,8.085550496243128216e-02,-3.866857416752678134e-02
6.093878541721109432e-03,-6.908188808757984023e-02,9.040524292288068531e-02,2.455672869935168062e-03,8.066227265393281776e-02,-3.809308083690327029e-02
7.093597616909391723e-03,-6.877079326382362634e-02,9.006404632607843685e-02,1.971750395338249529e-03,8.046904034543435336e-02,-3.751758750627976619e-02
8.093316692097674014e-03,-6.845969844006741245e-02,8.972284972927618840e-02,1.487827920741330995e-03,8.027580803693587508e-02,-3.694209417565626208e-02
9.093035767285949367e-03,-6.814860361631121244e-02,8.938165313247395383e-02,1.003905446144412461e-03,8.008257572843741068e-02,-3.636660084503275103e-02
1.009275484247423166e-02,-6.783750879255499855e-02,8.904045653567170537e-02,5.199829715474904579e-04,7.988934341993894628e-02,-3.579110751440923999e-02
1.039264851261769047e-02,-6.743562836369119962e-02,8.856998631754021967e-02,1.261044677941665869e-04,7.947297628940426517e-02,-3.529109870664686593e-02
1.013187898338110092e-02,-6.696101529687235876e-02,8.799594889306418255e-02,-1.956355562551029530e-04,7.887784530961132468e-02,-3.485156411686169547e-02
9.871109454144504428e-03,-6.648640223005350403e-02,8.742191146858813156e-02,-5.173755803043814105e-04,7.828271432981838418e-02,-3.441202952707651114e-02
9.610339924907907935e-03,-6.601178916323464929e-02,8.684787404411208056e-02,-8.391156043536598681e-04,7.768758335002542981e-02,-3.397249493729133374e-02
9.349570395671311443e-03,-6.553717609641579456e-02,8.627383661963604344e-02,-1.160855628402938326e-03,7.709245237023248931e-02,-3.353296034750614940e-02
9.088800866434716685e-03,-6.506256302959695370e-02,8.569979919515999245e-02,-1.482595652452216566e-03,7.649732139043953494e-02,-3.309342575772097200e-02
8.828031337198120193e-03,-6.458794996277809897e-02,8.512576177068394145e-02,-1.804335676501495241e-03,7.590219041064659444e-02,-3.265389116793578766e-02
8.567261807961523701e-03,-6.411333689595924423e-02,8.455172434620789046e-02,-2.126075700550773481e-03,7.530705943085364007e-02,-3.221435657815061027e-02
8.306492278724927208e-03,-6.363872382914040338e-02,8.397768692173183946e-02,-2.447815724600052156e-03,7.471192845106069957e-02,-3.177482198836542593e-02
8.045722749488330716e-03,-6.316411076232154864e-02,8.340364949725578847e-02,-2.769555748649330396e-03,7.411679747126774520e-02,-3.133528739858024159e-02
7.784953220251735091e-03,-6.268949769550269391e-02,8.282961207277973747e-02,-3.091295772698608637e-03,7.352166649147479083e-02,-3.089575280879506419e-02
7.524183691015138599e-03,-6.221488462868383917e-02,8.225557464830368648e-02,-3.413035796747887311e-03,7.292653551168185033e-02,-3.045621821900987986e-02
7.263414161778542974e-03,-6.174027156186499138e-02,8.168153722382763549e-02,-3.734775820797165552e-03,7.233140453188889596e-02,-3.001668362922470246e-02
7.002644632541946482e-03,-6.126565849504614358e-02,8.110749979935158449e-02,-4.056515844846443793e-03,7.173627355209595546e-02,-2.957714903943951812e-02
6.741875103305349989e-03,-6.079104542822728885e-02,8.053346237487554737e-02,-4.378255868895722901e-03,7.114114257230300109e-02,-2.913761444965433725e-02
6.481105574068754364e-03,-6.031643236140843412e-02,7.995942495039949638e-02,-4.699995892945001141e-03,7.054601159251006059e-02,-2.869807985986915638e-02
6.220336044832157872e-03,-5.984181929458958632e-02,7.938538752592344538e-02,-5.021735916994279382e-03,6.995088061271710622e-02,-2.825854527008397551e-02
5.959566515595561380e-03,-5.936720622777073852e-02,7.881135010144739439e-02,-5.343475941043557623e-03,6.935574963292416573e-02,-2.781901068029879465e-02
5.698796986358965755e-03,-5.889259316095188379e-02,7.823731267697134339e-02,-5.665215965092836731e-03,6.876061865313121135e-02,-2.737947609051361378e-02
5.438027457122369263e-03,-5.841798009413302906e-02,7.766327525249529240e-02,-5.986955989142114971e-03,6.816548767333827086e-02,-2.693994150072843291e-02
5.177257927885772770e-03,-5.794336702731418126e-02,7.708923782801924141e-02,-6.308696013191393212e-03,6.757035669354531648e-02,-2.650040691094324857e-02
4.916488398649177145e-03,-5.746875396049533347e-02,7.651520040354319041e-02,-6.630436037240671453e-03,6.697522571375237599e-02,-2.606087232115807117e-02
4.655718869412580653e-03,-5.699414089367647873e-02,7.594116297906713942e-02,-6.952176061289949693e-03,6.638009473395942162e-02,-2.562133773137288684e-02
4.394949340175984161e-03,-5.651952782685762400e-02,7.536712555459108842e-02,-7.273916085339228801e-03,6.578496375416648112e-02,-2.518180314158770597e-02
4.134179810939388536e-03,-5.604491476003877620e-02,7.479308813011503743e-02,-7.595656109388507042e-03,6.518983277437352675e-02,-2.474226855180252510e-02
3.873410281702792043e-03,-5.557030169321992841e-02,7.421905070563900031e-02,-7.917396133437785283e-03,6.459470179458057237e-02,-2.430273396201734423e-02
3.612640752466195551e-03,-5.509568862640107367e-02,7.364501328116294931e-02,-8.239136157487062656e-03,6.399957081478763188e-02,-2.386319937223216336e-02
3.351871223229599926e-03,-5.462107555958221894e-02,7.307097585668689832e-02,-8.560876181536343499e-03,6.340443983499469138e-02,-2.342366478244697903e-02
3.091101693993003434e-03,-5.414646249276337114e-02,7.249693843221084733e-02,-8.882616205585620872e-03,6.280930885520173701e-02,-2.298413019266180163e-02
2.830332164756406942e-03,-5.367184942594452335e-02,7.192290100773479633e-02,-9.204356229634898245e-03,6.221417787540878264e-02,-2.254459560287661729e-02
2.569562635519811317e-03,-5.319723635912566861e-02,7.134886358325874534e-02,-9.526096253684179088e-03,6.161904689561584214e-02,-2.210506101309143989e-02
2.308793106283214824e-03,-5.272262329230682082e-02,7.077482615878269434e-02,-9.847836277733456462e-03,6.102391591582288777e-02,-2.166552642330625555e-02
2.048023577046618332e-03,-5.224801022548796609e-02,7.020078873430664335e-02,-1.016957630178273383e-02,6.042878493602994727e-02,-2.122599183352107469e-02
1.787254047810021840e-03,-5.177339715866911829e-02,6.962675130983059235e-02,-1.049131632583201121e-02,5.983365395623699290e-02,-2.078645724373589382e-02
1.526484518573427082e-03,-5.129878409185026356e-02,6.905271388535454136e-02,-1.081305634988129205e-02,5.923852297644405240e-02,-2.034692265395071295e-02
1.265714989336830590e-03,-5.082417102503140882e-02,6.847867646087849036e-02,-1.113479637393056942e-02,5.864339199665109803e-02,-1.990738806416553208e-02
1.004945460100234098e-03,-5.034955795821256103e-02,6.790463903640245324e-02,-1.145653639797984680e-02,5.804826101685815060e-02,-1.946785347438035121e-02
7.441759308636376052e-04,-4.987494489139371323e-02,6.733060161192638837e-02,-1.177827642202912764e-02,5.745313003706520316e-02,-1.902831888459516688e-02
4.834064016270411129e-04,-4.940033182457485850e-02,6.675656418745035126e-02,-1.210001644607840501e-02,5.685799905727225573e-02,-1.858878429480998601e-02
2.226368723904446206e-04,-4.892571875775600376e-02,6.618252676297430026e-02,-1.242175647012768239e-02,5.626286807747930829e-02,-1.814924970502480514e-02
-3.813265684615013695e-05,-4.845110569093715597e-02,6.560848933849824927e-02,-1.274349649417696323e-02,5.566773709768636086e-02,-1.770971511523962427e-02
-2.989021860827466293e-04,-4.797649262411830817e-02,6.503445191402219827e-02,-1.306523651822624060e-02,5.507260611789341342e-02,-1.727018052545444340e-02
-5.596717153193431216e-04,-4.750187955729945344e-02,6.446041448954614728e-02,-1.338697654227551798e-02,5.447747513810046599e-02,-1.683064593566926254e-02
-8.204412445559396139e-04,-4.702726649048059870e-02,6.388637706507009628e-02,-1.370871656632479882e-02,5.388234415830751856e-02,-1.639111134588408167e-02
-1.081210773792536106e-03,-4.655265342366175091e-02,6.331233964059404529e-02,-1.403045659037407619e-02,5.328721317851456418e-02,-1.595157675609890080e-02
-1.341980303029132598e-03,-4.607804035684290311e-02,6.273830221611799429e-02,-1.435219661442335357e-02,5.269208219872162369e-02,-1.551204216631371993e-02
-1.602749832265727356e-03,-4.560342729002404838e-02,6.216426479164195024e-02,-1.467393663847263094e-02,5.209695121892866931e-02,-1.507250757652853559e-02
-1.863519361502323848e-03,-4.512881422320519365e-02,6.159022736716589924e-02,-1.499567666252191178e-02,5.150182023913572882e-02,-1.463297298674335473e-02
-2.124288890738920341e-03,-4.465420115638635279e-02,6.101618994268984825e-02,-1.531741668657118915e-02,5.090668925934277445e-02,-1.419343839695817386e-02
-2.385058419975516833e-03,-4.417958808956749805e-02,6.044215251821380419e-02,-1.563915671062047000e-02,5.031155827954983395e-02,-1.375390380717299299e-02
-2.645827949212097713e-03,-4.370497502274867108e-02,5.986811509373778095e-02,-1.596089673466973002e-02,4.971642729975691427e-02,-1.331436921738783641e-02
-2.670838809971656617e-03,-4.331170261661062421e-02,5.940028190720543499e-02,-1.628607556944908219e-02,4.925544606639310069e-02,-1.289425846041166931e-02
-2.603005131693942893e-03,-4.295046312020543711e-02,5.897427319983006289e-02,-1.661260864837604129e-02,4.884729458240720523e-02,-1.248179703745689803e-02
-2.535171453416229168e-03,-4.258922362380025695e-02,5.854826449245469078e-02,-1.693914172730299691e-02,4.843914309842130284e-02,-1.206933561450212675e-02
-2.467337775138515009e-03,-4.222798412739506985e-02,5.812225578507931867e-02,-1.726567480622995601e-02,4.803099161443540044e-02,-1.165687419154735546e-02
-2.399504096860801284e-03,-4.186674463098988275e-02,5.769624707770394656e-02,-1.759220788515691511e-02,4.762284013044950498e-02,-1.124441276859258244e-02
-2.331670418583087559e-03,-4.150550513458469565e-02,5.727023837032857445e-02,-1.791874096408387074e-02,4.721468864646360258e-02,-1.083195134563781116e-02
-2.263836740305373400e-03,-4.114426563817951549e-02,5.684422966295320234e-02,-1.824527404301082983e-02,4.680653716247770019e-02,-1.041948992268303988e-02
-2.196003062027659675e-03,-4.078302614177432839e-02,5.641822095557783023e-02,-1.857180712193778893e-02,4.639838567849180473e-02,-1.000702849972826686e-02
-2.128169383749945950e-03,-4.042178664536914129e-02,5.599221224820245812e-02,-1.889834020086474456e-02,4.599023419450590233e-02,-9.594567076773495573e-03
-2.060335705472231792e-03,-4.006054714896396113e-02,5.556620354082708602e-02,-1.922487327979170366e-02,4.558208271051999994e-02,-9.182105653818724289e-03
-1.992502027194518067e-03,-3.969930765255877403e-02,5.514019483345171391e-02,-1.955140635871866275e-02,4.517393122653410448e-02,-8.769644230863953005e-03
-1.924668348916804125e-03,-3.933806815615358693e-02,5.471418612607634180e-02,-1.987793943764561838e-02,4.476577974254820208e-02,-8.357182807909181721e-03
-1.856834670639090183e-03,-3.897682865974840677e-02,5.428817741870096969e-02,-2.020447251657257748e-02,4.435762825856229968e-02,-7.944721384954410437e-03
-1.789000992361376458e-03,-3.861558916334321967e-02,5.386216871132559758e-02,-2.053100559549953658e-02,4.394947677457640423e-02,-7.532259961999638286e-03
-1.721167314083662516e-03,-3.825434966693803257e-02,5.343616000395022547e-02,-2.085753867442649567e-02,4.354132529059050183e-02,-7.119798539044866134e-03
-1.653333635805948575e-03,-3.789311017053284547e-02,5.301015129657485336e-02,-2.118407175335345130e-02,4.313317380660459943e-02,-6.707337116090094850e-03
-1.585499957528234850e-03,-3.753187067412766531e-02,5.258414258919948125e-02,-2.151060483228041040e-02,4.272502232261870397e-02,-6.294875693135322699e-03
-1.517666279250520908e-03,-3.717063117772247821e-02,5.215813388182410915e-02,-2.183713791120736603e-02,4.231687083863280158e-02,-5.882414270180551415e-03
-1.449832600972806966e-03,-3.680939168131729111e-02,5.173212517444873704e-02,-2.216367099013432512e-02,4.190871935464689918e-02,-5.469952847225780131e-03
-1.381998922695093024e-03,-3.644815218491211095e-02,5.130611646707336493e-02,-2.249020406906128422e-02,4.150056787066100372e-02,-5.057491424271007979e-03
-1.314165244417379299e-03,-3.608691268850692385e-02,5.088010775969799282e-02,-2.281673714798824332e-02,4.109241638667510133e-02,-4.645030001316236695e-03
-1.246331566139665357e-03,-3.572567319210173675e-02,5.045409905232262071e-02,-2.314327022691519894e-02,4.068426490268919893e-02,-4.232568578361465411e-03
-1.178497887861951416e-03,-3.536443369569655659e-02,5.002809034494724860e-02,-2.346980330584215804e-02,4.027611341870330347e-02,-3.820107155406692392e-03
-1.110664209584237691e-03,-3.500319419929136949e-02,4.960208163757187649e-02,-2.379633638476911367e-02,3.986796193471740107e-02,-3.407645732451921108e-03
-1.042830531306523749e-03,-3.464195470288618239e-02,4.917607293019650438e-02,-2.412286946369607277e-02,3.945981045073150562e-02,-2.995184309497149824e-03
-9.749968530288098071e-04,-3.428071520648100223e-02,4.875006422282113228e-02,-2.444940254262303186e-02,3.905165896674560322e-02,-2.582722886542378540e-03
-9.071631747510960821e-04,-3.391947571007581513e-02,4.832405551544576017e-02,-2.477593562154999096e-02,3.864350748275970082e-02,-2.170261463587607256e-03
-8.393294964733821403e-04,-3.355823621367062803e-02,4.789804680807038806e-02,-2.510246870047694659e-02,3.823535599877379842e-02,-1.757800040632834238e-03
-7.714958181956681985e-04,-3.319699671726544787e-02,4.747203810069501595e-02,-2.542900177940390222e-02,3.782720451478790297e-02,-1.345338617678062954e-03
-7.036621399179542567e-04,-3.283575722086026077e-02,4.704602939331964384e-02,-2.575553485833086131e-02,3.741905303080200057e-02,-9.328771947232916695e-04
-6.358284616402405318e-04,-3.247451772445507368e-02,4.662002068594427173e-02,-2.608206793725782041e-02,3.701090154681610511e-02,-5.204157717685203854e-04
-5.679947833625263731e-04,-3.211327822804989351e-02,4.619401197856889962e-02,-2.640860101618477951e-02,3.660275006283020272e-02,-1.079543488137491014e-04
-5.001611050848126482e-04,-3.175203873164470642e-02,4.576800327119352751e-02,-2.673513409511173861e-02,3.619459857884430032e-02,3.045070741410239173e-04
-4.323274268070989232e-04,-3.139079923523951932e-02,4.534199456381815541e-02,-2.706166717403869423e-02,3.578644709485839792e-02,7.169684970957952014e-04
-3.644937485293847645e-04,-3.102955973883433222e-02,4.491598585644278330e-02,-2.738820025296564986e-02,3.537829561087250246e-02,1.129429920050566485e-03
-2.966600702516710396e-04,-3.066832024242915206e-02,4.448997714906741119e-02,-2.771473333189260896e-02,3.497014412688660007e-02,1.541891343005337769e-03
-2.288263919739573146e-04,-3.030708074602396496e-02,4.406396844169203908e-02,-2.804126641081956806e-02,3.456199264290070461e-02,1.954352765960110788e-03
-1.609927136962431560e-04,-2.994584124961877786e-02,4.363795973431666697e-02,-2.836779948974652715e-02,3.415384115891480221e-02,2.366814188914882072e-03
-9.315903541852943101e-05,-2.958460175321359423e-02,4.321195102694129486e-02,-2.869433256867348625e-02,3.374568967492889981e-02,2.779275611869653356e-03
-2.532535714081570605e-05,-2.922336225680841060e-02,4.278594231956592275e-02,-2.902086564760044188e-02,3.333753819094299742e-02,3.191737034824424640e-03
4.250832113689845260e-05,-2.886212276040322350e-02,4.235993361219055064e-02,-2.934739872652739751e-02,3.292938670695710196e-02,3.604198457779195924e-03
1.103419994146121776e-04,-2.850088326399803987e-02,4.193392490481517854e-02,-2.967393180545435660e-02,3.252123522297119956e-02,4.016659880733967208e-03
1.781756776923259025e-04,-2.813964376759285624e-02,4.150791619743981337e-02,-3.000046488438131570e-02,3.211308373898530411e-02,4.429121303688738492e-03
2.460093559700400612e-04,-2.777840427118766914e-02,4.108190749006444126e-02,-3.032699796330827480e-02,3.170493225499940171e-02,4.841582726643513246e-03
3.138430342477537861e-04,-2.741716477478248551e-02,4.065589878268906915e-02,-3.065353104223523389e-02,3.129678077101349931e-02,5.254044149598284530e-03
3.816767125254675111e-04,-2.705592527837729841e-02,4.022989007531369704e-02,-3.098006412116218952e-02,3.088862928702760038e-02,5.666505572553055814e-03
4.495103908031816697e-04,-2.669468578197211478e-02,3.980388136793832493e-02,-3.130659720008914515e-02,3.048047780304170146e-02,6.078966995507827098e-03
5.173440690808953947e-04,-2.633344628556693115e-02,3.937787266056295282e-02,-3.163313027901610425e-02,3.007232631905580253e-02,6.491428418462598382e-03
5.851777473586095533e-04,-2.597220678916174405e-02,3.895186395318758071e-02,-3.195966335794306334e-02,2.966417483506990013e-02,6.903889841417369666e-03
6.530114256363232783e-04,-2.561096729275656042e-02,3.852585524581220860e-02,-3.228619643687002244e-02,2.925602335108400121e-02,7.316351264372140950e-03
7.208451039140370033e-04,-2.524972779635137332e-02,3.809984653843683650e-02,-3.261272951579698154e-02,2.884787186709810228e-02,7.728812687326912234e-03
7.802913121256212616e-04,-2.488983606006255761e-02,3.767543817452794624e-02,-3.293779491973899964e-02,2.843975538692299077e-02,8.138875337750012262e-03
7.619690128016384746e-04,-2.454244073710402582e-02,3.726586817331504348e-02,-3.324925206133390321e-02,2.803196346159982436e-02,8.526696602121717344e-03
7.436467134776557960e-04,-2.419504541414549403e-02,3.685629817210214071e-02,-3.356070920292879983e-02,2.762417153627665448e-02,8.914517866493422427e-03
7.253244141536730090e-04,-2.384765009118696225e-02,3.644672817088923794e-02,-3.387216634452369646e-02,2.721637961095348460e-02,9.302339130865127509e-03
7.070021148296903304e-04,-2.350025476822843046e-02,3.603715816967634211e-02,-3.418362348611860002e-02,2.680858768563031819e-02,9.690160395236832591e-03
6.886798155057075434e-04,-2.315285944526989867e-02,3.562758816846343934e-02,-3.449508062771349665e-02,2.640079576030714831e-02,1.007798165960853767e-02
6.703575161817247564e-04,-2.280546412231136688e-02,3.521801816725053658e-02,-3.480653776930839327e-02,2.599300383498397843e-02,1.046580292398024276e-02
6.520352168577420778e-04,-2.245806879935283162e-02,3.480844816603763381e-02,-3.511799491090329683e-02,2.558521190966080855e-02,1.085362418835194784e-02
6.337129175337592908e-04,-2.211067347639429984e-02,3.439887816482473104e-02,-3.542945205249819346e-02,2.517741998433764214e-02,1.124144545272365292e-02
6.153906182097765038e-04,-2.176327815343576805e-02,3.398930816361182827e-02,-3.574090919409309008e-02,2.476962805901447226e-02,1.162926671709535800e-02
5.970683188857938252e-04,-2.141588283047723626e-02,3.357973816239892551e-02,-3.605236633568799365e-02,2.436183613369130585e-02,1.201708798146706308e-02
5.787460195618120140e-04,-2.106848750751872529e-02,3.317016816118604355e-02,-3.636382347728287640e-02,2.395404420836815679e-02,1.240490924583874562e-02
5.604237202378293354e-04,-2.072109218456019003e-02,3.276059815997314772e-02,-3.667528061887777302e-02,2.354625228304498691e-02,1.279273051021045070e-02
5.421014209138466568e-04,-2.037369686160165824e-02,3.235102815876024496e-02,-3.698673776047266964e-02,2.313846035772182050e-02,1.318055177458215578e-02
5.237791215898638698e-04,-2.002630153864312645e-02,3.194145815754734219e-02,-3.729819490206757321e-02,2.273066843239865062e-02,1.356837303895386086e-02
5.054568222658810828e-04,-1.967890621568459467e-02,3.153188815633443942e-02,-3.760965204366246983e-02,2.232287650707548421e-02,1.395619430332556594e-02
4.871345229418983500e-04,-1.933151089272606288e-02,3.112231815512153665e-02,-3.792110918525736646e-02,2.191508458175231433e-02,1.434401556769727103e-02
4.688122236179156173e-04,-1.898411556976753109e-02,3.071274815390863389e-02,-3.823256632685227002e-02,2.150729265642914445e-02,1.473183683206897437e-02
4.504899242939328845e-04,-1.863672024680899930e-02,3.030317815269573112e-02,-3.854402346844716665e-02,2.109950073110597457e-02,1.511965809644067946e-02
4.321676249699500975e-04,-1.828932492385046404e-02,2.989360815148282835e-02,-3.885548061004206327e-02,2.069170880578280816e-02,1.550747936081238454e-02
4.138453256459673647e-04,-1.794192960089193226e-02,2.948403815026992558e-02,-3.916693775163696684e-02,2.028391688045963828e-02,1.589530062518408962e-02
3.955230263219846319e-04,-1.759453427793340047e-02,2.907446814905702281e-02,-3.947839489323186346e-02,1.987612495513647187e-02,1.628312188955579470e-02
3.772007269980018991e-04,-1.724713895497486868e-02,2.866489814784412352e-02,-3.978985203482676009e-02,1.946833302981330199e-02,1.667094315392749979e-02
3.588784276740191121e-04,-1.689974363201633689e-02,2.825532814663122075e-02,-4.010130917642166365e-02,1.906054110449013211e-02,1.705876441829920487e-02
3.405561283500363793e-04,-1.655234830905780510e-02,2.784575814541831798e-02,-4.041276631801656027e-02,1.865274917916696223e-02,1.744658568267090995e-02
3.222338290260536465e-04,-1.620495298609927332e-02,2.743618814420541868e-02,-4.072422345961146384e-02,1.824495725384379236e-02,1.783440694704261503e-02
3.039115297020709137e-04,-1.585755766314073806e-02,2.702661814299251591e-02,-4.103568060120636046e-02,1.783716532852062595e-02,1.822222821141432011e-02
2.855892303780881809e-04,-1.551016234018220800e-02,2.661704814177961315e-02,-4.134713774280125709e-02,1.742937340319745607e-02,1.861004947578602520e-02
2.672669310541053939e-04,-1.516276701722367622e-02,2.620747814056671038e-02,-4.165859488439616065e-02,1.702158147787428966e-02,1.899787074015773028e-02
2.489446317301226069e-04,-1.481537169426514269e-02,2.579790813935380761e-02,-4.197005202599105728e-02,1.661378955255111978e-02,1.938569200452943536e-02
2.306223324061399283e-04,-1.446797637130661091e-02,2.538833813814090484e-02,-4.228150916758595390e-02,1.620599762722794990e-02,1.977351326890114044e-02
2.123000330821571413e-04,-1.412058104834807912e-02,2.497876813692800207e-02,-4.259296630918085746e-02,1.579820570190478002e-02,2.016133453327284553e-02
1.939777337581744627e-04,-1.377318572538954559e-02,2.456919813571509931e-02,-4.290442345077575409e-02,1.539041377658161361e-02,2.054915579764455061e-02
1.756554344341916757e-04,-1.342579040243101381e-02,2.415962813450220001e-02,-4.321588059237065071e-02,1.498262185125844373e-02,2.093697706201625569e-02
1.573331351102088887e-04,-1.307839507947248202e-02,2.375005813328929724e-02,-4.352733773396555428e-02,1.457482992593527558e-02,2.132479832638795730e-02
1.390108357862262101e-04,-1.273099975651395023e-02,2.334048813207639794e-02,-4.383879487556045090e-02,1.416703800061210571e-02,2.171261959075966586e-02
1.206885364622434231e-04,-1.238360443355541671e-02,2.293091813086349517e-02,-4.415025201715534753e-02,1.375924607528893756e-02,2.210044085513136747e-02
1.023662371382606361e-04,-1.203620911059688492e-02,2.252134812965059241e-02,-4.446170915875025109e-02,1.335145414996576942e-02,2.248826211950307602e-02
8.404393781427795754e-05,-1.168881378763835313e-02,2.211177812843768964e-02,-4.477316630034514772e-02,1.294366222464259954e-02,2.287608338387477763e-02
6.572163849029517054e-05,-1.134141846467982134e-02,2.170220812722478687e-02,-4.508462344194004434e-02,1.253587029931943139e-02,2.326390464824648618e-02
4.739933916631249196e-05,-1.099402314172128782e-02,2.129263812601188410e-02,-4.539608058353494791e-02,1.212807837399626151e-02,2.365172591261818780e-02
2.907703984232970496e-05,-1.064662781876275603e-02,2.088306812479898134e-02,-4.570753772512984453e-02,1.172028644867309510e-02,2.403954717698989288e-02
1.075474051834691795e-05,-1.029923249580422424e-02,2.047349812358608204e-02,-4.601899486672474116e-02,1.131249452334992522e-02,2.442736844136159796e-02
-7.567558805635760631e-06,-9.951837172845692456e-03,2.006392812237317927e-02,-4.633045200831964472e-02,1.090470259802675534e-02,2.481518970573330304e-02
-2.588985812961854763e-05,-9.604441849887158933e-03,1.965435812116027650e-02,-4.664190914991454134e-02,1.049691067270358893e-02,2.520301097010500813e-02
-4.421215745360133464e-05,-9.257046526928627145e-03,1.924478811994737373e-02,-4.695336629150943797e-02,1.008911874738041906e-02,2.559083223447671321e-02
-6.253445677758401322e-05,-8.909651203970095357e-03,1.883521811873447097e-02,-4.726482343310434153e-02,9.681326822057249176e-03,2.597865349884841829e-02
-8.085675610156680022e-05,-8.562255881011563569e-03,1.842564811752156820e-02,-4.757628057469923816e-02,9.273534896734079297e-03,2.636647476322012337e-02
-9.917905542554947881e-05,-8.214860558053031780e-03,1.801607811630866890e-02,-4.788773771629413478e-02,8.865742971410912887e-03,2.675429602759182846e-02
-1.175013547495322658e-04,-7.867465235094499992e-03,1.760650811509576613e-02,-4.819919485788903835e-02,8.457951046087743008e-03,2.714211729196353354e-02
-1.358236540735150528e-04,-7.520069912135964735e-03,1.719693811388286336e-02,-4.851065199948393497e-02,8.050159120764573129e-03,2.752993855633523862e-02
-1.541459533974977314e-04,-7.172674589177432947e-03,1.678736811266996060e-02,-4.882210914107883160e-02,7.642367195441406719e-03,2.791775982070694370e-02
-1.724682527214805184e-04,-6.825279266218901159e-03,1.637779811145705783e-02,-4.913356628267373516e-02,7.234575270118236839e-03,2.830558108507864878e-02
-1.699245194193991560e-04,-6.499025487430335098e-03,1.599492257975606083e-02,-4.943994268045320828e-02,6.858302851110340340e-03,2.867842577730767006e-02
-1.654300050394837162e-04,-6.174748247497327189e-03,1.561454273407494008e-02,-4.974584407567397837e-02,6.484977214439446511e-03,2.904987029854913180e-02
-1.609354906595682764e-04,-5.850471007564320147e-03,1.523416288839381932e-02,-5.005174547089474152e-02,6.111651577768552682e-03,2.942131481979059354e-02
-1.564409762796528365e-04,-5.526193767631313106e-03,1.485378304271269857e-02,-5.035764686611550467e-02,5.738325941097658853e-03,2.979275934103205181e-02
-1.519464618997373967e-04,-5.201916527698306064e-03,1.447340319703157956e-02,-5.066354826133627476e-02,5.365000304426765024e-03,3.016420386227351355e-02
-1.474519475198219568e-04,-4.877639287765299023e-03,1.409302335135045880e-02,-5.096944965655703791e-02,4.991674667755871195e-03,3.053564838351497529e-02
-1.429574331399065170e-04,-4.553362047832291114e-03,1.371264350566933979e-02,-5.127535105177780800e-02,4.618349031084977366e-03,3.090709290475643703e-02
-1.384629187599910772e-04,-4.229084807899284072e-03,1.333226365998821904e-02,-5.158125244699857115e-02,4.245023394414083537e-03,3.127853742599789877e-02
-1.339684043800756373e-04,-3.904807567966277031e-03,1.295188381430709829e-02,-5.188715384221934124e-02,3.871697757743190575e-03,3.164998194723935704e-02
-1.294738900001601975e-04,-3.580530328033269555e-03,1.257150396862597927e-02,-5.219305523744010439e-02,3.498372121072296746e-03,3.202142646848082225e-02
-1.249793756202447577e-04,-3.256253088100262514e-03,1.219112412294485852e-02,-5.249895663266087448e-02,3.125046484401402917e-03,3.239287098972228052e-02
-1.204848612403293178e-04,-2.931975848167255039e-03,1.181074427726373777e-02,-5.280485802788163763e-02,2.751720847730509088e-03,3.276431551096373879e-02
-1.159903468604138780e-04,-2.607698608234247997e-03,1.143036443158261875e-02,-5.311075942310240772e-02,2.378395211059615259e-03,3.313576003220520400e-02
-1.114958324804984381e-04,-2.283421368301240956e-03,1.104998458590149800e-02,-5.341666081832317087e-02,2.005069574388721430e-03,3.350720455344666227e-02
-1.070013181005829983e-04,-1.959144128368233047e-03,1.066960474022037725e-02,-5.372256221354393402e-02,1.631743937717827601e-03,3.387864907468812747e-02
-1.025068037206675585e-04,-1.634866888435226005e-03,1.028922489453925823e-02,-5.402846360876470411e-02,1.258418301046933772e-03,3.425009359592958574e-02
-9.801228934075211863e-05,-1.310589648502218964e-03,9.908845048858139215e-03,-5.433436500398547420e-02,8.850926643760408108e-04,3.462153811717104401e-02
-9.351777496083667879e-05,-9.863124085692119222e-04,9.528465203177016729e-03,-5.464026639920623735e-02,5.117670277051469818e-04,3.499298263841250922e-02
-8.902326058092122540e-05,-6.620351686362048807e-04,9.148085357495897713e-03,-5.494616779442700050e-02,1.384413910342531528e-04,3.536442715965396749e-02
-8.452874620100578557e-05,-3.377579287031969718e-04,8.767705511814778696e-03,-5.525206918964777059e-02,-2.348842456366406761e-04,3.573587168089542576e-02
-8.003423182109034573e-05,-1.348068877018993028e-05,8.387325666133657945e-03,-5.555797058486853374e-02,-6.082098823075345051e-04,3.610731620213689097e-02
-7.553971744117490589e-05,3.107965511628171112e-04,8.006945820452537194e-03,-5.586387198008930383e-02,-9.815355189784283341e-04,3.647876072337834924e-02
-7.104520306125946605e-05,6.350737910958241528e-04,7.626565974771418177e-03,-5.616977337531006698e-02,-1.354861155649322163e-03,3.685020524461981445e-02
-6.655068868134428372e-05,9.593510310288138471e-04,7.246186129090318243e-03,-5.647567477053081625e-02,-1.728186792320195175e-03,3.722164976586125190e-02
-6.205617430142884388e-05,1.283628270961820889e-03,6.865806283409197491e-03,-5.678157616575158634e-02,-2.101512428991089004e-03,3.759309428710271017e-02
-5.756165992151340404e-05,1.607905510894827930e-03,6.485426437728078475e-03,-5.708747756097234949e-02,-2.474838065661982833e-03,3.796453880834417538e-02
-5.306714554159795065e-05,1.932182750827834972e-03,6.105046592046957724e-03,-5.739337895619311958e-02,-2.848163702332876662e-03,3.833598332958563365e-02
-4.857263116168252437e-05,2.256459990760842013e-03,5.724666746365838707e-03,-5.769928035141388273e-02,-3.221489339003770491e-03,3.870742785082709886e-02
-4.407811678176708453e-05,2.580737230693849055e-03,5.344286900684717956e-03,-5.800518174663464588e-02,-3.594814975674664320e-03,3.907887237206855713e-02
-3.958360240185164469e-05,2.905014470626857831e-03,4.963907055003597205e-03,-5.831108314185541597e-02,-3.968140612345558149e-03,3.945031689331002234e-02
-3.508908802193620485e-05,3.229291710559864872e-03,4.583527209322478188e-03,-5.861698453707618606e-02,-4.341466249016451978e-03,3.982176141455148061e-02
-3.059457364202076502e-05,3.553568950492871914e-03,4.203147363641357437e-03,-5.892288593229694921e-02,-4.714791885687345807e-03,4.019320593579293888e-02
-2.610005926210532518e-05,3.877846190425878956e-03,3.822767517960236686e-03,-5.922878732751771236e-02,-5.088117522358237901e-03,4.056465045703440409e-02
-2.160554488218988534e-05,4.202123430358885997e-03,3.442387672279117669e-03,-5.953468872273848245e-02,-5.461443159029131730e-03,4.093609497827586235e-02
-1.711103050227444551e-05,4.526400670291893039e-03,3.062007826597996918e-03,-5.984059011795924560e-02,-5.834768795700025559e-03,4.130753949951732062e-02
-1.261651612235897856e-05,4.850677910224900080e-03,2.681627980916877901e-03,-6.014649151318001569e-02,-6.208094432370919388e-03,4.167898402075878583e-02
-8.122001742443538726e-06,5.174955150157907122e-03,2.301248135235757150e-03,-6.045239290840077884e-02,-6.581420069041813217e-03,4.205042854200024410e-02
-3.627487362528098889e-06,5.499232390090914163e-03,1.920868289554636399e-03,-6.075829430362154893e-02,-6.954745705712707046e-03,4.242187306324170237e-02
8.670270173873409481e-07,5.823509630023922939e-03,1.540488443873517382e-03,-6.106419569884231208e-02,-7.328071342383600875e-03,4.279331758448316758e-02
5.361541397302780785e-06,6.147786869956929981e-03,1.160108598192396631e-03,-6.137009709406308217e-02,-7.701396979054494704e-03,4.316476210572462585e-02
9.856055777218220623e-06,6.472064109889937022e-03,7.797287525112758799e-04,-6.167599848928384532e-02,-8.074722615725388533e-03,4.353620662696609106e-02
1.435057015713366046e-05,6.796341349822944064e-03,3.993489068301568634e-04,-6.198189988450461541e-02,-8.448048252396284097e-03,4.390765114820754933e-02
1.884508453704910030e-05,7.120618589755951106e-03,1.896906114903784690e-05,-6.228780127972537856e-02,-8.821373889067174456e-03,4.427909566944901454e-02
2.333959891696454013e-05,7.444895829688958147e-03,-3.614107845320846391e-04,-6.259370267494614171e-02,-9.194699525738068285e-03,4.465054019069047281e-02
2.783411329687997997e-05,7.769173069621965189e-03,-7.417906302132036556e-04,-6.289960407016691180e-02,-9.568025162408962114e-03,4.502198471193193108e-02
3.232862767679541981e-05,8.093450309554972230e-03,-1.122170475894322672e-03,-6.320550546538768188e-02,-9.941350799079855943e-03,4.539342923317339629e-02
3.682314205671085965e-05,8.417727549487979272e-03,-1.502550321575445158e-03,-6.351140686060843810e-02,-1.031467643575074977e-02,4.576487375441485456e-02
4.131765643662629948e-05,8.742004789420988048e-03,-1.882930167256564175e-03,-6.381730825582920819e-02,-1.068800207242164360e-02,4.613631827565631283e-02
4.581217081654173932e-05,9.066282029353995089e-03,-2.263310012937683191e-03,-6.412320965104997827e-02,-1.106132770909253743e-02,4.650776279689777803e-02
5.030668519645717916e-05,9.390559269287000396e-03,-2.643689858618805677e-03,-6.442911104627074836e-02,-1.143465334576343126e-02,4.687920731813924324e-02
5.480119957637261899e-05,9.714836509220009172e-03,-3.024069704299924694e-03,-6.473501244149150458e-02,-1.180797898243432509e-02,4.725065183938069457e-02
5.929571395628805883e-05,1.003911374915301448e-02,-3.404449549981043710e-03,-6.504091383671227466e-02,-1.218130461910521892e-02,4.762209636062215978e-02
6.141568660331770627e-05,1.036830022513544024e-02,-3.787601193365125376e-03,-6.536884246853079394e-02,-1.256652571205377558e-02,4.801388436656522929e-02
5.979801381471783526e-05,1.070521408002785002e-02,-4.175115782612768070e-03,-6.573144305374531426e-02,-1.297047083803560229e-02,4.843769401763814431e-02
5.818034102611796424e-05,1.104212793492025980e-02,-4.562630371860412065e-03,-6.609404363895983459e-02,-1.337441596401742899e-02,4.886150366871105238e-02
5.656266823751809322e-05,1.137904178981266959e-02,-4.950144961108054326e-03,-6.645664422417435491e-02,-1.377836108999925743e-02,4.928531331978396740e-02
5.494499544891822220e-05,1.171595564470507937e-02,-5.337659550355698321e-03,-6.681924480938887523e-02,-1.418230621598108414e-02,4.970912297085687548e-02
5.332732266031835119e-05,1.205286949959748916e-02,-5.725174139603340581e-03,-6.718184539460339555e-02,-1.458625134196291084e-02,5.013293262192979050e-02
5.170964987171848017e-05,1.238978335448990067e-02,-6.112688728850984576e-03,-6.754444597981790199e-02,-1.499019646794473928e-02,5.055674227300269857e-02
5.009197708311860915e-05,1.272669720938231046e-02,-6.500203318098626837e-03,-6.790704656503242231e-02,-1.539414159392656599e-02,5.098055192407561359e-02
4.847430429451873813e-05,1.306361106427472024e-02,-6.887717907346270832e-03,-6.826964715024694264e-02,-1.579808671990839269e-02,5.140436157514852167e-02
4.685663150591886712e-05,1.340052491916713003e-02,-7.275232496593913960e-03,-6.863224773546146296e-02,-1.620203184589022113e-02,5.182817122622143668e-02
4.523895871731899610e-05,1.373743877405953981e-02,-7.662747085841557088e-03,-6.899484832067598328e-02,-1.660597697187204957e-02,5.225198087729434476e-02
4.362128592871911831e-05,1.407435262895195133e-02,-8.050261675089199348e-03,-6.935744890589050360e-02,-1.700992209785387455e-02,5.267579052836725978e-02
4.200361314011925406e-05,1.441126648384435938e-02,-8.437776264336843343e-03,-6.972004949110501004e-02,-1.741386722383570299e-02,5.309960017944016786e-02
4.038594035151937627e-05,1.474818033873677089e-02,-8.825290853584487338e-03,-7.008265007631953036e-02,-1.781781234981753143e-02,5.352340983051308287e-02
3.876826756291951203e-05,1.508509419362918068e-02,-9.212805442832129599e-03,-7.044525066153405068e-02,-1.822175747579935640e-02,5.394721948158599095e-02
3.715059477431964101e-05,1.542200804852159046e-02,-9.600320032079771859e-03,-7.080785124674857101e-02,-1.862570260178118484e-02,5.437102913265890597e-02
3.553292198571976999e-05,1.575892190341400198e-02,-9.987834621327415854e-03,-7.117045183196309133e-02,-1.902964772776301328e-02,5.479483878373181405e-02
3.391524919711989898e-05,1.609583575830641003e-02,-1.037534921057505985e-02,-7.153305241717761165e-02,-1.943359285374483825e-02,5.521864843480472906e-02
3.229757640852002796e-05,1.643274961319882155e-02,-1.076286379982270211e-02,-7.189565300239211809e-02,-1.983753797972666669e-02,5.564245808587764408e-02
3.067990361992015694e-05,1.676966346809122960e-02,-1.115037838907034437e-02,-7.225825358760663841e-02,-2.024148310570849513e-02,5.606626773695055216e-02
2.906223083132028592e-05,1.710657732298364112e-02,-1.153789297831799010e-02,-7.262085417282115873e-02,-2.064542823169032010e-02,5.649007738802346024e-02
2.744455804272041491e-05,1.744349117787605263e-02,-1.192540756756563236e-02,-7.298345475803567906e-02,-2.104937335767214507e-02,5.691388703909637525e-02
2.582688525412054389e-05,1.778040503276846068e-02,-1.231292215681327462e-02,-7.334605534325019938e-02,-2.145331848365397698e-02,5.733769669016929027e-02
2.420921246552067287e-05,1.811731888766086873e-02,-1.270043674606091688e-02,-7.370865592846471970e-02,-2.185726360963580195e-02,5.776150634124219835e-02
2.259153967692080186e-05,1.845423274255328372e-02,-1.308795133530856261e-02,-7.407125651367924002e-02,-2.226120873561762692e-02,5.818531599231511336e-02
2.097386688832093084e-05,1.879114659744569177e-02,-1.347546592455620487e-02,-7.443385709889374646e-02,-2.266515386159945883e-02,5.860912564338802144e-02
1.935619409972105982e-05,1.912806045233809982e-02,-1.386298051380384713e-02,-7.479645768410826678e-02,-2.306909898758128380e-02,5.903293529446093646e-02
1.773852131112118880e-05,1.946497430723051134e-02,-1.425049510305148939e-02,-7.515905826932278710e-02,-2.347304411356310877e-02,5.945674494553384454e-02
1.612084852252131779e-05,1.980188816212292285e-02,-1.463800969229913512e-02,-7.552165885453730743e-02,-2.387698923954494068e-02,5.988055459660675955e-02
1.450317573392144677e-05,2.013880201701533090e-02,-1.502552428154677738e-02,-7.588425943975182775e-02,-2.428093436552676565e-02,6.030436424767966763e-02
1.288550294532157575e-05,2.047571587190774242e-02,-1.541303887079441964e-02,-7.624686002496633419e-02,-2.468487949150859062e-02,6.072817389875258265e-02
1.126783015672170473e-05,2.081262972680015394e-02,-1.580055346004206190e-02,-7.660946061018085451e-02,-2.508882461749042253e-02,6.115198354982549767e-02
9.650157368121833716e-06,2.114954358169256199e-02,-1.618806804928970763e-02,-7.697206119539537483e-02,-2.549276974347224750e-02,6.157579320089840574e-02
8.032484579521962699e-06,2.148645743658497004e-02,-1.657558263853734989e-02,-7.733466178060989515e-02,-2.589671486945407247e-02,6.199960285197131382e-02
6.414811790922179773e-06,2.182337129147736421e-02,-1.696309722778497134e-02,-7.769726236582438772e-02,-2.630065999543588010e-02,6.242341250304420108e-02
4.797139002322308755e-06,2.216028514636977226e-02,-1.735061181703261360e-02,-7.805986295103890804e-02,-2.670460512141770854e-02,6.284722215411711610e-02
3.179466213722437738e-06,2.249719900126218378e-02,-1.773812640628025586e-02,-7.842246353625342836e-02,-2.710855024739953351e-02,6.327103180519003112e-02
1.561793425122566721e-06,2.283411285615459529e-02,-1.812564099552790159e-02,-7.878506412146794868e-02,-2.751249537338136195e-02,6.369484145626294613e-02
-5.587936347729752055e-08,2.317102671104700334e-02,-1.851315558477554385e-02,-7.914766470668246900e-02,-2.791644049936319039e-02,6.411865110733584727e-02
-1.673552152077175314e-06,2.350794056593941139e-02,-1.890067017402318611e-02,-7.951026529189698933e-02,-2.832038562534501536e-02,6.454246075840876229e-02
-3.291224940677039555e-06,2.384485442083182638e-02,-1.928818476327083184e-02,-7.987286587711150965e-02,-2.872433075132684033e-02,6.496627040948167731e-02
-4.908897729276917349e-06,2.418176827572423443e-02,-1.967569935251847410e-02,-8.023546646232601609e-02,-2.912827587730867224e-02,6.539008006055459232e-02
-6.526570517876781590e-06,2.451868213061664248e-02,-2.006321394176611636e-02,-8.059806704754053641e-02,-2.953222100329049721e-02,6.581388971162749346e-02
-8.144243306476659384e-06,2.485559598550905400e-02,-2.045072853101376209e-02,-8.096066763275505673e-02,-2.993616612927232218e-02,6.623769936270040848e-02
-9.761916095076523625e-06,2.519250984040146552e-02,-2.083824312026140435e-02,-8.132326821796957705e-02,-3.034011125525415409e-02,6.666150901377332350e-02
-1.137958888367640142e-05,2.552942369529387356e-02,-2.122575770950904661e-02,-8.168586880318409738e-02,-3.074405638123597906e-02,6.708531866484623851e-02
-1.299726167227626566e-05,2.586633755018628508e-02,-2.161327229875668887e-02,-8.204846938839860382e-02,-3.114800150721780403e-02,6.750912831591915353e-02
-1.461493446087614345e-05,2.620325140507869313e-02,-2.200078688800433460e-02,-8.241106997361312414e-02,-3.155194663319963594e-02,6.793293796699205467e-02
-1.623260724947600769e-05,2.654016525997110465e-02,-2.238830147725197686e-02,-8.277367055882764446e-02,-3.195589175918146091e-02,6.835674761806496968e-02
-1.785028003807588549e-05,2.687707911486351270e-02,-2.277581606649961912e-02,-8.313627114404216478e-02,-3.235983688516328588e-02,6.878055726913788470e-02
-1.946795282667574973e-05,2.721399296975592422e-02,-2.316333065574726138e-02,-8.349887172925668510e-02,-3.276378201114511779e-02,6.920436692021078584e-02
-2.108562561527562752e-05,2.755090682464833574e-02,-2.355084524499490711e-02,-8.386147231447120542e-02,-3.316772713712694276e-02,6.962817657128370086e-02
-2.270329840387549176e-05,2.788782067954074378e-02,-2.393835983424254937e-02,-8.422407289968572575e-02,-3.357167226310876773e-02,7.005198622235661587e-02
-2.289222587443186357e-05,2.819744163497143671e-02,-2.430665831854254486e-02,-8.449306856519205045e-02,-3.390222363126867144e-02,7.037416755782680000e-02
-2.257626727225541265e-05,2.849741790093921964e-02,-2.466816626872669893e-02,-8.472898638259082627e-02,-3.420683931591069621e-02,7.066043575969900570e-02
-2.226030867007896511e-05,2.879739416690700257e-02,-2.502967421891084954e-02,-8.496490419998958821e-02,-3.451145500055271403e-02,7.094670396157121139e-02
-2.194435006790251757e-05,2.909737043287478550e-02,-2.539118216909500361e-02,-8.520082201738835015e-02,-3.481607068519473186e-02,7.123297216344343097e-02
-2.162839146572607003e-05,2.939734669884257190e-02,-2.575269011927915422e-02,-8.543673983478712597e-02,-3.512068636983675662e-02,7.151924036531563666e-02
-2.131243286354962249e-05,2.969732296481035483e-02,-2.611419806946330482e-02,-8.567265765218588791e-02,-3.542530205447877445e-02,7.180550856718784236e-02
-2.099647426137317494e-05,2.999729923077813776e-02,-2.647570601964745890e-02,-8.590857546958466373e-02,-3.572991773912079227e-02,7.209177676906004806e-02
-2.068051565919672402e-05,3.029727549674592069e-02,-2.683721396983160951e-02,-8.614449328698342567e-02,-3.603453342376281704e-02,7.237804497093226763e-02
-2.036455705702027648e-05,3.059725176271370362e-02,-2.719872192001576011e-02,-8.638041110438220149e-02,-3.633914910840483486e-02,7.266431317280447333e-02
-2.004859845484382894e-05,3.089722802868148654e-02,-2.756022987019991419e-02,-8.661632892178096343e-02,-3.664376479304685963e-02,7.295058137467667903e-02
-1.973263985266738140e-05,3.119720429464927294e-02,-2.792173782038406479e-02,-8.685224673917972538e-02,-3.694838047768887745e-02,7.323684957654889860e-02
-1.941668125049093386e-05,3.149718056061705240e-02,-2.828324577056821887e-02,-8.708816455657850120e-02,-3.725299616233089528e-02,7.352311777842110430e-02
-1.910072264831448632e-05,3.179715682658483533e-02,-2.864475372075236947e-02,-8.732408237397726314e-02,-3.755761184697292004e-02,7.380938598029330999e-02
-1.878476404613803878e-05,3.209713309255261826e-02,-2.900626167093652008e-02,-8.756000019137603896e-02,-3.786222753161493787e-02,7.409565418216552957e-02
-1.846880544396158785e-05,3.239710935852040813e-02,-2.936776962112067416e-02,-8.779591800877480090e-02,-3.816684321625695570e-02,7.438192238403773526e-02
-1.815284684178514031e-05,3.269708562448819106e-02,-2.972927757130482476e-02,-8.803183582617357672e-02,-3.847145890089898046e-02,7.466819058590994096e-02
-1.783688823960869277e-05,3.299706189045597399e-02,-3.009078552148897884e-02,-8.826775364357233866e-02,-3.877607458554099829e-02,7.495445878778216053e-02
-1.752092963743224523e-05,3.329703815642375692e-02,-3.045229347167312944e-02,-8.850367146097110060e-02,-3.908069027018301611e-02,7.524072698965436623e-02
-1.720497103525579769e-05,3.359701442239153985e-02,-3.081380142185728005e-02,-8.873958927836987642e-02,-3.938530595482504088e-02,7.552699519152657193e-02
-1.688901243307935015e-05,3.389699068835932277e-02,-3.117530937204143413e-02,-8.897550709576863837e-02,-3.968992163946705870e-02,7.581326339339879150e-02
-1.657305383090290261e-05,3.419696695432710570e-02,-3.153681732222558820e-02,-8.921142491316741419e-02,-3.999453732410908346e-02,7.609953159527099720e-02
-1.625709522872645168e-05,3.449694322029488863e-02,-3.189832527240973881e-02,-8.944734273056617613e-02,-4.029915300875110129e-02,7.638579979714320289e-02
-1.594113662655000414e-05,3.479691948626267156e-02,-3.225983322259388941e-02,-8.968326054796495195e-02,-4.060376869339311912e-02,7.667206799901542247e-02
-1.562517802437355660e-05,3.509689575223045449e-02,-3.262134117277804002e-02,-8.991917836536371389e-02,-4.090838437803514388e-02,7.695833620088762816e-02
-1.530921942219710906e-05,3.539687201819824436e-02,-3.298284912296219062e-02,-9.015509618276247583e-02,-4.121300006267716171e-02,7.724460440275983386e-02
-1.499326082002065982e-05,3.569684828416602729e-02,-3.334435707314634123e-02,-9.039101400016125165e-02,-4.151761574731917953e-02,7.753087260463205344e-02
-1.467730221784421228e-05,3.599682455013381022e-02,-3.370586502333049878e-02,-9.062693181756001359e-02,-4.182223143196120430e-02,7.781714080650425913e-02
-1.436134361566776474e-05,3.629680081610159315e-02,-3.406737297351464938e-02,-9.086284963495878941e-02,-4.212684711660322212e-02,7.810340900837646483e-02
-1.404538501349131720e-05,3.659677708206937607e-02,-3.442888092369879999e-02,-9.109876745235755136e-02,-4.243146280124523995e-02,7.838967721024868440e-02
-1.372942641131486797e-05,3.689675334803715900e-02,-3.479038887388295059e-02,-9.133468526975632718e-02,-4.273607848588726471e-02,7.867594541212089010e-02
-1.341346780913842043e-05,3.719672961400494193e-02,-3.515189682406710814e-02,-9.157060308715508912e-02,-4.304069417052928254e-02,7.896221361399309580e-02
-1.309750920696197289e-05,3.749670587997272486e-02,-3.551340477425125874e-02,-9.180652090455385106e-02,-4.334530985517130730e-02,7.924848181586531537e-02
-1.278155060478552365e-05,3.779668214594050779e-02,-3.587491272443540935e-02,-9.204243872195262688e-02,-4.364992553981332513e-02,7.953475001773752107e-02
-1.246559200260907611e-05,3.809665841190829072e-02,-3.623642067461955996e-02,-9.227835653935138882e-02,-4.395454122445534295e-02,7.982101821960972676e-02
-1.214963340043262857e-05,3.839663467787607365e-02,-3.659792862480371056e-02,-9.251427435675016464e-02,-4.425915690909736078e-02,8.010728642148194634e-02
-1.183367479825617934e-05,3.869661094384385658e-02,-3.695943657498786117e-02,-9.275019217414892658e-02,-4.456377259373938554e-02,8.039355462335415203e-02
-1.151771619607973180e-05,3.899658720981163951e-02,-3.732094452517201177e-02,-9.298610999154768852e-02,-4.486838827838140337e-02,8.067982282522635773e-02
-1.120175759390328426e-05,3.929656347577942938e-02,-3.768245247535616932e-02,-9.322202780894646434e-02,-4.517300396302342813e-02,8.096609102709857730e-02
-1.088579899172683502e-05,3.959653974174721230e-02,-3.804396042554031993e-02,-9.345794562634522629e-02,-4.547761964766544596e-02,8.125235922897078300e-02
-1.056984038955038748e-05,3.989651600771499523e-02,-3.840546837572447053e-02,-9.369386344374400211e-02,-4.578223533230746378e-02,8.153862743084298870e-02
-1.025388178737393994e-05,4.019649227368277816e-02,-3.876697632590862114e-02,-9.392978126114276405e-02,-4.608685101694948855e-02,8.182489563271520827e-02
-9.937923185197492402e-06,4.049646853965056109e-02,-3.912848427609277868e-02,-9.416569907854153987e-02,-4.639146670159150637e-02,8.211116383458741397e-02
-9.621964583021043167e-06,4.079644480561834402e-02,-3.948999222627692929e-02,-9.440161689594030181e-02,-4.669608238623353114e-02,8.239743203645961966e-02
-9.306005980844595627e-06,4.109642107158612695e-02,-3.985150017646107989e-02,-9.463753471333907763e-02,-4.700069807087554896e-02,8.268370023833183924e-02
-8.990047378668148087e-06,4.139639733755390988e-02,-4.021300812664523050e-02,-9.487345253073783957e-02,-4.730531375551756679e-02,8.296996844020404493e-02
-8.674088776491698853e-06,4.169637360352169281e-02,-4.057451607682938111e-02,-9.510937034813660151e-02,-4.760992944015958461e-02,8.325623664207625063e-02
-8.358130174315251312e-06,4.199634986948948268e-02,-4.093602402701353171e-02,-9.534528816553537733e-02,-4.791454512480160938e-02,8.354250484394847021e-02
-8.042171572138803772e-06,4.229632613545726560e-02,-4.129753197719768232e-02,-9.558120598293413928e-02,-4.821916080944362720e-02,8.382877304582067590e-02
-7.726212969962354538e-06,4.259630240142504853e-02,-4.165903992738183986e-02,-9.581712380033291510e-02,-4.852377649408565197e-02,8.411504124769288160e-02
-7.410254367785906997e-06,4.289627866739283146e-02,-4.202054787756599047e-02,-9.605304161773167704e-02,-4.882839217872766979e-02,8.440130944956510117e-02
-7.094295765609459457e-06,4.319625493336061439e-02,-4.238205582775014107e-02,-9.628895943513043898e-02,-4.913300786336968762e-02,8.468757765143730687e-02
-6.778337163433011917e-06,4.349623119932839732e-02,-4.274356377793429862e-02,-9.652487725252921480e-02,-4.943762354801170544e-02,8.497384585330951257e-02
-6.604872938333618272e-06,4.374091376242897344e-02,-4.306413900478314738e-02,-9.657782563213912486e-02,-4.960959284743929332e-02,8.506888434634934937e-02
-7.058151529089255531e-06,4.374239422983627196e-02,-4.320467701977274977e-02,-9.582600695129304957e-02,-4.919813442910704604e-02,8.432282406076675729e-02
-7.511430119844892790e-06,4.374387469724357047e-02,-4.334521503476235216e-02,-9.507418827044698817e-02,-4.878667601077479876e-02,8.357676377518415134e-02
-7.964708710600529201e-06,4.374535516465087592e-02,-4.348575304975196149e-02,-9.432236958960091289e-02,-4.837521759244254455e-02,8.283070348960154539e-02
-8.417987301356166460e-06,4.374683563205817444e-02,-4.362629106474156387e-02,-9.357055090875485148e-02,-4.796375917411029727e-02,8.208464320401893943e-02
-8.871265892111803719e-06,4.374831609946547295e-02,-4.376682907973116626e-02,-9.281873222790877620e-02,-4.755230075577804999e-02,8.133858291843633348e-02
-9.324544482867440977e-06,4.374979656687277840e-02,-4.390736709472076865e-02,-9.206691354706271480e-02,-4.714084233744580271e-02,8.059252263285374140e-02
-9.777823073623078236e-06,4.375127703428007692e-02,-4.404790510971037104e-02,-9.131509486621663951e-02,-4.672938391911354850e-02,7.984646234727113545e-02
-1.023110166437871549e-05,4.375275750168738237e-02,-4.418844312469997343e-02,-9.056327618537057811e-02,-4.631792550078130122e-02,7.910040206168852950e-02
-1.068438025513435106e-05,4.375423796909468088e-02,-4.432898113968957582e-02,-8.981145750452450283e-02,-4.590646708244905394e-02,7.835434177610592354e-02
-1.113765884588999001e-05,4.375571843650197940e-02,-4.446951915467917821e-02,-8.905963882367844142e-02,-4.549500866411680666e-02,7.760828149052333147e-02
-1.159093743664562558e-05,4.375719890390928485e-02,-4.461005716966878060e-02,-8.830782014283236614e-02,-4.508355024578455938e-02,7.686222120494072552e-02
-1.204421602740126453e-05,4.375867937131658336e-02,-4.475059518465838299e-02,-8.755600146198630473e-02,-4.467209182745230517e-02,7.611616091935811956e-02
-1.249749461815690009e-05,4.376015983872388881e-02,-4.489113319964798537e-02,-8.680418278114022945e-02,-4.426063340912005789e-02,7.537010063377551361e-02
-1.295077320891253735e-05,4.376164030613118733e-02,-4.503167121463758776e-02,-8.605236410029416805e-02,-4.384917499078781061e-02,7.462404034819290766e-02
-1.340405179966817461e-05,4.376312077353848584e-02,-4.517220922962719709e-02,-8.530054541944809277e-02,-4.343771657245555640e-02,7.387798006261031558e-02
-1.385733039042381187e-05,4.376460124094579129e-02,-4.531274724461679948e-02,-8.454872673860203136e-02,-4.302625815412330912e-02,7.313191977702770963e-02
-1.431060898117944913e-05,4.376608170835308981e-02,-4.545328525960640187e-02,-8.379690805775596996e-02,-4.261479973579106184e-02,7.238585949144510368e-02
-1.476388757193508639e-05,4.376756217576038832e-02,-4.559382327459600426e-02,-8.304508937690989467e-02,-4.220334131745881456e-02,7.163979920586249772e-02
-1.521716616269072365e-05,4.376904264316769377e-02,-4.573436128958560665e-02,-8.229327069606381939e-02,-4.179188289912656729e-02,7.089373892027989177e-02
-1.567044475344635921e-05,4.377052311057499229e-02,-4.587489930457520904e-02,-8.154145201521775799e-02,-4.138042448079431307e-02,7.014767863469729969e-02
-1.612372334420199478e-05,4.377200357798229774e-02,-4.601543731956481142e-02,-8.078963333437169658e-02,-4.096896606246206579e-02,6.940161834911469374e-02
-1.657700193495763373e-05,4.377348404538959625e-02,-4.615597533455441381e-02,-8.003781465352562130e-02,-4.055750764412981851e-02,6.865555806353208779e-02
-1.703028052571327268e-05,4.377496451279689477e-02,-4.629651334954401620e-02,-7.928599597267954602e-02,-4.014604922579756430e-02,6.790949777794949571e-02
-1.748355911646890825e-05,4.377644498020420022e-02,-4.643705136453361859e-02,-7.853417729183348461e-02,-3.973459080746531702e-02,6.716343749236688976e-02
-1.793683770722454381e-05,4.377792544761149873e-02,-4.657758937952322098e-02,-7.778235861098742321e-02,-3.932313238913306974e-02,6.641737720678428381e-02
-1.839011629798013194e-05,4.377940591501880419e-02,-4.671812739451280949e-02,-7.703053993014143119e-02,-3.891167397080086410e-02,6.567131692120176112e-02
-1.884339488873576751e-05,4.378088638242610270e-02,-4.685866540950241188e-02,-7.627872124929536979e-02,-3.850021555246861682e-02,6.492525663561915517e-02
-1.929667347949140646e-05,4.378236684983340121e-02,-4.699920342449201427e-02,-7.552690256844929451e-02,-3.808875713413636954e-02,6.417919635003654921e-02
-1.974995207024704541e-05,4.378384731724070666e-02,-4.713974143948161666e-02,-7.477508388760323310e-02,-3.767729871580412226e-02,6.343313606445395714e-02
-2.020323066100268098e-05,4.378532778464800518e-02,-4.728027945447121905e-02,-7.402326520675715782e-02,-3.726584029747187499e-02,6.268707577887135118e-02
-2.065650925175831654e-05,4.378680825205531063e-02,-4.742081746946082144e-02,-7.327144652591109641e-02,-3.685438187913962077e-02,6.194101549328874523e-02
-2.110978784251395549e-05,4.378828871946260914e-02,-4.756135548445043076e-02,-7.251962784506502113e-02,-3.644292346080737349e-02,6.119495520770614622e-02
-2.156306643326959106e-05,4.378976918686990766e-02,-4.770189349944003315e-02,-7.176780916421895973e-02,-3.603146504247512621e-02,6.044889492212354720e-02
-2.201634502402523001e-05,4.379124965427721311e-02,-4.784243151442963554e-02,-7.101599048337288445e-02,-3.562000662414287200e-02,5.970283463654094125e-02
-2.246962361478086558e-05,4.379273012168451162e-02,-4.798296952941923793e-02,-7.026417180252682304e-02,-3.520854820581062472e-02,5.895677435095833530e-02
-2.292290220553650453e-05,4.379421058909181014e-02,-4.812350754440884032e-02,-6.951235312168074776e-02,-3.479708978747837744e-02,5.821071406537572934e-02
-2.337618079629214009e-05,4.379569105649911559e-02,-4.826404555939844271e-02,-6.876053444083468635e-02,-3.438563136914613017e-02,5.746465377979313033e-02
-2.382945938704777566e-05,4.379717152390641410e-02,-4.840458357438804510e-02,-6.800871575998862495e-02,-3.397417295081388289e-02,5.671859349421053131e-02
-2.428273797780341461e-05,4.379865199131371956e-02,-4.854512158937764749e-02,-6.725689707914254967e-02,-3.356271453248162867e-02,5.597253320862792536e-02
-2.473601656855905018e-05,4.380013245872101807e-02,-4.868565960436724988e-02,-6.650507839829647438e-02,-3.315125611414938139e-02,5.522647292304531941e-02
-2.518929515931468913e-05,4.380161292612831658e-02,-4.882619761935685226e-02,-6.575325971745041298e-02,-3.273979769581712718e-02,5.448041263746272039e-02
-2.564257375007032469e-05,4.380309339353562204e-02,-4.896673563434645465e-02,-6.500144103660435158e-02,-3.232833927748487990e-02,5.373435235188011444e-02
-2.609585234082596365e-05,4.380457386094292055e-02,-4.910727364933606398e-02,-6.424962235575827629e-02,-3.191688085915263262e-02,5.298829206629751543e-02
-2.654913093158159921e-05,4.380605432835022600e-02,-4.924781166432566637e-02,-6.349780367491220101e-02,-3.150542244082038534e-02,5.224223178071490947e-02
-2.700240952233723816e-05,4.380753479575752452e-02,-4.938834967931526876e-02,-6.274598499406613961e-02,-3.109396402248813460e-02,5.149617149513231046e-02
-2.745568811309287373e-05,4.380901526316482303e-02,-4.952888769430487115e-02,-6.199416631322007126e-02,-3.068250560415588732e-02,5.075011120954970451e-02
-2.790896670384850929e-05,4.381049573057212848e-02,-4.966942570929447354e-02,-6.124234763237400292e-02,-3.027104718582364004e-02,5.000405092396710549e-02
-2.836224529460414824e-05,4.381197619797942699e-02,-4.980996372428407593e-02,-6.049052895152793458e-02,-2.985958876749138929e-02,4.925799063838449954e-02
-2.881552388535978381e-05,4.381345666538672551e-02,-4.995050173927367831e-02,-5.973871027068186623e-02,-2.944813034915914202e-02,4.851193035280190052e-02
-2.926880247611542276e-05,4.381493713279403096e-02,-5.009103975426328070e-02,-5.898689158983579789e-02,-2.903667193082689127e-02,4.776587006721929457e-02
-2.972208106687105833e-05,4.381641760020132947e-02,-5.023157776925288309e-02,-5.823507290898972955e-02,-2.862521351249464399e-02,4.701980978163668862e-02
-3.017535965762669728e-05,4.381789806760863493e-02,-5.037211578424248548e-02,-5.748325422814366120e-02,-2.821375509416239324e-02,4.627374949605408960e-02
-3.149693688545722648e-05,4.386483669130756408e-02,-5.056283588730029616e-02,-5.679577817533865147e-02,-2.785491709300527002e-02,4.558896685771378354e-02
-3.286826049099814752e-05,4.391437969399900748e-02,-5.075643101184199035e-02,-5.611198842665298531e-02,-2.749909380956332139e-02,4.490769492526695134e-02
-3.423958409653906856e-05,4.396392269669045089e-02,-5.095002613638369149e-02,-5.542819867796731914e-02,-2.714327052612137275e-02,4.422642299282011913e-02
-3.561090770207998960e-05,4.401346569938189429e-02,-5.114362126092539262e-02,-5.474440892928165298e-02,-2.678744724267942065e-02,4.354515106037328692e-02
-3.698223130762091064e-05,4.406300870207333770e-02,-5.133721638546708682e-02,-5.406061918059599375e-02,-2.643162395923747202e-02,4.286387912792645472e-02
-3.835355491316183167e-05,4.411255170476478110e-02,-5.153081151000878796e-02,-5.337682943191032758e-02,-2.607580067579552338e-02,4.218260719547962945e-02
-3.972487851870275271e-05,4.416209470745622451e-02,-5.172440663455048909e-02,-5.269303968322466142e-02,-2.571997739235357475e-02,4.150133526303279724e-02
-4.109620212424367375e-05,4.421163771014766791e-02,-5.191800175909218329e-02,-5.200924993453899525e-02,-2.536415410891162611e-02,4.082006333058596503e-02
-4.246752572978458801e-05,4.426118071283911132e-02,-5.211159688363388443e-02,-5.132546018585332909e-02,-2.500833082546967748e-02,4.013879139813913283e-02
-4.383884933532550905e-05,4.431072371553055472e-02,-5.230519200817557862e-02,-5.064167043716766292e-02,-2.465250754202772884e-02,3.945751946569230062e-02
-4.521017294086643009e-05,4.436026671822199813e-02,-5.249878713271727976e-02,-4.995788068848199676e-02,-2.429668425858578021e-02,3.877624753324546841e-02
-4.658149654640735113e-05,4.440980972091344153e-02,-5.269238225725898089e-02,-4.927409093979633059e-02,-2.394086097514383157e-02,3.809497560079863621e-02
-4.795282015194827217e-05,4.445935272360488494e-02,-5.288597738180067509e-02,-4.859030119111067136e-02,-2.358503769170188294e-02,3.741370366835180400e-02
-4.932414375748919320e-05,4.450889572629632834e-02,-5.307957250634237623e-02,-4.790651144242499826e-02,-2.322921440825993430e-02,3.673243173590497179e-02
-5.069546736303011424e-05,4.455843872898777175e-02,-5.327316763088407736e-02,-4.722272169373933903e-02,-2.287339112481798567e-02,3.605115980345814652e-02
-5.206679096857103528e-05,4.460798173167921515e-02,-5.346676275542577156e-02,-4.653893194505367287e-02,-2.251756784137603704e-02,3.536988787101130738e-02
-5.343811457411195632e-05,4.465752473437065856e-02,-5.366035787996747269e-02,-4.585514219636800670e-02,-2.216174455793408840e-02,3.468861593856448211e-02
-5.480943817965287736e-05,4.470706773706210196e-02,-5.385395300450917383e-02,-4.517135244768234054e-02,-2.180592127449213977e-02,3.400734400611764990e-02
-5.618076178519379839e-05,4.475661073975354537e-02,-5.404754812905086803e-02,-4.448756269899667437e-02,-2.145009799105019113e-02,3.332607207367081770e-02
-5.755208539073471943e-05,4.480615374244498877e-02,-5.424114325359256916e-02,-4.380377295031100821e-02,-2.109427470760824250e-02,3.264480014122398549e-02
-5.892340899627564047e-05,4.485569674513643218e-02,-5.443473837813427030e-02,-4.311998320162534204e-02,-2.073845142416629386e-02,3.196352820877715328e-02
-6.029473260181656151e-05,4.490523974782787558e-02,-5.462833350267596449e-02,-4.243619345293968281e-02,-2.038262814072434523e-02,3.128225627633032108e-02
-6.166605620735748255e-05,4.495478275051931899e-02,-5.482192862721766563e-02,-4.175240370425400971e-02,-2.002680485728239312e-02,3.060098434388348887e-02
-6.303737981289840359e-05,4.500432575321076240e-02,-5.501552375175935983e-02,-4.106861395556835048e-02,-1.967098157384044449e-02,2.991971241143666013e-02
-6.440870341843932462e-05,4.505386875590220580e-02,-5.520911887630106096e-02,-4.038482420688268432e-02,-1.931515829039849586e-02,2.923844047898982793e-02
-6.578002702398024566e-05,4.510341175859364921e-02,-5.540271400084276210e-02,-3.970103445819701815e-02,-1.895933500695654722e-02,2.855716854654299572e-02
-6.715135062952116670e-05,4.515295476128509261e-02,-5.559630912538445630e-02,-3.901724470951135199e-02,-1.860351172351459859e-02,2.787589661409616351e-02
-6.852267423506208774e-05,4.520249776397653602e-02,-5.578990424992615743e-02,-3.833345496082568582e-02,-1.824768844007264995e-02,2.719462468164933130e-02
-6.989399784060300878e-05,4.525204076666797942e-02,-5.598349937446785857e-02,-3.764966521214002659e-02,-1.789186515663070132e-02,2.651335274920250257e-02
-7.126532144614391626e-05,4.530158376935942283e-02,-5.617709449900955276e-02,-3.696587546345435349e-02,-1.753604187318875268e-02,2.583208081675567036e-02
-7.263664505168483730e-05,4.535112677205086623e-02,-5.637068962355125390e-02,-3.628208571476869426e-02,-1.718021858974680405e-02,2.515080888430883815e-02
-7.400796865722575834e-05,4.540066977474230964e-02,-5.656428474809295504e-02,-3.559829596608302116e-02,-1.682439530630485541e-02,2.446953695186200595e-02
-7.537929226276667938e-05,4.545021277743375304e-02,-5.675787987263464923e-02,-3.491450621739736193e-02,-1.646857202286290678e-02,2.378826501941517374e-02
-7.675061586830760041e-05,4.549975578012519645e-02,-5.695147499717635037e-02,-3.423071646871169577e-02,-1.611274873942095814e-02,2.310699308696834500e-02
-7.812193947384852145e-05,4.554929878281663985e-02,-5.714507012171805150e-02,-3.354692672002602960e-02,-1.575692545597900951e-02,2.242572115452151280e-02
-7.949326307938944249e-05,4.559884178550808326e-02,-5.733866524625974570e-02,-3.286313697134036343e-02,-1.540110217253706087e-02,2.174444922207468059e-02
-8.086458668493036353e-05,4.564838478819952666e-02,-5.753226037080144684e-02,-3.217934722265469727e-02,-1.504527888909511224e-02,2.106317728962784838e-02
-8.223591029047128457e-05,4.569792779089097007e-02,-5.772585549534314797e-02,-3.149555747396903804e-02,-1.468945560565316361e-02,2.038190535718101618e-02
-8.360723389601220561e-05,4.574747079358241347e-02,-5.791945061988484217e-02,-3.081176772528336841e-02,-1.433363232221121497e-02,1.970063342473418744e-02
-8.497855750155312664e-05,4.579701379627385688e-02,-5.811304574442654330e-02,-3.012797797659770224e-02,-1.397780903876926634e-02,1.901936149228735523e-02
-8.634988110709404768e-05,4.584655679896530028e-02,-5.830664086896823750e-02,-2.944418822791203608e-02,-1.362198575532731770e-02,1.833808955984052302e-02
-8.772120471263496872e-05,4.589609980165674369e-02,-5.850023599350993864e-02,-2.876039847922636991e-02,-1.326616247188536907e-02,1.765681762739369082e-02
-8.909252831817588976e-05,4.594564280434818709e-02,-5.869383111805163977e-02,-2.807660873054070721e-02,-1.291033918844342043e-02,1.697554569494685861e-02
-9.046385192371681080e-05,4.599518580703963050e-02,-5.888742624259334091e-02,-2.739281898185504105e-02,-1.255451590500147180e-02,1.629427376250002987e-02
-9.183517552925773183e-05,4.604472880973107390e-02,-5.908102136713503511e-02,-2.670902923316937488e-02,-1.219869262155952316e-02,1.561300183005319767e-02
-9.320649913479865287e-05,4.609427181242251731e-02,-5.927461649167673624e-02,-2.602523948448370872e-02,-1.184286933811757453e-02,1.493172989760636199e-02
-9.457782274033957391e-05,4.614381481511396071e-02,-5.946821161621843044e-02,-2.534144973579804255e-02,-1.148704605467562589e-02,1.425045796515953672e-02
-9.594914634588049495e-05,4.619335781780540412e-02,-5.966180674076013157e-02,-2.465765998711237639e-02,-1.113122277123367726e-02,1.356918603271270451e-02
-9.732046995142141599e-05,4.624290082049684752e-02,-5.985540186530183271e-02,-2.397387023842671716e-02,-1.077539948779172516e-02,1.288791410026587231e-02
-9.869179355696232347e-05,4.629244382318829093e-02,-6.004899698984352691e-02,-2.329008048974105100e-02,-1.041957620434977652e-02,1.220664216781904010e-02
-1.000631171625032445e-04,4.634198682587973434e-02,-6.024259211438522804e-02,-2.260629074105538483e-02,-1.006375292090782789e-02,1.152537023537220789e-02
-1.001919246242254953e-04,4.639257759100095385e-02,-6.044041723038760805e-02,-2.190774593261107100e-02,-9.697478287692084392e-03,1.083223662070705896e-02
-9.631929275738271854e-05,4.644654260425729736e-02,-6.065186474817978179e-02,-2.116168345082379554e-02,-9.297545788453554991e-03,1.010090325963993590e-02
-9.244666089053992820e-05,4.650050761751364087e-02,-6.086331226597194860e-02,-2.041562096903652007e-02,-8.897613289215027324e-03,9.369569898572811112e-03
-8.857402902369713787e-05,4.655447263076997744e-02,-6.107475978376412235e-02,-1.966955848724924807e-02,-8.497680789976497923e-03,8.638236537505688054e-03
-8.470139715685434754e-05,4.660843764402632095e-02,-6.128620730155628915e-02,-1.892349600546197261e-02,-8.097748290737970256e-03,7.906903176438564995e-03
-8.082876529001155720e-05,4.666240265728266445e-02,-6.149765481934846290e-02,-1.817743352367469714e-02,-7.697815791499440854e-03,7.175569815371440202e-03
-7.695613342316876687e-05,4.671636767053900102e-02,-6.170910233714062970e-02,-1.743137104188742514e-02,-7.297883292260912320e-03,6.444236454304317144e-03
-7.308350155632599009e-05,4.677033268379534453e-02,-6.192054985493280345e-02,-1.668530856010014968e-02,-6.897950793022383786e-03,5.712903093237193218e-03
-6.921086968948319976e-05,4.682429769705168804e-02,-6.213199737272497719e-02,-1.593924607831287421e-02,-6.498018293783855252e-03,4.981569732170069292e-03
-6.533823782264040942e-05,4.687826271030802461e-02,-6.234344489051714400e-02,-1.519318359652560221e-02,-6.098085794545326718e-03,4.250236371102946234e-03
-6.146560595579761909e-05,4.693222772356436812e-02,-6.255489240830931774e-02,-1.444712111473832675e-02,-5.698153295306798184e-03,3.518903010035822308e-03
-5.759297408895483553e-05,4.698619273682071162e-02,-6.276633992610149149e-02,-1.370105863295105302e-02,-5.298220796068269650e-03,2.787569648968698383e-03
-5.372034222211204520e-05,4.704015775007704819e-02,-6.297778744389366523e-02,-1.295499615116377928e-02,-4.898288296829741116e-03,2.056236287901575324e-03
-4.984771035526926164e-05,4.709412276333339170e-02,-6.318923496168582510e-02,-1.220893366937650555e-02,-4.498355797591212582e-03,1.324902926834452266e-03
-4.597507848842647131e-05,4.714808777658973521e-02,-6.340068247947799884e-02,-1.146287118758923008e-02,-4.098423298352683181e-03,5.935695657673274728e-04
-4.210244662158368098e-05,4.720205278984607178e-02,-6.361212999727017259e-02,-1.071680870580195635e-02,-3.698490799114154647e-03,-1.377637952997955856e-04
-3.822981475474089065e-05,4.725601780310241529e-02,-6.382357751506234633e-02,-9.970746224014682621e-03,-3.298558299875626112e-03,-8.690971563669186439e-04
-3.435718288789811386e-05,4.730998281635875879e-02,-6.403502503285452008e-02,-9.224683742227408889e-03,-2.898625800637097578e-03,-1.600430517434043437e-03
-3.048455102105532353e-05,4.736394782961509536e-02,-6.424647255064667994e-02,-8.478621260440133423e-03,-2.498693301398569044e-03,-2.331763878501166495e-03
-2.661191915421253320e-05,4.741791284287143887e-02,-6.445792006843885369e-02,-7.732558778652859691e-03,-2.098760802160040510e-03,-3.063097239568289554e-03
-2.273928728736974287e-05,4.747187785612778238e-02,-6.466936758623102743e-02,-6.986496296865585959e-03,-1.698828302921511976e-03,-3.794430600635414347e-03
-1.886665542052695253e-05,4.752584286938411895e-02,-6.488081510402320118e-02,-6.240433815078310492e-03,-1.298895803682982575e-03,-4.525763961702537405e-03
-1.499402355368417575e-05,4.757980788264046246e-02,-6.509226262181536105e-02,-5.494371333291038495e-03,-8.989633044444549081e-04,-5.257097322769662198e-03
-1.112139168684138542e-05,4.763377289589680597e-02,-6.530371013960753479e-02,-4.748308851503763028e-03,-4.990308052059255067e-04,-5.988430683836783522e-03
-7.248759819998595085e-06,4.768773790915314253e-02,-6.551515765739970854e-02,-4.002246369716487562e-03,-9.909830596739784003e-05,-6.719764044903908315e-03
-3.376127953155804752e-06,4.774170292240948604e-02,-6.572660517519188228e-02,-3.256183887929215565e-03,3.008341932711315614e-04,-7.451097405971033108e-03
4.965039136869855811e-07,4.779566793566582955e-02,-6.593805269298405602e-02,-2.510121406141940098e-03,7.007666925096592281e-04,-8.182430767038154432e-03
4.369135780529762362e-06,4.784963294892216612e-02,-6.614950021077622977e-02,-1.764058924354664631e-03,1.100699191748188630e-03,-8.913764128105279225e-03
8.241767647372552695e-06,4.790359796217850963e-02,-6.636094772856838964e-02,-1.017996442567392634e-03,1.500631690986716296e-03,-9.645097489172404018e-03
1.211439951421534303e-05,4.795756297543485314e-02,-6.657239524636056338e-02,-2.719339607801171677e-04,1.900564190225245698e-03,-1.037643085023952534e-02
1.598703138105813336e-05,4.801152798869118971e-02,-6.678384276415273713e-02,4.741285210071548295e-04,2.300496689463773364e-03,-1.110776421130665013e-02
1.985966324790092369e-05,4.806549300194753321e-02,-6.699529028194491087e-02,1.220191002794430296e-03,2.700429188702302766e-03,-1.183909757237377493e-02
2.373229511474370047e-05,4.811945801520387672e-02,-6.720673779973707074e-02,1.966253484581705763e-03,3.100361687940830432e-03,-1.257043093344089625e-02
2.760492698158649081e-05,4.817342302846021329e-02,-6.741818531752924448e-02,2.712315966368977760e-03,3.500294187179359834e-03,-1.330176429450802104e-02
3.147755884842928114e-05,4.822738804171655680e-02,-6.762963283532141823e-02,3.458378448156253226e-03,3.900226686417889235e-03,-1.403309765557514584e-02
3.535019071527207147e-05,4.828135305497290031e-02,-6.784108035311359197e-02,4.204440929943528693e-03,4.300159185656416902e-03,-1.476443101664226716e-02
3.922282258211486181e-05,4.833531806822923688e-02,-6.805252787090576572e-02,4.950503411730800690e-03,4.700091684894946303e-03,-1.549576437770939195e-02
4.309545444895765214e-05,4.838928308148558038e-02,-6.826397538869793946e-02,5.696565893518076157e-03,5.100024184133473970e-03,-1.622709773877651501e-02
4.696808631580044247e-05,4.844324809474192389e-02,-6.847542290649009933e-02,6.442628375305348154e-03,5.499956683372003372e-03,-1.695843109984363634e-02
5.084071818264323281e-05,4.849721310799826046e-02,-6.868687042428227307e-02,7.188690857092623621e-03,5.899889182610531038e-03,-1.768976446091076460e-02
5.471335004948599604e-05,4.855117812125460397e-02,-6.889831794207444682e-02,7.934753338879899087e-03,6.299821681849058705e-03,-1.842109782197788592e-02
5.858598191632878637e-05,4.860514313451094748e-02,-6.910976545986662056e-02,8.680815820667171084e-03,6.699754181087589841e-03,-1.915243118304500725e-02
6.245861378317157670e-05,4.865910814776728405e-02,-6.932121297765878043e-02,9.426878302454446551e-03,7.099686680326117508e-03,-1.988376454411213551e-02
6.633124565001436703e-05,4.871307316102362756e-02,-6.953266049545095417e-02,1.017294078424172202e-02,7.499619179564645174e-03,-2.061509790517925683e-02
7.020387751685715737e-05,4.876703817427996412e-02,-6.974410801324312792e-02,1.091900326602899748e-02,7.899551678803172841e-03,-2.134643126624637816e-02
7.407650938369994770e-05,4.882100318753630763e-02,-6.995555553103530166e-02,1.166506574781626601e-02,8.299484178041703977e-03,-2.207776462731350642e-02
7.794914125054273803e-05,4.887496820079265114e-02,-7.016700304882747541e-02,1.241112822960354148e-02,8.699416677280231644e-03,-2.280909798838062774e-02
8.182177311738552837e-05,4.892893321404899465e-02,-7.037845056661963528e-02,1.315719071139081695e-02,9.099349176518759311e-03,-2.354043134944774907e-02
8.569440498422831870e-05,4.898289822730533122e-02,-7.058989808441180902e-02,1.390325319317809241e-02,9.499281675757290447e-03,-2.427176471051487733e-02
8.956703685107067535e-05,4.903686324056166779e-02,-7.080134560220395501e-02,1.464931567496528461e-02,9.899214174995773011e-03,-2.500309807158191538e-02
9.343966871791346569e-05,4.909082825381801130e-02,-7.101279311999612875e-02,1.539537815675256008e-02,1.029914667423430068e-02,-2.573443143264904365e-02
9.152789678118810658e-05,4.915855966261512000e-02,-7.125182470948493441e-02,1.618769329343678828e-02,1.071759199610952847e-02,-2.653022388142081342e-02
7.431259956595814994e-05,4.926271217709856515e-02,-7.156383418105999317e-02,1.710237690538976563e-02,1.118501582276439262e-02,-2.749655270907169768e-02
5.709730235072820007e-05,4.936686469158201029e-02,-7.187584365263506581e-02,1.801706051734273950e-02,1.165243964941925676e-02,-2.846288153672257848e-02
3.988200513549825020e-05,4.947101720606545544e-02,-7.218785312421013844e-02,1.893174412929571684e-02,1.211986347607412265e-02,-2.942921036437346274e-02
2.266670792026830711e-05,4.957516972054890059e-02,-7.249986259578521108e-02,1.984642774124869419e-02,1.258728730272898680e-02,-3.039553919202434701e-02
5.451410705038350468e-06,4.967932223503234573e-02,-7.281187206736028372e-02,2.076111135320166806e-02,1.305471112938385095e-02,-3.136186801967522780e-02
-1.176388651019160618e-05,4.978347474951579088e-02,-7.312388153893534248e-02,2.167579496515464541e-02,1.352213495603871510e-02,-3.232819684732611554e-02
-2.897918372542156282e-05,4.988762726399923603e-02,-7.343589101051041512e-02,2.259047857710762275e-02,1.398955878269357925e-02,-3.329452567497699633e-02
-4.619448094065150591e-05,4.999177977848268117e-02,-7.374790048208548776e-02,2.350516218906059662e-02,1.445698260934844513e-02,-3.426085450262787713e-02
-6.340977815588144900e-05,5.009593229296611938e-02,-7.405990995366056040e-02,2.441984580101357050e-02,1.492440643600330928e-02,-3.522718333027875792e-02
-8.062507537111139209e-05,5.020008480744956453e-02,-7.437191942523563304e-02,2.533452941296654784e-02,1.539183026265817517e-02,-3.619351215792964566e-02
-9.784037258634136229e-05,5.030423732193300967e-02,-7.468392889681070568e-02,2.624921302491952518e-02,1.585925408931303932e-02,-3.715984098558052645e-02
-1.150556698015713054e-04,5.040838983641645482e-02,-7.499593836838576444e-02,2.716389663687249906e-02,1.632667791596790346e-02,-3.812616981323141419e-02
-1.322709670168012485e-04,5.051254235089989997e-02,-7.530794783996083708e-02,2.807858024882547640e-02,1.679410174262276761e-02,-3.909249864088229498e-02
-1.494862642320311916e-04,5.061669486538334511e-02,-7.561995731153590972e-02,2.899326386077845374e-02,1.726152556927763176e-02,-4.005882746853317578e-02
-1.667015614472611618e-04,5.072084737986679026e-02,-7.593196678311098236e-02,2.990794747273142762e-02,1.772894939593249591e-02,-4.102515629618406351e-02
-1.839168586624911320e-04,5.082499989435023541e-02,-7.624397625468605499e-02,3.082263108468440496e-02,1.819637322258736006e-02,-4.199148512383494430e-02
-2.011321558777210479e-04,5.092915240883368055e-02,-7.655598572626111376e-02,3.173731469663737537e-02,1.866379704924222421e-02,-4.295781395148583204e-02
-2.183474530929510181e-04,5.103330492331712570e-02,-7.686799519783618639e-02,3.265199830859035618e-02,1.913122087589708836e-02,-4.392414277913671283e-02
-2.355627503081809341e-04,5.113745743780057085e-02,-7.718000466941125903e-02,3.356668192054333699e-02,1.959864470255195251e-02,-4.489047160678759363e-02
-2.527780475234109314e-04,5.124160995228401599e-02,-7.749201414098633167e-02,3.448136553249631087e-02,2.006606852920682013e-02,-4.585680043443847442e-02
-2.699933447386409016e-04,5.134576246676746114e-02,-7.780402361256140431e-02,3.539604914444928474e-02,2.053349235586168428e-02,-4.682312926208936216e-02
-2.872086419538707634e-04,5.144991498125090629e-02,-7.811603308413647695e-02,3.631073275640225861e-02,2.100091618251654843e-02,-4.778945808974024295e-02
-3.044239391691007336e-04,5.155406749573435143e-02,-7.842804255571153571e-02,3.722541636835523249e-02,2.146834000917141258e-02,-4.875578691739113069e-02
-3.216392363843307038e-04,5.165822001021778964e-02,-7.874005202728660835e-02,3.814009998030820636e-02,2.193576383582628020e-02,-4.972211574504201148e-02
-3.388545335995606740e-04,5.176237252470123479e-02,-7.905206149886168099e-02,3.905478359226118718e-02,2.240318766248114435e-02,-5.068844457269289228e-02
-3.560698308147906442e-04,5.186652503918467993e-02,-7.936407097043675363e-02,3.996946720421416799e-02,2.287061148913600850e-02,-5.165477340034377307e-02
-3.732851280300206144e-04,5.197067755366812508e-02,-7.967608044201182627e-02,4.088415081616714186e-02,2.333803531579087265e-02,-5.262110222799466080e-02
-3.905004252452504761e-04,5.207483006815157023e-02,-7.998808991358688503e-02,4.179883442812011574e-02,2.380545914244573680e-02,-5.358743105564554160e-02
-4.077157224604804463e-04,5.217898258263501537e-02,-8.030009938516195767e-02,4.271351804007308961e-02,2.427288296910060095e-02,-5.455375988329642933e-02
-4.249310196757104165e-04,5.228313509711846052e-02,-8.061210885673703030e-02,4.362820165202606348e-02,2.474030679575546510e-02,-5.552008871094731013e-02
-4.421463168909403867e-04,5.238728761160190567e-02,-8.092411832831210294e-02,4.454288526397904430e-02,2.520773062241032925e-02,-5.648641753859819092e-02
-4.593616141061702485e-04,5.249144012608535081e-02,-8.123612779988717558e-02,4.545756887593201817e-02,2.567515444906519340e-02,-5.745274636624907172e-02
-4.765769113214002187e-04,5.259559264056879596e-02,-8.154813727146223434e-02,4.637225248788499898e-02,2.614257827572005755e-02,-5.841907519389995945e-02
-4.937922085366301889e-04,5.269974515505224111e-02,-8.186014674303730698e-02,4.728693609983797286e-02,2.661000210237492516e-02,-5.938540402155084025e-02
-5.110075057518601591e-04,5.280389766953568625e-02,-8.217215621461237962e-02,4.820161971179094673e-02,2.707742592902978931e-02,-6.035173284920172798e-02
-5.282228029670901293e-04,5.290805018401913140e-02,-8.248416568618745226e-02,4.911630332374392061e-02,2.754484975568465346e-02,-6.131806167685260878e-02
-5.454381001823200995e-04,5.301220269850257655e-02,-8.279617515776252490e-02,5.003098693569690142e-02,2.801227358233951761e-02,-6.228439050450348957e-02
-5.626533973975499613e-04,5.311635521298602169e-02,-8.310818462933758366e-02,5.094567054764987529e-02,2.847969740899438176e-02,-6.325071933215437037e-02
-5.798686946127799315e-04,5.322050772746946684e-02,-8.342019410091265630e-02,5.186035415960284917e-02,2.894712123564924591e-02,-6.421704815980525116e-02
-5.970839918280099017e-04,5.332466024195291199e-02,-8.373220357248772894e-02,5.277503777155582304e-02,2.941454506230411006e-02,-6.518337698745613196e-02
-6.142992890432398718e-04,5.342881275643635020e-02,-8.404421304406280158e-02,5.368972138350880385e-02,2.988196888895897421e-02,-6.614970581510702663e-02
-6.315145862584698420e-04,5.353296527091979534e-02,-8.435622251563787422e-02,5.460440499546177773e-02,3.034939271561383836e-02,-6.711603464275790742e-02
-6.487298834736997038e-04,5.363711778540324049e-02,-8.466823198721293298e-02,5.551908860741475160e-02,3.081681654226870598e-02,-6.808236347040878822e-02
-6.659451806889296740e-04,5.374127029988668564e-02,-8.498024145878800562e-02,5.643377221936773241e-02,3.128424036892357013e-02,-6.904869229805968289e-02
-6.831604779041596442e-04,5.384542281437013078e-02,-8.529225093036307825e-02,5.734845583132070629e-02,3.175166419557843428e-02,-7.001502112571056369e-02
-7.003757751193896144e-04,5.394957532885357593e-02,-8.560426040193815089e-02,5.826313944327368016e-02,3.221908802223329843e-02,-7.098134995336144448e-02
-7.175910723346195846e-04,5.405372784333702108e-02,-8.591626987351322353e-02,5.917782305522665404e-02,3.268651184888816258e-02,-7.194767878101232528e-02
-7.348063695498495548e-04,5.415788035782046622e-02,-8.622827934508829617e-02,6.009250666717963485e-02,3.315393567554302673e-02,-7.291400760866320607e-02
-7.520216667650794166e-04,5.426203287230391137e-02,-8.654028881666335493e-02,6.100719027913260872e-02,3.362135950219789088e-02,-7.388033643631408687e-02
-7.321419750733698748e-04,5.434672252332425901e-02,-8.681678490738239939e-02,6.187621631620583706e-02,3.408908858079507526e-02,-7.472925583676520711e-02
-6.137773699357491636e-04,5.437973946921805662e-02,-8.699899515673513439e-02,6.262402430085710348e-02,3.455762808451866286e-02,-7.526646043110517270e-02
-4.954127647981282356e-04,5.441275641511185424e-02,-8.718120540608786939e-02,6.337183228550836989e-02,3.502616758824225046e-02,-7.580366502544515217e-02
-3.770481596605074702e-04,5.444577336100564491e-02,-8.736341565544059051e-02,6.411964027015963630e-02,3.549470709196583806e-02,-7.634086961978513164e-02
-2.586835545228865964e-04,5.447879030689944252e-02,-8.754562590479332551e-02,6.486744825481090271e-02,3.596324659568942567e-02,-7.687807421412509723e-02
-1.403189493852657769e-04,5.451180725279323319e-02,-8.772783615414606051e-02,6.561525623946215524e-02,3.643178609941301327e-02,-7.741527880846507670e-02
-2.195434424764495726e-05,5.454482419868703080e-02,-8.791004640349878163e-02,6.636306422411342165e-02,3.690032560313660087e-02,-7.795248340280505617e-02
9.641026088997586233e-05,5.457784114458082148e-02,-8.809225665285151663e-02,6.711087220876468806e-02,3.736886510686018847e-02,-7.848968799714502176e-02
2.147748660275966819e-04,5.461085809047461909e-02,-8.827446690220423775e-02,6.785868019341595447e-02,3.783740461058377608e-02,-7.902689259148500123e-02
3.331394711652173931e-04,5.464387503636841670e-02,-8.845667715155697275e-02,6.860648817806722088e-02,3.830594411430736368e-02,-7.956409718582498070e-02
4.515040763028383211e-04,5.467689198226220737e-02,-8.863888740090970775e-02,6.935429616271848730e-02,3.877448361803095128e-02,-8.010130178016494629e-02
5.698686814404590323e-04,5.470990892815600498e-02,-8.882109765026242887e-02,7.010210414736973983e-02,3.924302312175453888e-02,-8.063850637450492576e-02
6.882332865780799603e-04,5.474292587404979565e-02,-8.900330789961516387e-02,7.084991213202100624e-02,3.971156262547812649e-02,-8.117571096884489135e-02
8.065978917157006715e-04,5.477594281994359326e-02,-8.918551814896788499e-02,7.159772011667227265e-02,4.018010212920171409e-02,-8.171291556318487082e-02
9.249624968533215995e-04,5.480895976583739088e-02,-8.936772839832061999e-02,7.234552810132353906e-02,4.064864163292530169e-02,-8.225012015752485028e-02
1.043327101990942527e-03,5.484197671173118155e-02,-8.954993864767335499e-02,7.309333608597480547e-02,4.111718113664888929e-02,-8.278732475186481587e-02
1.161691707128563239e-03,5.487499365762497916e-02,-8.973214889702607611e-02,7.384114407062607188e-02,4.158572064037247690e-02,-8.332452934620479534e-02
1.280056312266184167e-03,5.490801060351876983e-02,-8.991435914637881111e-02,7.458895205527732442e-02,4.205426014409606450e-02,-8.386173394054477481e-02
1.398420917403804878e-03,5.494102754941256744e-02,-9.009656939573154610e-02,7.533676003992859083e-02,4.252279964781965210e-02,-8.439893853488474040e-02
1.516785522541425589e-03,5.497404449530636505e-02,-9.027877964508426722e-02,7.608456802457985724e-02,4.299133915154323970e-02,-8.493614312922471987e-02
1.635150127679046734e-03,5.500706144120015573e-02,-9.046098989443700222e-02,7.683237600923112365e-02,4.345987865526682731e-02,-8.547334772356468546e-02
1.753514732816667445e-03,5.504007838709395334e-02,-9.064320014378972334e-02,7.758018399388239006e-02,4.392841815899041491e-02,-8.601055231790466493e-02
1.871879337954288156e-03,5.507309533298774401e-02,-9.082541039314245834e-02,7.832799197853365647e-02,4.439695766271400251e-02,-8.654775691224464440e-02
1.990243943091908867e-03,5.510611227888154162e-02,-9.100762064249519334e-02,7.907579996318492288e-02,4.486549716643759012e-02,-8.708496150658460999e-02
2.108608548229530012e-03,5.513912922477533923e-02,-9.118983089184791446e-02,7.982360794783617541e-02,4.533403667016117772e-02,-8.762216610092458946e-02
2.226973153367150723e-03,5.517214617066912991e-02,-9.137204114120064946e-02,8.057141593248744182e-02,4.580257617388476532e-02,-8.815937069526456893e-02
2.345337758504771435e-03,5.520516311656292752e-02,-9.155425139055337058e-02,8.131922391713870824e-02,4.627111567760835292e-02,-8.869657528960453452e-02
2.463702363642392146e-03,5.523818006245671819e-02,-9.173646163990610558e-02,8.206703190178997465e-02,4.673965518133194053e-02,-8.923377988394451399e-02
2.582066968780013291e-03,5.527119700835051580e-02,-9.191867188925884058e-02,8.281483988644124106e-02,4.720819468505552813e-02,-8.977098447828449346e-02
2.700431573917634002e-03,5.530421395424431341e-02,-9.210088213861156170e-02,8.356264787109249359e-02,4.767673418877911573e-02,-9.030818907262445905e-02
2.818796179055254713e-03,5.533723090013810408e-02,-9.228309238796429670e-02,8.431045585574376000e-02,4.814527369250270333e-02,-9.084539366696443852e-02
2.937160784192875424e-03,5.537024784603190170e-02,-9.246530263731703170e-02,8.505826384039502641e-02,4.861381319622629094e-02,-9.138259826130440411e-02
3.055525389330496569e-03,5.540326479192569237e-02,-9.264751288666975282e-02,8.580607182504629282e-02,4.908235269994987854e-02,-9.191980285564438358e-02
3.173889994468116846e-03,5.543628173781948998e-02,-9.282972313602248782e-02,8.655387980969755923e-02,4.955089220367346614e-02,-9.245700744998436305e-02
3.292254599605738425e-03,5.546929868371328759e-02,-9.301193338537520894e-02,8.730168779434882564e-02,5.001943170739706068e-02,-9.299421204432434251e-02
3.410619204743359136e-03,5.550231562960707826e-02,-9.319414363472794394e-02,8.804949577900009205e-02,5.048797121112064135e-02,-9.353141663866430811e-02
3.528983809880979847e-03,5.553533257550087587e-02,-9.337635388408067894e-02,8.879730376365135847e-02,5.095651071484423589e-02,-9.406862123300428757e-02
3.647348415018600559e-03,5.556834952139466655e-02,-9.355856413343340006e-02,8.954511174830261100e-02,5.142505021856781655e-02,-9.460582582734425316e-02
3.765713020156221270e-03,5.560136646728846416e-02,-9.374077438278613505e-02,9.029291973295387741e-02,5.189358972229141109e-02,-9.514303042168423263e-02
3.884077625293841981e-03,5.563438341318226177e-02,-9.392298463213887005e-02,9.104072771760514382e-02,5.236212922601499176e-02,-9.568023501602421210e-02
4.002442230431462258e-03,5.566740035907605244e-02,-9.410519488149159117e-02,9.178853570225641023e-02,5.283066872973858630e-02,-9.621743961036417769e-02
4.120806835569083837e-03,5.570041730496985005e-02,-9.428740513084432617e-02,9.253634368690766276e-02,5.329920823346216696e-02,-9.675464420470415716e-02
4.239171440706705415e-03,5.573343425086364072e-02,-9.446961538019704729e-02,9.328415167155892918e-02,5.376774773718576150e-02,-9.729184879904412275e-02
4.357536045844325259e-03,5.576645119675743834e-02,-9.465182562954978229e-02,9.403195965621019559e-02,5.423628724090934217e-02,-9.782905339338410222e-02
4.475900650981946838e-03,5.579946814265123595e-02,-9.483403587890251729e-02,9.477976764086146200e-02,5.470482674463293671e-02,-9.836625798772408169e-02
4.594265256119566682e-03,5.583248508854502662e-02,-9.501624612825523841e-02,9.552757562551272841e-02,5.517336624835651737e-02,-9.890346258206406116e-02
4.712629861257188260e-03,5.586550203443882423e-02,-9.519845637760797341e-02,9.627538361016399482e-02,5.564190575208011191e-02,-9.944066717640402675e-02
4.830994466394808104e-03,5.589851898033261490e-02,-9.538066662696070841e-02,9.702319159481526123e-02,5.611044525580369258e-02,-9.997787177074400622e-02
4.949359071532429682e-03,5.593153592622641251e-02,-9.556287687631342953e-02,9.777099957946652764e-02,5.657898475952728712e-02,-1.005150763650839718e-01
4.960536872400298468e-03,5.578685541573091128e-02,-9.538944270248958524e-02,9.792597882739388637e-02,5.686927022942023929e-02,-1.000407374927478749e-01
4.832343936434392064e-03,5.541112197292660801e-02,-9.475357823560526249e-02,9.731012645645732706e-02,5.692777907150338434e-02,-9.825112889803326588e-02
4.704151000468484792e-03,5.503538853012229781e-02,-9.411771376872093975e-02,9.669427408552075387e-02,5.698628791358652940e-02,-9.646152030331865690e-02
4.575958064502578387e-03,5.465965508731799455e-02,-9.348184930183661701e-02,9.607842171458419456e-02,5.704479675566968139e-02,-9.467191170860404792e-02
4.447765128536671983e-03,5.428392164451369128e-02,-9.284598483495229426e-02,9.546256934364762137e-02,5.710330559775282644e-02,-9.288230311388942506e-02
4.319572192570764711e-03,5.390818820170938802e-02,-9.221012036806797152e-02,9.484671697271106205e-02,5.716181443983597843e-02,-9.109269451917481608e-02
4.191379256604858307e-03,5.353245475890508476e-02,-9.157425590118364878e-02,9.423086460177448886e-02,5.722032328191912348e-02,-8.930308592446020710e-02
4.063186320638951035e-03,5.315672131610077455e-02,-9.093839143429932603e-02,9.361501223083792955e-02,5.727883212400227547e-02,-8.751347732974559812e-02
3.934993384673044631e-03,5.278098787329647129e-02,-9.030252696741500329e-02,9.299915985990137024e-02,5.733734096608542052e-02,-8.572386873503098914e-02
3.806800448707137793e-03,5.240525443049216803e-02,-8.966666250053068055e-02,9.238330748896479705e-02,5.739584980816856558e-02,-8.393426014031636628e-02
3.678607512741230955e-03,5.202952098768786476e-02,-8.903079803364635780e-02,9.176745511802823774e-02,5.745435865025171757e-02,-8.214465154560175730e-02
3.550414576775324550e-03,5.165378754488356150e-02,-8.839493356676203506e-02,9.115160274709166455e-02,5.751286749233486262e-02,-8.035504295088714832e-02
3.422221640809417278e-03,5.127805410207925130e-02,-8.775906909987771232e-02,9.053575037615510523e-02,5.757137633441801461e-02,-7.856543435617252547e-02
3.294028704843510874e-03,5.090232065927494803e-02,-8.712320463299338957e-02,8.991989800521853204e-02,5.762988517650115966e-02,-7.677582576145791649e-02
3.165835768877604036e-03,5.052658721647064477e-02,-8.648734016610906683e-02,8.930404563428197273e-02,5.768839401858431165e-02,-7.498621716674330751e-02
3.037642832911697198e-03,5.015085377366634151e-02,-8.585147569922474409e-02,8.868819326334539954e-02,5.774690286066745670e-02,-7.319660857202869853e-02
2.909449896945790360e-03,4.977512033086203824e-02,-8.521561123234042134e-02,8.807234089240884023e-02,5.780541170275060175e-02,-7.140699997731408954e-02
2.781256960979883522e-03,4.939938688805772804e-02,-8.457974676545609860e-02,8.745648852147226704e-02,5.786392054483375375e-02,-6.961739138259946669e-02
2.653064025013977117e-03,4.902365344525342478e-02,-8.394388229857177586e-02,8.684063615053570773e-02,5.792242938691689880e-02,-6.782778278788485771e-02
2.524871089048070279e-03,4.864792000244912151e-02,-8.330801783168745311e-02,8.622478377959913454e-02,5.798093822900005079e-02,-6.603817419317024873e-02
2.396678153082163441e-03,4.827218655964481825e-02,-8.267215336480313037e-02,8.560893140866257522e-02,5.803944707108319584e-02,-6.424856559845562587e-02
2.268485217116256603e-03,4.789645311684051499e-02,-8.203628889791880763e-02,8.499307903772600203e-02,5.809795591316634783e-02,-6.245895700374102383e-02
2.140292281150349765e-03,4.752071967403620478e-02,-8.140042443103448488e-02,8.437722666678944272e-02,5.815646475524949288e-02,-6.066934840902640791e-02
2.012099345184443361e-03,4.714498623123190152e-02,-8.076455996415016214e-02,8.376137429585286953e-02,5.821497359733263793e-02,-5.887973981431179893e-02
1.883906409218536523e-03,4.676925278842759826e-02,-8.012869549726583940e-02,8.314552192491631022e-02,5.827348243941578992e-02,-5.709013121959718301e-02
1.755713473252629685e-03,4.639351934562329499e-02,-7.949283103038151665e-02,8.252966955397975091e-02,5.833199128149893498e-02,-5.530052262488257403e-02
1.627520537286722847e-03,4.601778590281899173e-02,-7.885696656349719391e-02,8.191381718304317772e-02,5.839050012358208697e-02,-5.351091403016795811e-02
1.499327601320816009e-03,4.564205246001468153e-02,-7.822110209661287117e-02,8.129796481210660453e-02,5.844900896566523202e-02,-5.172130543545334913e-02
1.371134665354923482e-03,4.526631901721041989e-02,-7.758523762972863169e-02,8.068211244117011460e-02,5.850751780774837707e-02,-4.993169684073893444e-02
1.242941729389017078e-03,4.489058557440611663e-02,-7.694937316284430895e-02,8.006626007023354141e-02,5.856602664983152212e-02,-4.814208824602431852e-02
1.114748793423110240e-03,4.451485213160181337e-02,-7.631350869595998621e-02,7.945040769929698210e-02,5.862453549191466717e-02,-4.635247965130970954e-02
9.865558574572034015e-04,4.413911868879751010e-02,-7.567764422907566346e-02,7.883455532836042279e-02,5.868304433399781916e-02,-4.456287105659509362e-02
8.583629214912969971e-04,4.376338524599319990e-02,-7.504177976219134072e-02,7.821870295742384960e-02,5.874155317608096422e-02,-4.277326246188048464e-02
7.301699855253897253e-04,4.338765180318889664e-02,-7.440591529530701798e-02,7.760285058648729029e-02,5.880006201816411621e-02,-4.098365386716586872e-02
6.019770495594833210e-04,4.301191836038459337e-02,-7.377005082842269523e-02,7.698699821555071710e-02,5.885857086024726126e-02,-3.919404527245125974e-02
4.737841135935760492e-04,4.263618491758029011e-02,-7.313418636153837249e-02,7.637114584461415778e-02,5.891707970233041325e-02,-3.740443667773664382e-02
3.455911776276696448e-04,4.226045147477598685e-02,-7.249832189465404975e-02,7.575529347367758459e-02,5.897558854441355830e-02,-3.561482808302203484e-02
2.173982416617632404e-04,4.188471803197167664e-02,-7.186245742776972700e-02,7.513944110274102528e-02,5.903409738649670335e-02,-3.382521948830742586e-02
8.920530569585596870e-05,4.150898458916737338e-02,-7.122659296088540426e-02,7.452358873180445209e-02,5.909260622857985534e-02,-3.203561089359281688e-02
-3.898763027005043569e-05,4.113325114636307012e-02,-7.059072849400108152e-02,7.390773636086789278e-02,5.915111507066300039e-02,-3.024600229887819403e-02
-1.671805662359577074e-04,4.075751770355876685e-02,-6.995486402711675877e-02,7.329188398993131959e-02,5.920962391274615239e-02,-2.845639370416358505e-02
-2.953735022018641118e-04,4.038178426075446359e-02,-6.931899956023243603e-02,7.267603161899476027e-02,5.926813275482929744e-02,-2.666678510944897607e-02
-4.235664381677705162e-04,4.000605081795015339e-02,-6.868313509334811329e-02,7.206017924805818708e-02,5.932664159691244943e-02,-2.487717651473436709e-02
-5.517593741336777879e-04,3.963031737514585012e-02,-6.804727062646379054e-02,7.144432687712162777e-02,5.938515043899559448e-02,-2.308756792001974423e-02
-6.799523100995841923e-04,3.925458393234154686e-02,-6.741140615957946780e-02,7.082847450618506846e-02,5.944365928107873953e-02,-2.129795932530513525e-02
-8.081452460654914641e-04,3.887885048953724360e-02,-6.677554169269514506e-02,7.021262213524849527e-02,5.950216812316189152e-02,-1.950835073059052627e-02
-9.363381820313978685e-04,3.850311704673294033e-02,-6.613967722581082231e-02,6.959676976431192208e-02,5.956067696524503657e-02,-1.771874213587591729e-02
-1.064531117997304273e-03,3.812738360392863013e-02,-6.550381275892649957e-02,6.898091739337536277e-02,5.961918580732818856e-02,-1.592913354116129443e-02
-1.112198469458207124e-03,3.772917836910297945e-02,-6.484008032126205301e-02,6.838325561830539689e-02,5.965517784711209248e-02,-1.423964620856200611e-02
-1.091173119428162858e-03,3.731180347396809149e-02,-6.415257498943367775e-02,6.780111141047109879e-02,5.967196183037197510e-02,-1.263556775580373243e-02
-1.070147769398118376e-03,3.689442857883321047e-02,-6.346506965760530250e-02,6.721896720263681457e-02,5.968874581363186466e-02,-1.103148930304545701e-02
-1.049122419368074110e-03,3.647705368369832252e-02,-6.277756432577691337e-02,6.663682299480251647e-02,5.970552979689175421e-02,-9.427410850287183328e-03
-1.028097069338029627e-03,3.605967878856344150e-02,-6.209005899394853811e-02,6.605467878696821837e-02,5.972231378015163683e-02,-7.823332397528909646e-03
-1.007071719307985145e-03,3.564230389342855354e-02,-6.140255366212016286e-02,6.547253457913392027e-02,5.973909776341152639e-02,-6.219253944770635964e-03
-9.860463692779408793e-04,3.522492899829366558e-02,-6.071504833029178760e-02,6.489039037129962217e-02,5.975588174667141594e-02,-4.615175492012362282e-03
-9.650210192478965053e-04,3.480755410315878456e-02,-6.002754299846340541e-02,6.430824616346532407e-02,5.977266572993129856e-02,-3.011097039254086866e-03
-9.439956692178521312e-04,3.439017920802389661e-02,-5.934003766663502322e-02,6.372610195563103985e-02,5.978944971319118812e-02,-1.407018586495813184e-03
-9.229703191878076488e-04,3.397280431288901559e-02,-5.865253233480664796e-02,6.314395774779674175e-02,5.980623369645107767e-02,1.970598662624604980e-04
-9.019449691577632747e-04,3.355542941775412763e-02,-5.796502700297827271e-02,6.256181353996244365e-02,5.982301767971096029e-02,1.801138319020735915e-03
-8.809196191277189007e-04,3.313805452261923967e-02,-5.727752167114989051e-02,6.197966933212814555e-02,5.983980166297084985e-02,3.405216771779009596e-03
-8.598942690976745266e-04,3.272067962748435865e-02,-5.659001633932150832e-02,6.139752512429384745e-02,5.985658564623073941e-02,5.009295224537283278e-03
-8.388689190676301526e-04,3.230330473234947070e-02,-5.590251100749313307e-02,6.081538091645955629e-02,5.987336962949062896e-02,6.613373677295556960e-03
-8.178435690375856701e-04,3.188592983721458274e-02,-5.521500567566475781e-02,6.023323670862525819e-02,5.989015361275051158e-02,8.217452130053830642e-03
-7.968182190075414045e-04,3.146855494207970172e-02,-5.452750034383637562e-02,5.965109250079096703e-02,5.990693759601040114e-02,9.821530582812104324e-03
-7.757928689774969220e-04,3.105118004694481376e-02,-5.383999501200799342e-02,5.906894829295666893e-02,5.992372157927029069e-02,1.142560903557037801e-02
-7.547675189474525479e-04,3.063380515180992927e-02,-5.315248968017961817e-02,5.848680408512237083e-02,5.994050556253017331e-02,1.302968748832865169e-02
-7.337421689174081739e-04,3.021643025667504479e-02,-5.246498434835124292e-02,5.790465987728807273e-02,5.995728954579006287e-02,1.463376594108692537e-02
-7.127168188873637998e-04,2.979905536154016030e-02,-5.177747901652286072e-02,5.732251566945378157e-02,5.997407352904995242e-02,1.623784439384520079e-02
-6.916914688573194258e-04,2.938168046640527581e-02,-5.108997368469447853e-02,5.674037146161948347e-02,5.999085751230983504e-02,1.784192284660347794e-02
-6.706661188272749433e-04,2.896430557127038785e-02,-5.040246835286610327e-02,5.615822725378519231e-02,6.000764149556972460e-02,1.944600129936174815e-02
-6.496407687972306777e-04,2.854693067613550336e-02,-4.971496302103772802e-02,5.557608304595089421e-02,6.002442547882961416e-02,2.105007975212002530e-02
-6.286154187671861952e-04,2.812955578100061887e-02,-4.902745768920934583e-02,5.499393883811659611e-02,6.004120946208949677e-02,2.265415820487829551e-02
-6.075900687371418212e-04,2.771218088586573092e-02,-4.833995235738096363e-02,5.441179463028229801e-02,6.005799344534938633e-02,2.425823665763657266e-02
-5.865647187070974471e-04,2.729480599073084990e-02,-4.765244702555258838e-02,5.382965042244800685e-02,6.007477742860927589e-02,2.586231511039484288e-02
-5.655393686770530731e-04,2.687743109559596194e-02,-4.696494169372421312e-02,5.324750621461370875e-02,6.009156141186915850e-02,2.746639356315312003e-02
-5.445140186470086990e-04,2.646005620046107745e-02,-4.627743636189583093e-02,5.266536200677941759e-02,6.010834539512904806e-02,2.907047201591139024e-02
-5.234886686169643250e-04,2.604268130532619296e-02,-4.558993103006744874e-02,5.208321779894511949e-02,6.012512937838893762e-02,3.067455046866966739e-02
-5.024633185869198425e-04,2.562530641019130501e-02,-4.490242569823907348e-02,5.150107359111082139e-02,6.014191336164882024e-02,3.227862892142794454e-02
-4.814379685568754685e-04,2.520793151505642399e-02,-4.421492036641069823e-02,5.091892938327652329e-02,6.015869734490870979e-02,3.388270737418621475e-02
-4.604126185268310944e-04,2.479055661992153603e-02,-4.352741503458231603e-02,5.033678517544223213e-02,6.017548132816859935e-02,3.548678582694449191e-02
-4.393872684967867204e-04,2.437318172478665154e-02,-4.283990970275393384e-02,4.975464096760794097e-02,6.019226531142848197e-02,3.709086427970276212e-02
-4.183619184667423463e-04,2.395580682965176705e-02,-4.215240437092555859e-02,4.917249675977364287e-02,6.020904929468837152e-02,3.869494273246103927e-02
-3.973365684366979723e-04,2.353843193451687910e-02,-4.146489903909718333e-02,4.859035255193934477e-02,6.022583327794826108e-02,4.029902118521930948e-02
-3.763112184066535982e-04,2.312105703938199461e-02,-4.077739370726880114e-02,4.800820834410504667e-02,6.024261726120815064e-02,4.190309963797758663e-02
-3.552858683766091158e-04,2.270368214424711012e-02,-4.008988837544041894e-02,4.742606413627074857e-02,6.025940124446803325e-02,4.350717809073585685e-02
-3.342605183465647417e-04,2.228630724911222563e-02,-3.940238304361204369e-02,4.684391992843645741e-02,6.027618522772792281e-02,4.511125654349413400e-02
-3.132351683165203677e-04,2.186893235397733767e-02,-3.871487771178366843e-02,4.626177572060216625e-02,6.029296921098781237e-02,4.671533499625240421e-02
-2.922098182864759936e-04,2.145155745884245319e-02,-3.802737237995528624e-02,4.567963151276786815e-02,6.030975319424769499e-02,4.831941344901068136e-02
-2.711844682564316196e-04,2.103418256370756870e-02,-3.733986704812690405e-02,4.509748730493357005e-02,6.032653717750758454e-02,4.992349190176895157e-02
-2.501591182263872455e-04,2.061680766857268421e-02,-3.665236171629852879e-02,4.451534309709927195e-02,6.034332116076747410e-02,5.152757035452723566e-02
-2.291337681963428715e-04,2.019943277343779972e-02,-3.596485638447015354e-02,4.393319888926497385e-02,6.036010514402735672e-02,5.313164880728550588e-02
-2.081084181662983890e-04,1.978205787830291176e-02,-3.527735105264177135e-02,4.335105468143068269e-02,6.037688912728724627e-02,5.473572726004377609e-02
-1.870830681362540149e-04,1.936468298316802727e-02,-3.458984572081338915e-02,4.276891047359639153e-02,6.039367311054713583e-02,5.633980571280204630e-02
-1.660577181062096409e-04,1.894730808803314279e-02,-3.390234038898501390e-02,4.218676626576209343e-02,6.041045709380701845e-02,5.794388416556033039e-02
-1.450323680761652669e-04,1.852993319289825830e-02,-3.321483505715663170e-02,4.160462205792779533e-02,6.042724107706690800e-02,5.954796261831860060e-02
-1.240070180461207844e-04,1.811255829776337034e-02,-3.252732972532825645e-02,4.102247785009349723e-02,6.044402506032679756e-02,6.115204107107687082e-02
-1.212321942464701261e-04,1.769353490802142923e-02,-3.182955458659549042e-02,4.039550131855389192e-02,6.037102379348614767e-02,6.261640450228390942e-02
-1.225623247660278148e-04,1.727414073472111414e-02,-3.112946953703172107e-02,3.975844098786677355e-02,6.027782780209001157e-02,6.404934287900433676e-02
-1.238924552855855306e-04,1.685474656142079905e-02,-3.042938448746795171e-02,3.912138065717964824e-02,6.018463181069387546e-02,6.548228125572476410e-02
-1.252225858051432192e-04,1.643535238812048396e-02,-2.972929943790417889e-02,3.848432032649252987e-02,6.009143581929773936e-02,6.691521963244519144e-02
-1.265527163247009079e-04,1.601595821482016541e-02,-2.902921438834040607e-02,3.784725999580541150e-02,5.999823982790160326e-02,6.834815800916560491e-02
-1.278828468442586236e-04,1.559656404151985205e-02,-2.832912933877663672e-02,3.721019966511829313e-02,5.990504383650547410e-02,6.978109638588603225e-02
-1.292129773638163123e-04,1.517716986821953523e-02,-2.762904428921286390e-02,3.657313933443117476e-02,5.981184784510933800e-02,7.121403476260645959e-02
-1.305431078833740009e-04,1.475777569491922014e-02,-2.692895923964909455e-02,3.593607900374405639e-02,5.971865185371320189e-02,7.264697313932688694e-02
-1.318732384029317167e-04,1.433838152161890506e-02,-2.622887419008532173e-02,3.529901867305693108e-02,5.962545586231706579e-02,7.407991151604731428e-02
-1.332033689224894053e-04,1.391898734831858997e-02,-2.552878914052154891e-02,3.466195834236981271e-02,5.953225987092092969e-02,7.551284989276774162e-02
-1.345334994420470940e-04,1.349959317501827488e-02,-2.482870409095777955e-02,3.402489801168269434e-02,5.943906387952480053e-02,7.694578826948815509e-02
-1.358636299616048097e-04,1.308019900171795979e-02,-2.412861904139400673e-02,3.338783768099557597e-02,5.934586788812866442e-02,7.837872664620858243e-02
-1.371937604811624984e-04,1.266080482841764297e-02,-2.342853399183023738e-02,3.275077735030845760e-02,5.925267189673252832e-02,7.981166502292900977e-02
-1.385238910007201871e-04,1.224141065511732789e-02,-2.272844894226646456e-02,3.211371701962133229e-02,5.915947590533639222e-02,8.124460339964943711e-02
-1.398540215202778757e-04,1.182201648181701106e-02,-2.202836389270269174e-02,3.147665668893421392e-02,5.906627991394025612e-02,8.267754177636985058e-02
-1.411841520398355915e-04,1.140262230851669598e-02,-2.132827884313891892e-02,3.083959635824709555e-02,5.897308392254412696e-02,8.411048015309027792e-02
-1.425142825593932801e-04,1.098322813521638089e-02,-2.062819379357514957e-02,3.020253602755997718e-02,5.887988793114799085e-02,8.554341852981070526e-02
-1.438444130789509959e-04,1.056383396191606580e-02,-1.992810874401137675e-02,2.956547569687285534e-02,5.878669193975185475e-02,8.697635690653113261e-02
-1.451745435985086845e-04,1.014443978861575071e-02,-1.922802369444760739e-02,2.892841536618573350e-02,5.869349594835571865e-02,8.840929528325155995e-02
-1.465046741180663732e-04,9.725045615315433892e-03,-1.852793864488383457e-02,2.829135503549861513e-02,5.860029995695958949e-02,8.984223365997198729e-02
-1.478348046376240618e-04,9.305651442015118804e-03,-1.782785359532006175e-02,2.765429470481149676e-02,5.850710396556345338e-02,9.127517203669241463e-02
-1.491649351571817776e-04,8.886257268714803717e-03,-1.712776854575628893e-02,2.701723437412437492e-02,5.841390797416731728e-02,9.270811041341284198e-02
-1.504950656767394662e-04,8.466863095414488630e-03,-1.642768349619251958e-02,2.638017404343725655e-02,5.832071198277118118e-02,9.414104879013325544e-02
-1.518251961962971820e-04,8.047468922114171808e-03,-1.572759844662874676e-02,2.574311371275013471e-02,5.822751599137504508e-02,9.557398716685368278e-02
-1.531553267158548707e-04,7.628074748813856720e-03,-1.502751339706497741e-02,2.510605338206301634e-02,5.813431999997891592e-02,9.700692554357411013e-02
-1.544854572354125593e-04,7.208680575513541633e-03,-1.432742834750120459e-02,2.446899305137589797e-02,5.804112400858277981e-02,9.843986392029452359e-02
-1.558155877549702480e-04,6.789286402213226546e-03,-1.362734329793743177e-02,2.383193272068877613e-02,5.794792801718664371e-02,9.987280229701495093e-02
-1.571457182745279637e-04,6.369892228912909724e-03,-1.292725824837366241e-02,2.319487239000165776e-02,5.785473202579050761e-02,1.013057406737353783e-01
-1.584758487940856524e-04,5.950498055612594636e-03,-1.222717319880988959e-02,2.255781205931453592e-02,5.776153603439437845e-02,1.027386790504558056e-01
-1.598059793136433681e-04,5.531103882312279549e-03,-1.152708814924612024e-02,2.192075172862741755e-02,5.766834004299824235e-02,1.041716174271762330e-01
-1.611361098332010568e-04,5.111709709011964461e-03,-1.082700309968234742e-02,2.128369139794029918e-02,5.757514405160210624e-02,1.056045558038966603e-01
-1.624662403527587454e-04,4.692315535711647639e-03,-1.012691805011857460e-02,2.064663106725317734e-02,5.748194806020597014e-02,1.070374941806170876e-01
-1.637963708723164341e-04,4.272921362411332552e-03,-9.426833000554805247e-03,2.000957073656605897e-02,5.738875206880983404e-02,1.084704325573375150e-01
-1.651265013918741498e-04,3.853527189111017465e-03,-8.726747950991032426e-03,1.937251040587893713e-02,5.729555607741370488e-02,1.099033709340579285e-01
-1.664566319114318385e-04,3.434133015810702377e-03,-8.026662901427259605e-03,1.873545007519181876e-02,5.720236008601756877e-02,1.113363093107783558e-01
-1.677867624309895543e-04,3.014738842510385555e-03,-7.326577851863490254e-03,1.809838974450470039e-02,5.710916409462143267e-02,1.127692476874987831e-01
-1.691168929505472429e-04,2.595344669210070468e-03,-6.626492802299717433e-03,1.746132941381757855e-02,5.701596810322529657e-02,1.142021860642191966e-01
-1.704470234701049316e-04,2.175950495909753646e-03,-5.926407752735948081e-03,1.682426908313046018e-02,5.692277211182916047e-02,1.156351244409396239e-01
-1.717771539896626202e-04,1.756556322609438558e-03,-5.226322703172175260e-03,1.618720875244333834e-02,5.682957612043303131e-02,1.170680628176600513e-01
-1.731072845092203360e-04,1.337162149309123471e-03,-4.526237653608402439e-03,1.555014842175621997e-02,5.673638012903689520e-02,1.185010011943804786e-01
-1.744374150287780246e-04,9.177679760088083838e-04,-3.826152604044633088e-03,1.491308809106910160e-02,5.664318413764075910e-02,1.199339395711009060e-01
-1.757675455483357404e-04,4.983738027084932964e-04,-3.126067554480860267e-03,1.427602776038197976e-02,5.654998814624462300e-02,1.213668779478213333e-01
-1.770976760678934290e-04,7.897962940817820909e-05,-2.425982504917087446e-03,1.363896742969486139e-02,5.645679215484848690e-02,1.227998163245417607e-01
-1.784278065874511177e-04,-3.404145438921368783e-04,-1.725897455353318094e-03,1.300190709900773955e-02,5.636359616345235773e-02,1.242327547012621741e-01
-1.797579371070088063e-04,-7.598087171924519656e-04,-1.025812405789548742e-03,1.236484676832062118e-02,5.627040017205622163e-02,1.256656930779825876e-01
-1.810880676265665221e-04,-1.179202890492770522e-03,-3.257273562257759214e-04,1.172778643763350281e-02,5.617720418066008553e-02,1.270986314547030149e-01
-1.824181981461242108e-04,-1.598597063793085610e-03,3.743576933379968996e-04,1.109072610694638097e-02,5.608400818926394943e-02,1.285315698314234423e-01
-1.837483286656819265e-04,-2.017991237093400697e-03,1.074442742901769721e-03,1.045366577625926260e-02,5.599081219786782027e-02,1.299645082081438696e-01
-2.004127514522604072e-04,-2.403667043337743940e-03,1.719352538115951051e-03,9.860901220199632874e-03,5.587833128419248535e-02,1.312273982522728644e-01
-2.487778472642527281e-04,-2.719636670097019641e-03,2.250198203935723906e-03,9.359709580808898283e-03,5.572598253671842000e-02,1.321387463734755019e-01
-2.971429430762450490e-04,-3.035606296856294909e-03,2.781043869755496327e-03,8.858517941418161956e-03,5.557363378924435465e-02,1.330500944946781394e-01
-3.455080388882373699e-04,-3.351575923615570177e-03,3.311889535575269182e-03,8.357326302027425630e-03,5.542128504177029624e-02,1.339614426158807770e-01
-3.938731347002296908e-04,-3.667545550374845878e-03,3.842735201395042037e-03,7.856134662636689303e-03,5.526893629429623089e-02,1.348727907370834145e-01
-4.422382305122220659e-04,-3.983515177134120712e-03,4.373580867214814892e-03,7.354943023245952977e-03,5.511658754682216554e-02,1.357841388582860520e-01
-4.906033263242144411e-04,-4.299484803893396413e-03,4.904426533034587747e-03,6.853751383855216650e-03,5.496423879934810020e-02,1.366954869794887173e-01
-5.389684221362067620e-04,-4.615454430652671247e-03,5.435272198854360602e-03,6.352559744464481191e-03,5.481189005187403485e-02,1.376068351006913548e-01
-5.873335179481990829e-04,-4.931424057411946948e-03,5.966117864674133457e-03,5.851368105073744864e-03,5.465954130439996950e-02,1.385181832218939924e-01
-6.356986137601914038e-04,-5.247393684171222650e-03,6.496963530493906312e-03,5.350176465683009405e-03,5.450719255692590415e-02,1.394295313430966299e-01
-6.840637095721837247e-04,-5.563363310930498351e-03,7.027809196313679167e-03,4.848984826292273079e-03,5.435484380945183880e-02,1.403408794642992674e-01
-7.324288053841707330e-04,-5.879332937689737623e-03,7.558654862133393042e-03,4.347793186901592263e-03,5.420249506197779427e-02,1.412522275855017939e-01
-7.807939011961630539e-04,-6.195302564449013324e-03,8.089500527953166764e-03,3.846601547510856804e-03,5.405014631450372892e-02,1.421635757067044314e-01
-8.291589970081553749e-04,-6.511272191208289026e-03,8.620346193772939619e-03,3.345409908120120478e-03,5.389779756702966357e-02,1.430749238279070690e-01
-8.775240928201476958e-04,-6.827241817967563860e-03,9.151191859592712474e-03,2.844218268729384151e-03,5.374544881955559822e-02,1.439862719491097065e-01
-9.258891886321400167e-04,-7.143211444726839561e-03,9.682037525412483595e-03,2.343026629338647825e-03,5.359310007208153287e-02,1.448976200703123718e-01
-9.742542844441323376e-04,-7.459181071486115262e-03,1.021288319123225645e-02,1.841834989947912365e-03,5.344075132460746752e-02,1.458089681915150093e-01
-1.022619380256124550e-03,-7.775150698245390096e-03,1.074372885705202930e-02,1.340643350557176039e-03,5.328840257713340217e-02,1.467203163127176468e-01
-1.070984476068116871e-03,-8.091120325004665798e-03,1.127457452287180216e-02,8.394517111664397124e-04,5.313605382965933682e-02,1.476316644339202844e-01
-1.119349571880109192e-03,-8.407089951763941499e-03,1.180542018869157501e-02,3.382600717757033859e-04,5.298370508218527147e-02,1.485430125551229219e-01
-1.167714667692101513e-03,-8.723059578523217200e-03,1.233626585451134787e-02,-1.629315676150329406e-04,5.283135633471120612e-02,1.494543606763255594e-01
-1.216079763504093834e-03,-9.039029205282492901e-03,1.286711152033112072e-02,-6.641232070057675324e-04,5.267900758723714078e-02,1.503657087975281970e-01
-1.264444859316086155e-03,-9.354998832041766868e-03,1.339795718615089358e-02,-1.165314846396503859e-03,5.252665883976307543e-02,1.512770569187308345e-01
-1.312809955128078476e-03,-9.670968458801042569e-03,1.392880285197066643e-02,-1.666506485787240185e-03,5.237431009228901008e-02,1.521884050399334720e-01
-1.361175050940070796e-03,-9.986938085560318271e-03,1.445964851779043929e-02,-2.167698125177976512e-03,5.222196134481495167e-02,1.530997531611361095e-01
-1.409540146752063551e-03,-1.030290771231959224e-02,1.499049418361021214e-02,-2.668889764568712838e-03,5.206961259734088632e-02,1.540111012823387471e-01
-1.457905242564055872e-03,-1.061887733907886794e-02,1.552133984942998500e-02,-3.170081403959449165e-03,5.191726384986682097e-02,1.549224494035413846e-01
-1.506270338376048193e-03,-1.093484696583814364e-02,1.605218551524975612e-02,-3.671273043350185492e-03,5.176491510239275562e-02,1.558337975247440221e-01
-1.554635434188040514e-03,-1.125081659259741934e-02,1.658303118106953244e-02,-4.172464682740920083e-03,5.161256635491869027e-02,1.567451456459466597e-01
-1.603000530000032835e-03,-1.156678621935669504e-02,1.711387684688930183e-02,-4.673656322131656410e-03,5.146021760744462492e-02,1.576564937671492972e-01
-1.651365625812025156e-03,-1.188275584611597074e-02,1.764472251270907469e-02,-5.174847961522392736e-03,5.130786885997055957e-02,1.585678418883519347e-01
-1.699730721624017477e-03,-1.219872547287524644e-02,1.817556817852884754e-02,-5.676039600913127328e-03,5.115552011249649422e-02,1.594791900095545722e-01
-1.748095817436009797e-03,-1.251469509963452215e-02,1.870641384434862040e-02,-6.177231240303863655e-03,5.100317136502242887e-02,1.603905381307572375e-01
-1.796460913248002118e-03,-1.283066472639379785e-02,1.923725951016839325e-02,-6.678422879694599981e-03,5.085082261754836352e-02,1.613018862519598751e-01
-1.844826009059994439e-03,-1.314663435315307008e-02,1.976810517598816611e-02,-7.179614519085336308e-03,5.069847387007429818e-02,1.622132343731625126e-01
-1.893191104871986760e-03,-1.346260397991234578e-02,2.029895084180793896e-02,-7.680806158476072634e-03,5.054612512260023283e-02,1.631245824943651501e-01
-1.941556200683979081e-03,-1.377857360667162148e-02,2.082979650762771182e-02,-8.181997797866808961e-03,5.039377637512616748e-02,1.640359306155677876e-01
-1.989921296495971402e-03,-1.409454323343089718e-02,2.136064217344748467e-02,-8.683189437257545287e-03,5.024142762765210213e-02,1.649472787367704252e-01
-2.038286392307963723e-03,-1.441051286019017288e-02,2.189148783926725753e-02,-9.184381076648281614e-03,5.008907888017803678e-02,1.658586268579730627e-01
-2.086651488119956044e-03,-1.472648248694944859e-02,2.242233350508703038e-02,-9.685572716039017940e-03,4.993673013270397143e-02,1.667699749791757002e-01
-2.135016583931948365e-03,-1.504245211370872429e-02,2.295317917090680324e-02,-1.018676435542975427e-02,4.978438138522991302e-02,1.676813231003783378e-01
-2.183381679743940686e-03,-1.535842174046799999e-02,2.348402483672657609e-02,-1.068795599482049059e-02,4.963203263775584767e-02,1.685926712215809753e-01
-2.231746775555933007e-03,-1.567439136722727569e-02,2.401487050254634895e-02,-1.118914763421122692e-02,4.947968389028178232e-02,1.695040193427836128e-01
-2.280111871367925327e-03,-1.599036099398655139e-02,2.454571616836612180e-02,-1.169033927360196325e-02,4.932733514280771697e-02,1.704153674639862504e-01
-2.328476967179917648e-03,-1.630633062074582709e-02,2.507656183418589466e-02,-1.219153091299269957e-02,4.917498639533365162e-02,1.713267155851889156e-01
-2.376842062991909969e-03,-1.662230024750509932e-02,2.560740750000566751e-02,-1.269272255238343243e-02,4.902263764785958627e-02,1.722380637063915532e-01
-2.425207158803902290e-03,-1.693826987426437503e-02,2.613825316582544037e-02,-1.319391419177416876e-02,4.887028890038552092e-02,1.731494118275941907e-01
-2.473572254615894611e-03,-1.725423950102365073e-02,2.666909883164521322e-02,-1.369510583116490508e-02,4.871794015291145558e-02,1.740607599487968282e-01
-2.521937350427886932e-03,-1.757020912778292643e-02,2.719994449746498608e-02,-1.419629747055564141e-02,4.856559140543739023e-02,1.749721080699994658e-01
-2.570302446239879253e-03,-1.788617875454220213e-02,2.773079016328475893e-02,-1.469748910994637774e-02,4.841324265796332488e-02,1.758834561912021033e-01
-2.603603977384108883e-03,-1.820103607014926517e-02,2.825972825247773448e-02,-1.519562735908976114e-02,4.825979849035797603e-02,1.767766302971681136e-01
-2.535032920022673060e-03,-1.850837099522092619e-02,2.877576569212143831e-02,-1.567311599607084521e-02,4.809894616361103103e-02,1.775468963122321109e-01
-2.466461862661230298e-03,-1.881570592029262190e-02,2.929180313176519765e-02,-1.615060463305198132e-02,4.793809383686406522e-02,1.783171623272961914e-01
-2.397890805299802280e-03,-1.912304084536425169e-02,2.980784057140884249e-02,-1.662809327003301335e-02,4.777724151011713410e-02,1.790874283423601054e-01
-2.329319747938359084e-03,-1.943037577043594741e-02,3.032387801105260183e-02,-1.710558190701414946e-02,4.761638918337016829e-02,1.798576943574241860e-01
-2.260748690576931067e-03,-1.973771069550757373e-02,3.083991545069625015e-02,-1.758307054399518149e-02,4.745553685662323717e-02,1.806279603724881000e-01
-2.192177633215487871e-03,-2.004504562057926945e-02,3.135595289034000949e-02,-1.806055918097631760e-02,4.729468452987627136e-02,1.813982263875521805e-01
-2.123606575854059854e-03,-2.035238054565089924e-02,3.187199032998365433e-02,-1.853804781795734963e-02,4.713383220312934024e-02,1.821684924026160945e-01
-2.055035518492617092e-03,-2.065971547072259495e-02,3.238802776962741714e-02,-1.901553645493848574e-02,4.697297987638237443e-02,1.829387584176801751e-01
-1.986464461131189074e-03,-2.096705039579422475e-02,3.290406520927106199e-02,-1.949302509191951777e-02,4.681212754963544331e-02,1.837090244327440891e-01
-1.917893403769745878e-03,-2.127438532086592046e-02,3.342010264891481786e-02,-1.997051372890065388e-02,4.665127522288847750e-02,1.844792904478081697e-01
-1.849322346408318078e-03,-2.158172024593754679e-02,3.393614008855846964e-02,-2.044800236588168244e-02,4.649042289614154638e-02,1.852495564628720837e-01
-1.780751289046874882e-03,-2.188905517100924250e-02,3.445217752820222551e-02,-2.092549100286281855e-02,4.632957056939458057e-02,1.860198224779361642e-01
-1.712180231685447081e-03,-2.219639009608087230e-02,3.496821496784587036e-02,-2.140297963984385057e-02,4.616871824264764945e-02,1.867900884930000782e-01
-1.643609174324003885e-03,-2.250372502115256801e-02,3.548425240748963316e-02,-2.188046827682498668e-02,4.600786591590068364e-02,1.875603545080641588e-01
-1.575038116962576085e-03,-2.281105994622419780e-02,3.600028984713327801e-02,-2.235795691380601871e-02,4.584701358915375252e-02,1.883306205231280728e-01
-1.506467059601132889e-03,-2.311839487129589352e-02,3.651632728677704082e-02,-2.283544555078715482e-02,4.568616126240678671e-02,1.891008865381921533e-01
-1.437896002239704872e-03,-2.342572979636751984e-02,3.703236472642068566e-02,-2.331293418776818338e-02,4.552530893565985559e-02,1.898711525532560673e-01
-1.369324944878261893e-03,-2.373306472143921556e-02,3.754840216606444847e-02,-2.379042282474932296e-02,4.536445660891288978e-02,1.906414185683201479e-01
-1.300753887516833875e-03,-2.404039964651084535e-02,3.806443960570808638e-02,-2.426791146173035152e-02,4.520360428216595866e-02,1.914116845833840619e-01
-1.232182830155390896e-03,-2.434773457158254106e-02,3.858047704535184919e-02,-2.474540009871149110e-02,4.504275195541899285e-02,1.921819505984481424e-01
-1.163611772793962879e-03,-2.465506949665417086e-02,3.909651448499549403e-02,-2.522288873569251966e-02,4.488189962867206173e-02,1.929522166135120564e-01
-1.095040715432519683e-03,-2.496240442172586657e-02,3.961255192463925684e-02,-2.570037737267365924e-02,4.472104730192509592e-02,1.937224826285761370e-01
-1.026469658071091882e-03,-2.526973934679749290e-02,4.012858936428290169e-02,-2.617786600965468780e-02,4.456019497517816480e-02,1.944927486436400510e-01
-9.578986007096486864e-04,-2.557707427186918861e-02,4.064462680392666449e-02,-2.665535464663582738e-02,4.439934264843119899e-02,1.952630146587041593e-01
-8.893275433482208860e-04,-2.588440919694081840e-02,4.116066424357030934e-02,-2.713284328361685593e-02,4.423849032168426787e-02,1.960332806737680456e-01
-8.793117628226679045e-04,-2.613263543528440355e-02,4.157942580764579371e-02,-2.753447262855204802e-02,4.406674026286681867e-02,1.966085957942535767e-01
-1.340426242168053870e-03,-2.590527872970462345e-02,4.121551480975361309e-02,-2.732574523183215962e-02,4.380730807495845230e-02,1.956153543201747946e-01
-1.801540721513337270e-03,-2.567792202412489191e-02,4.085160381186150186e-02,-2.711701783511231631e-02,4.354787588705014839e-02,1.946221128460962346e-01
-2.262655200858723452e-03,-2.545056531854510834e-02,4.048769281396931430e-02,-2.690829043839242790e-02,4.328844369914178897e-02,1.936288713720174526e-01
-2.723769680204006852e-03,-2.522320861296537681e-02,4.012378181607721001e-02,-2.669956304167258807e-02,4.302901151123348505e-02,1.926356298979388926e-01
-3.184884159549393034e-03,-2.499585190738559323e-02,3.975987081818502245e-02,-2.649083564495269966e-02,4.276957932332511869e-02,1.916423884238601105e-01
-3.645998638894676434e-03,-2.476849520180586170e-02,3.939595982029291815e-02,-2.628210824823285635e-02,4.251014713541681478e-02,1.906491469497815505e-01
-4.107113118240062616e-03,-2.454113849622608159e-02,3.903204882240073059e-02,-2.607338085151296794e-02,4.225071494750845535e-02,1.896559054757027685e-01
-4.568227597585346016e-03,-2.431378179064635006e-02,3.866813782450862630e-02,-2.586465345479312464e-02,4.199128275960015144e-02,1.886626640016241807e-01
-5.029342076930731764e-03,-2.408642508506656649e-02,3.830422682661643874e-02,-2.565592605807323623e-02,4.173185057169179202e-02,1.876694225275453987e-01
-5.490456556276015164e-03,-2.385906837948683495e-02,3.794031582872433445e-02,-2.544719866135339639e-02,4.147241838378348811e-02,1.866761810534668387e-01
-5.951571035621400912e-03,-2.363171167390705138e-02,3.757640483083214689e-02,-2.523847126463350798e-02,4.121298619587512174e-02,1.856829395793880566e-01
-6.412685514966685180e-03,-2.340435496832731985e-02,3.721249383294003565e-02,-2.502974386791366468e-02,4.095355400796681783e-02,1.846896981053094966e-01
-6.873799994312070928e-03,-2.317699826274753974e-02,3.684858283504785503e-02,-2.482101647119377627e-02,4.069412182005845841e-02,1.836964566312307146e-01
-7.334914473657354328e-03,-2.294964155716780474e-02,3.648467183715574380e-02,-2.461228907447393643e-02,4.043468963215015449e-02,1.827032151571521545e-01
-7.796028953002740076e-03,-2.272228485158802463e-02,3.612076083926355624e-02,-2.440356167775404803e-02,4.017525744424179507e-02,1.817099736830733725e-01
-8.257143432348023476e-03,-2.249492814600829310e-02,3.575684984137145195e-02,-2.419483428103420472e-02,3.991582525633349116e-02,1.807167322089948125e-01
-8.718257911693410092e-03,-2.226757144042850953e-02,3.539293884347926439e-02,-2.398610688431431631e-02,3.965639306842512479e-02,1.797234907349160304e-01
-9.179372391038692625e-03,-2.204021473484877799e-02,3.502902784558716009e-02,-2.377737948759447301e-02,3.939696088051682088e-02,1.787302492608374704e-01
-9.640486870384079240e-03,-2.181285802926899442e-02,3.466511684769497253e-02,-2.356865209087458460e-02,3.913752869260846146e-02,1.777370077867586884e-01
-1.010160134972936351e-02,-2.158550132368926289e-02,3.430120584980286824e-02,-2.335992469415474476e-02,3.887809650470015754e-02,1.767437663126801284e-01
-1.056271582907474839e-02,-2.135814461810948278e-02,3.393729485191068068e-02,-2.315119729743485635e-02,3.861866431679179812e-02,1.757505248386013463e-01
-1.102383030842003266e-02,-2.113078791252975125e-02,3.357338385401857639e-02,-2.294246990071501305e-02,3.835923212888349421e-02,1.747572833645227863e-01
-1.148494478776541754e-02,-2.090343120694996767e-02,3.320947285612638883e-02,-2.273374250399512464e-02,3.809979994097512784e-02,1.737640418904440043e-01
-1.194605926711070180e-02,-2.067607450137023614e-02,3.284556185823428454e-02,-2.252501510727528133e-02,3.784036775306682393e-02,1.727708004163654443e-01
-1.240717374645608842e-02,-2.044871779579045257e-02,3.248165086034209698e-02,-2.231628771055539640e-02,3.758093556515846451e-02,1.717775589422866345e-01
-1.286828822580137095e-02,-2.022136109021072103e-02,3.211773986244999268e-02,-2.210756031383555309e-02,3.732150337725016059e-02,1.707843174682081022e-01
-1.304412359151462322e-02,-1.998792210189653459e-02,3.173578774623960624e-02,-2.185151682462503978e-02,3.706195556347922915e-02,1.697126416743531541e-01
-1.270064117111080124e-02,-1.974341101803168616e-02,3.132099385095243188e-02,-2.150933983588178625e-02,3.680219726613528225e-02,1.684981852304028582e-01
-1.235715875070690119e-02,-1.949889993416678916e-02,3.090619995566516384e-02,-2.116716284713845639e-02,3.654243896879127290e-02,1.672837287864522848e-01
-1.201367633030307747e-02,-1.925438885030194072e-02,3.049140606037798948e-02,-2.082498585839520633e-02,3.628268067144732600e-02,1.660692723425019612e-01
-1.167019390989917742e-02,-1.900987776643704025e-02,3.007661216509072144e-02,-2.048280886965187647e-02,3.602292237410332360e-02,1.648548158985513878e-01
-1.132671148949535543e-02,-1.876536668257219528e-02,2.966181826980354708e-02,-2.014063188090862294e-02,3.576316407675937670e-02,1.636403594546010642e-01
-1.098322906909145538e-02,-1.852085559870729481e-02,2.924702437451627904e-02,-1.979845489216529308e-02,3.550340577941537429e-02,1.624259030106504909e-01
-1.063974664868763166e-02,-1.827634451484244985e-02,2.883223047922910467e-02,-1.945627790342203955e-02,3.524364748207142045e-02,1.612114465667001673e-01
-1.029626422828373161e-02,-1.803183343097754937e-02,2.841743658394183664e-02,-1.911410091467870970e-02,3.498388918472741804e-02,1.599969901227495939e-01
-9.952781807879909626e-03,-1.778732234711270441e-02,2.800264268865466227e-02,-1.877192392593545617e-02,3.472413088738347114e-02,1.587825336787992980e-01
-9.609299387476009577e-03,-1.754281126324780393e-02,2.758784879336739770e-02,-1.842974693719212631e-02,3.446437259003946874e-02,1.575680772348487246e-01
-9.265816967072185856e-03,-1.729830017938295550e-02,2.717305489808021987e-02,-1.808756994844887625e-02,3.420461429269551490e-02,1.563536207908984010e-01
-8.922334546668287542e-03,-1.705378909551805502e-02,2.675826100279295183e-02,-1.774539295970554639e-02,3.394485599535151249e-02,1.551391643469478276e-01
-8.578852126264463820e-03,-1.680927801165321006e-02,2.634346710750577747e-02,-1.740321597096229286e-02,3.368509769800756559e-02,1.539247079029975040e-01
-8.235369705860563772e-03,-1.656476692778830959e-02,2.592867321221851290e-02,-1.706103898221896301e-02,3.342533940066356318e-02,1.527102514590469307e-01
-7.891887285456741785e-03,-1.632025584392346462e-02,2.551387931693133507e-02,-1.671886199347570948e-02,3.316558110331961629e-02,1.514957950150966348e-01
-7.548404865052840869e-03,-1.607574476005856415e-02,2.509908542164406703e-02,-1.637668500473237962e-02,3.290582280597560694e-02,1.502813385711460337e-01
-7.204922444649018015e-03,-1.583123367619371918e-02,2.468429152635689267e-02,-1.603450801598912609e-02,3.264606450863166004e-02,1.490668821271957378e-01
-6.861440024245117966e-03,-1.558672259232881871e-02,2.426949763106962810e-02,-1.569233102724579970e-02,3.238630621128765763e-02,1.478524256832451367e-01
-6.517957603841295113e-03,-1.534221150846397201e-02,2.385470373578245373e-02,-1.535015403850254444e-02,3.212654791394371073e-02,1.466379692392948408e-01
-6.174475183437395064e-03,-1.509770042459907154e-02,2.343990984049518222e-02,-1.500797704975921631e-02,3.186678961659970138e-02,1.454235127953442674e-01
-5.830992763033572210e-03,-1.485318934073422484e-02,2.302511594520800786e-02,-1.466580006101596279e-02,3.160703131925575449e-02,1.442090563513939439e-01
-5.487510342629672161e-03,-1.460867825686932436e-02,2.261032204992074329e-02,-1.432362307227263293e-02,3.134727302191175208e-02,1.429945999074433705e-01
-5.144027922225848440e-03,-1.436416717300447940e-02,2.219552815463356893e-02,-1.398144608352937940e-02,3.108751472456780518e-02,1.417801434634930469e-01
-4.800545501821950126e-03,-1.411965608913957893e-02,2.178073425934629742e-02,-1.363926909478605128e-02,3.082775642722379930e-02,1.405656870195424735e-01
-4.457063081418126405e-03,-1.387514500527473396e-02,2.136594036405912306e-02,-1.329709210604279775e-02,3.056799812987984893e-02,1.393512305755921776e-01
-4.113580661014226356e-03,-1.363063392140983349e-02,2.095114646877185849e-02,-1.295491511729946789e-02,3.030823983253584653e-02,1.381367741316416042e-01
-3.770098240610402635e-03,-1.338612283754498679e-02,2.053635257348468413e-02,-1.261273812855621436e-02,3.004848153519189963e-02,1.369223176876912806e-01
-3.426615820206504320e-03,-1.314161175368008805e-02,2.012155867819741262e-02,-1.227056113981288624e-02,2.978872323784789375e-02,1.357078612437407072e-01
-3.083133399802680599e-03,-1.289710066981523962e-02,1.970676478291023825e-02,-1.192838415106963271e-02,2.952896494050394685e-02,1.344934047997903837e-01
-2.739650979398780550e-03,-1.265258958595034088e-02,1.929197088762297368e-02,-1.158620716232630285e-02,2.926920664315994097e-02,1.332789483558398103e-01
-2.396168558994958564e-03,-1.240807850208549418e-02,1.887717699233579932e-02,-1.124403017358304932e-02,2.900944834581599407e-02,1.320644919118895144e-01
-2.052686138591058515e-03,-1.216356741822059370e-02,1.846238309704853128e-02,-1.090185318483972120e-02,2.874969004847198820e-02,1.308500354679389133e-01
-1.709203718187234794e-03,-1.191905633435574874e-02,1.804758920176135345e-02,-1.055967619609646767e-02,2.848993175112804130e-02,1.296355790239886174e-01
-1.365721297783334745e-03,-1.167454525049084826e-02,1.763279530647408888e-02,-1.021749920735313781e-02,2.823017345378403542e-02,1.284211225800380163e-01
-1.022238877379512759e-03,-1.143003416662600157e-02,1.721800141118691452e-02,-9.875322218609884281e-03,2.797041515644008852e-02,1.272066661360877204e-01
-6.787564569756127097e-04,-1.118552308276110283e-02,1.680320751589964648e-02,-9.533145229866556158e-03,2.771065685909608264e-02,1.259922096921371470e-01
-3.352740365717889887e-04,-1.094101199889625613e-02,1.638841362061246865e-02,-9.190968241123302629e-03,2.745089856175213575e-02,1.247777532481868235e-01
8.208383832111060263e-06,-1.069650091503135565e-02,1.597361972532520408e-02,-8.848791252379972772e-03,2.719114026440812987e-02,1.235632968042362501e-01
3.516908042359330466e-04,-1.045198983116651069e-02,1.555882583003802971e-02,-8.506614263636719242e-03,2.693138196706418297e-02,1.223488403602859403e-01
6.951732246398330956e-04,-1.020747874730161021e-02,1.514403193475076168e-02,-8.164437274893391119e-03,2.667162366972017709e-02,1.211343839163353531e-01
1.038655645043656817e-03,-9.962967663436763516e-03,1.472923803946358731e-02,-7.822260286150137590e-03,2.641186537237623019e-02,1.199199274723850572e-01
1.382138065447556866e-03,-9.718456579571863041e-03,1.431444414417631927e-02,-7.480083297406807732e-03,2.615210707503222431e-02,1.187054710284344700e-01
1.725620485851378852e-03,-9.473945495707018077e-03,1.389965024888914491e-02,-7.137906308663554203e-03,2.589234877768827742e-02,1.174910145844841602e-01
2.069102906255278901e-03,-9.229434411842117603e-03,1.348485635360187687e-02,-6.795729319920226080e-03,2.563259048034427501e-02,1.162765581405335868e-01
2.412585326659102622e-03,-8.984923327977270904e-03,1.307006245831470251e-02,-6.453552331176972551e-03,2.537283218300032464e-02,1.150621016965832633e-01
2.756067747063000936e-03,-8.740412244112370430e-03,1.265526856302743447e-02,-6.111375342433642693e-03,2.511307388565631876e-02,1.138476452526326899e-01
3.099550167466826392e-03,-8.495901160247525466e-03,1.224047466774026011e-02,-5.769198353690389164e-03,2.485331558831237186e-02,1.126331888086823801e-01
3.443032587870724706e-03,-8.251390076382624991e-03,1.182568077245299207e-02,-5.427021364947059306e-03,2.459355729096836946e-02,1.114187323647317929e-01
3.786515008274546693e-03,-8.006878992517778293e-03,1.141088687716581770e-02,-5.084844376203805777e-03,2.433379899362442256e-02,1.102042759207814970e-01
4.129997428678448476e-03,-7.762367908652877818e-03,1.099609298187854967e-02,-4.742667387460479389e-03,2.407404069628041321e-02,1.089898194768309098e-01
4.473479849082270463e-03,-7.517856824788032855e-03,1.058129908659137530e-02,-4.400490398717225859e-03,2.381428239893646631e-02,1.077753630328806000e-01
4.816962269486168777e-03,-7.273345740923132380e-03,1.016650519130410726e-02,-4.058313409973896002e-03,2.355452410159246390e-02,1.065609065889300267e-01
5.160444689889994233e-03,-7.028834657058285681e-03,9.751711296016932901e-03,-3.716136421230642473e-03,2.329476580424851700e-02,1.053464501449797169e-01
5.503927110293892547e-03,-6.784323573193386941e-03,9.336917400729664862e-03,-3.373959432487312615e-03,2.303500750690450766e-02,1.041319937010291297e-01
5.363822614291268755e-03,-6.514957322291696842e-03,8.884188881848484320e-03,-3.029437979151654997e-03,2.290036386523432860e-02,1.033661197388166947e-01
5.007604763500528126e-03,-6.234483381438215947e-03,8.414507508186961152e-03,-2.683868792531479090e-03,2.282163353935762889e-02,1.028007157681151557e-01
4.651386912709866428e-03,-5.954009440584797502e-03,7.944826134525543801e-03,-2.338299605911379510e-03,2.274290321348094654e-02,1.022353117974137415e-01
4.295169061919125800e-03,-5.673535499731315740e-03,7.475144760864020632e-03,-1.992730419291203169e-03,2.266417288760424337e-02,1.016699078267121886e-01
3.938951211128464101e-03,-5.393061558877897295e-03,7.005463387202603281e-03,-1.647161232671104023e-03,2.258544256172756101e-02,1.011045038560107745e-01
3.582733360337723473e-03,-5.112587618024416400e-03,6.535782013541080113e-03,-1.301592046050927681e-03,2.250671223585086131e-02,1.005390998853092355e-01
3.226515509547061775e-03,-4.832113677170997955e-03,6.066100639879662762e-03,-9.560228594308285352e-04,2.242798190997417895e-02,9.997369591460780747e-02
2.870297658756321146e-03,-4.551639736317517060e-03,5.596419266218140461e-03,-6.104536728106521939e-04,2.234925158409747925e-02,9.940829194390626844e-02
2.514079807965659448e-03,-4.271165795464098615e-03,5.126737892556722243e-03,-2.648844861905530479e-04,2.227052125822079343e-02,9.884288797320484043e-02
2.157861957174918386e-03,-3.990691854610617720e-03,4.657056518895199941e-03,8.068470042962329336e-05,2.219179093234409372e-02,9.827748400250330141e-02
1.801644106384256688e-03,-3.710217913757198841e-03,4.187375145233781723e-03,4.262538870497228731e-04,2.211306060646741137e-02,9.771208003180188728e-02
1.445426255593516493e-03,-3.429743972903717946e-03,3.717693771572259422e-03,7.718230736698987807e-04,2.203433028059071166e-02,9.714667606110033438e-02
1.089208404802854795e-03,-3.149270032050299501e-03,3.248012397910841204e-03,1.117392260289997927e-03,2.195559995471402931e-02,9.658127209039892025e-02
7.329905540121132990e-04,-2.868796091196818606e-03,2.778331024249318902e-03,1.462961446910174268e-03,2.187686962883732961e-02,9.601586811969738122e-02
3.767727032214516006e-04,-2.588322150343399727e-03,2.308649650587900684e-03,1.808530633530273414e-03,2.179813930296064378e-02,9.545046414899595322e-02
2.055485243071097229e-05,-2.307848209489918832e-03,1.838968276926378383e-03,2.154099820150449755e-03,2.171940897708394408e-02,9.488506017829441419e-02
-3.356629983599507261e-04,-2.027374268636500387e-03,1.369286903264960165e-03,2.499669006770548901e-03,2.164067865120726172e-02,9.431965620759300006e-02
-6.918808491506913544e-04,-1.746900327783019492e-03,8.996055296034387305e-04,2.845238193390725243e-03,2.156194832533056202e-02,9.375425223689144716e-02
-1.048098699941353053e-03,-1.466426386929601047e-03,4.299241559420196451e-04,3.190807380010825256e-03,2.148321799945387967e-02,9.318884826619003303e-02
-1.404316550732093681e-03,-1.185952446076120152e-03,-3.975721771950178896e-05,3.536376566631000730e-03,2.140448767357717649e-02,9.262344429548849400e-02
-1.760534401522755379e-03,-9.054785052227017073e-04,-5.094385913809208744e-04,3.881945753251100743e-03,2.132575734770049414e-02,9.205804032478706600e-02
-2.116752252313496008e-03,-6.250045643692208122e-04,-9.791199650424423084e-04,4.227514939871276217e-03,2.124702702182379443e-02,9.149263635408552697e-02
-2.472970103104156839e-03,-3.445306235158014999e-04,-1.448801338703861394e-03,4.573084126491375363e-03,2.116829669594711208e-02,9.092723238338409897e-02
-2.829187953894899202e-03,-6.405668266232060482e-05,-1.918482712365382828e-03,4.918653313111551705e-03,2.108956637007041238e-02,9.036182841268255994e-02
-3.185405804685560033e-03,2.164172581910978402e-04,-2.388164086026800179e-03,5.264222499731651718e-03,2.101083604419373002e-02,8.979642444198114581e-02
-3.541623655476300661e-03,4.968911990445787352e-04,-2.857845459688323347e-03,5.609791686351828059e-03,2.093210571831702685e-02,8.923102047127959291e-02
-3.897841506266963227e-03,7.773651398979971802e-04,-3.327526833349740698e-03,5.955360872971926338e-03,2.085337539244034449e-02,8.866561650057817878e-02
-4.254059357057703855e-03,1.057839080751478075e-03,-3.797208207011263867e-03,6.300930059592102679e-03,2.077464506656364479e-02,8.810021252987662588e-02
-4.610277207848364686e-03,1.338313021604896520e-03,-4.266889580672681218e-03,6.646499246212202693e-03,2.069591474068696244e-02,8.753480855917521175e-02
-4.966495058639105314e-03,1.618786962458378283e-03,-4.736570954334204386e-03,6.992068432832379034e-03,2.061718441481026273e-02,8.696940458847367272e-02
-5.322712909429767880e-03,1.899260903311795860e-03,-5.206252327995621737e-03,7.337637619452479047e-03,2.053845408893357691e-02,8.640400061777225860e-02
-5.678930760220508508e-03,2.179734844165277623e-03,-5.675933701657144906e-03,7.683206806072653654e-03,2.045972376305687720e-02,8.583859664707070569e-02
-6.035148611011169340e-03,2.460208785018695200e-03,-6.145615075318562257e-03,8.028775992692752800e-03,2.038099343718019485e-02,8.527319267636929156e-02
-6.391366461801909968e-03,2.740682725872176963e-03,-6.615296448980083691e-03,8.374345179312930876e-03,2.030226311130349515e-02,8.470778870566775254e-02
-6.747584312592572534e-03,3.021156666725594540e-03,-7.084977822641504511e-03,8.719914365933029154e-03,2.022353278542681279e-02,8.414238473496632453e-02
-7.103802163383313162e-03,3.301630607579076303e-03,-7.554659196303025945e-03,9.065483552553203761e-03,2.014480245955010962e-02,8.357698076426478551e-02
-7.460020014173973993e-03,3.582104548432493880e-03,-8.024340569964443295e-03,9.411052739173305509e-03,2.006607213367342726e-02,8.301157679356335750e-02
-7.816237864964714621e-03,3.862578489285975643e-03,-8.494021943625964730e-03,9.756621925793480116e-03,1.998734180779672756e-02,8.244617282286181847e-02
-8.172455715755377187e-03,4.143052430139394955e-03,-8.963703317287382080e-03,1.010219111241358186e-02,1.990861148192004521e-02,8.188076885216040435e-02
-8.528673566546117815e-03,4.423526370992874983e-03,-9.433384690948906984e-03,1.044776029903375647e-02,1.982988115604334550e-02,8.131536488145885144e-02
-8.884891417336780381e-03,4.704000311846294295e-03,-9.903066064610324334e-03,1.079332948565385475e-02,1.975115083016665968e-02,8.074996091075743732e-02
-9.241109268127521009e-03,4.984474252699774323e-03,-1.037274743827184577e-02,1.113889867227403283e-02,1.967242050428995997e-02,8.018455694005588441e-02
-9.597327118918181840e-03,5.264948193553193635e-03,-1.084242881193326312e-02,1.148446785889413110e-02,1.959369017841327762e-02,7.961915296935447028e-02
-9.953544969708922469e-03,5.545422134406673663e-03,-1.131211018559478802e-02,1.183003704551430918e-02,1.951495985253657792e-02,7.905374899865293126e-02
-1.030976282049958330e-02,5.825896075260092975e-03,-1.178179155925620537e-02,1.217560623213440746e-02,1.943622952665989556e-02,7.848834502795151713e-02
-1.066598067129032566e-02,6.106370016113573003e-03,-1.225147293291772681e-02,1.252117541875458206e-02,1.935749920078319586e-02,7.792294105724996423e-02
-1.102219852208098823e-02,6.386843956966992315e-03,-1.272115430657914416e-02,1.286674460537468034e-02,1.927876887490651003e-02,7.735753708654855010e-02
-1.137841637287164732e-02,6.667317897820411628e-03,-1.319083568024056498e-02,1.321231379199478209e-02,1.920003854902982768e-02,7.679213311584712209e-02
-1.173463422366238969e-02,6.947791838673891655e-03,-1.366051705390208641e-02,1.355788297861495670e-02,1.912130822315312798e-02,7.622672914514558307e-02
-1.209085207445305225e-02,7.228265779527310968e-03,-1.413019842756350376e-02,1.390345216523505845e-02,1.904257789727644562e-02,7.566132517444416894e-02
-1.244706992524379115e-02,7.508739720380790995e-03,-1.459987980122502520e-02,1.424902135185523305e-02,1.896384757139974592e-02,7.509592120374261603e-02
-1.280328777603445371e-02,7.789213661234210308e-03,-1.506956117488644255e-02,1.459459053847533133e-02,1.888511724552306009e-02,7.453051723304120191e-02
-1.315950562682519261e-02,8.069687602087691203e-03,-1.553924254854796745e-02,1.494015972509550941e-02,1.880638691964636039e-02,7.396511326233966288e-02
-1.351572347761585517e-02,8.350161542941110515e-03,-1.600892392220938654e-02,1.528572891171560769e-02,1.872765659376967803e-02,7.339970929163823488e-02
-1.297314064219877265e-02,8.713417741932197313e-03,-1.664819256683919974e-02,1.585015131665278021e-02,1.854524077164080090e-02,7.252130063178745256e-02
-1.224772735253752340e-02,9.093513178021100582e-03,-1.732195797839578694e-02,1.645909197122266687e-02,1.834173365900690703e-02,7.157922180526082867e-02
-1.152231406287611282e-02,9.473608614110087117e-03,-1.799572338995251986e-02,1.706803262579268884e-02,1.813822654637296805e-02,7.063714297873398273e-02
-1.079690077321486356e-02,9.853704050198988651e-03,-1.866948880150910359e-02,1.767697328036257204e-02,1.793471943373907418e-02,6.969506415220735884e-02
-1.007148748355345472e-02,1.023379948628797519e-02,-1.934325421306583997e-02,1.828591393493259401e-02,1.773121232110513174e-02,6.875298532568052678e-02
-9.346074193892203730e-03,1.061389492237687845e-02,-2.001701962462242371e-02,1.889485458950248067e-02,1.752770520847123786e-02,6.781090649915390289e-02
-8.620660904230794883e-03,1.099399035846586499e-02,-2.069078503617916009e-02,1.950379524407250265e-02,1.732419809583729889e-02,6.686882767262707083e-02
-7.895247614569545630e-03,1.137408579455476652e-02,-2.136455044773574383e-02,2.011273589864238931e-02,1.712069098320340502e-02,6.592674884610044694e-02
-7.169834324908135915e-03,1.175418123064375306e-02,-2.203831585929247674e-02,2.072167655321240781e-02,1.691718387056946604e-02,6.498467001957361489e-02
-6.444421035246886663e-03,1.213427666673265633e-02,-2.271208127084906048e-02,2.133061720778229448e-02,1.671367675793556870e-02,6.404259119304697712e-02
-5.719007745585476948e-03,1.251437210282164286e-02,-2.338584668240579686e-02,2.193955786235231645e-02,1.651016964530162973e-02,6.310051236652014506e-02
-4.993594455924227696e-03,1.289446753891054440e-02,-2.405961209396238060e-02,2.254849851692220311e-02,1.630666253266773585e-02,6.215843353999352117e-02
-4.268181166262817114e-03,1.327456297499953093e-02,-2.473337750551911352e-02,2.315743917149222508e-02,1.610315542003379688e-02,6.121635471346668911e-02
-3.542767876601567861e-03,1.365465841108843420e-02,-2.540714291707570072e-02,2.376637982606211175e-02,1.589964830739989954e-02,6.027427588694006522e-02
-2.817354586940159014e-03,1.403475384717741900e-02,-2.608090832863243363e-02,2.437532048063213025e-02,1.569614119476596056e-02,5.933219706041322622e-02
-2.091941297278909762e-03,1.441484928326632227e-02,-2.675467374018902084e-02,2.498426113520201691e-02,1.549263408213206669e-02,5.839011823388660233e-02
-1.366528007617499180e-03,1.479494471935530880e-02,-2.742843915174575375e-02,2.559320178977203888e-02,1.528912696949812772e-02,5.744803940735976333e-02
-6.411147179562499271e-04,1.517504015544421034e-02,-2.810220456330234096e-02,2.620214244434192208e-02,1.508561985686423211e-02,5.650596058083313944e-02
8.429857170516065479e-05,1.555513559153319861e-02,-2.877596997485907387e-02,2.681108309891194752e-02,1.488211274423029314e-02,5.556388175430630738e-02
8.097118613664081727e-04,1.593523102762210014e-02,-2.944973538641565761e-02,2.742002375348183071e-02,1.467860563159639753e-02,5.462180292777968349e-02
1.535125151027818755e-03,1.631532646371108841e-02,-3.012350079797239399e-02,2.802896440805185269e-02,1.447509851896245855e-02,5.367972410125285143e-02
2.260538440689068007e-03,1.669542189979998995e-02,-3.079726620952897773e-02,2.863790506262173935e-02,1.427159140632856468e-02,5.273764527472622754e-02
2.985951730350478589e-03,1.707551733588897475e-02,-3.147103162108571411e-02,2.924684571719175785e-02,1.406808429369462397e-02,5.179556644819938854e-02
3.711365020011726107e-03,1.745561277197787975e-02,-3.214479703264229438e-02,2.985578637176164452e-02,1.386457718106072837e-02,5.085348762167275771e-02
4.436778309673136689e-03,1.783570820806686455e-02,-3.281856244419903423e-02,3.046472702633166649e-02,1.366107006842678939e-02,4.991140879514592565e-02
5.162191599334387676e-03,1.821580364415576608e-02,-3.349232785575562144e-02,3.107366768090155315e-02,1.345756295579289552e-02,4.896932996861930176e-02
5.887604888995794788e-03,1.859589908024475435e-02,-3.416609326731234741e-02,3.168260833547157512e-02,1.325405584315895655e-02,4.802725114209246970e-02
6.613018178657045776e-03,1.897599451633365589e-02,-3.483985867886893462e-02,3.229154899004146179e-02,1.305054873052506094e-02,4.708517231556584581e-02
7.338431468318456358e-03,1.935608995242264069e-02,-3.551362409042567447e-02,3.290048964461148029e-02,1.284704161789112023e-02,4.614309348903900682e-02
8.063844757979703876e-03,1.973618538851154569e-02,-3.618738950198225474e-02,3.350943029918136695e-02,1.264353450525722636e-02,4.520101466251238292e-02
8.789258047641114457e-03,2.011628082460053396e-02,-3.686115491353898765e-02,3.411837095375139239e-02,1.244002739262328738e-02,4.425893583598554393e-02
9.514671337302361975e-03,2.049637626068943203e-02,-3.753492032509557486e-02,3.472731160832127906e-02,1.223652027998939178e-02,4.331685700945892004e-02
1.024008462696377256e-02,2.087647169677842030e-02,-3.820868573665230777e-02,3.533625226289129062e-02,1.203301316735545107e-02,4.237477818293208798e-02
1.096549791662502354e-02,2.125656713286732530e-02,-3.888245114820889498e-02,3.594519291746117728e-02,1.182950605472155720e-02,4.143269935640546409e-02
1.169091120628643413e-02,2.163666256895631010e-02,-3.955621655976562789e-02,3.655413357203120273e-02,1.162599894208761822e-02,4.049062052987862509e-02
1.241632449594768164e-02,2.201675800504521163e-02,-4.022998197132221510e-02,3.716307422660108939e-02,1.142249182945372435e-02,3.954854170335200120e-02
1.314173778560909223e-02,2.239685344113419990e-02,-4.090374738287894801e-02,3.777201488117111483e-02,1.121898471681978364e-02,3.860646287682516914e-02
1.386715107527033974e-02,2.277694887722310144e-02,-4.157751279443552828e-02,3.838095553574099456e-02,1.101547760418588803e-02,3.766438405029854525e-02
1.459256436493175033e-02,2.315704431331208624e-02,-4.225127820599226813e-02,3.898989619031101306e-02,1.081197049155194906e-02,3.672230522377170625e-02
1.531797765459300131e-02,2.353713974940099124e-02,-4.292504361754885533e-02,3.959883684488089972e-02,1.060846337891805519e-02,3.578022639724508236e-02
1.604339094425440843e-02,2.391723518548997604e-02,-4.359880902910558131e-02,4.020777749945092516e-02,1.040495626628411448e-02,3.483814757071825030e-02
1.676880423391565941e-02,2.429733062157887757e-02,-4.427257444066216852e-02,4.081671815402081183e-02,1.020144915365022061e-02,3.389606874419162641e-02
1.749421752357706999e-02,2.467742605766786584e-02,-4.494633985221890837e-02,4.142565880859083033e-02,9.997942041016279896e-03,3.295398991766478741e-02
1.821963081323832098e-02,2.505752149375676738e-02,-4.562010526377548864e-02,4.203459946316071699e-02,9.794434928382386024e-03,3.201191109113816352e-02
1.894504410289972809e-02,2.543761692984575565e-02,-4.629387067533222155e-02,4.264354011773073549e-02,9.590927815748447050e-03,3.106983226461133146e-02
1.967045739256097561e-02,2.581771236593465718e-02,-4.696763608688880876e-02,4.325248077230062216e-02,9.387420703114551443e-03,3.012775343808470063e-02
2.039587068222238966e-02,2.619780780202364198e-02,-4.764140149844554167e-02,4.386142142687064760e-02,9.183913590480612468e-03,2.918567461155786857e-02
2.112128397188363718e-02,2.657790323811254699e-02,-4.831516691000212887e-02,4.447036208144053426e-02,8.980406477846716862e-03,2.824359578503124468e-02
2.184669726154504429e-02,2.695799867420153179e-02,-4.898893232155886179e-02,4.507930273601055277e-02,8.776899365212777887e-03,2.730151695850440569e-02
2.253216305605791267e-02,2.735215241757769228e-02,-4.968624010451328649e-02,4.570490129800705570e-02,8.577730837554545240e-03,2.636206040358379452e-02
2.102880696602911145e-02,2.851659552539825143e-02,-5.167349253952344817e-02,4.724322773417390792e-02,8.616284092099716838e-03,2.556628458403593929e-02
1.952545087600064330e-02,2.968103863321855385e-02,-5.366074497453316577e-02,4.878155417034042013e-02,8.654837346644879761e-03,2.477050876448826100e-02
1.802209478597184208e-02,3.084548174103911300e-02,-5.564799740954332746e-02,5.031988060650727235e-02,8.693390601190053094e-03,2.397473294494040577e-02
1.651873869594337393e-02,3.200992484885941541e-02,-5.763524984455304506e-02,5.185820704267378456e-02,8.731943855735216017e-03,2.317895712539272748e-02
1.501538260591457272e-02,3.317436795667997457e-02,-5.962250227956319981e-02,5.339653347884063678e-02,8.770497110280389350e-03,2.238318130584487226e-02
1.351202651588610630e-02,3.433881106450027004e-02,-6.160975471457291741e-02,5.493485991500714899e-02,8.809050364825552273e-03,2.158740548629719397e-02
1.200867042585730508e-02,3.550325417232083614e-02,-6.359700714958307910e-02,5.647318635117400121e-02,8.847603619370723871e-03,2.079162966674933874e-02
1.050531433582883867e-02,3.666769728014113161e-02,-6.558425958459279670e-02,5.801151278734051342e-02,8.886156873915888529e-03,1.999585384720166045e-02
9.001958245800037450e-03,3.783214038796169076e-02,-6.757151201960295839e-02,5.954983922350736564e-02,8.924710128461060127e-03,1.920007802765380522e-02
7.498602155771571035e-03,3.899658349578199318e-02,-6.955876445461267599e-02,6.108816565967387785e-02,8.963263383006223051e-03,1.840430220810612694e-02
5.995246065742771552e-03,4.016102660360255233e-02,-7.154601688962283768e-02,6.262649209584073007e-02,9.001816637551396383e-03,1.760852638855827518e-02
4.491889975714303401e-03,4.132546971142285475e-02,-7.353326932463255527e-02,6.416481853200724228e-02,9.040369892096559307e-03,1.681275056901059689e-02
2.988533885685502184e-03,4.248991281924341390e-02,-7.552052175964271696e-02,6.570314496817408756e-02,9.078923146641732639e-03,1.601697474946274166e-02
1.485177795657034033e-03,4.365435592706370937e-02,-7.750777419465243456e-02,6.724147140434059977e-02,9.117476401186895563e-03,1.522119892991506337e-02
-1.817829437176718410e-05,4.481879903488426853e-02,-7.949502662966259625e-02,6.877979784050745893e-02,9.156029655732067160e-03,1.442542311036720815e-02
-1.521534384400231865e-03,4.598324214270457094e-02,-8.148227906467231385e-02,7.031812427667397114e-02,9.194582910277231819e-03,1.362964729081952986e-02
-3.024890474429033083e-03,4.714768525052513010e-02,-8.346953149968247554e-02,7.185645071284083030e-02,9.233136164822403416e-03,1.283387147127167463e-02
-4.528246564457501233e-03,4.831212835834543251e-02,-8.545678393469219314e-02,7.339477714900732863e-02,9.271689419367566340e-03,1.203809565172399634e-02
-6.031602654486302451e-03,4.947657146616599166e-02,-8.744403636970234095e-02,7.493310358517418779e-02,9.310242673912739672e-03,1.124231983217614285e-02
-7.534958744514770601e-03,5.064101457398628714e-02,-8.943128880471205855e-02,7.647143002134070000e-02,9.348795928457902596e-03,1.044654401262846283e-02
-9.038314834543571819e-03,5.180545768180685323e-02,-9.141854123972222024e-02,7.800975645750754528e-02,9.387349183003075928e-03,9.650768193080607599e-03
-1.054167092457203997e-02,5.296990078962715565e-02,-9.340579367473193784e-02,7.954808289367407137e-02,9.425902437548238852e-03,8.854992373532929312e-03
-1.144342767628032075e-02,5.442068767505275906e-02,-9.590404311433341211e-02,8.153259935701599737e-02,9.373332713250408232e-03,7.605776435612813038e-03
-1.155629336121973168e-02,5.624696375035348472e-02,-9.907237469396668050e-02,8.410221507844380107e-02,9.201271328297889324e-03,5.761954028059092930e-03
-1.166915904615916863e-02,5.807323982565461978e-02,-1.022407062736006567e-01,8.667183079987217376e-02,9.029209943345333986e-03,3.918131620504964295e-03
-1.178202473109857783e-02,5.989951590095534545e-02,-1.054090378532339389e-01,8.924144652129997746e-02,8.857148558392815077e-03,2.074309212951245054e-03
-1.189489041603801478e-02,6.172579197625648051e-02,-1.085773694328679151e-01,9.181106224272835015e-02,8.685087173440259739e-03,2.304868053971172864e-04
-1.200775610097742398e-02,6.355206805155720617e-02,-1.117457010125011835e-01,9.438067796415615385e-02,8.513025788487740830e-03,-1.613335602156602822e-03
-1.212062178591686093e-02,6.537834412685833430e-02,-1.149140325921351596e-01,9.695029368558452654e-02,8.340964403535183758e-03,-3.457158009710732324e-03
-1.223348747085627013e-02,6.720462020215905996e-02,-1.180823641717684280e-01,9.951990940701233024e-02,8.168903018582666584e-03,-5.300980417264450698e-03
-1.234635315579570708e-02,6.903089627746020196e-02,-1.212506957514024042e-01,1.020895251284406891e-01,7.996841633630109511e-03,-7.144802824818580200e-03
-1.245921884073511628e-02,7.085717235276092762e-02,-1.244190273310356865e-01,1.046591408498684928e-01,7.824780248677590602e-03,-8.988625232372300308e-03
-1.257208452567455323e-02,7.268344842806205575e-02,-1.275873589106696626e-01,1.072287565712968793e-01,7.652718863725035264e-03,-1.083244763992642808e-02
-1.268495021061396243e-02,7.450972450336279529e-02,-1.307556904903029449e-01,1.097983722927246691e-01,7.480657478772516356e-03,-1.267627004748014645e-02
-1.279781589555339938e-02,7.633600057866392341e-02,-1.339240220699369210e-01,1.123679880141530418e-01,7.308596093819960150e-03,-1.452009245503427769e-02
-1.291068158049281031e-02,7.816227665396464908e-02,-1.370923536495701756e-01,1.149376037355808455e-01,7.136534708867442109e-03,-1.636391486258799433e-02
-1.302354726543224553e-02,7.998855272926577720e-02,-1.402606852292041517e-01,1.175072194570092182e-01,6.964473323914885036e-03,-1.820773727014212556e-02
-1.313641295037165646e-02,8.181482880456650286e-02,-1.434290168088374340e-01,1.200768351784370219e-01,6.792411938962366995e-03,-2.005155967769584047e-02
-1.324927863531109168e-02,8.364110487986764486e-02,-1.465973483884714101e-01,1.226464508998653946e-01,6.620350554009810790e-03,-2.189538208524997170e-02
-1.336214432025050261e-02,8.546738095516837053e-02,-1.497656799681046924e-01,1.252160666212931983e-01,6.448289169057291881e-03,-2.373920449280369355e-02
-1.347501000518993783e-02,8.729365703046951253e-02,-1.529340115477386686e-01,1.277856823427215849e-01,6.276227784104736543e-03,-2.558302690035782478e-02
-1.358787569012934876e-02,8.911993310577023819e-02,-1.561023431273719508e-01,1.303552980641493608e-01,6.104166399152217634e-03,-2.742684930791153969e-02
-1.367844593205257489e-02,9.102974945017391906e-02,-1.594176684954193013e-01,1.330587035310623611e-01,5.912264505175562380e-03,-2.939017300804999330e-02
-1.307278675218669257e-02,9.554831383303205583e-02,-1.673232323352972784e-01,1.399400191225935175e-01,5.100794472906509600e-03,-3.508521514742160563e-02
-1.246712757232067668e-02,1.000668782158911918e-01,-1.752287961751770040e-01,1.468213347141261726e-01,4.289324440637275540e-03,-4.078025728679447737e-02
-1.186146839245479437e-02,1.045854425987493286e-01,-1.831343600150549811e-01,1.537026503056573290e-01,3.477854408368221458e-03,-4.647529942616609316e-02
-1.125580921258877848e-02,1.091040069816084646e-01,-1.910399238549347345e-01,1.605839658971900119e-01,2.666384376098987832e-03,-5.217034156553897184e-02
-1.065015003272289443e-02,1.136225713644666013e-01,-1.989454876948126838e-01,1.674652814887211683e-01,1.854914343829934184e-03,-5.786538370491058070e-02
-1.004449085285687854e-02,1.181411357473257373e-01,-2.068510515346924372e-01,1.743465970802538512e-01,1.043444311560700125e-03,-6.356042584428345243e-02
-9.438831672990997956e-03,1.226597001301838741e-01,-2.147566153745704143e-01,1.812279126717850075e-01,2.319742792916464763e-04,-6.925546798365506129e-02
-8.833172493124980332e-03,1.271782645130430101e-01,-2.226621792144501399e-01,1.881092282633176627e-01,-5.794957529775875832e-04,-7.495051012302794691e-02
-8.227513313259098016e-03,1.316968288959011468e-01,-2.305677430543281170e-01,1.949905438548488190e-01,-1.390965785246641231e-03,-8.064555226239955577e-02
-7.621854133393082126e-03,1.362153932787602828e-01,-2.384733068942078427e-01,2.018718594463815019e-01,-2.202435817515874424e-03,-8.634059440177242750e-02
-7.016194953527199810e-03,1.407339576616184196e-01,-2.463788707340858197e-01,2.087531750379126305e-01,-3.013905849784928072e-03,-9.203563654114403636e-02
-6.410535773661183052e-03,1.452525220444775556e-01,-2.542844345739655454e-01,2.156344906294453412e-01,-3.825375882054162131e-03,-9.773067868051690810e-02
-5.804876593795301604e-03,1.497710864273356923e-01,-2.621899984138434947e-01,2.225158062209764698e-01,-4.636845914323215780e-03,-1.034257208198885170e-01
-5.199217413929283979e-03,1.542896508101948283e-01,-2.700955622537232759e-01,2.293971218125091527e-01,-5.448315946592449839e-03,-1.091207629592614026e-01
-4.593558234063401663e-03,1.588082151930529651e-01,-2.780011260936012252e-01,2.362784374040403090e-01,-6.259785978861503487e-03,-1.148158050986330114e-01
-3.987899054197385773e-03,1.633267795759121011e-01,-2.859066899334810063e-01,2.431597529955729642e-01,-7.071256011130737547e-03,-1.205108472380058832e-01
-3.382239874331503457e-03,1.678453439587702378e-01,-2.938122537733589557e-01,2.500410685871041205e-01,-7.882726043399790328e-03,-1.262058893773774781e-01
-2.598826417497665173e-03,1.732184508142853574e-01,-3.031435464632327714e-01,2.575346127945409846e-01,-8.436718116644568305e-03,-1.317414150141853202e-01
-1.178253437313892763e-03,1.816546618822037218e-01,-3.175853587421401114e-01,2.672226881251778541e-01,-8.067781434297625204e-03,-1.367051543599707153e-01
2.423195428701953660e-04,1.900908729501239458e-01,-3.320271710210506710e-01,2.769107634558168884e-01,-7.698844751950599703e-03,-1.416688937057572206e-01
1.662892523053968209e-03,1.985270840180422824e-01,-3.464689832999580110e-01,2.865988387864537579e-01,-7.329908069603656602e-03,-1.466326330515426435e-01
3.083465503238055905e-03,2.069632950859625065e-01,-3.609107955788685707e-01,2.962869141170927922e-01,-6.960971387256631102e-03,-1.515963723973291488e-01
4.504038483421828748e-03,2.153995061538808709e-01,-3.753526078577759106e-01,3.059749894477296062e-01,-6.592034704909688000e-03,-1.565601117431145439e-01
5.924611463605917311e-03,2.238357172218010949e-01,-3.897944201366864148e-01,3.156630647783686405e-01,-6.223098022562661633e-03,-1.615238510889010493e-01
7.345184443789690154e-03,2.322719282897194315e-01,-4.042362324155938103e-01,3.253511401090055100e-01,-5.854161340215718531e-03,-1.664875904346864721e-01
8.765757423973776982e-03,2.407081393576396833e-01,-4.186780446945043144e-01,3.350392154396445443e-01,-5.485224657868693898e-03,-1.714513297804729497e-01
1.018633040415754983e-02,2.491443504255580199e-01,-4.331198569734116544e-01,3.447272907702814138e-01,-5.116287975521749930e-03,-1.764150691262583726e-01
1.160690338434132267e-02,2.575805614934763565e-01,-4.475616692523189943e-01,3.544153661009182832e-01,-4.747351293174805961e-03,-1.813788084720437677e-01
1.302747636452540950e-02,2.660167725613966083e-01,-4.620034815312295540e-01,3.641034414315572620e-01,-4.378414610827781328e-03,-1.863425478178302730e-01
1.444804934470918234e-02,2.744529836293149172e-01,-4.764452938101368940e-01,3.737915167621941315e-01,-4.009477928480837360e-03,-1.913062871636156959e-01
1.586862232489327090e-02,2.828891946972351690e-01,-4.908871060890473981e-01,3.834795920928331658e-01,-3.640541246133811859e-03,-1.962700265094021734e-01
1.728919530507704375e-02,2.913254057651535334e-01,-5.053289183679547936e-01,3.931676674234700353e-01,-3.271604563786868758e-03,-2.012337658551875963e-01
3.232194275794453286e-02,2.970806675802600272e-01,-5.152488295519669359e-01,3.987484787551699439e-01,-4.039855740731670627e-03,-2.079006622993520847e-01
8.310023992620628464e-02,2.957957606851187027e-01,-5.132942352541000064e-01,3.935436209960763154e-01,-7.794360527762623711e-03,-2.190400467251757133e-01
1.338785370944793052e-01,2.945108537899771561e-01,-5.113396409562326328e-01,3.883387632369814657e-01,-1.154886531479440946e-02,-2.301794311510018121e-01
1.846568342627410708e-01,2.932259468948358871e-01,-5.093850466583655923e-01,3.831339054778878372e-01,-1.530337010182536255e-02,-2.413188155768254406e-01
2.354351314310140775e-01,2.919410399996942851e-01,-5.074304523604982187e-01,3.779290477187930430e-01,-1.905787488885715003e-02,-2.524582000026515671e-01
2.862134285992757876e-01,2.906561331045530161e-01,-5.054758580626312892e-01,3.727241899596994146e-01,-2.281237967588810311e-02,-2.635975844284751957e-01
3.369917257675488775e-01,2.893712262094114140e-01,-5.035212637647639156e-01,3.675193322006046204e-01,-2.656688446291988887e-02,-2.747369688543012667e-01
3.877700229358106432e-01,2.880863193142701451e-01,-5.015666694668969861e-01,3.623144744415109364e-01,-3.032138924995084195e-02,-2.858763532801248952e-01
4.385483201040836221e-01,2.868014124191285985e-01,-4.996120751690295569e-01,3.571096166824161422e-01,-3.407589403698262770e-02,-2.970157377059510218e-01
4.893266172723453877e-01,2.855165055239872740e-01,-4.976574808711625719e-01,3.519047589233225137e-01,-3.783039882401358078e-02,-3.081551221317746503e-01
5.401049144406183666e-01,2.842315986288457275e-01,-4.957028865732951983e-01,3.466999011642277195e-01,-4.158490361104536653e-02,-3.192945065576007213e-01
5.908832116088801323e-01,2.829466917337044030e-01,-4.937482922754282133e-01,3.414950434051340356e-01,-4.533940839807631962e-02,-3.304338909834243498e-01
6.416615087771531112e-01,2.816617848385628564e-01,-4.917936979775608397e-01,3.362901856460392414e-01,-4.909391318510810537e-02,-3.415732754092504209e-01
6.784924973091052136e-01,2.783300527305855310e-01,-4.855857153838445961e-01,3.237585516489966397e-01,-4.950841406754732249e-02,-3.423211382526761271e-01
7.126820837981667767e-01,2.746106839509279141e-01,-4.785722075933416808e-01,3.098393408636673230e-01,-4.929037046653336751e-02,-3.411010094890935540e-01
7.468716702872207902e-01,2.708913151712711853e-01,-4.715586998028403198e-01,2.959201300783411148e-01,-4.907232686551946110e-02,-3.398808807255112030e-01
7.810612567762824643e-01,2.671719463916135684e-01,-4.645451920123373490e-01,2.820009192930117981e-01,-4.885428326450550612e-02,-3.386607519619285744e-01
8.152508432653364778e-01,2.634525776119568397e-01,-4.575316842218359881e-01,2.680817085076855899e-01,-4.863623966349159278e-02,-3.374406231983462789e-01
8.494404297543980409e-01,2.597332088322992227e-01,-4.505181764313330728e-01,2.541624977223562731e-01,-4.841819606247763780e-02,-3.362204944347636504e-01
8.836300162434520544e-01,2.560138400526424940e-01,-4.435046686408317118e-01,2.402432869370300650e-01,-4.820015246146373139e-02,-3.350003656711813549e-01
9.178196027325137285e-01,2.522944712729848771e-01,-4.364911608503287965e-01,2.263240761517007760e-01,-4.798210886044977641e-02,-3.337802369075987263e-01
9.520091892215677420e-01,2.485751024933281483e-01,-4.294776530598274356e-01,2.124048653663745401e-01,-4.776406525943587000e-02,-3.325601081440164308e-01
9.861987757106294161e-01,2.448557337136705592e-01,-4.224641452693245203e-01,1.984856545810452511e-01,-4.754602165842191502e-02,-3.313399793804338023e-01
1.020388362199683430e+00,2.411363649340138027e-01,-4.154506374788231593e-01,1.845664437957190429e-01,-4.732797805740800862e-02,-3.301198506168515068e-01
1.021493612815713048e+00,2.443024829606531834e-01,-4.192097240534184421e-01,1.735235794320169889e-01,-4.094456150013228019e-02,-3.160899185417523349e-01
1.017524889661289844e+00,2.485245925473431317e-01,-4.246209478042884955e-01,1.629218454677363592e-01,-3.361559352586439980e-02,-3.000954130728721303e-01
1.013556166506865974e+00,2.527467021340339959e-01,-4.300321715551597701e-01,1.523201115034533426e-01,-2.628662555159488531e-02,-2.841009076039883730e-01
1.009587443352442770e+00,2.569688117207239442e-01,-4.354433953060298235e-01,1.417183775391727130e-01,-1.895765757732700146e-02,-2.681064021351081683e-01
1.005618720198018679e+00,2.611909213074148361e-01,-4.408546190569010426e-01,1.311166435748896963e-01,-1.162868960305749044e-02,-2.521118966662244665e-01
1.001649997043595697e+00,2.654130308941047289e-01,-4.462658428077710959e-01,1.205149096106090389e-01,-4.299721628789603123e-03,-2.361173911973442618e-01
9.976812738891716048e-01,2.696351404807956209e-01,-4.516770665586423705e-01,1.099131756463260501e-01,3.029246345479907898e-03,-2.201228857284605045e-01
9.937125507347484010e-01,2.738572500674855692e-01,-4.570882903095124239e-01,9.931144168204540656e-02,1.035821431974779522e-02,-2.041283802595802999e-01
9.897438275803244201e-01,2.780793596541764057e-01,-4.624995140603836985e-01,8.870970771776240382e-02,1.768718229401729930e-02,-1.881338747906965703e-01
9.857751044259013273e-01,2.823014692408663540e-01,-4.679107378112536963e-01,7.810797375348174643e-02,2.501615026828519356e-02,-1.721393693218163656e-01
9.838585627455890270e-01,2.903733621227523320e-01,-4.790022519776252485e-01,6.354815522818130225e-02,3.603159726228236104e-02,-1.495623661443580554e-01
9.825868695458195301e-01,2.996549564563643075e-01,-4.918786602626978310e-01,4.774460419318622001e-02,4.820543128223200857e-02,-1.249169719891716074e-01
9.813151763460498112e-01,3.089365507899783370e-01,-5.047550685477733001e-01,3.194105315818763363e-02,6.037926530218435534e-02,-1.002715778339796915e-01
9.800434831462804253e-01,3.182181451235903125e-01,-5.176314768328458271e-01,1.613750212319255833e-02,7.255309932213399593e-02,-7.562618367879324344e-02
9.787717899465107063e-01,3.274997394572043419e-01,-5.305078851179213517e-01,3.339510881939650178e-04,8.472693334208633575e-02,-5.098078952360132754e-02
9.775000967467413204e-01,3.367813337908163729e-01,-5.433842934029938787e-01,-1.546959994680111028e-02,9.690076736203598329e-02,-2.633539536841489337e-02
9.762284035469716015e-01,3.460629281244304023e-01,-5.562607016880694033e-01,-3.127315098179969666e-02,1.090746013819883231e-01,-1.690001213222963594e-03
9.749567103472022156e-01,3.553445224580423778e-01,-5.691371099731419303e-01,-4.707670201679477195e-02,1.212484354019379706e-01,2.295539294196347058e-02
9.736850171474324966e-01,3.646261167916564627e-01,-5.820135182582173439e-01,-6.288025305179337221e-02,1.334222694218903382e-01,4.760078709715540035e-02
9.697977201839506067e-01,3.642047505985087086e-01,-5.783568045727315310e-01,-8.871992289168707801e-02,1.445718010106393780e-01,7.627912911061941748e-02
9.620881774947236398e-01,3.496042109713198842e-01,-5.505398355527908461e-01,-1.292256185024625581e-01,1.542244944147117824e-01,1.108509164261951008e-01
9.543786348054983382e-01,3.350036713441343350e-01,-5.227228665328563784e-01,-1.697313141132290315e-01,1.638771878187820497e-01,1.454227037417630819e-01
9.466690921162713712e-01,3.204031317169455662e-01,-4.949058975129156934e-01,-2.102370097240044977e-01,1.735298812228544540e-01,1.799944910573387791e-01
9.389595494270460696e-01,3.058025920897600169e-01,-4.670889284929812257e-01,-2.507427053347709989e-01,1.831825746269246935e-01,2.145662783729067602e-01
9.312500067378191027e-01,2.912020524625712481e-01,-4.392719594730405408e-01,-2.912484009455464928e-01,1.928352680309970979e-01,2.491380656884824296e-01
9.235404640485938010e-01,2.766015128353856989e-01,-4.114549904531060176e-01,-3.317540965563129385e-01,2.024879614350673651e-01,2.837098530040504385e-01
9.158309213593667231e-01,2.620009732081969300e-01,-3.836380214331653327e-01,-3.722597921670883769e-01,2.121406548391397417e-01,3.182816403196260802e-01
9.081213786701415325e-01,2.474004335810113531e-01,-3.558210524132308095e-01,-4.127654877778549336e-01,2.217933482432100090e-01,3.528534276351941168e-01
9.004118359809144545e-01,2.327998939538225565e-01,-3.280040833932901245e-01,-4.532711833886303721e-01,2.314460416472823856e-01,3.874252149507697585e-01
8.927022932916892639e-01,2.181993543266370073e-01,-3.001871143733556568e-01,-4.937768789993968177e-01,2.410987350513526528e-01,4.219970022663377396e-01
8.849927506024621859e-01,2.035988146994482106e-01,-2.723701453534149719e-01,-5.342825746101723672e-01,2.507514284554250850e-01,4.565687895819134368e-01
8.772832079132368843e-01,1.889982750722626892e-01,-2.445531763334804487e-01,-5.747882702209388128e-01,2.604041218594952967e-01,4.911405768974814179e-01
8.695736652240099174e-01,1.743977354450738926e-01,-2.167362073135397638e-01,-6.152939658317142513e-01,2.700568152635677288e-01,5.257123642130571151e-01
8.618641225347846158e-01,1.597971958178883434e-01,-1.889192382936052961e-01,-6.557996614424806969e-01,2.797095086676379960e-01,5.602841515286250962e-01
8.541545798455576488e-01,1.451966561906995468e-01,-1.611022692736646111e-01,-6.963053570532562464e-01,2.893622020717103727e-01,5.948559388442007378e-01
8.464450371563323472e-01,1.305961165635139976e-01,-1.332853002537300879e-01,-7.368110526640226920e-01,2.990148954757806399e-01,6.294277261597687190e-01
8.241639634726272146e-01,1.155930507730307533e-01,-1.055879259559893424e-01,-7.695199033922942577e-01,3.067241849295272993e-01,6.597877489739928381e-01
7.775468833584058270e-01,9.991772348154272232e-02,-7.809028756313596276e-02,-7.892071939790454849e-01,3.111877831068937672e-01,6.831136771534302987e-01
7.309298032441740034e-01,8.424239619005120805e-02,-5.059264917027646302e-02,-8.088944845658010419e-01,3.156513812842612343e-01,7.064396053328729774e-01
6.843127231299526159e-01,6.856706889856317710e-02,-2.309501077742308339e-02,-8.285817751525521579e-01,3.201149794616277022e-01,7.297655335123103271e-01
6.376956430157209033e-01,5.289174160707166283e-02,4.402627615436402464e-03,-8.482690657393077149e-01,3.245785776389951693e-01,7.530914616917530058e-01
5.910785629014995157e-01,3.721641431558361801e-02,3.190026600828978209e-02,-8.679563563260588310e-01,3.290421758163616373e-01,7.764173898711904664e-01
5.444614827872678031e-01,2.154108702409210374e-02,5.939790440114926795e-02,-8.876436469128143880e-01,3.335057739937290489e-01,7.997433180506331452e-01
4.978444026730463601e-01,5.865759732604072796e-03,8.689554279400267534e-02,-9.073309374995656151e-01,3.379693721710955168e-01,8.230692462300706058e-01
4.512273225588146475e-01,-9.809567558887455352e-03,1.143931811868621612e-01,-9.270182280863211721e-01,3.424329703484629839e-01,8.463951744095131735e-01
4.046102424445932599e-01,-2.548489485037547242e-02,1.418908195797155547e-01,-9.467055186730722882e-01,3.468965685258294518e-01,8.697211025889506342e-01
3.579931623303614918e-01,-4.116022214186698669e-02,1.693884579725750128e-01,-9.663928092598278452e-01,3.513601667031969189e-01,8.930470307683933129e-01
3.113760822161401043e-01,-5.683554943335503151e-02,1.968860963654284202e-01,-9.860800998465790723e-01,3.558237648805633868e-01,9.163729589478307735e-01
2.647590021019083917e-01,-7.251087672484654578e-02,2.243837347582879338e-01,-1.005767390433334629e+00,3.602873630579308539e-01,9.396988871272733412e-01
2.181419219876870041e-01,-8.818620401633459061e-02,2.518813731511412857e-01,-1.025454681020085745e+00,3.647509612352973218e-01,9.630248153067109129e-01
1.715248418734551805e-01,-1.038615313078261049e-01,2.793790115440007993e-01,-1.045141971606841302e+00,3.692145594126647890e-01,9.863507434861534806e-01
1.249077617592337930e-01,-1.195368585993141219e-01,3.068766499368541512e-01,-1.064829262193592418e+00,3.736781575900312014e-01,1.009676671665590941e+00
7.829068164500208038e-02,-1.352121858908056362e-01,3.343742883297136648e-01,-1.084516552780347975e+00,3.781417557673986685e-01,1.033002599845033620e+00
4.801800799840952316e-02,-1.387297914962005718e-01,3.406864992604932141e-01,-1.085742874750033060e+00,3.795106112470880144e-01,1.041410714574393825e+00
3.336399171419514309e-02,-1.306295209983415473e-01,3.267539901850005091e-01,-1.069327960008017664e+00,3.779221414843160765e-01,1.035563419213817227e+00
1.870997542998400348e-02,-1.225292505004843546e-01,3.128214811095108572e-01,-1.052913045266006042e+00,3.763336717215444716e-01,1.029716123853241738e+00
4.055959145769616470e-03,-1.144289800026253440e-01,2.988889720340181522e-01,-1.036498130523990646e+00,3.747452019587725336e-01,1.023868828492665140e+00
-1.059805713844152314e-02,-1.063287095047681374e-01,2.849564629585285558e-01,-1.020083215781979025e+00,3.731567321960009287e-01,1.018021533132089873e+00
-2.525207342265590321e-02,-9.822843900690914065e-02,2.710239538830358508e-01,-1.003668301039963628e+00,3.715682624332289907e-01,1.012174237771513274e+00
-3.990608970686703588e-02,-9.012816850905192023e-02,2.570914448075461989e-01,-9.872533862979518959e-01,3.699797926704573858e-01,1.006326942410938008e+00
-5.456010599108142983e-02,-8.202789801119292346e-02,2.431589357320534939e-01,-9.708384715559364997e-01,3.683913229076853924e-01,1.000479647050361409e+00
-6.921412227529255556e-02,-7.392762751333571691e-02,2.292264266565638975e-01,-9.544235568139248782e-01,3.668028531449137875e-01,9.946323516897860317e-01
-8.386813855950694951e-02,-6.582735701547672014e-02,2.152939175810711925e-01,-9.380086420719094820e-01,3.652143833821418495e-01,9.887850563292094330e-01
-9.852215484371806831e-02,-5.772708651761951359e-02,2.013614085055815683e-01,-9.215937273298977495e-01,3.636259136193702446e-01,9.829377609686340556e-01
-1.131761711279324623e-01,-4.962681601976050294e-02,1.874288994300888633e-01,-9.051788125878824642e-01,3.620374438565983066e-01,9.770904656080574568e-01
-1.278301874121436088e-01,-4.152654552190329640e-02,1.734963903545992392e-01,-8.887638978458707317e-01,3.604489740938267017e-01,9.712431702474821904e-01
-1.424842036963579750e-01,-3.342627502404429962e-02,1.595638812791065342e-01,-8.723489831038554465e-01,3.588605043310547638e-01,9.653958748869055917e-01
-1.571382199805691215e-01,-2.532600452618709308e-02,1.456313722036169100e-01,-8.559340683618437140e-01,3.572720345682831589e-01,9.595485795263303253e-01
-1.717922362647835155e-01,-1.722573402832808243e-02,1.316988631281242050e-01,-8.395191536198283178e-01,3.556835648055111654e-01,9.537012841657536155e-01
-1.864462525489946343e-01,-9.125463530470889761e-03,1.177663540526345809e-01,-8.231042388778166963e-01,3.540950950427395605e-01,9.478539888051783491e-01
-2.011002688332090560e-01,-1.025193032611865229e-03,1.038338449771418759e-01,-8.066893241358013000e-01,3.525066252799676225e-01,9.420066934446017504e-01
-2.134847279982813872e-01,7.593921883310292970e-03,8.913922562092653490e-02,-7.903719117179669462e-01,3.509135525309764470e-01,9.360755416322950051e-01
-2.056009920696411641e-01,2.084655749804963099e-02,6.763860886431187491e-02,-7.749252401648588640e-01,3.492793729854503648e-01,9.293955129095228251e-01
-1.977172561410026896e-01,3.409919311278603038e-02,4.613799210770199583e-02,-7.594785686117542234e-01,3.476451934399246158e-01,9.227154841867521995e-01
-1.898335202123624665e-01,4.735182872752537186e-02,2.463737535108734278e-02,-7.440318970586462521e-01,3.460110138943985336e-01,9.160354554639800195e-01
-1.819497842837239920e-01,6.060446434226176432e-02,3.136758594477456752e-03,-7.285852255055416116e-01,3.443768343488728401e-01,9.093554267412092829e-01
-1.740660483550837412e-01,7.385709995700111274e-02,-1.836385816213720323e-02,-7.131385539524335293e-01,3.427426548033467024e-01,9.026753980184371029e-01
-1.661823124264452667e-01,8.710973557173749826e-02,-3.986447491874710314e-02,-6.976918823993288887e-01,3.411084752578210089e-01,8.959953692956663662e-01
-1.582985764978050436e-01,1.003623711864768397e-01,-6.136509167536176312e-02,-6.822452108462209175e-01,3.394742957122949267e-01,8.893153405728941863e-01
-1.504148405691665413e-01,1.136150068012132391e-01,-8.286570843197164915e-02,-6.667985392931161659e-01,3.378401161667691777e-01,8.826353118501235606e-01
-1.425311046405263182e-01,1.268676424159525806e-01,-1.043663251885863091e-01,-6.513518677400081947e-01,3.362059366212430955e-01,8.759552831273513807e-01
-1.346473687118878437e-01,1.401202780306889661e-01,-1.258669419451961535e-01,-6.359051961869035541e-01,3.345717570757173465e-01,8.692752544045806440e-01
-1.267636327832476206e-01,1.533729136454283215e-01,-1.473675587018108413e-01,-6.204585246337954718e-01,3.329375775301912643e-01,8.625952256818084640e-01
-1.188798968546091461e-01,1.666255492601647070e-01,-1.688681754584206995e-01,-6.050118530806909423e-01,3.313033979846655708e-01,8.559151969590377274e-01
-1.109961609259689092e-01,1.798781848749040624e-01,-1.903687922150353873e-01,-5.895651815275828600e-01,3.296692184391394331e-01,8.492351682362655474e-01
-1.031124249973304347e-01,1.931308204896404479e-01,-2.118694089716452456e-01,-5.741185099744782194e-01,3.280350388936137396e-01,8.425551395134949217e-01
-9.522868906869019767e-02,2.063834561043798033e-01,-2.333700257282599333e-01,-5.586718384213701372e-01,3.264008593480876574e-01,8.358751107907227418e-01
-8.734495314005172317e-02,2.196360917191161888e-01,-2.548706424848697916e-01,-5.432251668682654966e-01,3.247666798025619084e-01,8.291950820679520051e-01
-7.946121721141150007e-02,2.328887273338555164e-01,-2.763712592414844793e-01,-5.277784953151574143e-01,3.231325002570358262e-01,8.225150533451798252e-01
-7.157748128277302557e-02,2.461413629485919297e-01,-2.978718759980943376e-01,-5.123318237620528848e-01,3.214983207115100772e-01,8.158350246224090885e-01
-6.369374535413277472e-02,2.593939985633312850e-01,-3.193724927547090253e-01,-4.968851522089448025e-01,3.198641411659839950e-01,8.091549958996369085e-01
-5.267015110320015514e-02,2.641909190089070103e-01,-3.280253090833343821e-01,-4.781488846972028472e-01,3.118080209650574974e-01,7.911578023360502643e-01
-4.009272600695119870e-02,2.648033350277245179e-01,-3.303200969436968504e-01,-4.577846852393396837e-01,3.005738562624805099e-01,7.675600504013033731e-01
-2.751530091070503170e-02,2.654157510465419145e-01,-3.326148848040588746e-01,-4.374204857814810166e-01,2.893396915599060204e-01,7.439622984665617000e-01
-1.493787581445606832e-02,2.660281670653594221e-01,-3.349096726644213429e-01,-4.170562863236178530e-01,2.781055268573290329e-01,7.203645465318146979e-01
-2.360450718209901322e-03,2.666405830841768188e-01,-3.372044605247833671e-01,-3.966920868657592414e-01,2.668713621547545434e-01,6.967667945970730248e-01
1.021697437803906205e-02,2.672529991029943264e-01,-3.394992483851458354e-01,-3.763278874078960778e-01,2.556371974521775559e-01,6.731690426623260226e-01
2.279439947428522906e-02,2.678654151218117230e-01,-3.417940362455078041e-01,-3.559636879500374107e-01,2.444030327496030941e-01,6.495712907275843495e-01
3.537182457053139606e-02,2.684778311406291196e-01,-3.440888241058698283e-01,-3.355994884921787991e-01,2.331688680470286046e-01,6.259735387928426764e-01
4.794924966678036637e-02,2.690902471594466272e-01,-3.463836119662322965e-01,-3.152352890343156355e-01,2.219347033444516448e-01,6.023757868580957853e-01
6.052667476302653338e-02,2.697026631782640238e-01,-3.486783998265943207e-01,-2.948710895764570239e-01,2.107005386418771553e-01,5.787780349233541122e-01
7.310409985927550369e-02,2.703150791970815314e-01,-3.509731876869567890e-01,-2.745068901185938604e-01,1.994663739393001678e-01,5.551802829886072210e-01
8.568152495552165682e-02,2.709274952158989280e-01,-3.532679755473187577e-01,-2.541426906607351932e-01,1.882322092367256783e-01,5.315825310538654369e-01
9.825895005177061325e-02,2.715399112347164357e-01,-3.555627634076812815e-01,-2.337784912028720297e-01,1.769980445341486908e-01,5.079847791191185458e-01
1.108363751480167941e-01,2.721523272535338323e-01,-3.578575512680432502e-01,-2.134142917450134180e-01,1.657638798315742290e-01,4.843870271843768172e-01
1.234138002442657506e-01,2.727647432723513399e-01,-3.601523391284057740e-01,-1.930500922871502545e-01,1.545297151289972415e-01,4.607892752496299260e-01
1.359912253405119453e-01,2.733771592911687365e-01,-3.624471269887677427e-01,-1.726858928292915873e-01,1.432955504264227520e-01,4.371915233148881974e-01
1.485686504367608740e-01,2.739895753099862441e-01,-3.647419148491302665e-01,-1.523216933714284238e-01,1.320613857238457645e-01,4.135937713801412507e-01
1.611460755330070271e-01,2.746019913288036407e-01,-3.670367027094922352e-01,-1.319574939135698122e-01,1.208272210212712749e-01,3.899960194453995777e-01
1.737235006292560113e-01,2.752144073476211483e-01,-3.693314905698547035e-01,-1.115932944557066486e-01,1.095930563186943152e-01,3.663982675106526310e-01
1.849933420195250811e-01,2.777517474146816157e-01,-3.745355534714737145e-01,-9.245582939224869512e-02,1.001821923659151625e-01,3.459978996055653733e-01
1.948004854087205806e-01,2.824423588514585193e-01,-3.829940090119408613e-01,-7.469062213403755701e-02,9.281092125134794701e-02,3.291742107363700987e-01
2.046076287979139152e-01,2.871329702882343127e-01,-3.914524645524060653e-01,-5.692541487583037407e-02,8.543965013678236908e-02,3.123505218671785988e-01
2.144147721871094425e-01,2.918235817250111608e-01,-3.999109200928732122e-01,-3.916020761761924290e-02,7.806837902221515357e-02,2.955268329979833797e-01
2.242219155763027771e-01,2.965141931617869542e-01,-4.083693756333384717e-01,-2.139500035941205303e-02,7.069710790764957564e-02,2.787031441287918798e-01
2.340290589654982767e-01,3.012048045985638023e-01,-4.168278311738055630e-01,-3.629793101200914918e-03,6.332583679308234625e-02,2.618794552595966607e-01
2.438362023546916113e-01,3.058954160353396512e-01,-4.252862867142708225e-01,1.413541415700626802e-02,5.595456567851677526e-02,2.450557663904051608e-01
2.536433457438871386e-01,3.105860274721164993e-01,-4.337447422547379139e-01,3.190062141521740613e-02,4.858329456394955975e-02,2.282320775212099140e-01
2.634504891330804455e-01,3.152766389088922927e-01,-4.422031977952031734e-01,4.966582867342458907e-02,4.121202344938397488e-02,2.114083886520184141e-01
2.732576325222759728e-01,3.199672503456691408e-01,-4.506616533356703203e-01,6.743103593163571330e-02,3.384075233481675937e-02,1.945846997828231673e-01
2.830647759114692796e-01,3.246578617824449342e-01,-4.591201088761355242e-01,8.519624318984292399e-02,2.646948122025118144e-02,1.777610109136316674e-01
2.928719193006648069e-01,3.293484732192217823e-01,-4.675785644166026711e-01,1.029614504480540482e-01,1.909821010568396593e-02,1.609373220444364205e-01
3.026790626898581693e-01,3.340390846559976312e-01,-4.760370199570679306e-01,1.207266577062612312e-01,1.172693899111838800e-02,1.441136331752449207e-01
3.124862060790536411e-01,3.387296960927744793e-01,-4.844954754975350220e-01,1.384918649644723554e-01,4.355667876551172490e-03,1.272899443060497016e-01
3.222933494682470035e-01,3.434203075295502727e-01,-4.929539310380002815e-01,1.562570722226795383e-01,-3.015603238014419318e-03,1.104662554368582017e-01
3.321004928574424753e-01,3.481109189663271208e-01,-5.014123865784674283e-01,1.740222794808906626e-01,-1.038687435258163483e-02,9.364256656766295484e-02
3.419076362466358376e-01,3.528015304031029697e-01,-5.098708421189326323e-01,1.917874867390979010e-01,-1.775814546714721276e-02,7.681887769847145497e-02
3.517147796358313094e-01,3.574921418398798179e-01,-5.183292976593998347e-01,2.095526939973090252e-01,-2.512941658171441439e-02,5.999518882927623586e-02
3.615219230250246718e-01,3.621827532766556113e-01,-5.267877531998650387e-01,2.273179012555162082e-01,-3.250068769628000620e-02,4.317149996008473600e-02
3.719639939230224845e-01,3.650142604568830662e-01,-5.326151660876137228e-01,2.464848669126591119e-01,-4.146758586657618706e-02,2.298237082656145319e-02
3.843672959220305607e-01,3.621031701950484516e-01,-5.303155367429031042e-01,2.699817318574382341e-01,-5.536322529300861245e-02,-7.602285392255943297e-03
3.967705979210413569e-01,3.591920799332132264e-01,-5.280159073981920415e-01,2.934785968022225466e-01,-6.925886471944411871e-02,-3.818694161108013296e-02
4.091738999200494331e-01,3.562809896713786117e-01,-5.257162780534815338e-01,3.169754617470016411e-01,-8.315450414587655104e-02,-6.877159782989752945e-02
4.215772019190602293e-01,3.533698994095433310e-01,-5.234166487087703601e-01,3.404723266917860092e-01,-9.705014357231206423e-02,-9.935625404872172606e-02
4.339805039180683055e-01,3.504588091477087164e-01,-5.211170193640598525e-01,3.639691916365651037e-01,-1.109457829987444827e-01,-1.299409102675391225e-01
4.463838059170791572e-01,3.475477188858734912e-01,-5.188173900193486787e-01,3.874660565813494717e-01,-1.248414224251799959e-01,-1.605255664863632914e-01
4.587871079160872334e-01,3.446366286240388765e-01,-5.165177606746381711e-01,4.109629215261285662e-01,-1.387370618516124421e-01,-1.911102227051806879e-01
4.711904099150980296e-01,3.417255383622035958e-01,-5.142181313299269974e-01,4.344597864709128787e-01,-1.526327012780479275e-01,-2.216948789240048567e-01
4.835937119141061058e-01,3.388144481003690367e-01,-5.119185019852164897e-01,4.579566514156919732e-01,-1.665283407044803599e-01,-2.522795351428222532e-01
4.959970139131169020e-01,3.359033578385337560e-01,-5.096188726405054270e-01,4.814535163604762857e-01,-1.804239801309158731e-01,-2.828641913616464776e-01
5.084003159121249782e-01,3.329922675766991413e-01,-5.073192432957948084e-01,5.049503813052553802e-01,-1.943196195573483054e-01,-3.134488475804638741e-01
5.208036179111358299e-01,3.300811773148639161e-01,-5.050196139510837456e-01,5.284472462500398038e-01,-2.082152589837838186e-01,-3.440335037992880429e-01
5.332069199101439061e-01,3.271700870530293015e-01,-5.027199846063731270e-01,5.519441111948188983e-01,-2.221108984102162232e-01,-3.746181600181054394e-01
5.456102219091547578e-01,3.242589967911940207e-01,-5.004203552616620643e-01,5.754409761396032108e-01,-2.360065378366517364e-01,-4.052028162369296083e-01
5.580135239081627230e-01,3.213479065293594061e-01,-4.981207259169514456e-01,5.989378410843823053e-01,-2.499021772630841687e-01,-4.357874724557470048e-01
5.704168259071735747e-01,3.184368162675241809e-01,-4.958210965722403829e-01,6.224347060291666178e-01,-2.637978166895196819e-01,-4.663721286745712291e-01
5.828201279061816509e-01,3.155257260056895663e-01,-4.935214672275297643e-01,6.459315709739457123e-01,-2.776934561159520864e-01,-4.969567848933885701e-01
5.952234299051925026e-01,3.126146357438542855e-01,-4.912218378828187015e-01,6.694284359187300248e-01,-2.915890955423876552e-01,-5.275414411122127945e-01
6.076267319042005788e-01,3.097035454820197264e-01,-4.889222085381080829e-01,6.929253008635092304e-01,-3.054847349688200042e-01,-5.581260973310302465e-01
6.053808263438686943e-01,2.944514034167066696e-01,-4.664962375379930748e-01,6.932482406011923892e-01,-3.110391194897267897e-01,-5.724887980346745620e-01
5.980074789814089353e-01,2.748797085945007823e-01,-4.370257458626297664e-01,6.854599598278036110e-01,-3.136739400061229754e-01,-5.811735716228807469e-01
5.906341316189476220e-01,2.553080137722905651e-01,-4.075552541872599632e-01,6.776716790544131674e-01,-3.163087605225197718e-01,-5.898583452110888192e-01
5.832607842564878631e-01,2.357363189500846778e-01,-3.780847625118966548e-01,6.698833982810243892e-01,-3.189435810389159576e-01,-5.985431187992948932e-01
5.758874368940264388e-01,2.161646241278744607e-01,-3.486142708365268517e-01,6.620951175076339457e-01,-3.215784015553127539e-01,-6.072278923875029655e-01
5.685140895315666798e-01,1.965929293056686011e-01,-3.191437791611635433e-01,6.543068367342452785e-01,-3.242132220717089952e-01,-6.159126659757091504e-01
5.611407421691052555e-01,1.770212344834583840e-01,-2.896732874857936846e-01,6.465185559608547239e-01,-3.268480425881057916e-01,-6.245974395639172227e-01
5.537673948066454965e-01,1.574495396612525244e-01,-2.602027958104303762e-01,6.387302751874660567e-01,-3.294828631045019773e-01,-6.332822131521234077e-01
5.463940474441841832e-01,1.378778448390423073e-01,-2.307323041350605730e-01,6.309419944140756131e-01,-3.321176836208987737e-01,-6.419669867403314800e-01
5.390207000817244243e-01,1.183061500168364200e-01,-2.012618124596972646e-01,6.231537136406868349e-01,-3.347525041372949595e-01,-6.506517603285375539e-01
5.316473527192630000e-01,9.873445519462620279e-02,-1.717913207843274059e-01,6.153654328672963914e-01,-3.373873246536917558e-01,-6.593365339167456263e-01
5.242740053568032410e-01,7.916276037242034325e-02,-1.423208291089641531e-01,6.075771520939076131e-01,-3.400221451700879416e-01,-6.680213075049518112e-01
5.169006579943418167e-01,5.959106555021012608e-02,-1.128503374335942944e-01,5.997888713205171696e-01,-3.426569656864847380e-01,-6.767060810931598835e-01
5.095273106318820577e-01,4.001937072800426654e-02,-8.337984575823098599e-02,5.920005905471283913e-01,-3.452917862028809237e-01,-6.853908546813659575e-01
5.021539632694207445e-01,2.044767590579404937e-02,-5.390935408286118280e-02,5.842123097737379478e-01,-3.479266067192777201e-01,-6.940756282695740298e-01
4.947806159069609855e-01,8.759810835881620683e-04,-2.443886240749787442e-02,5.764240290003492806e-01,-3.505614272356739614e-01,-7.027604018577802147e-01
4.874072685444995612e-01,-1.869571373862205510e-02,5.031629267871984279e-03,5.686357482269588370e-01,-3.531962477520707022e-01,-7.114451754459882871e-01
4.800339211820398022e-01,-3.826740856082794240e-02,3.450212094323523715e-02,5.608474674535700588e-01,-3.558310682684669435e-01,-7.201299490341943610e-01
4.726605738195783779e-01,-5.783910338303815957e-02,6.397261261860509585e-02,5.530591866801795042e-01,-3.584658887848637399e-01,-7.288147226224024333e-01
4.652872264571186744e-01,-7.741079820524399135e-02,9.344310429396840423e-02,5.452709059067908370e-01,-3.611007093012599256e-01,-7.374994962106086183e-01
4.579138790946573057e-01,-9.698249302745420852e-02,1.229135959693382629e-01,5.374826251334003935e-01,-3.637355298176567220e-01,-7.461842697988166906e-01
4.492394262009959949e-01,-9.479708880446849339e-02,1.210476932095216063e-01,5.221504787212004617e-01,-3.535630702644468326e-01,-7.259319648174448192e-01
4.403869537468393380e-01,-8.963483980082118108e-02,1.148942895276003351e-01,5.057861672668567676e-01,-3.416382959954517573e-01,-7.017204375551847617e-01
4.315344812926846241e-01,-8.447259079717502062e-02,1.087408858456804378e-01,4.894218558125166263e-01,-3.297135217264592910e-01,-6.775089102929300333e-01
4.226820088385279117e-01,-7.931034179352772218e-02,1.025874821637591805e-01,4.730575443581729322e-01,-3.177887474574641602e-01,-6.532973830306699758e-01
4.138295363843732533e-01,-7.414809278988156171e-02,9.643407848183926934e-02,4.566932329038327909e-01,-3.058639731884716939e-01,-6.290858557684152474e-01
4.049770639302165409e-01,-6.898584378623424940e-02,9.028067479991801203e-02,4.403289214494890413e-01,-2.939391989194766186e-01,-6.048743285061551900e-01
3.961245914760618270e-01,-6.382359478258808894e-02,8.412727111799811475e-02,4.239646099951489555e-01,-2.820144246504841523e-01,-5.806628012439005726e-01
3.872721190219051701e-01,-5.866134577894079050e-02,7.797386743607684356e-02,4.076002985408052059e-01,-2.700896503814890215e-01,-5.564512739816404041e-01
3.784196465677504562e-01,-5.349909677529463004e-02,7.182046375415694628e-02,3.912359870864651201e-01,-2.581648761124966107e-01,-5.322397467193857867e-01
3.695671741135937438e-01,-4.833684777164732466e-02,6.566706007223568897e-02,3.748716756321213150e-01,-2.462401018435014799e-01,-5.080282194571257293e-01
3.607147016594390854e-01,-4.317459876800116420e-02,5.951365639031577781e-02,3.585073641777812292e-01,-2.343153275745090136e-01,-4.838166921948709454e-01
3.518622292052823730e-01,-3.801234976435385882e-02,5.336025270839452050e-02,3.421430527234374797e-01,-2.223905533055139105e-01,-4.596051649326108879e-01
3.430097567511276591e-01,-3.285010076070769836e-02,4.720684902647462322e-02,3.257787412690973938e-01,-2.104657790365214443e-01,-4.353936376703562150e-01
3.341572842969710022e-01,-2.768785175706039992e-02,4.105344534455335204e-02,3.094144298147536443e-01,-1.985410047675263412e-01,-4.111821104080961575e-01
3.253048118428162883e-01,-2.252560275341423945e-02,3.490004166263345475e-02,2.930501183604135029e-01,-1.866162304985338749e-01,-3.869705831458414291e-01
3.164523393886595759e-01,-1.736335374976692714e-02,2.874663798071218357e-02,2.766858069060698089e-01,-1.746914562295387718e-01,-3.627590558835813717e-01
3.075998669345049175e-01,-1.220110474612078055e-02,2.259323429879228629e-02,2.603214954517296675e-01,-1.627666819605463056e-01,-3.385475286213266433e-01
2.987473944803482606e-01,-7.038855742473468236e-03,1.643983061687102898e-02,2.439571839973859180e-01,-1.508419076915512025e-01,-3.143360013590665858e-01
2.898949220261934911e-01,-1.876606738827307774e-03,1.028642693495113170e-02,2.275928725430458321e-01,-1.389171334225587362e-01,-2.901244740968119129e-01
2.810424495720368343e-01,3.285642264819990666e-03,4.133023253029860511e-03,2.112285610887020826e-01,-1.269923591535636331e-01,-2.659129468345517999e-01
2.721899771178821203e-01,8.447891268466151127e-03,-2.020380428890050650e-03,1.948642496343619412e-01,-1.150675848845711668e-01,-2.417014195722971825e-01
2.633375046637254080e-01,1.361014027211346344e-02,-8.173784110811294079e-03,1.784999381800182472e-01,-1.031428106155760638e-01,-2.174898923100370141e-01
2.544850322095707496e-01,1.877238927575962391e-02,-1.432718779273120524e-02,1.621356267256781059e-01,-9.121803634658359750e-02,-1.932783650477823967e-01
2.456967919225552244e-01,2.388454826033888784e-02,-2.041318288198568781e-02,1.458702803025472561e-01,-7.937233707992397136e-02,-1.692321217216705420e-01
2.436300442503191443e-01,2.375510154781478034e-02,-1.944529238888511452e-02,1.399610024354592253e-01,-7.580133984919196211e-02,-1.624818035621219126e-01
2.415632965780825925e-01,2.362565483529064508e-02,-1.847740189578432959e-02,1.340517245683698899e-01,-7.223034261845916182e-02,-1.557314854025718120e-01
2.394965489058464847e-01,2.349620812276653758e-02,-1.750951140268375630e-02,1.281424467012818591e-01,-6.865934538772715257e-02,-1.489811672430231826e-01
2.374298012336099328e-01,2.336676141024239886e-02,-1.654162090958297138e-02,1.222331688341925099e-01,-6.508834815699435228e-02,-1.422308490834730821e-01
2.353630535613738528e-01,2.323731469771829136e-02,-1.557373041648239809e-02,1.163238909671044652e-01,-6.151735092626234302e-02,-1.354805309239244804e-01
2.332963058891373009e-01,2.310786798519415611e-02,-1.460583992338160969e-02,1.104146131000151299e-01,-5.794635369552954274e-02,-1.287302127643743521e-01
2.312295582169012209e-01,2.297842127267004514e-02,-1.363794943028103987e-02,1.045053352329270990e-01,-5.437535646479753348e-02,-1.219798946048257504e-01
2.291628105446646413e-01,2.284897456014590988e-02,-1.267005893718025147e-02,9.859605736583774982e-02,-5.080435923406473320e-02,-1.152295764452756499e-01
2.270960628724285613e-01,2.271952784762180239e-02,-1.170216844407967992e-02,9.268677949874970512e-02,-4.723336200333273088e-02,-1.084792582857270343e-01
2.250293152001920094e-01,2.259008113509766366e-02,-1.073427795097889326e-02,8.677750163166036979e-02,-4.366236477259993060e-02,-1.017289401261769338e-01
2.229625675279559294e-01,2.246063442257355616e-02,-9.766387457878319966e-03,8.086822376457233896e-02,-4.009136754186792134e-02,-9.497862196662831824e-02
2.208958198557193775e-01,2.233118771004942091e-02,-8.798496964777533305e-03,7.495894589748298975e-02,-3.652037031113512106e-02,-8.822830380707820386e-02
2.188290721834832697e-01,2.220174099752531341e-02,-7.830606471676961750e-03,6.904966803039495893e-02,-3.294937308040311874e-02,-8.147798564752960215e-02
2.167623245112467179e-01,2.207229428500117469e-02,-6.862715978576175088e-03,6.314039016330560972e-02,-2.937837584967031845e-02,-7.472766748797948777e-02
2.146955768390106378e-01,2.194284757247706719e-02,-5.894825485475601798e-03,5.723111229621757889e-02,-2.580737861893830920e-02,-6.797734932843087219e-02
2.126288291667740860e-01,2.181340085995293193e-02,-4.926934992374815137e-03,5.132183442912822968e-02,-2.223638138820550891e-02,-6.122703116888077168e-02
2.105620814945379782e-01,2.168395414742882096e-02,-3.959044499274241846e-03,4.541255656204019886e-02,-1.866538415747349966e-02,-5.447671300933215610e-02
2.084953338223014263e-01,2.155450743490468571e-02,-2.991154006173456920e-03,3.950327869495084965e-02,-1.509438692674069937e-02,-4.772639484978204172e-02
2.064285861500653463e-01,2.142506072238057821e-02,-2.023263513072883629e-03,3.359400082786281883e-02,-1.152338969600869012e-02,-4.097607669023342614e-02
2.043618384778287944e-01,2.129561400985643949e-02,-1.055373019972098703e-03,2.768472296077346961e-02,-7.952392465275889832e-03,-3.422575853068332563e-02
2.022950908055926866e-01,2.116616729733233199e-02,-8.748252687152541229e-05,2.177544509368543879e-02,-4.381395234543880579e-03,-2.747544037113472393e-02
2.002283431333561348e-01,2.103672058480819673e-02,8.804079662292629838e-04,1.586616722659608958e-02,-8.103980038110802919e-04,-2.072512221158459567e-02
1.981615954611200547e-01,2.090727387228408923e-02,1.848298459329832805e-03,9.956889359508058757e-03,2.760599226920915084e-03,-1.397480405203599396e-02
1.960948477888835029e-01,2.077782715975995051e-02,2.816188952430621201e-03,4.047611492418695667e-03,6.331596457653715371e-03,-7.224485892485893457e-03
1.940281001166473951e-01,2.064838044723584301e-02,3.784079445531191022e-03,-1.861666374669335156e-03,9.902593688385724624e-03,-4.741677329372639971e-04
1.922052247341130837e-01,2.068737727794593348e-02,4.524218547473291517e-03,-7.742714251408272172e-03,1.349804078643318354e-02,6.381905788983972989e-03
1.908588353156824846e-01,2.105548482555106432e-02,4.819369244530868207e-03,-1.356860541400994880e-02,1.714125886581466252e-02,1.344460773048426067e-02
1.895124458972516079e-01,2.142359237315627843e-02,5.114519941588510817e-03,-1.939449657661292126e-02,2.078447694519695507e-02,2.050730967198611740e-02
1.881660564788210088e-01,2.179169992076141274e-02,5.409670638646087507e-03,-2.522038773921459962e-02,2.442769502457843578e-02,2.757001161348640594e-02
1.868196670603901322e-01,2.215980746836662685e-02,5.704821335703730116e-03,-3.104627890181757208e-02,2.807091310396072487e-02,3.463271355498825921e-02
1.854732776419595608e-01,2.252791501597175769e-02,5.999972032761306806e-03,-3.687217006441924350e-02,3.171413118334220904e-02,4.169541549648855122e-02
1.841268882235286841e-01,2.289602256357697180e-02,6.295122729818948548e-03,-4.269806122702222290e-02,3.535734926272449813e-02,4.875811743799040449e-02
1.827804988050980850e-01,2.326413011118210611e-02,6.590273426876526106e-03,-4.852395238962389779e-02,3.900056734210598230e-02,5.582081937949069650e-02
1.814341093866675136e-01,2.363223765878723695e-02,6.885424123934102796e-03,-5.434984355222557267e-02,4.264378542148745954e-02,6.288352132099098157e-02
1.800877199682366092e-01,2.400034520639245106e-02,7.180574820991745405e-03,-6.017573471482854514e-02,4.628700350086974863e-02,6.994622326249283484e-02
1.787413305498060379e-01,2.436845275399758537e-02,7.475725518049321228e-03,-6.600162587743022002e-02,4.993022158025123280e-02,7.700892520399313379e-02
1.773949411313751612e-01,2.473656030160279601e-02,7.770876215106964705e-03,-7.182751704003320636e-02,5.357343965963352189e-02,8.407162714549498705e-02
1.760485517129445621e-01,2.510466784920793032e-02,8.066026912164540527e-03,-7.765340820263488819e-02,5.721665773901500607e-02,9.113432908699528601e-02
1.747021622945136854e-01,2.547277539681314443e-02,8.361177609222184004e-03,-8.347929936523784678e-02,6.085987581839729516e-02,9.819703102849713927e-02
1.733557728760831140e-01,2.584088294441827527e-02,8.656328306279759827e-03,-8.930519052783952860e-02,6.450309389777877933e-02,1.052597329699974105e-01
1.720093834576522096e-01,2.620899049202349285e-02,8.951479003337401569e-03,-9.513108169044248719e-02,6.814631197716106148e-02,1.123224349114992637e-01
1.706629940392216382e-01,2.657709803962862369e-02,9.246629700394979126e-03,-1.009569728530441690e-01,7.178953005654253872e-02,1.193851368529995627e-01
1.693166046207907338e-01,2.694520558723383780e-02,9.541780397452622603e-03,-1.067828640156471554e-01,7.543274813592483474e-02,1.264478387945014159e-01
1.679702152023601625e-01,2.731331313483896864e-02,9.836931094510198426e-03,-1.126087551782488094e-01,7.907596621530631198e-02,1.335105407360017149e-01
1.666238257839292858e-01,2.768142068244418275e-02,1.013208179156784017e-02,-1.184346463408517958e-01,8.271918429468860801e-02,1.405732426775035682e-01
1.652774363654986867e-01,2.804952823004931706e-02,1.042723248862541773e-02,-1.242605375034534776e-01,8.636240237407008524e-02,1.476359446190038671e-01
1.639310469470678100e-01,2.841763577765452770e-02,1.072238318568306120e-02,-1.300864286660564362e-01,9.000562045345238127e-02,1.546986465605057204e-01
1.625846575286372386e-01,2.878574332525966201e-02,1.101753388274063702e-02,-1.359123198286581180e-01,9.364883853283385851e-02,1.617613485020059916e-01
1.612382681102063620e-01,2.915385087286487611e-02,1.131268457979827877e-02,-1.417382109912611043e-01,9.729205661221615453e-02,1.688240504435078726e-01
1.598918786917757628e-01,2.952195842047000696e-02,1.160783527685585632e-02,-1.475641021538627862e-01,1.009352746915976318e-01,1.758867523850081438e-01
1.585454892733448862e-01,2.989006596807522453e-02,1.190298597391349807e-02,-1.533899933164657448e-01,1.045784927709799278e-01,1.829494543265099971e-01
1.576348760477487010e-01,3.090234365716602871e-02,1.153087733780992254e-02,-1.602182186566583344e-01,1.091276473604687325e-01,1.916756113264745931e-01
1.586397374033975960e-01,3.474610124879891349e-02,8.225799180184997783e-03,-1.714522506257060430e-01,1.176588881351860599e-01,2.077135626234122845e-01
1.596445987590462967e-01,3.858985884043094478e-02,4.920721022560807685e-03,-1.826862825947512814e-01,1.261901289099015000e-01,2.237515139203464232e-01
1.606494601146951917e-01,4.243361643206382955e-02,1.615642864935883799e-03,-1.939203145637990178e-01,1.347213696846188136e-01,2.397894652172841146e-01
1.616543214703438924e-01,4.627737402369586084e-02,-1.689435292688307166e-03,-2.051543465328442561e-01,1.432526104593342398e-01,2.558274165142182532e-01
1.626591828259927874e-01,5.012113161532874561e-02,-4.994513450313230185e-03,-2.163883785018919648e-01,1.517838512340515811e-01,2.718653678111558891e-01
1.636640441816414882e-01,5.396488920696076996e-02,-8.299591607937421150e-03,-2.276224104709372309e-01,1.603150920087670073e-01,2.879033191080900278e-01
1.646689055372903832e-01,5.780864679859365474e-02,-1.160466976556234417e-02,-2.388564424399849395e-01,1.688463327834843486e-01,3.039412704050277192e-01
1.656737668929390839e-01,6.165240439022569297e-02,-1.490974792318653513e-02,-2.500904744090302056e-01,1.773775735581997748e-01,3.199792217019618579e-01
1.666786282485879789e-01,6.549616198185856386e-02,-1.821482608081145815e-02,-2.613245063780779143e-01,1.859088143329171161e-01,3.360171729988995493e-01
1.676834896042366796e-01,6.933991957349060209e-02,-2.151990423843565259e-02,-2.725585383471231249e-01,1.944400551076325423e-01,3.520551242958336879e-01
1.686883509598855746e-01,7.318367716512348686e-02,-2.482498239606057561e-02,-2.837925703161708890e-01,2.029712958823498559e-01,3.680930755927713793e-01
1.696932123155342753e-01,7.702743475675552509e-02,-2.813006055368476310e-02,-2.950266022852160996e-01,2.115025366570653098e-01,3.841310268897054625e-01
1.706980736711831703e-01,8.087119234838840987e-02,-3.143513871130968612e-02,-3.062606342542638638e-01,2.200337774317826234e-01,4.001689781866432094e-01
1.717029350268318710e-01,8.471494994002043422e-02,-3.474021686893388056e-02,-3.174946662233090744e-01,2.285650182064980496e-01,4.162069294835772926e-01
1.727077963824807660e-01,8.855870753165331899e-02,-3.804529502655880357e-02,-3.287286981923567830e-01,2.370962589812153909e-01,4.322448807805150395e-01
1.737126577381294390e-01,9.240246512328534334e-02,-4.135037318418299107e-02,-3.399627301614019936e-01,2.456274997559308171e-01,4.482828320774491226e-01
1.747175190937783618e-01,9.624622271491824199e-02,-4.465545134180791409e-02,-3.511967621304497578e-01,2.541587405306481307e-01,4.643207833743868695e-01
1.757223804494270625e-01,1.000899803065502663e-01,-4.796052949943210852e-02,-3.624307940994949684e-01,2.626899813053635846e-01,4.803587346713209527e-01
1.767272418050759575e-01,1.039337378981831511e-01,-5.126560765705703848e-02,-3.736648260685427325e-01,2.712212220800809259e-01,4.963966859682585886e-01
1.777321031607246304e-01,1.077774954898151755e-01,-5.457068581468121904e-02,-3.848988580375879431e-01,2.797524628547963799e-01,5.124346372651927828e-01
1.787369645163735532e-01,1.116212530814480602e-01,-5.787576397230614900e-02,-3.961328900066356518e-01,2.882837036295136657e-01,5.284725885621304187e-01
1.797418258720222262e-01,1.154650106730800985e-01,-6.118084212993032955e-02,-4.073669219756809179e-01,2.968149444042291196e-01,5.445105398590646129e-01
1.807466872276711489e-01,1.193087682647129832e-01,-6.448592028755525951e-02,-4.186009539447286265e-01,3.053461851789464054e-01,5.605484911560022487e-01
1.817515485833198219e-01,1.231525258563450076e-01,-6.779099844517945395e-02,-4.298349859137738926e-01,3.138774259536618594e-01,5.765864424529364429e-01
1.827564099389687446e-01,1.269962834479778924e-01,-7.109607660280437003e-02,-4.410690178828216013e-01,3.224086667283792007e-01,5.926243937498740788e-01
1.815811158079151666e-01,1.184071464337095037e-01,-5.805619077666793887e-02,-4.464360297680061151e-01,3.214058587082270213e-01,5.911338179379181934e-01
1.800641654982494677e-01,1.078696276246134678e-01,-4.245485556385247827e-02,-4.508836101383610351e-01,3.189089523552551264e-01,5.868963143837461205e-01
1.785472151885841019e-01,9.733210881551976335e-02,-2.685352035104048019e-02,-4.553311905087150113e-01,3.164120460022837866e-01,5.826588108295751578e-01
1.770302648789183753e-01,8.679459000642372746e-02,-1.125218513822501959e-02,-4.597787708790699313e-01,3.139151396493118917e-01,5.784213072754030849e-01
1.755133145692530094e-01,7.625707119733002304e-02,4.349150074586971559e-03,-4.642263512494239075e-01,3.114182332963405520e-01,5.741838037212320112e-01
1.739963642595872828e-01,6.571955238823398715e-02,1.995048528740243909e-02,-4.686739316197788274e-01,3.089213269433686571e-01,5.699463001670600493e-01
1.724794139499219170e-01,5.518203357914029661e-02,3.555182050021443718e-02,-4.731215119901327482e-01,3.064244205903973173e-01,5.657087966128889756e-01
1.709624636402561904e-01,4.464451477004424684e-02,5.115315571302990472e-02,-4.775690923604877236e-01,3.039275142374254224e-01,5.614712930587170137e-01
1.694455133305908245e-01,3.410699596095055630e-02,6.675449092584190280e-02,-4.820166727308416443e-01,3.014306078844540826e-01,5.572337895045459399e-01
1.679285630209250979e-01,2.356947715185452041e-02,8.235582613865735646e-02,-4.864642531011966198e-01,2.989337015314821877e-01,5.529962859503739780e-01
1.664116127112597321e-01,1.303195834276081599e-02,9.795716135146936843e-02,-4.909118334715505405e-01,2.964367951785108479e-01,5.487587823962029043e-01
1.648946624015940055e-01,2.494439533664766229e-03,1.135584965642848221e-01,-4.953594138419055160e-01,2.939398888255389530e-01,5.445212788420308314e-01
1.633777120919286396e-01,-8.043079275428910435e-03,1.291598317770968063e-01,-4.998069942122594367e-01,2.914429824725676133e-01,5.402837752878598687e-01
1.618607617822629408e-01,-1.858059808452494632e-02,1.447611669899122877e-01,-5.042545745826143566e-01,2.889460761195957184e-01,5.360462717336877958e-01
1.603438114725975472e-01,-2.911811689361865074e-02,1.603625022027242719e-01,-5.087021549529683329e-01,2.864491697666243786e-01,5.318087681795167221e-01
1.588268611629318205e-01,-3.965563570271468663e-02,1.759638374155397256e-01,-5.131497353233233083e-01,2.839522634136524837e-01,5.275712646253447602e-01
1.573099108532664547e-01,-5.019315451180839105e-02,1.915651726283517098e-01,-5.175973156936772845e-01,2.814553570606811439e-01,5.233337610711736865e-01
1.557929605436007559e-01,-6.073067332090442694e-02,2.071665078411671912e-01,-5.220448960640321490e-01,2.789584507077091935e-01,5.190962575170017246e-01
1.542760102339353623e-01,-7.126819212999813136e-02,2.227678430539791754e-01,-5.264924764343861252e-01,2.764615443547379092e-01,5.148587539628306509e-01
1.527590599242696634e-01,-8.180571093909416724e-02,2.383691782667946568e-01,-5.309400568047411006e-01,2.739646380017659588e-01,5.106212504086586890e-01
1.512421096146042698e-01,-9.234322974818787166e-02,2.539705134796066410e-01,-5.353876371750949659e-01,2.714677316487946190e-01,5.063837468544876153e-01
1.497251593049385709e-01,-1.028807485572839076e-01,2.695718486924221224e-01,-5.398352175454499413e-01,2.689708252958227241e-01,5.021462433003156534e-01
1.482082089952732051e-01,-1.134182673663776120e-01,2.851731839052341066e-01,-5.442827979158039176e-01,2.664739189428513844e-01,4.979087397461445796e-01
1.458003496749183947e-01,-1.244900307642123061e-01,2.994132421927079846e-01,-5.393718492329823144e-01,2.577857221627654627e-01,4.828790760012688366e-01
1.427352781700884921e-01,-1.359558995633776413e-01,3.126491038999978933e-01,-5.275572333420058824e-01,2.445302896071738508e-01,4.598881736909800622e-01
1.396702066652578955e-01,-1.474217683625455300e-01,3.258849656072907996e-01,-5.157426174510267858e-01,2.312748570515792967e-01,4.368972713806862362e-01
1.366051351604279929e-01,-1.588876371617108652e-01,3.391208273145807639e-01,-5.039280015600503537e-01,2.180194244959877126e-01,4.139063690703974618e-01
1.335400636555974241e-01,-1.703535059608787539e-01,3.523566890218736702e-01,-4.921133856690712571e-01,2.047639919403931863e-01,3.909154667601036359e-01
1.304749921507675214e-01,-1.818193747600441168e-01,3.655925507291636345e-01,-4.802987697780948251e-01,1.915085593848016021e-01,3.679245644498149170e-01
1.274099206459369249e-01,-1.932852435592119777e-01,3.788284124364564853e-01,-4.684841538871157285e-01,1.782531268292070481e-01,3.449336621395210356e-01
1.243448491411070223e-01,-2.047511123583773407e-01,3.920642741437464496e-01,-4.566695379961392964e-01,1.649976942736154362e-01,3.219427598292323722e-01
1.212797776362764535e-01,-2.162169811575452016e-01,4.053001358510393559e-01,-4.448549221051601998e-01,1.517422617180209099e-01,2.989518575189384908e-01
1.182147061314465508e-01,-2.276828499567105646e-01,4.185359975583293202e-01,-4.330403062141837123e-01,1.384868291624293257e-01,2.759609552086497719e-01
1.151496346266159543e-01,-2.391487187558784255e-01,4.317718592656222265e-01,-4.212256903232046712e-01,1.252313966068347717e-01,2.529700528983559460e-01
1.120845631217860516e-01,-2.506145875550437330e-01,4.450077209729121908e-01,-4.094110744322281836e-01,1.119759640512431875e-01,2.299791505880671716e-01
1.090194916169554828e-01,-2.620804563542116217e-01,4.582435826802050416e-01,-3.975964585412491425e-01,9.872053149564863350e-02,2.069882482777733457e-01
1.059544201121255802e-01,-2.735463251533769569e-01,4.714794443874950058e-01,-3.857818426502726550e-01,8.546509894005704933e-02,1.839973459674846268e-01
1.028893486072949837e-01,-2.850121939525448456e-01,4.847153060947879122e-01,-3.739672267592935584e-01,7.220966638446252306e-02,1.610064436571907454e-01
9.982427710246508101e-02,-2.964780627517101808e-01,4.979511678020778764e-01,-3.621526108683171263e-01,5.895423382887091113e-02,1.380155413469020265e-01
9.675920559763451223e-02,-3.079439315508780695e-01,5.111870295093707828e-01,-3.503379949773380297e-01,4.569880127327638486e-02,1.150246390366082005e-01
9.369413409280460958e-02,-3.194098003500434046e-01,5.244228912166607470e-01,-3.385233790863615422e-01,3.244336871768477293e-02,9.203373672631942615e-02
9.062906258797402692e-02,-3.308756691492112934e-01,5.376587529239535979e-01,-3.267087631953825011e-01,1.918793616209024666e-02,6.904283441602560023e-02
8.756399108314412427e-02,-3.423415379483766285e-01,5.508946146312435621e-01,-3.148941473044060135e-01,5.932503606498662485e-03,4.605193210573688134e-02
8.449891957831354161e-02,-3.538074067475445172e-01,5.641304763385364129e-01,-3.030795314134269169e-01,-7.322928949095863782e-03,2.306102979544305542e-02
8.143384807348363896e-02,-3.652732755467098524e-01,5.773663380458264882e-01,-2.912649155224504849e-01,-2.057836150468750347e-02,7.012748515428102181e-05
7.913607668423164321e-02,-3.749871737405265915e-01,5.883434273068253173e-01,-2.804790353960140425e-01,-3.247149136220094101e-02,-2.023238504262887816e-02
8.292287529248998368e-02,-3.708082188441444438e-01,5.814088040854956674e-01,-2.778508691043606316e-01,-3.356177373413526260e-02,-1.921638675546334316e-02
8.670967390074917069e-02,-3.666292639477613524e-01,5.744741808641643521e-01,-2.752227028127066655e-01,-3.465205610606982012e-02,-1.820038846829757917e-02
9.049647250900752504e-02,-3.624503090513792047e-01,5.675395576428347022e-01,-2.725945365210532545e-01,-3.574233847800414171e-02,-1.718439018113204070e-02
9.428327111726671206e-02,-3.582713541549961134e-01,5.606049344215034980e-01,-2.699663702293992884e-01,-3.683262084993869923e-02,-1.616839189396628018e-02
9.807006972552505253e-02,-3.540923992586139657e-01,5.536703112001737370e-01,-2.673382039377458774e-01,-3.792290322187301388e-02,-1.515239360680074344e-02
1.018568683337842395e-01,-3.499134443622308743e-01,5.467356879788425328e-01,-2.647100376460918558e-01,-3.901318559380757833e-02,-1.413639531963498119e-02
1.056436669420425800e-01,-3.457344894658487267e-01,5.398010647575127718e-01,-2.620818713544385004e-01,-4.010346796574189299e-02,-1.312039703246944272e-02
1.094304655503017809e-01,-3.415555345694656353e-01,5.328664415361815676e-01,-2.594537050627844788e-01,-4.119375033767645744e-02,-1.210439874530368047e-02
1.132172641585601214e-01,-3.373765796730834876e-01,5.259318183148518067e-01,-2.568255387711310678e-01,-4.228403270961077209e-02,-1.108840045813814373e-02
1.170040627668193084e-01,-3.331976247767004518e-01,5.189971950935206024e-01,-2.541973724794771017e-01,-4.337431508154533655e-02,-1.007240217097238148e-02
1.207908613750776627e-01,-3.290186698803182486e-01,5.120625718721909525e-01,-2.515692061878236907e-01,-4.446459745347965120e-02,-9.056403883806844746e-03
1.245776599833368359e-01,-3.248397149839351572e-01,5.051279486508596372e-01,-2.489410398961696969e-01,-4.555487982541420872e-02,-8.040405596641082495e-03
1.283644585915951764e-01,-3.206607600875530095e-01,4.981933254295299873e-01,-2.463128736045162859e-01,-4.664516219734853031e-02,-7.024407309475545758e-03
1.321512571998543772e-01,-3.164818051911699737e-01,4.912587022081987276e-01,-2.436847073128622920e-01,-4.773544456928308782e-02,-6.008409022309783507e-03
1.359380558081127177e-01,-3.123028502947877705e-01,4.843240789868690221e-01,-2.410565410212089088e-01,-4.882572694121740942e-02,-4.992410735144246769e-03
1.397248544163719186e-01,-3.081238953984046791e-01,4.773894557655378179e-01,-2.384283747295549150e-01,-4.991600931315196693e-02,-3.976412447978482784e-03
1.435116530246302591e-01,-3.039449405020225869e-01,4.704548325442080570e-01,-2.358002084379015040e-01,-5.100629168508628852e-02,-2.960414160812947781e-03
1.472984516328894600e-01,-2.997659856056394956e-01,4.635202093228768527e-01,-2.331720421462475101e-01,-5.209657405702083910e-02,-1.944415873647183796e-03
1.510852502411477727e-01,-2.955870307092572924e-01,4.565855861015471473e-01,-2.305438758545941269e-01,-5.318685642895516069e-02,-9.284175864816487933e-04
1.548720488494069736e-01,-2.914080758128742565e-01,4.496509628802158876e-01,-2.279157095629401331e-01,-5.427713880088971821e-02,8.758070068411519249e-05
1.586588474576653418e-01,-2.872291209164921089e-01,4.427163396588862376e-01,-2.252875432712867221e-01,-5.536742117282403980e-02,1.103578987849650195e-03
1.624456460659245149e-01,-2.830501660201090175e-01,4.357817164375549224e-01,-2.226593769796327282e-01,-5.645770354475859731e-02,2.119577275015414181e-03
1.662324446741828554e-01,-2.788712111237268698e-01,4.288470932162252724e-01,-2.200312106879793173e-01,-5.754798591669291197e-02,3.135575562180952652e-03
1.703287216508523050e-01,-2.775278510156481415e-01,4.262048372134140117e-01,-2.187607881208993854e-01,-5.919697874816674810e-02,3.187802989422673563e-03
1.744495146929214424e-01,-2.764091192964192589e-01,4.239026112941015612e-01,-2.175979224539023871e-01,-6.089023115821994014e-02,3.163683014572603140e-03
1.785703077349914680e-01,-2.752903875771901543e-01,4.216003853747886110e-01,-2.164350567869051112e-01,-6.258348356827352077e-02,3.139563039722527080e-03
1.826911007770605777e-01,-2.741716558579613272e-01,4.192981594554761604e-01,-2.152721911199080851e-01,-6.427673597832671282e-02,3.115443064872456223e-03
1.868118938191306311e-01,-2.730529241387322226e-01,4.169959335361631547e-01,-2.141093254529108370e-01,-6.596998838838027956e-02,3.091323090022380597e-03
1.909326868611997408e-01,-2.719341924195033400e-01,4.146937076168507041e-01,-2.129464597859138109e-01,-6.766324079843348549e-02,3.067203115172309740e-03
1.950534799032697941e-01,-2.708154607002742353e-01,4.123914816975377540e-01,-2.117835941189165627e-01,-6.935649320848705224e-02,3.043083140322233680e-03
1.991742729453389038e-01,-2.696967289810454083e-01,4.100892557782253034e-01,-2.106207284519195366e-01,-7.104974561854024429e-02,3.018963165472163257e-03
2.032950659874089294e-01,-2.685779972618163036e-01,4.077870298589122977e-01,-2.094578627849222607e-01,-7.274299802859382491e-02,2.994843190622087196e-03
2.074158590294780669e-01,-2.674592655425874210e-01,4.054848039395998471e-01,-2.082949971179252624e-01,-7.443625043864701696e-02,2.970723215772016774e-03
2.115366520715480925e-01,-2.663405338233583164e-01,4.031825780202868970e-01,-2.071321314509279865e-01,-7.612950284870059758e-02,2.946603240921940713e-03
2.156574451136172299e-01,-2.652218021041294893e-01,4.008803521009743909e-01,-2.059692657839309882e-01,-7.782275525875378963e-02,2.922483266071869857e-03
2.197782381556872555e-01,-2.641030703849003847e-01,3.985781261816614407e-01,-2.048064001169337123e-01,-7.951600766880735638e-02,2.898363291221794230e-03
2.238990311977563930e-01,-2.629843386656715021e-01,3.962759002623489901e-01,-2.036435344499367139e-01,-8.120926007886056230e-02,2.874243316371723374e-03
2.280198242398264186e-01,-2.618656069464423974e-01,3.939736743430360399e-01,-2.024806687829394380e-01,-8.290251248891412905e-02,2.850123341521647313e-03
2.321406172818955560e-01,-2.607468752272135148e-01,3.916714484237235894e-01,-2.013178031159424397e-01,-8.459576489896732110e-02,2.826003366671576891e-03
2.362614103239646657e-01,-2.596281435079846878e-01,3.893692225044110833e-01,-2.001549374489454136e-01,-8.628901730902052702e-02,2.801883391821506034e-03
2.403822033660346913e-01,-2.585094117887555831e-01,3.870669965850981331e-01,-1.989920717819481655e-01,-8.798226971907409377e-02,2.777763416971430407e-03
2.445029964081038010e-01,-2.573906800695267005e-01,3.847647706657856825e-01,-1.978292061149511394e-01,-8.967552212912729970e-02,2.753643442121359551e-03
2.486237894501738543e-01,-2.562719483502976514e-01,3.824625447464726768e-01,-1.966663404479538635e-01,-9.136877453918086645e-02,2.729523467271283491e-03
2.527445824922429640e-01,-2.551532166310687688e-01,3.801603188271602263e-01,-1.955034747809568652e-01,-9.306202694923405849e-02,2.705403492421213068e-03
2.568653755343129896e-01,-2.540344849118396642e-01,3.778580929078472761e-01,-1.943406091139595893e-01,-9.475527935928762524e-02,2.681283517571137007e-03
2.609861685763821271e-01,-2.529157531926107816e-01,3.755558669885348255e-01,-1.931777434469625909e-01,-9.644853176934083117e-02,2.657163542721066585e-03
2.676532151247487112e-01,-2.529839140191397218e-01,3.748940820942761598e-01,-1.929241329157463658e-01,-9.928232849713844455e-02,2.625107198064133458e-03
2.767889734737048468e-01,-2.542028226508258326e-01,3.758227814572692727e-01,-1.935520877423751174e-01,-1.032219362564629345e-01,2.585356171906769661e-03
2.859247318226630363e-01,-2.554217312825122210e-01,3.767514808202626075e-01,-1.941800425690039800e-01,-1.071615440157882987e-01,2.545605145749396756e-03
2.950604901716191719e-01,-2.566406399141983319e-01,3.776801801832557759e-01,-1.948079973956327315e-01,-1.111011517751127886e-01,2.505854119592032959e-03
3.041962485205773614e-01,-2.578595485458847203e-01,3.786088795462491108e-01,-1.954359522222615941e-01,-1.150407595344381528e-01,2.466103093434660054e-03
3.133320068695334970e-01,-2.590784571775708311e-01,3.795375789092422236e-01,-1.960639070488903180e-01,-1.189803672937626428e-01,2.426352067277296257e-03
3.224677652184916865e-01,-2.602973658092571640e-01,3.804662782722355585e-01,-1.966918618755192083e-01,-1.229199750530880070e-01,2.386601041119923352e-03
3.316035235674478221e-01,-2.615162744409432749e-01,3.813949776352287269e-01,-1.973198167021479321e-01,-1.268595828124124969e-01,2.346850014962559555e-03
3.407392819164060116e-01,-2.627351830726296633e-01,3.823236769982220618e-01,-1.979477715287768225e-01,-1.307991905717378611e-01,2.307098988805187084e-03
3.498750402653621472e-01,-2.639540917043157742e-01,3.832523763612151746e-01,-1.985757263554055463e-01,-1.347387983310623372e-01,2.267347962647822852e-03
3.590107986143203367e-01,-2.651730003360021071e-01,3.841810757242085095e-01,-1.992036811820344366e-01,-1.386784060903877291e-01,2.227596936490450381e-03
3.681465569632764723e-01,-2.663919089676882179e-01,3.851097750872016778e-01,-1.998316360086631605e-01,-1.426180138497122052e-01,2.187845910333086584e-03
3.772823153122346618e-01,-2.676108175993746063e-01,3.860384744501950127e-01,-2.004595908352920508e-01,-1.465576216090375694e-01,2.148094884175713679e-03
3.864180736611908529e-01,-2.688297262310607172e-01,3.869671738131881256e-01,-2.010875456619207746e-01,-1.504972293683620732e-01,2.108343858018349448e-03
3.955538320101489869e-01,-2.700486348627471056e-01,3.878958731761814605e-01,-2.017155004885496650e-01,-1.544368371276874097e-01,2.068592831860976977e-03
4.046895903591051225e-01,-2.712675434944331609e-01,3.888245725391746288e-01,-2.023434553151783888e-01,-1.583764448870119135e-01,2.028841805703613180e-03
4.138253487080633120e-01,-2.724864521261195494e-01,3.897532719021679637e-01,-2.029714101418072791e-01,-1.623160526463372777e-01,1.989090779546240275e-03
4.229611070570195031e-01,-2.737053607578056602e-01,3.906819712651610765e-01,-2.035993649684360030e-01,-1.662556604056617537e-01,1.949339753388876478e-03
4.320968654059776926e-01,-2.749242693894920486e-01,3.916106706281544114e-01,-2.042273197950648933e-01,-1.701952681649871457e-01,1.909588727231503573e-03
4.412326237549337726e-01,-2.761431780211781595e-01,3.925393699911475798e-01,-2.048552746216936171e-01,-1.741348759243116218e-01,1.869837701074139776e-03
4.503683821038919621e-01,-2.773620866528644924e-01,3.934680693541409147e-01,-2.054832294483225075e-01,-1.780744836836369860e-01,1.830086674916766871e-03
4.595041404528481532e-01,-2.785809952845506032e-01,3.943967687171340275e-01,-2.061111842749512313e-01,-1.820140914429614898e-01,1.790335648759403073e-03
4.686398988018063427e-01,-2.797999039162369916e-01,3.953254680801273624e-01,-2.067391391015801216e-01,-1.859536992022868263e-01,1.750584622602030386e-03
4.720278775319280973e-01,-2.796487537519168898e-01,3.940012500115152583e-01,-2.046079422798978698e-01,-1.869671590733701372e-01,6.409095346790816619e-04
4.741284220365083457e-01,-2.791907267234967072e-01,3.921724052520563220e-01,-2.018587283279414668e-01,-1.873251966439942184e-01,-7.084158090218586196e-04
4.762289665410880946e-01,-2.787326996950766356e-01,3.903435604925978297e-01,-1.991095143759856745e-01,-1.876832342146181887e-01,-2.057741152722499228e-03
4.783295110456683430e-01,-2.782746726666565085e-01,3.885147157331388934e-01,-1.963603004240292715e-01,-1.880412717852422699e-01,-3.407066496423439943e-03
4.804300555502481473e-01,-2.778166456382364369e-01,3.866858709736804012e-01,-1.936110864720734792e-01,-1.883993093558662402e-01,-4.756391840124080117e-03
4.825306000548283958e-01,-2.773586186098162543e-01,3.848570262142214649e-01,-1.908618725201171040e-01,-1.887573469264903214e-01,-6.105717183825020399e-03
4.846311445594081446e-01,-2.769005915813961827e-01,3.830281814547629726e-01,-1.881126585681613117e-01,-1.891153844971143194e-01,-7.455042527525661440e-03
4.867316890639883931e-01,-2.764425645529760556e-01,3.811993366953040363e-01,-1.853634446162049088e-01,-1.894734220677383729e-01,-8.804367871226601722e-03
4.888322335685681974e-01,-2.759845375245559840e-01,3.793704919358454886e-01,-1.826142306642491164e-01,-1.898314596383623709e-01,-1.015369321492724103e-02
4.909327780731483903e-01,-2.755265104961358014e-01,3.775416471763866078e-01,-1.798650167122927135e-01,-1.901894972089864244e-01,-1.150301855862818218e-02
4.930333225777281947e-01,-2.750684834677157298e-01,3.757128024169280600e-01,-1.771158027603369212e-01,-1.905475347796104224e-01,-1.285234390232882148e-02
4.951338670823084431e-01,-2.746104564392956027e-01,3.738839576574691792e-01,-1.743665888083805182e-01,-1.909055723502345037e-01,-1.420166924602976263e-02
4.972344115868881920e-01,-2.741524294108755311e-01,3.720551128980106315e-01,-1.716173748564247536e-01,-1.912636099208584739e-01,-1.555099458973040194e-02
4.993349560914684404e-01,-2.736944023824553485e-01,3.702262681385516951e-01,-1.688681609044683229e-01,-1.916216474914825552e-01,-1.690031993343134309e-02
5.014355005960482448e-01,-2.732363753540352769e-01,3.683974233790932029e-01,-1.661189469525125584e-01,-1.919796850621065532e-01,-1.824964527713198240e-02
5.035360451006284377e-01,-2.727783483256151498e-01,3.665685786196342666e-01,-1.633697330005561554e-01,-1.923377226327306067e-01,-1.959897062083292354e-02
5.056365896052082975e-01,-2.723203212971950782e-01,3.647397338601757744e-01,-1.606205190486003631e-01,-1.926957602033546046e-01,-2.094829596453356632e-02
5.077371341097884905e-01,-2.718622942687748956e-01,3.629108891007168380e-01,-1.578713050966439602e-01,-1.930537977739786581e-01,-2.229762130823450400e-02
5.098376786143682393e-01,-2.714042672403548240e-01,3.610820443412583458e-01,-1.551220911446881678e-01,-1.934118353446026561e-01,-2.364694665193514678e-02
5.119382231189485433e-01,-2.709462402119346414e-01,3.592531995817994095e-01,-1.523728771927317927e-01,-1.937698729152267374e-01,-2.499627199563608446e-02
5.140387676235282921e-01,-2.704882131835146253e-01,3.574243548223408617e-01,-1.496236632407759726e-01,-1.941279104858507076e-01,-2.634559733933672723e-02
5.183425234378247204e-01,-2.662244968757664920e-01,3.501544646158756269e-01,-1.483410452516141509e-01,-1.894333528294138425e-01,-2.124785922078765987e-02
5.235222309946254704e-01,-2.604477163689619124e-01,3.407213260548930811e-01,-1.476415158130223726e-01,-1.827299866788336946e-01,-1.358690056640493582e-02
5.287019385514274417e-01,-2.546709358621561115e-01,3.312881874939084814e-01,-1.469419863744304278e-01,-1.760266205282520480e-01,-5.925941912020511737e-03
5.338816461082283027e-01,-2.488941553553515873e-01,3.218550489329259356e-01,-1.462424569358386217e-01,-1.693232543776718724e-01,1.735016742362212316e-03
5.390613536650302740e-01,-2.431173748485457864e-01,3.124219103719413360e-01,-1.455429274972466769e-01,-1.626198882270902257e-01,9.395975396746639868e-03
5.442410612218311350e-01,-2.373405943417412345e-01,3.029887718109588457e-01,-1.448433980586548986e-01,-1.559165220765100779e-01,1.705693405112936392e-02
5.494207687786331062e-01,-2.315638138349354336e-01,2.935556332499741905e-01,-1.441438686200629538e-01,-1.492131559259284312e-01,2.471789270551378800e-02
5.546004763354339673e-01,-2.257870333281308817e-01,2.841224946889917002e-01,-1.434443391814711477e-01,-1.425097897753482834e-01,3.237885135989651553e-02
5.597801838922359385e-01,-2.200102528213250808e-01,2.746893561280070450e-01,-1.427448097428792029e-01,-1.358064236247666368e-01,4.003981001428093267e-02
5.649598914490367996e-01,-2.142334723145205566e-01,2.652562175670245548e-01,-1.420452803042874246e-01,-1.291030574741864889e-01,4.770076866866365672e-02
5.701395990058387708e-01,-2.084566918077147279e-01,2.558230790060399551e-01,-1.413457508656954797e-01,-1.223996913236048284e-01,5.536172732304808775e-02
5.753193065626396319e-01,-2.026799113009101760e-01,2.463899404450574093e-01,-1.406462214271036737e-01,-1.156963251730246667e-01,6.302268597743081180e-02
5.804990141194416031e-01,-1.969031307941043751e-01,2.369568018840727819e-01,-1.399466919885117289e-01,-1.089929590224430200e-01,7.068364463181522894e-02
5.856787216762423531e-01,-1.911263502872998510e-01,2.275236633230902639e-01,-1.392471625499199506e-01,-1.022895928718628722e-01,7.834460328619795300e-02
5.908584292330443244e-01,-1.853495697804940501e-01,2.180905247621056364e-01,-1.385476331113280057e-01,-9.558622672128122555e-02,8.600556194058238402e-02
5.960381367898451854e-01,-1.795727892736894982e-01,2.086573862011231184e-01,-1.378481036727361997e-01,-8.888286057070106383e-02,9.366652059496510807e-02
6.012178443466471567e-01,-1.737960087668836695e-01,1.992242476401385187e-01,-1.371485742341442549e-01,-8.217949442011941719e-02,1.013274792493495252e-01
6.063975519034480177e-01,-1.680192282600791454e-01,1.897911090791559729e-01,-1.364490447955524766e-01,-7.547612826953925547e-02,1.089884379037322631e-01
6.115772594602499890e-01,-1.622424477532733444e-01,1.803579705181713733e-01,-1.357495153569605040e-01,-6.877276211895760882e-02,1.166493965581166664e-01
5.911592413974172677e-01,-1.598740028792928203e-01,1.721766207680082428e-01,-1.129898843935673580e-01,-6.722772024725781614e-02,9.758727162981546688e-02
5.574376070896278623e-01,-1.592769337113688899e-01,1.646458490499076444e-01,-7.876520652049318061e-02,-6.836355587588452409e-02,6.463666089819428140e-02
5.237159727818458954e-01,-1.586798645434450983e-01,1.571150773318087390e-01,-4.454052864742659434e-02,-6.949939150451098224e-02,3.168605016658040952e-02
4.899943384740564900e-01,-1.580827953755211679e-01,1.495843056137081406e-01,-1.031585077435243081e-02,-7.063522713313769019e-02,-1.264560565040775963e-03
4.562727041662745786e-01,-1.574857262075973763e-01,1.420535338956092075e-01,2.390882709871416933e-02,-7.177106276176414834e-02,-3.421517129665464785e-02
4.225510698584851732e-01,-1.568886570396734459e-01,1.345227621775086368e-01,5.813350497178834675e-02,-7.290689839039085629e-02,-6.716578202827584720e-02
3.888294355507032618e-01,-1.562915878717496543e-01,1.269919904594097038e-01,9.235818284485491914e-02,-7.404273401901731444e-02,-1.001163927598897191e-01
3.551078012429138009e-01,-1.556945187038257239e-01,1.194612187413091053e-01,1.265828607179290688e-01,-7.517856964764402239e-02,-1.330670034915109046e-01
3.213861669351318895e-01,-1.550974495359019045e-01,1.119304470232101861e-01,1.608075385909956689e-01,-7.631440527627048054e-02,-1.660176142231247765e-01
2.876645326273424286e-01,-1.545003803679780019e-01,1.043996753051096016e-01,1.950322164640698741e-01,-7.745024090489718849e-02,-1.989682249547459758e-01
2.539428983195605172e-01,-1.539033112000541825e-01,9.686890358701068238e-02,2.292568943371364187e-01,-7.858607653352364664e-02,-2.319188356863598477e-01
2.202212640117711118e-01,-1.533062420321302799e-01,8.933813186891008395e-02,2.634815722102106239e-01,-7.972191216215035459e-02,-2.648694464179810470e-01
1.864996297039891449e-01,-1.527091728642064605e-01,8.180736015081116475e-02,2.977062500832771685e-01,-8.085774779077681274e-02,-2.978200571495949189e-01
1.527779953961997395e-01,-1.521121036962825301e-01,7.427658843271056632e-02,3.319309279563513737e-01,-8.199358341940352068e-02,-3.307706678812161183e-01
1.190563610884177725e-01,-1.515150345283587385e-01,6.674581671461164711e-02,3.661556058294179739e-01,-8.312941904802997883e-02,-3.637212786128299902e-01
8.533472678062836714e-02,-1.509179653604348081e-01,5.921504499651104869e-02,4.003802837024921235e-01,-8.426525467665668678e-02,-3.966718893444511340e-01
5.161309247284640023e-02,-1.503208961925110165e-01,5.168427327841212948e-02,4.346049615755587237e-01,-8.540109030528314493e-02,-4.296225000760650059e-01
-2.922614476926460592e-03,-1.495316932264276477e-01,4.669110270767290460e-02,4.712356134145929687e-01,-8.961273994098056805e-02,-4.714181145284661589e-01
-6.219886464591393993e-02,-1.486987305123286529e-01,4.227588764421029432e-02,5.084142417965160643e-01,-9.452492663569658782e-02,-5.152282372961711765e-01
-1.214751148149145754e-01,-1.478657677982294638e-01,3.786067258074669872e-02,5.455928701784473756e-01,-9.943711333041369005e-02,-5.590383600638860750e-01
-1.807513649839020686e-01,-1.470328050841304968e-01,3.344545751728408844e-02,5.827714985603704712e-01,-1.043493000251297098e-01,-6.028484828315912036e-01
-2.400276151529027180e-01,-1.461998423700313077e-01,2.903024245382049631e-02,6.199501269423017824e-01,-1.092614867198468259e-01,-6.466586055993059912e-01
-2.993038653218901834e-01,-1.453668796559323129e-01,2.461502739035788603e-02,6.571287553242248780e-01,-1.141736734145628457e-01,-6.904687283670111198e-01
-3.585801154908908606e-01,-1.445339169418331515e-01,2.019981232689429390e-02,6.943073837061561893e-01,-1.190858601092799618e-01,-7.342788511347260183e-01
-4.178563656598783260e-01,-1.437009542277341567e-01,1.578459726343168362e-02,7.314860120880792849e-01,-1.239980468039959677e-01,-7.780889739024310359e-01
-4.771326158288789476e-01,-1.428679915136349954e-01,1.136938219996808802e-02,7.686646404700105961e-01,-1.289102334987130838e-01,-8.218990966701459344e-01
-5.364088659978665241e-01,-1.420350287995360006e-01,6.954167136505477742e-03,8.058432688519336917e-01,-1.338224201934291036e-01,-8.657092194378510630e-01
-5.956851161668670347e-01,-1.412020660854368115e-01,2.538952073041889079e-03,8.430218972338650030e-01,-1.387346068881462058e-01,-9.095193422055658505e-01
-6.549613663358546667e-01,-1.403691033713378444e-01,-1.876262990420728138e-03,8.802005256157880986e-01,-1.436467935828622255e-01,-9.533294649732708681e-01
-7.142376165048551773e-01,-1.395361406572386553e-01,-6.291478053884316801e-03,9.173791539977194098e-01,-1.485589802775793555e-01,-9.971395877409858777e-01
-7.735138666738428093e-01,-1.387031779431396605e-01,-1.070669311734692708e-02,9.545577823796425054e-01,-1.534711669722953475e-01,-1.040949710508690895e+00
-8.327901168428433198e-01,-1.378702152290404992e-01,-1.512190818081052268e-02,9.917364107615738167e-01,-1.583833536670124498e-01,-1.084759833276405683e+00
-8.920663670118307298e-01,-1.370372525149415044e-01,-1.953712324427313296e-02,1.028915039143496912e+00,-1.632955403617284973e-01,-1.128569956044110922e+00
-8.936410721211783814e-01,-1.195673427938587080e-01,-4.560700052850288899e-02,1.030666578001476097e+00,-1.460794783506729200e-01,-1.109739220377407465e+00
-8.793544293392617783e-01,-9.752416897641009996e-02,-7.762944165822695253e-02,1.022679705329339495e+00,-1.227806701915979681e-01,-1.073689388639567532e+00
-8.650677865573418446e-01,-7.548099515895659306e-02,-1.096518827879581354e-01,1.014692832657201338e+00,-9.948186203251785376e-02,-1.037639556901719606e+00
-8.507811437754252415e-01,-5.343782134150797114e-02,-1.416743239176821989e-01,1.006705959985064958e+00,-7.618305387344291579e-02,-1.001589725163879674e+00
-8.364945009935054188e-01,-3.139464752405446424e-02,-1.736967650474133540e-01,9.987190873129266899e-01,-5.288424571436278754e-02,-9.655398934260316368e-01
-8.222078582115887047e-01,-9.351473706605856195e-03,-2.057192061771374314e-01,9.907322146407903096e-01,-2.958543755528786345e-02,-9.294900616881917044e-01
-8.079212154296688819e-01,1.269170011084766458e-02,-2.377416473068685865e-01,9.827453419686520419e-01,-6.286629396207721321e-03,-8.934402299503437783e-01
-7.936345726477522788e-01,3.473487392829627263e-02,-2.697640884365926639e-01,9.747584692965156616e-01,1.701217876286720276e-02,-8.573903982125037349e-01
-7.793479298658323451e-01,5.677804774574976565e-02,-3.017865295663238467e-01,9.667715966243773940e-01,4.031098692194731714e-02,-8.213405664746558088e-01
-7.650612870839157420e-01,7.882122156319840145e-02,-3.338089706960479242e-01,9.587847239522410137e-01,6.360979508102226898e-02,-7.852907347368158764e-01
-7.507746443019959193e-01,1.008643953806518945e-01,-3.658314118257790515e-01,9.507978512801027460e-01,8.690860324010241111e-02,-7.492409029989679503e-01
-7.364880015200792052e-01,1.229075691981005303e-01,-3.978538529555031289e-01,9.428109786079663657e-01,1.102074113991773352e-01,-7.131910712611280179e-01
-7.222013587381593824e-01,1.449507430155539955e-01,-4.298762940852343117e-01,9.348241059358280980e-01,1.335062195582574218e-01,-6.771412395232799808e-01
-7.079147159562427793e-01,1.669939168330026313e-01,-4.618987352149583892e-01,9.268372332636916067e-01,1.568050277173324014e-01,-6.410914077854399373e-01
-6.936280731743229566e-01,1.890370906504561521e-01,-4.939211763446895165e-01,9.188503605915534500e-01,1.801038358764124880e-01,-6.050415760475920113e-01
-6.793414303924062425e-01,2.110802644679047324e-01,-5.259436174744136494e-01,9.108634879194169587e-01,2.034026440354874676e-01,-5.689917443097520788e-01
-6.650547876104864198e-01,2.331234382853582532e-01,-5.579660586041447212e-01,9.028766152472788020e-01,2.267014521945675543e-01,-5.329419125719041528e-01
-6.334484974751195541e-01,2.324588176335472545e-01,-5.571674519647793478e-01,9.053130044487062156e-01,2.230318539925343624e-01,-5.406001957902382138e-01
-6.004004236292925789e-01,2.299038739573697754e-01,-5.536366388856553966e-01,9.086170839022726931e-01,2.171172557512506540e-01,-5.518969854326618574e-01
-5.673523497834729312e-01,2.273489302811928237e-01,-5.501058258065323336e-01,9.119211633558383934e-01,2.112026575099682502e-01,-5.631937750750830585e-01
-5.343042759376459561e-01,2.247939866050153446e-01,-5.465750127274083825e-01,9.152252428094049819e-01,2.052880592686845695e-01,-5.744905647175068131e-01
-5.012562020918263084e-01,2.222390429288384206e-01,-5.430441996482853195e-01,9.185293222629706822e-01,1.993734610274021657e-01,-5.857873543599279031e-01
-4.682081282459993332e-01,2.196840992526609138e-01,-5.395133865691613684e-01,9.218334017165371597e-01,1.934588627861184851e-01,-5.970841440023516578e-01
-4.351600544001796855e-01,2.171291555764839898e-01,-5.359825734900383054e-01,9.251374811701029710e-01,1.875442645448360812e-01,-6.083809336447728588e-01
-4.021119805543599823e-01,2.145742119003070658e-01,-5.324517604109151314e-01,9.284415606236687823e-01,1.816296663035537051e-01,-6.196777232871940599e-01
-3.690639067085330072e-01,2.120192682241295590e-01,-5.289209473317912913e-01,9.317456400772352598e-01,1.757150680622699968e-01,-6.309745129296177035e-01
-3.360158328627133595e-01,2.094643245479526350e-01,-5.253901342526681173e-01,9.350497195308009601e-01,1.698004698209876207e-01,-6.422713025720389046e-01
-3.029677590168863843e-01,2.069093808717751282e-01,-5.218593211735442772e-01,9.383537989843675486e-01,1.638858715797039123e-01,-6.535680922144626592e-01
-2.699196851710667366e-01,2.043544371955982042e-01,-5.183285080944211032e-01,9.416578784379332490e-01,1.579712733384215362e-01,-6.648648818568838603e-01
-2.368716113252397615e-01,2.017994935194206974e-01,-5.147976950152972631e-01,9.449619578914997264e-01,1.520566750971378278e-01,-6.761616714993075039e-01
-2.038235374794201138e-01,1.992445498432437734e-01,-5.112668819361740891e-01,9.482660373450655378e-01,1.461420768558554517e-01,-6.874584611417287050e-01
-1.707754636335930831e-01,1.966896061670662665e-01,-5.077360688570502489e-01,9.515701167986320153e-01,1.402274786145717433e-01,-6.987552507841523486e-01
-1.377273897877734354e-01,1.941346624908893426e-01,-5.042052557779270749e-01,9.548741962521978266e-01,1.343128803732893672e-01,-7.100520404265735497e-01
-1.042701042209288609e-01,1.790786133666703306e-01,-4.772860445609821700e-01,9.439336102836949349e-01,1.145832013830870161e-01,-7.264619374673160213e-01
-7.045294044922302545e-02,1.530285600229253362e-01,-4.297980805338303401e-01,9.204656592428069883e-01,8.270395236661978733e-02,-7.473685187849600231e-01
-3.663577667750966826e-02,1.269785066791745409e-01,-3.823101165066679075e-01,8.969977082019138237e-01,5.082470335014549478e-02,-7.682751001026087989e-01
-2.818612905803832835e-03,1.009284533354295327e-01,-3.348221524795160775e-01,8.735297571610258771e-01,1.894545433367826603e-02,-7.891816814202529118e-01
3.099855086590951048e-02,7.487839999167873739e-02,-2.873341884523536449e-01,8.500618061201327125e-01,-1.293379468279604039e-02,-8.100882627379015766e-01
6.481571463761535978e-02,4.882834664793372914e-02,-2.398462244252018150e-01,8.265938550792447659e-01,-4.481304369926328302e-02,-8.309948440555456894e-01
9.863287840932870310e-02,2.277829330418293385e-02,-1.923582603980393824e-01,8.031259040383516012e-01,-7.669229271573757556e-02,-8.519014253731943542e-01
1.324500421810345663e-01,-3.271760039562060518e-03,-1.448702963708875524e-01,7.796579529974636547e-01,-1.085715417322047904e-01,-8.728080066908384671e-01
1.662672059527479096e-01,-2.932181338331285581e-02,-9.738233234372511982e-02,7.561900019565704900e-01,-1.404507907486791107e-01,-8.937145880084871319e-01
2.000843697244537589e-01,-5.537186672705787793e-02,-4.989436831657323435e-02,7.327220509156825434e-01,-1.723300397651463256e-01,-9.146211693261312448e-01
2.339015334961671022e-01,-8.142192007080864546e-02,-2.406404289410857267e-03,7.092540998747893788e-01,-2.042092887816206459e-01,-9.355277506437800206e-01
2.677186972678729515e-01,-1.074719734145536953e-01,4.508155973774097269e-02,6.857861488339014322e-01,-2.360885377980878608e-01,-9.564343319614240224e-01
3.015358610395862948e-01,-1.335220267583044629e-01,9.256952376490346079e-02,6.623181977930082676e-01,-2.679677868145621811e-01,-9.773409132790726872e-01
3.353530248112921441e-01,-1.595720801020494573e-01,1.400574877920552908e-01,6.388502467521203210e-01,-2.998470358310293959e-01,-9.982474945967168001e-01
3.691701885830054874e-01,-1.856221334458002803e-01,1.875454518192176678e-01,6.153822957112271563e-01,-3.317262848475037162e-01,-1.019154075914365576e+00
4.029873523547113368e-01,-2.116721867895452747e-01,2.350334158463694978e-01,5.919143446703392097e-01,-3.636055338639709311e-01,-1.040060657232009689e+00
4.412898176550192897e-01,-2.219173949497029452e-01,2.561874404333850941e-01,5.677179510579374311e-01,-3.755779655103738124e-01,-1.033546265355625104e+00
4.804303957533888059e-01,-2.292093472505902230e-01,2.724207675984529620e-01,5.433854423955385426e-01,-3.838306565105042423e-01,-1.021908055510047930e+00
5.195709738517670928e-01,-2.365012995514791383e-01,2.886540947635244381e-01,5.190529337331342141e-01,-3.920833475106365595e-01,-1.010269845664468091e+00
5.587115519501365535e-01,-2.437932518523664160e-01,3.048874219285923615e-01,4.947204250707353257e-01,-4.003360385107669894e-01,-9.986316358188909170e-01
5.978521300485147849e-01,-2.510852041532553036e-01,3.211207490936638376e-01,4.703879164083310527e-01,-4.085887295108993067e-01,-9.869934259733111892e-01
6.369927081468842456e-01,-2.583771564541426091e-01,3.373540762587317055e-01,4.460554077459321087e-01,-4.168414205110297366e-01,-9.753552161277340149e-01
6.761332862452624770e-01,-2.656691087550315244e-01,3.535874034238032371e-01,4.217228990835278357e-01,-4.250941115111620539e-01,-9.637170062821541761e-01
7.152738643436320487e-01,-2.729610610559187744e-01,3.698207305888711049e-01,3.973903904211289473e-01,-4.333468025112924837e-01,-9.520787964365770017e-01
7.544144424420102801e-01,-2.802530133568076898e-01,3.860540577539426366e-01,3.730578817587246743e-01,-4.415994935114248010e-01,-9.404405865909972739e-01
7.935550205403798518e-01,-2.875449656576949953e-01,4.022873849190105044e-01,3.487253730963257858e-01,-4.498521845115552309e-01,-9.288023767454200996e-01
8.326955986387580833e-01,-2.948369179585839106e-01,4.185207120840819806e-01,3.243928644339214573e-01,-4.581048755116875482e-01,-9.171641668998402608e-01
8.718361767371275439e-01,-3.021288702594712161e-01,4.347540392491499039e-01,3.000603557715225689e-01,-4.663575665118179780e-01,-9.055259570542630865e-01
9.109767548355057754e-01,-3.094208225603600759e-01,4.509873664142213245e-01,2.757278471091182404e-01,-4.746102575119502953e-01,-8.938877472086832476e-01
9.501173329338752360e-01,-3.167127748612473814e-01,4.672206935792892479e-01,2.513953384467193519e-01,-4.828629485120807252e-01,-8.822495373631060733e-01
9.892579110322534675e-01,-3.240047271621362968e-01,4.834540207443607240e-01,2.270628297843150789e-01,-4.911156395122130425e-01,-8.706113275175263455e-01
1.028398489130623039e+00,-3.312966794630235468e-01,4.996873479094286474e-01,2.027303211219161905e-01,-4.993683305123435279e-01,-8.589731176719491712e-01
1.050483585179860624e+00,-3.380027316609857668e-01,5.149097215466995614e-01,1.800142194986412980e-01,-5.062214013799516410e-01,-8.469938840190005536e-01
1.033181126220743540e+00,-3.433557190515754698e-01,5.277974213487605093e-01,1.610310127291287863e-01,-5.098422203064101321e-01,-8.342270974881482726e-01
1.015878667261622681e+00,-3.487087064421662830e-01,5.406851211508243438e-01,1.420478059596120279e-01,-5.134630392328695114e-01,-8.214603109572932160e-01
9.985762083025055968e-01,-3.540616938327559304e-01,5.535728209528852917e-01,1.230645991900995162e-01,-5.170838581593280026e-01,-8.086935244264409350e-01
9.812737493433847380e-01,-3.594146812233467991e-01,5.664605207549491261e-01,1.040813924205827856e-01,-5.207046770857873819e-01,-7.959267378955858785e-01
9.639712903842676539e-01,-3.647676686139364466e-01,5.793482205570100740e-01,8.509818565107026000e-02,-5.243254960122458730e-01,-7.831599513647335975e-01
9.466688314251466840e-01,-3.701206560045272598e-01,5.922359203590739085e-01,6.611497888155352942e-02,-5.279463149387051413e-01,-7.703931648338785410e-01
9.293663724660295999e-01,-3.754736433951169627e-01,6.051236201611348564e-01,4.713177211204100381e-02,-5.315671338651637434e-01,-7.576263783030263710e-01
9.120639135069086301e-01,-3.808266307857077759e-01,6.180113199631986909e-01,2.814856534252427323e-02,-5.351879527916230117e-01,-7.448595917721712034e-01
8.947614545477915460e-01,-3.861796181762974234e-01,6.308990197652596388e-01,9.165358573011761489e-03,-5.388087717180816139e-01,-7.320928052413190334e-01
8.774589955886706871e-01,-3.915326055668882921e-01,6.437867195673234733e-01,-9.817848196504969094e-03,-5.424295906445408821e-01,-7.193260187104639769e-01
8.601565366295536030e-01,-3.968855929574779395e-01,6.566744193693843101e-01,-2.880105496601748083e-02,-5.460504095709993733e-01,-7.065592321796116959e-01
8.428540776704326332e-01,-4.022385803480688082e-01,6.695621191714481446e-01,-4.778426173553421141e-02,-5.496712284974587526e-01,-6.937924456487566394e-01
8.255516187113155491e-01,-4.075915677386584557e-01,6.824498189735090925e-01,-6.676746850504675090e-02,-5.532920474239172437e-01,-6.810256591179043584e-01
8.082491597521945792e-01,-4.129445551292492689e-01,6.953375187755729270e-01,-8.575067527456345373e-02,-5.569128663503766230e-01,-6.682588725870493018e-01
7.909467007930774951e-01,-4.182975425198389718e-01,7.082252185776338749e-01,-1.047338820440759932e-01,-5.605336852768351141e-01,-6.554920860561970208e-01
7.736442418339566363e-01,-4.236505299104297850e-01,7.211129183796977093e-01,-1.237170888135927516e-01,-5.641545042032944934e-01,-6.427252995253419643e-01
7.563417828748395522e-01,-4.290035173010194325e-01,7.340006181817586572e-01,-1.427002955831052355e-01,-5.677753231297529846e-01,-6.299585129944897943e-01
7.356307512548445615e-01,-4.336753420996590780e-01,7.457121675076706646e-01,-1.611996949287138325e-01,-5.704170923350131428e-01,-6.163328701620842676e-01
6.565702023071637861e-01,-4.266867117997991121e-01,7.372898310648544618e-01,-1.714170558748682460e-01,-5.562990373101106556e-01,-5.880049294368742130e-01
5.775096533594652470e-01,-4.196980814999375919e-01,7.288674946220363715e-01,-1.816344168210249632e-01,-5.421809822852050598e-01,-5.596769887116579412e-01
4.984491044117844716e-01,-4.127094512000776261e-01,7.204451581792201686e-01,-1.918517777671793767e-01,-5.280629272603025726e-01,-5.313490479864479976e-01
4.193885554640860436e-01,-4.057208209002161059e-01,7.120228217364020784e-01,-2.020691387133360939e-01,-5.139448722353969767e-01,-5.030211072612317258e-01
3.403280065164051571e-01,-3.987321906003561400e-01,7.036004852935858755e-01,-2.122864996594905074e-01,-4.998268172104945450e-01,-4.746931665360216712e-01
2.612674575687067846e-01,-3.917435603004946754e-01,6.951781488507677853e-01,-2.225038606056471968e-01,-4.857087621855889492e-01,-4.463652258108053994e-01
1.822069086210258426e-01,-3.847549300006347095e-01,6.867558124079515824e-01,-2.327212215518016380e-01,-4.715907071606865175e-01,-4.180372850855954558e-01
1.031463596733275256e-01,-3.777662997007731893e-01,6.783334759651334922e-01,-2.429385824979583275e-01,-4.574726521357809217e-01,-3.897093443603791840e-01
2.408581072564663916e-02,-3.707776694009132235e-01,6.699111395223172893e-01,-2.531559434441127410e-01,-4.433545971108784345e-01,-3.613814036351691295e-01
-5.497473822205178884e-02,-3.637890391010517588e-01,6.614888030794991991e-01,-2.633733043902694582e-01,-4.292365420859728387e-01,-3.330534629099528576e-01
-9.419969725428543883e-02,-3.553657185433867771e-01,6.486705381770283552e-01,-2.667529197546237851e-01,-4.161468846297093349e-01,-3.123802037787918873e-01
-8.303531086914012205e-02,-3.451276111802300539e-01,6.302917190552286275e-01,-2.614832462612311503e-01,-4.043580810185246066e-01,-3.013896026858656207e-01
-7.187092448399728939e-02,-3.348895038170756622e-01,6.119128999334330077e-01,-2.562135727678396258e-01,-3.925692774073424318e-01,-2.903990015929417412e-01
-6.070653809885198648e-02,-3.246513964539189390e-01,5.935340808116332800e-01,-2.509438992744469354e-01,-3.807804737961577035e-01,-2.794084005000154192e-01
-4.954215171370915383e-02,-3.144132890907645472e-01,5.751552616898376602e-01,-2.456742257810554386e-01,-3.689916701849755842e-01,-2.684177994070915396e-01
-3.837776532856385092e-02,-3.041751817276078240e-01,5.567764425680379325e-01,-2.404045522876627483e-01,-3.572028665737908004e-01,-2.574271983141652731e-01
-2.721337894342101826e-02,-2.939370743644533768e-01,5.383976234462423127e-01,-2.351348787942712515e-01,-3.454140629626086811e-01,-2.464365972212413936e-01
-1.604899255827571536e-02,-2.836989670012967091e-01,5.200188043244425851e-01,-2.298652053008785612e-01,-3.336252593514238973e-01,-2.354459961283150715e-01
-4.884606173132882700e-03,-2.734608596381422618e-01,5.016399852026469652e-01,-2.245955318074870644e-01,-3.218364557402417780e-01,-2.244553950353911920e-01
6.279780212012434082e-03,-2.632227522749855941e-01,4.832611660808472376e-01,-2.193258583140943740e-01,-3.100476521290569942e-01,-2.134647939424648977e-01
1.744416659715525286e-02,-2.529846449118311469e-01,4.648823469590516178e-01,-2.140561848207028772e-01,-2.982588485178748750e-01,-2.024741928495410459e-01
2.860855298230056964e-02,-2.427465375486744792e-01,4.465035278372518901e-01,-2.087865113273101869e-01,-2.864700449066901466e-01,-1.914835917566147239e-01
3.977293936744340230e-02,-2.325084301855200597e-01,4.281247087154562703e-01,-2.035168378339186901e-01,-2.746812412955079719e-01,-1.804929906636908443e-01
4.022017694861881876e-02,-2.248877553615671321e-01,4.143421565619189173e-01,-1.981839958830269033e-01,-2.652706893247420150e-01,-1.727266061013651433e-01
3.562455837021151484e-02,-2.184986894332294760e-01,4.027223357108885571e-01,-1.928214305933243500e-01,-2.569792018694811997e-01,-1.664773470813406819e-01
3.102893979180318396e-02,-2.121096235048903766e-01,3.911025148598556433e-01,-1.874588653036205754e-01,-2.486877144142185247e-01,-1.602280880613148328e-01
2.643332121339587309e-02,-2.057205575765527206e-01,3.794826940088252831e-01,-1.820963000139180221e-01,-2.403962269589576817e-01,-1.539788290412903715e-01
2.183770263498754569e-02,-1.993314916482136212e-01,3.678628731577923139e-01,-1.767337347242142476e-01,-2.321047395036950067e-01,-1.477295700212645224e-01
1.724208405658023482e-02,-1.929424257198759651e-01,3.562430523067619537e-01,-1.713711694345116943e-01,-2.238132520484341914e-01,-1.414803110012400333e-01
1.264646547817190742e-02,-1.865533597915368935e-01,3.446232314557290399e-01,-1.660086041448079475e-01,-2.155217645931715165e-01,-1.352310519812141842e-01
8.050846899764596554e-03,-1.801642938631992097e-01,3.330034106046986242e-01,-1.606460388551053664e-01,-2.072302771379106734e-01,-1.289817929611897229e-01
3.455228321356265675e-03,-1.737752279348601381e-01,3.213835897536657105e-01,-1.552834735654016196e-01,-1.989387896826479984e-01,-1.227325339411638738e-01
-1.140390257051038247e-03,-1.673861620065224542e-01,3.097637689026353502e-01,-1.499209082756990385e-01,-1.906473022273871831e-01,-1.164832749211394125e-01
-5.736008835459369126e-03,-1.609970960781833826e-01,2.981439480516023810e-01,-1.445583429859952918e-01,-1.823558147721244804e-01,-1.102340159011135634e-01
-1.033162741386667999e-02,-1.546080301498456988e-01,2.865241272005720208e-01,-1.391957776962927107e-01,-1.740643273168636651e-01,-1.039847568810890882e-01
-1.492724599227500393e-02,-1.482189642215066272e-01,2.749043063495391070e-01,-1.338332124065889639e-01,-1.657728398616009902e-01,-9.773549786106323911e-02
-1.952286457068232173e-02,-1.418298982931689434e-01,2.632844854985086913e-01,-1.284706471168863828e-01,-1.574813524063401471e-01,-9.148623884103877779e-02
-2.411848314909063873e-02,-1.354408323648298718e-01,2.516646646474757776e-01,-1.231080818271826360e-01,-1.491898649510774999e-01,-8.523697982101291482e-02
-2.633501172587604869e-02,-1.303641185550518389e-01,2.423641124409699477e-01,-1.186077954416883407e-01,-1.426671999782971045e-01,-8.057351139376353610e-02
-2.498020505403841796e-02,-1.272574224312152114e-01,2.365450955507450714e-01,-1.154019060914729944e-01,-1.387997763271836271e-01,-7.829052871404564018e-02
-2.362539838220108906e-02,-1.241507263073792638e-01,2.307260786605214442e-01,-1.121960167412583420e-01,-1.349323526760710101e-01,-7.600754603432825773e-02
-2.227059171036346180e-02,-1.210440301835426363e-01,2.249070617702965402e-01,-1.089901273910429957e-01,-1.310649290249575605e-01,-7.372456335461036181e-02
-2.091578503852613291e-02,-1.179373340597066888e-01,2.190880448800729408e-01,-1.057842380408283434e-01,-1.271975053738449435e-01,-7.144158067489296549e-02
-1.956097836668850218e-02,-1.148306379358700613e-01,2.132690279898480368e-01,-1.025783486906129971e-01,-1.233300817227314661e-01,-6.915859799517506956e-02
-1.820617169485117676e-02,-1.117239418120340999e-01,2.074500110996244373e-01,-9.937245934039834472e-02,-1.194626580716188491e-01,-6.687561531545768712e-02
-1.685136502301354255e-02,-1.086172456881974724e-01,2.016309942093995333e-01,-9.616656999018299845e-02,-1.155952344205053856e-01,-6.459263263573979119e-02
-1.549655835117621713e-02,-1.055105495643615249e-01,1.958119773191759061e-01,-9.296068063996834607e-02,-1.117278107693927824e-01,-6.230964995602240875e-02
-1.414175167933858640e-02,-1.024038534405248974e-01,1.899929604289510299e-01,-8.975479128975299981e-02,-1.078603871182793050e-01,-6.002666727630451282e-02
-1.278694500750125751e-02,-9.929715731668894985e-02,1.841739435387274026e-01,-8.654890193953834743e-02,-1.039929634671666880e-01,-5.774368459658712344e-02
-1.143213833566362851e-02,-9.619046119285232233e-02,1.783549266485024987e-01,-8.334301258932300116e-02,-1.001255398160532245e-01,-5.546070191686922751e-02
-1.007733166382630136e-02,-9.308376506901636094e-02,1.725359097582788992e-01,-8.013712323910836266e-02,-9.625811616494060752e-02,-5.317771923715183813e-02
-8.722524991988670623e-03,-8.997706894517973342e-02,1.667168928680539952e-01,-7.693123388889300251e-02,-9.239069251382714398e-02,-5.089473655743394220e-02
-7.367718320151341732e-03,-8.687037282134378591e-02,1.608978759778303957e-01,-7.372534453867836401e-02,-8.852326886271452699e-02,-4.861175387771655976e-02
-6.012911648313714469e-03,-8.376367669750714451e-02,1.550788590876054918e-01,-7.051945518846300387e-02,-8.465584521160104958e-02,-4.632877119799866383e-02
-4.658104976476385578e-03,-8.065698057367121088e-02,1.492598421973818645e-01,-6.731356583824836537e-02,-8.078842156048844647e-02,-4.404578851828127445e-02
-3.303298304638754845e-03,-7.755028444983456948e-02,1.434408253071569606e-01,-6.410767648803300522e-02,-7.692099790937496906e-02,-4.176280583856337852e-02
-3.065820466424827064e-03,-7.553845243151589839e-02,1.396991081825922909e-01,-6.211160158765537120e-02,-7.436969235350279761e-02,-4.014771817112611912e-02
-3.484475566131812769e-03,-7.416956130986875062e-02,1.371772511002537498e-01,-6.082597027864610623e-02,-7.259125545230041276e-02,-3.892484083911856158e-02
-3.903130665838705667e-03,-7.280067018822190816e-02,1.346553940179157638e-01,-5.954033896963712574e-02,-7.081281855109841650e-02,-3.770196350711128158e-02
-4.321785765545691806e-03,-7.143177906657476040e-02,1.321335369355772227e-01,-5.825470766062786077e-02,-6.903438164989603165e-02,-3.647908617510372403e-02
-4.740440865252584270e-03,-7.006288794492790406e-02,1.296116798532392089e-01,-5.696907635161888028e-02,-6.725594474869403538e-02,-3.525620884309643710e-02
-5.159095964959570409e-03,-6.869399682328075629e-02,1.270898227709006678e-01,-5.568344504260961531e-02,-6.547750784749165054e-02,-3.403333151108887955e-02
-5.577751064666463740e-03,-6.732510570163391384e-02,1.245679656885626818e-01,-5.439781373360063482e-02,-6.369907094628965427e-02,-3.281045417908159956e-02
-5.996406164373449879e-03,-6.595621457998676607e-02,1.220461086062241407e-01,-5.311218242459136984e-02,-6.192063404508726249e-02,-3.158757684707404201e-02
-6.415061264080342343e-03,-6.458732345833990973e-02,1.195242515238861547e-01,-5.182655111558238936e-02,-6.014219714388526622e-02,-3.036469951506675508e-02
-6.833716363787328482e-03,-6.321843233669276196e-02,1.170023944415475997e-01,-5.054091980657311745e-02,-5.836376024268287444e-02,-2.914182218305919753e-02
-7.252371463494220946e-03,-6.184954121504591951e-02,1.144805373592096137e-01,-4.925528849756413696e-02,-5.658532334148088511e-02,-2.791894485105191059e-02
-7.671026563201114278e-03,-6.048065009339907011e-02,1.119586802768716277e-01,-4.796965718855515648e-02,-5.480688644027889578e-02,-2.669606751904462713e-02
-8.089681662908099549e-03,-5.911175897175191540e-02,1.094368231945330727e-01,-4.668402587954589844e-02,-5.302844953907650399e-02,-2.547319018703706958e-02
-8.508336762614993748e-03,-5.774286785010507295e-02,1.069149661121950867e-01,-4.539839457053691796e-02,-5.125001263787451466e-02,-2.425031285502978612e-02
-8.926991862321979887e-03,-5.637397672845792518e-02,1.043931090298565456e-01,-4.411276326152764604e-02,-4.947157573667212288e-02,-2.302743552302222857e-02
-9.345646962028872351e-03,-5.500508560681106884e-02,1.018712519475185596e-01,-4.282713195251866556e-02,-4.769313883547012661e-02,-2.180455819101494511e-02
-9.764302061735858490e-03,-5.363619448516392108e-02,9.934939486518001850e-02,-4.154150064350940752e-02,-4.591470193426773483e-02,-2.058168085900738756e-02
-1.018295716144275095e-02,-5.226730336351707862e-02,9.682753778284203250e-02,-4.025586933450042704e-02,-4.413626503306574550e-02,-1.935880352700010062e-02
-1.060161226114973709e-02,-5.089841224186992391e-02,9.430568070050347751e-02,-3.897023802549115512e-02,-4.235782813186336065e-02,-1.813592619499254655e-02
-1.102026736085662956e-02,-4.952952112022307452e-02,9.178382361816547763e-02,-3.768460671648217464e-02,-4.057939123066136439e-02,-1.691304886298525961e-02
-1.011532573634173551e-02,-4.863282075060695181e-02,9.009067511101841175e-02,-3.670920514076707331e-02,-3.943297981798599833e-02,-1.624918287958599522e-02
-8.660711658385786618e-03,-4.793221504064786032e-02,8.874167846476295474e-02,-3.586263792638651193e-02,-3.854904034601253776e-02,-1.581746701704023553e-02
-7.206097580429514197e-03,-4.723160933068861617e-02,8.739268181850720629e-02,-3.501607071200575627e-02,-3.766510087403887597e-02,-1.538575115449437869e-02
-5.751483502473565303e-03,-4.653100362072953161e-02,8.604368517225174928e-02,-3.416950349762519490e-02,-3.678116140206541540e-02,-1.495403529194861900e-02
-4.296869424517293749e-03,-4.583039791077028746e-02,8.469468852599598696e-02,-3.332293628324443924e-02,-3.589722193009176054e-02,-1.452231942940276216e-02
-2.842255346561343987e-03,-4.512979220081119597e-02,8.334569187974052995e-02,-3.247636906886387093e-02,-3.501328245811829304e-02,-1.409060356685700073e-02
-1.387641268605072434e-03,-4.442918649085195182e-02,8.199669523348476763e-02,-3.162980185448312220e-02,-3.412934298614463818e-02,-1.365888770431114389e-02
6.697280935087646103e-05,-4.372858078089286726e-02,8.064769858722931062e-02,-3.078323464010255389e-02,-3.324540351417117762e-02,-1.322717184176538420e-02
1.521586887307148014e-03,-4.302797507093361618e-02,7.929870194097356217e-02,-2.993666742572180170e-02,-3.236146404219751582e-02,-1.279545597921952736e-02
2.976200965263096909e-03,-4.232736936097453162e-02,7.794970529471810516e-02,-2.909010021134123686e-02,-3.147752457022405526e-02,-1.236374011667376593e-02
4.430815043219370197e-03,-4.162676365101528747e-02,7.660070864846234284e-02,-2.824353299696048120e-02,-3.059358509825039346e-02,-1.193202425412790910e-02
5.885429121175317357e-03,-4.092615794105619598e-02,7.525171200220688583e-02,-2.739696578257991635e-02,-2.970964562627693289e-02,-1.150030839158214940e-02
7.340043199131590645e-03,-4.022555223109695877e-02,7.390271535595113739e-02,-2.655039856819916416e-02,-2.882570615430327804e-02,-1.106859252903629257e-02
8.794657277087537806e-03,-3.952494652113786727e-02,7.255371870969568038e-02,-2.570383135381859585e-02,-2.794176668232981400e-02,-1.063687666649053287e-02
1.024927135504381109e-02,-3.882434081117862312e-02,7.120472206343991806e-02,-2.485726413943784713e-02,-2.705782721035615568e-02,-1.020516080394467603e-02
1.170388543299976172e-02,-3.812373510121953163e-02,6.985572541718446105e-02,-2.401069692505727882e-02,-2.617388773838269511e-02,-9.773444941398914607e-03
1.315849951095603154e-02,-3.742312939126028748e-02,6.850672877092869872e-02,-2.316412971067652662e-02,-2.528994826640903332e-02,-9.341729078853057769e-03
1.461311358891198217e-02,-3.672252368130120292e-02,6.715773212467324171e-02,-2.231756249629596178e-02,-2.440600879443557275e-02,-8.910013216307296341e-03
1.606772766686825199e-02,-3.602191797134195878e-02,6.580873547841749327e-02,-2.147099528191520612e-02,-2.352206932246191443e-02,-8.478297353761439503e-03
1.752234174482420262e-02,-3.532131226138286728e-02,6.445973883216202238e-02,-2.062442806753464128e-02,-2.263812985048845386e-02,-8.046581491215679810e-03
1.897695582278047591e-02,-3.462070655142362313e-02,6.311074218590627394e-02,-1.977786085315388909e-02,-2.175419037851479553e-02,-7.614865628669822972e-03
2.043156990073642307e-02,-3.392010084146453164e-02,6.176174553965081693e-02,-1.893129363877332424e-02,-2.087025090654133150e-02,-7.183149766124061544e-03
1.979509776806697222e-02,-3.348856484025748009e-02,6.098070126753288300e-02,-1.852366723560029682e-02,-2.020602063798540571e-02,-6.649762425617962783e-03
1.911502568974581331e-02,-3.306263904518045443e-02,6.021149901920101050e-02,-1.812519291588320092e-02,-1.954637139018359018e-02,-6.114255195987818720e-03
1.843495361142450176e-02,-3.263671325010333163e-02,5.944229677086896452e-02,-1.772671859616601481e-02,-1.888672214238162894e-02,-5.578747966357556695e-03
1.775488153310333939e-02,-3.221078745502630597e-02,5.867309452253709201e-02,-1.732824427644891543e-02,-1.822707289457980995e-02,-5.043240736727413499e-03
1.707480945478202783e-02,-3.178486165994919010e-02,5.790389227420504603e-02,-1.692976995673172932e-02,-1.756742364677784871e-02,-4.507733507097150608e-03
1.639473737646086893e-02,-3.135893586487216445e-02,5.713469002587318046e-02,-1.653129563701463342e-02,-1.690777439897603318e-02,-3.972226277467008279e-03
1.571466529813955737e-02,-3.093301006979504164e-02,5.636548777754113448e-02,-1.613282131729744731e-02,-1.624812515117406847e-02,-3.436719047836745387e-03
1.503459321981839500e-02,-3.050708427471801598e-02,5.559628552920926198e-02,-1.573434699758034794e-02,-1.558847590337225295e-02,-2.901211818206602192e-03
1.435452114149708344e-02,-3.008115847964089665e-02,5.482708328087721600e-02,-1.533587267786316356e-02,-1.492882665557028997e-02,-2.365704588576339300e-03
1.367444906317592281e-02,-2.965523268456387446e-02,5.405788103254534349e-02,-1.493739835814606592e-02,-1.426917740776847271e-02,-1.830197358946196104e-03
1.299437698485461125e-02,-2.922930688948675165e-02,5.328867878421330445e-02,-1.453892403842887981e-02,-1.360952815996651147e-02,-1.294690129315934080e-03
1.231430490653345061e-02,-2.880338109440972946e-02,5.251947653588143194e-02,-1.414044971871178218e-02,-1.294987891216469421e-02,-7.591828996857908837e-04
1.163423282821213905e-02,-2.837745529933261013e-02,5.175027428754938597e-02,-1.374197539899459433e-02,-1.229022966436273123e-02,-2.236756700555279920e-04
1.095416074989097842e-02,-2.795152950425558447e-02,5.098107203921752040e-02,-1.334350107927749843e-02,-1.163058041656091571e-02,3.118315595746152039e-04
1.027408867156966686e-02,-2.752560370917846513e-02,5.021186979088547442e-02,-1.294502675956031232e-02,-1.097093116875895273e-02,8.473387892048780956e-04
9.594016593248504490e-03,-2.709967791410143947e-02,4.944266754255360191e-02,-1.254655243984321294e-02,-1.031128192095713721e-02,1.382846018835020424e-03
8.913944514927192933e-03,-2.667375211902432014e-02,4.867346529422155593e-02,-1.214807812012602684e-02,-9.651632673155174230e-03,1.918353248465282448e-03
8.233872436606032297e-03,-2.624782632394729448e-02,4.790426304588968343e-02,-1.174960380040893093e-02,-8.991983425353356971e-03,2.453860478095426512e-03
7.553800358284720740e-03,-2.582190052887017515e-02,4.713506079755764439e-02,-1.135112948069174482e-02,-8.332334177551393994e-03,2.989367707725688536e-03
6.873728279963560103e-03,-2.539597473379314949e-02,4.636585854922577188e-02,-1.095265516097464718e-02,-7.672684929749578470e-03,3.524874937355832599e-03
6.193656201642248546e-03,-2.497004893871603015e-02,4.559665630089372590e-02,-1.055418084125746107e-02,-7.013035681947615493e-03,4.060382166986094624e-03
5.513584123321087910e-03,-2.454412314363900449e-02,4.482745405256186033e-02,-1.015570652154036344e-02,-6.353386434145799969e-03,4.595889396616236952e-03
4.833512044999776353e-03,-2.411819734856188516e-02,4.405825180422981435e-02,-9.757232201823177326e-03,-5.693737186343836992e-03,5.131396626246500711e-03
4.153439966678613982e-03,-2.369227155348485950e-02,4.328904955589793491e-02,-9.358757882106079687e-03,-5.034087938542021468e-03,5.666903855876643040e-03
3.473367888357302424e-03,-2.326634575840774016e-02,4.251984730756589587e-02,-8.960283562388893577e-03,-4.374438690740056757e-03,6.202411085506905064e-03
2.793295810036143523e-03,-2.284041996333071450e-02,4.175064505923402336e-02,-8.561809242671795939e-03,-3.714789442938241232e-03,6.737918315137049127e-03
2.113223731714831966e-03,-2.241449416825359864e-02,4.098144281090197738e-02,-8.163334922954609829e-03,-3.055140195136279990e-03,7.273425544767311152e-03
1.433151653393669595e-03,-2.198856837317657298e-02,4.021224056257011181e-02,-7.764860603237512190e-03,-2.395490947334460996e-03,7.808932774397455215e-03
7.530795750723580373e-04,-2.156264257809945017e-02,3.944303831423806583e-02,-7.366386283520326081e-03,-1.735841699532499754e-03,8.344440004027717239e-03
7.300749675119913573e-05,-2.113671678302242452e-02,3.867383606590619333e-02,-6.967911963803228442e-03,-1.076192451730684230e-03,8.879947233657859568e-03
-6.070645815701124215e-04,-2.071079098794530865e-02,3.790463381757415429e-02,-6.569437644086042333e-03,-4.165432039287195187e-04,9.415454463288123327e-03
-1.287136659891274792e-03,-2.028486519286828299e-02,3.713543156924227484e-02,-6.170963324368944694e-03,2.431060438730960060e-04,9.950961692918265655e-03
-1.967208738212586350e-03,-1.985893939779116019e-02,3.636622932091023580e-02,-5.772489004651758585e-03,9.027552916750572476e-04,1.048646892254852941e-02
-2.647280816533745251e-03,-1.943301360271413453e-02,3.559702707257836329e-02,-5.374014684934660946e-03,1.562404539476876242e-03,1.102197615217867174e-02
-3.327352894855056809e-03,-1.900708780763701866e-02,3.482782482424631731e-02,-4.975540365217474836e-03,2.222053787278837483e-03,1.155748338180893550e-02
-4.007424973176219180e-03,-1.858116201255999300e-02,3.405862257591445175e-02,-4.577066045500377198e-03,2.881703035080653008e-03,1.209299061143907783e-02
-4.687497051497530737e-03,-1.815523621748287367e-02,3.328942032758240577e-02,-4.178591725783191088e-03,3.541352282882617719e-03,1.262849784106933812e-02
-5.367569129818693108e-03,-1.772931042240584801e-02,3.252021807925053326e-02,-3.780117406066093450e-03,4.201001530684433244e-03,1.316400507069948392e-02
-6.047641208140004665e-03,-1.730338462732872867e-02,3.175101583091849422e-02,-3.381643086348907340e-03,4.860650778486394485e-03,1.369951230032974421e-02
-6.727713286461163567e-03,-1.687745883225170301e-02,3.098181358258661824e-02,-2.983168766631807967e-03,5.520300026288213480e-03,1.423501952995989001e-02
-7.407785364782475124e-03,-1.645153303717458368e-02,3.021261133425457573e-02,-2.584694446914621857e-03,6.179949274090174721e-03,1.477052675959015030e-02
-8.087857443103637495e-03,-1.602560724209755802e-02,2.944340908592270323e-02,-2.186220127197525953e-03,6.839598521891990246e-03,1.530603398922029609e-02
-8.767929521424949052e-03,-1.559968144702043868e-02,2.867420683759065725e-02,-1.787745807480339844e-03,7.499247769693954957e-03,1.584154121885055638e-02
-9.448001599746107954e-03,-1.517375565194341303e-02,2.790500458925878474e-02,-1.389271487763240470e-03,8.158897017495770482e-03,1.637704844848069871e-02
-1.012807367806741951e-02,-1.474782985686629369e-02,2.713580234092674570e-02,-9.907971680460543606e-04,8.818546265297731723e-03,1.691255567811096247e-02
-1.080814575638857841e-02,-1.432190406178926803e-02,2.636660009259487319e-02,-5.923228483289584567e-04,9.478195513099550717e-03,1.744806290774110480e-02
-1.148821783470988997e-02,-1.389597826671214870e-02,2.559739784426282722e-02,-1.938485286117723472e-04,1.013784476090151196e-02,1.798357013737136856e-02
-1.140294763105231812e-02,-1.366510366980348314e-02,2.516421036102034492e-02,1.098359076016468543e-04,1.056522761663555160e-02,1.830397112960150535e-02
-1.106320792993047489e-02,-1.349908186039507768e-02,2.484274479675114070e-02,3.820035511483772708e-04,1.091538396410095257e-02,1.855285121227026254e-02
-1.072346822880870972e-02,-1.333306005098671039e-02,2.452127923248200586e-02,6.541711946950472430e-04,1.126554031156627549e-02,1.880173129493896422e-02
-1.038372852768694281e-02,-1.316703824157834136e-02,2.419981366821287103e-02,9.263388382417172152e-04,1.161569665903159840e-02,1.905061137760766937e-02
-1.004398882656502671e-02,-1.300101643216989948e-02,2.387834810394359394e-02,1.198506481788508184e-03,1.196585300649707743e-02,1.929949146027648207e-02
-9.704249125443259807e-03,-1.283499462276153219e-02,2.355688253967445911e-02,1.470674125335178157e-03,1.231600935396240035e-02,1.954837154294518722e-02
-9.364509424321494635e-03,-1.266897281335316490e-02,2.323541697540532427e-02,1.742841768881848129e-03,1.266616570142772152e-02,1.979725162561388890e-02
-9.024769723199727728e-03,-1.250295100394479587e-02,2.291395141113618944e-02,2.015009412428518318e-03,1.301632204889304444e-02,2.004613170828259405e-02
-8.685030022077811634e-03,-1.233692919453635399e-02,2.259248584686691236e-02,2.287177055975309070e-03,1.336647839635852347e-02,2.029501179095140675e-02
-8.345290320956044727e-03,-1.217090738512798670e-02,2.227102028259777752e-02,2.559344699521978826e-03,1.371663474382384638e-02,2.054389187362010843e-02
-8.005550619834279555e-03,-1.200488557571961767e-02,2.194955471832864269e-02,2.831512343068649015e-03,1.406679109128916930e-02,2.079277195628881358e-02
-7.665810918712512648e-03,-1.183886376631125038e-02,2.162808915405950785e-02,3.103679986615319204e-03,1.441694743875449047e-02,2.104165203895751526e-02
-7.326071217590595687e-03,-1.167284195690280850e-02,2.130662358979022730e-02,3.375847630162109956e-03,1.476710378621996951e-02,2.129053212162632797e-02
-6.986331516468829647e-03,-1.150682014749444121e-02,2.098515802552109594e-02,3.648015273708779711e-03,1.511726013368529242e-02,2.153941220429503312e-02
-6.646591815347063607e-03,-1.134079833808607218e-02,2.066369246125196110e-02,3.920182917255449900e-03,1.546741648115061533e-02,2.178829228696373480e-02
-6.306852114225297568e-03,-1.117477652867770489e-02,2.034222689698282627e-02,4.192350560802120089e-03,1.581757282861593825e-02,2.203717236963243994e-02
-5.967112413103380607e-03,-1.100875471926926301e-02,2.002076133271354919e-02,4.464518204348910842e-03,1.616772917608141555e-02,2.228605245230125265e-02
-5.627372711981614567e-03,-1.084273290986089572e-02,1.969929576844441088e-02,4.736685847895581031e-03,1.651788552354674020e-02,2.253493253496995780e-02
-5.287633010859848527e-03,-1.067671110045252669e-02,1.937783020417527952e-02,5.008853491442251220e-03,1.686804187101206137e-02,2.278381261763865948e-02
-4.947893309738082487e-03,-1.051068929104415940e-02,1.905636463990614121e-02,5.281021134988920541e-03,1.721819821847738602e-02,2.303269270030736116e-02
-4.608153608616165527e-03,-1.034466748163571752e-02,1.873489907563686413e-02,5.553188778535711294e-03,1.756835456594286332e-02,2.328157278297617733e-02
-4.268413907494399487e-03,-1.017864567222735023e-02,1.841343351136773276e-02,5.825356422082381483e-03,1.791851091340818797e-02,2.353045286564487901e-02
-3.928674206372633447e-03,-1.001262386281898120e-02,1.809196794709859446e-02,6.097524065629051672e-03,1.826866726087350914e-02,2.377933294831358416e-02
-3.588934505250867407e-03,-9.846602053410612176e-03,1.777050238282946309e-02,6.369691709175721861e-03,1.861882360833883032e-02,2.402821303098228584e-02
-3.249194804128949579e-03,-9.680580244002170293e-03,1.744903681856018601e-02,6.641859352722512613e-03,1.896897995580430762e-02,2.427709311365110201e-02
-2.909455103007184407e-03,-9.514558434593804737e-03,1.712757125429104771e-02,6.914026996269182802e-03,1.931913630326963227e-02,2.452597319631980369e-02
-2.569715401885417499e-03,-9.348536625185435711e-03,1.680610569002191634e-02,7.186194639815852124e-03,1.966929265073495692e-02,2.477485327898850537e-02
-2.229975700763652327e-03,-9.182514815777066686e-03,1.648464012575277804e-02,7.458362283362522313e-03,2.001944899820027809e-02,2.502373336165721052e-02
-1.890235999641734499e-03,-9.016493006368624802e-03,1.616317456148350096e-02,7.730529926909313933e-03,2.036960534566575887e-02,2.527261344432602322e-02
-1.550496298519969327e-03,-8.850471196960257511e-03,1.584170899721436959e-02,8.002697570455984122e-03,2.071976169313107657e-02,2.552149352699472490e-02
-1.210756597398202419e-03,-8.684449387551890220e-03,1.552024343294523302e-02,8.274865214002651709e-03,2.106991804059640122e-02,2.577037360966343005e-02
-8.710168962764372469e-04,-8.518427578143521195e-03,1.519877786867609819e-02,8.547032857549322765e-03,2.142007438806172587e-02,2.601925369233213520e-02
-5.312771951545194188e-04,-8.352405768735079311e-03,1.487731230440682111e-02,8.819200501096115252e-03,2.177023073552720317e-02,2.626813377500094443e-02
-1.915374940327542463e-04,-8.186383959326712020e-03,1.455584674013768627e-02,9.091368144642782839e-03,2.212038708299252782e-02,2.651701385766964958e-02
1.482022070890126608e-04,-8.020362149918344730e-03,1.423438117586855144e-02,9.363535788189453896e-03,2.247054343045784899e-02,2.676589394033835473e-02
4.879419082107778333e-04,-7.854340340509975704e-03,1.391291561159941660e-02,9.635703431736124952e-03,2.282069977792317017e-02,2.701477402300705641e-02
8.276816093326956614e-04,-7.688318531101534688e-03,1.359145004733013778e-02,9.907871075282913970e-03,2.317085612538864747e-02,2.726365410567586911e-02
1.167421310454462569e-03,-7.522296721693166530e-03,1.326998448306100295e-02,1.018003871882958503e-02,2.352101247285397212e-02,2.751253418834457426e-02
1.507161011576227741e-03,-7.356274912284798372e-03,1.294851891879186985e-02,1.045220636237625608e-02,2.387116882031929677e-02,2.776141427101327594e-02
1.846900712697994648e-03,-7.190253102876430213e-03,1.262705335452273502e-02,1.072437400592292367e-02,2.422132516778461794e-02,2.801029435368197762e-02
2.186640413819910742e-03,-7.024231293467988330e-03,1.230558779025345620e-02,1.099654164946971616e-02,2.457148151525009525e-02,2.825917443635079379e-02
2.526380114941677649e-03,-6.858209484059620172e-03,1.198412222598432136e-02,1.126870929301638721e-02,2.492163786271541642e-02,2.850805451901949894e-02
2.866119816063442821e-03,-6.692187674651252881e-03,1.166265666171518653e-02,1.154087693656305480e-02,2.527179421018074107e-02,2.875693460168820062e-02
3.205859517185209728e-03,-6.526165865242884723e-03,1.134119109744605169e-02,1.181304458010972586e-02,2.562195055764606572e-02,2.900581468435690230e-02
3.545599218307125822e-03,-6.360144055834442839e-03,1.101972553317677461e-02,1.208521222365651834e-02,2.597210690511154302e-02,2.925469476702571847e-02
3.885338919428892729e-03,-6.194122246426074681e-03,1.069825996890763978e-02,1.235737986720318593e-02,2.632226325257686420e-02,2.950357484969442015e-02
4.225078620550657901e-03,-6.028100437017706523e-03,1.037679440463850494e-02,1.262954751074985699e-02,2.667241960004218884e-02,2.975245493236312183e-02
4.564818321672424808e-03,-5.862078627609339232e-03,1.005532884036937011e-02,1.290171515429652804e-02,2.702257594750751002e-02,3.000133501503182698e-02
4.904558022794340902e-03,-5.696056818200897348e-03,9.733863276100093026e-03,1.317388279784331706e-02,2.737273229497299079e-02,3.025021509770063968e-02
5.244297723916107809e-03,-5.530035008792528323e-03,9.412397711830958191e-03,1.344605044138998812e-02,2.772288864243831197e-02,3.049909518036934136e-02
5.314801377507900014e-03,-5.349515603113245109e-03,9.070187400933266142e-03,1.374792763474219810e-02,2.817593998395278090e-02,3.086806983958970130e-02
4.971699031535417937e-03,-5.146724689394619606e-03,8.696108580064103658e-03,1.409544525461551429e-02,2.878706074913933710e-02,3.142153627780328723e-02
4.628596685562934993e-03,-4.943933775675994104e-03,8.322029759194941173e-03,1.444296287448883047e-02,2.939818151432589677e-02,3.197500271601686622e-02
4.285494339590301127e-03,-4.741142861957278395e-03,7.947950938325612155e-03,1.479048049436229931e-02,3.000930227951272705e-02,3.252846915423069502e-02
3.942391993617818183e-03,-4.538351948238652893e-03,7.573872117456450538e-03,1.513799811423561549e-02,3.062042304469928672e-02,3.308193559244427401e-02
3.599289647645336106e-03,-4.335561034520027390e-03,7.199793296587288054e-03,1.548551573410893167e-02,3.123154380988584639e-02,3.363540203065785994e-02
3.256187301672854029e-03,-4.132770120801401888e-03,6.825714475718126437e-03,1.583303335398224612e-02,3.184266457507240605e-02,3.418886846887143893e-02
2.913084955700219296e-03,-3.929979207082686180e-03,6.451635654848797419e-03,1.618055097385571670e-02,3.245378534025923634e-02,3.474233490708526773e-02
2.569982609727736785e-03,-3.727188293364060677e-03,6.077556833979634934e-03,1.652806859372903461e-02,3.306490610544579600e-02,3.529580134529885366e-02
2.226880263755254708e-03,-3.524397379645434741e-03,5.703478013110472450e-03,1.687558621360234906e-02,3.367602687063235567e-02,3.584926778351243265e-02
1.883777917782772197e-03,-3.321606465926809238e-03,5.329399192241309965e-03,1.722310383347566351e-02,3.428714763581891534e-02,3.640273422172601858e-02
1.540675571810137465e-03,-3.118815552208093530e-03,4.955320371371981815e-03,1.757062145334913408e-02,3.489826840100574562e-02,3.695620065993984737e-02
1.197573225837655388e-03,-2.916024638489468027e-03,4.581241550502819330e-03,1.791813907322244853e-02,3.550938916619230529e-02,3.750966709815342637e-02
8.544708798651733106e-04,-2.713233724770842525e-03,4.207162729633657713e-03,1.826565669309576645e-02,3.612050993137885802e-02,3.806313353636701230e-02
5.113685338926903662e-04,-2.510442811052217022e-03,3.833083908764495229e-03,1.861317431296908090e-02,3.673163069656541768e-02,3.861659997458059129e-02
1.682661879200556335e-04,-2.307651897333501314e-03,3.459005087895166211e-03,1.896069193284255147e-02,3.734275146175225490e-02,3.917006641279442009e-02
-1.748361580524264436e-04,-2.104860983614875811e-03,3.084926267026004594e-03,1.930820955271586592e-02,3.795387222693881457e-02,3.972353285100800602e-02
-5.179385040249085206e-04,-1.902070069896250309e-03,2.710847446156842110e-03,1.965572717258918384e-02,3.856499299212536730e-02,4.027699928922158501e-02
-8.610408499973905977e-04,-1.699279156177624373e-03,2.336768625287679625e-03,2.000324479246249829e-02,3.917611375731192697e-02,4.083046572743517094e-02
-1.204143195970025330e-03,-1.496488242458908664e-03,1.962689804418351475e-03,2.035076241233596886e-02,3.978723452249875725e-02,4.138393216564899280e-02
-1.547245541942508275e-03,-1.293697328740283162e-03,1.588610983549188990e-03,2.069828003220928331e-02,4.039835528768531692e-02,4.193739860386257873e-02
-1.890347887914990352e-03,-1.090906415021657659e-03,1.214532162680026506e-03,2.104579765208260123e-02,4.100947605287187658e-02,4.249086504207616466e-02
-2.233450233887472429e-03,-8.881155013030321566e-04,8.404533418108640214e-04,2.139331527195591567e-02,4.162059681805843625e-02,4.304433148028974365e-02
-2.576552579860108029e-03,-6.853245875843164484e-04,4.663745209415350035e-04,2.174083289182938625e-02,4.223171758324526653e-02,4.359779791850357245e-02
-2.919654925832589239e-03,-4.825336738656909458e-04,9.229570007237425378e-05,2.208835051170270070e-02,4.284283834843182620e-02,4.415126435671715144e-02
-3.262757271805072183e-03,-2.797427601470654432e-04,-2.817831207967882307e-04,2.243586813157601861e-02,4.345395911361838587e-02,4.470473079493073737e-02
-3.605859617777553393e-03,-7.695184642843994061e-05,-6.558619416659507151e-04,2.278338575144933306e-02,4.406507987880494553e-02,4.525819723314432330e-02
-3.948961963750188993e-03,1.258390672902757676e-04,-1.029940762535279733e-03,2.313090337132280364e-02,4.467620064399177582e-02,4.581166367135814516e-02
-4.292064309722671937e-03,3.286299810089012702e-04,-1.404019583404442217e-03,2.347842099119611808e-02,4.528732140917833549e-02,4.636513010957173109e-02
-4.635166655695153147e-03,5.314208947275267728e-04,-1.778098404273604702e-03,2.382593861106943600e-02,4.589844217436489515e-02,4.691859654778531008e-02
-4.978269001667636091e-03,7.342118084461522753e-04,-2.152177225142767186e-03,2.417345623094275045e-02,4.650956293955145482e-02,4.747206298599889601e-02
-5.321371347640269957e-03,9.370027221648679835e-04,-2.526256046012094469e-03,2.452097385081622102e-02,4.712068370473827816e-02,4.802552942421272480e-02
-5.664473693612752901e-03,1.139793635883493486e-03,-2.900334866881256954e-03,2.486849147068953547e-02,4.773180446992483783e-02,4.857899586242631074e-02
-6.007576039585235846e-03,1.342584549602118989e-03,-3.274413687750419438e-03,2.521600909056285339e-02,4.834292523511139750e-02,4.913246230063988973e-02
-6.350678385557717055e-03,1.545375463320744491e-03,-3.648492508619581923e-03,2.556352671043616784e-02,4.895404600029795716e-02,4.968592873885346872e-02
-6.693780731530352655e-03,1.748166377039460199e-03,-4.022571329488910941e-03,2.591104433030963841e-02,4.956516676548479439e-02,5.023939517706729752e-02
-7.036883077502833865e-03,1.950957290758085702e-03,-4.396650150358073425e-03,2.625856195018295286e-02,5.017628753067135405e-02,5.079286161528087651e-02
-7.379985423475316809e-03,2.153748204476712072e-03,-4.770728971227235909e-03,2.660607957005627078e-02,5.078740829585790678e-02,5.134632805349446244e-02
-7.723087769447799754e-03,2.356539118195337575e-03,-5.144807792096396659e-03,2.695359718992958523e-02,5.139852906104446645e-02,5.189979449170804837e-02
-8.066190115420434487e-03,2.559330031914053283e-03,-5.518886612965725677e-03,2.730111480980305580e-02,5.200964982623129673e-02,5.245326092992187716e-02
-8.409292461392915696e-03,2.762120945632677918e-03,-5.892965433834888161e-03,2.764863242967637025e-02,5.262077059141785640e-02,5.300672736813545616e-02
-8.752394807365396906e-03,2.964911859351304288e-03,-6.267044254704050646e-03,2.799615004954968817e-02,5.323189135660441607e-02,5.356019380634903515e-02
-9.095497153337881585e-03,3.167702773069928923e-03,-6.641123075573213130e-03,2.834366766942300261e-02,5.384301212179097573e-02,5.411366024456262108e-02
-9.438599499310515450e-03,3.370493686788645499e-03,-7.015201896442540414e-03,2.869118528929647319e-02,5.445413288697780602e-02,5.466712668277644988e-02
-9.781701845282996660e-03,3.573284600507270134e-03,-7.389280717311704633e-03,2.903870290916978764e-02,5.506525365216436568e-02,5.522059312099003581e-02
-1.012480419125548134e-02,3.776075514225896504e-03,-7.763359538180865382e-03,2.938622052904310555e-02,5.567637441735092535e-02,5.577405955920361480e-02
-1.046790653722796255e-02,3.978866427944521139e-03,-8.137438359050029602e-03,2.973373814891642000e-02,5.628749518253747808e-02,5.632752599741719379e-02
-1.081100888320059641e-02,4.181657341663237715e-03,-8.511517179919356885e-03,3.008125576878989058e-02,5.689861594772431530e-02,5.688099243563102259e-02
-1.115411122917307762e-02,4.384448255381862350e-03,-8.885596000788517634e-03,3.042877338866320502e-02,5.750973671291087497e-02,5.743445887384460852e-02
-1.149721357514555883e-02,4.587239169100488720e-03,-9.259674821657681854e-03,3.077629100853652294e-02,5.812085747809743463e-02,5.798792531205819445e-02
-1.184031592111804351e-02,4.790030082819115090e-03,-9.633753642526842603e-03,3.112380862840983739e-02,5.873197824328399430e-02,5.854139175027177344e-02
-1.183341195118952673e-02,4.983278321283988836e-03,-9.947506941179976026e-03,3.117292965355946549e-02,5.883213894971134339e-02,5.865768254428139344e-02
-1.169535352990352418e-02,5.172950726169458710e-03,-1.023865504555594719e-02,3.111023543455456938e-02,5.874083257932310315e-02,5.861015477514639610e-02
-1.155729510861751991e-02,5.362623131054929451e-03,-1.052980314993192008e-02,3.104754121554967328e-02,5.864952620893486290e-02,5.856262700601139876e-02
-1.141923668733151737e-02,5.552295535940400192e-03,-1.082095125430789298e-02,3.098484699654477717e-02,5.855821983854662266e-02,5.851509923687640141e-02
-1.128117826604545237e-02,5.741967940825955068e-03,-1.111209935868399425e-02,3.092215277753985331e-02,5.846691346815834078e-02,5.846757146774138325e-02
-1.114311984475944810e-02,5.931640345711425809e-03,-1.140324746305996714e-02,3.085945855853495720e-02,5.837560709777009360e-02,5.842004369860638591e-02
-1.100506142347344556e-02,6.121312750596895683e-03,-1.169439556743594004e-02,3.079676433953006109e-02,5.828430072738185336e-02,5.837251592947138856e-02
-1.086700300218744128e-02,6.310985155482366424e-03,-1.198554367181191294e-02,3.073407012052516499e-02,5.819299435699361311e-02,5.832498816033639122e-02
-1.072894458090137629e-02,6.500657560367921299e-03,-1.227669177618801420e-02,3.067137590152024113e-02,5.810168798660533124e-02,5.827746039120136612e-02
-1.059088615961537375e-02,6.690329965253392040e-03,-1.256783988056398710e-02,3.060868168251534502e-02,5.801038161621709099e-02,5.822993262206636877e-02
-1.045282773832937120e-02,6.880002370138861914e-03,-1.285898798493995826e-02,3.054598746351044891e-02,5.791907524582884381e-02,5.818240485293137143e-02
-1.031476931704336693e-02,7.069674775024332655e-03,-1.315013608931593116e-02,3.048329324450555280e-02,5.782776887544060357e-02,5.813487708379637409e-02
-1.017671089575730194e-02,7.259347179909887531e-03,-1.344128419369203242e-02,3.042059902550062894e-02,5.773646250505232169e-02,5.808734931466135593e-02
-1.003865247447129939e-02,7.449019584795358272e-03,-1.373243229806800532e-02,3.035790480649573284e-02,5.764515613466408145e-02,5.803982154552635858e-02
-9.900594053185295118e-03,7.638691989680828145e-03,-1.402358040244397822e-02,3.029521058749083673e-02,5.755384976427584121e-02,5.799229377639136124e-02
-9.762535631899292576e-03,7.828364394566298887e-03,-1.431472850681994938e-02,3.023251636848594409e-02,5.746254339388759402e-02,5.794476600725636389e-02
-9.624477210613227585e-03,8.018036799451854629e-03,-1.460587661119605238e-02,3.016982214948101676e-02,5.737123702349931215e-02,5.789723823812134573e-02
-9.486418789327223308e-03,8.207709204337325370e-03,-1.489702471557202354e-02,3.010712793047612412e-02,5.727993065311107190e-02,5.784971046898634839e-02
-9.348360368041220766e-03,8.397381609222796112e-03,-1.518817281994799644e-02,3.004443371147122802e-02,5.718862428272283166e-02,5.780218269985135104e-02
-9.210301946755216490e-03,8.587054014108265118e-03,-1.547932092432396933e-02,2.998173949246633191e-02,5.709731791233459142e-02,5.775465493071635370e-02
-9.072243525469151498e-03,8.776726418993820861e-03,-1.577046902870007233e-02,2.991904527346140805e-02,5.700601154194630260e-02,5.770712716158133554e-02
-8.934185104183148957e-03,8.966398823879291602e-03,-1.606161713307604350e-02,2.985635105445651194e-02,5.691470517155806236e-02,5.765959939244633820e-02
-8.796126682897146415e-03,9.156071228764762343e-03,-1.635276523745201466e-02,2.979365683545161583e-02,5.682339880116982211e-02,5.761207162331134085e-02
-8.658068261611142138e-03,9.345743633650233084e-03,-1.664391334182798929e-02,2.973096261644671973e-02,5.673209243078158187e-02,5.756454385417634351e-02
-8.520009840325077147e-03,9.535416038535787092e-03,-1.693506144620408882e-02,2.966826839744179586e-02,5.664078606039329999e-02,5.751701608504131841e-02
-8.381951419039074605e-03,9.725088443421257833e-03,-1.722620955058006345e-02,2.960557417843689976e-02,5.654947969000505281e-02,5.746948831590632106e-02
-8.243892997753070329e-03,9.914760848306728575e-03,-1.751735765495603461e-02,2.954287995943200365e-02,5.645817331961681257e-02,5.742196054677132372e-02
-8.105834576467067787e-03,1.010443325319219932e-02,-1.780850575933200924e-02,2.948018574042710754e-02,5.636686694922857233e-02,5.737443277763632637e-02
-7.967776155181002795e-03,1.029410565807775332e-02,-1.809965386370810878e-02,2.941749152142218368e-02,5.627556057884029045e-02,5.732690500850130821e-02
-7.829717733895000253e-03,1.048377806296322406e-02,-1.839080196808408341e-02,2.935479730241728757e-02,5.618425420845205021e-02,5.727937723936631087e-02
-7.691659312608995977e-03,1.067345046784869481e-02,-1.868195007246005457e-02,2.929210308341239147e-02,5.609294783806380302e-02,5.723184947023131353e-02
-7.553600891322992568e-03,1.086312287273416555e-02,-1.897309817683602573e-02,2.922940886440749536e-02,5.600164146767556278e-02,5.718432170109631618e-02
-7.415542470036927576e-03,1.105279527761971956e-02,-1.926424628121212873e-02,2.916671464540257150e-02,5.591033509728728090e-02,5.713679393196129802e-02
-7.277484048750924167e-03,1.124246768250519030e-02,-1.955539438558809989e-02,2.910402042639767539e-02,5.581902872689904066e-02,5.708926616282630068e-02
-7.139425627464920758e-03,1.143214008739066104e-02,-1.984654248996407105e-02,2.904132620739277929e-02,5.572772235651080042e-02,5.704173839369130333e-02
-7.001367206178917349e-03,1.162181249227613178e-02,-2.013769059434004569e-02,2.897863198838788318e-02,5.563641598612255323e-02,5.699421062455630599e-02
-6.863308784892852357e-03,1.181148489716168579e-02,-2.042883869871614522e-02,2.891593776938295932e-02,5.554510961573427136e-02,5.694668285542128783e-02
-6.725250363606848948e-03,1.200115730204715653e-02,-2.071998680309211985e-02,2.885324355037806321e-02,5.545380324534603111e-02,5.689915508628629048e-02
-6.587191942320845539e-03,1.219082970693262727e-02,-2.101113490746809448e-02,2.879054933137316710e-02,5.536249687495779087e-02,5.685162731715129314e-02
-6.449133521034842130e-03,1.238050211181809801e-02,-2.130228301184406564e-02,2.872785511236827100e-02,5.527119050456955063e-02,5.680409954801629580e-02
-6.311075099748778006e-03,1.257017451670365202e-02,-2.159343111622016864e-02,2.866516089336334713e-02,5.517988413418126181e-02,5.675657177888127070e-02
-6.173016678462774597e-03,1.275984692158912276e-02,-2.188457922059613980e-02,2.860246667435845103e-02,5.508857776379302157e-02,5.670904400974627335e-02
-6.034958257176771187e-03,1.294951932647459350e-02,-2.217572732497211097e-02,2.853977245535355492e-02,5.499727139340478133e-02,5.666151624061127601e-02
-5.896899835890767778e-03,1.313919173136006424e-02,-2.246687542934808213e-02,2.847707823634865881e-02,5.490596502301654108e-02,5.661398847147627866e-02
-5.758841414604702787e-03,1.332886413624561825e-02,-2.275802353372418513e-02,2.841438401734373495e-02,5.481465865262825921e-02,5.656646070234126050e-02
-5.620782993318699378e-03,1.351853654113108899e-02,-2.304917163810015629e-02,2.835168979833883884e-02,5.472335228224001202e-02,5.651893293320626316e-02
-5.482724572032695969e-03,1.370820894601655973e-02,-2.334031974247613092e-02,2.828899557933394274e-02,5.463204591185177178e-02,5.647140516407126581e-02
-5.344666150746692559e-03,1.389788135090203047e-02,-2.363146784685210555e-02,2.822630136032904663e-02,5.454073954146353154e-02,5.642387739493626847e-02
-5.206607729460627568e-03,1.408755375578758448e-02,-2.392261595122820508e-02,2.816360714132412277e-02,5.444943317107524966e-02,5.637634962580125031e-02
-5.082510958401116434e-03,1.432679802874587890e-02,-2.427937631236359167e-02,2.798554215660298619e-02,5.417473603744898253e-02,5.617265762030811821e-02
-4.961894454295665870e-03,1.457839924601412110e-02,-2.465249205880828617e-02,2.777871831766913838e-02,5.385432447875863199e-02,5.593003803659568618e-02
-4.841277950190214438e-03,1.483000046328236156e-02,-2.502560780525297721e-02,2.757189447873529056e-02,5.353391292006828145e-02,5.568741845288326109e-02
-4.720661446084710097e-03,1.508160168055071478e-02,-2.539872355169783824e-02,2.736507063980134907e-02,5.321350136137779213e-02,5.544479886917071804e-02
-4.600044941979259533e-03,1.533320289781895697e-02,-2.577183929814252927e-02,2.715824680086750126e-02,5.289308980268744853e-02,5.520217928545828601e-02
-4.479428437873808969e-03,1.558480411508719916e-02,-2.614495504458722377e-02,2.695142296193365344e-02,5.257267824399709799e-02,5.495955970174585398e-02
-4.358811933768358404e-03,1.583640533235543962e-02,-2.651807079103191828e-02,2.674459912299980563e-02,5.225226668530674745e-02,5.471694011803342195e-02
-4.238195429662854063e-03,1.608800654962379284e-02,-2.689118653747677584e-02,2.653777528406586414e-02,5.193185512661625813e-02,5.447432053432088583e-02
-4.117578925557403499e-03,1.633960776689203503e-02,-2.726430228392147034e-02,2.633095144513201633e-02,5.161144356792591453e-02,5.423170095060845380e-02
-3.996962421451952067e-03,1.659120898416027723e-02,-2.763741803036616138e-02,2.612412760619816851e-02,5.129103200923556399e-02,5.398908136689602177e-02
-3.876345917346501503e-03,1.684281020142851942e-02,-2.801053377681085588e-02,2.591730376726432070e-02,5.097062045054521345e-02,5.374646178318358974e-02
-3.755729413240997162e-03,1.709441141869687264e-02,-2.838364952325571344e-02,2.571047992833038268e-02,5.065020889185472414e-02,5.350384219947105363e-02
-3.635112909135546598e-03,1.734601263596511483e-02,-2.875676526970040794e-02,2.550365608939653486e-02,5.032979733316438054e-02,5.326122261575862160e-02
-3.514496405030095600e-03,1.759761385323335356e-02,-2.912988101614510245e-02,2.529683225046268705e-02,5.000938577447403000e-02,5.301860303204618957e-02
-3.393879900924644602e-03,1.784921507050159575e-02,-2.950299676258979348e-02,2.509000841152883923e-02,4.968897421578367946e-02,5.277598344833375754e-02
-3.273263396819140261e-03,1.810081628776994897e-02,-2.987611250903465451e-02,2.488318457259489774e-02,4.936856265709319014e-02,5.253336386462122143e-02
-3.152646892713689697e-03,1.835241750503819116e-02,-3.024922825547934555e-02,2.467636073366104993e-02,4.904815109840284654e-02,5.229074428090878940e-02
-3.032030388608238699e-03,1.860401872230643336e-02,-3.062234400192404005e-02,2.446953689472720211e-02,4.872773953971249600e-02,5.204812469719635737e-02
-2.911413884502788135e-03,1.885561993957467208e-02,-3.099545974836873108e-02,2.426271305579335430e-02,4.840732798102214546e-02,5.180550511348392534e-02
-2.790797380397283794e-03,1.910722115684302877e-02,-3.136857549481358864e-02,2.405588921685941628e-02,4.808691642233165614e-02,5.156288552977138229e-02
-2.670180876291832796e-03,1.935882237411126749e-02,-3.174169124125828662e-02,2.384906537792556847e-02,4.776650486364131254e-02,5.132026594605895720e-02
-2.549564372186382231e-03,1.961042359137950969e-02,-3.211480698770297765e-02,2.364224153899172065e-02,4.744609330495096200e-02,5.107764636234652517e-02
-2.428947868080931233e-03,1.986202480864775188e-02,-3.248792273414767562e-02,2.343541770005787284e-02,4.712568174626061146e-02,5.083502677863409314e-02
-2.308331363975426893e-03,2.011362602591610510e-02,-3.286103848059253318e-02,2.322859386112393135e-02,4.680527018757012214e-02,5.059240719492155008e-02
-2.187714859869976328e-03,2.036522724318434729e-02,-3.323415422703722422e-02,2.302177002219008353e-02,4.648485862887977160e-02,5.034978761120911805e-02
-2.067098355764525330e-03,2.061682846045258949e-02,-3.360726997348191525e-02,2.281494618325623572e-02,4.616444707018942800e-02,5.010716802749669296e-02
-1.946481851659074766e-03,2.086842967772083168e-02,-3.398038571992660628e-02,2.260812234432238790e-02,4.584403551149907746e-02,4.986454844378426093e-02
-1.825865347553570425e-03,2.112003089498918490e-02,-3.435350146637147078e-02,2.240129850538844641e-02,4.552362395280858814e-02,4.962192886007171788e-02
-1.705248843448119427e-03,2.137163211225742709e-02,-3.472661721281616182e-02,2.219447466645459860e-02,4.520321239411824454e-02,4.937930927635928585e-02
-1.584632339342668863e-03,2.162323332952566582e-02,-3.509973295926085979e-02,2.198765082752075078e-02,4.488280083542789400e-02,4.913668969264685382e-02
-1.464015835237217865e-03,2.187483454679390801e-02,-3.547284870570555082e-02,2.178082698858690297e-02,4.456238927673754346e-02,4.889407010893442179e-02
-1.343399331131767301e-03,2.212643576406215021e-02,-3.584596445215024185e-02,2.157400314965305516e-02,4.424197771804719292e-02,4.865145052522198976e-02
-1.222782827026262960e-03,2.237803698133050342e-02,-3.621908019859509942e-02,2.136717931071911714e-02,4.392156615935670361e-02,4.840883094150945365e-02
-1.102166322920812395e-03,2.262963819859874562e-02,-3.659219594503979045e-02,2.116035547178526932e-02,4.360115460066636001e-02,4.816621135779702162e-02
-9.815498188153609638e-04,2.288123941586698434e-02,-3.696531169148448842e-02,2.095353163285142151e-02,4.328074304197600947e-02,4.792359177408458959e-02
-8.609333147099103994e-04,2.313284063313522654e-02,-3.733842743792917945e-02,2.074670779391757369e-02,4.296033148328566587e-02,4.768097219037215756e-02
-7.403168106044060587e-04,2.338444185040357975e-02,-3.771154318437404396e-02,2.053988395498363220e-02,4.263991992459516961e-02,4.743835260665962145e-02
-6.197003064989554943e-04,2.363604306767182195e-02,-3.808465893081873499e-02,2.033306011604978439e-02,4.231950836590482601e-02,4.719573302294718942e-02
-4.990838023935049300e-04,2.388764428494006414e-02,-3.845777467726342602e-02,2.012623627711593657e-02,4.199909680721447547e-02,4.695311343923475739e-02
-3.784672982880534983e-04,2.413924550220830634e-02,-3.883089042370811705e-02,1.991941243818208876e-02,4.167868524852412493e-02,4.671049385552232536e-02
-2.578507941825491576e-04,2.439084671947665955e-02,-3.920400617015297462e-02,1.971258859924814727e-02,4.135827368983363561e-02,4.646787427180978924e-02
-1.372342900770985932e-04,2.464244793674490175e-02,-3.957712191659767259e-02,1.950576476031429946e-02,4.103786213114329201e-02,4.622525468809735721e-02
-1.661778597164802890e-05,2.489404915401314394e-02,-3.995023766304236362e-02,1.929894092138045164e-02,4.071745057245294147e-02,4.598263510438492518e-02
1.039987181338025354e-04,2.514565037128138614e-02,-4.032335340948706159e-02,1.909211708244660383e-02,4.039703901376259787e-02,4.574001552067249315e-02
2.246152222393068762e-04,2.539725158854973935e-02,-4.069646915593191916e-02,1.888529324351266581e-02,4.007662745507210161e-02,4.549739593695995010e-02
3.452317263447583079e-04,2.564885280581797808e-02,-4.106958490237661019e-02,1.867846940457881799e-02,3.975621589638175801e-02,4.525477635324752501e-02
4.658482304502088722e-04,2.590045402308622027e-02,-4.144270064882130122e-02,1.847164556564497018e-02,3.943580433769140747e-02,4.501215676953509298e-02
5.864647345556594366e-04,2.615205524035446247e-02,-4.181581639526599226e-02,1.826482172671112236e-02,3.911539277900105693e-02,4.476953718582266095e-02
7.070812386611637773e-04,2.640365645762281568e-02,-4.218893214171085676e-02,1.805799788777718087e-02,3.879498122031056762e-02,4.452691760211012484e-02
8.276977427666152090e-04,2.665525767489105441e-02,-4.256204788815554779e-02,1.785117404884333306e-02,3.847456966162021708e-02,4.428429801839768587e-02
9.483142468720657733e-04,2.690685889215929660e-02,-4.293516363460024576e-02,1.764435020990948524e-02,3.815415810292987348e-02,4.404167843468526078e-02
1.068930750977516338e-03,2.715846010942753880e-02,-4.330827938104493680e-02,1.743752637097563743e-02,3.783374654423952987e-02,4.379905885097282875e-02
1.189547255083020678e-03,2.741006132669589201e-02,-4.368139512748979436e-02,1.723070253204169594e-02,3.751333498554903362e-02,4.355643926726028570e-02
1.310163759188471243e-03,2.766166254396413421e-02,-4.405451087393448539e-02,1.702387869310784813e-02,3.719292342685869002e-02,4.331381968354785367e-02
1.430780263293922674e-03,2.791326376123237640e-02,-4.442762662037917643e-02,1.681705485417400031e-02,3.687251186816833948e-02,4.307120009983542164e-02
1.551396767399373239e-03,2.816486497850061860e-02,-4.480074236682387440e-02,1.661023101524015250e-02,3.655210030947798894e-02,4.282858051612299655e-02
1.672013271504877580e-03,2.841646619576897181e-02,-4.517385811326873196e-02,1.640340717630621448e-02,3.623168875078749962e-02,4.258596093241045349e-02
1.792629775610328144e-03,2.866806741303721401e-02,-4.554697385971342993e-02,1.619658333737236666e-02,3.591127719209714908e-02,4.234334134869802146e-02
1.913246279715778708e-03,2.891966863030545620e-02,-4.592008960615812097e-02,1.598975949843851885e-02,3.559086563340680548e-02,4.210072176498558943e-02
2.033862783821230140e-03,2.917126984757369840e-02,-4.629320535260281200e-02,1.578293565950467103e-02,3.527045407471645494e-02,4.185810218127315740e-02
2.154479287926734481e-03,2.942287106484205161e-02,-4.666632109904766956e-02,1.557611182057072954e-02,3.495004251602596562e-02,4.161548259756062129e-02
2.275095792032185045e-03,2.967447228211029034e-02,-4.703943684549236059e-02,1.536928798163688173e-02,3.462963095733562202e-02,4.137286301384818926e-02
2.395712296137635609e-03,2.992607349937853253e-02,-4.741255259193705857e-02,1.516246414270303391e-02,3.430921939864527148e-02,4.113024343013575723e-02
2.516328800243086174e-03,3.017767471664677473e-02,-4.778566833838174960e-02,1.495564030376918610e-02,3.398880783995492094e-02,4.088762384642332520e-02
2.636945304348591382e-03,3.042927593391512794e-02,-4.815878408482661410e-02,1.474881646483524635e-02,3.366839628126443162e-02,4.064500426271078909e-02
2.757561808454041946e-03,3.068087715118337014e-02,-4.853189983127130513e-02,1.454199262590139853e-02,3.334798472257408108e-02,4.040238467899835706e-02
2.878178312559492510e-03,3.093247836845160886e-02,-4.890501557771599617e-02,1.433516878696755072e-02,3.302757316388373748e-02,4.015976509528592503e-02
2.998794816664943075e-03,3.118407958571985106e-02,-4.927813132416068720e-02,1.412834494803370290e-02,3.270716160519338694e-02,3.991714551157349300e-02
3.119411320770447416e-03,3.143568080298820427e-02,-4.965124707060554476e-02,1.392152110909976315e-02,3.238675004650289763e-02,3.967452592786095689e-02
3.240027824875897980e-03,3.168728202025644647e-02,-5.002436281705024274e-02,1.371469727016591360e-02,3.206633848781255403e-02,3.943190634414851792e-02
3.360644328981348544e-03,3.193888323752468866e-02,-5.039747856349493377e-02,1.350787343123206578e-02,3.174592692912220349e-02,3.918928676043609283e-02
3.481260833086799109e-03,3.219048445479293086e-02,-5.077059430993963174e-02,1.330104959229821797e-02,3.142551537043185295e-02,3.894666717672366080e-02
3.601877337192303449e-03,3.244208567206128407e-02,-5.114371005638448930e-02,1.309422575336427821e-02,3.110510381174136363e-02,3.870404759301111774e-02
3.722493841297755748e-03,3.269368688932952627e-02,-5.151682580282918034e-02,1.288740191443043040e-02,3.078469225305101656e-02,3.846142800929869265e-02
3.843110345403206313e-03,3.294528810659776152e-02,-5.188994154927387137e-02,1.268057807549658259e-02,3.046428069436066602e-02,3.821880842558625369e-02
3.963726849508656877e-03,3.319688932386601066e-02,-5.226305729571856240e-02,1.247375423656273477e-02,3.014386913567031895e-02,3.797618884187382859e-02
4.084343353614161218e-03,3.344849054113435693e-02,-5.263617304216342691e-02,1.226693039762879328e-02,2.982345757697982963e-02,3.773356925816129248e-02
4.204959857719611782e-03,3.370009175840260607e-02,-5.300928878860811794e-02,1.206010655869494547e-02,2.950304601828948256e-02,3.749094967444885351e-02
4.325576361825062346e-03,3.395169297567084132e-02,-5.338240453505281591e-02,1.185328271976109765e-02,2.918263445959913202e-02,3.724833009073642842e-02
4.446192865930512911e-03,3.420329419293909046e-02,-5.375552028149750694e-02,1.164645888082724984e-02,2.886222290090878495e-02,3.700571050702398945e-02
4.566809370036017252e-03,3.445489541020743673e-02,-5.412863602794236451e-02,1.143963504189331182e-02,2.854181134221829563e-02,3.676309092331145334e-02
4.687425874141467816e-03,3.470649662747568587e-02,-5.450175177438705554e-02,1.123281120295946400e-02,2.822139978352794509e-02,3.652047133959902131e-02
4.808042378246918380e-03,3.495809784474392112e-02,-5.487486752083174657e-02,1.102598736402561619e-02,2.790098822483759802e-02,3.627785175588658928e-02
4.928658882352370679e-03,3.520969906201216332e-02,-5.524798326727644454e-02,1.081916352509176837e-02,2.758057666614725095e-02,3.603523217217416419e-02
5.049275386457875020e-03,3.546130027928051653e-02,-5.562109901372130211e-02,1.061233968615782688e-02,2.726016510745676164e-02,3.579261258846162114e-02
5.169891890563325584e-03,3.571290149654875873e-02,-5.599421476016600008e-02,1.040551584722397907e-02,2.693975354876641110e-02,3.554999300474918911e-02
5.290508394668776149e-03,3.596450271381700092e-02,-5.636733050661069111e-02,1.019869200829013126e-02,2.661934199007606403e-02,3.530737342103675708e-02
5.411124898774226713e-03,3.621610393108524312e-02,-5.674044625305538214e-02,9.991868169356283441e-03,2.629893043138571695e-02,3.506475383732432505e-02
5.531741402879731054e-03,3.646770514835359633e-02,-5.711356199950023971e-02,9.785044330422345421e-03,2.597851887269522764e-02,3.482213425361178893e-02
5.652357906985181618e-03,3.671930636562183853e-02,-5.748667774594493768e-02,9.578220491488497607e-03,2.565810731400487710e-02,3.457951466989935690e-02
5.772974411090632182e-03,3.697090758289008072e-02,-5.785979349238962871e-02,9.371396652554646323e-03,2.533769575531453003e-02,3.433689508618692487e-02
5.893590915196082747e-03,3.722250880015831598e-02,-5.823290923883431974e-02,9.164572813620798508e-03,2.501728419662418296e-02,3.409427550247449284e-02
5.956101131526814717e-03,3.747854284910964034e-02,-5.861127187836978614e-02,8.936825120996362906e-03,2.466470111258994152e-02,3.382236825971760008e-02
5.810117645855485471e-03,3.775048253449593549e-02,-5.900846112353468759e-02,8.633999637597169347e-03,2.419668197722445874e-02,3.344537269190608897e-02
5.664134160184157094e-03,3.802242221988223758e-02,-5.940565036869958210e-02,8.331174154197975787e-03,2.372866284185897595e-02,3.306837712409457092e-02
5.518150674512827848e-03,3.829436190526853273e-02,-5.980283961386448355e-02,8.028348670798782227e-03,2.326064370649349317e-02,3.269138155628305981e-02
5.372167188841434418e-03,3.856630159065495278e-02,-6.020002885902955847e-02,7.725523187399453359e-03,2.279262457112780221e-02,3.231438598847137522e-02
5.226183703170105173e-03,3.883824127604124793e-02,-6.059721810419445992e-02,7.422697704000259800e-03,2.232460543576231943e-02,3.193739042065986411e-02
5.080200217498776795e-03,3.911018096142755002e-02,-6.099440734935936137e-02,7.119872220601066240e-03,2.185658630039684011e-02,3.156039485284834606e-02
4.934216731827447550e-03,3.938212064681384517e-02,-6.139159659452426282e-02,6.817046737201872680e-03,2.138856716503135733e-02,3.118339928503683495e-02
4.788233246156054120e-03,3.965406033220026522e-02,-6.178878583968933774e-02,6.514221253802545547e-03,2.092054802966566637e-02,3.080640371722515383e-02
4.642249760484724874e-03,3.992600001758656036e-02,-6.218597508485423919e-02,6.211395770403351987e-03,2.045252889430018359e-02,3.042940814941363925e-02
4.496266274813396496e-03,4.019793970297286245e-02,-6.258316433001914758e-02,5.908570287004158428e-03,1.998450975893470080e-02,3.005241258160212467e-02
4.350282789142067251e-03,4.046987938835915760e-02,-6.298035357518404209e-02,5.605744803604964868e-03,1.951649062356921802e-02,2.967541701379061009e-02
4.204299303470673821e-03,4.074181907374557765e-02,-6.337754282034911701e-02,5.302919320205636000e-03,1.904847148820353053e-02,2.929842144597892897e-02
4.058315817799344576e-03,4.101375875913187280e-02,-6.377473206551401153e-02,5.000093836806442441e-03,1.858045235283804775e-02,2.892142587816741439e-02
3.912332332128015330e-03,4.128569844451817489e-02,-6.417192131067891991e-02,4.697268353407248881e-03,1.811243321747256496e-02,2.854443031035589981e-02
3.766348846456686519e-03,4.155763812990447004e-02,-6.456911055584381443e-02,4.394442870008056189e-03,1.764441408210708218e-02,2.816743474254438523e-02
3.620365360785293089e-03,4.182957781529089009e-02,-6.496629980100888935e-02,4.091617386608728188e-03,1.717639494674139122e-02,2.779043917473270411e-02
3.474381875113964277e-03,4.210151750067718524e-02,-6.536348904617379774e-02,3.788791903209534628e-03,1.670837581137590844e-02,2.741344360692118953e-02
3.328398389442635032e-03,4.237345718606348732e-02,-6.576067829133869225e-02,3.485966419810341069e-03,1.624035667601042565e-02,2.703644803910967495e-02
3.182414903771306220e-03,4.264539687144978247e-02,-6.615786753650360064e-02,3.183140936411147509e-03,1.577233754064494287e-02,2.665945247129816037e-02
3.036431418099912356e-03,4.291733655683620252e-02,-6.655505678166867556e-02,2.880315453011819508e-03,1.530431840527925538e-02,2.628245690348647925e-02
2.890447932428583545e-03,4.318927624222249767e-02,-6.695224602683357007e-02,2.577489969612625949e-03,1.483629926991377260e-02,2.590546133567496467e-02
2.744464446757254733e-03,4.346121592760879976e-02,-6.734943527199847846e-02,2.274664486213432389e-03,1.436828013454828981e-02,2.552846576786345356e-02
2.598480961085925921e-03,4.373315561299509491e-02,-6.774662451716337297e-02,1.971839002814238830e-03,1.390026099918280876e-02,2.515147020005193551e-02
2.452497475414532058e-03,4.400509529838151496e-02,-6.814381376232844789e-02,1.669013519414910829e-03,1.343224186381711781e-02,2.477447463224025787e-02
2.306513989743203246e-03,4.427703498376781011e-02,-6.854100300749335628e-02,1.366188036015717269e-03,1.296422272845163502e-02,2.439747906442873981e-02
2.160530504071874434e-03,4.454897466915411219e-02,-6.893819225265825079e-02,1.063362552616523710e-03,1.249620359308615397e-02,2.402048349661722870e-02
2.014547018400545189e-03,4.482091435454040734e-02,-6.933538149782314530e-02,7.605370692173301500e-04,1.202818445772067119e-02,2.364348792880571065e-02
1.868563532729151759e-03,4.509285403992682739e-02,-6.973257074298823410e-02,4.577115858180012820e-04,1.156016532235498023e-02,2.326649236099403301e-02
1.722580047057822514e-03,4.536479372531312254e-02,-7.012975998815312861e-02,1.548861024188077223e-04,1.109214618698949918e-02,2.288949679318251496e-02
1.576596561386494136e-03,4.563673341069942463e-02,-7.052694923331803700e-02,-1.479393809803858373e-04,1.062412705162401640e-02,2.251250122537100384e-02
1.430613075715164891e-03,4.590867309608571978e-02,-7.092413847848293151e-02,-4.507648643795793969e-04,1.015610791625853361e-02,2.213550565755948926e-02
1.284629590043771460e-03,4.618061278147213983e-02,-7.132132772364800644e-02,-7.535903477789065302e-04,9.688088780892844393e-03,2.175851008974780815e-02
1.138646104372442215e-03,4.645255246685843498e-02,-7.171851696881290095e-02,-1.056415831178100090e-03,9.220069645527361607e-03,2.138151452193629010e-02
9.926626187011138372e-04,4.672449215224473706e-02,-7.211570621397780934e-02,-1.359241314577293649e-03,8.752050510161878821e-03,2.100451895412477898e-02
8.466791330297845919e-04,4.699643183763103221e-02,-7.251289545914270385e-02,-1.662066797976487209e-03,8.284031374796396036e-03,2.062752338631326440e-02
7.006956473583911618e-04,4.726837152301745226e-02,-7.291008470430779265e-02,-1.964892281375816077e-03,7.816012239430705083e-03,2.025052781850158329e-02
5.547121616870619165e-04,4.754031120840374741e-02,-7.330727394947268716e-02,-2.267717764775007902e-03,7.347993104065225767e-03,1.987353225069006871e-02
4.087286760157326712e-04,4.781225089379004950e-02,-7.370446319463758167e-02,-2.570543248174201462e-03,6.879973968699742981e-03,1.949653668287855413e-02
2.627451903444042933e-04,4.808419057917634465e-02,-7.410165243980249006e-02,-2.873368731573395021e-03,6.411954833334260195e-03,1.911954111506703954e-02
1.167617046730108632e-04,4.835613026456276470e-02,-7.449884168496756498e-02,-3.176194214972723889e-03,5.943935697968569243e-03,1.874254554725535843e-02
-2.922178099831838211e-05,4.862806994994905985e-02,-7.489603093013245949e-02,-3.479019698371917449e-03,5.475916562603086457e-03,1.836554997944384385e-02
-1.752052666696476274e-04,4.890000963533536193e-02,-7.529322017529736788e-02,-3.781845181771111009e-03,5.007897427237603671e-03,1.798855441163232927e-02
-3.211887523409760054e-04,4.917194932072165708e-02,-7.569040942046226239e-02,-4.084670665170304568e-03,4.539878291872124355e-03,1.761155884382081468e-02
-4.671722380123703028e-04,4.944388900610807713e-02,-7.608759866562733731e-02,-4.387496148569631702e-03,4.071859156506433403e-03,1.723456327600913357e-02
-5.776635649584659299e-04,4.965950381672197544e-02,-7.639532185886126203e-02,-4.696004437337347910e-03,3.620635340336336890e-03,1.687256910794335263e-02
-6.609389577503661231e-04,4.983192784553820698e-02,-7.663444110503153661e-02,-5.008870388818537599e-03,3.182290433698172806e-03,1.652207824433579025e-02
-7.442143505422664247e-04,5.000435187435443851e-02,-7.687356035120181119e-02,-5.321736340299727287e-03,2.743945527060008722e-03,1.617158738072822441e-02
-8.274897433342035891e-04,5.017677590317075331e-02,-7.711267959737219679e-02,-5.634602291781055754e-03,2.305600620421649483e-03,1.582109651712050591e-02
-9.107651361261037823e-04,5.034919993198698485e-02,-7.735179884354245750e-02,-5.947468243262244575e-03,1.867255713783484965e-03,1.547060565351294353e-02
-9.940405289180040838e-04,5.052162396080322332e-02,-7.759091808971273208e-02,-6.260334194743434263e-03,1.428910807145320882e-03,1.512011478990538116e-02
-1.077315921709904277e-03,5.069404798961945485e-02,-7.783003733588300666e-02,-6.573200146224623952e-03,9.905659005071567984e-04,1.476962392629781705e-02
-1.160591314501841550e-03,5.086647201843576965e-02,-7.806915658205339226e-02,-6.886066097705952418e-03,5.522209938687975585e-04,1.441913306269009855e-02
-1.243866707293741526e-03,5.103889604725200119e-02,-7.830827582822366684e-02,-7.198932049187142107e-03,1.138760872306334750e-04,1.406864219908253617e-02
-1.327142100085641936e-03,5.121132007606823272e-02,-7.854739507439394142e-02,-7.511798000668331796e-03,-3.244688194075306086e-04,1.371815133547497206e-02
-1.410417492877541912e-03,5.138374410488447119e-02,-7.878651432056421600e-02,-7.824663952149521484e-03,-7.628137260456955594e-04,1.336766047186740969e-02
-1.493692885669479185e-03,5.155616813370077905e-02,-7.902563356673460160e-02,-8.137529903630849951e-03,-1.201158632684053932e-03,1.301716960825969119e-02
-1.576968278461379595e-03,5.172859216251701753e-02,-7.926475281290487618e-02,-8.450395855112039639e-03,-1.639503539322218883e-03,1.266667874465212708e-02
-1.660243671253279788e-03,5.190101619133324906e-02,-7.950387205907515076e-02,-8.763261806593227593e-03,-2.077848445960382966e-03,1.231618788104456297e-02
-1.743519064045179982e-03,5.207344022014948060e-02,-7.974299130524542534e-02,-9.076127758074419016e-03,-2.516193352598547050e-03,1.196569701743700059e-02
-1.826794456837117038e-03,5.224586424896579540e-02,-7.998211055141579706e-02,-9.388993709555745748e-03,-2.954538259236906290e-03,1.161520615382928209e-02
-1.910069849629017448e-03,5.241828827778202693e-02,-8.022122979758607164e-02,-9.701859661036937171e-03,-3.392883165875070373e-03,1.126471529022171972e-02
-1.993345242420917641e-03,5.259071230659826540e-02,-8.046034904375634622e-02,-1.001472561251812513e-02,-3.831228072513234457e-03,1.091422442661415561e-02
-2.076620635212817617e-03,5.276313633541449694e-02,-8.069946828992662080e-02,-1.032759156399931655e-02,-4.269572979151399841e-03,1.056373356300659150e-02
-2.159896028004754890e-03,5.293556036423080480e-02,-8.093858753609700640e-02,-1.064045751548064328e-02,-4.707917885789758214e-03,1.021324269939887300e-02
-2.243171420796655300e-03,5.310798439304704327e-02,-8.117770678226728098e-02,-1.095332346696183297e-02,-5.146262792427922297e-03,9.862751835791310623e-03
-2.326446813588555276e-03,5.328040842186327480e-02,-8.141682602843755556e-02,-1.126618941844302266e-02,-5.584607699066086381e-03,9.512260972183748248e-03
-2.409722206380455686e-03,5.345283245067951328e-02,-8.165594527460783014e-02,-1.157905536992421235e-02,-6.022952605704250464e-03,9.161770108576184138e-03
-2.492997599172356096e-03,5.362525647949574481e-02,-8.189506452077810472e-02,-1.189192132140540203e-02,-6.461297512342416283e-03,8.811279244968620028e-03
-2.576272991964292935e-03,5.379768050831205961e-02,-8.213418376694847645e-02,-1.220478727288673050e-02,-6.899642418980774655e-03,8.460788381360901528e-03
-2.659548384756193345e-03,5.397010453712829114e-02,-8.237330301311875103e-02,-1.251765322436792019e-02,-7.337987325618938739e-03,8.110297517753339153e-03
-2.742823777548093755e-03,5.414252856594452268e-02,-8.261242225928902561e-02,-1.283051917584910988e-02,-7.776332232257102822e-03,7.759806654145775043e-03
-2.826099170339993298e-03,5.431495259476076115e-02,-8.285154150545930019e-02,-1.314338512733029957e-02,-8.214677138895266906e-03,7.409315790538212668e-03
-2.909374563131931005e-03,5.448737662357706901e-02,-8.309066075162968579e-02,-1.345625107881162803e-02,-8.653022045533627013e-03,7.058824926930494167e-03
-2.992649955923831415e-03,5.465980065239330749e-02,-8.332977999779996037e-02,-1.376911703029281599e-02,-9.091366952171791097e-03,6.708334063322930058e-03
-3.075925348715730957e-03,5.483222468120953902e-02,-8.356889924397023495e-02,-1.408198298177400568e-02,-9.529711858809955180e-03,6.357843199715367682e-03
-3.159200741507631367e-03,5.500464871002577055e-02,-8.380801849014050953e-02,-1.439484893325519536e-02,-9.968056765448119264e-03,6.007352336107803573e-03
-3.242476134299569074e-03,5.517707273884208535e-02,-8.404713773631088125e-02,-1.470771488473652383e-02,-1.040640167208647764e-02,5.656861472500085072e-03
-3.325751527091468616e-03,5.534949676765831689e-02,-8.428625698248115583e-02,-1.502058083621771352e-02,-1.084474657872464172e-02,5.306370608892522697e-03
-3.409026919883369026e-03,5.552192079647455536e-02,-8.452537622865143041e-02,-1.533344678769890321e-02,-1.128309148536280754e-02,4.955879745284958587e-03
-3.492302312675269436e-03,5.569434482529078689e-02,-8.476449547482170499e-02,-1.564631273918009463e-02,-1.172143639200097162e-02,4.605388881677396212e-03
-3.575577705467206276e-03,5.586676885410710169e-02,-8.500361472099209059e-02,-1.595917869066142136e-02,-1.215978129863932999e-02,4.254898018069675977e-03
-3.658853098259106686e-03,5.603919288292333323e-02,-8.524273396716236517e-02,-1.627204464214260932e-02,-1.259812620527749408e-02,3.904407154462113602e-03
-3.742128491051007096e-03,5.621161691173956476e-02,-8.548185321333263975e-02,-1.658491059362380074e-02,-1.303647111191565816e-02,3.553916290854551227e-03
-3.825403883842907506e-03,5.638404094055580323e-02,-8.572097245950291433e-02,-1.689777654510499216e-02,-1.347481601855382224e-02,3.203425427246987117e-03
-3.908679276634844345e-03,5.655646496937211110e-02,-8.596009170567329993e-02,-1.721064249658631889e-02,-1.391316092519218062e-02,2.852934563639268617e-03
-3.991954669426744755e-03,5.672888899818834263e-02,-8.619921095184357451e-02,-1.752350844806750685e-02,-1.435150583183034470e-02,2.502443700031704507e-03
-4.075230062218645165e-03,5.690131302700458110e-02,-8.643833019801383521e-02,-1.783637439954869827e-02,-1.478985073846850878e-02,2.151952836424142132e-03
-4.158505455010544707e-03,5.707373705582081264e-02,-8.667744944418412367e-02,-1.814924035102988623e-02,-1.522819564510667634e-02,1.801461972816578022e-03
-4.224601361663613691e-03,5.718906441801871465e-02,-8.682016357104042903e-02,-1.848812416750762397e-02,-1.558924830156662063e-02,1.555608085235782399e-03
-4.121078454051829362e-03,5.674065728821947596e-02,-8.601103770125338721e-02,-1.908389106973058108e-02,-1.518716871283190550e-02,2.342870069705743283e-03
-4.017555546440044166e-03,5.629225015842023033e-02,-8.520191183146633152e-02,-1.967965797195354166e-02,-1.478508912409719211e-02,3.130132054175704167e-03
-3.914032638828259837e-03,5.584384302862099164e-02,-8.439278596167928970e-02,-2.027542487417650224e-02,-1.438300953536247873e-02,3.917394038645665051e-03
-3.810509731216429104e-03,5.539543589882155172e-02,-8.358366009189188706e-02,-2.087119177639972303e-02,-1.398092994662758493e-02,4.704656023115975916e-03
-3.706986823604644342e-03,5.494702876902230609e-02,-8.277453422210484524e-02,-2.146695867862268362e-02,-1.357885035789287154e-02,5.491918007585936366e-03
-3.603463915992859579e-03,5.449862163922306740e-02,-8.196540835231780342e-02,-2.206272558084564073e-02,-1.317677076915815641e-02,6.279179992055896817e-03
-3.499941008381074817e-03,5.405021450942382177e-02,-8.115628248253076160e-02,-2.265849248306860131e-02,-1.277469118042344302e-02,7.066441976525858135e-03
-3.396418100769244084e-03,5.360180737962438186e-02,-8.034715661274335896e-02,-2.325425938529182557e-02,-1.237261159168855096e-02,7.853703960996168132e-03
-3.292895193157459321e-03,5.315340024982513623e-02,-7.953803074295631714e-02,-2.385002628751478615e-02,-1.197053200295383583e-02,8.640965945466129450e-03
-3.189372285545674993e-03,5.270499312002589754e-02,-7.872890487316927532e-02,-2.444579318973774326e-02,-1.156845241421912245e-02,9.428227929936090768e-03
-3.085849377933889796e-03,5.225658599022665191e-02,-7.791977900338223351e-02,-2.504156009196070384e-02,-1.116637282548440732e-02,1.021548991440605209e-02
-2.982326470322059497e-03,5.180817886042721199e-02,-7.711065313359483087e-02,-2.563732699418392463e-02,-1.076429323674951526e-02,1.100275189887636208e-02
-2.878803562710274735e-03,5.135977173062797330e-02,-7.630152726380778905e-02,-2.623309389640688521e-02,-1.036221364801480187e-02,1.179001388334632340e-02
-2.775280655098489972e-03,5.091136460082872767e-02,-7.549240139402074723e-02,-2.682886079862984580e-02,-9.960134059280086744e-03,1.257727586781628298e-02
-2.671757747486705210e-03,5.046295747102948204e-02,-7.468327552423370541e-02,-2.742462770085280638e-02,-9.558054470545373354e-03,1.336453785228624430e-02
-2.568234839874874477e-03,5.001455034123004212e-02,-7.387414965444630277e-02,-2.802039460307602717e-02,-9.155974881810479554e-03,1.415179983675655430e-02
-2.464711932263090148e-03,4.956614321143080343e-02,-7.306502378465926095e-02,-2.861616150529898428e-02,-8.753895293075766165e-03,1.493906182122651562e-02
-2.361189024651304952e-03,4.911773608163155780e-02,-7.225589791487221913e-02,-2.921192840752194486e-02,-8.351815704341052776e-03,1.572632380569647520e-02
-2.257666117039520623e-03,4.866932895183231911e-02,-7.144677204508517732e-02,-2.980769530974490544e-02,-7.949736115606339387e-03,1.651358579016643652e-02
-2.154143209427689890e-03,4.822092182203287225e-02,-7.063764617529777468e-02,-3.040346221196812970e-02,-7.547656526871445587e-03,1.730084777463674825e-02
-2.050620301815905128e-03,4.777251469223363356e-02,-6.982852030551073286e-02,-3.099922911419109028e-02,-7.145576938136732198e-03,1.808810975910670957e-02
-1.947097394204120365e-03,4.732410756243439487e-02,-6.901939443572369104e-02,-3.159499601641405087e-02,-6.743497349402017074e-03,1.887537174357667089e-02
-1.843574486592335603e-03,4.687570043263514924e-02,-6.821026856593664922e-02,-3.219076291863700451e-02,-6.341417760667303685e-03,1.966263372804663220e-02
-1.740051578980505304e-03,4.642729330283570932e-02,-6.740114269614924658e-02,-3.278652982086022877e-02,-5.939338171932411620e-03,2.044989571251694047e-02
-1.636528671368720541e-03,4.597888617303646369e-02,-6.659201682636220476e-02,-3.338229672308318935e-02,-5.537258583197696496e-03,2.123715769698690178e-02
-1.533005763756935778e-03,4.553047904323722500e-02,-6.578289095657516294e-02,-3.397806362530614993e-02,-5.135178994462983107e-03,2.202441968145686310e-02
-1.429482856145151016e-03,4.508207191343797937e-02,-6.497376508678812113e-02,-3.457383052752910357e-02,-4.733099405728267983e-03,2.281168166592682442e-02
-1.325959948533320283e-03,4.463366478363853945e-02,-6.416463921700071849e-02,-3.516959742975232783e-02,-4.331019816993375918e-03,2.359894365039713268e-02
-1.222437040921535521e-03,4.418525765383929382e-02,-6.335551334721367667e-02,-3.576536433197528841e-02,-3.928940228258662529e-03,2.438620563486709400e-02
-1.118914133309751192e-03,4.373685052404005513e-02,-6.254638747742663485e-02,-3.636113123419824900e-02,-3.526860639523947405e-03,2.517346761933705532e-02
-1.015391225697966429e-03,4.328844339424081644e-02,-6.173726160763959303e-02,-3.695689813642120958e-02,-3.124781050789234016e-03,2.596072960380701664e-02
-9.118683180861356964e-04,4.284003626444136958e-02,-6.092813573785219039e-02,-3.755266503864443384e-02,-2.722701462054341950e-03,2.674799158827732837e-02
-8.083454104743509339e-04,4.239162913464213089e-02,-6.011900986806514857e-02,-3.814843194086739442e-02,-2.320621873319626827e-03,2.753525357274728969e-02
-7.048225028625661713e-04,4.194322200484288526e-02,-5.930988399827810675e-02,-3.874419884309035500e-02,-1.918542284584913438e-03,2.832251555721724753e-02
-6.012995952507814088e-04,4.149481487504364657e-02,-5.850075812849106494e-02,-3.933996574531330864e-02,-1.516462695850198314e-03,2.910977754168720885e-02
-4.977766876389506760e-04,4.104640774524420666e-02,-5.769163225870366229e-02,-3.993573264753653290e-02,-1.114383107115306248e-03,2.989703952615752058e-02
-3.942537800271663471e-04,4.059800061544496103e-02,-5.688250638891662048e-02,-4.053149954975949348e-02,-7.123035183805928594e-04,3.068430151062748190e-02
-2.907308724153815846e-04,4.014959348564571540e-02,-5.607338051912957866e-02,-4.112726645198244713e-02,-3.102239296458777357e-04,3.147156349509744322e-02
-1.872079648035963884e-04,3.970118635584647671e-02,-5.526425464934252990e-02,-4.172303335420540771e-02,9.185565908883738806e-05,3.225882547956740454e-02
-8.368505719176608931e-05,3.925277922604703679e-02,-5.445512877955512726e-02,-4.231880025642863197e-02,4.939352478237277189e-04,3.304608746403771280e-02
1.983785042001823956e-05,3.880437209624779116e-02,-5.364600290976808544e-02,-4.291456715865159255e-02,8.960148365584411079e-04,3.383334944850767412e-02
1.233607580318034358e-04,3.835596496644855247e-02,-5.283687703998104362e-02,-4.351033406087455313e-02,1.298094425293157966e-03,3.462061143297763544e-02
2.268836656435877647e-04,3.790755783664930684e-02,-5.202775117019400181e-02,-4.410610096309751371e-02,1.700174014027871355e-03,3.540787341744759675e-02
3.304065732554189311e-04,3.745915070684986692e-02,-5.121862530040659917e-02,-4.470186786532073797e-02,2.102253602762761686e-03,3.619513540191790502e-02
4.339294808672032600e-04,3.701074357705062823e-02,-5.040949943061955735e-02,-4.529763476754369855e-02,2.504333191497478545e-03,3.698239738638786633e-02
5.374523884789884562e-04,3.656233644725138260e-02,-4.960037356083251553e-02,-4.589340166976665220e-02,2.906412780232191934e-03,3.776965937085782765e-02
6.409752960907727851e-04,3.611392931745213697e-02,-4.879124769104547371e-02,-4.648916857198961278e-02,3.308492368966905323e-03,3.855692135532778897e-02
7.444982037026030841e-04,3.566552218765270399e-02,-4.798212182125807107e-02,-4.708493547421283704e-02,3.710571957701799123e-03,3.934418333979809723e-02
8.480211113143882803e-04,3.521711505785345836e-02,-4.717299595147102925e-02,-4.768070237643579068e-02,4.112651546436512512e-03,4.013144532426805855e-02
9.515440189261726092e-04,3.476870792805421273e-02,-4.636387008168398743e-02,-4.827646927865875126e-02,4.514731135171225901e-03,4.091870730873801987e-02
1.055066926537957805e-03,3.432030079825497404e-02,-4.555474421189694562e-02,-4.887223618088171184e-02,4.916810723905939290e-03,4.170596929320798119e-02
1.158589834149788105e-03,3.387189366845552718e-02,-4.474561834210954298e-02,-4.946800308310493610e-02,5.318890312640833090e-03,4.249323127767829639e-02
1.262112741761572433e-03,3.342348653865628849e-02,-4.393649247232250116e-02,-5.006376998532789668e-02,5.720969901375546479e-03,4.328049326214825077e-02
1.365635649373357630e-03,3.297507940885704980e-02,-4.312736660253545934e-02,-5.065953688755085726e-02,6.123049490110259868e-03,4.406775524661821208e-02
1.469158556985141958e-03,3.252667227905780417e-02,-4.231824073274841058e-02,-5.125530378977381785e-02,6.525129078844976727e-03,4.485501723108817340e-02
1.572681464596973125e-03,3.207826514925836425e-02,-4.150911486296101488e-02,-5.185107069199704211e-02,6.927208667579867057e-03,4.564227921555848860e-02
1.676204372208757454e-03,3.162985801945911862e-02,-4.069998899317396612e-02,-5.244683759422000269e-02,7.329288256314580446e-03,4.642954120002844992e-02
1.779727279820542650e-03,3.118145088965987646e-02,-3.989086312338692430e-02,-5.304260449644296327e-02,7.731367845049297305e-03,4.721680318449841124e-02
1.883250187432326979e-03,3.073304375986063430e-02,-3.908173725359988249e-02,-5.363837139866590997e-02,8.133447433784010694e-03,4.800406516896836562e-02
1.986773095044157278e-03,3.028463663006119438e-02,-3.827261138381247985e-02,-5.423413830088913423e-02,8.535527022518901025e-03,4.879132715343868082e-02
2.090296002655942474e-03,2.983622950026195222e-02,-3.746348551402543803e-02,-5.482990520311209481e-02,8.937606611253617883e-03,4.957858913790864214e-02
2.193818910267726803e-03,2.938782237046271006e-02,-3.665435964423839621e-02,-5.542567210533505540e-02,9.339686199988331272e-03,5.036585112237860345e-02
2.297341817879511999e-03,2.893941524066346790e-02,-3.584523377445135439e-02,-5.602143900755801598e-02,9.741765788723044661e-03,5.115311310684856477e-02
2.400864725491342298e-03,2.849100811086402452e-02,-3.503610790466395175e-02,-5.661720590978124024e-02,1.014384537745793846e-02,5.194037509131887304e-02
2.504387633103127495e-03,2.804260098106478236e-02,-3.422698203487690993e-02,-5.721297281200420082e-02,1.054592496619265185e-02,5.272763707578883435e-02
2.607910540714911823e-03,2.759419385126554020e-02,-3.341785616508986811e-02,-5.780873971422716140e-02,1.094800455492736524e-02,5.351489906025879567e-02
2.711433448326696152e-03,2.714578672146629804e-02,-3.260873029530282630e-02,-5.840450661645012198e-02,1.135008414366207863e-02,5.430216104472875699e-02
2.814956355938527319e-03,2.669737959166685812e-02,-3.179960442551542366e-02,-5.900027351867334624e-02,1.175216373239697243e-02,5.508942302919906525e-02
2.918479263550311648e-03,2.624897246186761596e-02,-3.099047855572838184e-02,-5.959604042089630682e-02,1.215424332113168582e-02,5.587668501366902657e-02
3.022002171162096844e-03,2.580056533206837033e-02,-3.018135268594134002e-02,-6.019180732311926740e-02,1.255632290986639921e-02,5.666394699813898789e-02
3.125525078773881173e-03,2.535215820226913164e-02,-2.937222681615429820e-02,-6.078757422534221411e-02,1.295840249860111607e-02,5.745120898260894921e-02
3.229047986385712339e-03,2.490375107246969172e-02,-2.856310094636689556e-02,-6.138334112756543837e-02,1.336048208733600640e-02,5.823847096707925747e-02
3.332570893997496668e-03,2.445534394267044609e-02,-2.775397507657985374e-02,-6.197910802978839895e-02,1.376256167607071978e-02,5.902573295154921879e-02
3.436093801609280997e-03,2.400693681287120740e-02,-2.694484920679281192e-02,-6.257487493201135953e-02,1.416464126480543664e-02,5.981299493601918010e-02
3.539616709221066193e-03,2.355852968307196177e-02,-2.613572333700576317e-02,-6.317064183423432011e-02,1.456672085354015003e-02,6.060025692048914142e-02
3.643139616832897359e-03,2.311012255327252185e-02,-2.532659746721836747e-02,-6.376640873645754437e-02,1.496880044227504036e-02,6.138751890495944968e-02
3.746662524444681688e-03,2.266171542347327622e-02,-2.451747159743131871e-02,-6.436217563868050495e-02,1.537088003100975722e-02,6.217478088942941100e-02
3.850185432056466017e-03,2.221330829367403753e-02,-2.370834572764428383e-02,-6.495794254090346553e-02,1.577295961974446714e-02,6.296204287389936538e-02
3.953708339668250346e-03,2.176490116387479190e-02,-2.289921985785724201e-02,-6.555370944312642612e-02,1.617503920847918747e-02,6.374930485836932670e-02
4.057231247280081513e-03,2.131649403407535198e-02,-2.209009398806983937e-02,-6.614947634534965037e-02,1.657711879721407433e-02,6.453656684283964884e-02
4.160754154891865841e-03,2.086808690427611329e-02,-2.128096811828279755e-02,-6.674524324757261096e-02,1.697919838594878772e-02,6.532382882730961016e-02
4.264277062503650170e-03,2.041967977447686766e-02,-2.047184224849575573e-02,-6.734101014979555766e-02,1.738127797468350805e-02,6.611109081177957147e-02
4.367799970115436234e-03,1.997127264467762897e-02,-1.966271637870871392e-02,-6.793677705201851824e-02,1.778335756341822144e-02,6.689835279624953279e-02
4.471322877727265666e-03,1.952286551487818211e-02,-1.885359050892131128e-02,-6.853254395424174250e-02,1.818543715215310830e-02,6.768561478071984105e-02
4.574845785339051729e-03,1.907445838507894342e-02,-1.804446463913426946e-02,-6.912831085646470308e-02,1.858751674088782863e-02,6.847287676518980237e-02
4.678368692950836058e-03,1.862605125527969779e-02,-1.723533876934721376e-02,-6.972407775868766366e-02,1.898959632962254201e-02,6.926013874965976369e-02
4.781891600562620387e-03,1.817764412548045910e-02,-1.642621289956017194e-02,-7.031984466091062425e-02,1.939167591835725540e-02,7.004740073412972501e-02
4.885414508174451553e-03,1.772923699568101918e-02,-1.561708702977278318e-02,-7.091561156313384851e-02,1.979375550709214920e-02,7.083466271860003327e-02
4.988937415786235882e-03,1.728082986588177355e-02,-1.480796115998572748e-02,-7.151137846535680909e-02,2.019583509582686259e-02,7.162192470306999459e-02
5.092460323398020211e-03,1.683242273608253486e-02,-1.399883529019868567e-02,-7.210714536757976967e-02,2.059791468456157598e-02,7.240918668753995591e-02
5.125862109045329316e-03,1.640498459607821549e-02,-1.323412346431323237e-02,-7.263822018109009071e-02,2.096577019561467539e-02,7.311704770744971438e-02
5.010682826276815008e-03,1.602197807411163619e-02,-1.256352145742504339e-02,-7.303221761491475450e-02,2.126110761389776380e-02,7.365666441212702364e-02
4.895503543508351874e-03,1.563897155214522688e-02,-1.189291945053715278e-02,-7.342621504873925176e-02,2.155644503218072383e-02,7.419628111680409699e-02
4.780324260739887872e-03,1.525596503017881758e-02,-1.122231744364926218e-02,-7.382021248256374901e-02,2.185178245046368040e-02,7.473589782148117033e-02
4.665144977971424738e-03,1.487295850821240828e-02,-1.055171543676137157e-02,-7.421420991638823239e-02,2.214711986874663696e-02,7.527551452615822980e-02
4.549965695202910429e-03,1.448995198624582897e-02,-9.881113429873182585e-03,-7.460820735021291006e-02,2.244245728702972884e-02,7.581513123083553907e-02
4.434786412434446427e-03,1.410694546427941967e-02,-9.210511422985290242e-03,-7.500220478403740731e-02,2.273779470531268540e-02,7.635474793551261241e-02
4.319607129665983293e-03,1.372393894231301210e-02,-8.539909416097401368e-03,-7.539620221786189069e-02,2.303313212359564544e-02,7.689436464018968576e-02
4.204427846897519291e-03,1.334093242034660280e-02,-7.869307409209509024e-03,-7.579019965168638795e-02,2.332846954187860200e-02,7.743398134486674522e-02
4.089248564129004983e-03,1.295792589838002350e-02,-7.198705402321320911e-03,-7.618419708551105174e-02,2.362380696016169387e-02,7.797359804954405449e-02
3.974069281360541848e-03,1.257491937641361419e-02,-6.528103395433430302e-03,-7.657819451933554900e-02,2.391914437844465044e-02,7.851321475422112783e-02
3.858889998592078280e-03,1.219191285444720663e-02,-5.857501388545539693e-03,-7.697219195316004625e-02,2.421448179672761047e-02,7.905283145889820118e-02
3.743710715823614713e-03,1.180890633248079732e-02,-5.186899381657648217e-03,-7.736618938698454351e-02,2.450981921501056704e-02,7.959244816357526064e-02
3.628531433055151578e-03,1.142589981051438802e-02,-4.516297374769757608e-03,-7.776018682080902689e-02,2.480515663329352360e-02,8.013206486825233399e-02
3.513352150286636836e-03,1.104289328854780872e-02,-3.845695367881568627e-03,-7.815418425463370455e-02,2.510049405157661548e-02,8.067168157292964326e-02
3.398172867518173268e-03,1.065988676658139941e-02,-3.175093360993678018e-03,-7.854818168845820181e-02,2.539583146985957204e-02,8.121129827760671660e-02
3.282993584749710134e-03,1.027688024461499011e-02,-2.504491354105787410e-03,-7.894217912228268519e-02,2.569116888814253208e-02,8.175091498228378994e-02
3.167814301981246566e-03,9.893873722648580810e-03,-1.833889347217896801e-03,-7.933617655610718244e-02,2.598650630642548864e-02,8.229053168696084941e-02
3.052635019212731823e-03,9.510867200682003239e-03,-1.163287340329707820e-03,-7.973017398993184623e-02,2.628184372470858052e-02,8.283014839163815868e-02
2.937455736444268255e-03,9.127860678715593937e-03,-4.926853334418172109e-04,-8.012417142375634349e-02,2.657718114299153708e-02,8.336976509631523202e-02
2.822276453675805121e-03,8.744854156749184634e-03,1.779166734460733978e-04,-8.051816885758084075e-02,2.687251856127449712e-02,8.390938180099230537e-02
2.707097170907341553e-03,8.361847634782775332e-03,8.485186803339640066e-04,-8.091216629140533800e-02,2.716785597955745368e-02,8.444899850566936483e-02
2.591917888138826811e-03,7.978841112816197761e-03,1.519120687222152988e-03,-8.130616372523000179e-02,2.746319339784054209e-02,8.498861521034667410e-02
2.476738605370363677e-03,7.595834590849788459e-03,2.189722694110043597e-03,-8.170016115905449905e-02,2.775853081612350212e-02,8.552823191502374744e-02
2.361559322601900109e-03,7.212828068883379157e-03,2.860324700997935940e-03,-8.209415859287899631e-02,2.805386823440646216e-02,8.606784861970082079e-02
2.246380039833436541e-03,6.829821546916969854e-03,3.530926707885824814e-03,-8.248815602670347968e-02,2.834920565268941872e-02,8.660746532437788026e-02
2.131200757064922232e-03,6.446815024950390549e-03,4.201528714774015530e-03,-8.288215346052815735e-02,2.864454307097250713e-02,8.714708202905518952e-02
2.016021474296458664e-03,6.063808502983982981e-03,4.872130721661904404e-03,-8.327615089435264073e-02,2.893988048925546369e-02,8.768669873373226287e-02
1.900842191527995096e-03,5.680801981017573679e-03,5.542732728549796747e-03,-8.367014832817713799e-02,2.923521790753842373e-02,8.822631543840933621e-02
1.785662908759531528e-03,5.297795459051164377e-03,6.213334735437685621e-03,-8.406414576200163524e-02,2.953055532582138376e-02,8.876593214308639568e-02
1.670483625991017219e-03,4.914788937084585072e-03,6.883936742325876337e-03,-8.445814319582629903e-02,2.982589274410447217e-02,8.930554884776370494e-02
1.555304343222553651e-03,4.531782415118175769e-03,7.554538749213765211e-03,-8.485214062965079629e-02,3.012123016238742873e-02,8.984516555244077829e-02
1.440125060454090083e-03,4.148775893151766467e-03,8.225140756101657555e-03,-8.524613806347529354e-02,3.041656758067038877e-02,9.038478225711785163e-02
1.324945777685626949e-03,3.765769371185358899e-03,8.895742762989546429e-03,-8.564013549729979080e-02,3.071190499895334880e-02,9.092439896179491110e-02
1.209766494917112641e-03,3.382762849218779594e-03,9.566344769877737145e-03,-8.603413293112445459e-02,3.100724241723643720e-02,9.146401566647222037e-02
1.094587212148648639e-03,2.999756327252370292e-03,1.023694677676562602e-02,-8.642813036494895185e-02,3.130257983551939377e-02,9.200363237114929371e-02
9.794079293801855046e-04,2.616749805285960989e-03,1.090754878365351836e-02,-8.682212779877343523e-02,3.159791725380235727e-02,9.254324907582636706e-02
8.642286466117215030e-04,2.233743283319551687e-03,1.157815079054140724e-02,-8.721612523259793248e-02,3.189325467208531384e-02,9.308286578050342652e-02
7.490493638432071943e-04,1.850736761352974116e-03,1.224875279742959795e-02,-8.761012266642259627e-02,3.218859209036840224e-02,9.362248248518073579e-02
6.338700810747440600e-04,1.467730239386564814e-03,1.291935480431748683e-02,-8.800412010024709353e-02,3.248392950865135881e-02,9.416209918985780913e-02
5.186907983062800584e-04,1.084723717420155512e-03,1.358995681120537917e-02,-8.839811753407159078e-02,3.277926692693431537e-02,9.470171589453488248e-02
4.035115155378169241e-04,7.017171954537479439e-04,1.426055881809326804e-02,-8.879211496789608804e-02,3.307460434521727888e-02,9.524133259921195582e-02
2.883322327693026155e-04,3.187106734871686387e-04,1.493116082498145876e-02,-8.918611240172075183e-02,3.336994176350036728e-02,9.578094930388926509e-02
1.731529500008386138e-04,-6.429584847924066371e-05,1.560176283186934763e-02,-8.958010983554524909e-02,3.366527918178332385e-02,9.632056600856632456e-02
5.797366723237547953e-05,-4.473023704456499661e-04,1.627236483875724171e-02,-8.997410726936974634e-02,3.396061660006628041e-02,9.686018271324339790e-02
-5.720561553608765476e-05,-8.303088924120592684e-04,1.694296684564513406e-02,-9.036810470319422972e-02,3.425595401834924392e-02,9.739979941792047125e-02
-1.723848983046028308e-04,-1.213315414378638574e-03,1.761356885253331783e-02,-9.076210213701890739e-02,3.455129143663232538e-02,9.793941612259778051e-02
-2.648031896259214432e-04,-1.576883957084116881e-03,1.824738191596484219e-02,-9.111970147920098184e-02,3.482481296039314361e-02,9.843401377724446399e-02
-3.112582845219580979e-04,-1.901199743113282615e-03,1.880690395220297947e-02,-9.140379907433704432e-02,3.505427980193311782e-02,9.883770065392752380e-02
-3.577133794179947527e-04,-2.225515529142448566e-03,1.936642598844111676e-02,-9.168789666947309291e-02,3.528374664347309897e-02,9.924138753061058360e-02
-4.041684743140520073e-04,-2.549831315171758282e-03,1.992594802467950385e-02,-9.197199426460926641e-02,3.551321348501317726e-02,9.964507440729382381e-02
-4.506235692100886620e-04,-2.874147101200924016e-03,2.048547006091764114e-02,-9.225609185974532889e-02,3.574268032655315147e-02,1.000487612839768836e-01
-4.970786641061253168e-04,-3.198462887230089750e-03,2.104499209715577843e-02,-9.254018945488137748e-02,3.597214716809312568e-02,1.004524481606599434e-01
-5.435337590021619173e-04,-3.522778673259255484e-03,2.160451413339391571e-02,-9.282428705001742608e-02,3.620161400963310683e-02,1.008561350373430032e-01
-5.899888538982192262e-04,-3.847094459288565201e-03,2.216403616963230280e-02,-9.310838464515361346e-02,3.643108085117318512e-02,1.012598219140262434e-01
-6.364439487942558267e-04,-4.171410245317730935e-03,2.272355820587044009e-02,-9.339248224028966205e-02,3.666054769271315933e-02,1.016635087907093032e-01
-6.828990436902925357e-04,-4.495726031346896669e-03,2.328308024210857738e-02,-9.367657983542571065e-02,3.689001453425313354e-02,1.020671956673923630e-01
-7.293541385863291362e-04,-4.820041817376062403e-03,2.384260227834671467e-02,-9.396067743056175925e-02,3.711948137579311469e-02,1.024708825440754228e-01
-7.758092334823864450e-04,-5.144357603405372119e-03,2.440212431458510176e-02,-9.424477502569794662e-02,3.734894821733319298e-02,1.028745694207586631e-01
-8.222643283784230456e-04,-5.468673389434537853e-03,2.496164635082323904e-02,-9.452887262083399522e-02,3.757841505887316719e-02,1.032782562974417229e-01
-8.687194232744596461e-04,-5.792989175463703587e-03,2.552116838706137633e-02,-9.481297021597004382e-02,3.780788190041314140e-02,1.036819431741247827e-01
-9.151745181704963551e-04,-6.117304961492869321e-03,2.608069042329951709e-02,-9.509706781110610629e-02,3.803734874195312254e-02,1.040856300508078425e-01
-9.616296130665535555e-04,-6.441620747522179037e-03,2.664021245953790071e-02,-9.538116540624227979e-02,3.826681558349320084e-02,1.044893169274910827e-01
-1.008084707962590264e-03,-6.765936533551344771e-03,2.719973449577604147e-02,-9.566526300137834227e-02,3.849628242503317505e-02,1.048930038041741425e-01
-1.054539802858626973e-03,-7.090252319580510505e-03,2.775925653201417875e-02,-9.594936059651439086e-02,3.872574926657314925e-02,1.052966906808572023e-01
-1.100994897754663466e-03,-7.414568105609676239e-03,2.831877856825231604e-02,-9.623345819165043946e-02,3.895521610811313040e-02,1.057003775575402621e-01
-1.147449992650720774e-03,-7.738883891638985955e-03,2.887830060449070313e-02,-9.651755578678661296e-02,3.918468294965320869e-02,1.061040644342235023e-01
-1.193905087546757483e-03,-8.063199677668150822e-03,2.943782264072884042e-02,-9.680165338192267543e-02,3.941414979119318290e-02,1.065077513109065621e-01
-1.240360182442793975e-03,-8.387515463697318291e-03,2.999734467696697771e-02,-9.708575097705872403e-02,3.964361663273316405e-02,1.069114381875896219e-01
-1.286815277338830684e-03,-8.711831249726482290e-03,3.055686671320511499e-02,-9.736984857219477263e-02,3.987308347427313826e-02,1.073151250642726817e-01
-1.333270372234887993e-03,-9.036147035755792006e-03,3.111638874944350208e-02,-9.765394616733096000e-02,4.010255031581321655e-02,1.077188119409559219e-01
-1.379725467130924702e-03,-9.360462821784959475e-03,3.167591078568163937e-02,-9.793804376246700860e-02,4.033201715735319076e-02,1.081224988176389817e-01
-1.426180562026961194e-03,-9.684778607814125209e-03,3.223543282191977666e-02,-9.822214135760305720e-02,4.056148399889317191e-02,1.085261856943220415e-01
-1.472635656922997903e-03,-1.000909439384329094e-02,3.279495485815791395e-02,-9.850623895273911967e-02,4.079095084043314612e-02,1.089298725710051013e-01
-1.519090751819055212e-03,-1.033341017987260066e-02,3.335447689439630103e-02,-9.879033654787529317e-02,4.102041768197322441e-02,1.093335594476883416e-01
-1.565545846715091921e-03,-1.065772596590176639e-02,3.391399893063443832e-02,-9.907443414301134177e-02,4.124988452351319862e-02,1.097372463243714014e-01
-1.612000941611128413e-03,-1.098204175193093213e-02,3.447352096687257561e-02,-9.935853173814740424e-02,4.147935136505317977e-02,1.101409332010544612e-01
-1.658456036507165122e-03,-1.130635753796009786e-02,3.503304300311071290e-02,-9.964262933328345284e-02,4.170881820659315398e-02,1.105446200777375210e-01
-1.704911131403222431e-03,-1.163067332398940758e-02,3.559256503934909999e-02,-9.992672692841962634e-02,4.193828504813323227e-02,1.109483069544207612e-01
-1.751366226299258923e-03,-1.195498911001857331e-02,3.615208707558723727e-02,-1.002108245235556888e-01,4.216775188967320648e-02,1.113519938311038210e-01
-1.797821321195295632e-03,-1.227930489604773905e-02,3.671160911182537456e-02,-1.004949221186917374e-01,4.239721873121318763e-02,1.117556807077868808e-01
-1.844276416091332341e-03,-1.260362068207690478e-02,3.727113114806351185e-02,-1.007790197138277860e-01,4.262668557275316183e-02,1.121593675844699406e-01
-1.890731510987389650e-03,-1.292793646810621450e-02,3.783065318430189894e-02,-1.010631173089639734e-01,4.285615241429324013e-02,1.125630544611531808e-01
-1.937186605883426142e-03,-1.325225225413538023e-02,3.839017522054003623e-02,-1.013472149041000220e-01,4.308561925583321434e-02,1.129667413378362406e-01
-1.983641700779462634e-03,-1.357656804016454596e-02,3.894969725677817352e-02,-1.016313124992360706e-01,4.331508609737319548e-02,1.133704282145193004e-01
-2.030096795675499777e-03,-1.390088382619371170e-02,3.950921929301631774e-02,-1.019154100943721331e-01,4.354455293891316969e-02,1.137741150912023602e-01
-2.076551890571556869e-03,-1.422519961222302141e-02,4.006874132925469789e-02,-1.021995076895083066e-01,4.377401978045324799e-02,1.141778019678856004e-01
-2.123006985467593144e-03,-1.454951539825218715e-02,4.062826336549283518e-02,-1.024836052846443551e-01,4.400348662199322219e-02,1.145814888445686602e-01
-2.169462080363630287e-03,-1.487383118428135288e-02,4.118778540173097247e-02,-1.027677028797804176e-01,4.423295346353320334e-02,1.149851757212517200e-01
-2.215917175259666562e-03,-1.519814697031051862e-02,4.174730743796911669e-02,-1.030518004749164662e-01,4.446242030507317755e-02,1.153888625979347798e-01
-2.262372270155724088e-03,-1.552246275633982833e-02,4.230682947420749684e-02,-1.033358980700526397e-01,4.469188714661325584e-02,1.157925494746180201e-01
-2.308827365051760797e-03,-1.584677854236899580e-02,4.286635151044564107e-02,-1.036199956651887022e-01,4.492135398815323699e-02,1.161962363513010799e-01
-2.355282459947797072e-03,-1.617109432839815980e-02,4.342587354668377142e-02,-1.039040932603247508e-01,4.515082082969321120e-02,1.165999232279841397e-01
-2.401737554843833781e-03,-1.649541011442732380e-02,4.398539558292191565e-02,-1.041881908554607994e-01,4.538028767123318541e-02,1.170036101046671995e-01
-2.448192649739891306e-03,-1.681972590045663352e-02,4.454491761916029580e-02,-1.044722884505969868e-01,4.560975451277326370e-02,1.174072969813504397e-01
-2.494647744635927582e-03,-1.714404168648580445e-02,4.510443965539844002e-02,-1.047563860457330354e-01,4.583922135431324485e-02,1.178109838580334995e-01
-2.314788449829566306e-03,-1.737937415202428504e-02,4.550270217438601855e-02,-1.049153057271772355e-01,4.600213421549648879e-02,1.180694463804533995e-01
-2.021155031641045860e-03,-1.756997239055229851e-02,4.581989534450552071e-02,-1.050112952192679971e-01,4.613158866167219041e-02,1.182549008470346330e-01
-1.727521613452395310e-03,-1.776057062908039524e-02,4.613708851462516858e-02,-1.051072847113587866e-01,4.626104310784794754e-02,1.184403553136159498e-01
-1.433888195263875081e-03,-1.795116886760841218e-02,4.645428168474467073e-02,-1.052032742034495344e-01,4.639049755402364916e-02,1.186258097801971834e-01
-1.140254777075354851e-03,-1.814176710613642565e-02,4.677147485486417289e-02,-1.052992636955402961e-01,4.651995200019935078e-02,1.188112642467784169e-01
-8.466213588868346223e-04,-1.833236534466443912e-02,4.708866802498368198e-02,-1.053952531876310439e-01,4.664940644637505240e-02,1.189967187133596505e-01
-5.529879406981838552e-04,-1.852296358319253586e-02,4.740586119510332291e-02,-1.054912426797218333e-01,4.677886089255080954e-02,1.191821731799409673e-01
-2.593545225096638429e-04,-1.871356182172054933e-02,4.772305436522282507e-02,-1.055872321718125950e-01,4.690831533872651116e-02,1.193676276465222008e-01
3.427889567885660307e-05,-1.890416006024856280e-02,4.804024753534233416e-02,-1.056832216639033428e-01,4.703776978490221278e-02,1.195530821131034482e-01
3.279123138673766154e-04,-1.909475829877657627e-02,4.835744070546183632e-02,-1.057792111559940906e-01,4.716722423107791440e-02,1.197385365796846818e-01
6.215457320560275993e-04,-1.928535653730467647e-02,4.867463387558147725e-02,-1.058752006480848940e-01,4.729667867725367153e-02,1.199239910462659986e-01
9.151791502445476116e-04,-1.947595477583268994e-02,4.899182704570098634e-02,-1.059711901401756418e-01,4.742613312342937315e-02,1.201094455128472321e-01
1.208812568433068058e-03,-1.966655301436070341e-02,4.930902021582048850e-02,-1.060671796322664034e-01,4.755558756960507477e-02,1.202948999794284657e-01
1.502445986621588504e-03,-1.985715125288871688e-02,4.962621338593999065e-02,-1.061631691243571513e-01,4.768504201578076945e-02,1.204803544460096992e-01
1.796079404810238620e-03,-2.004774949141681362e-02,4.994340655605963852e-02,-1.062591586164479407e-01,4.781449646195653352e-02,1.206658089125910160e-01
2.089712822998759500e-03,-2.023834772994483056e-02,5.026059972617914068e-02,-1.063551481085387024e-01,4.794395090813223514e-02,1.208512633791722635e-01
2.383346241187279512e-03,-2.042894596847284402e-02,5.057779289629864283e-02,-1.064511376006294502e-01,4.807340535430792983e-02,1.210367178457534970e-01
2.676979659375799524e-03,-2.061954420700085749e-02,5.089498606641815193e-02,-1.065471270927201980e-01,4.820285980048363145e-02,1.212221723123347306e-01
2.970613077564450508e-03,-2.081014244552895423e-02,5.121217923653779286e-02,-1.066431165848110013e-01,4.833231424665938858e-02,1.214076267789160474e-01
3.264246495752970521e-03,-2.100074068405696770e-02,5.152937240665729501e-02,-1.067391060769017491e-01,4.846176869283509020e-02,1.215930812454972809e-01
3.557879913941490533e-03,-2.119133892258498117e-02,5.184656557677680411e-02,-1.068350955689924969e-01,4.859122313901079182e-02,1.217785357120785145e-01
3.851513332130011413e-03,-2.138193716111299464e-02,5.216375874689630626e-02,-1.069310850610832586e-01,4.872067758518649344e-02,1.219639901786597480e-01
4.145146750318661963e-03,-2.157253539964109484e-02,5.248095191701595413e-02,-1.070270745531740481e-01,4.885013203136225057e-02,1.221494446452410648e-01
4.438780168507181975e-03,-2.176313363816910831e-02,5.279814508713545629e-02,-1.071230640452648097e-01,4.897958647753795219e-02,1.223348991118223122e-01
4.732413586695701987e-03,-2.195373187669712178e-02,5.311533825725495844e-02,-1.072190535373555575e-01,4.910904092371365381e-02,1.225203535784035458e-01
5.026047004884222000e-03,-2.214433011522513525e-02,5.343253142737446060e-02,-1.073150430294463054e-01,4.923849536988935544e-02,1.227058080449847793e-01
5.319680423072872116e-03,-2.233492835375323199e-02,5.374972459749410847e-02,-1.074110325215371087e-01,4.936794981606511257e-02,1.228912625115660961e-01
5.613313841261393863e-03,-2.252552659228124893e-02,5.406691776761361062e-02,-1.075070220136278565e-01,4.949740426224081419e-02,1.230767169781473297e-01
5.906947259449913876e-03,-2.271612483080926240e-02,5.438411093773311278e-02,-1.076030115057186043e-01,4.962685870841651581e-02,1.232621714447285632e-01
6.200580677638433888e-03,-2.290672306933727587e-02,5.470130410785262187e-02,-1.076990009978093660e-01,4.975631315459221743e-02,1.234476259113097968e-01
6.494214095827084005e-03,-2.309732130786537260e-02,5.501849727797226974e-02,-1.077949904899001554e-01,4.988576760076797456e-02,1.236330803778911136e-01
6.787847514015604017e-03,-2.328791954639338607e-02,5.533569044809177190e-02,-1.078909799819909032e-01,5.001522204694367618e-02,1.238185348444723610e-01
7.081480932204124029e-03,-2.347851778492139954e-02,5.565288361821127405e-02,-1.079869694740816649e-01,5.014467649311937780e-02,1.240039893110535946e-01
7.375114350392645776e-03,-2.366911602344941301e-02,5.597007678833077621e-02,-1.080829589661724127e-01,5.027413093929507248e-02,1.241894437776348281e-01
7.668747768581295893e-03,-2.385971426197751322e-02,5.628726995845042408e-02,-1.081789484582632160e-01,5.040358538547083656e-02,1.243748982442161449e-01
7.962381186769815905e-03,-2.405031250050552669e-02,5.660446312856992623e-02,-1.082749379503539638e-01,5.053303983164653124e-02,1.245603527107973785e-01
8.256014604958335917e-03,-2.424091073903354016e-02,5.692165629868942839e-02,-1.083709274424447117e-01,5.066249427782223980e-02,1.247458071773786120e-01
8.549648023146855930e-03,-2.443150897756155362e-02,5.723884946880893054e-02,-1.084669169345354733e-01,5.079194872399793448e-02,1.249312616439598456e-01
8.843281441335507781e-03,-2.462210721608965036e-02,5.755604263892857841e-02,-1.085629064266262628e-01,5.092140317017369855e-02,1.251167161105411763e-01
9.136914859524027793e-03,-2.481270545461766730e-02,5.787323580904808751e-02,-1.086588959187170106e-01,5.105085761634939323e-02,1.253021705771223959e-01
9.430548277712547806e-03,-2.500330369314568077e-02,5.819042897916758966e-02,-1.087548854108077723e-01,5.118031206252509485e-02,1.254876250437036433e-01
9.724181695901067818e-03,-2.519390193167369424e-02,5.850762214928709182e-02,-1.088508749028985201e-01,5.130976650870079647e-02,1.256730795102848908e-01
1.001781511408971793e-02,-2.538450017020179098e-02,5.882481531940673969e-02,-1.089468643949893095e-01,5.143922095487655360e-02,1.258585339768661937e-01
1.031144853227823795e-02,-2.557509840872980444e-02,5.914200848952624184e-02,-1.090428538870800712e-01,5.156867540105225522e-02,1.260439884434474411e-01
1.060508195046675969e-02,-2.576569664725782138e-02,5.945920165964574400e-02,-1.091388433791708190e-01,5.169812984722795685e-02,1.262294429100286608e-01
1.089871536865527971e-02,-2.595629488578583138e-02,5.977639482976524615e-02,-1.092348328712615668e-01,5.182758429340365847e-02,1.264148973766099082e-01
1.119234878684379972e-02,-2.614689312431384832e-02,6.009358799988475525e-02,-1.093308223633523285e-01,5.195703873957936009e-02,1.266003518431911279e-01
1.148598220503244983e-02,-2.633749136284194506e-02,6.041078117000439618e-02,-1.094268118554431179e-01,5.208649318575511722e-02,1.267858063097724586e-01
1.177961562322096985e-02,-2.652808960136995853e-02,6.072797434012390527e-02,-1.095228013475338796e-01,5.221594763193081884e-02,1.269712607763536782e-01
1.207324904140948986e-02,-2.671868783989797200e-02,6.104516751024340049e-02,-1.096187908396246274e-01,5.234540207810652046e-02,1.271567152429349257e-01
1.236688245959801161e-02,-2.690928607842598547e-02,6.136236068036290958e-02,-1.097147803317153753e-01,5.247485652428222208e-02,1.273421697095161731e-01
1.208097966091835687e-02,-2.677359948175785445e-02,6.099862792407632212e-02,-1.088760513384288281e-01,5.224021180001496567e-02,1.264838893140146359e-01
1.174305242658330896e-02,-2.660862259412823463e-02,6.057376907072310052e-02,-1.079534135223889080e-01,5.197288222652823170e-02,1.255319137954203912e-01
1.140512519224825931e-02,-2.644364570649861482e-02,6.014891021736987892e-02,-1.070307757063489879e-01,5.170555265304149078e-02,1.245799382768261326e-01
1.106719795791320966e-02,-2.627866881886899500e-02,5.972405136401666426e-02,-1.061081378903090677e-01,5.143822307955475681e-02,1.236279627582318741e-01
1.072927072357801083e-02,-2.611369193123930579e-02,5.929919251066325531e-02,-1.051855000742687452e-01,5.117089350606790488e-02,1.226759872396371992e-01
1.039134348924296292e-02,-2.594871504360968598e-02,5.887433365731003371e-02,-1.042628622582288250e-01,5.090356393258116396e-02,1.217240117210429545e-01
1.005341625490791327e-02,-2.578373815598006616e-02,5.844947480395681211e-02,-1.033402244421889049e-01,5.063623435909442999e-02,1.207720362024486960e-01
9.715489020572863621e-03,-2.561876126835044981e-02,5.802461595060359051e-02,-1.024175866261489987e-01,5.036890478560768908e-02,1.198200606838544513e-01
9.377561786237664787e-03,-2.545378438072075714e-02,5.759975709725018156e-02,-1.014949488101086622e-01,5.010157521212083714e-02,1.188680851652597764e-01
9.039634551902615139e-03,-2.528880749309113732e-02,5.717489824389695996e-02,-1.005723109940687421e-01,4.983424563863409623e-02,1.179161096466655179e-01
8.701707317567567226e-03,-2.512383060546151750e-02,5.675003939054373836e-02,-9.964967317802883584e-02,4.956691606514736226e-02,1.169641341280712732e-01
8.363780083232517579e-03,-2.495885371783190115e-02,5.632518053719052370e-02,-9.872703536198891572e-02,4.929958649166062135e-02,1.160121586094770146e-01
8.025852848897318745e-03,-2.479387683020220848e-02,5.590032168383711475e-02,-9.780439754594857926e-02,4.903225691817376941e-02,1.150601830908823398e-01
7.687925614562269964e-03,-2.462889994257258866e-02,5.547546283048389315e-02,-9.688175972990867302e-02,4.876492734468703544e-02,1.141082075722880951e-01
7.349998380227221184e-03,-2.446392305494296884e-02,5.505060397713067155e-02,-9.595912191386875290e-02,4.849759777120029453e-02,1.131562320536938365e-01
7.012071145892171536e-03,-2.429894616731335250e-02,5.462574512377744995e-02,-9.503648409782883277e-02,4.823026819771356055e-02,1.122042565350995919e-01
6.674143911556972703e-03,-2.413396927968365982e-02,5.420088627042404100e-02,-9.411384628178851020e-02,4.796293862422670168e-02,1.112522810165049170e-01
6.336216677221923922e-03,-2.396899239205404000e-02,5.377602741707081940e-02,-9.319120846574859007e-02,4.769560905073996770e-02,1.103003054979106723e-01
5.998289442886874274e-03,-2.380401550442442365e-02,5.335116856371759780e-02,-9.226857064970866995e-02,4.742827947725322679e-02,1.093483299793164137e-01
5.660362208551825494e-03,-2.363903861679480384e-02,5.292630971036438314e-02,-9.134593283366874983e-02,4.716094990376649282e-02,1.083963544607221552e-01
5.322434974216626660e-03,-2.347406172916511116e-02,5.250145085701096725e-02,-9.042329501762842725e-02,4.689362033027963395e-02,1.074443789421274942e-01
4.984507739881577013e-03,-2.330908484153549134e-02,5.207659200365775259e-02,-8.950065720158850713e-02,4.662629075679289997e-02,1.064924034235332356e-01
4.646580505546528232e-03,-2.314410795390587500e-02,5.165173315030453099e-02,-8.857801938554858701e-02,4.635896118330616600e-02,1.055404279049389771e-01
4.308653271211479452e-03,-2.297913106627625518e-02,5.122687429695130940e-02,-8.765538156950866688e-02,4.609163160981942509e-02,1.045884523863447324e-01
3.970726036876280618e-03,-2.281415417864656250e-02,5.080201544359790045e-02,-8.673274375346834431e-02,4.582430203633257315e-02,1.036364768677500575e-01
3.632798802541230970e-03,-2.264917729101694269e-02,5.037715659024467885e-02,-8.581010593742842418e-02,4.555697246284583224e-02,1.026845013491557990e-01
3.294871568206181323e-03,-2.248420040338732634e-02,4.995229773689145725e-02,-8.488746812138850406e-02,4.528964288935909827e-02,1.017325258305615543e-01
2.956944333871133410e-03,-2.231922351575770652e-02,4.952743888353823565e-02,-8.396483030534858394e-02,4.502231331587236429e-02,1.007805503119673096e-01
2.619017099535934576e-03,-2.215424662812801385e-02,4.910258003018483364e-02,-8.304219248930826136e-02,4.475498374238550542e-02,9.982857479337262085e-02
2.281089865200884928e-03,-2.198926974049839750e-02,4.867772117683161204e-02,-8.211955467326834124e-02,4.448765416889877145e-02,9.887659927477837618e-02
1.943162630865835280e-03,-2.182429285286877768e-02,4.825286232347839044e-02,-8.119691685722842112e-02,4.422032459541203053e-02,9.792462375618413151e-02
1.605235396530787367e-03,-2.165931596523915786e-02,4.782800347012516884e-02,-8.027427904118850099e-02,4.395299502192529656e-02,9.697264823758987295e-02
1.267308162195588533e-03,-2.149433907760946519e-02,4.740314461677175989e-02,-7.935164122514817842e-02,4.368566544843843769e-02,9.602067271899519807e-02
9.293809278605388857e-04,-2.132936218997984884e-02,4.697828576341853829e-02,-7.842900340910827217e-02,4.341833587495170371e-02,9.506869720040095340e-02
5.914536935254892380e-04,-2.116438530235022902e-02,4.655342691006531669e-02,-7.750636559306833817e-02,4.315100630146496280e-02,9.411672168180669484e-02
2.535264591904413251e-04,-2.099940841472060921e-02,4.612856805671210203e-02,-7.658372777702843193e-02,4.288367672797822883e-02,9.316474616321243629e-02
-8.440077514475924358e-05,-2.083443152709091653e-02,4.570370920335868614e-02,-7.566108996098810935e-02,4.261634715449137689e-02,9.221277064461777528e-02
-4.223280094798071566e-04,-2.066945463946130018e-02,4.527885035000546454e-02,-7.473845214494817535e-02,4.234901758100463598e-02,9.126079512602351673e-02
-7.602552438148568043e-04,-2.050447775183168037e-02,4.485399149665224988e-02,-7.381581432890826910e-02,4.208168800751789507e-02,9.030881960742925818e-02
-1.098182478149906452e-03,-2.033950086420206055e-02,4.442913264329902828e-02,-7.289317651286834898e-02,4.181435843403116109e-02,8.935684408883501351e-02
-1.436109712485105286e-03,-2.017452397657237134e-02,4.400427378994561933e-02,-7.197053869682801253e-02,4.154702886054430916e-02,8.840486857024033862e-02
-1.774036946820153199e-03,-2.000954708894275152e-02,4.357941493659239773e-02,-7.104790088078810628e-02,4.127969928705756825e-02,8.745289305164608007e-02
-2.111964181155202847e-03,-1.984457020131313171e-02,4.315455608323917613e-02,-7.012526306474818616e-02,4.101236971357083427e-02,8.650091753305183540e-02
-2.449891415490252494e-03,-1.967959331368351189e-02,4.272969722988595453e-02,-6.920262524870826604e-02,4.074504014008409336e-02,8.554894201445759072e-02
-2.787818649825451328e-03,-1.951461642605382268e-02,4.230483837653255252e-02,-6.827998743266794346e-02,4.047771056659724143e-02,8.459696649586290196e-02
-3.125745884160499241e-03,-1.934963953842420287e-02,4.187997952317933092e-02,-6.735734961662802334e-02,4.021038099311050051e-02,8.364499097726865728e-02
-3.463673118495548889e-03,-1.918466265079458305e-02,4.145512066982610933e-02,-6.643471180058810321e-02,3.994305141962376654e-02,8.269301545867441261e-02
-3.801600352830598537e-03,-1.901968576316496323e-02,4.103026181647288773e-02,-6.551207398454818309e-02,3.967572184613703257e-02,8.174103994008015406e-02
-4.139527587165797370e-03,-1.885470887553527403e-02,4.060540296311947878e-02,-6.458943616850784664e-02,3.940839227265017369e-02,8.078906442148547917e-02
-4.477454821500847018e-03,-1.868973198790565421e-02,4.018054410976625718e-02,-6.366679835246794039e-02,3.914106269916343972e-02,7.983708890289123450e-02
-4.815382055835896666e-03,-1.852475510027603439e-02,3.975568525641303558e-02,-6.274416053642802027e-02,3.887373312567669881e-02,7.888511338429697595e-02
-5.153309290170942844e-03,-1.835977821264641457e-02,3.933082640305982092e-02,-6.182152272038810709e-02,3.860640355218996483e-02,7.793313786570271740e-02
-5.115200674309637076e-03,-1.824782145434575981e-02,3.903603020053976469e-02,-6.116480794989669761e-02,3.848967018485585645e-02,7.731608525394509379e-02
-4.788551478564508600e-03,-1.817654820761435003e-02,3.884103393111833918e-02,-6.071214178202175710e-02,3.848849259931347994e-02,7.695602635622629528e-02
-4.461902282819380991e-03,-1.810527496088294025e-02,3.864603766169690674e-02,-6.025947561414680964e-02,3.848731501377111036e-02,7.659596745850749677e-02
-4.135253087074253382e-03,-1.803400171415153047e-02,3.845104139227548123e-02,-5.980680944627186912e-02,3.848613742822874079e-02,7.623590856078869826e-02
-3.808603891328980924e-03,-1.796272846742008947e-02,3.825604512285396552e-02,-5.935414327839672044e-02,3.848495984268636427e-02,7.587584966306973322e-02
-3.481954695583852882e-03,-1.789145522068868316e-02,3.806104885343253308e-02,-5.890147711052177992e-02,3.848378225714399470e-02,7.551579076535092083e-02
-3.155305499838725273e-03,-1.782018197395727338e-02,3.786605258401110757e-02,-5.844881094264683941e-02,3.848260467160162512e-02,7.515573186763212232e-02
-2.828656304093597230e-03,-1.774890872722586360e-02,3.767105631458968207e-02,-5.799614477477189195e-02,3.848142708605924861e-02,7.479567296991332381e-02
-2.502007108348324772e-03,-1.767763548049442260e-02,3.747606004516816636e-02,-5.754347860689675020e-02,3.848024950051687904e-02,7.443561407219435877e-02
-2.175357912603196730e-03,-1.760636223376301282e-02,3.728106377574673391e-02,-5.709081243902180275e-02,3.847907191497450946e-02,7.407555517447556026e-02
-1.848708716858069121e-03,-1.753508898703160651e-02,3.708606750632530841e-02,-5.663814627114686223e-02,3.847789432943213295e-02,7.371549627675674787e-02
-1.522059521112941512e-03,-1.746381574030019673e-02,3.689107123690388290e-02,-5.618548010327191478e-02,3.847671674388976337e-02,7.335543737903794936e-02
-1.195410325367668621e-03,-1.739254249356875573e-02,3.669607496748236719e-02,-5.573281393539677303e-02,3.847553915834739380e-02,7.299537848131898432e-02
-8.687611296225410118e-04,-1.732126924683734595e-02,3.650107869806093475e-02,-5.528014776752183251e-02,3.847436157280501728e-02,7.263531958360018581e-02
-5.421119338774134030e-04,-1.724999600010593617e-02,3.630608242863950924e-02,-5.482748159964688506e-02,3.847318398726264771e-02,7.227526068588138730e-02
-2.154627381322857943e-04,-1.717872275337452639e-02,3.611108615921807680e-02,-5.437481543177194454e-02,3.847200640172027813e-02,7.191520178816257491e-02
1.111864576129875312e-04,-1.710744950664308539e-02,3.591608988979656109e-02,-5.392214926389679586e-02,3.847082881617790162e-02,7.155514289044362375e-02
4.378356533581151400e-04,-1.703617625991167908e-02,3.572109362037513558e-02,-5.346948309602185534e-02,3.846965123063553205e-02,7.119508399272481136e-02
7.644848491032427487e-04,-1.696490301318026930e-02,3.552609735095371007e-02,-5.301681692814691482e-02,3.846847364509316247e-02,7.083502509500601285e-02
1.091134044848370357e-03,-1.689362976644885952e-02,3.533110108153227763e-02,-5.256415076027196737e-02,3.846729605955078596e-02,7.047496619728721434e-02
1.417783240593643683e-03,-1.682235651971741852e-02,3.513610481211076192e-02,-5.211148459239682562e-02,3.846611847400841638e-02,7.011490729956824930e-02
1.744432436338771292e-03,-1.675108327298600874e-02,3.494110854268933641e-02,-5.165881842452187817e-02,3.846494088846604681e-02,6.975484840184945079e-02
2.071081632083898900e-03,-1.667981002625460243e-02,3.474611227326790397e-02,-5.120615225664693765e-02,3.846376330292367030e-02,6.939478950413063840e-02
2.397730827829026509e-03,-1.660853677952319266e-02,3.455111600384647846e-02,-5.075348608877199019e-02,3.846258571738130072e-02,6.903473060641183989e-02
2.724380023574299835e-03,-1.653726353279175165e-02,3.435611973442496275e-02,-5.030081992089684845e-02,3.846140813183893115e-02,6.867467170869287485e-02
3.051029219319426576e-03,-1.646599028606034187e-02,3.416112346500353725e-02,-4.984815375302190099e-02,3.846023054629655463e-02,6.831461281097407634e-02
3.377678415064555052e-03,-1.639471703932893210e-02,3.396612719558210480e-02,-4.939548758514696047e-02,3.845905296075418506e-02,6.795455391325527783e-02
3.704327610809681794e-03,-1.632344379259752579e-02,3.377113092616067930e-02,-4.894282141727201996e-02,3.845787537521181548e-02,6.759449501553646544e-02
4.030976806554955987e-03,-1.625217054586608478e-02,3.357613465673916359e-02,-4.849015524939687127e-02,3.845669778966943897e-02,6.723443611781750040e-02
4.357626002300082728e-03,-1.618089729913467500e-02,3.338113838731773808e-02,-4.803748908152193076e-02,3.845552020412706939e-02,6.687437722009870189e-02
4.684275198045211204e-03,-1.610962405240326523e-02,3.318614211789630564e-02,-4.758482291364698330e-02,3.845434261858469982e-02,6.651431832237990338e-02
5.010924393790337945e-03,-1.603835080567185545e-02,3.299114584847488013e-02,-4.713215674577204278e-02,3.845316503304232331e-02,6.615425942466110487e-02
5.337573589535612138e-03,-1.596707755894041791e-02,3.279614957905336442e-02,-4.667949057789690104e-02,3.845198744749995373e-02,6.579420052694213983e-02
5.664222785280738880e-03,-1.589580431220900814e-02,3.260115330963193891e-02,-4.622682441002195358e-02,3.845080986195757722e-02,6.543414162922332744e-02
5.990871981025867356e-03,-1.582453106547759836e-02,3.240615704021050647e-02,-4.577415824214700613e-02,3.844963227641520764e-02,6.507408273150452893e-02
6.317521176770994097e-03,-1.575325781874618858e-02,3.221116077078908096e-02,-4.532149207427206561e-02,3.844845469087283807e-02,6.471402383378573042e-02
6.644170372516266555e-03,-1.568198457201474758e-02,3.201616450136756525e-02,-4.486882590639692386e-02,3.844727710533046156e-02,6.435396493606676538e-02
6.970819568261395031e-03,-1.561071132528333953e-02,3.182116823194613281e-02,-4.441615973852197641e-02,3.844609951978809198e-02,6.399390603834796687e-02
7.297468764006523508e-03,-1.553943807855192975e-02,3.162617196252470730e-02,-4.396349357064703589e-02,3.844492193424572241e-02,6.363384714062915448e-02
7.624117959751650249e-03,-1.546816483182052171e-02,3.143117569310327486e-02,-4.351082740277209537e-02,3.844374434870334589e-02,6.327378824291035597e-02
7.950767155496921840e-03,-1.539689158508908071e-02,3.123617942368176262e-02,-4.305816123489694669e-02,3.844256676316097632e-02,6.291372934519139093e-02
8.277416351242052051e-03,-1.532561833835767093e-02,3.104118315426033364e-02,-4.260549506702200617e-02,3.844138917761860674e-02,6.255367044747259242e-02
8.604065546987178792e-03,-1.525434509162626288e-02,3.084618688483890814e-02,-4.215282889914706566e-02,3.844021159207623023e-02,6.219361154975378697e-02
8.930714742732305533e-03,-1.518307184489485311e-02,3.065119061541747569e-02,-4.170016273127211820e-02,3.843903400653386065e-02,6.183355265203498846e-02
9.257363938477577991e-03,-1.511179859816341210e-02,3.045619434599596345e-02,-4.124749656339697645e-02,3.843785642099149108e-02,6.147349375431602342e-02
9.584013134222708202e-03,-1.504052535143200406e-02,3.026119807657453448e-02,-4.079483039552202900e-02,3.843667883544911457e-02,6.111343485659721797e-02
9.910662329967834944e-03,-1.496925210470059428e-02,3.006620180715310550e-02,-4.034216422764708154e-02,3.843550124990674499e-02,6.075337595887841946e-02
1.023731152571296169e-02,-1.489797885796918624e-02,2.987120553773167653e-02,-3.988949805977214103e-02,3.843432366436437542e-02,6.039331706115962095e-02
1.056396072145823414e-02,-1.482670561123774523e-02,2.967620926831016082e-02,-3.943683189189699234e-02,3.843314607882199890e-02,6.003325816344065591e-02
1.089060991720336088e-02,-1.475543236450633545e-02,2.948121299888873531e-02,-3.898416572402205182e-02,3.843196849327962933e-02,5.967319926572185046e-02
1.121725911294849110e-02,-1.468415911777492741e-02,2.928621672946730634e-02,-3.853149955614711131e-02,3.843079090773725975e-02,5.931314036800304501e-02
1.154390830869361784e-02,-1.461288587104351763e-02,2.909122046004587736e-02,-3.807883338827217079e-02,3.842961332219488324e-02,5.895308147028424650e-02
1.114184525999338364e-02,-1.456375086337434281e-02,2.887526612813367047e-02,-3.734009396427763472e-02,3.844605840939906843e-02,5.835373246254861590e-02
1.048691113227999752e-02,-1.452229806557849001e-02,2.865203912046193277e-02,-3.650208400722679963e-02,3.846861875582485019e-02,5.767134718257190679e-02
9.831977004566609668e-03,-1.448084526778263721e-02,2.842881211279019160e-02,-3.566407405017595761e-02,3.849117910225063194e-02,5.698896190259520461e-02
9.177042876853223549e-03,-1.443939246998678441e-02,2.820558510511845043e-02,-3.482606409312511558e-02,3.851373944867640675e-02,5.630657662261849550e-02
8.522108749139545997e-03,-1.439793967219091253e-02,2.798235809744661212e-02,-3.398805413607390580e-02,3.853629979510219544e-02,5.562419134264148801e-02
7.867174621426158143e-03,-1.435648687439505973e-02,2.775913108977487095e-02,-3.315004417902306377e-02,3.855886014152797719e-02,5.494180606266478584e-02
7.212240493712771157e-03,-1.431503407659920693e-02,2.753590408210313326e-02,-3.231203422197222175e-02,3.858142048795375895e-02,5.425942078268807672e-02
6.557306365999384171e-03,-1.427358127880335413e-02,2.731267707443139209e-02,-3.147402426492137972e-02,3.860398083437953376e-02,5.357703550271137455e-02
5.902372238285706618e-03,-1.423212848100748225e-02,2.708945006675955378e-02,-3.063601430787016994e-02,3.862654118080532939e-02,5.289465022273436706e-02
5.247438110572319632e-03,-1.419067568321162945e-02,2.686622305908781261e-02,-2.979800435081932791e-02,3.864910152723110420e-02,5.221226494275765795e-02
4.592503982858931778e-03,-1.414922288541577665e-02,2.664299605141607144e-02,-2.895999439376848936e-02,3.867166187365688595e-02,5.152987966278095577e-02
3.937569855145544792e-03,-1.410777008761992385e-02,2.641976904374433027e-02,-2.812198443671764733e-02,3.869422222008266771e-02,5.084749438280425360e-02
3.282635727431867240e-03,-1.406631728982405370e-02,2.619654203607249196e-02,-2.728397447966643408e-02,3.871678256650845640e-02,5.016510910282724611e-02
2.627701599718481121e-03,-1.402486449202820090e-02,2.597331502840075426e-02,-2.644596452261559552e-02,3.873934291293423121e-02,4.948272382285053700e-02
1.972767472005093267e-03,-1.398341169423234810e-02,2.575008802072901309e-02,-2.560795456556475697e-02,3.876190325936001296e-02,4.880033854287383482e-02
1.317833344291705414e-03,-1.394195889643649530e-02,2.552686101305727193e-02,-2.476994460851391494e-02,3.878446360578579472e-02,4.811795326289712571e-02
6.628992165780278611e-04,-1.390050609864062342e-02,2.530363400538543361e-02,-2.393193465146270169e-02,3.880702395221158341e-02,4.743556798292011822e-02
7.965088864641742261e-06,-1.385905330084477062e-02,2.508040699771369245e-02,-2.309392469441186313e-02,3.882958429863736516e-02,4.675318270294341605e-02
-6.469690388487461113e-04,-1.381760050304891782e-02,2.485717999004195128e-02,-2.225591473736102111e-02,3.885214464506313997e-02,4.607079742296670694e-02
-1.301903166562132230e-03,-1.377614770525306502e-02,2.463395298237021358e-02,-2.141790478031017908e-02,3.887470499148892172e-02,4.538841214299000476e-02
-1.956837294275520084e-03,-1.373469490745721222e-02,2.441072597469847241e-02,-2.057989482325934052e-02,3.889726533791470348e-02,4.470602686301329565e-02
-2.611771421989197636e-03,-1.369324210966134034e-02,2.418749896702663410e-02,-1.974188486620812727e-02,3.891982568434049217e-02,4.402364158303628816e-02
-3.266705549702585490e-03,-1.365178931186548754e-02,2.396427195935489293e-02,-1.890387490915728524e-02,3.894238603076627392e-02,4.334125630305958599e-02
-3.921639677415971609e-03,-1.361033651406963474e-02,2.374104495168315176e-02,-1.806586495210644669e-02,3.896494637719204873e-02,4.265887102308288381e-02
-4.576573805129357728e-03,-1.356888371627378194e-02,2.351781794401141407e-02,-1.722785499505560466e-02,3.898750672361783048e-02,4.197648574310617470e-02
-5.231507932843037015e-03,-1.352743091847791179e-02,2.329459093633957228e-02,-1.638984503800439488e-02,3.901006707004361918e-02,4.129410046312916721e-02
-5.886442060556424868e-03,-1.348597812068205899e-02,2.307136392866783459e-02,-1.555183508095355285e-02,3.903262741646940093e-02,4.061171518315245810e-02
-6.541376188269809253e-03,-1.344452532288620619e-02,2.284813692099609342e-02,-1.471382512390271083e-02,3.905518776289517574e-02,3.992932990317575592e-02
-7.196310315983197106e-03,-1.340307252509035339e-02,2.262490991332435225e-02,-1.387581516685187227e-02,3.907774810932095749e-02,3.924694462319905375e-02
-7.851244443696876393e-03,-1.336161972729448151e-02,2.240168290565251394e-02,-1.303780520980065902e-02,3.910030845574674618e-02,3.856455934322204626e-02
-8.506178571410264247e-03,-1.332016692949862871e-02,2.217845589798077277e-02,-1.219979525274982046e-02,3.912286880217252794e-02,3.788217406324534409e-02
-9.161112699123648631e-03,-1.327871413170277591e-02,2.195522889030903507e-02,-1.136178529569897844e-02,3.914542914859830969e-02,3.719978878326863497e-02
-9.816046826837036485e-03,-1.323726133390692311e-02,2.173200188263729390e-02,-1.052377533864813641e-02,3.916798949502408450e-02,3.651740350329192586e-02
-1.047098095455071577e-02,-1.319580853611105123e-02,2.150877487496545559e-02,-9.685765381596926626e-03,3.919054984144987319e-02,3.583501822331491837e-02
-1.112591508226410016e-02,-1.315435573831520016e-02,2.128554786729371442e-02,-8.847755424546084602e-03,3.921311018787565494e-02,3.515263294333821620e-02
-1.178084920997748801e-02,-1.311290294051934563e-02,2.106232085962197326e-02,-8.009745467495246046e-03,3.923567053430143670e-02,3.447024766336151402e-02
-1.243578333769087586e-02,-1.307145014272349456e-02,2.083909385195023556e-02,-7.171735510444404021e-03,3.925823088072721151e-02,3.378786238338480491e-02
-1.309071746540455515e-02,-1.302999734492762268e-02,2.061586684427839378e-02,-6.333725553393190766e-03,3.928079122715300714e-02,3.310547710340779742e-02
-1.374565159311793953e-02,-1.298854454713176988e-02,2.039263983660665608e-02,-5.495715596342348741e-03,3.930335157357878195e-02,3.242309182343108831e-02
-1.440058572083132739e-02,-1.294709174933591708e-02,2.016941282893491491e-02,-4.657705639291513655e-03,3.932591192000456370e-02,3.174070654345438613e-02
-1.505551984854471524e-02,-1.290563895154006428e-02,1.994618582126317374e-02,-3.819695682240671630e-03,3.934847226643034546e-02,3.105832126347768396e-02
-1.571045397625839279e-02,-1.286418615374419240e-02,1.972295881359133543e-02,-2.981685725189454905e-03,3.937103261285613415e-02,3.037593598350067300e-02
-1.636538810397177718e-02,-1.282273335594833960e-02,1.949973180591959426e-02,-2.143675768138619819e-03,3.939359295928190896e-02,2.969355070352397083e-02
-1.702032223168516850e-02,-1.278128055815248680e-02,1.927650479824785656e-02,-1.305665811087777795e-03,3.941615330570769071e-02,2.901116542354726519e-02
-1.767525635939855289e-02,-1.273982776035663400e-02,1.905327779057611540e-02,-4.676558540369357697e-04,3.943871365213347246e-02,2.832878014357055954e-02
-1.833019048711222870e-02,-1.269837496256076385e-02,1.883005078290427708e-02,3.703541030142740165e-04,3.946127399855926116e-02,2.764639486359355205e-02
-1.898512461482562003e-02,-1.265692216476491105e-02,1.860682377523253592e-02,1.208364060065116041e-03,3.948383434498504291e-02,2.696400958361684641e-02
-1.964005874253900441e-02,-1.261546936696905652e-02,1.838359676756079475e-02,2.046374017115958066e-03,3.950639469141081772e-02,2.628162430364014424e-02
-1.968316179421977785e-02,-1.258318755629483053e-02,1.817359648881351070e-02,2.876936914104772421e-03,3.970165170774861418e-02,2.574582721233647023e-02
-1.832392167578297121e-02,-1.257192604298234401e-02,1.799391244227013104e-02,3.690430828783044549e-03,4.029273692739626656e-02,2.554601656117888239e-02
-1.696468155734676478e-02,-1.256066452966986269e-02,1.781422839572683117e-02,4.503924743460955421e-03,4.088382214704365525e-02,2.534620591002138129e-02
-1.560544143891055835e-02,-1.254940301635738137e-02,1.763454434918353478e-02,5.317418658138866293e-03,4.147490736669104394e-02,2.514639525886387672e-02
-1.424620132047435365e-02,-1.253814150304490005e-02,1.745486030264023491e-02,6.130912572816777165e-03,4.206599258633843263e-02,2.494658460770637562e-02
-1.288696120203754528e-02,-1.252687998973241353e-02,1.727517625609685872e-02,6.944406487495049726e-03,4.265707780598608501e-02,2.474677395654878778e-02
-1.152772108360133885e-02,-1.251561847641993221e-02,1.709549220955355886e-02,7.757900402172960598e-03,4.324816302563348064e-02,2.454696330539128321e-02
-1.016848096516513415e-02,-1.250435696310744915e-02,1.691580816301025900e-02,8.571394316850871470e-03,4.383924824528086933e-02,2.434715265423378211e-02
-8.809240846728927724e-03,-1.249309544979496783e-02,1.673612411646696260e-02,9.384888231528783209e-03,4.443033346492825802e-02,2.414734200307628101e-02
-7.450000728292119345e-03,-1.248183393648248131e-02,1.655644006992358294e-02,1.019838214620705404e-02,4.502141868457591040e-02,2.394753135191868970e-02
-6.090760609855912916e-03,-1.247057242316999999e-02,1.637675602338028655e-02,1.101187606088496578e-02,4.561250390422330603e-02,2.374772070076118860e-02
-4.731520491419708221e-03,-1.245931090985751867e-02,1.619707197683698668e-02,1.182536997556287578e-02,4.620358912387069472e-02,2.354791004960368750e-02
-3.372280372983503527e-03,-1.244804939654503735e-02,1.601738793029369029e-02,1.263886389024078752e-02,4.679467434351808341e-02,2.334809939844618640e-02
-2.013040254546693414e-03,-1.243678788323255083e-02,1.583770388375031063e-02,1.345235780491905835e-02,4.738575956316573579e-02,2.314828874728859509e-02
-6.538001361104869846e-04,-1.242552636992006951e-02,1.565801983720701077e-02,1.426585171959697008e-02,4.797684478281312448e-02,2.294847809613109399e-02
7.054399823257159752e-04,-1.241426485660758645e-02,1.547833579066371264e-02,1.507934563427488009e-02,4.856793000246051317e-02,2.274866744497359289e-02
2.064680100761922404e-03,-1.240300334329510513e-02,1.529865174412041451e-02,1.589283954895279183e-02,4.915901522210790880e-02,2.254885679381609179e-02
3.423920219198732517e-03,-1.239174182998261861e-02,1.511896769757703658e-02,1.670633346363106439e-02,4.975010044175556118e-02,2.234904614265850048e-02
4.783160337634938947e-03,-1.238048031667013729e-02,1.493928365103373845e-02,1.751982737830897613e-02,5.034118566140294987e-02,2.214923549150099938e-02
6.142400456071141907e-03,-1.236921880335765597e-02,1.475959960449043859e-02,1.833332129298688440e-02,5.093227088105033856e-02,2.194942484034349828e-02
7.501640574507348336e-03,-1.235795729004517465e-02,1.457991555794714046e-02,1.914681520766479961e-02,5.152335610069773419e-02,2.174961418918599718e-02
8.860880692944158449e-03,-1.234669577673268813e-02,1.440023151140376254e-02,1.996030912234306870e-02,5.211444132034538657e-02,2.154980353802840587e-02
1.010713917310741318e-02,-1.233681754840857542e-02,1.420732911136044982e-02,2.085335047032224262e-02,5.271738081248220076e-02,2.129111213942595782e-02
9.945625270621018255e-03,-1.234417531022975745e-02,1.384972354994658782e-02,2.273756774229217584e-02,5.346802676100764762e-02,2.029875559501888652e-02
9.784111368134623329e-03,-1.235153307205093774e-02,1.349211798853272581e-02,2.462178501426211252e-02,5.421867270953309448e-02,1.930639905061181522e-02
9.622597465648157281e-03,-1.235889083387212324e-02,1.313451242711870422e-02,2.650600228623288188e-02,5.496931865805887441e-02,1.831404250620430330e-02
9.461083563161762355e-03,-1.236624859569330527e-02,1.277690686570484048e-02,2.839021955820281856e-02,5.571996460658432127e-02,1.732168596179723546e-02
9.299569660675369165e-03,-1.237360635751448557e-02,1.241930130429097848e-02,3.027443683017275178e-02,5.647061055510976812e-02,1.632932941739016069e-02
9.138055758188974240e-03,-1.238096411933566759e-02,1.206169574287711647e-02,3.215865410214268499e-02,5.722125650363521498e-02,1.533697287298309113e-02
8.976541855702508191e-03,-1.238832188115685309e-02,1.170409018146309488e-02,3.404287137411345782e-02,5.797190245216098797e-02,1.434461632857557921e-02
8.815027953216113266e-03,-1.239567964297803339e-02,1.134648462004923114e-02,3.592708864608339103e-02,5.872254840068643483e-02,1.335225978416850791e-02
8.653514050729718340e-03,-1.240303740479921542e-02,1.098887905863536914e-02,3.781130591805332425e-02,5.947319434921188169e-02,1.235990323976143661e-02
8.492000148243323415e-03,-1.241039516662039745e-02,1.063127349722150713e-02,3.969552319002325746e-02,6.022384029773732855e-02,1.136754669535436531e-02
8.330486245756857366e-03,-1.241775292844158121e-02,1.027366793580748554e-02,4.157974046199403029e-02,6.097448624626310848e-02,1.037519015094685339e-02
8.168972343270464176e-03,-1.242511069026276324e-02,9.916062374393623535e-03,4.346395773396397044e-02,6.172513219478854840e-02,9.382833606539782087e-03
8.007458440784069251e-03,-1.243246845208394527e-02,9.558456812979759798e-03,4.534817500593389672e-02,6.247577814331399526e-02,8.390477062132712521e-03
7.845944538297674326e-03,-1.243982621390512730e-02,9.200851251565897795e-03,4.723239227790383687e-02,6.322642409183944212e-02,7.398120517725641221e-03
7.684430635811208277e-03,-1.244718397572631106e-02,8.843245690151876198e-03,4.911660954987460970e-02,6.397707004036522205e-02,6.405763973318129301e-03
7.522916733324813351e-03,-1.245454173754749309e-02,8.485640128738012461e-03,5.100082682184453597e-02,6.472771598889066891e-02,5.413407428911058000e-03
7.361402830838419294e-03,-1.246189949936867512e-02,8.128034567324152193e-03,5.288504409381447613e-02,6.547836193741611577e-02,4.421050884503986700e-03
7.199888928352025236e-03,-1.246925726118985542e-02,7.770429005910288456e-03,5.476926136578440935e-02,6.622900788594156263e-02,3.428694340096915399e-03
7.038375025865559187e-03,-1.247661502301104092e-02,7.412823444496266859e-03,5.665347863775518217e-02,6.697965383446734255e-02,2.436337795689403479e-03
6.876861123379164262e-03,-1.248397278483222295e-02,7.055217883082403989e-03,5.853769590972511538e-02,6.773029978299278941e-02,1.443981251282332179e-03
7.013395494064426049e-03,-1.253152712229815315e-02,6.437791322369322208e-03,6.207208602751916604e-02,6.915258018745508439e-02,-4.090316314493845553e-04
7.262046252950606941e-03,-1.259420214753522414e-02,5.722628271823820834e-03,6.622721928001601421e-02,7.082750835460942251e-02,-2.585796365207927716e-03
7.510697011836897988e-03,-1.265687717277232116e-02,5.007465221278002872e-03,7.038235253251470813e-02,7.250243652176449616e-02,-4.762561098967437768e-03
7.759347770723078880e-03,-1.271955219800939042e-02,4.292302170732502364e-03,7.453748578501155631e-02,7.417736468891882040e-02,-6.939325832725981580e-03
8.007998529609259772e-03,-1.278222722324645969e-02,3.577139120187002291e-03,7.869261903750840448e-02,7.585229285607315852e-02,-9.116090566484524524e-03
8.256649288495440664e-03,-1.284490224848352895e-02,2.861976069641501350e-03,8.284775229000525265e-02,7.752722102322748277e-02,-1.129285530024306747e-02
8.505300047381732578e-03,-1.290757727372062597e-02,2.146813019095683388e-03,8.700288554250394657e-02,7.920214919038255641e-02,-1.346962003400257665e-02
8.753950806267913470e-03,-1.297025229895769523e-02,1.431649968550182880e-03,9.115801879500079474e-02,8.087707735753689453e-02,-1.564638476776111786e-02
9.002601565154094362e-03,-1.303292732419476449e-02,7.164869180046823730e-04,9.531315204749764292e-02,8.255200552469121877e-02,-1.782314950151966254e-02
9.251252324040275254e-03,-1.309560234943183549e-02,1.323867459181865547e-06,9.946828529999449109e-02,8.422693369184555690e-02,-1.999991423527820722e-02
9.499903082926565434e-03,-1.315827737466893251e-02,-7.138391830866360963e-04,1.036234185524931850e-01,8.590186185900063054e-02,-2.217667896903771640e-02
9.748553841812746326e-03,-1.322095239990600177e-02,-1.429002233632136604e-03,1.077785518049900332e-01,8.757679002615495478e-02,-2.435344370279626108e-02
9.997204600698927218e-03,-1.328362742514307103e-02,-2.144165284177636244e-03,1.119336850574868814e-01,8.925171819330929290e-02,-2.653020843655480576e-02
1.024585535958510811e-02,-1.334630245038014029e-02,-2.859328334723137618e-03,1.160888183099837295e-01,9.092664636046361715e-02,-2.870697317031334350e-02
1.049450611847140002e-02,-1.340897747561723731e-02,-3.574491385268956448e-03,1.202439515624824234e-01,9.260157452761869079e-02,-3.088373790407285963e-02
1.074315687735758092e-02,-1.347165250085430657e-02,-4.289654435814456088e-03,1.243990848149792716e-01,9.427650269477302891e-02,-3.306050263783140430e-02
1.099180763624376181e-02,-1.353432752609137757e-02,-5.004817486359957462e-03,1.285542180674761337e-01,9.595143086192735316e-02,-3.523726737158994204e-02
1.124045839512994097e-02,-1.359700255132844683e-02,-5.719980536905457102e-03,1.327093513199729680e-01,9.762635902908167740e-02,-3.741403210534848672e-02
1.175728655897537167e-02,-1.366220744646508278e-02,-6.940584481518283222e-03,1.393806079961658617e-01,1.010908752426206703e-01,-4.029052470298659372e-02
1.244113965859726043e-02,-1.372898798276183871e-02,-8.475984644272998442e-03,1.476189443199543705e-01,1.056699739041646047e-01,-4.360281837620194612e-02
1.312499275821914918e-02,-1.379576851905859290e-02,-1.001138480702771366e-02,1.558572806437428793e-01,1.102490725657085391e-01,-4.691511204941730545e-02
1.380884585784103967e-02,-1.386254905535534883e-02,-1.154678496978242715e-02,1.640956169675313603e-01,1.148281712272524735e-01,-5.022740572263266479e-02
1.449269895746323200e-02,-1.392932959165213251e-02,-1.308218513253782411e-02,1.723339532913235050e-01,1.194072698887984479e-01,-5.353969939584948823e-02
1.517655205708512076e-02,-1.399611012794888844e-02,-1.461758529529253933e-02,1.805722896151120138e-01,1.239863685503423824e-01,-5.685199306906484062e-02
1.586040515670700951e-02,-1.406289066424564436e-02,-1.615298545804725455e-02,1.888106259389005226e-01,1.285654672118863306e-01,-6.016428674228019996e-02
1.654425825632890173e-02,-1.412967120054239856e-02,-1.768838562080196630e-02,1.970489622626890036e-01,1.331445658734302651e-01,-6.347658041549555930e-02
1.722811135595109233e-02,-1.419645173683918397e-02,-1.922378578355736500e-02,2.052872985864811484e-01,1.377236645349762256e-01,-6.678887408871238274e-02
1.791196445557298109e-02,-1.426323227313593817e-02,-2.075918594631208022e-02,2.135256349102696571e-01,1.423027631965201600e-01,-7.010116776192773513e-02
1.859581755519486984e-02,-1.433001280943269409e-02,-2.229458610906679544e-02,2.217639712340581659e-01,1.468818618580640945e-01,-7.341346143514310141e-02
1.927967065481676207e-02,-1.439679334572944829e-02,-2.382998627182150719e-02,2.300023075578466469e-01,1.514609605196080289e-01,-7.672575510835845380e-02
1.996352375443895266e-02,-1.446357388202623370e-02,-2.536538643457690589e-02,2.382406438816387917e-01,1.560400591811539894e-01,-8.003804878157527725e-02
2.064737685406084142e-02,-1.453035441832298789e-02,-2.690078659733161764e-02,2.464789802054273005e-01,1.606191578426979238e-01,-8.335034245479064352e-02
2.133122995368273017e-02,-1.459713495461974382e-02,-2.843618676008633633e-02,2.547173165292158092e-01,1.651982565042418583e-01,-8.666263612800598204e-02
2.078643703113962002e-02,-1.456155450154352285e-02,-3.012206404177691921e-02,2.628603709975440017e-01,1.700327716254593224e-01,-8.968475477613327418e-02
6.930518842416950528e-03,-1.341699723386779661e-02,-3.343820727780475593e-02,2.699711438397759955e-01,1.776344633202654455e-01,-8.956312328107356169e-02
-6.925399346299564163e-03,-1.227243996619257690e-02,-3.675435051383112162e-02,2.770819166820048807e-01,1.852361550150682101e-01,-8.944149178601389083e-02
-2.078131753501608059e-02,-1.112788269851735720e-02,-4.007049374985748036e-02,2.841926895242337658e-01,1.928378467098709748e-01,-8.931986029095423385e-02
-3.463723572373259701e-02,-9.983325430842139234e-03,-4.338663698588384604e-02,2.913034623664626510e-01,2.004395384046737394e-01,-8.919822879589457687e-02
-4.849315391245527518e-02,-8.838768163166411257e-03,-4.670278022191168277e-02,2.984142352086947003e-01,2.080412300994798902e-01,-8.907659730083485050e-02
-6.234907210117178467e-02,-7.694210895491193289e-03,-5.001892345793804845e-02,3.055250080509235300e-01,2.156429217942826548e-01,-8.895496580577519352e-02
-7.620499028988830803e-02,-6.549653627815975321e-03,-5.333506669396441413e-02,3.126357808931524151e-01,2.232446134890854195e-01,-8.883333431071553654e-02
-9.006090847860481752e-02,-5.405096360140755618e-03,-5.665120992999077287e-02,3.197465537353813003e-01,2.308463051838881841e-01,-8.871170281565586568e-02
-1.039168266673275026e-01,-4.260539092465029376e-03,-5.996735316601861654e-02,3.268573265776133496e-01,2.384479968786943349e-01,-8.859007132059615319e-02
-1.177727448560440121e-01,-3.115981824789809673e-03,-6.328349640204497528e-02,3.339680994198421793e-01,2.460496885734970718e-01,-8.846843982553649621e-02
-1.316286630447605077e-01,-1.971424557114591705e-03,-6.659963963807133402e-02,3.410788722620710645e-01,2.536513802682998642e-01,-8.834680833047682535e-02
-1.454845812334770172e-01,-8.268672894393720024e-04,-6.991578287409770665e-02,3.481896451042999496e-01,2.612530719631026010e-01,-8.822517683541716838e-02
-1.670624925135722472e-01,7.206744214422695699e-04,-7.381778397143705372e-02,3.551667608643917506e-01,2.672650753270383595e-01,-8.923354087108222032e-02
-2.269172404169218504e-01,4.265753492409684808e-03,-8.062380031154925408e-02,3.614813572158034893e-01,2.653972166135379895e-01,-9.584313425298000844e-02
-2.867719883202714537e-01,7.810832563377099504e-03,-8.742981665166145444e-02,3.677959535672152835e-01,2.635293579000376196e-01,-1.024527276348777965e-01
-3.466267362236210570e-01,1.135591163434451420e-02,-9.423583299177365480e-02,3.741105499186270777e-01,2.616614991865371942e-01,-1.090623210167755847e-01
-4.064814841269972501e-01,1.490099070531350316e-02,-1.010418493318888805e-01,3.804251462700416475e-01,2.597936404730359916e-01,-1.156719143986763010e-01
-4.663362320303467978e-01,1.844606977628091699e-02,-1.078478656720010809e-01,3.867397426214533862e-01,2.579257817595356217e-01,-1.222815077805740891e-01
-5.261909799336964566e-01,2.199114884724833255e-02,-1.146538820121132951e-01,3.930543389728651804e-01,2.560579230460352518e-01,-1.288911011624718772e-01
-5.860457278370461154e-01,2.553622791821574811e-02,-1.214598983522254955e-01,3.993689353242769746e-01,2.541900643325348264e-01,-1.355006945443696653e-01
-6.459004757403956631e-01,2.908130698918316367e-02,-1.282659146923376958e-01,4.056835316756887133e-01,2.523222056190344564e-01,-1.421102879262674534e-01
-7.057552236437718562e-01,3.262638606015215437e-02,-1.350719310324529077e-01,4.119981280271033386e-01,2.504543469055332539e-01,-1.487198813081681836e-01
-7.656099715471215150e-01,3.617146513111957340e-02,-1.418779473725651219e-01,4.183127243785150773e-01,2.485864881920328562e-01,-1.553294746900659717e-01
-8.178904824854477118e-01,3.983292821880659446e-02,-1.481314273268244941e-01,4.207020415703034422e-01,2.474197181863785344e-01,-1.579921648673254242e-01
-8.421445086512734379e-01,4.392503994970503589e-02,-1.523403907606965257e-01,4.085668888910182206e-01,2.488471437525383856e-01,-1.460503710451642179e-01
-8.663985348171099332e-01,4.801715168060529532e-02,-1.565493541945704170e-01,3.964317362117275589e-01,2.502745693186989029e-01,-1.341085772229977102e-01
-8.906525609829355483e-01,5.210926341150373675e-02,-1.607583176284424487e-01,3.842965835324423374e-01,2.517019948848587263e-01,-1.221667834008365039e-01
-9.149065871487612744e-01,5.620137514240217125e-02,-1.649672810623144803e-01,3.721614308531570603e-01,2.531294204510186052e-01,-1.102249895786752976e-01
-9.391606133145868895e-01,6.029348687330061268e-02,-1.691762444961865119e-01,3.600262781738718387e-01,2.545568460171784286e-01,-9.828319575651409123e-02
-9.634146394804233848e-01,6.438559860420087211e-02,-1.733852079300604032e-01,3.478911254945812326e-01,2.559842715833389182e-01,-8.634140193434756971e-02
-9.876686656462491110e-01,6.847771033509930660e-02,-1.775941713639324349e-01,3.357559728152959555e-01,2.574116971494987971e-01,-7.439960811218636338e-02
-1.011922691812074726e+00,7.256982206599775498e-02,-1.818031347978044665e-01,3.236208201360107339e-01,2.588391227156586760e-01,-6.245781429002515706e-02
-1.036176717977900452e+00,7.666193379689618947e-02,-1.860120982316764704e-01,3.114856674567254569e-01,2.602665482818184994e-01,-5.051602046786393685e-02
-1.048201353814731229e+00,8.117650207445223365e-02,-1.905108039558185695e-01,2.968009290312699222e-01,2.677498347632956133e-01,-3.144833641895874304e-02
-1.035494804645694655e+00,8.654539348105916297e-02,-1.955954481439268478e-01,2.769602282004696714e-01,2.874797347420314231e-01,2.029854187320004333e-03
-1.022788255476658081e+00,9.191428488766610616e-02,-2.006800923320351260e-01,2.571195273696694206e-01,3.072096347207672884e-01,3.550804479359875171e-02
-1.010081706307621285e+00,9.728317629427303548e-02,-2.057647365201434042e-01,2.372788265388691142e-01,3.269395346995030982e-01,6.898623539987749909e-02
-9.973751571385790493e-01,1.026520677008823657e-01,-2.108493807082539584e-01,2.174381257080600649e-01,3.466694346782477343e-01,1.024644260061710888e-01
-9.846686079695424754e-01,1.080209591074892950e-01,-2.159340248963622366e-01,1.975974248772597863e-01,3.663993346569835996e-01,1.359426166124498292e-01
-9.719620588005057904e-01,1.133898505140962243e-01,-2.210186690844705149e-01,1.777567240464595355e-01,3.861292346357194094e-01,1.694208072187285974e-01
-9.592555096314691054e-01,1.187587419207031675e-01,-2.261033132725787931e-01,1.579160232156592569e-01,4.058591346144552747e-01,2.028989978250073378e-01
-9.465489604624268694e-01,1.241276333273124977e-01,-2.311879574606893473e-01,1.380753223848501798e-01,4.255890345931998553e-01,2.363771884313009275e-01
-9.340143830702132277e-01,1.294753057451472344e-01,-2.359931183781957820e-01,1.170669949934760035e-01,4.440028397343278033e-01,2.697906865445558466e-01
-9.235855010526060616e-01,1.345631638647267203e-01,-2.373761675916562508e-01,8.176175276246680501e-02,4.463018214811845241e-01,3.024120623348761083e-01
-9.131566190349988954e-01,1.396510219843062062e-01,-2.387592168051167196e-01,4.645651053145759268e-02,4.486008032280411895e-01,3.350334381251963700e-01
-9.027277370173871773e-01,1.447388801038879402e-01,-2.401422660185777991e-01,1.115126830043271233e-02,4.508997849748989095e-01,3.676548139155310646e-01
-8.922988549997800112e-01,1.498267382234674261e-01,-2.415253152320382679e-01,-2.415397393057651387e-02,4.531987667217555749e-01,4.002761897058513263e-01
-8.818699729821729560e-01,1.549145963430469120e-01,-2.429083644454987367e-01,-5.945921616158571232e-02,4.554977484686122402e-01,4.328975654961715325e-01
-8.714410909645657899e-01,1.600024544626263978e-01,-2.442914136589592056e-01,-9.476445839259491077e-02,4.577967302154689611e-01,4.655189412864917942e-01
-8.610122089469540718e-01,1.650903125822081319e-01,-2.456744628724202850e-01,-1.300697006236197772e-01,4.600957119623266256e-01,4.981403170768264888e-01
-8.505833269293469057e-01,1.701781707017876177e-01,-2.470575120858807538e-01,-1.653749428546290035e-01,4.623946937091833465e-01,5.307616928671468060e-01
-8.401544449117397395e-01,1.752660288213671036e-01,-2.484405612993412227e-01,-2.006801850856382297e-01,4.646936754560400118e-01,5.633830686574670121e-01
-8.297255628941326844e-01,1.803538869409465895e-01,-2.498236105128017193e-01,-2.359854273166474559e-01,4.669926572028966771e-01,5.960044444477872183e-01
-8.192966808765209663e-01,1.854417450605283513e-01,-2.512066597262627710e-01,-2.712906695476723362e-01,4.692916389497543972e-01,6.286258202381219684e-01
-8.088677988589138002e-01,1.905296031801078371e-01,-2.525897089397232675e-01,-3.065959117786815624e-01,4.715906206966110625e-01,6.612471960284421746e-01
-7.984389168413066340e-01,1.956174612996873230e-01,-2.539727581531837086e-01,-3.419011540096907331e-01,4.738896024434677834e-01,6.938685718187624918e-01
-7.880100348236995789e-01,2.007053194192667811e-01,-2.553558073666442052e-01,-3.772063962406999593e-01,4.761885841903244487e-01,7.264899476090826980e-01
-7.775811528060877498e-01,2.057931775388485429e-01,-2.567388565801053124e-01,-4.125116384717248952e-01,4.784875659371821133e-01,7.591113233994173370e-01
-7.671522707884805836e-01,2.108810356584280288e-01,-2.581219057935657535e-01,-4.478168807027340659e-01,4.807865476840388341e-01,7.917326991897376542e-01
-7.567233887708735285e-01,2.159688937780075146e-01,-2.595049550070262501e-01,-4.831221229337432366e-01,4.830855294308954995e-01,8.243540749800578604e-01
-7.259883534410526140e-01,2.153110439572367141e-01,-2.541345360657330521e-01,-5.046576380291053487e-01,4.727036584046240830e-01,8.344835637013569007e-01
-6.929973522960555243e-01,2.140148595145399679e-01,-2.480138227158094621e-01,-5.246633688652684313e-01,4.609129744966793396e-01,8.421142567341830532e-01
-6.600063511510732006e-01,2.127186750718437769e-01,-2.418931093658885645e-01,-5.446690997014227431e-01,4.491222905887397587e-01,8.497449497670057639e-01
-6.270153500060907659e-01,2.114224906291475858e-01,-2.357723960159676668e-01,-5.646748305375770549e-01,4.373316066808002334e-01,8.573756427998283636e-01
-5.940243488611083311e-01,2.101263061864513948e-01,-2.296516826660467969e-01,-5.846805613737312557e-01,4.255409227728607080e-01,8.650063358326510743e-01
-5.610333477161113525e-01,2.088301217437546486e-01,-2.235309693161231792e-01,-6.046862922098944493e-01,4.137502388649159646e-01,8.726370288654772267e-01
-5.280423465711289177e-01,2.075339373010584576e-01,-2.174102559662022816e-01,-6.246920230460486501e-01,4.019595549569764392e-01,8.802677218982999374e-01
-4.950513454261465385e-01,2.062377528583622666e-01,-2.112895426162813839e-01,-6.446977538822029619e-01,3.901688710490368583e-01,8.878984149311226481e-01
-4.620603442811641592e-01,2.049415684156661033e-01,-2.051688292663604862e-01,-6.647034847183572737e-01,3.783781871410973330e-01,8.955291079639453589e-01
-4.290693431361671251e-01,2.036453839729693294e-01,-1.990481159164368963e-01,-6.847092155545203562e-01,3.665875032331525896e-01,9.031598009967714002e-01
-3.960783419911846903e-01,2.023491995302731383e-01,-1.929274025665159986e-01,-7.047149463906746680e-01,3.547968193252130087e-01,9.107904940295941110e-01
-3.630873408462023111e-01,2.010530150875769750e-01,-1.868066892165951010e-01,-7.247206772268288688e-01,3.430061354172735388e-01,9.184211870624168217e-01
-3.300963397012199319e-01,1.997568306448807840e-01,-1.806859758666742310e-01,-7.447264080629831806e-01,3.312154515093339580e-01,9.260518800952395324e-01
-2.971053385562228977e-01,1.984606462021840101e-01,-1.745652625167506133e-01,-7.647321388991463742e-01,3.194247676013891590e-01,9.336825731280655738e-01
-2.641143374112404629e-01,1.971644617594878190e-01,-1.684445491668297157e-01,-7.847378697353006860e-01,3.076340836934496892e-01,9.413132661608882845e-01
-2.311233362662581392e-01,1.958682773167916558e-01,-1.623238358169088458e-01,-8.047436005714548868e-01,2.958433997855101083e-01,9.489439591937109952e-01
-1.981323351212757045e-01,1.945720928740954647e-01,-1.562031224669879204e-01,-8.247493314076090876e-01,2.840527158775705829e-01,9.565746522265337060e-01
-1.634362404232505561e-01,1.925676318011285415e-01,-1.511056290672649627e-01,-8.354171149921946204e-01,2.828341670095822491e-01,9.641006823199772535e-01
-1.278979303377551224e-01,1.902133239555010014e-01,-1.465135458166323956e-01,-8.414725048175780708e-01,2.868376276867352082e-01,9.715750151104097787e-01
-9.235962025225970262e-02,1.878590161098734612e-01,-1.419214625659998286e-01,-8.475278946429615212e-01,2.908410883638881672e-01,9.790493479008424149e-01
-5.682131016676428281e-02,1.855047082642459211e-01,-1.373293793153672615e-01,-8.535832844683450826e-01,2.948445490410411263e-01,9.865236806912749401e-01
-2.128300008125308396e-02,1.831504004186173540e-01,-1.327372960647326405e-01,-8.596386742937311976e-01,2.988480097181958062e-01,9.939980134817107960e-01
1.425531000424232198e-02,1.807960925729898138e-01,-1.281452128141000735e-01,-8.656940641191146479e-01,3.028514703953487652e-01,1.001472346272143321e+00
4.979362008973775566e-02,1.784417847273622737e-01,-1.235531295634674925e-01,-8.717494539444980983e-01,3.068549310725017243e-01,1.008946679062575846e+00
8.533193017523318935e-02,1.760874768817347613e-01,-1.189610463128349255e-01,-8.778048437698815487e-01,3.108583917496546833e-01,1.016421011853008594e+00
1.208702402607443604e-01,1.737331690361061665e-01,-1.143689630622003184e-01,-8.838602335952677747e-01,3.148618524268094188e-01,1.023895344643444449e+00
1.453829421866262295e-01,1.723283346802408633e-01,-1.120487482900601739e-01,-8.830016107102355294e-01,3.129154742187706395e-01,1.022152089502711192e+00
1.496354115673563800e-01,1.726682162093990114e-01,-1.139032314592901413e-01,-8.694380645860110279e-01,3.000359014263478397e-01,1.003470950094046410e+00
1.538878809480865584e-01,1.730080977385571317e-01,-1.157577146285201225e-01,-8.558745184617864155e-01,2.871563286339250398e-01,9.847898106853816280e-01
1.581403503288186241e-01,1.733479792677154185e-01,-1.176121977977509087e-01,-8.423109723375558078e-01,2.742767558414964668e-01,9.661086712767086304e-01
1.623928197095488024e-01,1.736878607968735666e-01,-1.194666809669808760e-01,-8.287474262133311953e-01,2.613971830490736670e-01,9.474275318680438485e-01
1.666452890902789807e-01,1.740277423260316869e-01,-1.213211641362108434e-01,-8.151838800891066938e-01,2.485176102566508671e-01,9.287463924593790665e-01
1.708977584710091313e-01,1.743676238551898350e-01,-1.231756473054408108e-01,-8.016203339648820814e-01,2.356380374642280395e-01,9.100652530507142846e-01
1.751502278517411970e-01,1.747075053843481218e-01,-1.250301304746715969e-01,-7.880567878406514737e-01,2.227584646717994943e-01,8.913841136420412870e-01
1.794026972324713753e-01,1.750473869135062421e-01,-1.268846136439015782e-01,-7.744932417164268612e-01,2.098788918793766944e-01,8.727029742333765050e-01
1.836551666132015259e-01,1.753872684426643902e-01,-1.287390968131315594e-01,-7.609296955922022487e-01,1.969993190869538668e-01,8.540218348247117230e-01
1.816387866567908405e-01,1.751916174732764120e-01,-1.304848630779247842e-01,-7.433819211434685714e-01,1.820751095991135216e-01,8.301681971725992648e-01
1.704798060932788129e-01,1.742149364482862006e-01,-1.320720746889009201e-01,-7.200234777283130994e-01,1.641689658379290595e-01,7.987708967145137340e-01
1.593208255297717257e-01,1.732382554232964611e-01,-1.336592862998763620e-01,-6.966650343131678413e-01,1.462628220767525355e-01,7.673735962564420809e-01
1.481618449662646664e-01,1.722615743983066938e-01,-1.352464979108518039e-01,-6.733065908980226943e-01,1.283566783155760116e-01,7.359762957983704279e-01
1.370028644027575793e-01,1.712848933733169265e-01,-1.368337095218272459e-01,-6.499481474828775474e-01,1.104505345543995015e-01,7.045789953402987749e-01
1.258438838392455517e-01,1.703082123483267152e-01,-1.384209211328033817e-01,-6.265897040677219643e-01,9.254439079321503947e-02,6.731816948822132440e-01
1.146849032757384784e-01,1.693315313233369757e-01,-1.400081327437788237e-01,-6.032312606525768173e-01,7.463824703203851552e-02,6.417843944241415910e-01
1.035259227122314052e-01,1.683548502983472084e-01,-1.415953443547542656e-01,-5.798728172374315593e-01,5.673210327086200544e-02,6.103870939660700490e-01
9.236694214872433195e-02,1.673781692733574411e-01,-1.431825559657297076e-01,-5.565143738222864123e-01,3.882595950968548149e-02,5.789897935079983959e-01
8.120796158521229047e-02,1.664014882483672297e-01,-1.447697675767058711e-01,-5.331559304071308292e-01,2.091981574850101944e-02,5.475924930499127541e-01
7.004898102170521723e-02,1.654248072233774902e-01,-1.463569791876813131e-01,-5.097974869919856822e-01,3.013671987324495483e-03,5.161951925918412121e-01
5.889000045819814400e-02,1.644481261983877229e-01,-1.479441907986567550e-01,-4.864390435768404797e-01,-1.489247177385200072e-02,4.847978921337695590e-01
4.773101989469105688e-02,1.634714451733979557e-01,-1.495314024096321970e-01,-4.630806001616953327e-01,-3.279861553502852467e-02,4.534005916756979615e-01
3.657203933117902928e-02,1.624947641484077443e-01,-1.511186140206083328e-01,-4.397221567465397496e-01,-5.070475929621298672e-02,4.220032912176123752e-01
2.541305876767196992e-02,1.615180831234180048e-01,-1.527058256315837748e-01,-4.163637133313946026e-01,-6.861090305738948292e-02,3.906059907595407776e-01
1.425407820416488280e-02,1.605414020984282375e-01,-1.542930372425592167e-01,-3.930052699162494001e-01,-8.651704681856603463e-02,3.592086903014691246e-01
3.095097640657823446e-03,1.595647210734384702e-01,-1.558802488535346864e-01,-3.696468265011041976e-01,-1.044231905797425308e-01,3.278113898433975271e-01
-8.063882922854231916e-03,1.585880400484482866e-01,-1.574674604645108222e-01,-3.462883830859486700e-01,-1.223293343409270206e-01,2.964140893853119962e-01
-1.922286348636129127e-02,1.576113590234585193e-01,-1.590546720754862642e-01,-3.229299396708034675e-01,-1.402354781021035168e-01,2.650167889272403432e-01
-3.038184404986837839e-02,1.566346779984687521e-01,-1.606418836864617061e-01,-2.995714962556583205e-01,-1.581416218632800130e-01,2.336194884691686902e-01
-4.154082461337543775e-02,1.556579969734789848e-01,-1.622290952974371481e-01,-2.762130528405131180e-01,-1.760477656244565647e-01,2.022221880110970371e-01
-5.269980517688746535e-02,1.546813159484887734e-01,-1.638163069084132839e-01,-2.528546094253575349e-01,-1.939539093856409990e-01,1.708248875530115063e-01
-6.002353328635131463e-02,1.539313227381627347e-01,-1.649577198818189538e-01,-2.358727124951462417e-01,-2.058747995423487187e-01,1.487739936610761315e-01
-6.174826814866613001e-02,1.535122656418748954e-01,-1.654483220960247802e-01,-2.281997831328055060e-01,-2.090579612403898058e-01,1.403676949752964143e-01
-6.347300301098093844e-02,1.530932085455870562e-01,-1.659389243102306066e-01,-2.205268537704647702e-01,-2.122411229384308928e-01,1.319613962895166970e-01
-6.519773787329652404e-02,1.526741514492990504e-01,-1.664295265244366551e-01,-2.128539244081206205e-01,-2.154242846364733677e-01,1.235550976037332604e-01
-6.692247273561133247e-02,1.522550943530112111e-01,-1.669201287386425092e-01,-2.051809950457798570e-01,-2.186074463345144547e-01,1.151487989179535432e-01
-6.864720759792615479e-02,1.518360372567233718e-01,-1.674107309528483356e-01,-1.975080656834391213e-01,-2.217906080325555140e-01,1.067425002321738120e-01
-7.037194246024096322e-02,1.514169801604355325e-01,-1.679013331670541620e-01,-1.898351363210983855e-01,-2.249737697305966011e-01,9.833620154639409472e-02
-7.209667732255654882e-02,1.509979230641475267e-01,-1.683919353812602104e-01,-1.821622069587542359e-01,-2.281569314286391037e-01,8.992990286061064431e-02
-7.382141218487135725e-02,1.505788659678596875e-01,-1.688825375954660646e-01,-1.744892775964135001e-01,-2.313400931266801630e-01,8.152360417483092703e-02
-7.554614704718617957e-02,1.501598088715718482e-01,-1.693731398096718910e-01,-1.668163482340727644e-01,-2.345232548247212501e-01,7.311730548905120974e-02
-7.727088190950098801e-02,1.497407517752840089e-01,-1.698637420238777174e-01,-1.591434188717320009e-01,-2.377064165227623094e-01,6.471100680327149246e-02
-7.899561677181657360e-02,1.493216946789960031e-01,-1.703543442380837658e-01,-1.514704895093878512e-01,-2.408895782208048120e-01,5.630470811748804205e-02
-8.072035163413138203e-02,1.489026375827081639e-01,-1.708449464522896200e-01,-1.437975601470471432e-01,-2.440727399188458990e-01,4.789840943170832477e-02
-8.244508649644619047e-02,1.484835804864203246e-01,-1.713355486664954463e-01,-1.361246307847063797e-01,-2.472559016168869861e-01,3.949211074592860748e-02
-8.416982135876101279e-02,1.480645233901324853e-01,-1.718261508807012727e-01,-1.284517014223656439e-01,-2.504390633149280454e-01,3.108581206014887632e-02
-8.589455622107658450e-02,1.476454662938444795e-01,-1.723167530949073212e-01,-1.207787720600214942e-01,-2.536222250129705480e-01,2.267951337436543979e-02
-8.761929108339140682e-02,1.472264091975566402e-01,-1.728073553091131753e-01,-1.131058426976807585e-01,-2.568053867110116073e-01,1.427321468858572251e-02
-8.934402594570621525e-02,1.468073521012688010e-01,-1.732979575233190017e-01,-1.054329133353400227e-01,-2.599885484090526666e-01,5.866916002806005226e-03
-9.106876080802103757e-02,1.463882950049809617e-01,-1.737885597375248281e-01,-9.775998397299928699e-02,-2.631717101070937814e-01,-2.539382682973712058e-03
-9.279349567033660928e-02,1.459692379086929559e-01,-1.742791619517308765e-01,-9.008705461065513731e-02,-2.663548718051362840e-01,-1.094568136875717634e-02
-9.451823053265143160e-02,1.455501808124051166e-01,-1.747697641659367307e-01,-8.241412524831440156e-02,-2.695380335031773433e-01,-1.935198005453689363e-02
-9.624296539496624003e-02,1.451311237161172774e-01,-1.752603663801425571e-01,-7.474119588597363806e-02,-2.727211952012184026e-01,-2.775827874031661091e-02
-9.796770025728104847e-02,1.447120666198294658e-01,-1.757509685943483835e-01,-6.706826652363290231e-02,-2.759043568992595175e-01,-3.616457742609632819e-02
-9.969243511959663406e-02,1.442930095235414323e-01,-1.762415708085544597e-01,-5.939533716128875263e-02,-2.790875185973019645e-01,-4.457087611187979248e-02
-1.014171699819114425e-01,1.438739524272535930e-01,-1.767321730227602861e-01,-5.172240779894801688e-02,-2.822706802953430794e-01,-5.297717479765950976e-02
-1.031419048442262509e-01,1.434548953309657537e-01,-1.772227752369661125e-01,-4.404947843660728113e-02,-2.854538419933841387e-01,-6.138347348343922705e-02
-1.018806355823755477e-01,1.452106335037560425e-01,-1.796923093325467902e-01,-4.391270205183343822e-02,-2.846606287051008377e-01,-5.950776827011645953e-02
-1.004533159327577890e-01,1.470873110934811656e-01,-1.822718909674497234e-01,-4.419500784918208719e-02,-2.836462909371063046e-01,-5.706028530181335434e-02
-9.902599628314068259e-02,1.489639886832054283e-01,-1.848514726023515187e-01,-4.447731364653060432e-02,-2.826319531691122156e-01,-5.461280233351133856e-02
-9.759867663352356226e-02,1.508406662729296910e-01,-1.874310542372533139e-01,-4.475961944387912145e-02,-2.816176154011181265e-01,-5.216531936520932278e-02
-9.617135698390644194e-02,1.527173438626539814e-01,-1.900106358721550814e-01,-4.504192524122763858e-02,-2.806032776331240375e-01,-4.971783639690730006e-02
-9.474403733428932162e-02,1.545940214523782441e-01,-1.925902175070568767e-01,-4.532423103857615571e-02,-2.795889398651299484e-01,-4.727035342860528427e-02
-9.331671768467156292e-02,1.564706990421033672e-01,-1.951697991419598099e-01,-4.560653683592479773e-02,-2.785746020971354153e-01,-4.482287046030217909e-02
-9.188939803505444259e-02,1.583473766318276299e-01,-1.977493807768616052e-01,-4.588884263327331486e-02,-2.775602643291413263e-01,-4.237538749200016330e-02
-9.046207838543733615e-02,1.602240542215518926e-01,-2.003289624117634005e-01,-4.617114843062183199e-02,-2.765459265611472373e-01,-3.992790452369814058e-02
-8.903475873582021582e-02,1.621007318112761830e-01,-2.029085440466651957e-01,-4.645345422797034912e-02,-2.755315887931531482e-01,-3.748042155539613174e-02
-8.760743908620245712e-02,1.639774094010012784e-01,-2.054881256815681290e-01,-4.673576002531899115e-02,-2.745172510251586151e-01,-3.503293858709302655e-02
-8.618011943658533680e-02,1.658540869907255688e-01,-2.080677073164699242e-01,-4.701806582266750828e-02,-2.735029132571645816e-01,-3.258545561879100383e-02
-8.475279978696823036e-02,1.677307645804498315e-01,-2.106472889513717195e-01,-4.730037162001603235e-02,-2.724885754891704925e-01,-3.013797265048898805e-02
-8.332548013735111003e-02,1.696074421701740942e-01,-2.132268705862735148e-01,-4.758267741736454948e-02,-2.714742377211764035e-01,-2.769048968218697226e-02
-8.189816048773335133e-02,1.714841197598992173e-01,-2.158064522211764480e-01,-4.786498321471319151e-02,-2.704598999531818704e-01,-2.524300671388386708e-02
-8.047084083811623101e-02,1.733607973496234800e-01,-2.183860338560782433e-01,-4.814728901206170864e-02,-2.694455621851877813e-01,-2.279552374558185129e-02
-7.904352118849911069e-02,1.752374749393477704e-01,-2.209656154909800385e-01,-4.842959480941022576e-02,-2.684312244171936923e-01,-2.034804077727982857e-02
-7.761620153888199036e-02,1.771141525290720331e-01,-2.235451971258818338e-01,-4.871190060675874289e-02,-2.674168866491996033e-01,-1.790055780897781279e-02
-7.618888188926424554e-02,1.789908301187971285e-01,-2.261247787607847670e-01,-4.899420640410738492e-02,-2.664025488812050702e-01,-1.545307484067470760e-02
-7.476156223964712522e-02,1.808675077085214189e-01,-2.287043603956865623e-01,-4.927651220145590205e-02,-2.653882111132109811e-01,-1.300559187237269182e-02
-7.333424259003000489e-02,1.827441852982457093e-01,-2.312839420305883575e-01,-4.955881799880441918e-02,-2.643738733452168921e-01,-1.055810890407067604e-02
-7.190692294041289845e-02,1.846208628879699720e-01,-2.338635236654901528e-01,-4.984112379615293631e-02,-2.633595355772228030e-01,-8.110625935768653316e-03
-7.047960329079513975e-02,1.864975404776950674e-01,-2.364431053003930860e-01,-5.012342959350157834e-02,-2.623451978092282699e-01,-5.663142967465548128e-03
-6.905228364117801942e-02,1.883742180674193578e-01,-2.390226869352948813e-01,-5.040573539085009547e-02,-2.613308600412342364e-01,-3.215659999163532345e-03
-6.762496399156089910e-02,1.902508956571436205e-01,-2.416022685701966766e-01,-5.068804118819861260e-02,-2.603165222732401474e-01,-7.681770308615165632e-04
-6.619764434194377878e-02,1.921275732468679109e-01,-2.441818502050984718e-01,-5.097034698554713666e-02,-2.593021845052460583e-01,1.679305937440499219e-03
-6.477032469232602008e-02,1.940042508365930063e-01,-2.467614318400014051e-01,-5.125265278289577869e-02,-2.582878467372515252e-01,4.126788905743604408e-03
-6.334300504270889975e-02,1.958809284263172690e-01,-2.493410134749032003e-01,-5.153495858024429582e-02,-2.572735089692574362e-01,6.574271874045627129e-03
-6.231452266636425957e-02,1.980502568697853627e-01,-2.522960841454774394e-01,-5.162935354417744205e-02,-2.572437053564621823e-01,8.386677872406609127e-03
-6.261238885669455356e-02,2.011928068910939504e-01,-2.564998579279190727e-01,-5.109884386337167766e-02,-2.604880076336957284e-01,8.087111181014702485e-03
-6.291025504702499327e-02,2.043353569124039260e-01,-2.607036317103625378e-01,-5.056833418256567736e-02,-2.637323099109307178e-01,7.787544489622664004e-03
-6.320812123735529420e-02,2.074779069337125137e-01,-2.649074054928041710e-01,-5.003782450175991298e-02,-2.669766121881642640e-01,7.487977798230757362e-03
-6.350598742768560900e-02,2.106204569550210737e-01,-2.691111792752457488e-01,-4.950731482095414165e-02,-2.702209144653978656e-01,7.188411106838851587e-03
-6.380385361801590993e-02,2.137630069763296614e-01,-2.733149530576873820e-01,-4.897680514014837727e-02,-2.734652167426314118e-01,6.888844415446945812e-03
-6.410171980834634964e-02,2.169055569976396369e-01,-2.775187268401308471e-01,-4.844629545934237697e-02,-2.767095190198664012e-01,6.589277724054906464e-03
-6.439958599867665057e-02,2.200481070189482247e-01,-2.817225006225724804e-01,-4.791578577853661258e-02,-2.799538212970999473e-01,6.289711032663000689e-03
-6.469745218900695150e-02,2.231906570402567846e-01,-2.859262744050140581e-01,-4.738527609773084126e-02,-2.831981235743334935e-01,5.990144341271094047e-03
-6.499531837933725242e-02,2.263332070615653724e-01,-2.901300481874556914e-01,-4.685476641692507688e-02,-2.864424258515670951e-01,5.690577649879187405e-03
-6.529318456966769213e-02,2.294757570828753479e-01,-2.943338219698991565e-01,-4.632425673611907657e-02,-2.896867281288020846e-01,5.391010958487148924e-03
-6.559105075999799306e-02,2.326183071041839356e-01,-2.985375957523407897e-01,-4.579374705531331219e-02,-2.929310304060356307e-01,5.091444267095242282e-03
-6.588891695032829399e-02,2.357608571254924956e-01,-3.027413695347824230e-01,-4.526323737450754781e-02,-2.961753326832691768e-01,4.791877575703336507e-03
-6.618678314065859491e-02,2.389034071468010834e-01,-3.069451433172240007e-01,-4.473272769370177648e-02,-2.994196349605027230e-01,4.492310884311429865e-03
-6.648464933098903462e-02,2.420459571681110589e-01,-3.111489170996675213e-01,-4.420221801289577618e-02,-3.026639372377377679e-01,4.192744192919391384e-03
-6.678251552131933555e-02,2.451885071894196466e-01,-3.153526908821090990e-01,-4.367170833209001179e-02,-3.059082395149713141e-01,3.893177501527484742e-03
-6.708038171164965036e-02,2.483310572107282344e-01,-3.195564646645507323e-01,-4.314119865128424741e-02,-3.091525417922048602e-01,3.593610810135578967e-03
-6.737824790197995128e-02,2.514736072320368221e-01,-3.237602384469923100e-01,-4.261068897047848303e-02,-3.123968440694384063e-01,3.294044118743672325e-03
-6.767611409231039099e-02,2.546161572533467976e-01,-3.279640122294358306e-01,-4.208017928967247578e-02,-3.156411463466734513e-01,2.994477427351633844e-03
-6.797398028264069192e-02,2.577587072746553298e-01,-3.321677860118774084e-01,-4.154966960886671140e-02,-3.188854486239069974e-01,2.694910735959727202e-03
-6.827184647297099285e-02,2.609012572959639176e-01,-3.363715597943190416e-01,-4.101915992806094702e-02,-3.221297509011405436e-01,2.395344044567821427e-03
-6.856971266330129378e-02,2.640438073172725053e-01,-3.405753335767606194e-01,-4.048865024725518263e-02,-3.253740531783740897e-01,2.095777353175914785e-03
-6.886757885363173348e-02,2.671863573385824808e-01,-3.447791073592041400e-01,-3.995814056644918233e-02,-3.286183554556091346e-01,1.796210661783875437e-03
-6.916544504396203441e-02,2.703289073598910686e-01,-3.489828811416457732e-01,-3.942763088564341101e-02,-3.318626577328426808e-01,1.496643970391969662e-03
-6.946331123429233534e-02,2.734714573811996563e-01,-3.531866549240873510e-01,-3.889712120483764662e-02,-3.351069600100762269e-01,1.197077279000063887e-03
-6.976117742462265015e-02,2.766140074025081885e-01,-3.573904287065289842e-01,-3.836661152403188224e-02,-3.383512622873097730e-01,8.975105876081572454e-04
-7.005904361495307597e-02,2.797565574238182196e-01,-3.615942024889724493e-01,-3.783610184322588194e-02,-3.415955645645447625e-01,5.979438962161187643e-04
-7.035690980528337690e-02,2.828991074451268073e-01,-3.657979762714140826e-01,-3.730559216242011755e-02,-3.448398668417783641e-01,2.983772048242121222e-04
-7.065477599561369171e-02,2.860416574664353395e-01,-3.700017500538556603e-01,-3.677508248161434623e-02,-3.480841691190119103e-01,-1.189486567694519881e-06
-7.095264218594399264e-02,2.891842074877439273e-01,-3.742055238362972935e-01,-3.624457280080858185e-02,-3.513284713962454564e-01,-3.007561779596011620e-04
-7.137573912352446204e-02,2.922803712576889090e-01,-3.783936889400043579e-01,-3.564252105624583083e-02,-3.545678543338171007e-01,-6.627350416588059789e-04
-7.244133981557900059e-02,2.951385476218825188e-01,-3.825017727944182711e-01,-3.467341852284119841e-02,-3.577819983083243005e-01,-1.344923246251608770e-03
-7.350694050763353915e-02,2.979967239860761841e-01,-3.866098566488322397e-01,-3.370431598943655904e-02,-3.609961422828315003e-01,-2.027111450844411560e-03
-7.457254119968807771e-02,3.008549003502697938e-01,-3.907179405032461528e-01,-3.273521345603192662e-02,-3.642102862573386446e-01,-2.709299655437214134e-03
-7.563814189174308811e-02,3.037130767144646804e-01,-3.948260243576618977e-01,-3.176611092262685704e-02,-3.674244302318472877e-01,-3.391487860030319851e-03
-7.670374258379762666e-02,3.065712530786582901e-01,-3.989341082120758664e-01,-3.079700838922222461e-02,-3.706385742063544320e-01,-4.073676064623122858e-03
-7.776934327585216522e-02,3.094294294428518999e-01,-4.030421920664897795e-01,-2.982790585581758872e-02,-3.738527181808616318e-01,-4.755864269215924998e-03
-7.883494396790670378e-02,3.122876058070455096e-01,-4.071502759209036926e-01,-2.885880332241295282e-02,-3.770668621553688316e-01,-5.438052473808728006e-03
-7.990054465996171418e-02,3.151457821712404517e-01,-4.112583597753194375e-01,-2.788970078900788671e-02,-3.802810061298774191e-01,-6.120240678401833723e-03
-8.096614535201625273e-02,3.180039585354340614e-01,-4.153664436297334062e-01,-2.692059825560325081e-02,-3.834951501043846189e-01,-6.802428882994636730e-03
-8.203174604407079129e-02,3.208621348996276712e-01,-4.194745274841473193e-01,-2.595149572219861839e-02,-3.867092940788917632e-01,-7.484617087587439738e-03
-8.309734673612532985e-02,3.237203112638212810e-01,-4.235826113385612324e-01,-2.498239318879397902e-02,-3.899234380533989630e-01,-8.166805292180241010e-03
-8.416294742818034025e-02,3.265784876280161675e-01,-4.276906951929769773e-01,-2.401329065538891638e-02,-3.931375820279075506e-01,-8.848993496773347595e-03
-8.522854812023487880e-02,3.294366639922098328e-01,-4.317987790473909460e-01,-2.304418812198428049e-02,-3.963517260024147504e-01,-9.531181701366148867e-03
-8.629414881228941736e-02,3.322948403564034425e-01,-4.359068629018048591e-01,-2.207508558857964459e-02,-3.995658699769219502e-01,-1.021336990595895361e-02
-8.735974950434395592e-02,3.351530167205970523e-01,-4.400149467562187722e-01,-2.110598305517500869e-02,-4.027800139514290945e-01,-1.089555811055175488e-02
-8.842535019639896632e-02,3.380111930847919388e-01,-4.441230306106345171e-01,-2.013688052176994259e-02,-4.059941579259377376e-01,-1.157774631514486147e-02
-8.949095088845350487e-02,3.408693694489855486e-01,-4.482311144650484858e-01,-1.916777798836530669e-02,-4.092083019004448818e-01,-1.225993451973766621e-02
-9.055655158050804343e-02,3.437275458131791583e-01,-4.523391983194623989e-01,-1.819867545496067426e-02,-4.124224458749520816e-01,-1.294212272433046748e-02
-9.162215227256258199e-02,3.465857221773728236e-01,-4.564472821738763120e-01,-1.722957292155603837e-02,-4.156365898494592814e-01,-1.362431092892326875e-02
-9.268775296461759239e-02,3.494438985415677101e-01,-4.605553660282920569e-01,-1.626047038815097226e-02,-4.188507338239678690e-01,-1.430649913351637534e-02
-9.375335365667213094e-02,3.523020749057613199e-01,-4.646634498827060256e-01,-1.529136785474633636e-02,-4.220648777984750688e-01,-1.498868733810918008e-02
-9.481895434872666950e-02,3.551602512699549297e-01,-4.687715337371199387e-01,-1.432226532134170047e-02,-4.252790217729822131e-01,-1.567087554270198135e-02
-9.588455504078120806e-02,3.580184276341485394e-01,-4.728796175915338518e-01,-1.335316278793706457e-02,-4.284931657474894129e-01,-1.635306374729478263e-02
-9.695015573283621846e-02,3.608766039983434259e-01,-4.769877014459496523e-01,-1.238406025453200193e-02,-4.317073097219980005e-01,-1.703525195188788921e-02
-9.801575642489075701e-02,3.637347803625370357e-01,-4.810957853003635654e-01,-1.141495772112736604e-02,-4.349214536965052003e-01,-1.771744015648069048e-02
-9.908135711694529557e-02,3.665929567267307010e-01,-4.852038691547774785e-01,-1.044585518772273014e-02,-4.381355976710124001e-01,-1.839962836107349523e-02
-1.001469578089998341e-01,3.694511330909243108e-01,-4.893119530091913916e-01,-9.476752654318094243e-03,-4.413497416455195443e-01,-1.908181656566629650e-02
-1.012125585010548445e-01,3.723093094551191973e-01,-4.934200368636071921e-01,-8.507650120913028136e-03,-4.445638856200281874e-01,-1.976400477025940308e-02
-1.022781591931093831e-01,3.751674858193128070e-01,-4.975281207180211052e-01,-7.538547587508392239e-03,-4.477780295945353872e-01,-2.044619297485220435e-02
-1.033187190776527625e-01,3.744244236654340474e-01,-4.973864799226080380e-01,-6.333057933926313464e-03,-4.459929349150889011e-01,-2.022911422850932200e-02
-1.043406970056087318e-01,3.710090012942867665e-01,-4.940912587598961236e-01,-4.952153202266284387e-03,-4.404980702694412109e-01,-1.934471916521206258e-02
-1.053626749335651591e-01,3.675935789231379314e-01,-4.907960375971827105e-01,-3.571248470605642520e-03,-4.350032056237911338e-01,-1.846032410191441112e-02
-1.063846528615211284e-01,3.641781565519905950e-01,-4.875008164344707962e-01,-2.190343738945613877e-03,-4.295083409781434436e-01,-1.757592903861715170e-02
-1.074066307894770977e-01,3.607627341808432586e-01,-4.842055952717588818e-01,-8.094390072855848009e-04,-4.240134763324958089e-01,-1.669153397531989574e-02
-1.084286087174330671e-01,3.573473118096959222e-01,-4.809103741090469675e-01,5.714657243744434081e-04,-4.185186116868481188e-01,-1.580713891202263632e-02
-1.094505866453894943e-01,3.539318894385470871e-01,-4.776151529463335543e-01,1.952370456035084842e-03,-4.130237470411980416e-01,-1.492274384872498486e-02
-1.104725645733454636e-01,3.505164670673998062e-01,-4.743199317836216400e-01,3.333275187695114786e-03,-4.075288823955503514e-01,-1.403834878542772543e-02
-1.114945425013014330e-01,3.471010446962524698e-01,-4.710247106209097256e-01,4.714179919355142995e-03,-4.020340177499027168e-01,-1.315395372213046601e-02
-1.125165204292574161e-01,3.436856223251051334e-01,-4.677294894581978113e-01,6.095084651015171204e-03,-3.965391531042550266e-01,-1.226955865883320659e-02
-1.135384983572138295e-01,3.402701999539562983e-01,-4.644342682954844537e-01,7.475989382675813505e-03,-3.910442884586049495e-01,-1.138516359553555513e-02
-1.145604762851697989e-01,3.368547775828089619e-01,-4.611390471327725393e-01,8.856894114335843449e-03,-3.855494238129572593e-01,-1.050076853223829570e-02
-1.155824542131257682e-01,3.334393552116616810e-01,-4.578438259700605695e-01,1.023779884599586992e-02,-3.800545591673096246e-01,-9.616373468941038019e-03
-1.166044321410817514e-01,3.300239328405143446e-01,-4.545486048073487106e-01,1.161870357765589987e-02,-3.745596945216619345e-01,-8.731978405643778599e-03
-1.176264100690381648e-01,3.266085104693655095e-01,-4.512533836446352975e-01,1.299960830931654043e-02,-3.690648298760118573e-01,-7.847583342346127130e-03
-1.186483879969941480e-01,3.231930880982181731e-01,-4.479581624819233832e-01,1.438051304097657038e-02,-3.635699652303641671e-01,-6.963188279048867710e-03
-1.196703659249501173e-01,3.197776657270708367e-01,-4.446629413192114688e-01,1.576141777263660032e-02,-3.580751005847165325e-01,-6.078793215751610024e-03
-1.206923438529060866e-01,3.163622433559235003e-01,-4.413677201564995545e-01,1.714232250429662680e-02,-3.525802359390688423e-01,-5.194398152454350603e-03
-1.217143217808625000e-01,3.129468209847746651e-01,-4.380724989937861413e-01,1.852322723595727083e-02,-3.470853712934187651e-01,-4.310003089156699135e-03
-1.227362997088184832e-01,3.095313986136273288e-01,-4.347772778310742270e-01,1.990413196761729731e-02,-3.415905066477710750e-01,-3.425608025859439715e-03
-1.237582776367744525e-01,3.061159762424800479e-01,-4.314820566683623126e-01,2.128503669927732725e-02,-3.360956420021234403e-01,-2.541212962562180294e-03
-1.247802555647304218e-01,3.027005538713327115e-01,-4.281868355056503983e-01,2.266594143093735719e-02,-3.306007773564757501e-01,-1.656817899264920874e-03
-1.258022334926868491e-01,2.992851315001838763e-01,-4.248916143429369852e-01,2.404684616259799776e-02,-3.251059127108256730e-01,-7.724228359672694055e-04
-1.268242114206428184e-01,2.958697091290365400e-01,-4.215963931802251263e-01,2.542775089425802423e-02,-3.196110480651780383e-01,1.119722273299900150e-04
-1.278461893485987877e-01,2.924542867578892036e-01,-4.183011720175131565e-01,2.680865562591805765e-02,-3.141161834195303482e-01,9.963672906272459662e-04
-1.288681672765547570e-01,2.890388643867419227e-01,-4.150059508548012421e-01,2.818956035757808412e-02,-3.086213187738826580e-01,1.880762353924505387e-03
-1.298901452045111982e-01,2.856234420155930875e-01,-4.117107296920878845e-01,2.957046508923872816e-02,-3.031264541282325808e-01,2.765157417222156855e-03
-1.309121231324671397e-01,2.822080196444457512e-01,-4.084155085293759702e-01,3.095136982089875463e-02,-2.976315894825849462e-01,3.649552480519416275e-03
-1.320611517210738550e-01,2.782648100253016232e-01,-4.045108089298455889e-01,3.270926150494431889e-02,-2.917737772059397217e-01,4.127101497430123341e-03
-1.334301577692947327e-01,2.734077814819703134e-01,-3.995508490306895477e-01,3.511987417186496208e-02,-2.852875518424748957e-01,3.900231038815044592e-03
-1.347991638175161933e-01,2.685507529386367831e-01,-3.945908891315312861e-01,3.753048683878668079e-02,-2.788013264790071832e-01,3.673360580199865229e-03
-1.361681698657370709e-01,2.636937243953054733e-01,-3.896309292323751894e-01,3.994109950570731704e-02,-2.723151011155423573e-01,3.446490121584786480e-03
-1.375371759139579209e-01,2.588366958519741634e-01,-3.846709693332191482e-01,4.235171217262796717e-02,-2.658288757520774759e-01,3.219619662969707731e-03
-1.389061819621787985e-01,2.539796673086427981e-01,-3.797110094340631070e-01,4.476232483954860342e-02,-2.593426503886126500e-01,2.992749204354628982e-03
-1.402751880104002868e-01,2.491226387653093233e-01,-3.747510495349048454e-01,4.717293750647032213e-02,-2.528564250251449375e-01,2.765878745739449619e-03
-1.416441940586211368e-01,2.442656102219779857e-01,-3.697910896357488042e-01,4.958355017339096532e-02,-2.463701996616801115e-01,2.539008287124370870e-03
-1.430132001068420144e-01,2.394085816786466481e-01,-3.648311297365927075e-01,5.199416284031160851e-02,-2.398839742982152856e-01,2.312137828509292121e-03
-1.443822061550628644e-01,2.345515531353153382e-01,-3.598711698374366663e-01,5.440477550723225170e-02,-2.333977489347504319e-01,2.085267369894213806e-03
-1.457512122032843527e-01,2.296945245919818634e-01,-3.549112099382784047e-01,5.681538817415396347e-02,-2.269115235712827194e-01,1.858396911279034443e-03
-1.471202182515052304e-01,2.248374960486505258e-01,-3.499512500391223635e-01,5.922600084107460666e-02,-2.204252982078178658e-01,1.631526452663955695e-03
-1.484892242997260803e-01,2.199804675053191882e-01,-3.449912901399663223e-01,6.163661350799524985e-02,-2.139390728443530398e-01,1.404655994048876946e-03
-1.498582303479469580e-01,2.151234389619878506e-01,-3.400313302408102256e-01,6.404722617491589998e-02,-2.074528474808882139e-01,1.177785535433798197e-03
-1.512272363961684185e-01,2.102664104186543481e-01,-3.350713703416520195e-01,6.645783884183760482e-02,-2.009666221174205014e-01,9.509150768186188339e-04
-1.525962424443892962e-01,2.054093818753230383e-01,-3.301114104424959228e-01,6.886845150875825494e-02,-1.944803967539556477e-01,7.240446182035405187e-04
-1.539652484926101739e-01,2.005523533319917007e-01,-3.251514505433398816e-01,7.127906417567889119e-02,-1.879941713904907941e-01,4.971741595884617698e-04
-1.553342545408310238e-01,1.956953247886603631e-01,-3.201914906441838404e-01,7.368967684259952744e-02,-1.815079460270259681e-01,2.703037009733830209e-04
-1.567032605890519015e-01,1.908382962453290532e-01,-3.152315307450277992e-01,7.610028950952017757e-02,-1.750217206635611422e-01,4.343324235830427205e-05
-1.580722666372733620e-01,1.859812677019955784e-01,-3.102715708458695376e-01,7.851090217644189628e-02,-1.685354953000934297e-01,-1.834372162568750908e-04
-1.594412726854942397e-01,1.811242391586642131e-01,-3.053116109467134409e-01,8.092151484336254641e-02,-1.620492699366285760e-01,-4.103076748719538397e-04
-1.608102787337151174e-01,1.762672106153329032e-01,-3.003516510475573997e-01,8.333212751028318266e-02,-1.555630445731637501e-01,-6.371781334870325886e-04
-1.621792847819359951e-01,1.714101820720015656e-01,-2.953916911484013585e-01,8.574274017720381891e-02,-1.490768192096988964e-01,-8.640485921021113375e-04
-1.635482908301574556e-01,1.665531535286680631e-01,-2.904317312492430969e-01,8.815335284412553762e-02,-1.425905938462311839e-01,-1.090919050717290700e-03
-1.649172968783783055e-01,1.616961249853367533e-01,-2.854717713500870557e-01,9.056396551104617387e-02,-1.361043684827663580e-01,-1.317789509332368582e-03
-1.662863029265991832e-01,1.568390964420054157e-01,-2.805118114509309590e-01,9.297457817796682400e-02,-1.296181431193015043e-01,-1.544659967947447331e-03
-1.676553089748200609e-01,1.519820678986740781e-01,-2.755518515517749734e-01,9.538519084488747413e-02,-1.231319177558366784e-01,-1.771530426562526080e-03
-1.689008576707932419e-01,1.467113799890062686e-01,-2.700443119288447602e-01,9.777414360310955621e-02,-1.160703056018345669e-01,-1.908962891945813591e-03
-1.699251316282431312e-01,1.406992832733436893e-01,-2.635553357370091221e-01,1.001242749339587013e-01,-1.079774177942959545e-01,-1.886094101831136457e-03
-1.709494055856930206e-01,1.346871865576810823e-01,-2.570663595451734285e-01,1.024744062648078463e-01,-9.988452998675734218e-02,-1.863225311716459540e-03
-1.719736795431429099e-01,1.286750898420185030e-01,-2.505773833533377903e-01,1.048245375956569775e-01,-9.179164217921871594e-02,-1.840356521601782406e-03
-1.729979535005932434e-01,1.226629931263532453e-01,-2.440884071614992656e-01,1.071746689265071772e-01,-8.369875437167650922e-02,-1.817487731487095080e-03
-1.740222274580431050e-01,1.166508964106906521e-01,-2.375994309696635998e-01,1.095248002573563084e-01,-7.560586656413789686e-02,-1.794618941372418163e-03
-1.750465014154929944e-01,1.106387996950280728e-01,-2.311104547778279616e-01,1.118749315882054535e-01,-6.751297875659927061e-02,-1.771750151257741029e-03
-1.760707753729428837e-01,1.046267029793654935e-01,-2.246214785859922958e-01,1.142250629190545985e-01,-5.942009094906065825e-02,-1.748881361143063895e-03
-1.770950493303932172e-01,9.861460626370022187e-02,-2.181325023941537711e-01,1.165751942499047844e-01,-5.132720314151845153e-02,-1.726012571028376786e-03
-1.781193232878431065e-01,9.260250954803764256e-02,-2.116435262023181052e-01,1.189253255807539295e-01,-4.323431533397982529e-02,-1.703143780913699652e-03
-1.791435972452929681e-01,8.659041283237506326e-02,-2.051545500104824393e-01,1.212754569116030745e-01,-3.514142752644121293e-02,-1.680274990799022518e-03
-1.801678712027428575e-01,8.057831611671247007e-02,-1.986655738186468012e-01,1.236255882424522196e-01,-2.704853971890260056e-02,-1.657406200684345601e-03
-1.811921451601931909e-01,7.456621940104721236e-02,-1.921765976268082765e-01,1.259757195733023916e-01,-1.895565191136037997e-02,-1.634537410569658275e-03
-1.822164191176430803e-01,6.855412268538461917e-02,-1.856876214349726106e-01,1.283258509041515505e-01,-1.086276410382176760e-02,-1.611668620454981141e-03
-1.832406930750929697e-01,6.254202596972203987e-02,-1.791986452431369448e-01,1.306759822350006817e-01,-2.769876296283155237e-03,-1.588799830340304007e-03
-1.842649670325428313e-01,5.652992925405944669e-02,-1.727096690513013066e-01,1.330261135658498406e-01,5.323011511255471007e-03,-1.565931040225627090e-03
-1.852892409899931647e-01,5.051783253839418897e-02,-1.662206928594627819e-01,1.353762448967000265e-01,1.341589931879769160e-02,-1.543062250110939764e-03
-1.863135149474430541e-01,4.450573582273160966e-02,-1.597317166676271161e-01,1.377263762275491576e-01,2.150878712633630396e-02,-1.520193459996262847e-03
-1.873377889048929434e-01,3.849363910706901648e-02,-1.532427404757914502e-01,1.400765075583982888e-01,2.960167493387491633e-02,-1.497324669881585713e-03
-1.883620628623428328e-01,3.248154239140643718e-02,-1.467537642839558121e-01,1.424266388892474478e-01,3.769456274141352869e-02,-1.474455879766908579e-03
-1.893863368197931663e-01,2.646944567574117946e-02,-1.402647880921172874e-01,1.447767702200976336e-01,4.578745054895574929e-02,-1.451587089652221253e-03
-1.904106107772430279e-01,2.045734896007858628e-02,-1.337758119002816215e-01,1.471269015509467648e-01,5.388033835649436165e-02,-1.428718299537544336e-03
-1.914348847346929172e-01,1.444525224441600697e-02,-1.272868357084459834e-01,1.494770328817959237e-01,6.197322616403297402e-02,-1.405849509422867202e-03
-1.924591586921428066e-01,8.433155528753427665e-03,-1.207978595166103175e-01,1.518271642126450549e-01,7.006611397157158638e-02,-1.382980719308190068e-03
-1.934834326495931400e-01,2.421058813088156070e-03,-1.143088833247717928e-01,1.541772955434952408e-01,7.815900177911380697e-02,-1.360111929193502959e-03
-1.945077066070430294e-01,-3.591037902574423235e-03,-1.078199071329361269e-01,1.565274268743443997e-01,8.625188958665241934e-02,-1.337243139078825825e-03
-1.954951686558476232e-01,-9.776434946527086389e-03,-1.011130882293276440e-01,1.588816143629493971e-01,9.453425353367339579e-02,-1.289543934714360799e-03
-1.961907007931247560e-01,-1.733615761952209122e-02,-9.267870870974881381e-02,1.612679684470097186e-01,1.043192223352216175e-01,-1.044931804561882206e-03
-1.968862329304021941e-01,-2.489588029252045795e-02,-8.424432919016622279e-02,1.636543225310710947e-01,1.141041911367741968e-01,-8.003196744092951932e-04
-1.975817650676793269e-01,-3.245560296551545931e-02,-7.580994967058737877e-02,1.660406766151313884e-01,1.238891599383224185e-01,-5.557075442568166004e-04
-1.982772972049564875e-01,-4.001532563851047108e-02,-6.737557015100853475e-02,1.684270306991917099e-01,1.336741287398706401e-01,-3.110954141043380076e-04
-1.989728293422336203e-01,-4.757504831150547592e-02,-5.894119063142969073e-02,1.708133847832520036e-01,1.434590975414188896e-01,-6.648328395185941486e-05
-1.996683614795110584e-01,-5.513477098450383918e-02,-5.050681111184710664e-02,1.731997388673133798e-01,1.532440663429714411e-01,1.781288462007275981e-04
-2.003638936167881912e-01,-6.269449365749885095e-02,-4.207243159226826262e-02,1.755860929513736735e-01,1.630290351445196628e-01,4.227409763532061909e-04
-2.010594257540653240e-01,-7.025421633049386272e-02,-3.363805207268942554e-02,1.779724470354339949e-01,1.728140039460679123e-01,6.673531065056847837e-04
-2.017549578913424568e-01,-7.781393900348886061e-02,-2.520367255311058152e-02,1.803588011194943164e-01,1.825989727476161339e-01,9.119652366581633765e-04
-2.024504900286199227e-01,-8.537366167648723081e-02,-1.676929303352799050e-02,1.827451552035556648e-01,1.923839415491687133e-01,1.156577366810750390e-03
-2.031460221658970555e-01,-9.293338434948222870e-02,-8.334913513949146480e-03,1.851315092876159862e-01,2.021689103507169349e-01,1.401189496963228982e-03
-2.038415543031741883e-01,-1.004931070224772405e-01,9.946600562969754034e-05,1.875178633716762799e-01,2.119538791522651566e-01,1.645801627115707575e-03
-2.045370864404513211e-01,-1.080528296954722522e-01,8.533845525208541560e-03,1.899042174557366014e-01,2.217388479538133783e-01,1.890413757268186168e-03
-2.052326185777287593e-01,-1.156125523684706086e-01,1.696822504479111871e-02,1.922905715397979776e-01,2.315238167553659854e-01,2.135025887420773181e-03
-2.059281507150058921e-01,-1.231722750414656203e-01,2.540260456436996273e-02,1.946769256238582713e-01,2.413087855569142071e-01,2.379638017573251774e-03
-2.066236828522830249e-01,-1.307319977144606182e-01,3.383698408394880675e-02,1.970632797079185927e-01,2.510937543584624287e-01,2.624250147725730366e-03
-2.073192149895601577e-01,-1.382917203874556300e-01,4.227136360352765077e-02,1.994496337919788864e-01,2.608787231600106504e-01,2.868862277878209393e-03
-2.080147471268376236e-01,-1.458514430604540002e-01,5.070574312311024179e-02,2.018359878760402626e-01,2.706636919615632575e-01,3.113474408030795972e-03
-2.087102792641147564e-01,-1.534111657334489842e-01,5.914012264268908581e-02,2.042223419601005840e-01,2.804486607631114792e-01,3.358086538183274999e-03
-2.094058114013918892e-01,-1.609708884064440237e-01,6.757450216226792983e-02,2.066086960441608777e-01,2.902336295646597009e-01,3.602698668335753158e-03
-2.101013435386690220e-01,-1.685306110794390078e-01,7.600888168184677385e-02,2.089950501282211992e-01,3.000185983662079225e-01,3.847310798488232184e-03
-2.107968756759464601e-01,-1.760903337524373780e-01,8.444326120142936487e-02,2.113814042122825754e-01,3.098035671677604741e-01,4.091922928640818330e-03
-2.114924078132235929e-01,-1.836500564254323620e-01,9.287764072100818113e-02,2.137677582963428691e-01,3.195885359693086958e-01,4.336535058793297356e-03
-2.121879399505007258e-01,-1.912097790984274015e-01,1.013120202405870252e-01,2.161541123804031628e-01,3.293735047708569730e-01,4.581147188945776383e-03
-2.128834720877778863e-01,-1.987695017714223855e-01,1.097463997601658692e-01,2.185404664644634842e-01,3.391584735724051947e-01,4.825759319098255409e-03
-2.133883031246086026e-01,-2.051302534195658667e-01,1.168934780587117667e-01,2.205125708783714222e-01,3.476385281570223973e-01,5.077939293238149972e-03
-2.130808957299799300e-01,-2.063843206159146904e-01,1.185576539401206470e-01,2.207202937468587811e-01,3.505606626548270488e-01,5.362352399327158063e-03
-2.127734883353512574e-01,-2.076383878122635140e-01,1.202218298215295272e-01,2.209280166153461400e-01,3.534827971526317558e-01,5.646765505416166155e-03
-2.124660809407225848e-01,-2.088924550086123377e-01,1.218860057029383936e-01,2.211357394838334989e-01,3.564049316504364073e-01,5.931178611505174246e-03
-2.121586735460937734e-01,-2.101465222049617165e-01,1.235501815843480095e-01,2.213434623523209688e-01,3.593270661482423911e-01,6.215591717594308972e-03
-2.118512661514651008e-01,-2.114005894013105402e-01,1.252143574657569036e-01,2.215511852208083277e-01,3.622492006460470981e-01,6.500004823683317064e-03
-2.115438587568364281e-01,-2.126546565976593361e-01,1.268785333471657562e-01,2.217589080892957143e-01,3.651713351438517496e-01,6.784417929772325155e-03
-2.112364513622077555e-01,-2.139087237940081598e-01,1.285427092285746364e-01,2.219666309577830732e-01,3.680934696416564567e-01,7.068831035861333247e-03
-2.109290439675789441e-01,-2.151627909903575386e-01,1.302068851099842661e-01,2.221743538262705153e-01,3.710156041394624404e-01,7.353244141950467105e-03
-2.106216365729502715e-01,-2.164168581867063623e-01,1.318710609913931464e-01,2.223820766947579020e-01,3.739377386372670919e-01,7.637657248039475197e-03
-2.103142291783215989e-01,-2.176709253830551860e-01,1.335352368728019989e-01,2.225897995632452608e-01,3.768598731350717435e-01,7.922070354128483288e-03
-2.100068217836929263e-01,-2.189249925794040097e-01,1.351994127542108792e-01,2.227975224317326197e-01,3.797820076328764505e-01,8.206483460217491380e-03
-2.096994143890641149e-01,-2.201790597757533885e-01,1.368635886356205089e-01,2.230052453002200896e-01,3.827041421306824343e-01,8.490896566306626106e-03
-2.093920069944354423e-01,-2.214331269721022122e-01,1.385277645170293892e-01,2.232129681687074485e-01,3.856262766284871413e-01,8.775309672395634197e-03
-2.090845995998067697e-01,-2.226871941684510359e-01,1.401919403984382695e-01,2.234206910371948074e-01,3.885484111262917928e-01,9.059722778484642289e-03
-2.087771922051780971e-01,-2.239412613647998596e-01,1.418561162798471220e-01,2.236284139056821940e-01,3.914705456240964443e-01,9.344135884573650380e-03
-2.084697848105492857e-01,-2.251953285611492106e-01,1.435202921612567517e-01,2.238361367741696362e-01,3.943926801219024281e-01,9.628548990662785106e-03
-2.081623774159206131e-01,-2.264493957574980343e-01,1.451844680426656320e-01,2.240438596426570228e-01,3.973148146197071351e-01,9.912962096751793198e-03
-2.078549700212919404e-01,-2.277034629538468580e-01,1.468486439240745123e-01,2.242515825111443817e-01,4.002369491175117866e-01,1.019737520284080129e-02
-2.075475626266632401e-01,-2.289575301501956817e-01,1.485128198054833648e-01,2.244593053796317406e-01,4.031590836153164936e-01,1.048178830892980938e-02
-2.072401552320344287e-01,-2.302115973465450605e-01,1.501769956868929945e-01,2.246670282481192105e-01,4.060812181131224774e-01,1.076620141501894237e-02
-2.069327478374057561e-01,-2.314656645428938841e-01,1.518411715683018748e-01,2.248747511166065693e-01,4.090033526109271289e-01,1.105061452110795220e-02
-2.066253404427770834e-01,-2.327197317392427078e-01,1.535053474497107551e-01,2.250824739850939282e-01,4.119254871087318359e-01,1.133502762719695856e-02
-2.063179330481484108e-01,-2.339737989355915315e-01,1.551695233311196076e-01,2.252901968535812871e-01,4.148476216065364874e-01,1.161944073328596838e-02
-2.060105256535195994e-01,-2.352278661319409103e-01,1.568336992125292373e-01,2.254979197220687570e-01,4.177697561043424712e-01,1.190385383937510311e-02
-2.057031182588909268e-01,-2.364819333282897340e-01,1.584978750939381176e-01,2.257056425905561159e-01,4.206918906021471782e-01,1.218826694546410946e-02
-2.054179792598532506e-01,-2.358834182518849409e-01,1.580149528164863371e-01,2.255681803868210267e-01,4.218016845731550335e-01,1.240397687994840292e-02
-2.052145171369849086e-01,-2.284899308000689910e-01,1.496568214908992611e-01,2.241646351245059621e-01,4.162641063893230964e-01,1.236769468428607424e-02
-2.050110550141164834e-01,-2.210964433482497382e-01,1.412986901653084382e-01,2.227610898621902591e-01,4.107265282054887723e-01,1.233141248862372995e-02
-2.048075928912481414e-01,-2.137029558964337606e-01,1.329405588397213622e-01,2.213575445998751667e-01,4.051889500216568352e-01,1.229513029296140127e-02
-2.046041307683797994e-01,-2.063094684446178106e-01,1.245824275141342724e-01,2.199539993375601021e-01,3.996513718378249536e-01,1.225884809729907259e-02
-2.044006686455114852e-01,-1.989159809928018330e-01,1.162242961885471826e-01,2.185504540752450098e-01,3.941137936539930720e-01,1.222256590163674564e-02
-2.041972065226430599e-01,-1.915224935409826079e-01,1.078661648629563874e-01,2.171469088129293068e-01,3.885762154701586923e-01,1.218628370597440135e-02
-2.039937443997747180e-01,-1.841290060891666303e-01,9.950803353736928369e-02,2.157433635506142422e-01,3.830386372863268107e-01,1.215000151031207266e-02
-2.037902822769063760e-01,-1.767355186373506526e-01,9.114990221178220775e-02,2.143398182882991498e-01,3.775010591024949291e-01,1.211371931464974398e-02
-2.035868201540380340e-01,-1.693420311855347027e-01,8.279177088619511793e-02,2.129362730259840852e-01,3.719634809186629920e-01,1.207743711898741530e-02
-2.033833580311696088e-01,-1.619485437337154499e-01,7.443363956060430886e-02,2.115327277636683823e-01,3.664259027348286679e-01,1.204115492332507101e-02
-2.031798959083012668e-01,-1.545550562818994722e-01,6.607550823501721904e-02,2.101291825013532899e-01,3.608883245509967308e-01,1.200487272766274233e-02
-2.029764337854329526e-01,-1.471615688300835223e-01,5.771737690943012922e-02,2.087256372390382253e-01,3.553507463671648492e-01,1.196859053200041365e-02
-2.027729716625646106e-01,-1.397680813782675446e-01,4.935924558384303940e-02,2.073220919767231329e-01,3.498131681833329676e-01,1.193230833633808496e-02
-2.025695095396961853e-01,-1.323745939264482918e-01,4.100111425825224420e-02,2.059185467144074300e-01,3.442755899994985880e-01,1.189602614067574067e-02
-2.023660474168278434e-01,-1.249811064746323280e-01,3.264298293266515438e-02,2.045150014520923654e-01,3.387380118156667064e-01,1.185974394501341199e-02
-2.021625852939595014e-01,-1.175876190228163642e-01,2.428485160707805068e-02,2.031114561897772730e-01,3.332004336318348248e-01,1.182346174935108504e-02
-2.019591231710911872e-01,-1.101941315710004143e-01,1.592672028149097474e-02,2.017079109274622084e-01,3.276628554480028876e-01,1.178717955368875636e-02
-2.017556610482227619e-01,-1.028006441191811615e-01,7.568588955900179549e-03,2.003043656651465054e-01,3.221252772641685636e-01,1.175089735802641207e-02
-2.015521989253544199e-01,-9.540715666736518386e-02,-7.895423696869241503e-04,1.989008204028314131e-01,3.165876990803366819e-01,1.171461516236408339e-02
-2.013487368024860780e-01,-8.801366921554923395e-02,-9.147673695274000094e-03,1.974972751405163485e-01,3.110501208965047448e-01,1.167833296670175471e-02
-2.011452746796177360e-01,-8.062018176373325629e-02,-1.750580502086110379e-02,1.960937298782012561e-01,3.055125427126728632e-01,1.164205077103942602e-02
-2.009418125567493107e-01,-7.322669431191400347e-02,-2.586393634645189898e-02,1.946901846158855531e-01,2.999749645288385391e-01,1.160576857537708173e-02
-2.007383504338809965e-01,-6.583320686009805356e-02,-3.422206767203897493e-02,1.932866393535704885e-01,2.944373863450066020e-01,1.156948637971475305e-02
-2.005348883110126545e-01,-5.843971940828207590e-02,-4.258019899762607863e-02,1.918830940912553962e-01,2.888998081611747204e-01,1.153320418405242437e-02
-2.003314261881443126e-01,-5.104623195646609823e-02,-5.093833032321315457e-02,1.904795488289403316e-01,2.833622299773428388e-01,1.149692198839009742e-02
-2.010263381484980183e-01,-4.405274554299323797e-02,-5.913525889811001995e-02,1.902557304846088926e-01,2.789288645902567310e-01,1.064415677976376408e-02
-2.027835623259231501e-01,-3.753225361791583808e-02,-6.714156793634987186e-02,1.914269193440527872e-01,2.758012122308930447e-01,8.825914164879133592e-03
-2.045407865033482819e-01,-3.101176169283843820e-02,-7.514787697458973070e-02,1.925981082034967096e-01,2.726735598715293585e-01,7.007671549994503972e-03
-2.062980106807734415e-01,-2.449126976776104178e-02,-8.315418601282958955e-02,1.937692970629406319e-01,2.695459075121657277e-01,5.189428935109873485e-03
-2.080552348581993505e-01,-1.797077784268074491e-02,-9.116049505107301498e-02,1.949404859223850817e-01,2.664182551528006537e-01,3.371186320224435484e-03
-2.098124590356245101e-01,-1.145028591760334502e-02,-9.916680408931285995e-02,1.961116747818290040e-01,2.632906027934369675e-01,1.552943705339806732e-03
-2.115696832130496419e-01,-4.929793992525945134e-03,-1.071731131275527327e-01,1.972828636412728986e-01,2.601629504340732812e-01,-2.652989095448237550e-04
-2.133269073904748014e-01,1.590697932551447813e-03,-1.151794221657925776e-01,1.984540525007168210e-01,2.570352980747096505e-01,-2.083541524429454242e-03
-2.150841315679007104e-01,8.111189857631748157e-03,-1.231857312040359892e-01,1.996252413601612707e-01,2.539076457153445765e-01,-3.901784139314891375e-03
-2.168413557453258700e-01,1.463168178270914804e-02,-1.311920402422758480e-01,2.007964302196051931e-01,2.507799933559808903e-01,-5.720026754199520128e-03
-2.185985799227510018e-01,2.115217370778654793e-02,-1.391983492805157208e-01,2.019676190790491155e-01,2.476523409966172318e-01,-7.538269369084150615e-03
-2.203558041001761336e-01,2.767266563286394088e-02,-1.472046583187555657e-01,2.031388079384930379e-01,2.445246886372535733e-01,-9.356511983968781102e-03
-2.221130282776020703e-01,3.419315755794423428e-02,-1.552109673569989912e-01,2.043099967979374598e-01,2.413970362778884993e-01,-1.117475459885421997e-02
-2.238702524550272022e-01,4.071364948302164111e-02,-1.632172763952388639e-01,2.054811856573813822e-01,2.382693839185248408e-01,-1.299299721373885046e-02
-2.256274766324523617e-01,4.723414140809903405e-02,-1.712235854334787089e-01,2.066523745168253046e-01,2.351417315591611823e-01,-1.481123982862348094e-02
-2.273847008098774936e-01,5.375463333317642700e-02,-1.792298944717185538e-01,2.078235633762692269e-01,2.320140791997974961e-01,-1.662948244350810623e-02
-2.291419249873026531e-01,6.027512525825383383e-02,-1.872362035099584265e-01,2.089947522357131215e-01,2.288864268404338376e-01,-1.844772505839274018e-02
-2.308991491647285621e-01,6.679561718333412723e-02,-1.952425125482018242e-01,2.101659410951575713e-01,2.257587744810687636e-01,-2.026596767327817211e-02
-2.326563733421537217e-01,7.331610910841152018e-02,-2.032488215864416969e-01,2.113371299546014936e-01,2.226311221217051051e-01,-2.208421028816280607e-02
-2.344135975195788535e-01,7.983660103348892700e-02,-2.112551306246815419e-01,2.125083188140454160e-01,2.195034697623414188e-01,-2.390245290304743309e-02
-2.361708216970039853e-01,8.635709295856631995e-02,-2.192614396629214146e-01,2.136795076734893384e-01,2.163758174029777603e-01,-2.572069551793206704e-02
-2.379280458744299220e-01,9.287758488364662723e-02,-2.272677487011648123e-01,2.148506965329337604e-01,2.132481650436127141e-01,-2.753893813281750591e-02
-2.396852700518550539e-01,9.939807680872402018e-02,-2.352740577394046850e-01,2.160218853923776827e-01,2.101205126842490278e-01,-2.935718074770213293e-02
-2.414424942292802134e-01,1.059185687338014131e-01,-2.432803667776445300e-01,2.171930742518216051e-01,2.069928603248853416e-01,-3.117542336258675995e-02
-2.431997184067053452e-01,1.124390606588788061e-01,-2.512866758158843750e-01,2.183642631112655275e-01,2.038652079655217109e-01,-3.299366597747139390e-02
-2.429174741606477117e-01,1.120286980019911394e-01,-2.463386167099444468e-01,2.236915732822553349e-01,1.914031739213494787e-01,-5.272881237044012293e-02
-2.425580416916225390e-01,1.113560217232455879e-01,-2.409002707011939082e-01,2.291761811170791030e-01,1.785878594211262327e-01,-7.314206387540145293e-02
-2.421986092225973941e-01,1.106833454445000503e-01,-2.354619246924433418e-01,2.346607889519028989e-01,1.657725449209030144e-01,-9.355531538036276906e-02
-2.418391767535722492e-01,1.100106691657544988e-01,-2.300235786836927754e-01,2.401453967867266948e-01,1.529572304206797684e-01,-1.139685668853240991e-01
-2.414797442845469377e-01,1.093379928870086559e-01,-2.245852326749398220e-01,2.456300046215529054e-01,1.401419159204508602e-01,-1.343818183902944774e-01
-2.411203118155217651e-01,1.086653166082631183e-01,-2.191468866661892556e-01,2.511146124563766735e-01,1.273266014202276142e-01,-1.547950698952558213e-01
-2.407608793464966201e-01,1.079926403295175669e-01,-2.137085406574387170e-01,2.565992202912004694e-01,1.145112869200043959e-01,-1.752083214002171374e-01
-2.404014468774714752e-01,1.073199640507720293e-01,-2.082701946486881506e-01,2.620838281260242653e-01,1.016959724197811638e-01,-1.956215729051784535e-01
-2.400420144084461360e-01,1.066472877720261864e-01,-2.028318486399351972e-01,2.675684359608505036e-01,8.888065791955224171e-02,-2.160348244101488457e-01
-2.396825819394209911e-01,1.059746114932806488e-01,-1.973935026311846308e-01,2.730530437956742995e-01,7.606534341932902343e-02,-2.364480759151101619e-01
-2.393231494703958462e-01,1.053019352145350973e-01,-1.919551566224340644e-01,2.785376516304980399e-01,6.325002891910577740e-02,-2.568613274200715058e-01
-2.389637170013706735e-01,1.046292589357895597e-01,-1.865168106136835258e-01,2.840222594653218358e-01,5.043471441888255913e-02,-2.772745789250328219e-01
-2.386042845323453621e-01,1.039565826570437168e-01,-1.810784646049305446e-01,2.895068673001480741e-01,3.761939991865362320e-02,-2.976878304300032418e-01
-2.382448520633202171e-01,1.032839063782981653e-01,-1.756401185961800060e-01,2.949914751349718145e-01,2.480408541843040493e-02,-3.181010819349645580e-01
-2.378854195942950722e-01,1.026112300995526277e-01,-1.702017725874294396e-01,3.004760829697956659e-01,1.198877091820718666e-02,-3.385143334399258741e-01
-2.375259871252698995e-01,1.019385538208070763e-01,-1.647634265786788732e-01,3.059606908046194063e-01,-8.265435820160593750e-04,-3.589275849448871902e-01
-2.371665546562445881e-01,1.012658775420612334e-01,-1.593250805699258921e-01,3.114452986394456446e-01,-1.364185808224496754e-02,-3.793408364498576102e-01
-2.368071221872194432e-01,1.005932012633156958e-01,-1.538867345611753534e-01,3.169299064742694405e-01,-2.645717258246821357e-02,-3.997540879548189263e-01
-2.364476897181942983e-01,9.992052498457014431e-02,-1.484483885524248148e-01,3.224145143090931809e-01,-3.927248708269143185e-02,-4.201673394597802424e-01
-2.360882572491691256e-01,9.924784870582460672e-02,-1.430100425436742484e-01,3.278991221439169768e-01,-5.208780158291465012e-02,-4.405805909647415586e-01
-2.357288247801438141e-01,9.857517242707876381e-02,-1.375716965349212950e-01,3.333837299787432151e-01,-6.490311608314358605e-02,-4.609938424697119785e-01
-2.353693923111186692e-01,9.790249614833321234e-02,-1.321333505261707286e-01,3.388683378135670110e-01,-7.771843058336680432e-02,-4.814070939746732947e-01
-2.344534370164176318e-01,9.724700209540816653e-02,-1.265577914735828979e-01,3.437805595628595778e-01,-9.086039348510754898e-02,-5.013873838679886452e-01
-2.308639105120332824e-01,9.667405255303312961e-02,-1.203230521921565266e-01,3.459430019886521324e-01,-1.055715961766567346e-01,-5.192876985178532800e-01
-2.272743840076473509e-01,9.610110301065781513e-02,-1.140883129107273936e-01,3.481054444144456306e-01,-1.202827988682124427e-01,-5.371880131677259085e-01
-2.236848575032630293e-01,9.552815346828277820e-02,-1.078535736293010361e-01,3.502678868402381296e-01,-1.349940015597616005e-01,-5.550883278175906543e-01
-2.200953309988786799e-01,9.495520392590772740e-02,-1.016188343478746647e-01,3.524303292660306841e-01,-1.497052042513107861e-01,-5.729886424674552892e-01
-2.165058044944943305e-01,9.438225438353267660e-02,-9.538409506644829339e-02,3.545927716918232386e-01,-1.644164069428599717e-01,-5.908889571173200350e-01
-2.129162779901083991e-01,9.380930484115737600e-02,-8.914935578501916036e-02,3.567552141176167368e-01,-1.791276096344156799e-01,-6.087892717671926635e-01
-2.093267514857240497e-01,9.323635529878232520e-02,-8.291461650359280289e-02,3.589176565434092914e-01,-1.938388123259648377e-01,-6.266895864170572983e-01
-2.057372249813397280e-01,9.266340575640727439e-02,-7.667987722216643154e-02,3.610800989692018459e-01,-2.085500150175140233e-01,-6.445899010669220441e-01
-2.021476984769553786e-01,9.209045621403222359e-02,-7.044513794074006019e-02,3.632425413949943449e-01,-2.232612177090632088e-01,-6.624902157167866790e-01
-1.985581719725694472e-01,9.151750667165692299e-02,-6.421039865931092716e-02,3.654049838207878431e-01,-2.379724204006188892e-01,-6.803905303666593074e-01
-1.949686454681850978e-01,9.094455712928187219e-02,-5.797565937788456969e-02,3.675674262465803976e-01,-2.526836230921680748e-01,-6.982908450165239422e-01
-1.913791189638007484e-01,9.037160758690682139e-02,-5.174092009645819834e-02,3.697298686723729522e-01,-2.673948257837172604e-01,-7.161911596663886881e-01
-1.877895924594163990e-01,8.979865804453177058e-02,-4.550618081503182699e-02,3.718923110981655067e-01,-2.821060284752664460e-01,-7.340914743162533229e-01
-1.842000659550304675e-01,8.922570850215646998e-02,-3.927144153360269396e-02,3.740547535239590049e-01,-2.968172311668221264e-01,-7.519917889661259514e-01
-1.806105394506461459e-01,8.865275895978141918e-02,-3.303670225217633649e-02,3.762171959497515594e-01,-3.115284338583713120e-01,-7.698921036159906972e-01
-1.770210129462617965e-01,8.807980941740638225e-02,-2.680196297074996514e-02,3.783796383755440584e-01,-3.262396365499204975e-01,-7.877924182658553320e-01
-1.734314864418774471e-01,8.750685987503133145e-02,-2.056722368932359379e-02,3.805420808013366130e-01,-3.409508392414696831e-01,-8.056927329157199669e-01
-1.698419599374915157e-01,8.693391033265603085e-02,-1.433248440789446077e-02,3.827045232271301112e-01,-3.556620419330253635e-01,-8.235930475655925953e-01
-1.662524334331071940e-01,8.636096079028098005e-02,-8.097745126468103294e-03,3.848669656529226657e-01,-3.703732446245745491e-01,-8.414933622154572301e-01
-1.626629069287228169e-01,8.578801124790592925e-02,-1.863005845041731945e-03,3.870294080787152202e-01,-3.850844473161237347e-01,-8.593936768653219760e-01
-1.590733804243384952e-01,8.521506170553087844e-02,4.371733436384639404e-03,3.891918505045077747e-01,-3.997956500076729203e-01,-8.772939915151867218e-01
-1.554838539199525638e-01,8.464211216315557784e-02,1.060647271781375856e-02,3.913542929303012730e-01,-4.145068526992286007e-01,-8.951943061650593503e-01
-1.535228406888248520e-01,8.487596202980529636e-02,1.119365845348001785e-02,3.869890126121675600e-01,-4.157384218545155385e-01,-8.906089778977415161e-01
-1.518681912200987860e-01,8.526159088806818664e-02,1.071839920876766807e-02,3.813957056438442295e-01,-4.144341374102091247e-01,-8.817935421592268952e-01
-1.502135417513727200e-01,8.564721974633107693e-02,1.024313996405531654e-02,3.758023986755208989e-01,-4.131298529659027663e-01,-8.729781064207122743e-01
-1.485588922826459324e-01,8.603284860459413375e-02,9.767880719342756854e-03,3.702090917071950704e-01,-4.118255685215957973e-01,-8.641626706821938786e-01
-1.469042428139198386e-01,8.641847746285702403e-02,9.292621474630405332e-03,3.646157847388717399e-01,-4.105212840772894389e-01,-8.553472349436792577e-01
-1.452495933451937726e-01,8.680410632111991431e-02,8.817362229918055544e-03,3.590224777705484094e-01,-4.092169996329830806e-01,-8.465317992051646367e-01
-1.435949438764677066e-01,8.718973517938280460e-02,8.342102985205705756e-03,3.534291708022250234e-01,-4.079127151886766667e-01,-8.377163634666501268e-01
-1.419402944077409190e-01,8.757536403764586141e-02,7.866843740493144332e-03,3.478358638338992503e-01,-4.066084307443697532e-01,-8.289009277281316201e-01
-1.402856449390148252e-01,8.796099289590875170e-02,7.391584495780795412e-03,3.422425568655759198e-01,-4.053041463000633393e-01,-8.200854919896169992e-01
-1.386309954702887592e-01,8.834662175417164198e-02,6.916325251068444757e-03,3.366492498972525893e-01,-4.039998618557569809e-01,-8.112700562511024893e-01
-1.369763460015626932e-01,8.873225061243453227e-02,6.441066006356094970e-03,3.310559429289292588e-01,-4.026955774114506226e-01,-8.024546205125878684e-01
-1.353216965328358778e-01,8.911787947069758908e-02,5.965806761643533546e-03,3.254626359606034303e-01,-4.013912929671436536e-01,-7.936391847740693617e-01
-1.336670470641098118e-01,8.950350832896047937e-02,5.490547516931183758e-03,3.198693289922800997e-01,-4.000870085228372952e-01,-7.848237490355548518e-01
-1.320123975953837459e-01,8.988913718722336965e-02,5.015288272218833970e-03,3.142760220239567692e-01,-3.987827240785308813e-01,-7.760083132970402309e-01
-1.303577481266576799e-01,9.027476604548625994e-02,4.540029027506483315e-03,3.086827150556334387e-01,-3.974784396342245230e-01,-7.671928775585257210e-01
-1.287030986579308922e-01,9.066039490374933063e-02,4.064769782793922759e-03,3.030894080873076102e-01,-3.961741551899175540e-01,-7.583774418200072143e-01
-1.270484491892047985e-01,9.104602376201222091e-02,3.589510538081572971e-03,2.974961011189842797e-01,-3.948698707456111956e-01,-7.495620060814925933e-01
-1.253937997204787325e-01,9.143165262027511120e-02,3.114251293369223184e-03,2.919027941506609491e-01,-3.935655863013048372e-01,-7.407465703429780834e-01
-1.237391502517526665e-01,9.181728147853798760e-02,2.638992048656871661e-03,2.863094871823376186e-01,-3.922613018569984233e-01,-7.319311346044634625e-01
-1.220845007830258649e-01,9.220291033680105830e-02,2.163732803944311972e-03,2.807161802140117901e-01,-3.909570174126915099e-01,-7.231156988659449558e-01
-1.204298513142997851e-01,9.258853919506394858e-02,1.688473559231962184e-03,2.751228732456884596e-01,-3.896527329683850960e-01,-7.143002631274304459e-01
-1.187752018455737191e-01,9.297416805332683887e-02,1.213214314519610662e-03,2.695295662773651291e-01,-3.883484485240787376e-01,-7.054848273889158250e-01
-1.171205523768476531e-01,9.335979691158972915e-02,7.379550698072608744e-04,2.639362593090417985e-01,-3.870441640797723792e-01,-6.966693916504012041e-01
-1.183907275718606017e-01,9.452765145617829379e-02,-2.347650812614700960e-03,2.572691757566611948e-01,-3.810419869072358412e-01,-6.814386287257936381e-01
-1.207512172174718401e-01,9.598710364078891222e-02,-6.406340208542364752e-03,2.502018103888212774e-01,-3.732885319940369429e-01,-6.638163638342466921e-01
-1.231117068630830785e-01,9.744655582539953065e-02,-1.046502960447002854e-02,2.431344450209813879e-01,-3.655350770808380445e-01,-6.461940989426997461e-01
-1.254721965086943170e-01,9.890600801001016296e-02,-1.452371900039769320e-02,2.360670796531414983e-01,-3.577816221676392017e-01,-6.285718340511528002e-01
-1.278326861543065962e-01,1.003654601946214336e-01,-1.858240839632716024e-02,2.289997142852984446e-01,-3.500281672544368616e-01,-6.109495691595979716e-01
-1.301931757999178485e-01,1.018249123792320521e-01,-2.264109779225482316e-02,2.219323489174585551e-01,-3.422747123412379633e-01,-5.933273042680510256e-01
-1.325536654455290730e-01,1.032843645638426844e-01,-2.669978718818248609e-02,2.148649835496186378e-01,-3.345212574280391205e-01,-5.757050393765040797e-01
-1.349141550911403253e-01,1.047438167484533167e-01,-3.075847658411015248e-02,2.077976181817787205e-01,-3.267678025148402221e-01,-5.580827744849571337e-01
-1.372746447367526046e-01,1.062032689330645874e-01,-3.481716598003961605e-02,2.007302528139356945e-01,-3.190143476016379376e-01,-5.404605095934023051e-01
-1.396351343823638569e-01,1.076627211176752058e-01,-3.887585537596728591e-02,1.936628874460957772e-01,-3.112608926884390392e-01,-5.228382447018553592e-01
-1.419956240279750814e-01,1.091221733022858242e-01,-4.293454477189494189e-02,1.865955220782558877e-01,-3.035074377752401409e-01,-5.052159798103084132e-01
-1.443561136735863060e-01,1.105816254868964565e-01,-4.699323416782261176e-02,1.795281567104159981e-01,-2.957539828620412425e-01,-4.875937149187614672e-01
-1.467166033191986130e-01,1.120410776715077272e-01,-5.105192356375207186e-02,1.724607913425729444e-01,-2.880005279488389580e-01,-4.699714500272067497e-01
-1.490770929648098375e-01,1.135005298561183595e-01,-5.511061295967974172e-02,1.653934259747330549e-01,-2.802470730356400597e-01,-4.523491851356597482e-01
-1.514375826104210898e-01,1.149599820407289780e-01,-5.916930235560739770e-02,1.583260606068931375e-01,-2.724936181224412168e-01,-4.347269202441128022e-01
-1.537980722560323144e-01,1.164194342253395964e-01,-6.322799175153506757e-02,1.512586952390532202e-01,-2.647401632092423185e-01,-4.171046553525658562e-01
-1.561585619016446214e-01,1.178788864099508810e-01,-6.728668114746454154e-02,1.441913298712101943e-01,-2.569867082960399784e-01,-3.994823904610110832e-01
-1.585190515472558459e-01,1.193383385945614994e-01,-7.134537054339219753e-02,1.371239645033703047e-01,-2.492332533828411079e-01,-3.818601255694641372e-01
-1.608795411928670982e-01,1.207977907791721317e-01,-7.540405993931986739e-02,1.300565991355303874e-01,-2.414797984696422373e-01,-3.642378606779171912e-01
-1.632400308384783227e-01,1.222572429637827501e-01,-7.946274933524752337e-02,1.229892337676904979e-01,-2.337263435564433667e-01,-3.466155957863701897e-01
-1.656005204840906297e-01,1.237166951483940208e-01,-8.352143873117699735e-02,1.159218683998474442e-01,-2.259728886432410266e-01,-3.289933308948154167e-01
-1.679610101297018543e-01,1.251761473330046393e-01,-8.758012812710465333e-02,1.088545030320075546e-01,-2.182194337300421560e-01,-3.113710660032684707e-01
-1.703214997753130788e-01,1.266355995176152716e-01,-9.163881752303232320e-02,1.017871376641676373e-01,-2.104659788168432855e-01,-2.937488011117215247e-01
-1.708393536643914301e-01,1.229657840850551520e-01,-8.786365450567054647e-02,9.388875036023022758e-02,-2.040016939944058472e-01,-2.786837778262402088e-01
-1.676662579048119883e-01,1.090216274310425865e-01,-6.839664641800888290e-02,8.432575836586583828e-02,-2.001197219685583728e-01,-2.687411179671507222e-01
-1.644931621452339898e-01,9.507747077703621041e-02,-4.892963833035584437e-02,7.476276637150568172e-02,-1.962377499427125915e-01,-2.587984581080655655e-01
-1.613200663856559636e-01,8.113331412302984824e-02,-2.946263024270281972e-02,6.519977437714552515e-02,-1.923557779168668380e-01,-2.488557982489804643e-01
-1.581469706260779651e-01,6.718915746902347219e-02,-9.995622155049788127e-03,5.563678238278538940e-02,-1.884738058910210845e-01,-2.389131383898953354e-01
-1.549738748664985233e-01,5.324500081501090665e-02,9.471385932611889324e-03,4.607379038842099317e-02,-1.845918338651736101e-01,-2.289704785308058210e-01
-1.518007791069204970e-01,3.930084416100453060e-02,2.893839402026492091e-02,3.651079839406084354e-02,-1.807098618393278566e-01,-2.190278186717206921e-01
-1.486276833473424985e-01,2.535668750699815455e-02,4.840540210791793863e-02,2.694780639970069391e-02,-1.768278898134821031e-01,-2.090851588126355631e-01
-1.454545875877644723e-01,1.141253085299179237e-02,6.787241019557097021e-02,1.738481440534055122e-02,-1.729459177876363496e-01,-1.991424989535504619e-01
-1.422814918281850582e-01,-2.531625801020787048e-03,8.733941828323266154e-02,7.821822410976148054e-03,-1.690639457617888475e-01,-1.891998390944609199e-01
-1.391083960686070320e-01,-1.647578245502714922e-02,1.068064263708856931e-01,-1.741169583383994635e-03,-1.651819737359430940e-01,-1.792571792353758187e-01
-1.359353003090290057e-01,-3.041993910903353915e-02,1.262734344585387247e-01,-1.130416157774415120e-02,-1.613000017100973404e-01,-1.693145193762906897e-01
-1.327622045494510072e-01,-4.436409576303990132e-02,1.457404425461917286e-01,-2.086715357210429389e-02,-1.574180296842515869e-01,-1.593718595172055608e-01
-1.295891087898715655e-01,-5.830825241705245299e-02,1.652074506338534199e-01,-3.043014556646868318e-02,-1.535360576584041126e-01,-1.494291996581160464e-01
-1.264160130302935392e-01,-7.225240907105884292e-02,1.846744587215064237e-01,-3.999313756082882587e-02,-1.496540856325583313e-01,-1.394865397990309175e-01
-1.232429172707155407e-01,-8.619656572506520509e-02,2.041414668091594831e-01,-4.955612955518899632e-02,-1.457721136067125778e-01,-1.295438799399458163e-01
-1.200698215111375144e-01,-1.001407223790715950e-01,2.236084748968124869e-01,-5.911912154954913901e-02,-1.418901415808668243e-01,-1.196012200808606873e-01
-1.168967257515581004e-01,-1.140848790330841467e-01,2.430754829844742060e-01,-6.868211354391352830e-02,-1.380081695550193499e-01,-1.096585602217711453e-01
-1.137236299919800742e-01,-1.280290356870905089e-01,2.625424910721272376e-01,-7.824510553827367099e-02,-1.341261975291735964e-01,-9.971590036268604407e-02
-1.105505342324020618e-01,-1.419731923410968988e-01,2.820094991597802414e-01,-8.780809753263381368e-02,-1.302442255033278151e-01,-8.977324050360091512e-02
-1.073774384728240494e-01,-1.559173489951032887e-01,3.014765072474332452e-01,-9.737108952699398412e-02,-1.263622534774820894e-01,-7.983058064451581393e-02
-1.042043427132446215e-01,-1.698615056491158404e-01,3.209435153350949088e-01,-1.069340815213583734e-01,-1.224802814516346011e-01,-6.988792078542627184e-02
-9.916708334520717150e-02,-1.860901664052789228e-01,3.432899659302307560e-01,-1.164164445713581492e-01,-1.181189117877817635e-01,-6.055232868491343401e-02
-8.680788240966814950e-02,-2.112917550046569393e-01,3.769461050586229711e-01,-1.255821184549257841e-01,-1.118745950064389677e-01,-5.360113816566463435e-02
-7.444868147412912751e-02,-2.364933436040349279e-01,4.106022441870151862e-01,-1.347477923384934329e-01,-1.056302782250961719e-01,-4.664994764641584163e-02
-6.208948053858460991e-02,-2.616949322034241021e-01,4.442583833154223338e-01,-1.439134662220651339e-01,-9.938596144375060060e-02,-3.969875712716396110e-02
-4.973027960304558792e-02,-2.868965208028021463e-01,4.779145224438146045e-01,-1.530791401056327827e-01,-9.314164466240779094e-02,-3.274756660791516838e-02
-3.737107866750656593e-02,-3.120981094021801350e-01,5.115706615722067641e-01,-1.622448139892004315e-01,-8.689732788106499517e-02,-2.579637608866636872e-02
-2.501187773196754394e-02,-3.372996980015581237e-01,5.452268007005990347e-01,-1.714104878727680803e-01,-8.065301109972219940e-02,-1.884518556941756906e-02
-1.265267679642850807e-02,-3.625012866009361678e-01,5.788829398289911943e-01,-1.805761617563357013e-01,-7.440869431837940362e-02,-1.189399505016877634e-02
-2.934758608840043470e-04,-3.877028752003253143e-01,6.125390789573983419e-01,-1.897418356399074302e-01,-6.816437753703383229e-02,-4.942804530916895811e-03
1.206572507465503152e-02,-4.129044637997033584e-01,6.461952180857906125e-01,-1.989075095234750790e-01,-6.192006075569102264e-02,2.008385988331903849e-03
2.442492601019405352e-02,-4.381060523990812916e-01,6.798513572141828831e-01,-2.080731834070427000e-01,-5.567574397434822686e-02,8.959576507580696569e-03
3.678412694573307551e-02,-4.633076409984593358e-01,7.135074963425750427e-01,-2.172388572906103488e-01,-4.943142719300543109e-02,1.591076702682948929e-02
4.914332788127759311e-02,-4.885092295978484822e-01,7.471636354709821903e-01,-2.264045311741820499e-01,-4.318711041165985975e-02,2.286195754608137676e-02
6.150252881681661510e-02,-5.137108181972265264e-01,7.808197745993743499e-01,-2.355702050577496987e-01,-3.694279363031705010e-02,2.981314806533016948e-02
7.386172975235563709e-02,-5.389124067966045706e-01,8.144759137277666206e-01,-2.447358789413173197e-01,-3.069847684897425433e-02,3.676433858457896220e-02
8.622093068789465908e-02,-5.641139953959825037e-01,8.481320528561587802e-01,-2.539015528248849685e-01,-2.445416006763145855e-02,4.371552910382775492e-02
9.858013162343917668e-02,-5.893155839953717612e-01,8.817881919845660388e-01,-2.630672267084566696e-01,-1.820984328628588722e-02,5.066671962307964239e-02
1.109393325589781987e-01,-6.145171725947496943e-01,9.154443311129581984e-01,-2.722329005920243183e-01,-1.196552650494307757e-02,5.761791014232843511e-02
1.232985334945172207e-01,-6.397187611941277385e-01,9.491004702413504690e-01,-2.813985744755919671e-01,-5.721209723600281793e-03,6.456910066157722783e-02
1.356577344300562427e-01,-6.649203497935057827e-01,9.827566093697426286e-01,-2.905642483591596159e-01,5.231070577425139811e-04,7.152029118082603443e-02
1.480169353656007603e-01,-6.901219383928949291e-01,1.016412748498149776e+00,-2.997299222427313170e-01,6.767423839088099191e-03,7.847148170007792189e-02
1.603761363011398100e-01,-7.153235269922728623e-01,1.050068887626542047e+00,-3.088955961262989658e-01,1.301174062043089497e-02,8.542267221932670074e-02
1.619303469800152939e-01,-7.199246512222711170e-01,1.055010340269623370e+00,-3.155993736497166302e-01,1.897580482338527552e-02,9.808055586086231181e-02
1.574805889612170551e-01,-7.130787921331579460e-01,1.043996010008138464e+00,-3.209351583908985339e-01,2.478414211977907067e-02,1.139094564176845875e-01
1.530308309424168456e-01,-7.062329330440417774e-01,1.032981679746648673e+00,-3.262709431320828246e-01,3.059247941617544708e-02,1.297383569745139131e-01
1.485810729236186067e-01,-6.993870739549286064e-01,1.021967349485163767e+00,-3.316067278732647283e-01,3.640081671256924223e-02,1.455672575313361750e-01
1.441313149048203679e-01,-6.925412148658154354e-01,1.010953019223678861e+00,-3.369425126144466320e-01,4.220915400896303737e-02,1.613961580881584645e-01
1.396815568860221290e-01,-6.856953557767023755e-01,9.999386889621940666e-01,-3.422782973556285357e-01,4.801749130535683252e-02,1.772250586449807264e-01
1.352317988672219196e-01,-6.788494966875862069e-01,9.889243587007042757e-01,-3.476140820968128264e-01,5.382582860175320200e-02,1.930539592018100659e-01
1.307820408484236807e-01,-6.720036375984730359e-01,9.779100284392193698e-01,-3.529498668379947302e-01,5.963416589814699714e-02,2.088828597586323554e-01
1.263322828296254419e-01,-6.651577785093598649e-01,9.668956981777345749e-01,-3.582856515791766339e-01,6.544250319454078535e-02,2.247117603154546450e-01
1.218825248108272030e-01,-6.583119194202468050e-01,9.558813679162496690e-01,-3.636214363203585376e-01,7.125084049093458050e-02,2.405406608722768791e-01
1.174327667920269935e-01,-6.514660603311306364e-01,9.448670376547598782e-01,-3.689572210615428283e-01,7.705917778733095691e-02,2.563695614291062186e-01
1.129830087732287547e-01,-6.446202012420174654e-01,9.338527073932749722e-01,-3.742930058027247320e-01,8.286751508372475206e-02,2.721984619859285082e-01
1.085332507544305158e-01,-6.377743421529042944e-01,9.228383771317900663e-01,-3.796287905439066357e-01,8.867585238011854720e-02,2.880273625427507977e-01
1.040834927356322770e-01,-6.309284830637911234e-01,9.118240468703052715e-01,-3.849645752850885394e-01,9.448418967651234235e-02,3.038562630995730318e-01
9.963373471683205362e-02,-6.240826239746749549e-01,9.008097166088154806e-01,-3.903003600262728301e-01,1.002925269729087188e-01,3.196851636564023713e-01
9.518397669803382866e-02,-6.172367648855618949e-01,8.897953863473305747e-01,-3.956361447674547338e-01,1.061008642693025139e-01,3.355140642132246609e-01
9.073421867923558981e-02,-6.103909057964487239e-01,8.787810560858456688e-01,-4.009719295086366375e-01,1.119092015656963091e-01,3.513429647700468950e-01
8.628446066043735097e-02,-6.035450467073355529e-01,8.677667258243608739e-01,-4.063077142498185412e-01,1.177175388620901042e-01,3.671718653268691845e-01
8.183470264163712760e-02,-5.966991876182193844e-01,8.567523955628710830e-01,-4.116434989910028319e-01,1.235258761584864806e-01,3.830007658836985240e-01
7.738494462283888875e-02,-5.898533285291063244e-01,8.457380653013861771e-01,-4.169792837321847356e-01,1.293342134548802758e-01,3.988296664405207581e-01
7.293518660404064990e-02,-5.830074694399931534e-01,8.347237350399012712e-01,-4.223150684733666393e-01,1.351425507512740709e-01,4.146585669973430477e-01
6.848542858524242494e-02,-5.761616103508799824e-01,8.237094047784163653e-01,-4.276508532145485431e-01,1.409508880476678383e-01,4.304874675541653373e-01
6.403567056644220157e-02,-5.693157512617638139e-01,8.126950745169265744e-01,-4.329866379557328337e-01,1.467592253440642147e-01,4.463163681109946768e-01
5.488552658366834675e-02,-5.669152709971071458e-01,8.085252149597591531e-01,-4.482315161702897233e-01,1.558898439889269683e-01,4.761040733650764856e-01
4.150477430778165555e-02,-5.685158784441576296e-01,8.105157589833976717e-01,-4.723951285796513799e-01,1.680107002722748821e-01,5.184554777210486076e-01
2.812402203189495742e-02,-5.701164858912082245e-01,8.125063030070363013e-01,-4.965587409890130921e-01,1.801315565556227682e-01,5.608068820770206742e-01
1.474326975600231959e-02,-5.717170933382594855e-01,8.144968470306758190e-01,-5.207223533983854624e-01,1.922524128389760667e-01,6.031582864330116145e-01
1.362517480115628399e-03,-5.733177007853100804e-01,8.164873910543144486e-01,-5.448859658077471746e-01,2.043732691223239806e-01,6.455096907889836810e-01
-1.201823479577106280e-02,-5.749183082323606753e-01,8.184779350779529672e-01,-5.690495782171088868e-01,2.164941254056718667e-01,6.878610951449557476e-01
-2.539898707165776093e-02,-5.765189156794112701e-01,8.204684791015915968e-01,-5.932131906264705989e-01,2.286149816890197806e-01,7.302124995009278141e-01
-3.877973934755038488e-02,-5.781195231264625312e-01,8.224590231252311145e-01,-6.173768030358429693e-01,2.407358379723730790e-01,7.725639038569187544e-01
-5.216049162343708301e-02,-5.797201305735131260e-01,8.244495671488696331e-01,-6.415404154452046814e-01,2.528566942557209929e-01,8.149153082128908210e-01
-6.554124389932376726e-02,-5.813207380205637209e-01,8.264401111725082627e-01,-6.657040278545662826e-01,2.649775505390689068e-01,8.572667125688628875e-01
-7.892199617521046540e-02,-5.829213454676142048e-01,8.284306551961468923e-01,-6.898676402639281058e-01,2.770984068224168206e-01,8.996181169248349541e-01
-9.230274845110310322e-02,-5.845219529146655768e-01,8.304211992197864101e-01,-7.140312526733003651e-01,2.892192631057700636e-01,9.419695212808258944e-01
-1.016100999433014879e-01,-5.965061040902366329e-01,8.468109356410202793e-01,-7.087465337893997797e-01,2.863053839539064227e-01,9.269539995049437264e-01
-1.108025274478962041e-01,-6.087832090688090059e-01,8.636069204764069696e-01,-7.026309809561308573e-01,2.829673256356585731e-01,9.103199687097562887e-01
-1.199949549524909065e-01,-6.210603140473813788e-01,8.804029053117935488e-01,-6.965154281228618238e-01,2.796292673174107235e-01,8.936859379145689619e-01
-1.291873824570897167e-01,-6.333374190259591918e-01,8.971988901471876776e-01,-6.903998752895901259e-01,2.762912089991613751e-01,8.770519071193741967e-01
-1.383798099616844191e-01,-6.456145240045316758e-01,9.139948749825742569e-01,-6.842843224563210924e-01,2.729531506809135255e-01,8.604178763241867589e-01
-1.475722374662791214e-01,-6.578916289831040487e-01,9.307908598179609472e-01,-6.781687696230521700e-01,2.696150923626656204e-01,8.437838455289994322e-01
-1.567646649708738238e-01,-6.701687339616764216e-01,9.475868446533475264e-01,-6.720532167897831366e-01,2.662770340444177708e-01,8.271498147338119944e-01
-1.659570924754726062e-01,-6.824458389402542347e-01,9.643828294887416552e-01,-6.659376639565114386e-01,2.629389757261684224e-01,8.105157839386172292e-01
-1.751495199800673364e-01,-6.947229439188267186e-01,9.811788143241282345e-01,-6.598221111232425162e-01,2.596009174079205728e-01,7.938817531434299024e-01
-1.843419474846620387e-01,-7.070000488973990915e-01,9.979747991595149248e-01,-6.537065582899734828e-01,2.562628590896727232e-01,7.772477223482424646e-01
-1.968427564982072053e-01,-7.166994188481771166e-01,1.011155526428512808e+00,-6.459531010671442086e-01,2.522315061659717306e-01,7.589618091011874901e-01
-2.217839347771987379e-01,-7.167058390809595281e-01,1.010741951168031116e+00,-6.320407001516124001e-01,2.455931863981351548e-01,7.344643910355699301e-01
-2.467251130561791961e-01,-7.167122593137419395e-01,1.010328375907549425e+00,-6.181282992360868089e-01,2.389548666303015212e-01,7.099669729699632503e-01
-2.716662913351596820e-01,-7.167186795465244620e-01,1.009914800647067734e+00,-6.042158983205612177e-01,2.323165468624678875e-01,6.854695549043565705e-01
-2.966074696141401401e-01,-7.167250997793068734e-01,1.009501225386586043e+00,-5.903034974050355155e-01,2.256782270946342539e-01,6.609721368387498908e-01
-3.215486478931316450e-01,-7.167315200120892849e-01,1.009087650126104130e+00,-5.763910964895038180e-01,2.190399073267976782e-01,6.364747187731323308e-01
-3.464898261721121031e-01,-7.167379402448716963e-01,1.008674074865622439e+00,-5.624786955739782268e-01,2.124015875589640445e-01,6.119773007075257620e-01
-3.714310044510925612e-01,-7.167443604776541077e-01,1.008260499605140748e+00,-5.485662946584525246e-01,2.057632677911304109e-01,5.874798826419190823e-01
-3.963721827300730194e-01,-7.167507807104365192e-01,1.007846924344659056e+00,-5.346538937429269334e-01,1.991249480232967772e-01,5.629824645763124025e-01
-4.213133610090645798e-01,-7.167572009432189306e-01,1.007433349084177365e+00,-5.207414928273952359e-01,1.924866282554602015e-01,5.384850465106948425e-01
-4.462545392880450379e-01,-7.167636211760014531e-01,1.007019773823695674e+00,-5.068290919118695337e-01,1.858483084876265679e-01,5.139876284450881627e-01
-4.711957175670254960e-01,-7.167700414087838645e-01,1.006606198563213983e+00,-4.929166909963439425e-01,1.792099887197929342e-01,4.894902103794815384e-01
-4.961368958460059542e-01,-7.167764616415662760e-01,1.006192623302732292e+00,-4.790042900808183512e-01,1.725716689519593006e-01,4.649927923138748587e-01
-5.210780741249975145e-01,-7.167828818743486874e-01,1.005779048042250379e+00,-4.650918891652865428e-01,1.659333491841227248e-01,4.404953742482573542e-01
-5.460192524039779727e-01,-7.167893021071310988e-01,1.005365472781768688e+00,-4.511794882497609516e-01,1.592950294162890912e-01,4.159979561826506744e-01
-5.709604306829584308e-01,-7.167957223399135103e-01,1.004951897521286996e+00,-4.372670873342353604e-01,1.526567096484554575e-01,3.915005381170439946e-01
-5.959016089619388890e-01,-7.168021425726960327e-01,1.004538322260805305e+00,-4.233546864187097691e-01,1.460183898806218239e-01,3.670031200514373704e-01
-6.208427872409304493e-01,-7.168085628054784442e-01,1.004124747000323614e+00,-4.094422855031779607e-01,1.393800701127852204e-01,3.425057019858198104e-01
-6.457839655199109075e-01,-7.168149830382608556e-01,1.003711171739841923e+00,-3.955298845876523139e-01,1.327417503449515868e-01,3.180082839202131306e-01
-6.707251437988913656e-01,-7.168214032710432670e-01,1.003297596479360232e+00,-3.816174836721267227e-01,1.261034305771179531e-01,2.935108658546065064e-01
-6.910949908098005245e-01,-7.125024994627553454e-01,9.967278728453690118e-01,-3.619197110806258166e-01,1.171800120929904071e-01,2.612681785799157996e-01
-6.996818033207287124e-01,-6.970346678234065063e-01,9.742901001861850041e-01,-3.273096011292209728e-01,1.023665376424381657e-01,2.090613344872842005e-01
-7.082686158316531255e-01,-6.815668361840645506e-01,9.518523275270108774e-01,-2.926994911778315611e-01,8.755306319189251618e-02,1.568544903946758051e-01
-7.168554283425775386e-01,-6.660990045447225949e-01,9.294145548678367508e-01,-2.580893812264420939e-01,7.273958874134685282e-02,1.046476463020674097e-01
-7.254422408535019517e-01,-6.506311729053806392e-01,9.069767822086627351e-01,-2.234792712750526822e-01,5.792611429080120333e-02,5.244080220945898652e-02
-7.340290533644301396e-01,-6.351633412660319111e-01,8.845390095494786165e-01,-1.888691613236478661e-01,4.311263984024896190e-02,2.339581168274151857e-04
-7.426158658753545527e-01,-6.196955096266899554e-01,8.621012368903044898e-01,-1.542590513722584544e-01,2.829916538970331241e-02,-5.197288597578098024e-02
-7.512026783862789658e-01,-6.042276779873479997e-01,8.396634642311304741e-01,-1.196489414208690150e-01,1.348569093915764905e-02,-1.041797300683893757e-01
-7.597894908972033789e-01,-5.887598463480060440e-01,8.172256915719563475e-01,-8.503883146947954774e-02,-1.327783511388000437e-03,-1.563865741609978266e-01
-7.683763034081315668e-01,-5.732920147086572049e-01,7.947879189127723398e-01,-5.042872151807475944e-02,-1.614125796194024187e-02,-2.085934182536293702e-01
-7.769631159190559799e-01,-5.578241830693152492e-01,7.723501462535982132e-01,-1.581861156668534774e-02,-3.095473241248589136e-02,-2.608002623462378211e-01
-7.855499284299802820e-01,-5.423563514299734045e-01,7.499123735944241975e-01,1.879149838470411948e-02,-4.576820686303154084e-02,-3.130071064388461610e-01
-7.941367409409046951e-01,-5.268885197906314488e-01,7.274746009352500709e-01,5.340160833609353119e-02,-6.058168131357721808e-02,-3.652139505314546120e-01
-8.027235534518328830e-01,-5.114206881512826097e-01,7.050368282760659522e-01,8.801171828749837500e-02,-7.539515576412944564e-02,-4.174207946240861555e-01
-8.113103659627572961e-01,-4.959528565119406540e-01,6.825990556168919365e-01,1.226218282388877867e-01,-9.020863021467509513e-02,-4.696276387166946065e-01
-8.198971784736817092e-01,-4.804850248725986983e-01,6.601612829577178099e-01,1.572319381902772539e-01,-1.050221046652207446e-01,-5.218344828093031129e-01
-8.284839909846061223e-01,-4.650171932332567426e-01,6.377235102985436832e-01,1.918420481416666101e-01,-1.198355791157664219e-01,-5.740413269019113418e-01
-8.370708034955343102e-01,-4.495493615939079590e-01,6.152857376393596756e-01,2.264521580930715094e-01,-1.346490535663186217e-01,-6.262481709945431074e-01
-8.456576160064586123e-01,-4.340815299545660033e-01,5.928479649801856599e-01,2.610622680444608656e-01,-1.494625280168643267e-01,-6.784550150871513363e-01
-8.500270748458125247e-01,-4.179806907967292817e-01,5.696872253999910596e-01,2.905367150561263823e-01,-1.619020263843808094e-01,-7.214302778579568809e-01
-8.422553079611397875e-01,-4.000575033689663940e-01,5.444451558525533752e-01,3.052262405626195996e-01,-1.675071490433114596e-01,-7.378289901788072092e-01
-8.344835410764636086e-01,-3.821343159411955126e-01,5.192030863051044776e-01,3.199157660691194227e-01,-1.731122717022445801e-01,-7.542277024996646428e-01
-8.267117741917908713e-01,-3.642111285134326248e-01,4.939610167576669042e-01,3.346052915756126955e-01,-1.787173943611752025e-01,-7.706264148205148601e-01
-8.189400073071182451e-01,-3.462879410856697371e-01,4.687189472102292198e-01,3.492948170821059128e-01,-1.843225170201058249e-01,-7.870251271413651883e-01
-8.111682404224455079e-01,-3.283647536579068493e-01,4.434768776627915909e-01,3.639843425885991857e-01,-1.899276396790364752e-01,-8.034238394622154056e-01
-8.033964735377693289e-01,-3.104415662301359680e-01,4.182348081153427488e-01,3.786738680950989533e-01,-1.955327623379695956e-01,-8.198225517830728393e-01
-7.956247066530965917e-01,-2.925183788023730802e-01,3.929927385679050644e-01,3.933633936015922261e-01,-2.011378849969002180e-01,-8.362212641039230565e-01
-7.878529397684238544e-01,-2.745951913746101369e-01,3.677506690204673800e-01,4.080529191080854989e-01,-2.067430076558308683e-01,-8.526199764247733848e-01
-7.800811728837511172e-01,-2.566720039468472492e-01,3.425085994730298067e-01,4.227424446145787718e-01,-2.123481303147614907e-01,-8.690186887456236020e-01
-7.723094059990749383e-01,-2.387488165190763678e-01,3.172665299255809090e-01,4.374319701210785949e-01,-2.179532529736946111e-01,-8.854174010664810357e-01
-7.645376391144022010e-01,-2.208256290913134523e-01,2.920244603781432802e-01,4.521214956275718122e-01,-2.235583756326252614e-01,-9.018161133873313640e-01
-7.567658722297294638e-01,-2.029024416635505645e-01,2.667823908307055958e-01,4.668110211340650850e-01,-2.291634982915558838e-01,-9.182148257081815812e-01
-7.489941053450567265e-01,-1.849792542357876490e-01,2.415403212832679669e-01,4.815005466405583578e-01,-2.347686209504865062e-01,-9.346135380290317984e-01
-7.412223384603805476e-01,-1.670560668080167677e-01,2.162982517358191248e-01,4.961900721470581255e-01,-2.403737436094196545e-01,-9.510122503498893431e-01
-7.334505715757078104e-01,-1.491328793802538799e-01,1.910561821883814404e-01,5.108795976535513983e-01,-2.459788662683502769e-01,-9.674109626707395604e-01
-7.256788046910351841e-01,-1.312096919524909922e-01,1.658141126409438115e-01,5.255691231600446711e-01,-2.515839889272808994e-01,-9.838096749915897776e-01
-7.179070378063623359e-01,-1.132865045247280489e-01,1.405720430935061271e-01,5.402586486665379439e-01,-2.571891115862115496e-01,-1.000208387312440106e+00
-7.101352709216861570e-01,-9.536331709695722303e-02,1.153299735460572850e-01,5.549481741730377671e-01,-2.627942342451446422e-01,-1.016607099633297651e+00
-7.023635040370135307e-01,-7.744012966919427976e-02,9.008790399861965614e-02,5.696376996795309289e-01,-2.683993569040752925e-01,-1.033005811954147646e+00
-6.945917371523407935e-01,-5.951694224143139200e-02,6.484583445118197176e-02,5.843272251860243127e-01,-2.740044795630059427e-01,-1.049404524274998085e+00
-6.908924684395825189e-01,-5.089209617564127014e-02,5.287320346575366536e-02,5.852546299420027243e-01,-2.739829564893360159e-01,-1.046714669284878996e+00
-6.878637716877676889e-01,-4.379830223988187554e-02,4.308550002641441112e-02,5.839159827787575585e-01,-2.730349576498813380e-01,-1.040881716993521833e+00
-6.848350749359543022e-01,-3.670450830412562426e-02,3.329779658707950757e-02,5.825773356155129479e-01,-2.720869588104271042e-01,-1.035048764702167334e+00
-6.818063781841408044e-01,-2.961071436836937298e-02,2.351009314774460401e-02,5.812386884522684483e-01,-2.711389599709728149e-01,-1.029215812410812836e+00
-6.787776814323273067e-01,-2.251692043261312171e-02,1.372238970840970046e-02,5.799000412890238376e-01,-2.701909611315185811e-01,-1.023382860119458115e+00
-6.757489846805138090e-01,-1.542312649685687737e-02,3.934686269074796905e-03,5.785613941257793380e-01,-2.692429622920642918e-01,-1.017549907828103617e+00
-6.727202879286989790e-01,-8.329332561097475829e-03,-5.853017170264450397e-03,5.772227469625341723e-01,-2.682949634526096139e-01,-1.011716955536746454e+00
-6.696915911768854812e-01,-1.235538625341224550e-03,-1.564072060959936089e-02,5.758840997992895616e-01,-2.673469646131553801e-01,-1.005884003245391956e+00
-6.666628944250720945e-01,5.858255310415026729e-03,-2.542842404893425751e-02,5.745454526360450620e-01,-2.663989657737010908e-01,-1.000051050954037457e+00
-6.636341976732585968e-01,1.295204924617127801e-02,-3.521612748826916800e-02,5.732068054728004514e-01,-2.654509669342468570e-01,-9.942180986626829586e-01
-6.606055009214437668e-01,2.004584318193067954e-02,-4.500383092760840836e-02,5.718681583095553966e-01,-2.645029680947921791e-01,-9.883851463713257957e-01
-6.421638254683282865e-01,2.879013693276707975e-02,-5.710132500671907807e-02,5.722139298795541063e-01,-2.639520657081826926e-01,-9.843567413371100416e-01
-6.095468016037989267e-01,3.905239877953015082e-02,-7.132313831774735047e-02,5.741088648447070231e-01,-2.637663737511140583e-01,-9.819879821501148465e-01
-5.769297777392695670e-01,4.931466062629322189e-02,-8.554495162877562286e-02,5.760037998098598289e-01,-2.635806817940454239e-01,-9.796192229631197623e-01
-5.443127538747256633e-01,5.957692247306084488e-02,-9.976676493981022353e-02,5.778987347750135228e-01,-2.633949898369766784e-01,-9.772504637761235680e-01
-5.116957300101963035e-01,6.983918431982391595e-02,-1.139885782508384959e-01,5.797936697401663286e-01,-2.632092978799080440e-01,-9.748817045891283728e-01
-4.790787061456668883e-01,8.010144616658698702e-02,-1.282103915618667822e-01,5.816886047053192454e-01,-2.630236059228394097e-01,-9.725129454021331776e-01
-4.464616822811374730e-01,9.036370801335005809e-02,-1.424322048728950407e-01,5.835835396704720512e-01,-2.628379139657707753e-01,-9.701441862151380935e-01
-4.138446584165936248e-01,1.006259698601176811e-01,-1.566540181839296553e-01,5.854784746356257452e-01,-2.626522220087020298e-01,-9.677754270281417881e-01
-3.812276345520642651e-01,1.108882317068807521e-01,-1.708758314949579138e-01,5.873734096007785510e-01,-2.624665300516333954e-01,-9.654066678411467040e-01
-3.486106106875348498e-01,1.211504935536438232e-01,-1.850976448059862001e-01,5.892683445659314678e-01,-2.622808380945647611e-01,-9.630379086541515088e-01
-3.159935868230054901e-01,1.314127554004068943e-01,-1.993194581170144863e-01,5.911632795310842736e-01,-2.620951461374961267e-01,-9.606691494671563136e-01
-2.833765629584616419e-01,1.416750172471745173e-01,-2.135412714280490731e-01,5.930582144962379676e-01,-2.619094541804273812e-01,-9.583003902801601193e-01
-2.522515025630301944e-01,1.506039738354625068e-01,-2.258741987603139212e-01,5.930218936642877026e-01,-2.609295602886295140e-01,-9.532356524144660614e-01
-2.300412638593948567e-01,1.515661276927875445e-01,-2.269206019613366210e-01,5.814458793820072025e-01,-2.552041288672169395e-01,-9.320618276284795556e-01
-2.078310251557595190e-01,1.525282815501125822e-01,-2.279670051623593485e-01,5.698698650997267023e-01,-2.494786974458043927e-01,-9.108880028424929387e-01
-1.856207864521143558e-01,1.534904354074380639e-01,-2.290134083633825202e-01,5.582938508174410952e-01,-2.437532660243892646e-01,-8.897141780564969959e-01
-1.634105477484790181e-01,1.544525892647631016e-01,-2.300598115644052477e-01,5.467178365351605951e-01,-2.380278346029766900e-01,-8.685403532705103791e-01
-1.412003090448437082e-01,1.554147431220881670e-01,-2.311062147654279475e-01,5.351418222528800950e-01,-2.323024031815641155e-01,-8.473665284845237622e-01
-1.189900703412083982e-01,1.563768969794132047e-01,-2.321526179664506750e-01,5.235658079705995949e-01,-2.265769717601515687e-01,-8.261927036985372563e-01
-9.677983163756320728e-02,1.573390508367386864e-01,-2.331990211674738467e-01,5.119897936883139877e-01,-2.208515403387364406e-01,-8.050188789125412026e-01
-7.456959293392786958e-02,1.583012046940637241e-01,-2.342454243684965742e-01,5.004137794060334876e-01,-2.151261089173238661e-01,-7.838450541265546967e-01
-5.235935423029255964e-02,1.592633585513887895e-01,-2.352918275695193018e-01,4.888377651237530430e-01,-2.094006774959112915e-01,-7.626712293405680798e-01
-3.014911552665724970e-02,1.602255124087138272e-01,-2.363382307705420016e-01,4.772617508414725429e-01,-2.036752460744987170e-01,-7.414974045545814629e-01
-7.938876823012058770e-03,1.611876662660393089e-01,-2.373846339715652010e-01,4.656857365591869358e-01,-1.979498146530835889e-01,-7.203235797685855202e-01
1.427136188062327893e-02,1.621498201233643466e-01,-2.384310371725879008e-01,4.541097222769064357e-01,-1.922243832316710144e-01,-6.991497549825989033e-01
3.648160058425858887e-02,1.631119739806893842e-01,-2.394774403736106283e-01,4.425337079946259911e-01,-1.864989518102584676e-01,-6.779759301966123974e-01
5.774765106421130001e-02,1.638697010010476407e-01,-2.402457200712102836e-01,4.309728033400997971e-01,-1.807995238372449853e-01,-6.569320388552435386e-01
5.406699411618049594e-02,1.592261993634546957e-01,-2.336656072611324464e-01,4.198111151272508335e-01,-1.757871415221398392e-01,-6.393211617653329348e-01
5.038633716815132252e-02,1.545826977258638324e-01,-2.270854944510575513e-01,4.086494269144068658e-01,-1.707747592070369136e-01,-6.217102846754302137e-01
4.670568022012215603e-02,1.499391960882729413e-01,-2.205053816409826561e-01,3.974877387015629537e-01,-1.657623768919339602e-01,-6.040994075855274925e-01
4.302502327209298261e-02,1.452956944506820502e-01,-2.139252688309077333e-01,3.863260504887189861e-01,-1.607499945768310345e-01,-5.864885304956246603e-01
3.934436632406217854e-02,1.406521928130891053e-01,-2.073451560208299238e-01,3.751643622758700225e-01,-1.557376122617258885e-01,-5.688776534057141676e-01
3.566370937603301206e-02,1.360086911754982142e-01,-2.007650432107550287e-01,3.640026740630261104e-01,-1.507252299466229628e-01,-5.512667763158114465e-01
3.198305242800383863e-02,1.313651895379073509e-01,-1.941849304006801336e-01,3.528409858501821428e-01,-1.457128476315200372e-01,-5.336558992259086143e-01
2.830239547997466867e-02,1.267216879003164598e-01,-1.876048175906052107e-01,3.416792976373381752e-01,-1.407004653164170838e-01,-5.160450221360058931e-01
2.462173853194386114e-02,1.220781862627235148e-01,-1.810247047805274012e-01,3.305176094244892671e-01,-1.356880830013119377e-01,-4.984341450460952894e-01
2.094108158391469465e-02,1.174346846251326237e-01,-1.744445919704525061e-01,3.193559212116452439e-01,-1.306757006862090120e-01,-4.808232679561925682e-01
1.726042463588552123e-02,1.127911829875417465e-01,-1.678644791603776110e-01,3.081942329988013318e-01,-1.256633183711060586e-01,-4.632123908662898470e-01
1.357976768785635474e-02,1.081476813499508693e-01,-1.612843663503026881e-01,2.970325447859573642e-01,-1.206509360560031330e-01,-4.456015137763870704e-01
9.899110739825550676e-03,1.035041797123579244e-01,-1.547042535402248786e-01,2.858708565731084006e-01,-1.156385537408979869e-01,-4.279906366864765221e-01
6.218453791796377250e-03,9.886067807476703329e-02,-1.481241407301499835e-01,2.747091683602644885e-01,-1.106261714257950474e-01,-4.103797595965738010e-01
2.537796843767203825e-03,9.421717643717614221e-02,-1.415440279200750884e-01,2.635474801474205209e-01,-1.056137891106921217e-01,-3.927688825066710243e-01
-1.142860104261962662e-03,8.957367479958526502e-02,-1.349639151100001655e-01,2.523857919345765533e-01,-1.006014067955891822e-01,-3.751580054167682476e-01
-2.194563543359654215e-03,8.685769691791563052e-02,-1.311082653112000118e-01,2.452779767915000131e-01,-9.737031026949803658e-02,-3.637892714396978588e-01
-1.272473983998737186e-03,8.558888532537257954e-02,-1.292981161262168333e-01,2.412137705424493572e-01,-9.547658597409378056e-02,-3.571070784492434425e-01
-3.503844246378201577e-04,8.432007373282954243e-02,-1.274879669412336269e-01,2.371495642933987014e-01,-9.358286167868952454e-02,-3.504248854587890261e-01
5.717051347230968708e-04,8.305126214028649145e-02,-1.256778177562504484e-01,2.330853580443480733e-01,-9.168913738328526852e-02,-3.437426924683346097e-01
1.493794694084423728e-03,8.178245054774288536e-02,-1.238676685712664510e-01,2.290211517952956133e-01,-8.979541308788017984e-02,-3.370604994778772512e-01
2.415884253445340756e-03,8.051363895519983438e-02,-1.220575193862832586e-01,2.249569455462449574e-01,-8.790168879247592382e-02,-3.303783064874228348e-01
3.337973812806257785e-03,7.924482736265678340e-02,-1.202473702013000662e-01,2.208927392971943293e-01,-8.600796449707166780e-02,-3.236961134969684184e-01
4.260063372167175247e-03,7.797601577011374629e-02,-1.184372210163168737e-01,2.168285330481436735e-01,-8.411424020166741178e-02,-3.170139205065140020e-01
5.182152931528500803e-03,7.670720417757012632e-02,-1.166270718313328902e-01,2.127643267990912412e-01,-8.222051590626232309e-02,-3.103317275160566435e-01
6.104242490889416964e-03,7.543839258502708922e-02,-1.148169226463496978e-01,2.087001205500405854e-01,-8.032679161085806707e-02,-3.036495345256022271e-01
7.026332050250334860e-03,7.416958099248403824e-02,-1.130067734613665054e-01,2.046359143009899295e-01,-7.843306731545382493e-02,-2.969673415351478107e-01
7.948421609611251021e-03,7.290076939994098726e-02,-1.111966242763833129e-01,2.005717080519393014e-01,-7.653934302004955503e-02,-2.902851485446934499e-01
8.870511168972578311e-03,7.163195780739738117e-02,-1.093864750913993156e-01,1.965075018028868414e-01,-7.464561872464446635e-02,-2.836029555542360359e-01
9.792600728333494473e-03,7.036314621485434406e-02,-1.075763259064161370e-01,1.924432955538361856e-01,-7.275189442924021033e-02,-2.769207625637816195e-01
1.071469028769441237e-02,6.909433462231129308e-02,-1.057661767214329307e-01,1.883790893047855297e-01,-7.085817013383596819e-02,-2.702385695733272586e-01
1.163677984705532853e-02,6.782552302976824210e-02,-1.039560275364497521e-01,1.843148830557349016e-01,-6.896444583843171217e-02,-2.635563765828727867e-01
1.255886940641665582e-02,6.655671143722463601e-02,-1.021458783514657548e-01,1.802506768066824416e-01,-6.707072154302662348e-02,-2.568741835924154282e-01
1.348095896577757372e-02,6.528789984468158503e-02,-1.003357291664825623e-01,1.761864705576318135e-01,-6.517699724762235358e-02,-2.501919906019610118e-01
1.440304852513848988e-02,6.401908825213853405e-02,-9.852557998149938379e-02,1.721222643085811577e-01,-6.328327295221811144e-02,-2.435097976115066232e-01
1.259471298186082798e-02,6.299245299756550676e-02,-9.709959455379872650e-02,1.698541517612424390e-01,-6.223896264215144497e-02,-2.398858762264686473e-01
1.075008413813997171e-02,6.196903679433503342e-02,-9.567871549969751699e-02,1.676099132136957826e-01,-6.120594289520526338e-02,-2.363026059364173315e-01
8.905455294419935969e-03,6.094562059110501806e-02,-9.425783644559693197e-02,1.653656746661501531e-01,-6.017292314825953975e-02,-2.327193356463675700e-01
7.060826450699899358e-03,5.992220438787499576e-02,-9.283695739149636084e-02,1.631214361186045236e-01,-5.913990340131381612e-02,-2.291360653563178362e-01
5.216197606979862747e-03,5.889878818464498039e-02,-9.141607833739577582e-02,1.608771975710588664e-01,-5.810688365436808556e-02,-2.255527950662681025e-01
3.371568763259008214e-03,5.787537198141450706e-02,-8.999519928329456631e-02,1.586329590235122378e-01,-5.707386390742190396e-02,-2.219695247762167589e-01
1.526939919538970736e-03,5.685195577818449170e-02,-8.857432022919398129e-02,1.563887204759666083e-01,-5.604084416047618034e-02,-2.183862544861670252e-01
-3.176889241810650077e-04,5.582853957495446939e-02,-8.715344117509339628e-02,1.541444819284209511e-01,-5.500782441353045671e-02,-2.148029841961172914e-01
-2.162317767901102486e-03,5.480512337172445403e-02,-8.573256212099281126e-02,1.519002433808753216e-01,-5.397480466658473308e-02,-2.112197139060675577e-01
-4.006946611621957019e-03,5.378170716849398070e-02,-8.431168306689160175e-02,1.496560048333286930e-01,-5.294178491963855149e-02,-2.076364436160162141e-01
-5.851575455341992762e-03,5.275829096526396533e-02,-8.289080401279103061e-02,1.474117662857830635e-01,-5.190876517269282786e-02,-2.040531733259664804e-01
-7.696204299062031975e-03,5.173487476203394997e-02,-8.146992495869044559e-02,1.451675277382374063e-01,-5.087574542574709729e-02,-2.004699030359167466e-01
-9.540833142782067719e-03,5.071145855880392767e-02,-8.004904590458986058e-02,1.429232891906917768e-01,-4.984272567880137367e-02,-1.968866327458669852e-01
-1.138546198650292225e-02,4.968804235557345433e-02,-7.862816685048865106e-02,1.406790506431451482e-01,-4.880970593185519207e-02,-1.933033624558156693e-01
-1.323009083022295800e-02,4.866462615234343897e-02,-7.720728779638806605e-02,1.384348120955994910e-01,-4.777668618490946845e-02,-1.897200921657659078e-01
-1.507471967394299374e-02,4.764120994911341667e-02,-7.578640874228749491e-02,1.361905735480538615e-01,-4.674366643796373788e-02,-1.861368218757161741e-01
-1.691934851766303122e-02,4.661779374588340130e-02,-7.436552968818690990e-02,1.339463350005082320e-01,-4.571064669101801425e-02,-1.825535515856664404e-01
-1.876397736138388228e-02,4.559437754265292797e-02,-7.294465063408570038e-02,1.317020964529616034e-01,-4.467762694407183266e-02,-1.789702812956150968e-01
-2.060860620510392149e-02,4.457096133942291261e-02,-7.152377157998511537e-02,1.294578579054159739e-01,-4.364460719712610903e-02,-1.753870110055653631e-01
-2.245323504882396071e-02,4.354754513619289724e-02,-7.010289252588453035e-02,1.272136193578703167e-01,-4.261158745018038541e-02,-1.718037407155156293e-01
-2.264101874166817366e-02,4.298573556277819618e-02,-6.933236748460057386e-02,1.256906249952575438e-01,-4.186145758105389025e-02,-1.692363982907032494e-01
-2.182509728826381376e-02,4.270356404102097075e-02,-6.895582233286874640e-02,1.246045552901702824e-01,-4.128270041144536245e-02,-1.672844978255818849e-01
-2.100917583485981469e-02,4.242139251926387716e-02,-6.857927718113708548e-02,1.235184855850835067e-01,-4.070394324183709833e-02,-1.653325973604614085e-01
-2.019325438145581561e-02,4.213922099750678357e-02,-6.820273202940542456e-02,1.224324158799967310e-01,-4.012518607222882727e-02,-1.633806968953409322e-01
-1.937733292805181654e-02,4.185704947574968304e-02,-6.782618687767376364e-02,1.213463461749099415e-01,-3.954642890262056315e-02,-1.614287964302204281e-01
-1.856141147464745317e-02,4.157487795399246455e-02,-6.744964172594195007e-02,1.202602764698226939e-01,-3.896767173301203535e-02,-1.594768959650990914e-01
-1.774549002124345409e-02,4.129270643223536402e-02,-6.707309657421028914e-02,1.191742067647359044e-01,-3.838891456340377123e-02,-1.575249954999785873e-01
-1.692956856783945849e-02,4.101053491047827043e-02,-6.669655142247862822e-02,1.180881370596491287e-01,-3.781015739379550017e-02,-1.555730950348581110e-01
-1.611364711443545941e-02,4.072836338872117684e-02,-6.632000627074696730e-02,1.170020673545623530e-01,-3.723140022418723605e-02,-1.536211945697376069e-01
-1.529772566103109778e-02,4.044619186696395141e-02,-6.594346111901513985e-02,1.159159976494750915e-01,-3.665264305457870825e-02,-1.516692941046162701e-01
-1.448180420762709870e-02,4.016402034520685782e-02,-6.556691596728349281e-02,1.148299279443883159e-01,-3.607388588497044413e-02,-1.497173936394957661e-01
-1.366588275422309963e-02,3.988184882344976423e-02,-6.519037081555183188e-02,1.137438582393015402e-01,-3.549512871536217307e-02,-1.477654931743752897e-01
-1.284996130081910055e-02,3.959967730169266370e-02,-6.481382566382017096e-02,1.126577885342147645e-01,-3.491637154575390894e-02,-1.458135927092548134e-01
-1.203403984741474066e-02,3.931750577993544521e-02,-6.443728051208834351e-02,1.115717188291275030e-01,-3.433761437614538115e-02,-1.438616922441334489e-01
-1.121811839401074158e-02,3.903533425817834468e-02,-6.406073536035669647e-02,1.104856491240407135e-01,-3.375885720653711702e-02,-1.419097917790129726e-01
-1.040219694060674251e-02,3.875316273642125109e-02,-6.368419020862503555e-02,1.093995794189539517e-01,-3.318010003692884596e-02,-1.399578913138924685e-01
-9.586275487202743431e-03,3.847099121466415750e-02,-6.330764505689337462e-02,1.083135097138671621e-01,-3.260134286732058184e-02,-1.380059908487719922e-01
-8.770354033798383533e-03,3.818881969290693207e-02,-6.293109990516154717e-02,1.072274400087799007e-01,-3.202258569771205404e-02,-1.360540903836506277e-01
-7.954432580394384458e-03,3.790664817114983848e-02,-6.255455475342988625e-02,1.061413703036931250e-01,-3.144382852810378992e-02,-1.341021899185301514e-01
-7.138511126990383648e-03,3.762447664939273795e-02,-6.217800960169823227e-02,1.050553005986063493e-01,-3.086507135849552233e-02,-1.321502894534096750e-01
-6.322589673586388043e-03,3.734230512763564436e-02,-6.180146444996657829e-02,1.039692308935195736e-01,-3.028631418888725474e-02,-1.301983889882891710e-01
-5.506668220182024676e-03,3.706013360587842587e-02,-6.142491929823475083e-02,1.028831611884323122e-01,-2.970755701927873041e-02,-1.282464885231678342e-01
-4.690746766778025600e-03,3.677796208412132534e-02,-6.104837414650308991e-02,1.017970914833455365e-01,-2.912879984967046282e-02,-1.262945880580473301e-01
-3.874825313374026525e-03,3.649579056236423175e-02,-6.067182899477143593e-02,1.007110217782587608e-01,-2.855004268006219523e-02,-1.243426875929268538e-01
-3.058903859970027450e-03,3.621361904060713122e-02,-6.029528384303977501e-02,9.962495207317198509e-02,-2.797128551045392764e-02,-1.223907871278063636e-01
-2.242982406565667552e-03,3.593144751884991273e-02,-5.991873869130795449e-02,9.853888236808472367e-02,-2.739252834084540331e-02,-1.204388866626850130e-01
-1.427060953161668477e-03,3.564927599709281913e-02,-5.954219353957629357e-02,9.745281266299793410e-02,-2.681377117123713572e-02,-1.184869861975645228e-01
-6.111394997576694021e-04,3.536710447533571861e-02,-5.916564838784463265e-02,9.636674295791115841e-02,-2.623501400162886812e-02,-1.165350857324440326e-01
2.047819536463296730e-04,3.508493295357862501e-02,-5.878910323611297867e-02,9.528067325282438271e-02,-2.565625683202060053e-02,-1.145831852673235562e-01
1.020703407050689571e-03,3.480276143182139958e-02,-5.841255808438115121e-02,9.419460354773712130e-02,-2.507749966241207620e-02,-1.126312848022021917e-01
1.836624860454688646e-03,3.452058991006430599e-02,-5.803601293264949723e-02,9.310853384265034560e-02,-2.449874249280380861e-02,-1.106793843370817154e-01
2.652546313858687721e-03,3.423841838830721240e-02,-5.765946778091783631e-02,9.202246413756356991e-02,-2.391998532319554102e-02,-1.087274838719612252e-01
3.468467767262686796e-03,3.395624686655011881e-02,-5.728292262918617539e-02,9.093639443247679421e-02,-2.334122815358727343e-02,-1.067755834068407350e-01
4.284389220667046694e-03,3.367407534479289338e-02,-5.690637747745435487e-02,8.985032472738953280e-02,-2.276247098397874910e-02,-1.048236829417193844e-01
5.100310674071045769e-03,3.339190382303579979e-02,-5.652983232572270089e-02,8.876425502230275710e-02,-2.218371381437048151e-02,-1.028717824765988942e-01
5.916232127475044844e-03,3.310973230127869926e-02,-5.615328717399103997e-02,8.767818531721596753e-02,-2.160495664476221392e-02,-1.009198820114784179e-01
6.732153580879043919e-03,3.282756077952160567e-02,-5.577674202225937905e-02,8.659211561212920572e-02,-2.102619947515394980e-02,-9.896798154635792766e-02
7.548075034283403817e-03,3.254538925776438718e-02,-5.540019687052755853e-02,8.550604590704194430e-02,-2.044744230554542547e-02,-9.701608108123657703e-02
8.363996487687399423e-03,3.226321773600728665e-02,-5.502365171879589761e-02,8.441997620195515473e-02,-1.986868513593715788e-02,-9.506418061611608683e-02
9.179917941091398498e-03,3.198104621425019306e-02,-5.464710656706424363e-02,8.333390649686837903e-02,-1.928992796632889029e-02,-9.311228015099559663e-02
9.995839394495397573e-03,3.169887469249309253e-02,-5.427056141533258271e-02,8.224783679178160334e-02,-1.871117079672062269e-02,-9.116037968587510643e-02
1.081176084789939665e-02,3.141670317073599894e-02,-5.389401626360092179e-02,8.116176708669482764e-02,-1.813241362711235510e-02,-8.920847922075463010e-02
1.162768230130376348e-02,3.113453164897877698e-02,-5.351747111186909434e-02,8.007569738160756623e-02,-1.755365645750383077e-02,-8.725657875563326560e-02
1.244360375470775562e-02,3.085236012722167992e-02,-5.314092596013744035e-02,7.898962767652079053e-02,-1.697489928789556318e-02,-8.530467829051278927e-02
1.308651877143189417e-02,3.059208204536831635e-02,-5.279969875366938292e-02,7.801788209098109439e-02,-1.644672259754303978e-02,-8.353636868329210319e-02
1.270215398867029222e-02,3.046180310681826167e-02,-5.266818288756990735e-02,7.772497170289734136e-02,-1.621888331419450366e-02,-8.285818718523106641e-02
1.231778920590852026e-02,3.033152416826814801e-02,-5.253666702147037626e-02,7.743206131481346344e-02,-1.599104403084586346e-02,-8.218000568716973819e-02
1.193342442314691831e-02,3.020124522971809333e-02,-5.240515115537090068e-02,7.713915092672971041e-02,-1.576320474749732733e-02,-8.150182418910871529e-02
1.154905964038531636e-02,3.007096629116803865e-02,-5.227363528927143205e-02,7.684624053864595739e-02,-1.553536546414878775e-02,-8.082364269104767851e-02
1.116469485762371441e-02,2.994068735261798050e-02,-5.214211942317195647e-02,7.655333015056220436e-02,-1.530752618080024989e-02,-8.014546119298665561e-02
1.078033007486194246e-02,2.981040841406787031e-02,-5.201060355707242538e-02,7.626041976247832643e-02,-1.507968689745161142e-02,-7.946727969492532739e-02
1.039596529210034051e-02,2.968012947551781217e-02,-5.187908769097294981e-02,7.596750937439457341e-02,-1.485184761410307357e-02,-7.878909819686429061e-02
1.001160050933873856e-02,2.954985053696775749e-02,-5.174757182487347423e-02,7.567459898631082038e-02,-1.462400833075453571e-02,-7.811091669880326771e-02
9.627235726577136610e-03,2.941957159841770281e-02,-5.161605595877400560e-02,7.538168859822706735e-02,-1.439616904740599959e-02,-7.743273520074223093e-02
9.242870943815364657e-03,2.928929265986758915e-02,-5.148454009267447451e-02,7.508877821014318943e-02,-1.416832976405735939e-02,-7.675455370268090272e-02
8.858506161053762706e-03,2.915901372131753447e-02,-5.135302422657499893e-02,7.479586782205943640e-02,-1.394049048070882327e-02,-7.607637220461987981e-02
8.474141378292162491e-03,2.902873478276747979e-02,-5.122150836047552336e-02,7.450295743397568338e-02,-1.371265119736028368e-02,-7.539819070655884303e-02
8.089776595530560541e-03,2.889845584421742511e-02,-5.108999249437605472e-02,7.421004704589193035e-02,-1.348481191401174756e-02,-7.472000920849782013e-02
7.705411812768787720e-03,2.876817690566731145e-02,-5.095847662827652363e-02,7.391713665780805242e-02,-1.325697263066310735e-02,-7.404182771043647804e-02
7.321047030007186637e-03,2.863789796711725677e-02,-5.082696076217704806e-02,7.362422626972429940e-02,-1.302913334731457123e-02,-7.336364621237545514e-02
6.936682247245584687e-03,2.850761902856719862e-02,-5.069544489607757248e-02,7.333131588164054637e-02,-1.280129406396603338e-02,-7.268546471431441836e-02
6.552317464483982737e-03,2.837734009001714394e-02,-5.056392902997810385e-02,7.303840549355679335e-02,-1.257345478061749552e-02,-7.200728321625339545e-02
6.167952681722210784e-03,2.824706115146703028e-02,-5.043241316387857276e-02,7.274549510547291542e-02,-1.234561549726885532e-02,-7.132910171819206724e-02
5.783587898960608834e-03,2.811678221291697560e-02,-5.030089729777909718e-02,7.245258471738916239e-02,-1.211777621392031920e-02,-7.065092022013103046e-02
5.399223116199006883e-03,2.798650327436692092e-02,-5.016938143167962161e-02,7.215967432930540937e-02,-1.188993693057178135e-02,-6.997273872207000756e-02
5.014858333437404933e-03,2.785622433581686624e-02,-5.003786556558014603e-02,7.186676394122165634e-02,-1.166209764722324349e-02,-6.929455722400898465e-02
4.630493550675632980e-03,2.772594539726675258e-02,-4.990634969948061495e-02,7.157385355313777842e-02,-1.143425836387460502e-02,-6.861637572594764256e-02
4.246128767914031030e-03,2.759566645871669791e-02,-4.977483383338114631e-02,7.128094316505402539e-02,-1.120641908052606717e-02,-6.793819422788661966e-02
3.861763985152430814e-03,2.746538752016663976e-02,-4.964331796728167073e-02,7.098803277697027236e-02,-1.097857979717752931e-02,-6.726001272982558288e-02
3.477399202390828864e-03,2.733510858161658508e-02,-4.951180210118219516e-02,7.069512238888651934e-02,-1.075074051382899146e-02,-6.658183123176455998e-02
3.093034419629055176e-03,2.720482964306647489e-02,-4.938028623508266407e-02,7.040221200080264141e-02,-1.052290123048035299e-02,-6.590364973370323176e-02
2.708669636867454961e-03,2.707455070451641674e-02,-4.924877036898319543e-02,7.010930161271888839e-02,-1.029506194713181513e-02,-6.522546823564219498e-02
2.324304854105853010e-03,2.694427176596636206e-02,-4.911725450288371986e-02,6.981639122463513536e-02,-1.006722266378327728e-02,-6.454728673758117208e-02
1.939940071344251060e-03,2.681399282741630738e-02,-4.898573863678424428e-02,6.952348083655138233e-02,-9.839383380434739423e-03,-6.386910523952013530e-02
1.555575288582479107e-03,2.668371388886619372e-02,-4.885422277068471320e-02,6.923057044846750441e-02,-9.611544097086100955e-03,-6.319092374145880708e-02
1.171210505820877157e-03,2.655343495031613904e-02,-4.872270690458524456e-02,6.893766006038375138e-02,-9.383704813737563100e-03,-6.251274224339778418e-02
7.868457230592752066e-04,2.642315601176608436e-02,-4.859119103848576898e-02,6.864474967229999836e-02,-9.155865530389026979e-03,-6.183456074533674740e-02
4.024809402976732564e-04,2.629287707321602968e-02,-4.845967517238629341e-02,6.835183928421624533e-02,-8.928026247040487390e-03,-6.115637924727572450e-02
1.811615753590130329e-05,2.616259813466591602e-02,-4.832815930628676232e-02,6.805892889613236740e-02,-8.700186963691848921e-03,-6.047819774921438934e-02
-3.662486252257006469e-04,2.603231919611585787e-02,-4.819664344018728674e-02,6.776601850804861438e-02,-8.472347680343311066e-03,-5.980001625115335950e-02
-7.506134079873025972e-04,2.590204025756580319e-02,-4.806512757408781811e-02,6.747310811996486135e-02,-8.244508396994773211e-03,-5.912183475309233660e-02
-1.134978190748902813e-03,2.577176131901574851e-02,-4.793361170798834253e-02,6.718019773188110833e-02,-8.016669113646237091e-03,-5.844365325503129982e-02
-1.519342973510676501e-03,2.564148238046563485e-02,-4.780209584188881144e-02,6.688728734379723040e-02,-7.788829830297596887e-03,-5.776547175696997161e-02
-1.903707756272278451e-03,2.551120344191558018e-02,-4.767057997578933587e-02,6.659437695571347737e-02,-7.560990546949060767e-03,-5.708729025890894176e-02
-2.288072539033878666e-03,2.538092450336552550e-02,-4.753906410968986723e-02,6.630146656762972435e-02,-7.333151263600522912e-03,-5.640910876084791192e-02
-2.672437321795480616e-03,2.525064556481547082e-02,-4.740754824359039166e-02,6.600855617954597132e-02,-7.105311980251985057e-03,-5.573092726278688208e-02
-3.056802104557254304e-03,2.512036662626535716e-02,-4.727603237749086057e-02,6.571564579146209339e-02,-6.877472696903346588e-03,-5.505274576472555387e-02
-3.441166887318854520e-03,2.499008768771530248e-02,-4.714451651139138499e-02,6.542273540337834037e-02,-6.649633413554808734e-03,-5.437456426666452403e-02
-3.825531670080458205e-03,2.485980874916524780e-02,-4.701300064529191636e-02,6.512982501529458734e-02,-6.421794130206270879e-03,-5.369638276860349418e-02
-4.209896452842058420e-03,2.472952981061518965e-02,-4.688148477919244078e-02,6.483691462721083432e-02,-6.193954846857733024e-03,-5.301820127054246434e-02
-4.594261235603832108e-03,2.459925087206507599e-02,-4.674996891309290969e-02,6.454400423912695639e-02,-5.966115563509094555e-03,-5.234001977248113613e-02
-4.978626018365432324e-03,2.446897193351502131e-02,-4.661845304699343412e-02,6.425109385104320336e-02,-5.738276280160556700e-03,-5.166183827442010629e-02
-5.012048340672686092e-03,2.441263409523279290e-02,-4.663112157812431685e-02,6.410391625727611398e-02,-5.480595566214442951e-03,-5.102209848567625106e-02
-4.686393052455327911e-03,2.443195137593882557e-02,-4.679131682564437178e-02,6.410584967017037006e-02,-5.192381671473695476e-03,-5.042169151835496077e-02
-4.360737764237824880e-03,2.445126865664486518e-02,-4.695151207316449610e-02,6.410778308306461226e-02,-4.904167776732820498e-03,-4.982128455103340681e-02
-4.035082476020466699e-03,2.447058593735089785e-02,-4.711170732068455796e-02,6.410971649595886834e-02,-4.615953881992073023e-03,-4.922087758371211652e-02
-3.709427187803108952e-03,2.448990321805693052e-02,-4.727190256820461289e-02,6.411164990885312442e-02,-4.327739987251325547e-03,-4.862047061639082624e-02
-3.383771899585750770e-03,2.450922049876295972e-02,-4.743209781572466782e-02,6.411358332174738051e-02,-4.039526092510578939e-03,-4.802006364906953595e-02
-3.058116611368248174e-03,2.452853777946900279e-02,-4.759229306324479214e-02,6.411551673464162271e-02,-3.751312197769703094e-03,-4.741965668174797505e-02
-2.732461323150889992e-03,2.454785506017503199e-02,-4.775248831076485401e-02,6.411745014753587879e-02,-3.463098303028956052e-03,-4.681924971442668476e-02
-2.406806034933532245e-03,2.456717234088106466e-02,-4.791268355828490894e-02,6.411938356043013487e-02,-3.174884408288209010e-03,-4.621884274710539448e-02
-2.081150746716174064e-03,2.458648962158709733e-02,-4.807287880580496386e-02,6.412131697332439095e-02,-2.886670513547461535e-03,-4.561843577978410419e-02
-1.755495458498671467e-03,2.460580690229313694e-02,-4.823307405332508818e-02,6.412325038621864703e-02,-2.598456618806586557e-03,-4.501802881246255023e-02
-1.429840170281313286e-03,2.462512418299916961e-02,-4.839326930084515005e-02,6.412518379911288924e-02,-2.310242724065839082e-03,-4.441762184514125994e-02
-1.104184882063955105e-03,2.464444146370520228e-02,-4.855346454836520498e-02,6.412711721200714532e-02,-2.022028829325092040e-03,-4.381721487781996965e-02
-7.785295938465969234e-04,2.466375874441123148e-02,-4.871365979588525991e-02,6.412905062490140140e-02,-1.733814934584344998e-03,-4.321680791049867937e-02
-4.528743056290947602e-04,2.468307602511727455e-02,-4.887385504340538422e-02,6.413098403779565748e-02,-1.445601039843470020e-03,-4.261640094317711847e-02
-1.272190174117365791e-04,2.470239330582330375e-02,-4.903405029092544609e-02,6.413291745068989969e-02,-1.157387145102722545e-03,-4.201599397585582818e-02
1.984362708056216021e-04,2.472171058652933642e-02,-4.919424553844550102e-02,6.413485086358415577e-02,-8.691732503619750694e-04,-4.141558700853453789e-02
5.240915590229797832e-04,2.474102786723536909e-02,-4.935444078596555595e-02,6.413678427647841185e-02,-5.809593556212275939e-04,-4.081518004121324761e-02
8.497468472404828138e-04,2.476034514794140870e-02,-4.951463603348568027e-02,6.413871768937266793e-02,-2.927454608803526162e-04,-4.021477307389169364e-02
1.175402135457840128e-03,2.477966242864744137e-02,-4.967483128100574213e-02,6.414065110226692401e-02,-4.531566139605140708e-06,-3.961436610657040336e-02
1.501057423675198309e-03,2.479897970935347404e-02,-4.983502652852579706e-02,6.414258451516116621e-02,2.836823286011414674e-04,-3.901395913924911307e-02
1.826712711892556490e-03,2.481829699005950324e-02,-4.999522177604585199e-02,6.414451792805542230e-02,5.718962233418889429e-04,-3.841355217192782279e-02
2.152368000110059520e-03,2.483761427076554631e-02,-5.015541702356597631e-02,6.414645134094967838e-02,8.601101180827639206e-04,-3.781314520460626882e-02
2.478023288327417702e-03,2.485693155147157898e-02,-5.031561227108603818e-02,6.414838475384393446e-02,1.148324012823511396e-03,-3.721273823728497854e-02
2.803678576544775883e-03,2.487624883217760818e-02,-5.047580751860609310e-02,6.415031816673817666e-02,1.436537907564258872e-03,-3.661233126996368825e-02
3.129333864762133197e-03,2.489556611288364085e-02,-5.063600276612614803e-02,6.415225157963243274e-02,1.724751802305005480e-03,-3.601192430264239797e-02
3.454989152979636227e-03,2.491488339358968046e-02,-5.079619801364627929e-02,6.415418499252668882e-02,2.012965697045881325e-03,-3.541151733532083706e-02
3.780644441196993541e-03,2.493420067429571313e-02,-5.095639326116633422e-02,6.415611840542094491e-02,2.301179591786628800e-03,-3.481111036799954678e-02
4.106299729414352589e-03,2.495351795500174580e-02,-5.111658850868638915e-02,6.415805181831520099e-02,2.589393486527376276e-03,-3.421070340067825649e-02
4.431955017631709903e-03,2.497283523570777847e-02,-5.127678375620644408e-02,6.415998523120944319e-02,2.877607381268122017e-03,-3.361029643335696621e-02
4.757610305849212934e-03,2.499215251641381808e-02,-5.143697900372656839e-02,6.416191864410369927e-02,3.165821276008997862e-03,-3.300988946603540530e-02
5.083265594066570248e-03,2.501146979711985074e-02,-5.159717425124663026e-02,6.416385205699795535e-02,3.454035170749745337e-03,-3.240948249871411502e-02
5.408920882283929296e-03,2.503078707782587994e-02,-5.175736949876668519e-02,6.416578546989221143e-02,3.742249065490492813e-03,-3.180907553139282473e-02
5.734576170501286610e-03,2.505010435853191261e-02,-5.191756474628674012e-02,6.416771888278645364e-02,4.030462960231240288e-03,-3.120866856407153792e-02
6.060231458718789641e-03,2.506942163923795222e-02,-5.207775999380687137e-02,6.416965229568070972e-02,4.318676854972114398e-03,-3.060826159674998048e-02
6.385886746936148689e-03,2.508873891994398489e-02,-5.223795524132692630e-02,6.417158570857496580e-02,4.606890749712861874e-03,-3.000785462942869020e-02
6.711542035153506003e-03,2.510805620065001756e-02,-5.239815048884698123e-02,6.417351912146922188e-02,4.895104644453609349e-03,-2.940744766210739991e-02
7.037197323370863317e-03,2.512737348135605023e-02,-5.255834573636703616e-02,6.417545253436347796e-02,5.183318539194356825e-03,-2.880704069478610962e-02
7.362852611588366347e-03,2.514669076206208984e-02,-5.271854098388716048e-02,6.417738594725772017e-02,5.471532433935230935e-03,-2.820663372746455566e-02
7.688507899805725396e-03,2.516600804276812250e-02,-5.287873623140722235e-02,6.417931936015197625e-02,5.759746328675978411e-03,-2.760622676014326538e-02
8.014163188023082710e-03,2.518532532347415170e-02,-5.303893147892727727e-02,6.418125277304623233e-02,6.047960223416725886e-03,-2.700581979282197509e-02
8.339818476240440023e-03,2.520464260418018437e-02,-5.319912672644733220e-02,6.418318618594048841e-02,6.336174118157473362e-03,-2.640541282550068480e-02
8.665473764457943054e-03,2.522395988488622398e-02,-5.335932197396746346e-02,6.418511959883474449e-02,6.624388012898349207e-03,-2.580500585817912737e-02
8.991129052675302102e-03,2.524327716559225665e-02,-5.351951722148751839e-02,6.418705301172898670e-02,6.912601907639094947e-03,-2.520459889085783708e-02
9.316784340892659416e-03,2.526259444629828932e-02,-5.367971246900757332e-02,6.418898642462324278e-02,7.200815802379842423e-03,-2.460419192353654680e-02
9.642439629110018465e-03,2.528191172700432199e-02,-5.383990771652762825e-02,6.419091983751749886e-02,7.489029697120589898e-03,-2.400378495621525651e-02
9.968094917327519761e-03,2.530122900771036160e-02,-5.400010296404775256e-02,6.419285325041175494e-02,7.777243591861465744e-03,-2.340337798889369908e-02
1.029375020554487881e-02,2.532054628841639426e-02,-5.416029821156781443e-02,6.419478666330599714e-02,8.065457486602213219e-03,-2.280297102157240879e-02
1.041532880371548626e-02,2.538692801595364076e-02,-5.433299344553557675e-02,6.403542031556419545e-02,8.284924956846365096e-03,-2.213715810137791007e-02
1.022777150518510564e-02,2.552460308900249622e-02,-5.452462369123087238e-02,6.363171667417083510e-02,8.400255165860050222e-03,-2.137226807498832093e-02
1.004021420665464001e-02,2.566227816205141413e-02,-5.471625393692625822e-02,6.322801303277729434e-02,8.515585374873787389e-03,-2.060737804859839178e-02
9.852656908124257651e-03,2.579995323510026958e-02,-5.490788418262155385e-02,6.282430939138393400e-02,8.630915583887472514e-03,-1.984248802220880611e-02
9.665099609593877025e-03,2.593762830814912851e-02,-5.509951442831685642e-02,6.242060574999056671e-02,8.746245792901155905e-03,-1.907759799581921697e-02
9.477542311063494665e-03,2.607530338119798397e-02,-5.529114467401215205e-02,6.201690210859720637e-02,8.861576001914841030e-03,-1.831270796942963131e-02
9.289985012533029038e-03,2.621297845424690187e-02,-5.548277491970753789e-02,6.161319846720365867e-02,8.976906210928578198e-03,-1.754781794303970216e-02
9.102427714002648412e-03,2.635065352729575733e-02,-5.567440516540283352e-02,6.120949482581029832e-02,9.092236419942263323e-03,-1.678292791665011302e-02
8.914870415472266052e-03,2.648832860034461278e-02,-5.586603541109812915e-02,6.080579118441693104e-02,9.207566628955946714e-03,-1.601803789026052735e-02
8.727313116941883692e-03,2.662600367339347171e-02,-5.605766565679343172e-02,6.040208754302357069e-02,9.322896837969631839e-03,-1.525314786387093821e-02
8.539755818411418065e-03,2.676367874644238615e-02,-5.624929590248881062e-02,5.999838390163002994e-02,9.438227046983369006e-03,-1.448825783748101080e-02
8.352198519881037439e-03,2.690135381949124507e-02,-5.644092614818410625e-02,5.959468026023666265e-02,9.553557255997054132e-03,-1.372336781109142340e-02
8.164641221350655079e-03,2.703902889254010053e-02,-5.663255639387940882e-02,5.919097661884330230e-02,9.668887465010739257e-03,-1.295847778470183599e-02
7.977083922820274453e-03,2.717670396558895599e-02,-5.682418663957470445e-02,5.878727297744993502e-02,9.784217674024424383e-03,-1.219358775831224859e-02
7.789526624289808826e-03,2.731437903863787389e-02,-5.701581688527009029e-02,5.838356933605639426e-02,9.899547883038159815e-03,-1.142869773192232118e-02
7.601969325759426466e-03,2.745205411168673282e-02,-5.720744713096538592e-02,5.797986569466302698e-02,1.001487809205184494e-02,-1.066380770553273204e-02
7.414412027229044973e-03,2.758972918473558827e-02,-5.739907737666068155e-02,5.757616205326966663e-02,1.013020830106553007e-02,-9.898917679143144632e-03
7.226854728698663480e-03,2.772740425778444373e-02,-5.759070762235598412e-02,5.717245841187629934e-02,1.024553851007921346e-02,-9.134027652753557228e-03
7.039297430168197853e-03,2.786507933083336164e-02,-5.778233786805136302e-02,5.676875477048275859e-02,1.036086871909295062e-02,-8.369137626363629817e-03
6.851740131637815492e-03,2.800275440388221709e-02,-5.797396811374666559e-02,5.636505112908939130e-02,1.047619892810663575e-02,-7.604247599974042413e-03
6.664182833107434867e-03,2.814042947693107255e-02,-5.816559835944196122e-02,5.596134748769603096e-02,1.059152913712032087e-02,-6.839357573584453273e-03
6.476625534577052506e-03,2.827810454997993148e-02,-5.835722860513725685e-02,5.555764384630267061e-02,1.070685934613400600e-02,-6.074467547194865868e-03
6.289068236046587747e-03,2.841577962302884938e-02,-5.854885885083264269e-02,5.515394020490912291e-02,1.082218955514774143e-02,-5.309577520804940193e-03
6.101510937516205386e-03,2.855345469607770484e-02,-5.874048909652793832e-02,5.475023656351576257e-02,1.093751976416142656e-02,-4.544687494415351053e-03
5.913953638985823894e-03,2.869112976912656029e-02,-5.893211934222323395e-02,5.434653292212239528e-02,1.105284997317511168e-02,-3.779797468025761914e-03
5.726396340455442401e-03,2.882880484217541922e-02,-5.912374958791853652e-02,5.394282928072903494e-02,1.116818018218879681e-02,-3.014907441636176244e-03
5.538839041924976773e-03,2.896647991522433713e-02,-5.931537983361391542e-02,5.353912563933549418e-02,1.128351039120253224e-02,-2.250017415246247099e-03
5.351281743394595281e-03,2.910415498827319258e-02,-5.950701007930921105e-02,5.313542199794212689e-02,1.139884060021621737e-02,-1.485127388856657960e-03
5.163724444864212920e-03,2.924183006132204804e-02,-5.969864032500451362e-02,5.273171835654875961e-02,1.151417080922990249e-02,-7.202373624670722896e-04
4.976167146333831427e-03,2.937950513437090350e-02,-5.989027057069980925e-02,5.232801471515539926e-02,1.162950101824358762e-02,4.465266392251684979e-05
4.788609847803449934e-03,2.951718020741976242e-02,-6.008190081639511182e-02,5.192431107376203892e-02,1.174483122725727274e-02,8.095426903121025197e-04
4.601052549272984307e-03,2.965485528046867686e-02,-6.027353106209049072e-02,5.152060743236849122e-02,1.186016143627100818e-02,1.574432716702031665e-03
4.413495250742602814e-03,2.979253035351753578e-02,-6.046516130778578635e-02,5.111690379097513087e-02,1.197549164528469330e-02,2.339322743091620804e-03
4.225937952212221321e-03,2.993020542656639124e-02,-6.065679155348108892e-02,5.071320014958176359e-02,1.209082185429837843e-02,3.104212769481206474e-03
4.038380653681838961e-03,3.006788049961525017e-02,-6.084842179917638455e-02,5.030949650818840324e-02,1.220615206331206182e-02,3.869102795870795614e-03
3.850823355151374201e-03,3.020555557266416460e-02,-6.104005204487177039e-02,4.990579286679486248e-02,1.232148227232579898e-02,4.633992822260721289e-03
3.663266056620992708e-03,3.034323064571302353e-02,-6.123168229056706602e-02,4.950208922540149520e-02,1.243681248133948411e-02,5.398882848650310429e-03
3.475708758090610348e-03,3.048090571876187899e-02,-6.142331253626236165e-02,4.909838558400812791e-02,1.255214269035316924e-02,6.163772875039899568e-03
3.288151459560228855e-03,3.061858079181073444e-02,-6.161494278195766422e-02,4.869468194261476757e-02,1.266747289936685436e-02,6.928662901429485238e-03
3.100594161029763228e-03,3.075625586485965235e-02,-6.180657302765304312e-02,4.829097830122122681e-02,1.278280310838058979e-02,7.693552927819414383e-03
2.913036862499381735e-03,3.089393093790850781e-02,-6.199820327334834569e-02,4.788727465982786646e-02,1.289813331739427492e-02,8.458442954209000053e-03
2.725479563969000242e-03,3.103160601095736673e-02,-6.218983351904364132e-02,4.748357101843449918e-02,1.301346352640796004e-02,9.223332980598589192e-03
2.537922265438618749e-03,3.116928108400622219e-02,-6.238146376473893695e-02,4.707986737704113189e-02,1.312879373542164517e-02,9.988223006988178332e-03
2.350364966908153122e-03,3.130695615705513662e-02,-6.257309401043431585e-02,4.667616373564759114e-02,1.324412394443538060e-02,1.075311303337810748e-02
2.162807668377770762e-03,3.144463123010399902e-02,-6.276472425612961148e-02,4.627246009425423079e-02,1.335945415344906573e-02,1.151800305976768968e-02
1.975250369847390136e-03,3.158230630315285448e-02,-6.295635450182492099e-02,4.586875645286086350e-02,1.347478436246275085e-02,1.228289308615727882e-02
1.808934949292099244e-03,3.172345903982425747e-02,-6.313048966604736800e-02,4.537390454764507475e-02,1.358058787278613663e-02,1.311580061102751195e-02
1.780824154760181962e-03,3.188723826936066402e-02,-6.319079773855579285e-02,4.428602072075620705e-02,1.362440845337878695e-02,1.439124588856639624e-02
1.752713360228277039e-03,3.205101749889699425e-02,-6.325110581106417607e-02,4.319813689386783201e-02,1.366822903397141992e-02,1.566669116610471674e-02
1.724602565696372117e-03,3.221479672843332448e-02,-6.331141388357255928e-02,4.211025306697945003e-02,1.371204961456405115e-02,1.694213644364303550e-02
1.696491771164467194e-03,3.237857595796965471e-02,-6.337172195608094249e-02,4.102236924009106805e-02,1.375587019515668238e-02,1.821758172118135080e-02
1.668380976632549912e-03,3.254235518750605433e-02,-6.343203002858935347e-02,3.993448541320220729e-02,1.379969077574933270e-02,1.949302699872023509e-02
1.640270182100644989e-03,3.270613441704238455e-02,-6.349233810109773668e-02,3.884660158631382532e-02,1.384351135634196393e-02,2.076847227625855385e-02
1.612159387568740066e-03,3.286991364657871478e-02,-6.355264617360613377e-02,3.775871775942545028e-02,1.388733193693459517e-02,2.204391755379687262e-02
1.584048593036835361e-03,3.303369287611504501e-02,-6.361295424611451699e-02,3.667083393253706830e-02,1.393115251752722814e-02,2.331936283133519139e-02
1.555937798504917861e-03,3.319747210565144463e-02,-6.367326231862292796e-02,3.558295010564820754e-02,1.397497309811987845e-02,2.459480810887407914e-02
1.527827003973013156e-03,3.336125133518777486e-02,-6.373357039113131117e-02,3.449506627875982556e-02,1.401879367871250968e-02,2.587025338641239444e-02
1.499716209441108233e-03,3.352503056472410509e-02,-6.379387846363969439e-02,3.340718245187144358e-02,1.406261425930514092e-02,2.714569866395071321e-02
1.471605414909203310e-03,3.368880979426043532e-02,-6.385418653614809148e-02,3.231929862498306855e-02,1.410643483989777215e-02,2.842114394148903198e-02
1.443494620377286028e-03,3.385258902379684187e-02,-6.391449460865650245e-02,3.123141479809420085e-02,1.415025542049042420e-02,2.969658921902791626e-02
1.415383825845381105e-03,3.401636825333317210e-02,-6.397480268116488566e-02,3.014353097120582581e-02,1.419407600108305544e-02,3.097203449656623503e-02
1.387273031313476183e-03,3.418014748286950233e-02,-6.403511075367326888e-02,2.905564714431744383e-02,1.423789658167568667e-02,3.224747977410455380e-02
1.359162236781571260e-03,3.434392671240583256e-02,-6.409541882618165209e-02,2.796776331742906532e-02,1.428171716226831790e-02,3.352292505164287256e-02
1.331051442249653978e-03,3.450770594194223218e-02,-6.415572689869007694e-02,2.687987949054020109e-02,1.432553774286096822e-02,3.479837032918176032e-02
1.302940647717749055e-03,3.467148517147856240e-02,-6.421603497119846016e-02,2.579199566365182258e-02,1.436935832345359945e-02,3.607381560672007215e-02
1.274829853185844349e-03,3.483526440101489263e-02,-6.427634304370684337e-02,2.470411183676344061e-02,1.441317890404623069e-02,3.734926088425839785e-02
1.246719058653939210e-03,3.499904363055122286e-02,-6.433665111621522659e-02,2.361622800987506210e-02,1.445699948463886192e-02,3.862470616179670968e-02
1.218608264122021927e-03,3.516282286008762248e-02,-6.439695918872363756e-02,2.252834418298619787e-02,1.450082006523151397e-02,3.990015143933559744e-02
1.190497469590117222e-03,3.532660208962395271e-02,-6.445726726123203465e-02,2.144046035609781936e-02,1.454464064582414520e-02,4.117559671687391620e-02
1.162386675058212082e-03,3.549038131916028294e-02,-6.451757533374041786e-02,2.035257652920943738e-02,1.458846122641677644e-02,4.245104199441222803e-02
1.134275880526307376e-03,3.565416054869661316e-02,-6.457788340624880108e-02,1.926469270232105888e-02,1.463228180700940767e-02,4.372648727195055374e-02
1.106165085994390094e-03,3.581793977823301972e-02,-6.463819147875721205e-02,1.817680887543219465e-02,1.467610238760205799e-02,4.500193254948943455e-02
1.078054291462485171e-03,3.598171900776934995e-02,-6.469849955126559526e-02,1.708892504854381614e-02,1.471992296819469095e-02,4.627737782702776026e-02
1.049943496930580249e-03,3.614549823730568018e-02,-6.475880762377399236e-02,1.600104122165543763e-02,1.476374354878732219e-02,4.755282310456607209e-02
1.021832702398675326e-03,3.630927746684201041e-02,-6.481911569628237557e-02,1.491315739476705565e-02,1.480756412937995342e-02,4.882826838210439779e-02
9.937219078667580436e-04,3.647305669637841002e-02,-6.487942376879078654e-02,1.382527356787819489e-02,1.485138470997260374e-02,5.010371365964327861e-02
9.656111133348531210e-04,3.663683592591474025e-02,-6.493973184129916976e-02,1.273738974098981291e-02,1.489520529056523497e-02,5.137915893718159044e-02
9.375003188029483068e-04,3.680061515545107048e-02,-6.500003991380755297e-02,1.164950591410143094e-02,1.493902587115786620e-02,5.265460421471991614e-02
9.093895242710433842e-04,3.696439438498740071e-02,-6.506034798631595006e-02,1.056162208721305590e-02,1.498284645175049917e-02,5.393004949225822797e-02
8.812787297391259933e-04,3.712817361452380033e-02,-6.512065605882436103e-02,9.473738260324195137e-03,1.502666703234314949e-02,5.520549476979710879e-02
8.531679352072211791e-04,3.729195284406013056e-02,-6.518096413133274425e-02,8.385854433435813160e-03,1.507048761293578072e-02,5.648094004733543450e-02
8.250571406753163650e-04,3.745573207359646078e-02,-6.524127220384112746e-02,7.297970606547431183e-03,1.511430819352841196e-02,5.775638532487374632e-02
7.969463461434114424e-04,3.761951130313279101e-02,-6.530158027634951068e-02,6.210086779659049205e-03,1.515812877412104319e-02,5.903183060241207203e-02
7.688355516114941599e-04,3.778329053266919757e-02,-6.536188834885793553e-02,5.122202952770188444e-03,1.520194935471369524e-02,6.030727587995095285e-02
7.407247570795892373e-04,3.794706976220552780e-02,-6.542219642136631874e-02,4.034319125881806467e-03,1.524576993530632647e-02,6.158272115748927855e-02
7.126139625476843147e-04,3.811084899174185803e-02,-6.548250449387470196e-02,2.946435298993431429e-03,1.528959051589895771e-02,6.285816643502759038e-02
6.845031680157793921e-04,3.827462822127818132e-02,-6.554281256638308517e-02,1.858551472105049451e-03,1.533341109649158894e-02,6.413361171256591609e-02
6.563923734838621096e-04,3.843840745081458787e-02,-6.560312063889149614e-02,7.706676452161886903e-04,1.537723167708423926e-02,6.540905699010479690e-02
6.282815789519571870e-04,3.860218668035091810e-02,-6.566342871139989323e-02,-3.172161816721932870e-04,1.542105225767687049e-02,6.668450226764310873e-02
6.001707844200522644e-04,3.876596590988724833e-02,-6.572373678390827645e-02,-1.405100008560575264e-03,1.546487283826950346e-02,6.795994754518143444e-02
5.760726027841669376e-04,3.892015573734214362e-02,-6.576078097777719733e-02,-2.544381558553449225e-03,1.551053425511735549e-02,6.928081212660330834e-02
5.646128474946978271e-04,3.904414206520769037e-02,-6.572455151569123188e-02,-3.845549229853001839e-03,1.556199370781697830e-02,7.074473275203725653e-02
5.531530922052338125e-04,3.916812839307318161e-02,-6.568832205360528032e-02,-5.146716901151976789e-03,1.561345316051658029e-02,7.220865337747053858e-02
5.416933369157697978e-04,3.929211472093867286e-02,-6.565209259151932875e-02,-6.447884572450951306e-03,1.566491261321618228e-02,7.367257400290383451e-02
5.302335816263058915e-04,3.941610104880416410e-02,-6.561586312943337718e-02,-7.749052243749925822e-03,1.571637206591578254e-02,7.513649462833711656e-02
5.187738263368367811e-04,3.954008737666971085e-02,-6.557963366734739785e-02,-9.050219915049478869e-03,1.576783151861540708e-02,7.660041525377106475e-02
5.073140710473727664e-04,3.966407370453520209e-02,-6.554340420526144628e-02,-1.035138758634845252e-02,1.581929097131501080e-02,7.806433587920434680e-02
4.958543157579088602e-04,3.978806003240069333e-02,-6.550717474317549471e-02,-1.165255525764742790e-02,1.587075042401461106e-02,7.952825650463762885e-02
4.843945604684448455e-04,3.991204636026618457e-02,-6.547094528108954314e-02,-1.295372292894640329e-02,1.592220987671421131e-02,8.099217713007092478e-02
4.729348051789757893e-04,4.003603268813173827e-02,-6.543471581900357770e-02,-1.425489060024595460e-02,1.597366932941383585e-02,8.245609775550485909e-02
4.614750498895117746e-04,4.016001901599722951e-02,-6.539848635691762613e-02,-1.555605827154492998e-02,1.602512878211343958e-02,8.392001838093815502e-02
4.500152946000478141e-04,4.028400534386272075e-02,-6.536225689483167456e-02,-1.685722594284390363e-02,1.607658823481303983e-02,8.538393900637145095e-02
4.385555393105837994e-04,4.040799167172821199e-02,-6.532602743274572299e-02,-1.815839361414288075e-02,1.612804768751264009e-02,8.684785963180473300e-02
4.270957840211147432e-04,4.053197799959375874e-02,-6.528979797065975754e-02,-1.945956128544243380e-02,1.617950714021226463e-02,8.831178025723866731e-02
4.156360287316507827e-04,4.065596432745924999e-02,-6.525356850857380597e-02,-2.076072895674140745e-02,1.623096659291186836e-02,8.977570088267196324e-02
4.041762734421867681e-04,4.077995065532474123e-02,-6.521733904648785440e-02,-2.206189662804038110e-02,1.628242604561146861e-02,9.123962150810524530e-02
3.927165181527228076e-04,4.090393698319023247e-02,-6.518110958440190283e-02,-2.336306429933935475e-02,1.633388549831106887e-02,9.270354213353854123e-02
3.812567628632537514e-04,4.102792331105577922e-02,-6.514488012231593739e-02,-2.466423197063890779e-02,1.638534495101069341e-02,9.416746275897247553e-02
3.697970075737897367e-04,4.115190963892127046e-02,-6.510865066022998582e-02,-2.596539964193788491e-02,1.643680440371029713e-02,9.563138338440577146e-02
3.583372522843257220e-04,4.127589596678676864e-02,-6.507242119814403425e-02,-2.726656731323685856e-02,1.648826385640989739e-02,9.709530400983905352e-02
3.468774969948618158e-04,4.139988229465225988e-02,-6.503619173605806880e-02,-2.856773498453583221e-02,1.653972330910949765e-02,9.855922463527233557e-02
3.354177417053927053e-04,4.152386862251780664e-02,-6.499996227397210335e-02,-2.986890265583538526e-02,1.659118276180912219e-02,1.000231452607062838e-01
3.239579864159287449e-04,4.164785495038329788e-02,-6.496373281188615179e-02,-3.117007032713435891e-02,1.664264221450872591e-02,1.014870658861395658e-01
3.124982311264647302e-04,4.177184127824878912e-02,-6.492750334980020022e-02,-3.247123799843333602e-02,1.669410166720832617e-02,1.029509865115728617e-01
3.010384758370007697e-04,4.189582760611428036e-02,-6.489127388771424865e-02,-3.377240566973230967e-02,1.674556111990792642e-02,1.044149071370061577e-01
2.895787205475316593e-04,4.201981393397982711e-02,-6.485504442562828320e-02,-3.507357334103185925e-02,1.679702057260755096e-02,1.058788277624400920e-01
2.781189652580676988e-04,4.214380026184531836e-02,-6.481881496354233163e-02,-3.637474101233083984e-02,1.684848002530715469e-02,1.073427483878733879e-01
2.666592099686037384e-04,4.226778658971080960e-02,-6.478258550145638006e-02,-3.767590868362981349e-02,1.689993947800675494e-02,1.088066690133066700e-01
2.551994546791397237e-04,4.239177291757630084e-02,-6.474635603937042849e-02,-3.897707635492878714e-02,1.695139893070635520e-02,1.102705896387399520e-01
2.437396993896706675e-04,4.251575924544184759e-02,-6.471012657728446305e-02,-4.027824402622833672e-02,1.700285838340597974e-02,1.117345102641738863e-01
2.322799441002066528e-04,4.263974557330733883e-02,-6.467389711519851148e-02,-4.157941169752731730e-02,1.705431783610558347e-02,1.131984308896071822e-01
2.208201888107426923e-04,4.276373190117283701e-02,-6.463766765311255991e-02,-4.288057936882629095e-02,1.710577728880518372e-02,1.146623515150404782e-01
2.093604335212787318e-04,4.288771822903832825e-02,-6.460143819102660834e-02,-4.418174704012526460e-02,1.715723674150478398e-02,1.161262721404737602e-01
1.979006782318096214e-04,4.301170455690387501e-02,-6.456520872894064289e-02,-4.548291471142481418e-02,1.720869619420440852e-02,1.175901927659077084e-01
1.864409229423456609e-04,4.313569088476936625e-02,-6.452897926685467744e-02,-4.678408238272378783e-02,1.726015564690401224e-02,1.190541133913409905e-01
1.749811676528816463e-04,4.325967721263485749e-02,-6.449274980476872587e-02,-4.808525005402276842e-02,1.731161509960361250e-02,1.205180340167742725e-01
1.635214123634176858e-04,4.338366354050034873e-02,-6.445652034268277430e-02,-4.938641772532174207e-02,1.736307455230321276e-02,1.219819546422075685e-01
1.520616570739486296e-04,4.350764986836589548e-02,-6.442029088059680886e-02,-5.068758539662129164e-02,1.741453400500283730e-02,1.234458752676415028e-01
1.406019017844846149e-04,4.363163619623138673e-02,-6.438406141851085729e-02,-5.198875306792026529e-02,1.746599345770244102e-02,1.249097958930747987e-01
1.291421464950206544e-04,4.375562252409687797e-02,-6.434783195642490572e-02,-5.328992073921923894e-02,1.751745291040204128e-02,1.263737165185080946e-01
1.176823912055566398e-04,4.387960885196236921e-02,-6.431160249433895415e-02,-5.459108841051821953e-02,1.756891236310164500e-02,1.278376371439413628e-01
1.062226359160875835e-04,4.400359517982792290e-02,-6.427537303225298870e-02,-5.589225608181776911e-02,1.762037181580126607e-02,1.293015577693752971e-01
9.487123865157753790e-05,4.412739984364891233e-02,-6.423881350805511758e-02,-5.719348281623888586e-02,1.767176765333824603e-02,1.307651895379631224e-01
1.312427449731759228e-04,4.417119626053874620e-02,-6.405688844931682613e-02,-5.852072205548863870e-02,1.769514618212069540e-02,1.321016033431940961e-01
1.676142512947743348e-04,4.421499267742858702e-02,-6.387496339057853467e-02,-5.984796129473839155e-02,1.771852471090314823e-02,1.334380171484250699e-01
2.039857576163888473e-04,4.425878909431844171e-02,-6.369303833184015995e-02,-6.117520053398873420e-02,1.774190323968560801e-02,1.347744309536566265e-01
2.403572639379872593e-04,4.430258551120827559e-02,-6.351111327310185461e-02,-6.250243977323849398e-02,1.776528176846805737e-02,1.361108447588875725e-01
2.767287702595856713e-04,4.434638192809810947e-02,-6.332918821436356316e-02,-6.382967901248824683e-02,1.778866029725050674e-02,1.374472585641185463e-01
3.131002765811840291e-04,4.439017834498795029e-02,-6.314726315562527170e-02,-6.515691825173799967e-02,1.781203882603295610e-02,1.387836723693495200e-01
3.494717829027985416e-04,4.443397476187780498e-02,-6.296533809688689698e-02,-6.648415749098833538e-02,1.783541735481541934e-02,1.401200861745810766e-01
3.858432892243969536e-04,4.447777117876763886e-02,-6.278341303814860552e-02,-6.781139673023808823e-02,1.785879588359786871e-02,1.414564999798120504e-01
4.222147955459953656e-04,4.452156759565747274e-02,-6.260148797941030019e-02,-6.913863596948785495e-02,1.788217441238031807e-02,1.427929137850430241e-01
4.585863018675937234e-04,4.456536401254730662e-02,-6.241956292067200873e-02,-7.046587520873760779e-02,1.790555294116276744e-02,1.441293275902739979e-01
4.949578081892083443e-04,4.460916042943716131e-02,-6.223763786193363401e-02,-7.179311444798794350e-02,1.792893146994522721e-02,1.454657413955055545e-01
5.313293145108065937e-04,4.465295684632700213e-02,-6.205571280319534255e-02,-7.312035368723769635e-02,1.795230999872767658e-02,1.468021552007365282e-01
5.677008208324050599e-04,4.469675326321683601e-02,-6.187378774445704416e-02,-7.444759292648744919e-02,1.797568852751012941e-02,1.481385690059674742e-01
6.040723271540034177e-04,4.474054968010666988e-02,-6.169186268571875270e-02,-7.577483216573721592e-02,1.799906705629257878e-02,1.494749828111984480e-01
6.404438334756180386e-04,4.478434609699652458e-02,-6.150993762698037104e-02,-7.710207140498755163e-02,1.802244558507503855e-02,1.508113966164300046e-01
6.768153397972163964e-04,4.482814251388636539e-02,-6.132801256824207958e-02,-7.842931064423730447e-02,1.804582411385748791e-02,1.521478104216609784e-01
7.131868461188147542e-04,4.487193893077619927e-02,-6.114608750950378813e-02,-7.975654988348705732e-02,1.806920264263993728e-02,1.534842242268919521e-01
7.495583524404131120e-04,4.491573534766603315e-02,-6.096416245076548973e-02,-8.108378912273681016e-02,1.809258117142238664e-02,1.548206380321229259e-01
7.859298587620277329e-04,4.495953176455588784e-02,-6.078223739202711501e-02,-8.241102836198715975e-02,1.811595970020484989e-02,1.561570518373544825e-01
8.223013650836260907e-04,4.500332818144572172e-02,-6.060031233328881661e-02,-8.373826760123691260e-02,1.813933822898729925e-02,1.574934656425854562e-01
8.586728714052244485e-04,4.504712459833556254e-02,-6.041838727455052516e-02,-8.506550684048666544e-02,1.816271675776974862e-02,1.588298794478164022e-01
8.950443777268229147e-04,4.509092101522539642e-02,-6.023646221581223370e-02,-8.639274607973641829e-02,1.818609528655219798e-02,1.601662932530473760e-01
9.314158840484212725e-04,4.513471743211523030e-02,-6.005453715707393531e-02,-8.771998531898617113e-02,1.820947381533464735e-02,1.615027070582783497e-01
9.677873903700357850e-04,4.517851384900508499e-02,-5.987261209833556058e-02,-8.904722455823652072e-02,1.823285234411710712e-02,1.628391208635099063e-01
1.004158896691634143e-03,4.522231026589491887e-02,-5.969068703959726219e-02,-9.037446379748625969e-02,1.825623087289955995e-02,1.641755346687408801e-01
1.040530403013232609e-03,4.526610668278475968e-02,-5.950876198085897073e-02,-9.170170303673602641e-02,1.827960940168200932e-02,1.655119484739718538e-01
1.076901909334831075e-03,4.530990309967459356e-02,-5.932683692212067234e-02,-9.302894227598577925e-02,1.830298793046445868e-02,1.668483622792027998e-01
1.113273415656445588e-03,4.535369951656444826e-02,-5.914491186338229761e-02,-9.435618151523611497e-02,1.832636645924691846e-02,1.681847760844343842e-01
1.149644921978043837e-03,4.539749593345428214e-02,-5.896298680464400616e-02,-9.568342075448588169e-02,1.834974498802936782e-02,1.695211898896653580e-01
1.186016428299642303e-03,4.544129235034412295e-02,-5.878106174590570776e-02,-9.701065999373562065e-02,1.837312351681181719e-02,1.708576036948963039e-01
1.222387934621240770e-03,4.548508876723395683e-02,-5.859913668716741630e-02,-9.833789923298538738e-02,1.839650204559427002e-02,1.721940175001272777e-01
1.258759440942855282e-03,4.552888518412381152e-02,-5.841721162842904158e-02,-9.966513847223573697e-02,1.841988057437672979e-02,1.735304313053588343e-01
1.295130947264453531e-03,4.557268160101364540e-02,-5.823528656969074319e-02,-1.009923777114854759e-01,1.844325910315917916e-02,1.748668451105898081e-01
1.331502453586051998e-03,4.561647801790347928e-02,-5.805336151095245173e-02,-1.023196169507352427e-01,1.846663763194162852e-02,1.762032589158207818e-01
1.367873959907650464e-03,4.566027443479332010e-02,-5.787143645221415333e-02,-1.036468561899849816e-01,1.849001616072407789e-02,1.775396727210517556e-01
1.404245466229264976e-03,4.570407085168317479e-02,-5.768951139347577861e-02,-1.049740954292353312e-01,1.851339468950653766e-02,1.788760865262833122e-01
1.440616972550863226e-03,4.574786726857300867e-02,-5.750758633473748715e-02,-1.063013346684850841e-01,1.853677321828899049e-02,1.802125003315142582e-01
1.476988478872461692e-03,4.579166368546284255e-02,-5.732566127599918876e-02,-1.076285739077348369e-01,1.856015174707143986e-02,1.815489141367452319e-01
1.513359985194060158e-03,4.583546010235268336e-02,-5.714373621726089730e-02,-1.089558131469846036e-01,1.858353027585388922e-02,1.828853279419762057e-01
1.549731491515674671e-03,4.587925651924253806e-02,-5.696181115852251564e-02,-1.102830523862349393e-01,1.860690880463634900e-02,1.842217417472077623e-01
1.586102997837273137e-03,4.592305293613237194e-02,-5.677988609978422418e-02,-1.116102916254846922e-01,1.863028733341879836e-02,1.855581555524387360e-01
1.480778518806276237e-03,4.594022483523532013e-02,-5.655412196963952726e-02,-1.129393179240261308e-01,1.861594764778248812e-02,1.868486838099701619e-01
1.289778979170353845e-03,4.594129848589900006e-02,-5.630185098335140775e-02,-1.142694247500982974e-01,1.857880202097310710e-02,1.881114678299328213e-01
1.098779439534346451e-03,4.594237213656267999e-02,-5.604957999706317723e-02,-1.155995315761710468e-01,1.854165639416370873e-02,1.893742518498960081e-01
9.077798998984239502e-04,4.594344578722635991e-02,-5.579730901077506466e-02,-1.169296384022432134e-01,1.850451076735432424e-02,1.906370358698586676e-01
7.167803602625013410e-04,4.594451943789003984e-02,-5.554503802448694516e-02,-1.182597452283153799e-01,1.846736514054493974e-02,1.918998198898212992e-01
5.257808206265788403e-04,4.594559308855371976e-02,-5.529276703819883260e-02,-1.195898520543875465e-01,1.843021951373555872e-02,1.931626039097839309e-01
3.347812809905714466e-04,4.594666673921739969e-02,-5.504049605191060207e-02,-1.209199588804603098e-01,1.839307388692616035e-02,1.944253879297471455e-01
1.437817413546488374e-04,4.594774038988107961e-02,-5.478822506562248951e-02,-1.222500657065324625e-01,1.835592826011677586e-02,1.956881719497097771e-01
-4.721779828127355486e-05,4.594881404054475954e-02,-5.453595407933437000e-02,-1.235801725326046291e-01,1.831878263330739484e-02,1.969509559696724366e-01
-2.382173379171961640e-04,4.594988769120843947e-02,-5.428368309304625050e-02,-1.249102793586767957e-01,1.828163700649801035e-02,1.982137399896350682e-01
-4.292168775532033409e-04,4.595096134187211939e-02,-5.403141210675802691e-02,-1.262403861847495590e-01,1.824449137968861198e-02,1.994765240095982828e-01
-6.202164171891259500e-04,4.595203499253579932e-02,-5.377914112046990741e-02,-1.275704930108217117e-01,1.820734575287922749e-02,2.007393080295609145e-01
-8.112159568250485592e-04,4.595310864319947924e-02,-5.352687013418179485e-02,-1.289005998368938921e-01,1.817020012606984647e-02,2.020020920495235461e-01
-1.002215496460971168e-03,4.595418229386315917e-02,-5.327459914789367534e-02,-1.302307066629660448e-01,1.813305449926046198e-02,2.032648760694862056e-01
-1.193215036096978345e-03,4.595525594452683910e-02,-5.302232816160545176e-02,-1.315608134890388081e-01,1.809590887245106361e-02,2.045276600894493924e-01
-1.384214575732900954e-03,4.595632959519051902e-02,-5.277005717531733225e-02,-1.328909203151109608e-01,1.805876324564167912e-02,2.057904441094120518e-01
-1.575214115368823563e-03,4.595740324585419895e-02,-5.251778618902921969e-02,-1.342210271411831413e-01,1.802161761883229810e-02,2.070532281293746835e-01
-1.766213655004746173e-03,4.595847689651787887e-02,-5.226551520274110019e-02,-1.355511339672552940e-01,1.798447199202291361e-02,2.083160121493373151e-01
-1.957213194640753350e-03,4.595955054718155880e-02,-5.201324421645286966e-02,-1.368812407933280573e-01,1.794732636521351524e-02,2.095787961693005297e-01
-2.148212734276675959e-03,4.596062419784523873e-02,-5.176097323016475710e-02,-1.382113476194002100e-01,1.791018073840413075e-02,2.108415801892631614e-01
-2.339212273912598134e-03,4.596169784850891865e-02,-5.150870224387663759e-02,-1.395414544454723904e-01,1.787303511159474972e-02,2.121043642092258208e-01
-2.530211813548520743e-03,4.596277149917259858e-02,-5.125643125758852503e-02,-1.408715612715445431e-01,1.783588948478536523e-02,2.133671482291884525e-01
-2.721211353184528354e-03,4.596384514983627850e-02,-5.100416027130029450e-02,-1.422016680976173064e-01,1.779874385797596686e-02,2.146299322491516670e-01
-2.912210892820450963e-03,4.596491880049995843e-02,-5.075188928501217500e-02,-1.435317749236894591e-01,1.776159823116658237e-02,2.158927162691142987e-01
-3.103210432456373572e-03,4.596599245116363835e-02,-5.049961829872406244e-02,-1.448618817497616396e-01,1.772445260435720135e-02,2.171555002890769304e-01
-3.294209972092296181e-03,4.596706610182731828e-02,-5.024734731243594293e-02,-1.461919885758337923e-01,1.768730697754781686e-02,2.184182843090395898e-01
-3.485209511728302924e-03,4.596813975249099821e-02,-4.999507632614771935e-02,-1.475220954019065556e-01,1.765016135073841849e-02,2.196810683290027766e-01
-3.676209051364225534e-03,4.596921340315467119e-02,-4.974280533985959984e-02,-1.488522022279787083e-01,1.761301572392903400e-02,2.209438523489654083e-01
-3.867208591000148143e-03,4.597028705381835112e-02,-4.949053435357148728e-02,-1.501823090540508887e-01,1.757587009711965298e-02,2.222066363689280677e-01
-4.058208130636070318e-03,4.597136070448203105e-02,-4.923826336728336778e-02,-1.515124158801230414e-01,1.753872447031026849e-02,2.234694203888906994e-01
-4.249207670272078796e-03,4.597243435514571097e-02,-4.898599238099514419e-02,-1.528425227061958047e-01,1.750157884350087012e-02,2.247322044088539139e-01
-4.440207209908000538e-03,4.597350800580939090e-02,-4.873372139470702469e-02,-1.541726295322679574e-01,1.746443321669148563e-02,2.259949884288165456e-01
-4.631206749543924014e-03,4.597458165647307082e-02,-4.848145040841890518e-02,-1.555027363583401379e-01,1.742728758988210461e-02,2.272577724487792050e-01
-4.822206289179845756e-03,4.597565530713675075e-02,-4.822917942213079262e-02,-1.568328431844122905e-01,1.739014196307272012e-02,2.285205564687418367e-01
-5.013205828815852499e-03,4.597672895780043067e-02,-4.797690843584256210e-02,-1.581629500104850539e-01,1.735299633626332175e-02,2.297833404887050235e-01
-5.204205368451775976e-03,4.597780260846411060e-02,-4.772463744955444953e-02,-1.594930568365572066e-01,1.731585070945393726e-02,2.310461245086676829e-01
-5.395204908087697718e-03,4.597887625912779053e-02,-4.747236646326633003e-02,-1.608231636626293870e-01,1.727870508264455623e-02,2.323089085286303146e-01
-5.586204447723621194e-03,4.597994990979147045e-02,-4.722009547697821052e-02,-1.621532704887015397e-01,1.724155945583517174e-02,2.335716925485929740e-01
-5.777203987359627937e-03,4.598102356045515038e-02,-4.696782449068998694e-02,-1.634833773147743030e-01,1.720441382902577337e-02,2.348344765685561608e-01
-5.968203526995551414e-03,4.598209721111883030e-02,-4.671555350440186744e-02,-1.648134841408464557e-01,1.716726820221638888e-02,2.360972605885188202e-01
-6.159203066631473156e-03,4.598317086178251023e-02,-4.646328251811375487e-02,-1.661435909669186362e-01,1.713012257540700786e-02,2.373600446084814519e-01
-6.240201751184350741e-03,4.589291478221422388e-02,-4.617591500429198831e-02,-1.668040180202568779e-01,1.713332571290146489e-02,2.378096837910295691e-01
-6.077251334383543084e-03,4.560011658966701964e-02,-4.581071385593744189e-02,-1.659792949932835382e-01,1.722601038020503059e-02,2.364560101518973778e-01
-5.914300917582808285e-03,4.530731839711994724e-02,-4.544551270758305506e-02,-1.651545719663105871e-01,1.731869504750855118e-02,2.351023365127657416e-01
-5.751350500782072619e-03,4.501452020457287484e-02,-4.508031155922866823e-02,-1.643298489393376360e-01,1.741137971481207525e-02,2.337486628736341332e-01
-5.588400083981337821e-03,4.472172201202580244e-02,-4.471511041087428140e-02,-1.635051259123646850e-01,1.750406438211559931e-02,2.323949892345025248e-01
-5.425449667180530164e-03,4.442892381947859820e-02,-4.434990926251973498e-02,-1.626804028853913453e-01,1.759674904941916154e-02,2.310413155953703057e-01
-5.262499250379795365e-03,4.413612562693152580e-02,-4.398470811416535509e-02,-1.618556798584183942e-01,1.768943371672268561e-02,2.296876419562386973e-01
-5.099548833579060567e-03,4.384332743438445340e-02,-4.361950696581096826e-02,-1.610309568314454154e-01,1.778211838402620620e-02,2.283339683171070889e-01
-4.936598416778324901e-03,4.355052924183738100e-02,-4.325430581745658143e-02,-1.602062338044724643e-01,1.787480305132973027e-02,2.269802946779754804e-01
-4.773647999977518111e-03,4.325773104929017676e-02,-4.288910466910203501e-02,-1.593815107774991524e-01,1.796748771863329597e-02,2.256266210388432614e-01
-4.610697583176782445e-03,4.296493285674310436e-02,-4.252390352074764818e-02,-1.585567877505261736e-01,1.806017238593681656e-02,2.242729473997116529e-01
-4.447747166376047646e-03,4.267213466419603196e-02,-4.215870237239326135e-02,-1.577320647235532225e-01,1.815285705324034063e-02,2.229192737605800445e-01
-4.284796749575311980e-03,4.237933647164895956e-02,-4.179350122403888146e-02,-1.569073416965802714e-01,1.824554172054386469e-02,2.215656001214484083e-01
-4.121846332774505191e-03,4.208653827910176226e-02,-4.142830007568433504e-02,-1.560826186696069318e-01,1.833822638784742692e-02,2.202119264823161893e-01
-3.958895915973769525e-03,4.179374008655468986e-02,-4.106309892732994821e-02,-1.552578956426339807e-01,1.843091105515095099e-02,2.188582528431845808e-01
-3.795945499173035160e-03,4.150094189400761746e-02,-4.069789777897556138e-02,-1.544331726156610296e-01,1.852359572245447158e-02,2.175045792040529724e-01
-3.632995082372299928e-03,4.120814370146054506e-02,-4.033269663062118149e-02,-1.536084495886880508e-01,1.861628038975799565e-02,2.161509055649213640e-01
-3.470044665571492704e-03,4.091534550891334082e-02,-3.996749548226662813e-02,-1.527837265617147389e-01,1.870896505706156135e-02,2.147972319257891449e-01
-3.307094248770757472e-03,4.062254731636626842e-02,-3.960229433391224824e-02,-1.519590035347417878e-01,1.880164972436508194e-02,2.134435582866575365e-01
-3.144143831970022240e-03,4.032974912381919602e-02,-3.923709318555786141e-02,-1.511342805077688090e-01,1.889433439166860601e-02,2.120898846475259281e-01
-2.981193415169287441e-03,4.003695093127212362e-02,-3.887189203720347458e-02,-1.503095574807958579e-01,1.898701905897212661e-02,2.107362110083943196e-01
-2.818242998368479784e-03,3.974415273872491938e-02,-3.850669088884892816e-02,-1.494848344538225182e-01,1.907970372627569230e-02,2.093825373692621006e-01
-2.655292581567744985e-03,3.945135454617784698e-02,-3.814148974049454133e-02,-1.486601114268495671e-01,1.917238839357921637e-02,2.080288637301304921e-01
-2.492342164767009753e-03,3.915855635363077458e-02,-3.777628859214016144e-02,-1.478353883998766161e-01,1.926507306088273697e-02,2.066751900909988837e-01
-2.329391747966274955e-03,3.886575816108370218e-02,-3.741108744378577461e-02,-1.470106653729036372e-01,1.935775772818626103e-02,2.053215164518672475e-01
-2.166441331165467298e-03,3.857295996853649794e-02,-3.704588629543122819e-02,-1.461859423459303253e-01,1.945044239548982673e-02,2.039678428127350562e-01
-2.003490914364732499e-03,3.828016177598942554e-02,-3.668068514707684136e-02,-1.453612193189573742e-01,1.954312706279334733e-02,2.026141691736034200e-01
-1.840540497563996833e-03,3.798736358344235314e-02,-3.631548399872245453e-02,-1.445364962919843954e-01,1.963581173009687139e-02,2.012604955344718116e-01
-1.677590080763262034e-03,3.769456539089528074e-02,-3.595028285036806770e-02,-1.437117732650114443e-01,1.972849639740039199e-02,1.999068218953402032e-01
-1.514639663962454377e-03,3.740176719834807650e-02,-3.558508170201352128e-02,-1.428870502380381324e-01,1.982118106470395769e-02,1.985531482562079841e-01
-1.351689247161719579e-03,3.710896900580100410e-02,-3.521988055365914139e-02,-1.420623272110651536e-01,1.991386573200748175e-02,1.971994746170763757e-01
-1.188738830360984780e-03,3.681617081325393170e-02,-3.485467940530475456e-02,-1.412376041840922025e-01,2.000655039931100235e-02,1.958458009779447673e-01
-1.025788413560249981e-03,3.652337262070685930e-02,-3.448947825695036773e-02,-1.404128811571192514e-01,2.009923506661452641e-02,1.944921273388131588e-01
-8.628379967594423244e-04,3.623057442815966200e-02,-3.412427710859582131e-02,-1.395881581301459118e-01,2.019191973391808864e-02,1.931384536996809398e-01
-6.998875799587075258e-04,3.593777623561258960e-02,-3.375907596024144142e-02,-1.387634351031729607e-01,2.028460440122161271e-02,1.917847800605493314e-01
-5.369371631579718598e-04,3.564497804306551720e-02,-3.339387481188705459e-02,-1.379387120762000096e-01,2.037728906852513677e-02,1.904311064214176952e-01
-3.739867463572370612e-04,3.535217985051844480e-02,-3.302867366353266776e-02,-1.371139890492270308e-01,2.046997373582865737e-02,1.890774327822860867e-01
-2.110363295564294042e-04,3.505938165797124056e-02,-3.266347251517812134e-02,-1.362892660222537189e-01,2.056265840313222307e-02,1.877237591431538677e-01
-4.808591275569460560e-05,3.476658346542416123e-02,-3.229827136682373451e-02,-1.354645429952807678e-01,2.065534307043574713e-02,1.863700855040222593e-01
1.148645040450401930e-04,3.447378527287708883e-02,-3.193307021846934768e-02,-1.346398199683077890e-01,2.074802773773926773e-02,1.850164118648906508e-01
2.778149208457758590e-04,3.418098708033001643e-02,-3.156786907011496779e-02,-1.338150969413348379e-01,2.084071240504279179e-02,1.836627382257590424e-01
4.407653376465826486e-04,3.388818888778281913e-02,-3.120266792176041790e-02,-1.329903739143614982e-01,2.093339707234635402e-02,1.823090645866268233e-01
5.422934864935798028e-04,3.359327268359273144e-02,-3.086243498444770500e-02,-1.320003270086483882e-01,2.104256071151578561e-02,1.807807452692347938e-01
5.639989407787736938e-04,3.329560396957042395e-02,-3.055465004930279019e-02,-1.307954297251191222e-01,2.117313997048763524e-02,1.790254612190768091e-01
5.857043950639674763e-04,3.299793525554812340e-02,-3.024686511415787538e-02,-1.295905324415898563e-01,2.130371922945948487e-02,1.772701771689188521e-01
6.074098493491710167e-04,3.270026654152569101e-02,-2.993908017901282526e-02,-1.283856351580600630e-01,2.143429848843139349e-02,1.755148931187600903e-01
6.291153036343649077e-04,3.240259782750339046e-02,-2.963129524386791044e-02,-1.271807378745307970e-01,2.156487774740324312e-02,1.737596090686021055e-01
6.508207579195586902e-04,3.210492911348108297e-02,-2.932351030872299563e-02,-1.259758405910015311e-01,2.169545700637509275e-02,1.720043250184441486e-01
6.725262122047525812e-04,3.180726039945878242e-02,-2.901572537357808082e-02,-1.247709433074722513e-01,2.182603626534693891e-02,1.702490409682861638e-01
6.942316664899561215e-04,3.150959168543635003e-02,-2.870794043843303070e-02,-1.235660460239424441e-01,2.195661552431884753e-02,1.684937569181274020e-01
7.159371207751499041e-04,3.121192297141404601e-02,-2.840015550328811589e-02,-1.223611487404131781e-01,2.208719478329069716e-02,1.667384728679694450e-01
7.376425750603437951e-04,3.091425425739174199e-02,-2.809237056814320108e-02,-1.211562514568839122e-01,2.221777404226254679e-02,1.649831888178114603e-01
7.593480293455376860e-04,3.061658554336944144e-02,-2.778458563299828626e-02,-1.199513541733546462e-01,2.234835330123439642e-02,1.632279047676534756e-01
7.810534836307412264e-04,3.031891682934700558e-02,-2.747680069785323614e-02,-1.187464568898248390e-01,2.247893256020630157e-02,1.614726207174947414e-01
8.027589379159350089e-04,3.002124811532470502e-02,-2.716901576270831786e-02,-1.175415596062955592e-01,2.260951181917815120e-02,1.597173366673367567e-01
8.244643922011287915e-04,2.972357940130240100e-02,-2.686123082756340652e-02,-1.163366623227662933e-01,2.274009107815000083e-02,1.579620526171787998e-01
8.461698464863227909e-04,2.942591068728010045e-02,-2.655344589241848824e-02,-1.151317650392370273e-01,2.287067033712185046e-02,1.562067685670208150e-01
8.678753007715262228e-04,2.912824197325766459e-02,-2.624566095727343812e-02,-1.139268677557072201e-01,2.300124959609375908e-02,1.544514845168620532e-01
8.895807550567201138e-04,2.883057325923536404e-02,-2.593787602212852331e-02,-1.127219704721779542e-01,2.313182885506560871e-02,1.526962004667040962e-01
9.112862093419138963e-04,2.853290454521306002e-02,-2.563009108698360849e-02,-1.115170731886486882e-01,2.326240811403745487e-02,1.509409164165461115e-01
9.329916636271077873e-04,2.823523583119075947e-02,-2.532230615183869715e-02,-1.103121759051194084e-01,2.339298737300930450e-02,1.491856323663881545e-01
9.546971179123112192e-04,2.793756711716832361e-02,-2.501452121669364356e-02,-1.091072786215896151e-01,2.352356663198121312e-02,1.474303483162293926e-01
9.764025721975052186e-04,2.763989840314601959e-02,-2.470673628154872875e-02,-1.079023813380603491e-01,2.365414589095306275e-02,1.456750642660714079e-01
9.981080264826990012e-04,2.734222968912371904e-02,-2.439895134640381394e-02,-1.066974840545310693e-01,2.378472514992491238e-02,1.439197802159134509e-01
1.019813480767892784e-03,2.704456097510141849e-02,-2.409116641125889913e-02,-1.054925867710018034e-01,2.391530440889676201e-02,1.421644961657554662e-01
1.041518935053096324e-03,2.674689226107898263e-02,-2.378338147611384901e-02,-1.042876894874719962e-01,2.404588366786866716e-02,1.404092121155967043e-01
1.063224389338290107e-03,2.644922354705667861e-02,-2.347559654096893419e-02,-1.030827922039427302e-01,2.417646292684051679e-02,1.386539280654387474e-01
1.084929843623484106e-03,2.615155483303437806e-02,-2.316781160582401938e-02,-1.018778949204134643e-01,2.430704218581236642e-02,1.368986440152807627e-01
1.106635297908677889e-03,2.585388611901207750e-02,-2.286002667067910457e-02,-1.006729976368841983e-01,2.443762144478421605e-02,1.351433599651227779e-01
1.128340752193871671e-03,2.555621740498977348e-02,-2.255224173553418976e-02,-9.946810035335493239e-02,2.456820070375606568e-02,1.333880759149648210e-01
1.150046206479075211e-03,2.525854869096733762e-02,-2.224445680038913964e-02,-9.826320306982511132e-02,2.469877996272797083e-02,1.316327918648060591e-01
1.171751660764269211e-03,2.496087997694503707e-02,-2.193667186524422483e-02,-9.705830578629584537e-02,2.482935922169982046e-02,1.298775078146480744e-01
1.193457115049462993e-03,2.466321126292273652e-02,-2.162888693009931002e-02,-9.585340850276657942e-02,2.495993848067167009e-02,1.281222237644901174e-01
1.215162569334656776e-03,2.436554254890043250e-02,-2.132110199495439520e-02,-9.464851121923731347e-02,2.509051773964351972e-02,1.263669397143321327e-01
1.236868023619860316e-03,2.406787383487799664e-02,-2.101331705980934161e-02,-9.344361393570750629e-02,2.522109699861542487e-02,1.246116556641733847e-01
1.258573477905054316e-03,2.377020512085569609e-02,-2.070553212466443027e-02,-9.223871665217824034e-02,2.535167625758727450e-02,1.228563716140154138e-01
1.280278932190248098e-03,2.347253640683339207e-02,-2.039774718951951199e-02,-9.103381936864896051e-02,2.548225551655912413e-02,1.211010875638574291e-01
1.301984386475441881e-03,2.317486769281108805e-02,-2.008996225437460065e-02,-8.982892208511969456e-02,2.561283477553097376e-02,1.193458035136994722e-01
1.323689840760645421e-03,2.287719897878865566e-02,-1.978217731922955053e-02,-8.862402480158990126e-02,2.574341403450288238e-02,1.175905194635407103e-01
1.345395295045839421e-03,2.257953026476635511e-02,-1.947439238408463225e-02,-8.741912751806063531e-02,2.587399329347473201e-02,1.158352354133827394e-01
1.367100749331032986e-03,2.228186155074405109e-02,-1.916660744893972090e-02,-8.621423023453135548e-02,2.600457255244657817e-02,1.140799513632247686e-01
1.388806203616226986e-03,2.198419283672174707e-02,-1.885882251379480262e-02,-8.500933295100208953e-02,2.613515181141842780e-02,1.123246673130667839e-01
1.410511657901430526e-03,2.168652412269931468e-02,-1.855103757864975250e-02,-8.380443566747228235e-02,2.626573107039033642e-02,1.105693832629080359e-01
1.432217112186624309e-03,2.138885540867701412e-02,-1.824325264350483769e-02,-8.259953838394301640e-02,2.639631032936218605e-02,1.088140992127500650e-01
1.453922566471818091e-03,2.109118669465471010e-02,-1.793546770835992288e-02,-8.139464110041375045e-02,2.652688958833403568e-02,1.070588151625920942e-01
1.300190653711248007e-03,2.087231239115033832e-02,-1.770791290760691944e-02,-8.048666764805753604e-02,2.664113246969266810e-02,1.057277669735461473e-01
1.127822121975031533e-03,2.066180837631921563e-02,-1.748888091171715148e-02,-7.961023625768906542e-02,2.675363994627334707e-02,1.044417851362837990e-01
9.554535902388916046e-04,2.045130436148818662e-02,-1.726984891582748066e-02,-7.873380486732098338e-02,2.686614742285397400e-02,1.031558032990220058e-01
7.830850585027516759e-04,2.024080034665716107e-02,-1.705081691993780638e-02,-7.785737347695290134e-02,2.697865489943460440e-02,1.018698214617602266e-01
6.107165267666118556e-04,2.003029633182613206e-02,-1.683178492404813556e-02,-7.698094208658481929e-02,2.709116237601523480e-02,1.005838396244984473e-01
4.383479950303952738e-04,1.981979231699500937e-02,-1.661275292815836760e-02,-7.610451069621634868e-02,2.720366985259591378e-02,9.929785778723608514e-02
2.659794632942555619e-04,1.960928830216398036e-02,-1.639372093226869678e-02,-7.522807930584825276e-02,2.731617732917654071e-02,9.801187594997430585e-02
9.361093155811563322e-05,1.939878428733295135e-02,-1.617468893637902597e-02,-7.435164791548017071e-02,2.742868480575717111e-02,9.672589411271251270e-02
-7.875760017802429548e-05,1.918828027250192234e-02,-1.595565694048935515e-02,-7.347521652511208867e-02,2.754119228233779804e-02,9.543991227545073341e-02
-2.511261319142407689e-04,1.897777625767080312e-02,-1.573662494459958719e-02,-7.259878513474361805e-02,2.765369975891847701e-02,9.415393043818838514e-02
-4.234946636503806976e-04,1.876727224283977410e-02,-1.551759294870991637e-02,-7.172235374437553601e-02,2.776620723549910741e-02,9.286794860092659198e-02
-5.958631953865204094e-04,1.855676822800874509e-02,-1.529856095282024556e-02,-7.084592235400745397e-02,2.787871471207973781e-02,9.158196676366481270e-02
-7.682317271226603381e-04,1.834626421317771608e-02,-1.507952895693057474e-02,-6.996949096363937193e-02,2.799122218866036474e-02,9.029598492640303342e-02
-9.406002588588770284e-04,1.813576019834659339e-02,-1.486049696104080504e-02,-6.909305957327088743e-02,2.810372966524104371e-02,8.901000308914067127e-02
-1.112968790595016957e-03,1.792525618351556438e-02,-1.464146496515113423e-02,-6.821662818290280539e-02,2.821623714182167411e-02,8.772402125187889199e-02
-1.285337322331156452e-03,1.771475216868453884e-02,-1.442243296926146341e-02,-6.734019679253472335e-02,2.832874461840230451e-02,8.643803941461711271e-02
-1.457705854067373142e-03,1.750424815385341615e-02,-1.420340097337169545e-02,-6.646376540216625273e-02,2.844125209498298348e-02,8.515205757735475056e-02
-1.630074385803436310e-03,1.729374413902248081e-02,-1.398436897748212004e-02,-6.558733401179855926e-02,2.855375957156356184e-02,8.386607574009354027e-02
-1.802442917539653000e-03,1.708324012419135812e-02,-1.376533698159235208e-02,-6.471090262143008864e-02,2.866626704814424081e-02,8.258009390283117812e-02
-1.974811449275869039e-03,1.687273610936023543e-02,-1.354630498570258412e-02,-6.383447123106161802e-02,2.877877452472491979e-02,8.129411206556882985e-02
-2.147179981011932207e-03,1.666223209452930010e-02,-1.332727298981301045e-02,-6.295803984069391068e-02,2.889128200130549814e-02,8.000813022830761956e-02
-2.319548512748148897e-03,1.645172807969817741e-02,-1.310824099392324249e-02,-6.208160845032544006e-02,2.900378947788617712e-02,7.872214839104525741e-02
-2.491917044484212931e-03,1.624122406486724207e-02,-1.288920899803366882e-02,-6.120517705995774660e-02,2.911629695446675548e-02,7.743616655378404712e-02
-2.664285576220428754e-03,1.603072005003612285e-02,-1.267017700214390086e-02,-6.032874566958927598e-02,2.922880443104743445e-02,7.615018471652168497e-02
-2.836654107956645444e-03,1.582021603520500017e-02,-1.245114500625413290e-02,-5.945231427922080536e-02,2.934131190762811342e-02,7.486420287925933670e-02
-3.009022639692708612e-03,1.560971202037406483e-02,-1.223211301036455922e-02,-5.857588288885310496e-02,2.945381938420869178e-02,7.357822104199812641e-02
-3.181391171428925302e-03,1.539920800554294214e-02,-1.201308101447478953e-02,-5.769945149848463434e-02,2.956632686078937422e-02,7.229223920473576426e-02
-3.353759703165141992e-03,1.518870399071182119e-02,-1.179404901858502157e-02,-5.682302010811615678e-02,2.967883433737004972e-02,7.100625736747341599e-02
-3.526128234901205159e-03,1.497819997588088585e-02,-1.157501702269544790e-02,-5.594658871774846332e-02,2.979134181395063155e-02,6.972027553021220569e-02
-3.698496766637421850e-03,1.476769596104976490e-02,-1.135598502680567820e-02,-5.507015732737999270e-02,2.990384929053131052e-02,6.843429369294984355e-02
-3.870865298373485017e-03,1.455719194621882956e-02,-1.113695303091610453e-02,-5.419372593701229923e-02,3.001635676711188888e-02,6.714831185568863325e-02
-4.043233830109701707e-03,1.434668793138770687e-02,-1.091792103502633657e-02,-5.331729454664382861e-02,3.012886424369256785e-02,6.586233001842628498e-02
-4.215602361845917530e-03,1.413618391655658418e-02,-1.069888903913656861e-02,-5.244086315627535105e-02,3.024137172027324683e-02,6.457634818116392283e-02
-4.387970893581980697e-03,1.392567990172564885e-02,-1.047985704324699494e-02,-5.156443176590765759e-02,3.035387919685382518e-02,6.329036634390271254e-02
-4.560339425318197387e-03,1.371517588689452789e-02,-1.026082504735722697e-02,-5.068800037553918003e-02,3.046638667343450416e-02,6.200438450664035733e-02
-4.732707957054414077e-03,1.350467187206340694e-02,-1.004179305146745901e-02,-4.981156898517070941e-02,3.057889415001518313e-02,6.071840266937800212e-02
-4.905076488790477245e-03,1.329416785723247160e-02,-9.822761055577885342e-03,-4.893513759480301595e-02,3.069140162659576149e-02,5.943242083211678489e-02
-5.077445020526693935e-03,1.308366384240134891e-02,-9.603729059688115646e-03,-4.805870620443453839e-02,3.080390910317644393e-02,5.814643899485442968e-02
-5.249813552262757102e-03,1.287315982757041358e-02,-9.384697063798541974e-03,-4.718227481406684493e-02,3.091641657975702229e-02,5.686045715759321939e-02
-5.422182083998973792e-03,1.266265581273929262e-02,-9.165665067908774014e-03,-4.630584342369837431e-02,3.102892405633770126e-02,5.557447532033086418e-02
-5.594550615735189615e-03,1.245215179790816994e-02,-8.946633072019006053e-03,-4.542941203332990369e-02,3.114143153291838023e-02,5.428849348306850897e-02
-5.766919147471253650e-03,1.224164778307723460e-02,-8.727601076129432381e-03,-4.455298064296220328e-02,3.125393900949895859e-02,5.300251164580729868e-02
-5.929964978736645791e-03,1.202895160166032873e-02,-8.505562069049661320e-03,-4.367145482994752581e-02,3.136879231320380962e-02,5.170726575770159816e-02
-5.786687032062162381e-03,1.174422556661569757e-02,-8.184719176686878692e-03,-4.262253730504609456e-02,3.156072442355176838e-02,5.010762319163109685e-02
-5.643409085387805606e-03,1.145949953157131967e-02,-7.863876284324382293e-03,-4.157361978014559312e-02,3.175265653389956061e-02,4.850798062556201801e-02
-5.500131138713321328e-03,1.117477349652668851e-02,-7.543033391961599665e-03,-4.052470225524415492e-02,3.194458864424751937e-02,4.690833805949152363e-02
-5.356853192038965421e-03,1.089004746148231062e-02,-7.222190499599102399e-03,-3.947578473034365348e-02,3.213652075459531160e-02,4.530869549342244479e-02
-5.213575245364481144e-03,1.060532142643767946e-02,-6.901347607236319771e-03,-3.842686720544222223e-02,3.232845286494327036e-02,4.370905292735194347e-02
-5.070297298689997734e-03,1.032059539139304830e-02,-6.580504714873538011e-03,-3.737794968054078404e-02,3.252038497529122912e-02,4.210941036128144910e-02
-4.927019352015640959e-03,1.003586935634867040e-02,-6.259661822511039878e-03,-3.632903215564028260e-02,3.271231708563902135e-02,4.050976779521237026e-02
-4.783741405341157549e-03,9.751143321304039241e-03,-5.938818930148258117e-03,-3.528011463073885134e-02,3.290424919598698011e-02,3.891012522914187588e-02
-4.640463458666673272e-03,9.466417286259409813e-03,-5.617976037785476356e-03,-3.423119710583741315e-02,3.309618130633493888e-02,3.731048266307137456e-02
-4.497185511992316496e-03,9.181691251215030186e-03,-5.297133145422978223e-03,-3.318227958093691171e-02,3.328811341668273110e-02,3.571084009700230266e-02
-4.353907565317833087e-03,8.896965216170400759e-03,-4.976290253060195595e-03,-3.213336205603548046e-02,3.348004552703068987e-02,3.411119753093180135e-02
-4.210629618643476312e-03,8.612239181126021131e-03,-4.655447360697699197e-03,-3.108444453113497902e-02,3.367197763737847516e-02,3.251155496486272251e-02
-4.067351671968992902e-03,8.327513146081391704e-03,-4.334604468334916569e-03,-3.003552700623354429e-02,3.386390974772644086e-02,3.091191239879222466e-02
-3.924073725294508624e-03,8.042787111036760542e-03,-4.013761575972133941e-03,-2.898660948133210957e-02,3.405584185807439962e-02,2.931226983272172681e-02
-3.780795778620152283e-03,7.758061075992381782e-03,-3.692918683609636675e-03,-2.793769195643160813e-02,3.424777396842218491e-02,2.771262726665264797e-02
-3.637517831945668439e-03,7.473335040947751487e-03,-3.372075791246854914e-03,-2.688877443153017341e-02,3.443970607877015061e-02,2.611298470058215013e-02
-3.494239885271184596e-03,7.188609005903120325e-03,-3.051232898884072287e-03,-2.583985690662873869e-02,3.463163818911810937e-02,2.451334213451165228e-02
-3.350961938596827821e-03,6.903882970858742432e-03,-2.730390006521575021e-03,-2.479093938172823725e-02,3.482357029946589466e-02,2.291369956844257691e-02
-3.207683991922343977e-03,6.619156935814111270e-03,-2.409547114158792393e-03,-2.374202185682680252e-02,3.501550240981385342e-02,2.131405700237207906e-02
-3.064406045247987636e-03,6.334430900769733377e-03,-2.088704221796295127e-03,-2.269310433192630108e-02,3.520743452016164565e-02,1.971441443630300022e-02
-2.921128098573503792e-03,6.049704865725102215e-03,-1.767861329433512499e-03,-2.164418680702486636e-02,3.539936663050960441e-02,1.811477187023250585e-02
-2.777850151899019949e-03,5.764978830680471920e-03,-1.447018437070730738e-03,-2.059526928212343511e-02,3.559129874085756318e-02,1.651512930416200453e-02
-2.634572205224663607e-03,5.480252795636094028e-03,-1.126175544708233472e-03,-1.954635175722293020e-02,3.578323085120535541e-02,1.491548673809292569e-02
-2.491294258550179764e-03,5.195526760591462866e-03,-8.053326523454508445e-04,-1.849743423232149894e-02,3.597516296155331417e-02,1.331584417202243131e-02
-2.348016311875695920e-03,4.910800725546831703e-03,-4.844897599826682166e-04,-1.744851670742006422e-02,3.616709507190127293e-02,1.171620160595193000e-02
-2.204738365201339145e-03,4.626074690502453811e-03,-1.636468676201718181e-04,-1.639959918251956278e-02,3.635902718224906516e-02,1.011655903988285116e-02
-2.061460418526855302e-03,4.341348655457822649e-03,1.571960247426108098e-04,-1.535068165761812806e-02,3.655095929259702392e-02,8.516916473812356780e-03
-1.918182471852498960e-03,4.056622620413445623e-03,4.780389171051089431e-04,-1.430176413271762662e-02,3.674289140294481615e-02,6.917273907743277939e-03
-1.774904525178014683e-03,3.771896585368814461e-03,7.988818094678898363e-04,-1.325284660781619189e-02,3.693482351329277491e-02,5.317631341672783563e-03
-1.631626578503531273e-03,3.487170550324183299e-03,1.119724701830672464e-03,-1.220392908291476064e-02,3.712675562364073367e-02,3.717988775602282248e-03
-1.488348631829174498e-03,3.202444515279805407e-03,1.440567594193170597e-03,-1.115501155801425226e-02,3.731868773398852590e-02,2.118346209533203406e-03
-1.345070685154691088e-03,2.917718480235174244e-03,1.761410486555953225e-03,-1.010609403311282101e-02,3.751061984433648466e-02,5.187036434627090298e-04
-1.201792738480206811e-03,2.632992445190543082e-03,2.082253378918734119e-03,-9.057176508211389754e-03,3.770255195468444342e-02,-1.080938922607792285e-03
-1.058514791805850036e-03,2.348266410146165190e-03,2.403096271281232252e-03,-8.008258983310888313e-03,3.789448406503223565e-02,-2.680581488676864188e-03
-9.152368451313666262e-04,2.063540375101534027e-03,2.723939163644014880e-03,-6.959341458409450121e-03,3.808641617538019442e-02,-4.280224054747365503e-03
-7.719588984570098511e-04,1.778814340057156135e-03,3.044782056006511278e-03,-5.910423933508948680e-03,3.827834828572798664e-02,-5.879866620816444345e-03
-6.286809517825264412e-04,1.494088305012524973e-03,3.365624948369293906e-03,-4.861506408607517427e-03,3.847028039607594541e-02,-7.479509186886938721e-03
-4.854030051080421640e-04,1.209362269967895545e-03,3.686467840732076534e-03,-3.812588883706079235e-03,3.866221250642390417e-02,-9.079151752957440036e-03
-3.421250584336862563e-04,9.246362349235159178e-04,4.007310733094574667e-03,-2.763671358805577793e-03,3.885414461677168946e-02,-1.067879431902651888e-02
-1.988471117592019791e-04,6.399101998788864903e-04,4.328153625457355561e-03,-1.714753833904146541e-03,3.904607672711965516e-02,-1.227843688509701325e-02
-5.556916508471856919e-05,3.551841648342553281e-04,4.648996517820138188e-03,-6.658363090027083486e-04,3.923800883746761392e-02,-1.387807945116750763e-02
8.770878158963820587e-05,7.045812978987743558e-05,4.969839410182636322e-03,3.830812158977930926e-04,3.942994094781540615e-02,-1.547772201723658647e-02
2.309867282641224831e-04,-2.142679052547537266e-04,5.290682302545417215e-03,1.431998740799224346e-03,3.962187305816336491e-02,-1.707736458330708085e-02
3.742646749384783908e-04,-4.989939402991316192e-04,5.611525194907915348e-03,2.480916265699725787e-03,3.981380516851115020e-02,-1.867700714937615969e-02
5.175426216129626680e-04,-7.837199753437627814e-04,5.932368087270697976e-03,3.529833790601163979e-03,4.000573727885910896e-02,-2.027664971544666794e-02
6.608205682874460779e-04,-1.068446010388393944e-03,6.253210979633480604e-03,4.578751315502595232e-03,4.019766938920707466e-02,-2.187629228151716232e-02
8.040985149618028530e-04,-1.353172045432771836e-03,6.574053871995977003e-03,5.627668840403096673e-03,4.038960149955485995e-02,-2.347593484758624116e-02
9.473764616362862628e-04,-1.637898080477402998e-03,6.894896764358759630e-03,6.676586365304527926e-03,4.058153360990281872e-02,-2.507557741365673554e-02
1.090654408310770540e-03,-1.922624115522034161e-03,7.215739656721540524e-03,7.725503890205966118e-03,4.077346572025078442e-02,-2.667521997972722991e-02
1.233932354985127315e-03,-2.207350150566412053e-03,7.536582549084038657e-03,8.774421415106467559e-03,4.096539783059856971e-02,-2.827486254579630875e-02
1.377210301659610725e-03,-2.492076185611043215e-03,7.857425441446821285e-03,9.823338940007898812e-03,4.115732994094652847e-02,-2.987450511186680313e-02
1.520488248333967500e-03,-2.776802220655421108e-03,8.178268333809319418e-03,1.087225646490840025e-02,4.134926205129432070e-02,-3.147414767793588197e-02
1.663766195008450910e-03,-3.061528255700050535e-03,8.499111226172102046e-03,1.192117398980983844e-02,4.154119416164227946e-02,-3.307379024400639023e-02
1.807044141682935187e-03,-3.346254290744681698e-03,8.819954118534884674e-03,1.297009151471126970e-02,4.173312627199023822e-02,-3.467343281007688460e-02
1.950322088357291095e-03,-3.630980325789061325e-03,9.140797010897379338e-03,1.401900903961177114e-02,4.192505838233803045e-02,-3.627307537614596344e-02
2.093600035031775372e-03,-3.915706360833690752e-03,9.461639903260161966e-03,1.506792656451320933e-02,4.211699049268598921e-02,-3.787271794221645782e-02
2.236877981706259649e-03,-4.200432395878323649e-03,9.782482795622944594e-03,1.611684408941464058e-02,4.230892260303394797e-02,-3.947236050828695220e-02
2.380155928380615557e-03,-4.485158430922699807e-03,1.010332568798544273e-02,1.716576161431514203e-02,4.250085471338174020e-02,-4.107200307435603104e-02
2.523433875055099834e-03,-4.769884465967329235e-03,1.042416858034822535e-02,1.821467913921658022e-02,4.269278682372969896e-02,-4.267164564042652541e-02
2.666711821729455742e-03,-5.054610501011708862e-03,1.074501147271072349e-02,1.926359666411707472e-02,4.288471893407748425e-02,-4.427128820649560426e-02
2.809989768403940019e-03,-5.339336536056338289e-03,1.106585436507350612e-02,2.031251418901851291e-02,4.307665104442544995e-02,-4.587093077256611251e-02
2.953267715078424296e-03,-5.624062571100971186e-03,1.138669725743628874e-02,2.136143171391995110e-02,4.326858315477340872e-02,-4.747057333863660689e-02
3.096545661752780204e-03,-5.908788606145347344e-03,1.170754014979878341e-02,2.241034923882044561e-02,4.346051526512119401e-02,-4.907021590470568573e-02
3.239823608427264481e-03,-6.193514641189980241e-03,1.202838304216156604e-02,2.345926676372188380e-02,4.365244737546915971e-02,-5.066985847077618010e-02
3.383101555101748759e-03,-6.478240676234609668e-03,1.234922593452434866e-02,2.450818428862332199e-02,4.384437948581711847e-02,-5.226950103684667448e-02
3.526379501776104666e-03,-6.762966711278989296e-03,1.267006882688684680e-02,2.555710181352381649e-02,4.403631159616490376e-02,-5.386914360291575332e-02
3.669657448450588944e-03,-7.047692746323618723e-03,1.299091171924962942e-02,2.660601933842525468e-02,4.422824370651286252e-02,-5.546878616898624770e-02
3.812935395124944851e-03,-7.332418781367998351e-03,1.331175461161212756e-02,2.765493686332574919e-02,4.442017581686065475e-02,-5.706842873505532654e-02
3.956213341799429128e-03,-7.617144816412627778e-03,1.363259750397490672e-02,2.870385438822718738e-02,4.461210792720861351e-02,-5.866807130112582092e-02
4.099491288473913406e-03,-7.901870851457260675e-03,1.395344039633768934e-02,2.975277191312862557e-02,4.480404003755657227e-02,-6.026771386719632917e-02
4.242769235148269313e-03,-8.186596886501636833e-03,1.427428328870018748e-02,3.080168943802912007e-02,4.499597214790436450e-02,-6.186735643326540801e-02
4.386047181822753591e-03,-8.471322921546269730e-03,1.459512618106297011e-02,3.185060696293055826e-02,4.518790425825232326e-02,-6.346699899933590239e-02
4.529325128497109498e-03,-8.756048956590645888e-03,1.491596907342546824e-02,3.289952448783106664e-02,4.537983636860011549e-02,-6.506664156540498123e-02
4.672603075171593776e-03,-9.040774991635275315e-03,1.523681196578825087e-02,3.394844201273249096e-02,4.557176847894807425e-02,-6.666628413147547561e-02
4.815881021846078053e-03,-9.325501026679908212e-03,1.555765485815103349e-02,3.499735953763392915e-02,4.576370058929603302e-02,-6.826592669754596998e-02
4.959158968520433960e-03,-9.610227061724284370e-03,1.587849775051352816e-02,3.604627706253443753e-02,4.595563269964382525e-02,-6.986556926361504882e-02
5.102436915194918238e-03,-9.894953096768917267e-03,1.619934064287631079e-02,3.709519458743586184e-02,4.614756480999178401e-02,-7.146521182968554320e-02
5.245714861869400780e-03,-1.017967913181354669e-02,1.652018353523909341e-02,3.814411211233730004e-02,4.633949692033974277e-02,-7.306485439575605145e-02
5.388992808543758423e-03,-1.046440516685792632e-02,1.684102642760159155e-02,3.919302963723780842e-02,4.653142903068753500e-02,-7.466449696182511642e-02
5.532270755218240965e-03,-1.074913120190255575e-02,1.716186931996437418e-02,4.024194716213923273e-02,4.672336114103549376e-02,-7.626413952789562467e-02
5.675548701892598608e-03,-1.103385723694693538e-02,1.748271221232687231e-02,4.129086468703974111e-02,4.691529325138328599e-02,-7.786378209396468963e-02
5.818826648567082885e-03,-1.131858327199156480e-02,1.780355510468965494e-02,4.233978221194116542e-02,4.710722536173124475e-02,-7.946342466003519789e-02
5.962104595241565427e-03,-1.160330930703619770e-02,1.812439799705243409e-02,4.338869973684260362e-02,4.729915747207920351e-02,-8.106306722610570614e-02
6.105382541915923070e-03,-1.188803534208057386e-02,1.844524088941493223e-02,4.443761726174311200e-02,4.749108958242699574e-02,-8.266270979217477111e-02
6.248660488590405612e-03,-1.217276137712520676e-02,1.876608378177771486e-02,4.548653478664453631e-02,4.768302169277495450e-02,-8.426235235824527936e-02
6.225309857246725913e-03,-1.217504150930496729e-02,1.877399378859666290e-02,4.544276192337158571e-02,4.761626150047303802e-02,-8.410181830123421298e-02
6.137920119188474896e-03,-1.206877133438663367e-02,1.866163665582359563e-02,4.497904359090798554e-02,4.745008004338483604e-02,-8.326480881638168019e-02
6.050530381130146684e-03,-1.196250115946820465e-02,1.854927952305042774e-02,4.451532525844397598e-02,4.728389858629648140e-02,-8.242779933152839800e-02
5.963140643071894800e-03,-1.185623098454987104e-02,1.843692239027736046e-02,4.405160692598037581e-02,4.711771712920827943e-02,-8.159078984667586520e-02
5.875750905013566588e-03,-1.174996080963144375e-02,1.832456525750419604e-02,4.358788859351636624e-02,4.695153567211992479e-02,-8.075378036182258301e-02
5.788361166955237509e-03,-1.164369063471301646e-02,1.821220812473102815e-02,4.312417026105235668e-02,4.678535421503157710e-02,-7.991677087696930082e-02
5.700971428896986493e-03,-1.153742045979468285e-02,1.809985099195796088e-02,4.266045192858875651e-02,4.661917275794337512e-02,-7.907976139211676803e-02
5.613581690838657413e-03,-1.143115028487625383e-02,1.798749385918479299e-02,4.219673359612474695e-02,4.645299130085502048e-02,-7.824275190726348583e-02
5.526191952780328334e-03,-1.132488010995782654e-02,1.787513672641162857e-02,4.173301526366073044e-02,4.628680984376667279e-02,-7.740574242241021752e-02
5.438802214722077318e-03,-1.121860993503949293e-02,1.776277959363856129e-02,4.126929693119713721e-02,4.612062838667847081e-02,-7.656873293755767085e-02
5.351412476663748238e-03,-1.111233976012106564e-02,1.765042246086539340e-02,4.080557859873312765e-02,4.595444692959011618e-02,-7.573172345270440253e-02
5.264022738605497222e-03,-1.100606958520273203e-02,1.753806532809232613e-02,4.034186026626952748e-02,4.578826547250191420e-02,-7.489471396785185586e-02
5.176633000547168142e-03,-1.089979941028430301e-02,1.742570819531916171e-02,3.987814193380551098e-02,4.562208401541356650e-02,-7.405770448299858755e-02
5.089243262488839931e-03,-1.079352923536587572e-02,1.731335106254599382e-02,3.941442360134150141e-02,4.545590255832521187e-02,-7.322069499814530535e-02
5.001853524430588914e-03,-1.068725906044754211e-02,1.720099392977292654e-02,3.895070526887790818e-02,4.528972110123700989e-02,-7.238368551329277256e-02
4.914463786372259835e-03,-1.058098888552911482e-02,1.708863679699975865e-02,3.848698693641389168e-02,4.512353964414866220e-02,-7.154667602843949037e-02
4.827074048313930756e-03,-1.047471871061068580e-02,1.697627966422659423e-02,3.802326860394988212e-02,4.495735818706030756e-02,-7.070966654358620818e-02
4.739684310255679739e-03,-1.036844853569235218e-02,1.686392253145352696e-02,3.755955027148628195e-02,4.479117672997210559e-02,-6.987265705873367538e-02
4.652294572197351527e-03,-1.026217836077392490e-02,1.675156539868035907e-02,3.709583193902227238e-02,4.462499527288375789e-02,-6.903564757388039319e-02
4.564904834139099643e-03,-1.015590818585559128e-02,1.663920826590729179e-02,3.663211360655867221e-02,4.445881381579555591e-02,-6.819863808902786040e-02
4.477515096080771431e-03,-1.004963801093716400e-02,1.652685113313412738e-02,3.616839527409466265e-02,4.429263235870720128e-02,-6.736162860417457821e-02
4.390125358022442352e-03,-9.943367836018734973e-03,1.641449400036095949e-02,3.570467694163065309e-02,4.412645090161885358e-02,-6.652461911932130989e-02
4.302735619964191335e-03,-9.837097661100403095e-03,1.630213686758789221e-02,3.524095860916705292e-02,4.396026944453064467e-02,-6.568760963446876322e-02
4.215345881905862256e-03,-9.730827486181974073e-03,1.618977973481472432e-02,3.477724027670304335e-02,4.379408798744229697e-02,-6.485060014961549490e-02
4.127956143847533177e-03,-9.624557311263546786e-03,1.607742260204155990e-02,3.431352194423903379e-02,4.362790653035394928e-02,-6.401359066476221271e-02
4.040566405789282160e-03,-9.518287136345213173e-03,1.596506546926849263e-02,3.384980361177543362e-02,4.346172507326574730e-02,-6.317658117990967992e-02
3.953176667730953081e-03,-9.412016961426784151e-03,1.585270833649532474e-02,3.338608527931142406e-02,4.329554361617739267e-02,-6.233957169505639773e-02
3.865786929672702064e-03,-9.305746786508452273e-03,1.574035120372225746e-02,3.292236694684782389e-02,4.312936215908919069e-02,-6.150256221020385800e-02
3.778397191614373419e-03,-9.199476611590023251e-03,1.562799407094909304e-02,3.245864861438381432e-02,4.296318070200083605e-02,-6.066555272535058274e-02
3.691007453556044773e-03,-9.093206436671595963e-03,1.551563693817592515e-02,3.199493028191980476e-02,4.279699924491248836e-02,-5.982854324049730055e-02
3.603617715497793323e-03,-8.986936261753262351e-03,1.540327980540285788e-02,3.153121194945620459e-02,4.263081778782428638e-02,-5.899153375564476776e-02
3.516227977439464678e-03,-8.880666086834833328e-03,1.529092267262969172e-02,3.106749361699219503e-02,4.246463633073593175e-02,-5.815452427079148556e-02
3.428838239381135598e-03,-8.774395911916406041e-03,1.517856553985652557e-02,3.060377528452818546e-02,4.229845487364758405e-02,-5.731751478593820337e-02
3.341448501322884582e-03,-8.668125736998072428e-03,1.506620840708345829e-02,3.014005695206458529e-02,4.213227341655938207e-02,-5.648050530108567058e-02
3.254058763264555936e-03,-8.561855562079645141e-03,1.495385127431029040e-02,2.967633861960057226e-02,4.196609195947102744e-02,-5.564349581623238838e-02
3.166669025206304486e-03,-8.455585387161311528e-03,1.484149414153722313e-02,2.921262028713697556e-02,4.179991050238282546e-02,-5.480648633137985559e-02
3.079279287147975840e-03,-8.349315212242882506e-03,1.472913700876405697e-02,2.874890195467296253e-02,4.163372904529447777e-02,-5.396947684652657340e-02
2.991889549089647195e-03,-8.243045037324455218e-03,1.461677987599089082e-02,2.828518362220895296e-02,4.146754758820612313e-02,-5.313246736167329815e-02
2.904499811031395744e-03,-8.136774862406121606e-03,1.450442274321782354e-02,2.782146528974535279e-02,4.130136613111792115e-02,-5.229545787682076535e-02
2.817110072973067099e-03,-8.030504687487694318e-03,1.439206561044465565e-02,2.735774695728134323e-02,4.113518467402957346e-02,-5.145844839196748316e-02
2.729720334914738020e-03,-7.924234512569267030e-03,1.427970847767149123e-02,2.689402862481733367e-02,4.096900321694121883e-02,-5.062143890711420791e-02
2.642330596856487003e-03,-7.817964337650931683e-03,1.416735134489842396e-02,2.643031029235373350e-02,4.080282175985301685e-02,-4.978442942226166817e-02
2.554940858798158358e-03,-7.711694162732504396e-03,1.405499421212525607e-02,2.596659195988972393e-02,4.063664030276466915e-02,-4.894741993740839292e-02
2.467551120739906907e-03,-7.605423987814171650e-03,1.394263707935218879e-02,2.550287362742612376e-02,4.047045884567646024e-02,-4.811041045255585319e-02
2.380161382681577828e-03,-7.499153812895743496e-03,1.383027994657902264e-02,2.503915529496211420e-02,4.030427738858811254e-02,-4.727340096770257794e-02
2.292771644623249616e-03,-7.392883637977315341e-03,1.371792281380585649e-02,2.457543696249810464e-02,4.013809593149976485e-02,-4.643639148284929574e-02
2.205381906564998599e-03,-7.286613463058981728e-03,1.360556568103278921e-02,2.411171863003450447e-02,3.997191447441155593e-02,-4.559938199799676295e-02
2.117992168506669520e-03,-7.180343288140554441e-03,1.349320854825962132e-02,2.364800029757049490e-02,3.980573301732320823e-02,-4.476237251314348076e-02
2.030602430448340441e-03,-7.074073113222126286e-03,1.338085141548645517e-02,2.318428196510648187e-02,3.963955156023485360e-02,-4.392536302829020550e-02
1.943212692390089424e-03,-6.967802938303792673e-03,1.326849428271338963e-02,2.272056363264288517e-02,3.947337010314665162e-02,-4.308835354343766577e-02
1.855822954331760345e-03,-6.861532763385364518e-03,1.315613714994022174e-02,2.225684530017887214e-02,3.930718864605830393e-02,-4.225134405858439052e-02
1.768433216273509329e-03,-6.755262588467030906e-03,1.304378001716715446e-02,2.179312696771527544e-02,3.914100718897010195e-02,-4.141433457373185079e-02
1.681043478215180249e-03,-6.648992413548603618e-03,1.293142288439398831e-02,2.132940863525126240e-02,3.897482573188174731e-02,-4.057732508887857553e-02
1.593653740156852038e-03,-6.542722238630175463e-03,1.281906575162082215e-02,2.086569030278725284e-02,3.880864427479339962e-02,-3.974031560402529334e-02
1.506264002098601021e-03,-6.436452063711841851e-03,1.270670861884775488e-02,2.040197197032365267e-02,3.864246281770519764e-02,-3.890330611917276055e-02
1.418874264040271942e-03,-6.330181888793413696e-03,1.259435148607458699e-02,1.993825363785964311e-02,3.847628136061684301e-02,-3.806629663431947835e-02
1.331484525981942862e-03,-6.223911713874986408e-03,1.248199435330142083e-02,1.947453530539563354e-02,3.831009990352849531e-02,-3.722928714946620310e-02
1.244094787923691846e-03,-6.117641538956652796e-03,1.236963722052835529e-02,1.901081697293203338e-02,3.814391844644029333e-02,-3.639227766461367031e-02
1.156705049865362767e-03,-6.011371364038224641e-03,1.225728008775518740e-02,1.854709864046802381e-02,3.797773698935193870e-02,-3.555526817976038811e-02
1.069315311807111750e-03,-5.905101189119891028e-03,1.214492295498212013e-02,1.808338030800442364e-02,3.781155553226373672e-02,-3.471825869490785532e-02
9.819255737487826707e-04,-5.798831014201462873e-03,1.203256582220895397e-02,1.761966197554041408e-02,3.764537407517538903e-02,-3.388124921005457313e-02
8.945358356904544589e-04,-5.692560839283035586e-03,1.192020868943578782e-02,1.715594364307640451e-02,3.747919261808703439e-02,-3.304423972520129787e-02
8.071460976322025749e-04,-5.586290664364701973e-03,1.180785155666272054e-02,1.669222531061280435e-02,3.731301116099883242e-02,-3.220723024034875814e-02
7.197563595738743630e-04,-5.480020489446273818e-03,1.169549442388955265e-02,1.622850697814879478e-02,3.714682970391047778e-02,-3.137022075549548289e-02
6.323666215155452838e-04,-5.373750314527845663e-03,1.158313729111638650e-02,1.576478864568478175e-02,3.698064824682213009e-02,-3.053321127064220070e-02
5.449768834572942672e-04,-5.267480139609512918e-03,1.147078015834331922e-02,1.530107031322118505e-02,3.681446678973392811e-02,-2.969620178578966790e-02
4.575871453989651880e-04,-5.161209964691084763e-03,1.135842302557015307e-02,1.483735198075717202e-02,3.664828533264558041e-02,-2.885919230093638571e-02
3.701974073407141713e-04,-5.054939789772751151e-03,1.124606589279708579e-02,1.437363364829357532e-02,3.648210387555737844e-02,-2.802218281608385292e-02
2.828076692823850921e-04,-4.948669614854322996e-03,1.113370876002391791e-02,1.390991531582956575e-02,3.631592241846902380e-02,-2.718517333123057073e-02
1.954179312240568803e-04,-4.842399439935895708e-03,1.102135162725075175e-02,1.344619698336555619e-02,3.614974096138066917e-02,-2.634816384637729547e-02
1.080281931658049963e-04,-4.736129265017562096e-03,1.090899449447768621e-02,1.298247865090195602e-02,3.598355950429246719e-02,-2.551115436152475574e-02
2.063845510747678441e-05,-4.629859090099133941e-03,1.079663736170451832e-02,1.251876031843794645e-02,3.581737804720411950e-02,-2.467414487667148049e-02
-6.675128295085229480e-05,-4.523588915180705786e-03,1.068428022893135217e-02,1.205504198597392995e-02,3.565119659011577180e-02,-2.383713539181819829e-02
-1.541410210091033114e-04,-4.417318740262372173e-03,1.057192309615828489e-02,1.159132365351033672e-02,3.548501513302756288e-02,-2.300012590696566550e-02
-2.415307590674323907e-04,-4.311048565343944886e-03,1.045956596338511874e-02,1.112760532104632022e-02,3.531883367593921519e-02,-2.216311642211238331e-02
-3.289204971256834073e-04,-4.204778390425611273e-03,1.034720883061205146e-02,1.066388698858272699e-02,3.515265221885101321e-02,-2.132610693725985052e-02
-4.163102351840124865e-04,-4.098508215507183985e-03,1.023485169783888531e-02,1.020016865611871049e-02,3.498647076176265858e-02,-2.048909745240656832e-02
-5.036999732423406984e-04,-3.992238040588754963e-03,1.012249456506571742e-02,9.736450323654700922e-03,3.482028930467431088e-02,-1.965208796755328613e-02
-5.910897113005925824e-04,-3.885967865670421351e-03,1.001013743229265188e-02,9.272731991191100753e-03,3.465410784758610890e-02,-1.881507848270075334e-02
-6.784794493589207942e-04,-3.779697690751994063e-03,9.897780299519483987e-03,8.809013658727091189e-03,3.448792639049775427e-02,-1.797806899784747114e-02
-7.658691874172498734e-04,-3.673427515833565041e-03,9.785423166746317833e-03,8.345295326263081626e-03,3.432174493340940657e-02,-1.714105951299420283e-02
-8.532589254755008901e-04,-3.567157340915233163e-03,9.673066033973250558e-03,7.881576993799481456e-03,3.415556347632120460e-02,-1.630405002814167004e-02
-9.406486635338299693e-04,-3.460887165996804141e-03,9.560708901200084403e-03,7.417858661335471893e-03,3.398938201923284996e-02,-1.546704054328838784e-02
-1.009886210432148473e-03,-3.346059649177863561e-03,9.439601799129117635e-03,6.908945054725579640e-03,3.380533472229570180e-02,-1.455601542512094740e-02
-1.012230247388449383e-03,-3.199697061436721206e-03,9.286249765676875961e-03,6.233480176458684047e-03,3.355544916234844133e-02,-1.337223174792296840e-02
-1.014574284344750077e-03,-3.053334473695578852e-03,9.132897732224634288e-03,5.558015298191788453e-03,3.330556360240118779e-02,-1.218844807072498766e-02
-1.016918321301048820e-03,-2.906971885954566601e-03,8.979545698772527923e-03,4.882550419925492206e-03,3.305567804245415631e-02,-1.100466439352805990e-02
-1.019262358257349730e-03,-2.760609298213424247e-03,8.826193665320286250e-03,4.207085541658595745e-03,3.280579248250689584e-02,-9.820880716330079169e-03
-1.021606395213650641e-03,-2.614246710472281458e-03,8.672841631868044576e-03,3.531620663391700152e-03,3.255590692255964230e-02,-8.637097039132100168e-03
-1.023950432169949383e-03,-2.467884122731269208e-03,8.519489598415938211e-03,2.856155785125403905e-03,3.230602136261261081e-02,-7.453313361935171542e-03
-1.026294469126250077e-03,-2.321521534990126853e-03,8.366137564963696538e-03,2.180690906858508311e-03,3.205613580266535728e-02,-6.269529684737191674e-03
-1.028638506082548820e-03,-2.175158947249114603e-03,8.212785531511590173e-03,1.505226028592212065e-03,3.180625024271831885e-02,-5.085746007540263916e-03
-1.030982543038849730e-03,-2.028796359507972248e-03,8.059433498059348500e-03,8.297611503253164711e-04,3.155636468277106532e-02,-3.901962330342283181e-03
-1.033326579995150641e-03,-1.882433771766829677e-03,7.906081464607106826e-03,1.542962720584208774e-04,3.130647912282381179e-02,-2.718178653144304180e-03
-1.035670616951449383e-03,-1.736071184025817426e-03,7.752729431155000461e-03,-5.211686062078753692e-04,3.105659356287677683e-02,-1.534394975947376422e-03
-1.038014653907750077e-03,-1.589708596284674855e-03,7.599377397702758788e-03,-1.196633484474771830e-03,3.080670800292952330e-02,-3.506112987493956862e-04
-1.040358690864050988e-03,-1.443346008543532500e-03,7.446025364250516247e-03,-1.872098362741667424e-03,3.055682244298226630e-02,8.331723784485850492e-04
-1.042702727820349730e-03,-1.296983420802520250e-03,7.292673330798410750e-03,-2.547563241007962803e-03,3.030693688303523481e-02,2.016956055645512808e-03
-1.045046764776650641e-03,-1.150620833061377895e-03,7.139321297346169076e-03,-3.223028119274858397e-03,3.005705132308797781e-02,3.200739732843491808e-03
-1.047390801732949383e-03,-1.004258245320365211e-03,6.985969263894062711e-03,-3.898492997541155511e-03,2.980716576314094285e-02,4.384523410040419567e-03
-1.049734838689250077e-03,-8.578956575792228562e-04,6.832617230441821038e-03,-4.573957875808051105e-03,2.955728020319368932e-02,5.568307087238402037e-03
-1.052078875645550988e-03,-7.115330698380805015e-04,6.679265196989578497e-03,-5.249422754074946698e-03,2.930739464324643578e-02,6.752090764436381037e-03
-1.054422912601849730e-03,-5.651704820970682511e-04,6.525913163537473000e-03,-5.924887632341243812e-03,2.905750908329940083e-02,7.935874441633308796e-03
-1.056766949558150641e-03,-4.188078943559258964e-04,6.372561130085230459e-03,-6.600352510608139406e-03,2.880762352335214382e-02,9.119658118831287796e-03
-1.059110986514451335e-03,-2.724453066147835417e-04,6.219209096632988786e-03,-7.275817388875034999e-03,2.855773796340489029e-02,1.030344179602926680e-02
-1.061455023470750294e-03,-1.260827188737712913e-04,6.065857063180883288e-03,-7.951282267141330379e-03,2.830785240345785533e-02,1.148722547322619802e-02
-1.063799060427050988e-03,2.027986886737149705e-05,5.912505029728640747e-03,-8.626747145408225972e-03,2.805796684351060180e-02,1.267100915042417703e-02
-1.066143097383349730e-03,1.666424566083837475e-04,5.759152996276535250e-03,-9.302212023674523086e-03,2.780808128356356684e-02,1.385479282762110478e-02
-1.068487134339650641e-03,3.130050443495261021e-04,5.605800962824292709e-03,-9.977676901941416945e-03,2.755819572361631331e-02,1.503857650481908378e-02
-1.070831171295951335e-03,4.593676320906684568e-04,5.452448929372051036e-03,-1.065314178020831427e-02,2.730831016366905631e-02,1.622236018201706625e-02
-1.073175208252250077e-03,6.057302198316811409e-04,5.299096895919944671e-03,-1.132860665847461139e-02,2.705842460372202482e-02,1.740614385921399054e-02
-1.075519245208550988e-03,7.520928075728230619e-04,5.145744862467702997e-03,-1.200407153674150525e-02,2.680853904377476782e-02,1.858992753641196954e-02
-1.077863282164849730e-03,8.984553953138357460e-04,4.992392829015596632e-03,-1.267953641500780236e-02,2.655865348382773633e-02,1.977371121360890077e-02
-1.080207319121150641e-03,1.044817983054977667e-03,4.839040795563354959e-03,-1.335500129327469969e-02,2.630876792388047933e-02,2.095749489080687977e-02
-1.082551356077451551e-03,1.191180570796120455e-03,4.685688762111113286e-03,-1.403046617154159355e-02,2.605888236393322233e-02,2.214127856800485877e-02
-1.084895393033750294e-03,1.337543158537133139e-03,4.532336728659006921e-03,-1.470593104980789066e-02,2.580899680398619084e-02,2.332506224520179000e-02
-1.087239429990050988e-03,1.483905746278275060e-03,4.378984695206765247e-03,-1.538139592807478452e-02,2.555911124403893731e-02,2.450884592239976900e-02
-1.089583466946351898e-03,1.630268334019417849e-03,4.225632661754522706e-03,-1.605686080634168011e-02,2.530922568409168030e-02,2.569262959959774800e-02
-1.091927503902650641e-03,1.776630921760429666e-03,4.072280628302417209e-03,-1.673232568460798070e-02,2.505934012414464535e-02,2.687641327679467923e-02
-1.094271540858951335e-03,1.922993509501572454e-03,3.918928594850174668e-03,-1.740779056287487109e-02,2.480945456419739181e-02,2.806019695399265823e-02
-1.096615577815250294e-03,2.069356097242585138e-03,3.765576561398069171e-03,-1.808325544114117167e-02,2.455956900425036032e-02,2.924398063118958252e-02
-1.098959614771550988e-03,2.215718684983727059e-03,3.612224527945827497e-03,-1.875872031940806900e-02,2.430968344430310332e-02,3.042776430838756846e-02
-1.101303651727851898e-03,2.362081272724869847e-03,3.458872494493584956e-03,-1.943418519767495939e-02,2.405979788435584632e-02,3.161154798558554746e-02
-1.103647688684150641e-03,2.508443860465881664e-03,3.305520461041479459e-03,-2.010965007594125997e-02,2.380991232440881483e-02,3.279533166278247175e-02
-1.105991725640451551e-03,2.654806448207024452e-03,3.152168427589236918e-03,-2.078511495420815036e-02,2.356002676446155783e-02,3.397911533998045075e-02
-1.108335762596752245e-03,2.801169035948166373e-03,2.998816394136995245e-03,-2.146057983247504769e-02,2.331014120451430083e-02,3.516289901717842975e-02
-1.110679799553050988e-03,2.947531623689179058e-03,2.845464360684888880e-03,-2.213604471074134827e-02,2.306025564456726934e-02,3.634668269437536098e-02
-1.113023836509351898e-03,3.093894211430321846e-03,2.692112327232647206e-03,-2.281150958900823866e-02,2.281037008462001581e-02,3.753046637157333998e-02
-1.115367873465650641e-03,3.240256799171333663e-03,2.538760293780541709e-03,-2.348697446727453925e-02,2.256048452467298085e-02,3.871425004877027121e-02
-1.117711910421951551e-03,3.386619386912476451e-03,2.385408260328299168e-03,-2.416243934554143658e-02,2.231059896472572385e-02,3.989803372596825021e-02
-1.120055947378252245e-03,3.532981974653618372e-03,2.232056226876057495e-03,-2.483790422380833390e-02,2.206071340477847031e-02,4.108181740316622921e-02
-1.122399984334550987e-03,3.679344562394631056e-03,2.078704193423951130e-03,-2.551336910207462755e-02,2.181082784483143883e-02,4.226560108036316044e-02
-1.124744021290851898e-03,3.825707150135772977e-03,1.925352159971709456e-03,-2.618883398034152488e-02,2.156094228488418182e-02,4.344938475756113944e-02
-1.127088058247152809e-03,3.972069737876915765e-03,1.772000126519466916e-03,-2.686429885860842220e-02,2.131105672493692482e-02,4.463316843475911844e-02
-1.129432095203451551e-03,4.118432325617928449e-03,1.618648093067361418e-03,-2.753976373687471585e-02,2.106117116498989333e-02,4.581695211195604273e-02
-1.131776132159752245e-03,4.264794913359070370e-03,1.465296059615119745e-03,-2.821522861514161318e-02,2.081128560504263980e-02,4.700073578915402867e-02
-1.134120169116050987e-03,4.411157501100083055e-03,1.311944026163013380e-03,-2.889069349340790682e-02,2.056140004509560137e-02,4.818451946635095295e-02
-1.136464206072351898e-03,4.557520088841225843e-03,1.158591992710771706e-03,-2.956615837167480415e-02,2.031151448514834784e-02,4.936830314354893889e-02
-1.138808243028652592e-03,4.703882676582366897e-03,1.005239959258530033e-03,-3.024162324994170148e-02,2.006162892520109431e-02,5.055208682074691096e-02
-1.141152279984951551e-03,4.850245264323379581e-03,8.518879258064236681e-04,-3.091708812820799512e-02,1.981174336525405935e-02,5.173587049794384218e-02
-1.143496316941252245e-03,4.996607852064522369e-03,6.985358923541819948e-04,-3.159255300647489245e-02,1.956185780530680235e-02,5.291965417514182812e-02
-1.145840353897553156e-03,5.142970439805665157e-03,5.451838589019403214e-04,-3.226801788474178978e-02,1.931197224535954882e-02,5.410343785233980018e-02
-1.148184390853851898e-03,5.289333027546677841e-03,3.918318254498339565e-04,-3.294348276300808342e-02,1.906208668541251733e-02,5.528722152953673141e-02
-1.150528427810152809e-03,5.435695615287818895e-03,2.384797919975922831e-04,-3.361894764127498075e-02,1.881220112546526033e-02,5.647100520673470347e-02
-1.152872464766451551e-03,5.582058203028831579e-03,8.512775854548591814e-05,-3.429441251954127440e-02,1.856231556551822537e-02,5.765478888393163470e-02
-1.155216501722752245e-03,5.728420790769974368e-03,-6.822427490675575523e-05,-3.496987739780817173e-02,1.831243000557097184e-02,5.883857256112962064e-02
-1.157560538679053156e-03,5.874783378511117156e-03,-2.215763083589991633e-04,-3.564534227607506905e-02,1.806254444562371483e-02,6.002235623832759270e-02
-1.159904575635351898e-03,6.021145966252129840e-03,-3.749283418111037935e-04,-3.632080715434136270e-02,1.781265888567668335e-02,6.120613991552452393e-02
-1.162248612591652809e-03,6.167508553993270894e-03,-5.282803752633454669e-04,-3.699627203260826003e-02,1.756277332572942634e-02,6.238992359272250987e-02
-1.164592649547953503e-03,6.313871141734413682e-03,-6.816324087155888750e-04,-3.767173691087515736e-02,1.731288776578217281e-02,6.357370726992048193e-02
-1.166936686504252245e-03,6.460233729475426366e-03,-8.349844421676935052e-04,-3.834720178914145100e-02,1.706300220583513785e-02,6.475749094711741316e-02
-1.169280723460553156e-03,6.606596317216569154e-03,-9.883364756199369133e-04,-3.902266666740834833e-02,1.681311664588788432e-02,6.594127462431539910e-02
-1.171624760416851898e-03,6.752958904957581839e-03,-1.141688509072041544e-03,-3.969813154567464197e-02,1.656323108594084936e-02,6.712505830151231645e-02
-1.173968797373152809e-03,6.899321492698722892e-03,-1.295040542524284952e-03,-4.037359642394153930e-02,1.631334552599359583e-02,6.830884197871030239e-02
-1.176312834329453503e-03,7.045684080439865681e-03,-1.448392575976526625e-03,-4.104906130220843663e-02,1.606345996604633883e-02,6.949262565590828833e-02
-1.178656871285752245e-03,7.192046668180878365e-03,-1.601744609428631255e-03,-4.172452618047473027e-02,1.581357440609930734e-02,7.067640933310520568e-02
-1.181000908242053156e-03,7.338409255922021153e-03,-1.755096642880874663e-03,-4.239999105874162760e-02,1.556368884615205034e-02,7.186019301030319162e-02
-1.183344945198353849e-03,7.484771843663163941e-03,-1.908448676333116337e-03,-4.307545593700852493e-02,1.531380328620479681e-02,7.304397668750116368e-02
-1.185688982154652809e-03,7.631134431404174891e-03,-2.061800709785222702e-03,-4.375092081527481858e-02,1.506391772625776185e-02,7.422776036469809491e-02
-1.188033019110953502e-03,7.777497019145317679e-03,-2.215152743237464375e-03,-4.442638569354171590e-02,1.481403216631050485e-02,7.541154404189608085e-02
-1.190377056067252245e-03,7.923859606886331231e-03,-2.368504776689569005e-03,-4.510185057180800955e-02,1.456414660636347336e-02,7.659532771909301208e-02
-1.192721093023553156e-03,8.070222194627472284e-03,-2.521856810141812413e-03,-4.577731545007490688e-02,1.431426104641621636e-02,7.777911139629098414e-02
-1.195065129979854066e-03,8.216584782368613338e-03,-2.675208843594054087e-03,-4.645278032834180421e-02,1.406437548646896282e-02,7.896289507348897008e-02
-1.197409166936152809e-03,8.362947370109626022e-03,-2.828560877046160452e-03,-4.712824520660809785e-02,1.381448992652192787e-02,8.014667875068590130e-02
-1.199753203892453502e-03,8.509309957850770545e-03,-2.981912910498402125e-03,-4.780371008487499518e-02,1.356460436657467433e-02,8.133046242788387337e-02
-1.154956555774148659e-03,8.645869165206947551e-03,-3.124852373424039965e-03,-4.845800549460400897e-02,1.330199694602156833e-02,8.247841138207555323e-02
-1.076034486120750226e-03,8.775331647354181475e-03,-3.260254114784346714e-03,-4.909697620049163075e-02,1.303018009511706758e-02,8.360041936772923121e-02
-9.971124164672817529e-04,8.904794129501529890e-03,-3.395655856144773593e-03,-4.973594690637981458e-02,1.275836324421232397e-02,8.472242735338390840e-02
-9.181903468138832109e-04,9.034256611648762078e-03,-3.531057597505079908e-03,-5.037491761226743636e-02,1.248654639330782148e-02,8.584443533903758639e-02
-8.392682771604146295e-04,9.163719093796110493e-03,-3.666459338865506786e-03,-5.101388831815562713e-02,1.221472954240307787e-02,8.696644332469226357e-02
-7.603462075069461566e-04,9.293181575943460643e-03,-3.801861080225933665e-03,-5.165285902404381790e-02,1.194291269149833426e-02,8.808845131034694076e-02
-6.814241378535476146e-04,9.422644058090692831e-03,-3.937262821586240413e-03,-5.229182972993143969e-02,1.167109584059383351e-02,8.921045929600063262e-02
-6.025020682000790332e-04,9.552106540238041246e-03,-4.072664562946666858e-03,-5.293080043581963046e-02,1.139927898968908990e-02,9.033246728165530981e-02
-5.235799985466104518e-04,9.681569022385389661e-03,-4.208066304307093303e-03,-5.356977114170781429e-02,1.112746213878434628e-02,9.145447526730998700e-02
-4.446579288932120183e-04,9.811031504532623584e-03,-4.343468045667400051e-03,-5.420874184759543607e-02,1.085564528787984553e-02,9.257648325296366498e-02
-3.657358592397434369e-04,9.940493986679971999e-03,-4.478869787027827364e-03,-5.484771255348362684e-02,1.058382843697510192e-02,9.369849123861834217e-02
-2.868137895863450033e-04,1.006995646882720592e-02,-4.614271528388133245e-03,-5.548668325937124862e-02,1.031201158607059944e-02,9.482049922427202016e-02
-2.078917199328763135e-04,1.019941895097455434e-02,-4.749673269748560557e-03,-5.612565396525943939e-02,1.004019473516585582e-02,9.594250720992669734e-02
-1.289696502794078405e-04,1.032888143312190275e-02,-4.885075011108987002e-03,-5.676462467114762322e-02,9.768377884261113947e-03,9.706451519558137453e-02
-5.004758062600940700e-05,1.045834391526913668e-02,-5.020476752469293751e-03,-5.740359537703524501e-02,9.496561033356611461e-03,9.818652318123505252e-02
2.887448902745928282e-05,1.058780639741648509e-02,-5.155878493829721063e-03,-5.804256608292343578e-02,9.224744182451867849e-03,9.930853116688972970e-02
1.077965586809277558e-04,1.071726887956383351e-02,-5.291280235190147507e-03,-5.868153678881162655e-02,8.952927331547124237e-03,1.004305391525444069e-01
1.867186283343261893e-04,1.084673136171106743e-02,-5.426681976550454256e-03,-5.932050749469924833e-02,8.681110480642621752e-03,1.015525471381980849e-01
2.656406979877948792e-04,1.097619384385841584e-02,-5.562083717910880701e-03,-5.995947820058743216e-02,8.409293629737878140e-03,1.026745551238527621e-01
3.445627676411933127e-04,1.110565632600564977e-02,-5.697485459271187450e-03,-6.059844890647506088e-02,8.137476778833377389e-03,1.037965631095064400e-01
4.234848372946617857e-04,1.123511880815299818e-02,-5.832887200631613894e-03,-6.123741961236324471e-02,7.865659927928633777e-03,1.049185710951611172e-01
5.024069069481304755e-04,1.136458129030034660e-02,-5.968288941992040339e-03,-6.187639031825143549e-02,7.593843077023891032e-03,1.060405790808157944e-01
5.813289766015289090e-04,1.149404377244758052e-02,-6.103690683352347088e-03,-6.251536102413905727e-02,7.322026226119389414e-03,1.071625870664694863e-01
6.602510462549975988e-04,1.162350625459492894e-02,-6.239092424712773532e-03,-6.315433173002724110e-02,7.050209375214645802e-03,1.082845950521241635e-01
7.391731159084660718e-04,1.175296873674227735e-02,-6.374494166073200845e-03,-6.379330243591543881e-02,6.778392524309902190e-03,1.094066030377788407e-01
8.180951855618647222e-04,1.188243121888950954e-02,-6.509895907433507593e-03,-6.443227314180305365e-02,6.506575673405400571e-03,1.105286110234325186e-01
8.970172552153329783e-04,1.201189370103685969e-02,-6.645297648793934038e-03,-6.507124384769125136e-02,6.234758822500656959e-03,1.116506190090871958e-01
9.759393248687314119e-04,1.214135618318409188e-02,-6.780699390154240787e-03,-6.571021455357886620e-02,5.962941971596155341e-03,1.127726269947408738e-01
1.054861394522200102e-03,1.227081866533144203e-02,-6.916101131514668099e-03,-6.634918525946706391e-02,5.691125120691411729e-03,1.138946349803955510e-01
1.133783464175668792e-03,1.240028114747878871e-02,-7.051502872875094544e-03,-6.698815596535524775e-02,5.419308269786668117e-03,1.150166429660502282e-01
1.212705533829067225e-03,1.252974362962602436e-02,-7.186904614235401292e-03,-6.762712667124286259e-02,5.147491418882167366e-03,1.161386509517039062e-01
1.291627603482535915e-03,1.265920611177337105e-02,-7.322306355595827737e-03,-6.826609737713106030e-02,4.875674567977423754e-03,1.172606589373585834e-01
1.370549673136004171e-03,1.278866859392072119e-02,-7.457708096956254182e-03,-6.890506808301924413e-02,4.603857717072680142e-03,1.183826669230132606e-01
1.449471742789403038e-03,1.291813107606795338e-02,-7.593109838316560931e-03,-6.954403878890685897e-02,4.332040866168177656e-03,1.195046749086669524e-01
1.528393812442871294e-03,1.304759355821530353e-02,-7.728511579676987375e-03,-7.018300949479505668e-02,4.060224015263435779e-03,1.206266828943216296e-01
1.607315882096269728e-03,1.317705604036253572e-02,-7.863913321037294124e-03,-7.082198020068267152e-02,3.788407164358933293e-03,1.217486908799753076e-01
1.686237951749738418e-03,1.330651852250988414e-02,-7.999315062397720569e-03,-7.146095090657086923e-02,3.516590313454189681e-03,1.228706988656299848e-01
1.765160021403207108e-03,1.343598100465723255e-02,-8.134716803758148748e-03,-7.209992161245905307e-02,3.244773462549446069e-03,1.239927068512846620e-01
1.844082091056605541e-03,1.356544348680446647e-02,-8.270118545118453762e-03,-7.273889231834668179e-02,2.972956611644945318e-03,1.251147148369383399e-01
1.923004160710074231e-03,1.369490596895181489e-02,-8.405520286478881942e-03,-7.337786302423486562e-02,2.701139760740201706e-03,1.262367228225930171e-01
1.939516412464446565e-03,1.383514446322428766e-02,-8.554659137943782313e-03,-7.403476000978304050e-02,2.432758807355961308e-03,1.273944698791517061e-01
1.724015384863630731e-03,1.401544360813660600e-02,-8.754866748644566515e-03,-7.475829931332654554e-02,2.177151066233034248e-03,1.286850796698207344e-01
1.508514357262623643e-03,1.419574275304908394e-02,-8.955074359345527660e-03,-7.548183861687070284e-02,1.921543325109879722e-03,1.299756894604909285e-01
1.293013329661807809e-03,1.437604189796140228e-02,-9.155281970046311862e-03,-7.620537792041420788e-02,1.665935583986952444e-03,1.312662992511599569e-01
1.077512302060800505e-03,1.455634104287388021e-02,-9.355489580747274742e-03,-7.692891722395835130e-02,1.410327842863798135e-03,1.325569090418301510e-01
8.620112744597934178e-04,1.473664018778635815e-02,-9.555697191448235886e-03,-7.765245652750250860e-02,1.154720101740643826e-03,1.338475188325003451e-01
6.465102468589775837e-04,1.491693933269867475e-02,-9.755904802149020089e-03,-7.837599583104601364e-02,8.991123606177165491e-04,1.351381286231693735e-01
4.310092192579702795e-04,1.509723847761115442e-02,-9.956112412849982968e-03,-7.909953513459015706e-02,6.435046194945622400e-04,1.364287384138395676e-01
2.155081916569629753e-04,1.527753762252363236e-02,-1.015632002355094411e-02,-7.982307443813431436e-02,3.878968783714081478e-04,1.377193482045097617e-01
7.164056147358072169e-09,1.545783676743594896e-02,-1.035652763425172831e-02,-8.054661374167781940e-02,1.322891372484806538e-04,1.390099579951787900e-01
-2.154938635448599461e-04,1.563813591234842690e-02,-1.055673524495268946e-02,-8.127015304522196282e-02,-1.233186038746736553e-04,1.403005677858489841e-01
-4.309948911456759971e-04,1.581843505726074350e-02,-1.075694285565347366e-02,-8.199369234876546786e-02,-3.789263449976007156e-04,1.415911775765180125e-01
-6.464959187466828676e-04,1.599873420217322317e-02,-1.095715046635443654e-02,-8.271723165230962516e-02,-6.345340861207550247e-04,1.428817873671882066e-01
-8.619969463476901718e-04,1.617903334708570284e-02,-1.115735807705539769e-02,-8.344077095585376858e-02,-8.901418272439093338e-04,1.441723971578584007e-01
-1.077497973948506223e-03,1.635933249199801945e-02,-1.135756568775618189e-02,-8.416431025939727362e-02,-1.145749568366836828e-03,1.454630069485274291e-01
-1.292999001549513093e-03,1.653963163691049565e-02,-1.155777329845714477e-02,-8.488784956294143091e-02,-1.401357309489991137e-03,1.467536167391976232e-01
-1.508500029150520397e-03,1.671993078182297532e-02,-1.175798090915810591e-02,-8.561138886648557433e-02,-1.656965050613145446e-03,1.480442265298678173e-01
-1.724001056751336448e-03,1.690022992673529192e-02,-1.195818851985889011e-02,-8.633492817002907938e-02,-1.912572791736072940e-03,1.493348363205368456e-01
-1.939502084352343753e-03,1.708052907164777159e-02,-1.215839613055985126e-02,-8.705846747357323667e-02,-2.168180532859226815e-03,1.506254461112070397e-01
-2.155003111953159370e-03,1.726082821656008820e-02,-1.235860374126063546e-02,-8.778200677711674171e-02,-2.423788273982154309e-03,1.519160559018760681e-01
-2.370504139554166674e-03,1.744112736147256787e-02,-1.255881135196159834e-02,-8.850554608066088513e-02,-2.679396015105308185e-03,1.532066656925462622e-01
-2.586005167155173978e-03,1.762142650638504407e-02,-1.275901896266255948e-02,-8.922908538420504243e-02,-2.935003756228462928e-03,1.544972754832164563e-01
-2.801506194755989596e-03,1.780172565129736414e-02,-1.295922657336334369e-02,-8.995262468774854747e-02,-3.190611497351390421e-03,1.557878852738854847e-01
-3.017007222356996900e-03,1.798202479620984034e-02,-1.315943418406430483e-02,-9.067616399129269089e-02,-3.446219238474544297e-03,1.570784950645556788e-01
-3.232508249958004204e-03,1.816232394112232001e-02,-1.335964179476526598e-02,-9.139970329483684819e-02,-3.701826979597699040e-03,1.583691048552258729e-01
-3.448009277558819821e-03,1.834262308603463662e-02,-1.355984940546605191e-02,-9.212324259838035323e-02,-3.957434720720625666e-03,1.596597146458949013e-01
-3.663510305159827125e-03,1.852292223094711282e-02,-1.376005701616701306e-02,-9.284678190192449665e-02,-4.213042461843780409e-03,1.609503244365650954e-01
-3.879011332760642743e-03,1.870322137585943290e-02,-1.396026462686779726e-02,-9.357032120546801557e-02,-4.468650202966707903e-03,1.622409342272341237e-01
-4.094512360361650047e-03,1.888352052077191257e-02,-1.416047223756876014e-02,-9.429386050901215899e-02,-4.724257944089861778e-03,1.635315440179043178e-01
-4.310013387962657351e-03,1.906381966568438877e-02,-1.436067984826972128e-02,-9.501739981255630241e-02,-4.979865685213016521e-03,1.648221538085745119e-01
-4.525514415563472968e-03,1.924411881059670537e-02,-1.456088745897050549e-02,-9.574093911609982133e-02,-5.235473426335943148e-03,1.661127635992435403e-01
-4.741015443164480272e-03,1.942441795550918504e-02,-1.476109506967146663e-02,-9.646447841964396475e-02,-5.491081167459097891e-03,1.674033733899137344e-01
-4.956516470765487577e-03,1.960471710042166471e-02,-1.496130268037242778e-02,-9.718801772318810817e-02,-5.746688908582251766e-03,1.686939831805839285e-01
-5.172017498366303194e-03,1.978501624533398132e-02,-1.516151029107321371e-02,-9.791155702673162708e-02,-6.002296649705180127e-03,1.699845929712529569e-01
-5.387518525967310498e-03,1.996531539024645752e-02,-1.536171790177417486e-02,-9.863509633027577050e-02,-6.257904390828334003e-03,1.712752027619231510e-01
-5.603019553568126983e-03,2.014561453515877759e-02,-1.556192551247495906e-02,-9.935863563381927555e-02,-6.513512131951260629e-03,1.725658125525921793e-01
-5.818520581169133420e-03,2.032591368007125379e-02,-1.576213312317591847e-02,-1.000821749373634328e-01,-6.769119873074414505e-03,1.738564223432623734e-01
-6.034021608770140724e-03,2.050621282498373346e-02,-1.596234073387688135e-02,-1.008057142409075763e-01,-7.024727614197570115e-03,1.751470321339325675e-01
-6.249522636370956341e-03,2.068651196989605007e-02,-1.616254834457766729e-02,-1.015292535444510813e-01,-7.280335355320496742e-03,1.764376419246015959e-01
-6.465023663971964513e-03,2.086681111480852974e-02,-1.636275595527862670e-02,-1.022527928479952386e-01,-7.535943096443650617e-03,1.777282517152717900e-01
-6.680524691572780130e-03,2.104711025972084634e-02,-1.656296356597941263e-02,-1.029763321515387436e-01,-7.791550837566578978e-03,1.790188615059408184e-01
-5.925418595498624375e-03,2.105689459086809712e-02,-1.655447028315111188e-02,-1.033873190136913311e-01,-8.117291001875300699e-03,1.796862671530011224e-01
-5.143355829565291956e-03,2.106194321440659628e-02,-1.654018075079119812e-02,-1.037896253574653177e-01,-8.444978953843978314e-03,1.803363645525301318e-01
-4.361293063632654295e-03,2.106699183794509544e-02,-1.652589121843129477e-02,-1.041919317012389434e-01,-8.772666905812364496e-03,1.809864619520585860e-01
-3.579230297699322310e-03,2.107204046148359461e-02,-1.651160168607138101e-02,-1.045942380450129300e-01,-9.100354857781042112e-03,1.816365593515875954e-01
-2.797167531765989892e-03,2.107708908502209724e-02,-1.649731215371146725e-02,-1.049965443887869165e-01,-9.428042809749719727e-03,1.822866567511166047e-01
-2.015104765833351796e-03,2.108213770856059294e-02,-1.648302262135156737e-02,-1.053988507325605423e-01,-9.755730761718105909e-03,1.829367541506450312e-01
-1.233041999900020246e-03,2.108718633209909210e-02,-1.646873308899165014e-02,-1.058011570763345288e-01,-1.008341871368678352e-02,1.835868515501740406e-01
-4.509792339673825839e-04,2.109223495563759126e-02,-1.645444355663175026e-02,-1.062034634201081545e-01,-1.041110666565516971e-02,1.842369489497024670e-01
3.310835319659498344e-04,2.109728357917609043e-02,-1.644015402427183650e-02,-1.066057697638821411e-01,-1.073879461762384732e-02,1.848870463492314764e-01
1.113146297899282253e-03,2.110233220271459306e-02,-1.642586449191192274e-02,-1.070080761076561277e-01,-1.106648256959252494e-02,1.855371437487604858e-01
1.895209063831920782e-03,2.110738082625308876e-02,-1.641157495955201939e-02,-1.074103824514297534e-01,-1.139417052156091112e-02,1.861872411482889400e-01
2.677271829765253200e-03,2.111242944979159139e-02,-1.639728542719210563e-02,-1.078126887952037399e-01,-1.172185847352958873e-02,1.868373385478179494e-01
3.459334595698583883e-03,2.111747807333009055e-02,-1.638299589483219187e-02,-1.082149951389777265e-01,-1.204954642549826635e-02,1.874874359473469587e-01
4.241397361631222412e-03,2.112252669686858625e-02,-1.636870636247229199e-02,-1.086173014827513522e-01,-1.237723437746665253e-02,1.881375333468753852e-01
5.023460127564554831e-03,2.112757532040708888e-02,-1.635441683011237823e-02,-1.090196078265253388e-01,-1.270492232943533015e-02,1.887876307464043946e-01
5.805522893497191625e-03,2.113262394394558458e-02,-1.634012729775247488e-02,-1.094219141702989645e-01,-1.303261028140371633e-02,1.894377281459328211e-01
6.587585659430524043e-03,2.113767256748408721e-02,-1.632583776539256112e-02,-1.098242205140729510e-01,-1.336029823337239394e-02,1.900878255454618304e-01
7.369648425363856462e-03,2.114272119102258637e-02,-1.631154823303264736e-02,-1.102265268578469376e-01,-1.368798618534107156e-02,1.907379229449908398e-01
8.151711191296494990e-03,2.114776981456108554e-02,-1.629725870067274748e-02,-1.106288332016205772e-01,-1.401567413730945774e-02,1.913880203445192940e-01
8.933773957229827409e-03,2.115281843809958470e-02,-1.628296916831283372e-02,-1.110311395453945638e-01,-1.434336208927813536e-02,1.920381177440483034e-01
9.715836723163159827e-03,2.115786706163808734e-02,-1.626867963595291997e-02,-1.114334458891685364e-01,-1.467105004124681297e-02,1.926882151435773127e-01
1.049789948909579662e-02,2.116291568517658303e-02,-1.625439010359301661e-02,-1.118357522329421760e-01,-1.499873799321519915e-02,1.933383125431057392e-01
1.127996225502913077e-02,2.116796430871508566e-02,-1.624010057123310286e-02,-1.122380585767161626e-01,-1.532642594518387677e-02,1.939884099426347486e-01
1.206202502096176757e-02,2.117301293225358136e-02,-1.622581103887320297e-02,-1.126403649204897883e-01,-1.565411389715226295e-02,1.946385073421631751e-01
1.284408778689509825e-02,2.117806155579208052e-02,-1.621152150651328921e-02,-1.130426712642637749e-01,-1.598180184912094057e-02,1.952886047416921844e-01
1.362615055282843241e-02,2.118311017933058316e-02,-1.619723197415337199e-02,-1.134449776080377614e-01,-1.630948980108961471e-02,1.959387021412211938e-01
1.440821331876106920e-02,2.118815880286907885e-02,-1.618294244179347210e-02,-1.138472839518113872e-01,-1.663717775305800436e-02,1.965887995407496480e-01
1.519027608469439988e-02,2.119320742640758148e-02,-1.616865290943355835e-02,-1.142495902955853737e-01,-1.696486570502668198e-02,1.972388969402786574e-01
1.597233885062773404e-02,2.119825604994608065e-02,-1.615436337707364459e-02,-1.146518966393593603e-01,-1.729255365699535613e-02,1.978889943398076667e-01
1.675440161656037083e-02,2.120330467348457981e-02,-1.614007384471374124e-02,-1.150542029831329860e-01,-1.762024160896374578e-02,1.985390917393360932e-01
1.753646438249370498e-02,2.120835329702307898e-02,-1.612578431235382748e-02,-1.154565093269069725e-01,-1.794792956093242339e-02,1.991891891388651026e-01
1.831852714842634178e-02,2.121340192056157467e-02,-1.611149477999392760e-02,-1.158588156706805983e-01,-1.827561751290080957e-02,1.998392865383935291e-01
1.910058991435967246e-02,2.121845054410007730e-02,-1.609720524763401384e-02,-1.162611220144545848e-01,-1.860330546486948719e-02,2.004893839379225384e-01
1.988265268029300661e-02,2.122349916763857994e-02,-1.608291571527410008e-02,-1.166634283582285714e-01,-1.893099341683816134e-02,2.011394813374515478e-01
2.066471544622564341e-02,2.122854779117707563e-02,-1.606862618291419673e-02,-1.170657347020021971e-01,-1.925868136880655099e-02,2.017895787369800020e-01
2.144677821215897409e-02,2.123359641471557480e-02,-1.605433665055428297e-02,-1.174680410457761837e-01,-1.958636932077522860e-02,2.024396761365090114e-01
2.222884097809230824e-02,2.123864503825407743e-02,-1.604004711819436921e-02,-1.178703473895501702e-01,-1.991405727274390275e-02,2.030897735360380207e-01
2.301090374402494504e-02,2.124369366179257312e-02,-1.602575758583446933e-02,-1.182726537333237959e-01,-2.024174522471229240e-02,2.037398709355664472e-01
2.379296650995827919e-02,2.124874228533107576e-02,-1.601146805347455557e-02,-1.186749600770977825e-01,-2.056943317668097002e-02,2.043899683350954566e-01
2.457502927589091252e-02,2.125379090886957145e-02,-1.599717852111465222e-02,-1.190772664208714082e-01,-2.089712112864935620e-02,2.050400657346238831e-01
2.259677692764522697e-02,2.172076890652454781e-02,-1.655772403525815339e-02,-1.202553994519766772e-01,-2.101378866180635130e-02,2.072688005656749821e-01
1.969243557391510413e-02,2.234272475887431886e-02,-1.731112739153535529e-02,-1.216938232598877984e-01,-2.105965859334586049e-02,2.100271701335210961e-01
1.678809422018755909e-02,2.296468061122354173e-02,-1.806453074781188758e-02,-1.231322470677976427e-01,-2.110552852488532458e-02,2.127855397013647953e-01
1.388375286645743799e-02,2.358663646357331625e-02,-1.881793410408908948e-02,-1.245706708757087638e-01,-2.115139845642483377e-02,2.155439092692109371e-01
1.097941151272731515e-02,2.420859231592308730e-02,-1.957133746036629138e-02,-1.260090946836198711e-01,-2.119726838796433949e-02,2.183022788370570788e-01
8.075070158999771847e-03,2.483054816827231018e-02,-2.032474081664282367e-02,-1.274475184915297155e-01,-2.124313831950380704e-02,2.210606484049007503e-01
5.170728805269649009e-03,2.545250402062208123e-02,-2.107814417292002557e-02,-1.288859422994408366e-01,-2.128900825104331276e-02,2.238190179727468920e-01
2.266387451542107440e-03,2.607445987297130410e-02,-2.183154752919656133e-02,-1.303243661073506809e-01,-2.133487818258278032e-02,2.265773875405905913e-01
-6.379539021880153982e-04,2.669641572532107862e-02,-2.258495088547376323e-02,-1.317627899152618021e-01,-2.138074811412228604e-02,2.293357571084367053e-01
-3.542295255918138236e-03,2.731837157767084967e-02,-2.333835424175096512e-02,-1.332012137231729232e-01,-2.142661804566179523e-02,2.320941266762828470e-01
-6.446636609645683275e-03,2.794032743002007255e-02,-2.409175759802749742e-02,-1.346396375310827676e-01,-2.147248797720125932e-02,2.348524962441265462e-01
-9.350977963375806112e-03,2.856228328236984707e-02,-2.484516095430469931e-02,-1.360780613389938887e-01,-2.151835790874076851e-02,2.376108658119726602e-01
-1.225531931710592548e-02,2.918423913471961811e-02,-2.559856431058190468e-02,-1.375164851469050098e-01,-2.156422784028027423e-02,2.403692353798188019e-01
-1.515966067083347052e-02,2.980619498706884099e-02,-2.635196766685843350e-02,-1.389549089548148542e-01,-2.161009777181974179e-02,2.431276049476625012e-01
-1.806400202456358989e-02,3.042815083941861204e-02,-2.710537102313563540e-02,-1.403933327627259753e-01,-2.165596770335924751e-02,2.458859745155086429e-01
-2.096834337829113493e-02,3.105010669176783492e-02,-2.785877437941217116e-02,-1.418317565706358196e-01,-2.170183763489871506e-02,2.486443440833523144e-01
-2.387268473202126123e-02,3.167206254411761290e-02,-2.861217773568937306e-02,-1.432701803785469408e-01,-2.174770756643822425e-02,2.514027136511984839e-01
-2.677702608575138060e-02,3.229401839646738048e-02,-2.936558109196657496e-02,-1.447086041864580619e-01,-2.179357749797772997e-02,2.541610832190445701e-01
-2.968136743947892564e-02,3.291597424881660683e-02,-3.011898444824311072e-02,-1.461470279943679063e-01,-2.183944742951719753e-02,2.569194527868882694e-01
-3.258570879320904501e-02,3.353793010116637441e-02,-3.087238780452031262e-02,-1.475854518022790274e-01,-2.188531736105670325e-02,2.596778223547344111e-01
-3.549005014693917132e-02,3.415988595351614893e-02,-3.162579116079751451e-02,-1.490238756101901485e-01,-2.193118729259620897e-02,2.624361919225805528e-01
-3.839439150066671635e-02,3.478184180586536833e-02,-3.237919451707405027e-02,-1.504622994180999651e-01,-2.197705722413567653e-02,2.651945614904242521e-01
-4.129873285439683572e-02,3.540379765821514979e-02,-3.313259787335125217e-02,-1.519007232260111140e-01,-2.202292715567518572e-02,2.679529310582703938e-01
-4.420307420812437382e-02,3.602575351056436920e-02,-3.388600122962778100e-02,-1.533391470339209306e-01,-2.206879708721464980e-02,2.707113006261140375e-01
-4.710741556185450707e-02,3.664770936291414372e-02,-3.463940458590498289e-02,-1.547775708418320795e-01,-2.211466701875415899e-02,2.734696701939601793e-01
-5.001175691558462644e-02,3.726966521526391130e-02,-3.539280794218218479e-02,-1.562159946497431728e-01,-2.216053695029366472e-02,2.762280397618063210e-01
-5.291609826931216454e-02,3.789162106761313764e-02,-3.614621129845872055e-02,-1.576544184576530172e-01,-2.220640688183313227e-02,2.789864093296500203e-01
-5.582043962304228391e-02,3.851357691996290522e-02,-3.689961465473592245e-02,-1.590928422655641383e-01,-2.225227681337263799e-02,2.817447788974961620e-01
-5.872478097677241715e-02,3.913553277231268668e-02,-3.765301801101312434e-02,-1.605312660734752594e-01,-2.229814674491214718e-02,2.845031484653423037e-01
-6.162912233049995525e-02,3.975748862466189915e-02,-3.840642136728965317e-02,-1.619696898813851038e-01,-2.234401667645161127e-02,2.872615180331860030e-01
-6.453346368423007462e-02,4.037944447701168060e-02,-3.915982472356685506e-02,-1.634081136892962249e-01,-2.238988660799112046e-02,2.900198876010321447e-01
-6.743780503795762660e-02,4.100140032936089307e-02,-3.991322807984339083e-02,-1.648465374972060693e-01,-2.243575653953058455e-02,2.927782571688757884e-01
-7.034214639168774597e-02,4.162335618171067453e-02,-4.066663143612059272e-02,-1.662849613051171904e-01,-2.248162647107009374e-02,2.955366267367219302e-01
-7.324648774541786533e-02,4.224531203406044211e-02,-4.142003479239779462e-02,-1.677233851130283115e-01,-2.252749640260959946e-02,2.982949963045680719e-01
-7.615082909914540343e-02,4.286726788640966845e-02,-4.217343814867433038e-02,-1.691618089209381559e-01,-2.257336633414906701e-02,3.010533658724117712e-01
-7.905517045287553668e-02,4.348922373875943603e-02,-4.292684150495153228e-02,-1.706002327288492770e-01,-2.261923626568857273e-02,3.038117354402579129e-01
-8.195951180660565605e-02,4.411117959110921749e-02,-4.368024486122873418e-02,-1.720386565367603982e-01,-2.266510619722808192e-02,3.065701050081040546e-01
-8.486385316033319415e-02,4.473313544345842996e-02,-4.443364821750526994e-02,-1.734770803446702425e-01,-2.271097612876754601e-02,3.093284745759476984e-01
-8.776819451406331352e-02,4.535509129580821142e-02,-4.518705157378247184e-02,-1.749155041525813636e-01,-2.275684606030705520e-02,3.120868441437938401e-01
-9.067253586779086549e-02,4.597704714815743082e-02,-4.594045493005900760e-02,-1.763539279604912080e-01,-2.280271599184652276e-02,3.148452137116375393e-01
-8.777040770987494522e-02,4.560775690720589304e-02,-4.546699311334481686e-02,-1.760650496357600570e-01,-2.327075897504080060e-02,3.141160736917616991e-01
-7.701504715616266927e-02,4.389780933282352166e-02,-4.333419987286316055e-02,-1.734400004178216770e-01,-2.430978972958968906e-02,3.086700875367195396e-01
-6.625968660245994124e-02,4.218786175844266989e-02,-4.120140663238340550e-02,-1.708149511998856285e-01,-2.534882048413765465e-02,3.032241013816822095e-01
-5.550432604874765835e-02,4.047791418406029851e-02,-3.906861339190174920e-02,-1.681899019819472207e-01,-2.638785123868654658e-02,2.977781152266400500e-01
-4.474896549503538240e-02,3.876796660967793406e-02,-3.693582015142009983e-02,-1.655648527640088408e-01,-2.742688199323543158e-02,2.923321290715978904e-01
-3.399360494133265437e-02,3.705801903529708230e-02,-3.480302691094033785e-02,-1.629398035460727923e-01,-2.846591274778340064e-02,2.868861429165606158e-01
-2.323824438762037148e-02,3.534807146091471092e-02,-3.267023367045868848e-02,-1.603147543281344123e-01,-2.950494350233228910e-02,2.814401567615184563e-01
-1.248288383391764345e-02,3.363812388653385915e-02,-3.053744042997892996e-02,-1.576897051101983638e-01,-3.054397425688025469e-02,2.759941706064811262e-01
-1.727523280205367495e-03,3.192817631215148777e-02,-2.840464718949727713e-02,-1.550646558922599560e-01,-3.158300501142914662e-02,2.705481844514389667e-01
9.027837273506908455e-03,3.021822873776911986e-02,-2.627185394901562429e-02,-1.524396066743215761e-01,-3.262203576597803162e-02,2.651021982963968071e-01
1.978319782720963649e-02,2.850828116338826809e-02,-2.413906070853586577e-02,-1.498145574563855276e-01,-3.366106652052600068e-02,2.596562121413594770e-01
3.053855838092191244e-02,2.679833358900589671e-02,-2.200626746805421294e-02,-1.471895082384471198e-01,-3.470009727507488567e-02,2.542102259863173175e-01
4.129391893463418839e-02,2.508838601462352533e-02,-1.987347422757256010e-02,-1.445644590205087399e-01,-3.573912802962377760e-02,2.487642398312751857e-01
5.204927948833693030e-02,2.337843844024267356e-02,-1.774068098709280158e-02,-1.419394098025726914e-01,-3.677815878417173973e-02,2.433182536762378556e-01
6.280464004204919237e-02,2.166849086586030565e-02,-1.560788774661114875e-02,-1.393143605846343114e-01,-3.781718953872063166e-02,2.378722675211957238e-01
7.356000059575193428e-02,1.995854329147945389e-02,-1.347509450613139370e-02,-1.366893113666982629e-01,-3.885622029326860072e-02,2.324262813661583937e-01
8.431536114946419636e-02,1.824859571709708250e-02,-1.134230126564973740e-02,-1.340642621487598551e-01,-3.989525104781748571e-02,2.269802952111162342e-01
9.507072170317648618e-02,1.653864814271471459e-02,-9.209508025168088030e-03,-1.314392129308214752e-01,-4.093428180236637071e-02,2.215343090560740746e-01
1.058260822568792003e-01,1.482870056833385936e-02,-7.076714784688326043e-03,-1.288141637128854267e-01,-4.197331255691433977e-02,2.160883229010367446e-01
1.165814428105914902e-01,1.311875299395149491e-02,-4.943921544206676677e-03,-1.261891144949470189e-01,-4.301234331146322476e-02,2.106423367459945850e-01
1.273368033643037800e-01,1.140880541956912353e-02,-2.811128303725020372e-03,-1.235640652770086390e-01,-4.405137406601211669e-02,2.051963505909524532e-01
1.380921639180064941e-01,9.698857845188271765e-03,-6.783350632452653239e-04,-1.209390160590725904e-01,-4.509040482056007881e-02,1.997503644359151231e-01
1.488475244717187840e-01,7.988910270805900382e-03,1.454458177236390981e-03,-1.183139668411341966e-01,-4.612943557510897075e-02,1.943043782808729913e-01
1.596028850254214981e-01,6.278962696425048617e-03,3.587251417716146029e-03,-1.156889176231981342e-01,-4.716846632965693287e-02,1.888583921258356613e-01
1.703582455791337880e-01,4.569015122042677235e-03,5.720044658197802334e-03,-1.130638684052597542e-01,-4.820749708420582480e-02,1.834124059707935017e-01
1.811136061328460778e-01,2.859067547660305852e-03,7.852837898679451700e-03,-1.104388191873213743e-01,-4.924652783875471673e-02,1.779664198157513422e-01
1.918689666865487642e-01,1.149119973279454088e-03,9.985631139159213687e-03,-1.078137699693853119e-01,-5.028555859330267885e-02,1.725204336607140398e-01
2.026243272402610540e-01,-5.608276011029103558e-04,1.211842437964086305e-02,-1.051887207514469319e-01,-5.132458934785157079e-02,1.670744475056718803e-01
2.133796877939733438e-01,-2.270775175485281738e-03,1.425121762012251242e-02,-1.025636715335085380e-01,-5.236362010240046272e-02,1.616284613506297207e-01
2.241350483476760858e-01,-3.980722749866133503e-03,1.638401086060227441e-02,-9.993862231557248954e-02,-5.340265085694842484e-02,1.561824751955923907e-01
2.348904089013883756e-01,-5.690670324248504885e-03,1.851680410108393071e-02,-9.731357309763409569e-02,-5.444168161149730983e-02,1.507364890405502311e-01
2.456457694550910620e-01,-7.400617898629356650e-03,2.064959734156368576e-02,-9.468852387969804718e-02,-5.548071236604527889e-02,1.452905028855129288e-01
2.564011300088033796e-01,-9.110565473011728033e-03,2.278239058204534206e-02,-9.206347466175965333e-02,-5.651974312059417083e-02,1.398445167304707693e-01
2.671564905625156694e-01,-1.082051304739409942e-02,2.491518382252698449e-02,-8.943842544382127335e-02,-5.755877387514305582e-02,1.343985305754286097e-01
2.779118511162184113e-01,-1.253046062177495118e-02,2.704797706300675342e-02,-8.681337622588521097e-02,-5.859780462969102488e-02,1.289525444203913074e-01
2.886672116699305901e-01,-1.424040819615731562e-02,2.918077030348839584e-02,-8.418832700794683099e-02,-5.963683538423990987e-02,1.235065582653491478e-01
2.994225722236428799e-01,-1.595035577053968701e-02,3.131356354397005215e-02,-8.156327779000843714e-02,-6.067586613878880181e-02,1.180605721103069883e-01
3.101779327773456219e-01,-1.766030334492053877e-02,3.344635678444980720e-02,-7.893822857207238863e-02,-6.171489689333676393e-02,1.126145859552696582e-01
3.209332933310579117e-01,-1.937025091930291709e-02,3.557915002493146350e-02,-7.631317935413399478e-02,-6.275392764788564892e-02,1.071685998002274987e-01
3.316886538847606536e-01,-2.108019849368375498e-02,3.771194326541121855e-02,-7.368813013619794627e-02,-6.379295840243362492e-02,1.017226136451901963e-01
3.424440144384729434e-01,-2.279014606806613330e-02,3.984473650589287486e-02,-7.106308091825955242e-02,-6.483198915698251685e-02,9.627662749014803678e-02
3.709400195754739005e-01,-2.872967053395956982e-02,4.683666109667788263e-02,-5.736180144185352991e-02,-6.574117076615790256e-02,7.004272786027818110e-02
4.016835703496062226e-01,-3.520503613261562192e-02,5.444418448464172222e-02,-4.225728473376208494e-02,-6.663390190878915043e-02,4.117522695306444908e-02
4.324271211237659118e-01,-4.168040173127741943e-02,6.205170787261232723e-02,-2.715276802565722708e-02,-6.752663305142118932e-02,1.230772604582508478e-02
4.631706718978982895e-01,-4.815576732993347153e-02,6.965923126057615988e-02,-1.204825131756578210e-02,-6.841936419405243719e-02,-1.655977486138864030e-02
4.939142226720579232e-01,-5.463113292859527598e-02,7.726675464854676489e-02,3.056265390539075755e-03,-6.931209533668447609e-02,-4.542727576862801153e-02
5.246577734462175568e-01,-6.110649852725708042e-02,8.487427803651736991e-02,1.816078209864394055e-02,-7.020482647931650111e-02,-7.429477667586736889e-02
5.554013242203499345e-01,-6.758186412591313252e-02,9.248180142448120256e-02,3.326529880673538553e-02,-7.109755762194774897e-02,-1.031622775830811078e-01
5.861448749945096237e-01,-7.405722972457493003e-02,1.000893248124518076e-01,4.836981551484023645e-02,-7.199028876457978787e-02,-1.320297784903204652e-01
6.168884257686693129e-01,-8.053259532323672754e-02,1.076968482004224126e-01,6.347433222294508737e-02,-7.288301990721182677e-02,-1.608972793975598503e-01
6.476319765428015796e-01,-8.700796092189277964e-02,1.153043715883862452e-01,7.857884893103654622e-02,-7.377575104984307464e-02,-1.897647803047735893e-01
6.783755273169612687e-01,-9.348332652055457714e-02,1.229118949763568502e-01,9.368336563914141102e-02,-7.466848219247509966e-02,-2.186322812120129189e-01
7.091190780910936464e-01,-9.995869211921062925e-02,1.305194183643206829e-01,1.087878823472328421e-01,-7.556121333510634752e-02,-2.474997821192266578e-01
7.398626288652532246e-01,-1.064340577178724268e-01,1.381269417522912879e-01,1.238923990553377069e-01,-7.645394447773838642e-02,-2.763672830264660707e-01
7.706061796394129138e-01,-1.129094233165342243e-01,1.457344651402618929e-01,1.389969157634425856e-01,-7.734667562037042532e-02,-3.052347839337054003e-01
8.013497304135452914e-01,-1.193847889151902764e-01,1.533419885282257256e-01,1.541014324715340167e-01,-7.823940676300167318e-02,-3.341022848409190837e-01
8.320932811877048696e-01,-1.258601545138521016e-01,1.609495119161963306e-01,1.692059491796388815e-01,-7.913213790563371208e-02,-3.629697857481585244e-01
8.628368319618645588e-01,-1.323355201125138991e-01,1.685570353041669078e-01,1.843104658877436908e-01,-8.002486904826575098e-02,-3.918372866553978540e-01
8.935803827359969365e-01,-1.388108857111699512e-01,1.761645586921307682e-01,1.994149825958351774e-01,-8.091760019089698497e-02,-4.207047875626115374e-01
9.243239335101566256e-01,-1.452862513098317487e-01,1.837720820801013455e-01,2.145194993039400422e-01,-8.181033133352902387e-02,-4.495722884698508670e-01
9.550674842842890033e-01,-1.517616169084878008e-01,1.913796054680652059e-01,2.296240160120314733e-01,-8.270306247616027173e-02,-4.784397893770646615e-01
9.858110350584485815e-01,-1.582369825071495983e-01,1.989871288560357832e-01,2.447285327201363381e-01,-8.359579361879231063e-02,-5.073072902843039911e-01
1.016554585832608382e+00,-1.647123481058113958e-01,2.065946522440063882e-01,2.598330494282412029e-01,-8.448852476142434953e-02,-5.361747911915433207e-01
1.047298136606740648e+00,-1.711877137044674480e-01,2.142021756319702486e-01,2.749375661363326340e-01,-8.538125590405558352e-02,-5.650422920987571151e-01
1.071797706384822524e+00,-1.764708527139896010e-01,2.203783034494431470e-01,2.875677976180540107e-01,-8.594731613618708521e-02,-5.890837496379682792e-01
1.069822505983658134e+00,-1.766988954685950186e-01,2.204852473939500623e-01,2.897069445228790951e-01,-8.512827649611019731e-02,-5.926625585682344655e-01
1.067847305582495299e+00,-1.769269382232002141e-01,2.205921913384569222e-01,2.918460914277022922e-01,-8.430923685603404494e-02,-5.962413674984975431e-01
1.065872105181330909e+00,-1.771549809778056039e-01,2.206991352829638375e-01,2.939852383325274321e-01,-8.349019721595715704e-02,-5.998201764287637294e-01
1.063896904780168295e+00,-1.773830237324107995e-01,2.208060792274706696e-01,2.961243852373506291e-01,-8.267115757588100466e-02,-6.033989853590268071e-01
1.061921704379003906e+00,-1.776110664870162170e-01,2.209130231719776127e-01,2.982635321421757135e-01,-8.185211793580411677e-02,-6.069777942892929934e-01
1.059946503977839516e+00,-1.778391092416216068e-01,2.210199671164845558e-01,3.004026790470008534e-01,-8.103307829572724275e-02,-6.105566032195591797e-01
1.057971303576676902e+00,-1.780671519962268023e-01,2.211269110609913879e-01,3.025418259518240505e-01,-8.021403865565107649e-02,-6.141354121498222574e-01
1.055996103175512513e+00,-1.782951947508321922e-01,2.212338550054983033e-01,3.046809728566491349e-01,-7.939499901557420247e-02,-6.177142210800884436e-01
1.054020902774348123e+00,-1.785232375054376097e-01,2.213407989500052464e-01,3.068201197614742748e-01,-7.857595937549731457e-02,-6.212930300103547410e-01
1.052045702373185287e+00,-1.787512802600428052e-01,2.214477428945120785e-01,3.089592666662974718e-01,-7.775691973542116220e-02,-6.248718389406178186e-01
1.050070501972020898e+00,-1.789793230146481950e-01,2.215546868390190216e-01,3.110984135711225562e-01,-7.693788009534427430e-02,-6.284506478708840049e-01
1.048095301570858284e+00,-1.792073657692533906e-01,2.216616307835258537e-01,3.132375604759457532e-01,-7.611884045526812193e-02,-6.320294568011470826e-01
1.046120101169693895e+00,-1.794354085238588081e-01,2.217685747280327968e-01,3.153767073807708932e-01,-7.529980081519123403e-02,-6.356082657314132689e-01
1.044144900768529505e+00,-1.796634512784641979e-01,2.218755186725397122e-01,3.175158542855959776e-01,-7.448076117511434613e-02,-6.391870746616794552e-01
1.042169700367366891e+00,-1.798914940330693935e-01,2.219824626170465443e-01,3.196550011904191746e-01,-7.366172153503819375e-02,-6.427658835919425329e-01
1.040194499966202502e+00,-1.801195367876747833e-01,2.220894065615534874e-01,3.217941480952443145e-01,-7.284268189496131973e-02,-6.463446925222087192e-01
1.038219299565038112e+00,-1.803475795422802008e-01,2.221963505060604305e-01,3.239332950000693989e-01,-7.202364225488443183e-02,-6.499235014524750165e-01
1.036244099163875276e+00,-1.805756222968853963e-01,2.223032944505672626e-01,3.260724419048925959e-01,-7.120460261480827946e-02,-6.535023103827379831e-01
1.034268898762710887e+00,-1.808036650514907862e-01,2.224102383950741779e-01,3.282115888097176803e-01,-7.038556297473139156e-02,-6.570811193130042804e-01
1.032293698361548273e+00,-1.810317078060959817e-01,2.225171823395810100e-01,3.303507357145409329e-01,-6.956652333465523919e-02,-6.606599282432672471e-01
1.030318497960383883e+00,-1.812597505607013992e-01,2.226241262840879531e-01,3.324898826193660173e-01,-6.874748369457835129e-02,-6.642387371735335444e-01
1.028343297559219494e+00,-1.814877933153067890e-01,2.227310702285948962e-01,3.346290295241911572e-01,-6.792844405450146339e-02,-6.678175461037997307e-01
1.026368097158056880e+00,-1.817158360699119846e-01,2.228380141731017283e-01,3.367681764290143542e-01,-6.710940441442531101e-02,-6.713963550340628084e-01
1.024392896756892490e+00,-1.819438788245174021e-01,2.229449581176086437e-01,3.389073233338394386e-01,-6.629036477434842312e-02,-6.749751639643289947e-01
1.022417696355728101e+00,-1.821719215791227919e-01,2.230519020621155868e-01,3.410464702386645230e-01,-6.547132513427154910e-02,-6.785539728945952920e-01
1.020442495954565265e+00,-1.823999643337279875e-01,2.231588460066224189e-01,3.431856171434877756e-01,-6.465228549419538284e-02,-6.821327818248582586e-01
1.018467295553400875e+00,-1.826280070883333773e-01,2.232657899511293620e-01,3.453247640483128600e-01,-6.383324585411850882e-02,-6.857115907551245559e-01
1.016492095152238262e+00,-1.828560498429385728e-01,2.233727338956361941e-01,3.474639109531360570e-01,-6.301420621404235645e-02,-6.892903996853875226e-01
1.014516894751073872e+00,-1.830840925975439903e-01,2.234796778401431372e-01,3.496030578579611969e-01,-6.219516657396546855e-02,-6.928692086156538199e-01
1.012541694349909482e+00,-1.833121353521493802e-01,2.235866217846500525e-01,3.517422047627862813e-01,-6.137612693388858065e-02,-6.964480175459200062e-01
1.010566493948746869e+00,-1.835401781067545757e-01,2.236935657291568846e-01,3.538813516676094784e-01,-6.055708729381242827e-02,-7.000268264761830839e-01
1.008591293547582479e+00,-1.837682208613599932e-01,2.238005096736638277e-01,3.560204985724345628e-01,-5.973804765373554038e-02,-7.036056354064492702e-01
1.006616093146418089e+00,-1.839962636159653830e-01,2.239074536181707709e-01,3.581596454772597027e-01,-5.891900801365865942e-02,-7.071844443367154565e-01
1.004640892745255254e+00,-1.842243063705705786e-01,2.240143975626776029e-01,3.602987923820828997e-01,-5.809996837358250010e-02,-7.107632532669785341e-01
1.002665692344090864e+00,-1.844523491251759684e-01,2.241213415071845183e-01,3.624379392869080396e-01,-5.728092873350561914e-02,-7.143420621972447204e-01
1.000690491942928251e+00,-1.846803918797811639e-01,2.242282854516913781e-01,3.645770861917312367e-01,-5.646188909342945983e-02,-7.179208711275077981e-01
9.987152915417638610e-01,-1.849084346343865815e-01,2.243352293961982935e-01,3.667162330965563211e-01,-5.564284945335258581e-02,-7.214996800577739844e-01
9.967400911405994712e-01,-1.851364773889919713e-01,2.244421733407052366e-01,3.688553800013814055e-01,-5.482380981327569791e-02,-7.250784889880402817e-01
9.947648907394368578e-01,-1.853645201435971668e-01,2.245491172852120687e-01,3.709945269062046025e-01,-5.400477017319953860e-02,-7.286572979183032484e-01
9.927896903382724680e-01,-1.855925628982025843e-01,2.246560612297190118e-01,3.731336738110297424e-01,-5.318573053312265764e-02,-7.322361068485695457e-01
9.908144899371079672e-01,-1.858206056528079742e-01,2.247630051742259272e-01,3.752728207158548268e-01,-5.236669089304577668e-02,-7.358149157788357320e-01
9.888392895359453538e-01,-1.860486484074131697e-01,2.248699491187327593e-01,3.774119676206780793e-01,-5.154765125296961736e-02,-7.393937247090988096e-01
9.868640891347809641e-01,-1.862766911620185595e-01,2.249768930632397024e-01,3.795511145255031638e-01,-5.072861161289273640e-02,-7.429725336393649959e-01
9.848888887336182396e-01,-1.865047339166237550e-01,2.250838370077465345e-01,3.816902614303263608e-01,-4.990957197281657709e-02,-7.465513425696280736e-01
9.829136883324538498e-01,-1.867327766712291726e-01,2.251907809522534776e-01,3.838294083351514452e-01,-4.909053233273969613e-02,-7.501301514998942599e-01
9.809384879312894601e-01,-1.869608194258345624e-01,2.252977248967603929e-01,3.859685552399765851e-01,-4.827149269266281517e-02,-7.537089604301605572e-01
9.789632875301268466e-01,-1.871888621804397579e-01,2.254046688412672250e-01,3.881077021447997821e-01,-4.745245305258665586e-02,-7.572877693604235239e-01
9.769880871289624569e-01,-1.874169049350451755e-01,2.255116127857741681e-01,3.902468490496248665e-01,-4.663341341250977490e-02,-7.608665782906898212e-01
9.750128867277979561e-01,-1.876449476896505653e-01,2.256185567302811112e-01,3.923859959544500065e-01,-4.581437377243288700e-02,-7.644453872209560075e-01
9.730376863266353427e-01,-1.878729904442557608e-01,2.257255006747879433e-01,3.945251428592732035e-01,-4.499533413235673462e-02,-7.680241961512190851e-01
9.710624859254709529e-01,-1.881010331988611506e-01,2.258324446192948587e-01,3.966642897640982879e-01,-4.417629449227985367e-02,-7.716030050814852714e-01
9.690872855243082284e-01,-1.883290759534663461e-01,2.259393885638017185e-01,3.988034366689214849e-01,-4.335725485220369435e-02,-7.751818140117483491e-01
9.671120851231438387e-01,-1.885571187080717637e-01,2.260463325083086339e-01,4.009425835737466248e-01,-4.253821521212681339e-02,-7.787606229420145354e-01
9.651368847219794489e-01,-1.887851614626771535e-01,2.261532764528155770e-01,4.030817304785717092e-01,-4.171917557204992549e-02,-7.823394318722807217e-01
9.631616843208168355e-01,-1.890132042172823490e-01,2.262602203973224091e-01,4.052208773833949618e-01,-4.090013593197377312e-02,-7.859182408025437994e-01
9.611864839196524457e-01,-1.892412469718877666e-01,2.263671643418293522e-01,4.073600242882200462e-01,-4.008109629189688522e-02,-7.894970497328099857e-01
9.592112835184879449e-01,-1.894692897264931564e-01,2.264741082863362676e-01,4.094991711930451306e-01,-3.926205665182000426e-02,-7.930758586630762830e-01
